label,centroid_y,centroid_x,area_um2,diameter_um,wfa_sum_intensity,wfa_mean_intensity,wfa_pericellular_intensity,wfa_intensity_norm,wfa_pericellular_norm,pv_intensity_norm,is_pnn_plus,is_pv_plus,pv_label,cell_type,pv_area_um2,pv_diameter_um,pnn_area_um2,pnn_diameter_um,score,is_in_roi,roi_region
1,494,384,296.31705237,19.42376350908454,33626.0,90.15013404825737,73.29838709677419,4.636100207378372,3.76947490103509,2.722212326079319,True,True,28,PV+/PNN+,103.2740397,11.467021901548332,296.31705237,19.42376350908454,2.5346593856811523,False,NONE
2,517,86,296.31705237,19.42376350908454,52580.0,140.96514745308312,116.37903225806451,7.249335303156927,5.98495899404086,2.256618671252844,True,False,-1,PV-/PNN+,0.0,0.0,296.31705237,19.42376350908454,2.7166378498077393,False,NONE
3,566,540,296.31705237,19.42376350908454,26061.0,69.8686327077748,48.314516129032256,3.593094852331165,2.4846434296513613,2.1745559147878004,True,True,58,PV+/PNN+,130.28417316,12.879555944225542,296.31705237,19.42376350908454,2.505260705947876,False,NONE
4,429,33,296.31705237,19.42376350908454,34011.0,91.1823056300268,65.29032258064517,4.689181114409855,3.3576486740873683,1.5514789022542577,True,False,-1,PV-/PNN+,0.0,0.0,296.31705237,19.42376350908454,1.789704442024231,False,NONE
5,509,536,296.31705237,19.42376350908454,14403.0,38.61394101876676,29.120967741935484,1.9857774129206776,1.4975876188401045,2.3618218394626,True,True,33,PV+/PNN+,121.54560057,12.44012319610657,296.31705237,19.42376350908454,1.535103678703308,False,NONE
6,524,17,296.31705237,19.42376350908454,22820.0,61.179624664879356,59.233870967741936,3.146250125866129,3.0461869455498665,1.4614884121359333,True,False,-1,PV-/PNN+,0.0,0.0,296.31705237,19.42376350908454,1.2400861978530884,False,NONE
7,536,243,296.31705237,19.42376350908454,11120.0,29.812332439678283,26.774193548387096,1.5331420420522066,1.376901383148476,2.2909007627264915,True,False,-1,PV-/PNN+,0.0,0.0,296.31705237,19.42376350908454,0.32547569274902344,False,NONE
8,541,667,296.31705237,19.42376350908454,27392.0,73.43699731903486,53.564516129032256,3.7766031309257238,2.754632224961499,2.6647898228609592,True,True,52,PV+/PNN+,106.45170246,11.642101063659146,296.31705237,19.42376350908454,1.6861929893493652,False,NONE
9,512,819,296.31705237,19.42376350908454,37716.0,101.11528150134048,76.50806451612904,5.199998674284265,3.934537175279998,2.216551476843019,True,True,35,PV+/PNN+,87.3857259,10.54812598812072,296.31705237,19.42376350908454,2.244004964828491,False,NONE
10,454,774,296.31705237,19.42376350908454,21186.0,56.79892761394102,45.91129032258065,2.920966484075364,2.3610540886338174,2.1192760422865438,True,True,15,PV+/PNN+,107.24611815,11.68546099424064,296.31705237,19.42376350908454,0.7064871788024902,False,NONE
11,450,834,296.31705237,19.42376350908454,15799.0,42.35656836461126,42.57258064516129,2.1782474030919796,2.1893561450725314,2.5994395859893187,True,True,14,PV+/PNN+,142.20040851,13.455674765407588,296.31705237,19.42376350908454,2.0513243675231934,False,NONE
12,394,752,296.31705237,19.42376350908454,11229.0,30.10455764075067,25.572580645161292,1.5481701430039774,1.315106712639704,2.777492198580575,True,True,7,PV+/PNN+,154.91105955,14.044176264056347,296.31705237,19.42376350908454,0.6479344964027405,False,NONE
13,557,890,296.31705237,19.42376350908454,41818.0,112.11260053619303,84.90322580645162,5.76555161101971,4.366270410176854,2.1130624132069453,True,True,57,PV+/PNN+,62.75883951,8.93907356753593,296.31705237,19.42376350908454,0.9903239011764526,False,NONE
14,432,893,296.31705237,19.42376350908454,14571.0,39.06434316353887,33.483870967741936,2.0089399905344156,1.7219561876001424,2.9294047164231753,True,True,11,PV+/PNN+,132.66742023,12.996822909266468,296.31705237,19.42376350908454,1.7642782926559448,False,NONE
15,520,1149,296.31705237,19.42376350908454,39086.0,104.78820375335121,76.80645161290323,5.38888397982487,3.949882160574122,3.6362585899954443,True,True,40,PV+/PNN+,142.20040851,13.455674765407588,296.31705237,19.42376350908454,2.4054291248321533,False,NONE
16,513,1043,296.31705237,19.42376350908454,23812.0,63.839142091152816,62.62903225806452,3.2830196317758222,3.220787994437068,2.557658287005811,True,True,34,PV+/PNN+,127.90092609,12.761211420003875,296.31705237,19.42376350908454,1.3083213567733765,False,NONE
17,479,1085,296.31705237,19.42376350908454,23319.0,62.51742627345845,58.07258064516129,3.215048496278364,2.9864659217024623,2.3601077348889175,True,True,24,PV+/PNN+,164.44404783,14.469853647963289,296.31705237,19.42376350908454,1.6783080101013184,False,NONE
18,432,967,296.31705237,19.42376350908454,29843.0,80.00804289544236,57.975806451612904,4.114528593611871,2.981489169715179,1.298648477636108,True,False,-1,PV-/PNN+,0.0,0.0,296.31705237,19.42376350908454,1.7223459482192993,False,NONE
19,529,937,296.31705237,19.42376350908454,38349.0,102.81233243967829,96.13709677419355,5.2872719577931715,4.943988370034031,2.5855124863281493,True,True,45,PV+/PNN+,138.22833006,13.266415342325756,296.31705237,19.42376350908454,2.1660640239715576,False,NONE
20,525,1075,296.31705237,19.42376350908454,46062.0,123.49061662198392,87.29032258064517,6.350682440738196,4.489030292529851,1.5585495836206977,True,False,-1,PV-/PNN+,0.0,0.0,296.31705237,19.42376350908454,1.7753775119781494,False,NONE
21,527,779,296.31705237,19.42376350908454,17419.0,46.69973190348526,37.895161290322584,2.4016008300815996,1.948813132353822,2.0714953772951477,True,True,42,PV+/PNN+,95.32988280000001,11.017158280424605,296.31705237,19.42376350908454,0.23832494020462036,False,NONE
22,462,975,296.31705237,19.42376350908454,25756.0,69.05093833780161,50.33870967741935,3.5510437441633664,2.588740492052044,1.7496722435862824,True,False,-1,PV-/PNN+,0.0,0.0,296.31705237,19.42376350908454,1.2558567523956299,False,NONE
23,514,1545,296.31705237,19.42376350908454,22348.0,59.9142091152815,54.12096774193548,3.0811743125703877,2.78324854888838,2.8464849076712904,True,True,36,PV+/PNN+,170.00495766,14.712478883374446,296.31705237,19.42376350908454,2.960789918899536,False,NONE
24,470,1264,296.31705237,19.42376350908454,13869.0,37.18230563002681,31.032258064516128,1.9121535055055803,1.5958784705889564,3.905158744991866,True,True,20,PV+/PNN+,192.24859698,15.645399198959066,296.31705237,19.42376350908454,1.975640058517456,False,NONE
25,482,1533,296.31705237,19.42376350908454,17091.0,45.820375335120644,40.16129032258065,2.3563786547404915,2.065352074722714,2.021786344658359,True,True,25,PV+/PNN+,174.7714518,14.917302830020427,296.31705237,19.42376350908454,0.8562747240066528,False,NONE
26,533,1240,296.31705237,19.42376350908454,32699.0,87.66487935656836,68.4274193548387,4.508292413045423,3.5189783843418128,2.2748310323482195,True,True,48,PV+/PNN+,126.31209471,12.681701540530954,296.31705237,19.42376350908454,2.249220132827759,False,NONE
27,486,1471,296.31705237,19.42376350908454,17673.0,47.38069705093834,32.79838709677419,2.4366204414737993,1.686704194356883,1.354356876280785,True,False,-1,PV-/PNN+,0.0,0.0,296.31705237,19.42376350908454,0.14915601909160614,False,NONE
28,556,1299,296.31705237,19.42376350908454,42067.0,112.78016085790885,111.91935483870968,5.799881859982929,5.7556136732935395,2.8306294403647287,True,True,54,PV+/PNN+,207.34249509,16.24797415226416,296.31705237,19.42376350908454,1.9566510915756226,False,NONE
29,511,1313,296.31705237,19.42376350908454,13710.0,36.75603217158177,31.20967741935484,1.8902317802640067,1.6050025158989765,3.7909565277702777,True,True,32,PV+/PNN+,240.70795407,17.506538374396555,296.31705237,19.42376350908454,0.5554299354553223,False,NONE
30,872,556,296.31705237,19.42376350908454,38737.0,103.85254691689008,109.46774193548387,5.340766482282044,5.6295359562823535,3.4447074038864387,True,False,-1,PV-/PNN+,0.0,0.0,296.31705237,19.42376350908454,2.947626829147339,False,NONE
31,889,499,296.31705237,19.42376350908454,47420.0,127.1313672922252,129.4758064516129,6.537913276449248,6.658479429653247,4.162274431044223,True,False,-1,PV-/PNN+,0.0,0.0,296.31705237,19.42376350908454,2.7594523429870605,False,NONE
32,910,336,296.31705237,19.42376350908454,63116.0,169.2117962466488,129.2016129032258,8.701959813504233,6.644378632355943,1.3672126605834025,True,False,-1,PV-/PNN+,0.0,0.0,296.31705237,19.42376350908454,2.387000322341919,False,NONE
33,1128,152,296.31705237,19.42376350908454,31992.0,85.76943699731903,55.11290322580645,4.4108165655876075,2.8342602567580375,1.1424506983593015,True,False,-1,PV-/PNN+,0.0,0.0,296.31705237,19.42376350908454,1.6573914289474487,False,NONE
34,819,45,296.31705237,19.42376350908454,58843.0,157.75603217158178,119.61290322580645,8.112830681697663,6.151265456282589,1.8139511650993714,True,False,-1,PV-/PNN+,0.0,0.0,296.31705237,19.42376350908454,2.389054536819458,False,NONE
35,731,507,296.31705237,19.42376350908454,38650.0,103.61930294906166,83.91935483870968,5.328771576017786,4.31567343163947,2.6545051954188645,True,False,-1,PV-/PNN+,0.0,0.0,296.31705237,19.42376350908454,1.4201492071151733,False,NONE
36,901,83,296.31705237,19.42376350908454,55302.0,148.2627345844504,93.21774193548387,7.624624209493807,4.793856351750974,1.6515397567429662,True,False,-1,PV-/PNN+,0.0,0.0,296.31705237,19.42376350908454,2.2325899600982666,False,NONE
37,651,428,296.31705237,19.42376350908454,35648.0,95.57104557640751,59.95967741935484,4.914878373658009,3.0835125854544936,2.6853590777451477,True,True,94,PV+/PNN+,92.94663573,10.878572156378345,296.31705237,19.42376350908454,2.0482921600341797,False,NONE
38,683,317,296.31705237,19.42376350908454,39037.0,104.656836461126,81.62096774193549,5.382128228020862,4.197475571941483,3.6302592239875557,True,True,105,PV+/PNN+,171.59378904,14.781068900342463,296.31705237,19.42376350908454,2.581458806991577,False,NONE
39,756,232,296.31705237,19.42376350908454,33267.0,89.18766756032171,66.75806451612904,4.586603984977586,3.43312941256117,2.007430718853769,True,False,-1,PV-/PNN+,0.0,0.0,296.31705237,19.42376350908454,2.249221086502075,False,NONE
40,859,475,296.31705237,19.42376350908454,46515.0,124.70509383378015,111.83870967741936,6.413138676803811,5.751466379970803,3.0898877571341874,True,False,-1,PV-/PNN+,0.0,0.0,296.31705237,19.42376350908454,2.177515745162964,False,NONE
41,713,25,296.31705237,19.42376350908454,46935.0,125.83109919571045,103.08064516129032,6.471045120838157,5.301070325121632,1.8411625752065788,True,False,-1,PV-/PNN+,0.0,0.0,296.31705237,19.42376350908454,1.576149821281433,False,NONE
42,988,143,296.31705237,19.42376350908454,23855.0,63.9544235924933,52.67741935483871,3.288948148665053,2.709011998411399,1.215728668884223,True,False,-1,PV-/PNN+,0.0,0.0,296.31705237,19.42376350908454,1.4866838455200195,False,NONE
43,1080,22,296.31705237,19.42376350908454,24357.0,65.30026809651474,64.41935483870968,3.358160136534676,3.312857906201815,1.371069395874188,True,False,-1,PV-/PNN+,0.0,0.0,296.31705237,19.42376350908454,1.211405634880066,False,NONE
44,1010,75,296.31705237,19.42376350908454,20685.0,55.45576407506702,48.75806451612903,2.851892368691537,2.5074535429264113,1.2714370675289002,True,False,-1,PV-/PNN+,0.0,0.0,296.31705237,19.42376350908454,2.00518798828125,False,NONE
45,716,477,296.31705237,19.42376350908454,30455.0,81.64879356568365,74.44354838709677,4.19890655491906,3.828366466217946,2.950831023594205,True,True,116,PV+/PNN+,161.26638507,14.329366305165497,296.31705237,19.42376350908454,1.7597321271896362,False,NONE
46,1111,102,296.31705237,19.42376350908454,20731.0,55.579088471849865,47.064516129032256,2.858234503038156,2.4203603831489473,1.1945166247849037,True,False,-1,PV-/PNN+,0.0,0.0,296.31705237,19.42376350908454,1.733878254890442,False,NONE
47,1027,166,296.31705237,19.42376350908454,18468.0,49.51206434316354,40.20967741935484,2.546229067681668,2.0678404507163557,1.2680088583815354,True,False,-1,PV-/PNN+,0.0,0.0,296.31705237,19.42376350908454,0.3732735514640808,False,NONE
48,708,279,296.31705237,19.42376350908454,29963.0,80.32975871313673,70.00806451612904,4.131073291907398,3.600265333467446,2.3999606662270323,True,False,-1,PV-/PNN+,0.0,0.0,296.31705237,19.42376350908454,0.2275138646364212,False,NONE
49,662,384,296.31705237,19.42376350908454,18978.0,50.879356568364614,40.185483870967744,2.6165440354376597,2.066596262719535,2.9521166020244665,True,True,99,PV+/PNN+,176.36028318,14.984955344126575,296.31705237,19.42376350908454,1.3246887922286987,False,NONE
50,872,18,296.31705237,19.42376350908454,22790.0,61.09919571045577,60.25,3.1421139512922474,3.0984428414163445,1.698891895590942,True,False,-1,PV-/PNN+,0.0,0.0,296.31705237,19.42376350908454,0.7983564138412476,False,NONE
51,827,343,296.31705237,19.42376350908454,24828.0,66.56300268096514,45.28225806451613,3.4230980773446205,2.3287052007164735,1.7875968072790047,True,False,-1,PV-/PNN+,0.0,0.0,296.31705237,19.42376350908454,1.6965278387069702,False,NONE
52,792,386,296.31705237,19.42376350908454,21291.0,57.080428954423596,54.87903225806452,2.9354430950839507,2.8222331061221024,3.2606554252872937,True,True,151,PV+/PNN+,189.86534991,15.548121162390997,296.31705237,19.42376350908454,1.0571272373199463,False,NONE
53,870,416,296.31705237,19.42376350908454,25699.0,68.89812332439678,59.225806451612904,3.5431850124729904,3.0457722162175926,2.7888481413812207,True,False,-1,PV-/PNN+,0.0,0.0,296.31705237,19.42376350908454,1.8104389905929565,False,NONE
54,674,265,296.31705237,19.42376350908454,45409.0,121.73994638069705,106.5241935483871,6.260651707513367,5.478159750002476,2.336324533929074,True,False,-1,PV-/PNN+,0.0,0.0,296.31705237,19.42376350908454,1.5382851362228394,False,NONE
55,690,124,296.31705237,19.42376350908454,22480.0,60.26809651474531,51.314516129032256,3.0993734806954683,2.6389227412571543,1.8246643186848859,True,False,-1,PV-/PNN+,0.0,0.0,296.31705237,19.42376350908454,0.7844366431236267,False,NONE
56,824,211,296.31705237,19.42376350908454,22384.0,60.01072386058981,57.95967741935484,3.0861377220590462,2.9806597110506314,1.6682522763363694,True,False,-1,PV-/PNN+,0.0,0.0,296.31705237,19.42376350908454,0.8379027843475342,False,NONE
57,806,414,296.31705237,19.42376350908454,21981.0,58.93029490616622,43.86290322580645,3.030575110283233,2.255712838236313,1.8465191519993363,True,False,-1,PV-/PNN+,0.0,0.0,296.31705237,19.42376350908454,0.2343371957540512,False,NONE
58,826,78,296.31705237,19.42376350908454,30897.0,82.83378016085791,63.67741935483871,4.25984619364092,3.2747028076326408,1.7998098023664917,True,False,-1,PV-/PNN+,0.0,0.0,296.31705237,19.42376350908454,0.09372514486312866,False,NONE
59,968,925,296.31705237,19.42376350908454,33747.0,90.4745308310992,105.95161290322581,4.652782778159696,5.448713967411048,2.6982148620477653,True,True,249,PV+/PNN+,266.12925615,18.407778055515923,296.31705237,19.42376350908454,3.1616294384002686,False,NONE
60,813,767,296.31705237,19.42376350908454,28881.0,77.42895442359249,73.21774193548387,3.981895262276059,3.7653276077123534,4.18927157807972,True,True,161,PV+/PNN+,62.75883951,8.93907356753593,296.31705237,19.42376350908454,2.6681904792785645,False,NONE
61,926,1026,296.31705237,19.42376350908454,35036.0,93.93029490616622,124.30645161290323,4.83050041235082,6.392637927665846,4.353182827938096,True,True,230,PV+/PNN+,278.0454915,18.81537974671584,296.31705237,19.42376350908454,3.0616722106933594,False,NONE
62,721,1052,296.31705237,19.42376350908454,39153.0,104.96782841823057,112.1774193548387,5.398121436373206,5.7688850119262955,3.798884261423559,True,True,120,PV+/PNN+,229.58613441,17.097313977747916,296.31705237,19.42376350908454,2.2834737300872803,False,NONE
63,864,711,296.31705237,19.42376350908454,24803.0,66.49597855227881,66.18548387096774,3.419651265199719,3.4036836299697417,3.0331080431309587,True,False,-1,PV-/PNN+,0.0,0.0,296.31705237,19.42376350908454,2.5087671279907227,False,NONE
64,1081,661,296.31705237,19.42376350908454,24348.0,65.27613941018767,54.943548387096776,3.3569192841625113,2.8255509407802912,2.2381920470857586,True,True,303,PV+/PNN+,139.02274575,13.304482609502795,296.31705237,19.42376350908454,1.612601637840271,False,NONE
65,990,705,296.31705237,19.42376350908454,20377.0,54.630026809651476,41.596774193548384,2.8094276430663503,2.139173895867421,2.2684031401969103,True,True,262,PV+/PNN+,123.13443195,12.521167201073585,296.31705237,19.42376350908454,1.442299246788025,False,NONE
66,887,978,296.31705237,19.42376350908454,29053.0,77.89008042895442,82.0725806451613,4.005609329832982,4.220700414548808,3.90772990185239,True,True,205,PV+/PNN+,264.54042477,18.352747205751005,296.31705237,19.42376350908454,1.447846531867981,False,NONE
67,749,955,296.31705237,19.42376350908454,22169.0,59.4343163538874,58.104838709677416,3.0564951376128926,2.9881248390315567,3.2212310200925995,True,True,135,PV+/PNN+,131.07858885,12.918763206743188,296.31705237,19.42376350908454,2.4539778232574463,False,NONE
68,1070,739,296.31705237,19.42376350908454,23332.0,62.552278820375335,59.54032258064516,3.2168408385937126,3.0619466601762646,2.7869197737358284,True,True,291,PV+/PNN+,229.58613441,17.097313977747916,296.31705237,19.42376350908454,1.8754533529281616,False,NONE
69,1041,900,296.31705237,19.42376350908454,21944.0,58.83109919571046,43.153225806451616,3.025473828308779,2.2192166569962337,2.2394776255160203,True,True,282,PV+/PNN+,123.92884764,12.56149312576761,296.31705237,19.42376350908454,1.4318187236785889,False,NONE
70,1142,690,296.31705237,19.42376350908454,17996.0,48.24664879356568,32.24193548387097,2.481153254385927,1.6580878704300022,2.641435148044537,True,True,331,PV+/PNN+,177.15469887,15.0186673222671,296.31705237,19.42376350908454,2.117851734161377,False,NONE
71,678,770,296.31705237,19.42376350908454,19100.0,51.206434316353885,36.943548387096776,2.633364478704779,1.8998750711455328,2.3331105878534197,True,False,-1,PV-/PNN+,0.0,0.0,296.31705237,19.42376350908454,1.5095385313034058,False,NONE
72,857,1095,296.31705237,19.42376350908454,30970.0,83.02949061662198,70.21774193548387,4.269910885104032,3.6110482961065604,2.7234979045095806,True,False,-1,PV-/PNN+,0.0,0.0,296.31705237,19.42376350908454,1.9197454452514648,False,NONE
73,1081,773,296.31705237,19.42376350908454,18803.0,50.41018766756032,45.395161290322584,2.592416350423349,2.3345114113683048,2.916763195192268,True,True,298,PV+/PNN+,187.48210284,15.45023065413564,296.31705237,19.42376350908454,1.4657648801803589,False,NONE
74,888,1147,296.31705237,19.42376350908454,17624.0,47.24932975871314,45.87096774193548,2.429864689669792,2.358980441972449,3.4483498761055142,True,True,207,PV+/PNN+,197.80950681,15.870062583211556,296.31705237,19.42376350908454,0.5626012086868286,False,NONE
75,942,1096,296.31705237,19.42376350908454,15316.0,41.061662198391424,39.33870967741935,2.1116549924524817,2.023049682830803,2.3530370535224776,True,False,-1,PV-/PNN+,0.0,0.0,296.31705237,19.42376350908454,1.8225263357162476,False,NONE
76,725,871,296.31705237,19.42376350908454,15249.0,40.88203753351206,38.37903225806452,2.1024175359041455,1.9736968922902403,3.6814680981263166,True,True,122,PV+/PNN+,137.43391437,13.228238528376714,296.31705237,19.42376350908454,0.8275781869888306,False,NONE
77,1109,1145,296.31705237,19.42376350908454,17345.0,46.501340482573724,35.193548387096776,2.3913982661326907,1.8098788060421533,2.191696960524624,True,True,315,PV+/PNN+,186.68768715,15.417462365594622,296.31705237,19.42376350908454,0.7520895004272461,False,NONE
78,834,924,296.31705237,19.42376350908454,20033.0,53.707774798927616,50.45967741935484,2.761999507952505,2.5949614320361487,2.8775530530692834,True,False,-1,PV-/PNN+,0.0,0.0,296.31705237,19.42376350908454,1.2581120729446411,False,NONE
79,697,1096,296.31705237,19.42376350908454,27098.0,72.64879356568365,70.04838709677419,3.736068620101681,3.6023389801288137,2.1983391157476433,True,True,111,PV+/PNN+,173.97703611,14.883361255142246,296.31705237,19.42376350908454,1.2804758548736572,False,NONE
80,1104,949,296.31705237,19.42376350908454,12914.0,34.62198391420912,29.60483870967742,1.7804852815703416,1.5224713787765227,2.421172710326352,True,True,313,PV+/PNN+,185.89327146,15.384624282804582,296.31705237,19.42376350908454,0.2934911251068115,False,NONE
81,684,1679,296.31705237,19.42376350908454,59002.0,158.1823056300268,140.29032258064515,8.134752406939235,7.214631464232195,2.3316107463514477,True,True,104,PV+/PNN+,127.90092609,12.761211420003875,296.31705237,19.42376350908454,2.8950083255767822,False,NONE
82,1027,1449,296.31705237,19.42376350908454,23117.0,61.975871313672926,63.395161290322584,3.1871982541475594,3.260187281003063,3.866377129012302,True,True,276,PV+/PNN+,204.16483233,16.12298787963261,296.31705237,19.42376350908454,3.036263942718506,False,NONE
83,1060,1308,296.31705237,19.42376350908454,26780.0,71.79624664879357,63.685483870967744,3.6922251696185335,3.275117536964914,3.8087403627222325,True,True,285,PV+/PNN+,236.73587562,17.361494132040853,296.31705237,19.42376350908454,2.7447023391723633,False,NONE
84,1001,1312,296.31705237,19.42376350908454,45219.0,121.23056300268097,122.88709677419355,6.234455935212116,6.319645565185686,2.6084386350011513,True,True,268,PV+/PNN+,216.87548337,16.617293453214252,296.31705237,19.42376350908454,2.974125385284424,False,NONE
85,667,1482,296.31705237,19.42376350908454,40117.0,107.55227882037534,90.12903225806451,5.531030512680609,4.63501501749017,2.472595847536823,True,True,100,PV+/PNN+,188.27651853,15.482929591568213,296.31705237,19.42376350908454,2.7908213138580322,False,NONE
86,968,1437,296.31705237,19.42376350908454,24407.0,65.4343163538874,70.88709677419355,3.365053760824479,3.6454708306852726,4.0649989964877475,True,True,248,PV+/PNN+,242.29678545000002,17.564220699967063,296.31705237,19.42376350908454,2.336703062057495,False,NONE
87,693,1299,296.31705237,19.42376350908454,44956.0,120.5254691689008,109.65322580645162,6.198195471447751,5.639074730924647,2.47752389818616,True,True,108,PV+/PNN+,112.80702798,11.984588810142046,296.31705237,19.42376350908454,1.7764564752578735,False,NONE
88,992,1362,296.31705237,19.42376350908454,28300.0,75.87131367292226,76.87903225806451,3.9017913480285475,3.9536147245645847,2.5220906171019015,True,True,261,PV+/PNN+,215.28665199,16.556312354123577,296.31705237,19.42376350908454,2.676649332046509,False,NONE
89,901,1245,296.31705237,19.42376350908454,73125.0,196.0455764075067,167.91129032258064,10.081925523837015,8.635079427269403,2.7157844339280097,True,True,214,PV+/PNN+,135.05066730000001,13.113041224263421,296.31705237,19.42376350908454,1.5493955612182617,False,NONE
90,976,1656,296.31705237,19.42376350908454,54490.0,146.0857908847185,103.29032258064517,7.512671751027405,5.311853287760747,1.9210827009545195,True,True,251,PV+/PNN+,85.79689452,10.45179405261774,296.31705237,19.42376350908454,2.3846118450164795,False,NONE
91,943,1321,296.31705237,19.42376350908454,54760.0,146.80965147453082,127.6774193548387,7.549897322192341,6.565994788556226,2.158271921337818,True,False,-1,PV-/PNN+,0.0,0.0,296.31705237,19.42376350908454,2.394336223602295,False,NONE
92,986,1529,296.31705237,19.42376350908454,25759.0,69.05898123324397,64.95161290322581,3.5514573616207543,3.3402300421318754,3.202161606710383,True,True,259,PV+/PNN+,146.96690265,13.679330108642857,296.31705237,19.42376350908454,1.937679648399353,False,NONE
93,762,1698,296.31705237,19.42376350908454,52587.0,140.98391420911528,88.79838709677419,7.250300410557499,4.566584677665021,2.0948500521115703,True,True,138,PV+/PNN+,131.87300454,12.957851838301272,296.31705237,19.42376350908454,1.6105221509933472,False,NONE
94,785,1268,296.31705237,19.42376350908454,23162.0,62.09651474530831,81.37903225806451,3.193402516008382,4.185033691973274,6.106497543743454,True,True,147,PV+/PNN+,268.51250322,18.490017235133443,296.31705237,19.42376350908454,3.491137742996216,False,NONE
95,973,1266,296.31705237,19.42376350908454,34938.0,93.66756032171581,83.20967741935483,4.816988908742805,4.27917725039939,2.4310288116250254,True,True,250,PV+/PNN+,128.69534178,12.800781162784691,296.31705237,19.42376350908454,2.583516836166382,False,NONE
96,1089,1459,296.31705237,19.42376350908454,16663.0,44.67292225201072,50.145161290322584,2.297369230819777,2.578786988077477,3.48863133358705,True,True,304,PV+/PNN+,213.69782061,16.495105814282397,296.31705237,19.42376350908454,2.751523733139038,False,NONE
97,811,1348,296.31705237,19.42376350908454,50088.0,134.28418230563003,106.99193548387096,6.90575706855314,5.502214051274346,2.6545051954188645,True,True,159,PV+/PNN+,170.79937335,14.746813769937054,296.31705237,19.42376350908454,3.180155038833618,False,NONE
98,891,1725,296.31705237,19.42376350908454,35451.0,95.04289544235925,74.04838709677419,4.887717493956185,3.808044728936538,3.2375150135425823,True,True,208,PV+/PNN+,156.49989093,14.116013951495507,296.31705237,19.42376350908454,1.2318814992904663,False,NONE
99,703,1461,296.31705237,19.42376350908454,27739.0,74.36729222520107,49.54838709677419,3.8244448834969567,2.5480970174892277,2.9403321330804006,True,True,115,PV+/PNN+,142.9948242,13.493208101259413,296.31705237,19.42376350908454,1.2797807455062866,False,NONE
100,798,1620,296.31705237,19.42376350908454,58345.0,156.42091152815013,149.33870967741936,8.044170183771222,7.679957775043216,3.6701121553256706,True,True,154,PV+/PNN+,200.19275388,15.965379131403353,296.31705237,19.42376350908454,2.1148407459259033,False,NONE
101,693,1426,296.31705237,19.42376350908454,44829.0,120.18498659517427,73.06451612903226,6.1806856657516525,3.7574477503991544,3.083888391126299,True,True,110,PV+/PNN+,128.69534178,12.800781162784691,296.31705237,19.42376350908454,1.6917630434036255,False,NONE
102,857,1634,296.31705237,19.42376350908454,54720.0,146.7024128686327,119.26612903225806,7.544382422760498,6.133432094994823,3.5499105720961945,True,True,185,PV+/PNN+,189.86534991,15.548121162390997,296.31705237,19.42376350908454,2.2555644512176514,False,NONE
103,1082,1649,296.31705237,19.42376350908454,22543.0,60.43699731903485,52.435483870967744,3.10805944730062,2.6965701184431903,3.363930225851657,True,True,302,PV+/PNN+,154.11664386,14.008119269352957,296.31705237,19.42376350908454,1.4590893983840942,False,NONE
104,784,1575,296.31705237,19.42376350908454,52686.0,141.24932975871315,86.89516129032258,7.26394978665131,4.468708555248442,3.1811638256827743,True,True,148,PV+/PNN+,158.08872231,14.187487896796528,296.31705237,19.42376350908454,1.4619289636611938,False,NONE
105,857,1434,296.31705237,19.42376350908454,21408.0,57.394101876675606,47.37903225806452,2.95157417592209,2.4365348271076197,2.86769695177061,True,True,186,PV+/PNN+,190.65976560000001,15.580614658987523,296.31705237,19.42376350908454,2.1147310733795166,False,NONE
106,657,1244,296.31705237,19.42376350908454,49403.0,132.44772117962466,92.8225806451613,6.811314415782839,4.7735346144695665,2.5128773050183586,True,True,96,PV+/PNN+,157.29430662000001,14.151796046802042,296.31705237,19.42376350908454,1.6084139347076416,False,NONE
107,979,1724,296.31705237,19.42376350908454,19906.0,53.36729222520107,46.54032258064516,2.7444897022564048,2.393402976551161,1.8473762042861774,True,True,252,PV+/PNN+,115.98469074,12.152213577535832,296.31705237,19.42376350908454,0.7816382050514221,False,NONE
108,1033,1679,296.31705237,19.42376350908454,17781.0,47.67024128686327,43.25806451612903,2.451510669939774,2.2246081383157907,2.2360494163686555,True,True,278,PV+/PNN+,132.66742023,12.996822909266468,296.31705237,19.42376350908454,0.7389103770256042,False,NONE
109,645,1357,296.31705237,19.42376350908454,48818.0,130.8793565683646,112.43548387096774,6.7306590115921425,5.782156350559052,2.8724107393482363,True,True,91,PV+/PNN+,118.36793781,12.276430232296539,296.31705237,19.42376350908454,1.8211994171142578,False,NONE
110,727,1422,296.31705237,19.42376350908454,48380.0,129.70509383378015,102.16129032258064,6.670270862813466,5.253791181242438,2.6493628816978174,True,False,-1,PV-/PNN+,0.0,0.0,296.31705237,19.42376350908454,0.8986482620239258,False,NONE
111,732,1503,296.31705237,19.42376350908454,28066.0,75.24396782841823,68.51612903225806,3.869529186352269,3.523540406996823,2.348537529016561,True,False,-1,PV-/PNN+,0.0,0.0,296.31705237,19.42376350908454,0.42577749490737915,False,NONE
112,703,1234,296.31705237,19.42376350908454,34131.0,91.50402144772119,68.5,4.705725812705384,3.5227109483322754,2.3513229489487952,True,True,114,PV+/PNN+,152.52781248,13.935725403490322,296.31705237,19.42376350908454,0.7249089479446411,False,NONE
113,667,1653,296.31705237,19.42376350908454,35363.0,94.80697050938338,79.12903225806451,4.875584715206132,4.069324208268929,3.239871907331395,True,True,101,PV+/PNN+,224.81964027,16.91890234101781,296.31705237,19.42376350908454,1.8407200574874878,False,NONE
114,685,1605,296.31705237,19.42376350908454,35775.0,95.91152815013405,68.45967741935483,4.932388179354109,3.520637301670907,2.162985708915444,True,False,-1,PV-/PNN+,0.0,0.0,296.31705237,19.42376350908454,1.618890404701233,False,NONE
115,1076,1508,296.31705237,19.42376350908454,14956.0,40.09651474530831,39.24193548387097,2.0620208975658993,2.0180729308435192,2.6470059879090044,True,True,294,PV+/PNN+,154.91105955,14.044176264056347,296.31705237,19.42376350908454,0.301618754863739,False,NONE
116,943,1580,296.31705237,19.42376350908454,24767.0,66.39946380697052,54.83064516129032,3.4146878557110614,2.8197447301284604,2.3438237414389347,True,True,237,PV+/PNN+,142.9948242,13.493208101259413,296.31705237,19.42376350908454,0.9301978945732117,False,NONE
117,851,1545,296.31705237,19.42376350908454,24560.0,65.84450402144772,48.58870967741935,3.386148251151276,2.498744226948665,2.1803410177239786,True,True,180,PV+/PNN+,137.43391437,13.228238528376714,296.31705237,19.42376350908454,1.3374366760253906,False,NONE
118,733,1245,296.31705237,19.42376350908454,27484.0,73.68364611260054,66.91935483870968,3.7892873996189613,3.4414239992066427,2.0530687531280623,True,True,129,PV+/PNN+,85.79689452,10.45179405261774,296.31705237,19.42376350908454,0.1252916306257248,False,NONE
119,839,1664,296.31705237,19.42376350908454,41596.0,111.51742627345844,88.38709677419355,5.734943919172984,4.545433481719066,2.444527385142774,True,True,172,PV+/PNN+,162.06080076,14.364616952048472,296.31705237,19.42376350908454,0.7652473449707031,False,NONE
120,981,1589,296.31705237,19.42376350908454,25383.0,68.05093833780161,65.79838709677419,3.4996173069614356,3.383776622020607,2.787776826022669,True,True,253,PV+/PNN+,165.23846352,14.504762875171128,296.31705237,19.42376350908454,0.21241416037082672,False,NONE
121,650,1415,296.31705237,19.42376350908454,42128.0,112.94369973190348,90.84677419354838,5.8082920816164885,4.6719259280625245,3.0067536853105925,True,True,92,PV+/PNN+,165.23846352,14.504762875171128,296.31705237,19.42376350908454,1.1529226303100586,False,NONE
122,840,1583,296.31705237,19.42376350908454,47400.0,127.07774798927613,106.99193548387096,6.535155826733327,5.502214051274346,2.3161838051883064,True,True,177,PV+/PNN+,125.51767902,12.64175907426016,296.31705237,19.42376350908454,1.5540333986282349,False,NONE
123,808,1659,296.31705237,19.42376350908454,46315.0,124.16890080428955,88.69354838709677,6.3855641796446,4.561193196345463,2.3451093198691964,True,True,158,PV+/PNN+,135.05066730000001,13.113041224263421,296.31705237,19.42376350908454,0.5002869367599487,False,NONE
124,749,1624,296.31705237,19.42376350908454,32762.0,87.83378016085791,78.50806451612904,4.516978379650575,4.03739004968386,3.720678240249301,True,True,134,PV+/PNN+,195.42625974,15.774170088491289,296.31705237,19.42376350908454,0.10693468153476715,False,NONE
125,698,1512,296.31705237,19.42376350908454,31229.0,83.72386058981233,71.39516129032258,4.305619858925212,3.6715987786185114,2.801918188755549,True,True,112,PV+/PNN+,184.30444008,15.318736938146314,296.31705237,19.42376350908454,0.13188421726226807,False,NONE
126,727,1711,296.31705237,19.42376350908454,20214.0,54.193029490616624,50.33870967741935,2.786954427881592,2.588740492052044,2.300756864025165,True,True,123,PV+/PNN+,104.86287108,11.554893086200376,296.31705237,19.42376350908454,0.17442315816879272,False,NONE
127,930,1711,296.31705237,19.42376350908454,22887.0,61.35924932975871,61.056451612903224,3.155487582414465,3.139915774643708,2.0108589280011335,True,True,234,PV+/PNN+,166.8272949,14.574330482319754,296.31705237,19.42376350908454,0.24876466393470764,False,NONE
128,1009,1652,296.31705237,19.42376350908454,23969.0,64.26005361930295,62.556451612903224,3.3046656120458042,3.217055430446605,3.0718896591105227,True,True,269,PV+/PNN+,176.36028318,14.984955344126575,296.31705237,19.42376350908454,0.534069299697876,False,NONE
129,670,1715,296.31705237,19.42376350908454,16229.0,43.50938337801609,35.21774193548387,2.237532571984286,1.8111229940389744,2.229835787289057,True,True,102,PV+/PNN+,181.92119301,15.21937110940298,296.31705237,19.42376350908454,0.21140947937965393,False,NONE
130,1118,1851,296.31705237,19.42376350908454,32768.0,87.84986595174263,78.44354838709677,4.517805614565352,4.03407221502567,4.358753667802564,True,True,318,PV+/PNN+,282.01756995,18.949298730308065,296.31705237,19.42376350908454,2.4698588848114014,False,NONE
131,880,2075,296.31705237,19.42376350908454,47733.0,127.97050938337802,93.86290322580645,6.581067364503415,4.827034698332865,2.6971435466892135,True,True,204,PV+/PNN+,167.62171059,14.608990056788347,296.31705237,19.42376350908454,2.5376951694488525,False,NONE
132,658,1856,296.31705237,19.42376350908454,25359.0,67.98659517426273,63.42741935483871,3.4963083673023294,3.2618461983321576,2.391604406430331,True,True,98,PV+/PNN+,142.9948242,13.493208101259413,296.31705237,19.42376350908454,1.2207101583480835,False,NONE
133,728,2037,296.31705237,19.42376350908454,17256.0,46.2627345844504,39.306451612903224,2.3791276148968414,2.0213907655017085,2.20283864025356,True,False,-1,PV-/PNN+,0.0,0.0,296.31705237,19.42376350908454,1.2523150444030762,False,NONE
134,770,1969,296.31705237,19.42376350908454,31666.0,84.89544235924933,60.41935483870968,4.365870135218091,3.1071521573940912,2.229192998073926,True,True,142,PV+/PNN+,133.46183592,13.035677474005706,296.31705237,19.42376350908454,2.3540189266204834,False,NONE
135,1035,2267,296.31705237,19.42376350908454,43676.0,117.09383378016086,126.79032258064517,6.021718689628793,6.520374562006126,2.8389857001614303,True,False,-1,PV-/PNN+,0.0,0.0,296.31705237,19.42376350908454,2.610933542251587,False,NONE
136,904,1936,296.31705237,19.42376350908454,70037.0,187.76675603217157,138.74193548387098,9.656175287698776,7.135003432435657,2.6986433881911855,True,True,219,PV+/PNN+,205.75366371,16.185601660417575,296.31705237,19.42376350908454,2.001746654510498,False,NONE
137,1026,2027,296.31705237,19.42376350908454,31785.0,85.21447721179625,60.66129032258065,4.382276961027823,3.1195940373623,2.515234198807172,True,True,273,PV+/PNN+,222.4363932,16.828987254451757,296.31705237,19.42376350908454,2.4322996139526367,False,NONE
138,898,1864,296.31705237,19.42376350908454,60890.0,163.24396782841822,139.18548387096774,8.3950556601222,7.157813545710707,3.5625520933271018,True,True,213,PV+/PNN+,208.13691078,16.279070781961433,296.31705237,19.42376350908454,1.553747534751892,False,NONE
139,1041,1802,296.31705237,19.42376350908454,19317.0,51.788203753351205,45.87096774193548,2.6632828081225246,2.358980441972449,2.5038782560065265,True,True,283,PV+/PNN+,178.74353025,15.085865274483455,296.31705237,19.42376350908454,0.9565060138702393,False,NONE
140,1095,2154,296.31705237,19.42376350908454,36482.0,97.80697050938338,69.15322580645162,5.029864026811924,3.5563040242464403,3.0841026541980097,True,True,308,PV+/PNN+,212.90340492,16.464417218744998,296.31705237,19.42376350908454,2.7114219665527344,False,NONE
141,714,2153,296.31705237,19.42376350908454,12065.0,32.34584450402145,27.596774193548388,1.663431541129485,1.419203775040387,2.2746167692765087,True,False,-1,PV-/PNN+,0.0,0.0,296.31705237,19.42376350908454,0.7112183570861816,False,NONE
142,1132,1990,296.31705237,19.42376350908454,15166.0,40.65951742627346,40.096774193548384,2.0909741195830724,2.062034240064525,2.585298223256439,True,True,327,PV+/PNN+,148.55573403,13.753073662427433,296.31705237,19.42376350908454,1.5955827236175537,False,NONE
143,1142,2101,296.31705237,19.42376350908454,31952.0,85.66219839142092,60.145161290322584,4.405301666155765,3.0930513600967875,2.279973346069266,True,True,329,PV+/PNN+,216.08106768,16.586830928142092,296.31705237,19.42376350908454,2.534217596054077,False,NONE
144,902,1976,296.31705237,19.42376350908454,42592.0,114.18766756032171,86.0,5.872264915025862,4.422673599366068,2.4524551187960553,True,True,222,PV+/PNN+,165.23846352,14.504762875171128,296.31705237,19.42376350908454,1.5999581813812256,False,NONE
145,969,2139,296.31705237,19.42376350908454,28832.0,77.2975871313673,65.59677419354838,3.975139510472052,3.373408388713766,2.366321363968516,True,False,-1,PV-/PNN+,0.0,0.0,296.31705237,19.42376350908454,2.6222169399261475,False,NONE
146,1015,2189,296.31705237,19.42376350908454,34806.0,93.31367292225201,75.9758064516129,4.798789740617725,3.907165039349937,3.4301375150101383,True,True,270,PV+/PNN+,244.68003252,17.65039073821171,296.31705237,19.42376350908454,1.8529412746429443,False,NONE
147,1037,2125,296.31705237,19.42376350908454,44108.0,118.2520107238606,85.74193548387096,6.081279603492692,4.409402260733311,2.855269693611413,True,True,280,PV+/PNN+,194.63184405,15.742076118135982,296.31705237,19.42376350908454,2.4945175647735596,False,NONE
148,1082,2198,296.31705237,19.42376350908454,49113.0,131.67024128686327,107.71774193548387,6.77133139490198,5.539539691178974,2.341038321506701,True,False,-1,PV-/PNN+,0.0,0.0,296.31705237,19.42376350908454,1.7048813104629517,False,NONE
149,833,1973,296.31705237,19.42376350908454,20298.0,54.41823056300268,43.983870967741936,2.7985357166884612,2.2619337782204183,2.229192998073926,True,True,171,PV+/PNN+,200.98716957,15.99702510721652,296.31705237,19.42376350908454,1.2162684202194214,False,NONE
150,1005,2227,296.31705237,19.42376350908454,44923.0,120.43699731903486,99.70161290322581,6.193645679416482,5.127298734898979,3.238800591972844,True,True,264,PV+/PNN+,312.20536617,19.93770845122793,296.31705237,19.42376350908454,2.378878355026245,False,NONE
151,868,2041,296.31705237,19.42376350908454,21314.0,57.14209115281501,43.29838709677419,2.93861416225726,2.226681784977159,2.3238972757698773,True,True,192,PV+/PNN+,182.7156087,15.252564978953412,296.31705237,19.42376350908454,0.6676281094551086,False,NONE
152,901,2011,296.31705237,19.42376350908454,36816.0,98.7024128686327,92.86290322580645,5.075913437067809,4.775608261130934,2.754351786835863,True,True,215,PV+/PNN+,216.87548337,16.617293453214252,296.31705237,19.42376350908454,1.533850073814392,False,NONE
153,1096,2268,296.31705237,19.42376350908454,52870.0,141.7426273458445,133.6290322580645,7.289318324037785,6.87206503577417,2.3427524260803834,True,False,-1,PV-/PNN+,0.0,0.0,296.31705237,19.42376350908454,1.6291024684906006,False,NONE
154,680,1955,296.31705237,19.42376350908454,14132.0,37.88739946380697,27.39516129032258,1.9484139692699447,1.408835541733546,1.4494896801201564,True,False,-1,PV-/PNN+,0.0,0.0,296.31705237,19.42376350908454,0.4329414963722229,False,NONE
155,958,1905,296.31705237,19.42376350908454,26651.0,71.45040214477211,60.314516129032256,3.6744396189508413,3.1017606760745338,2.251047831388376,True,True,245,PV+/PNN+,190.65976560000001,15.580614658987523,296.31705237,19.42376350908454,0.9985272884368896,False,NONE
156,981,1956,296.31705237,19.42376350908454,23537.0,63.101876675603215,63.645161290322584,3.245104698181905,3.273043890303546,1.7280316733435421,True,False,-1,PV-/PNN+,0.0,0.0,296.31705237,19.42376350908454,0.2425733357667923,False,NONE
157,986,2207,296.31705237,19.42376350908454,24856.0,66.63806970509384,58.66935483870968,3.426958506946911,3.017155892290712,2.688787286892512,True,True,254,PV+/PNN+,206.5480794,16.216817893198968,296.31705237,19.42376350908454,0.5006240606307983,False,NONE
158,1108,2644,296.31705237,19.42376350908454,51601.0,138.34048257372655,134.83064516129033,7.114358139562582,6.933859706282943,2.393318511004013,True,False,-1,PV-/PNN+,0.0,0.0,296.31705237,19.42376350908454,3.1676836013793945,False,NONE
159,986,2370,296.31705237,19.42376350908454,51369.0,137.71849865951742,149.2016129032258,7.0823717228578955,7.672907376394564,4.369252558316369,True,True,255,PV+/PNN+,239.91353838,17.477625822254957,296.31705237,19.42376350908454,2.4889943599700928,False,NONE
160,999,2780,296.31705237,19.42376350908454,19191.0,51.45040214477212,44.306451612903224,2.645910874912221,2.2785229515113636,1.840519785991448,True,False,-1,PV-/PNN+,0.0,0.0,296.31705237,19.42376350908454,2.11775279045105,False,NONE
161,972,2507,296.31705237,19.42376350908454,33393.0,89.5254691689008,90.2258064516129,4.603975918187889,4.639991769477454,1.7938104363586034,True,False,-1,PV-/PNN+,0.0,0.0,296.31705237,19.42376350908454,2.473878860473633,False,NONE
162,1072,2416,296.31705237,19.42376350908454,53228.0,142.7024128686327,149.58870967741936,7.338676673952774,7.692814384343699,3.7011803007236637,True,False,-1,PV-/PNN+,0.0,0.0,296.31705237,19.42376350908454,3.052036762237549,False,NONE
163,1088,2720,296.31705237,19.42376350908454,35114.0,94.13941018766756,80.34677419354838,4.841254466242912,4.131948337442249,1.6136151930502438,True,False,-1,PV-/PNN+,0.0,0.0,296.31705237,19.42376350908454,1.3705815076828003,False,NONE
164,949,2456,296.31705237,19.42376350908454,18359.0,49.21983914209115,40.75,2.5312009667298976,2.0956273159786893,3.535769209363315,True,True,239,PV+/PNN+,255.00743649,18.01903305786991,296.31705237,19.42376350908454,2.0285727977752686,False,NONE
165,1075,2491,296.31705237,19.42376350908454,32684.0,87.62466487935657,89.59677419354838,4.506224325758482,4.6076428815601105,3.7581742777986022,True,True,293,PV+/PNN+,239.11912269,17.448665361891926,296.31705237,19.42376350908454,2.6659047603607178,False,NONE
166,937,2658,296.31705237,19.42376350908454,11640.0,31.20643431635389,24.032258064516128,1.6048357346661588,1.2358934101754393,1.3027194759986034,True,False,-1,PV-/PNN+,0.0,0.0,296.31705237,19.42376350908454,0.3108978867530823,False,NONE
167,1131,2811,296.31705237,19.42376350908454,21604.0,57.919571045576404,54.233870967741936,2.9785971831381177,2.7890547595402113,3.206661131216299,True,True,326,PV+/PNN+,261.36276201,18.242187481558705,296.31705237,19.42376350908454,2.5946171283721924,False,NONE
168,1114,2576,296.31705237,19.42376350908454,28584.0,76.63270777479893,68.38709677419355,3.940947133994629,3.516904737680445,2.6238655761642926,True,True,319,PV+/PNN+,120.75118488,12.39940255265723,296.31705237,19.42376350908454,2.3151605129241943,False,NONE
169,1113,2756,296.31705237,19.42376350908454,22063.0,59.15013404825737,60.0,3.0418806541185104,3.085586232115862,2.24654830688246,True,False,-1,PV-/PNN+,0.0,0.0,296.31705237,19.42376350908454,1.806002140045166,False,NONE
170,1085,2809,296.31705237,19.42376350908454,27239.0,73.02680965147454,59.08870967741935,3.755508640598926,3.0387218175689408,2.148844346182565,True,False,-1,PV-/PNN+,0.0,0.0,296.31705237,19.42376350908454,0.7656749486923218,False,NONE
171,968,2609,296.31705237,19.42376350908454,8755.0,23.471849865951743,23.951612903225808,1.2070736131445206,1.231746116852703,2.88933752201335,True,True,246,PV+/PNN+,239.91353838,17.477625822254957,296.31705237,19.42376350908454,0.4933403730392456,False,NONE
172,1108,2687,296.31705237,19.42376350908454,25979.0,69.64879356568365,69.6774193548387,3.581789308495888,3.5832614308442263,2.275902347706771,True,False,-1,PV-/PNN+,0.0,0.0,296.31705237,19.42376350908454,0.34263747930526733,False,NONE
173,1106,2425,296.31705237,19.42376350908454,43056.0,115.43163538873995,100.4758064516129,5.936237748435235,5.167112750797247,5.007756512013053,True,True,314,PV+/PNN+,105.65728677,11.598579038183399,296.31705237,19.42376350908454,0.49324432015419006,False,NONE
174,1323,88,296.31705237,19.42376350908454,21711.0,58.206434316353885,44.03225806451613,2.9933495391182965,2.26442215421406,1.292220585484799,True,False,-1,PV-/PNN+,0.0,0.0,296.31705237,19.42376350908454,1.2964859008789062,False,NONE
175,1336,23,296.31705237,19.42376350908454,22851.0,61.2627345844504,56.233870967741936,3.150524172925807,2.891907633944073,1.3376443566873817,True,False,-1,PV-/PNN+,0.0,0.0,296.31705237,19.42376350908454,0.23407264053821564,False,NONE
176,1438,663,296.31705237,19.42376350908454,13048.0,34.98123324396783,32.91935483870968,1.7989601946670137,1.6929251343409877,2.7798490923693886,True,True,444,PV+/PNN+,265.33484046,18.380283226045986,296.31705237,19.42376350908454,1.8929800987243652,False,NONE
177,1251,1018,296.31705237,19.42376350908454,16955.0,45.45576407506702,39.435483870967744,2.337627996672227,2.0280264348180865,2.54265987198609,True,True,380,PV+/PNN+,271.69016598,18.599103828985847,296.31705237,19.42376350908454,2.6370036602020264,False,NONE
178,1219,1096,296.31705237,19.42376350908454,21651.0,58.0455764075067,36.03225806451613,2.9850771899705326,1.8530106565986115,2.883766682148882,True,True,363,PV+/PNN+,212.10898923,16.4336713147562,296.31705237,19.42376350908454,2.397862434387207,False,NONE
179,1265,1149,296.31705237,19.42376350908454,12668.0,33.96246648793566,29.443548387096776,1.7465686500645101,1.51417679213105,2.220622475205514,True,True,386,PV+/PNN+,197.01509112,15.83816292767521,296.31705237,19.42376350908454,0.6824718117713928,False,NONE
180,1278,801,296.31705237,19.42376350908454,7425.0,19.906166219839143,15.411290322580646,1.0237032070357586,0.792547753974921,0.7019258229229317,True,False,-1,PV-/PNN+,0.0,0.0,296.31705237,19.42376350908454,0.1012694388628006,False,NONE
181,1354,1416,296.31705237,19.42376350908454,23080.0,61.87667560321716,51.25,3.182096972173105,2.6356049065989655,2.8291295988627567,True,True,420,PV+/PNN+,204.16483233,16.12298787963261,296.31705237,19.42376350908454,2.173247814178467,False,NONE
182,1224,1465,296.31705237,19.42376350908454,42543.0,114.05630026809652,72.26612903225806,5.865509163221855,3.716389546504064,2.783277301516753,True,True,365,PV+/PNN+,129.48975747,12.84022896403991,296.31705237,19.42376350908454,2.4276442527770996,False,NONE
183,1345,1598,296.31705237,19.42376350908454,22234.0,59.60857908847185,48.274193548387096,3.0654568491896366,2.482569782989993,3.836594562044571,True,True,415,PV+/PNN+,170.79937335,14.746813769937054,296.31705237,19.42376350908454,1.9520303010940552,False,NONE
184,1259,1700,296.31705237,19.42376350908454,27527.0,73.79892761394102,63.854838709677416,3.795215916508192,3.2838268529426604,2.547802185707137,True,True,384,PV+/PNN+,119.1623535,12.317557416952052,296.31705237,19.42376350908454,2.4390814304351807,False,NONE
185,1274,1439,296.31705237,19.42376350908454,27998.0,75.06166219839142,60.395161290322584,3.8601538573181364,3.10590796939727,2.4370281776329135,True,True,392,PV+/PNN+,162.85521645,14.399781305649903,296.31705237,19.42376350908454,0.5215058326721191,False,NONE
186,1266,1367,296.31705237,19.42376350908454,21719.0,58.22788203753351,41.943548387096776,2.994452519004665,2.157007257155188,1.5279099643661251,True,False,-1,PV-/PNN+,0.0,0.0,296.31705237,19.42376350908454,1.3211463689804077,False,NONE
187,1305,1396,296.31705237,19.42376350908454,20708.0,55.51742627345845,49.78225806451613,2.855063435864847,2.560124168125163,2.851841484464048,True,True,406,PV+/PNN+,220.05314613000002,16.73858917579679,296.31705237,19.42376350908454,0.7229740619659424,False,NONE
188,1423,1521,296.31705237,19.42376350908454,8428.0,22.595174262734584,18.862903225806452,1.1619893102892083,0.9700519081880378,3.0348221477046415,True,True,437,PV+/PNN+,236.73587562,17.361494132040853,296.31705237,19.42376350908454,1.695623517036438,False,NONE
189,1284,1571,296.31705237,19.42376350908454,16400.0,43.96782841823056,35.75806451612903,2.2611087670554126,1.838909859301308,2.4961647854249556,True,True,404,PV+/PNN+,150.14456541,13.82642390884524,296.31705237,19.42376350908454,0.3480977416038513,False,NONE
190,1337,1275,296.31705237,19.42376350908454,14555.0,39.02144772117963,33.50806451612903,2.0067340307616788,1.7232003755969632,1.1623771640283591,True,False,-1,PV-/PNN+,0.0,0.0,296.31705237,19.42376350908454,0.1915021538734436,False,NONE
191,1239,2027,296.31705237,19.42376350908454,34732.0,93.11528150134048,104.41129032258064,4.788587176668816,5.3695006649467825,2.4749527413256365,True,False,-1,PV-/PNN+,0.0,0.0,296.31705237,19.42376350908454,2.5711898803710938,False,NONE
192,1649,2226,296.31705237,19.42376350908454,54260.0,145.46916890080428,153.38709677419354,7.4809610792943095,7.888151899844582,3.706965403659842,True,True,494,PV+/PNN+,336.03783687,20.68469633400857,296.31705237,19.42376350908454,2.4980320930480957,False,NONE
193,1373,1892,296.31705237,19.42376350908454,42788.0,114.71313672922253,123.08870967741936,5.89928792224189,6.330013798492527,3.379999956229929,True,True,423,PV+/PNN+,238.324707,17.4196567543629,296.31705237,19.42376350908454,2.5938878059387207,False,NONE
194,1333,1974,296.31705237,19.42376350908454,35317.0,94.68364611260054,115.08870967741936,4.869242580859513,5.918602300877079,4.609012935560191,True,True,409,PV+/PNN+,207.34249509,16.24797415226416,296.31705237,19.42376350908454,3.4576168060302734,False,NONE
195,1437,2282,296.31705237,19.42376350908454,53697.0,143.9597855227882,160.92741935483872,7.403338869791127,8.275923825520433,4.7236436789252,True,True,445,PV+/PNN+,175.56586749,14.951167352217066,296.31705237,19.42376350908454,3.513537645339966,False,NONE
196,1647,2129,296.31705237,19.42376350908454,28322.0,75.93029490616622,79.3225806451613,3.904824542716061,4.079277712243497,3.649542900441482,True,True,493,PV+/PNN+,262.1571777,18.269890136062752,296.31705237,19.42376350908454,2.7941396236419678,False,NONE
197,1508,1817,296.31705237,19.42376350908454,12768.0,34.23056300268097,29.588709677419356,1.7603558986441163,1.5216419201119755,2.2641178787627045,True,True,468,PV+/PNN+,233.55821286,17.244580383732874,296.31705237,19.42376350908454,0.9048460721969604,False,NONE
198,1398,2199,296.31705237,19.42376350908454,67821.0,181.82573726541554,209.21774193548387,9.350649859174704,10.759323067174973,3.1404538420578176,True,False,-1,PV-/PNN+,0.0,0.0,296.31705237,19.42376350908454,2.4196200370788574,False,NONE
199,1284,1921,296.31705237,19.42376350908454,39515.0,105.93833780160858,119.15322580645162,5.44803127623138,6.127625884342992,2.8516272213923375,True,False,-1,PV-/PNN+,0.0,0.0,296.31705237,19.42376350908454,2.529219388961792,False,NONE
200,1348,2257,296.31705237,19.42376350908454,45999.0,123.32171581769437,141.2258064516129,6.341996474133044,7.262740066775937,5.972154597781097,True,True,416,PV+/PNN+,308.23328772,19.810472254058844,296.31705237,19.42376350908454,2.3958234786987305,False,NONE
201,1484,2138,296.31705237,19.42376350908454,39994.0,107.22252010723861,114.90322580645162,5.514072196927693,5.909063526234785,4.610298513990452,True,True,462,PV+/PNN+,170.00495766,14.712478883374446,296.31705237,19.42376350908454,1.6111459732055664,False,NONE
202,1653,2178,296.31705237,19.42376350908454,44569.0,119.48793565683646,104.14516129032258,6.144838819444676,5.3558145969817526,2.755637365266125,True,True,497,PV+/PNN+,216.08106768,16.586830928142092,296.31705237,19.42376350908454,2.3938019275665283,False,NONE
203,1442,1959,296.31705237,19.42376350908454,52438.0,140.58445040214477,117.56451612903226,7.229757410173885,6.045924205885085,2.4509552772940832,True,True,448,PV+/PNN+,183.51002439,15.28568676601291,296.31705237,19.42376350908454,2.137983560562134,False,NONE
204,1343,2218,296.31705237,19.42376350908454,48576.0,130.23056300268095,116.95967741935483,6.697293870029495,6.014819505964562,3.198733397563018,True,True,414,PV+/PNN+,144.58365558,13.56796328882212,296.31705237,19.42376350908454,2.821248769760132,False,NONE
205,1229,1885,296.31705237,19.42376350908454,18532.0,49.683646112600535,38.766129032258064,2.555052906772616,1.9936039002393746,2.68728744539054,True,True,370,PV+/PNN+,155.70547524,14.080140922851225,296.31705237,19.42376350908454,1.7297132015228271,False,NONE
206,1277,2228,296.31705237,19.42376350908454,39561.0,106.06166219839142,96.90322580645162,5.454373410577999,4.983387656600026,2.878624368427835,True,True,395,PV+/PNN+,222.4363932,16.828987254451757,296.31705237,19.42376350908454,2.168290376663208,False,NONE
207,1278,2123,296.31705237,19.42376350908454,26759.0,71.73994638069705,80.29838709677419,3.689329847416816,4.129459961448607,2.401031981585584,True,True,398,PV+/PNN+,219.25873044,16.708347797572188,296.31705237,19.42376350908454,1.1984668970108032,False,NONE
208,1461,1929,296.31705237,19.42376350908454,18938.0,50.77211796246649,57.725806451612904,2.6110291360058175,2.968632560414696,3.6081901276013952,True,True,454,PV+/PNN+,271.69016598,18.599103828985847,296.31705237,19.42376350908454,1.2507511377334595,False,NONE
209,1539,1888,296.31705237,19.42376350908454,12971.0,34.77479892761394,26.217741935483872,1.788344013260717,1.3482850592215951,2.619794577801797,True,True,476,PV+/PNN+,198.6039225,15.90189824726965,296.31705237,19.42376350908454,0.9561962485313416,False,NONE
210,1276,1955,296.31705237,19.42376350908454,24638.0,66.05361930294906,69.03225806451613,3.396902305043369,3.5500830842623357,3.7813146895433145,True,True,394,PV+/PNN+,173.97703611,14.883361255142246,296.31705237,19.42376350908454,2.317610025405884,False,NONE
211,1522,1999,296.31705237,19.42376350908454,15892.0,42.605898123324394,37.25,2.1910695442710133,1.915634785771931,1.5272671751509943,True,False,-1,PV-/PNN+,0.0,0.0,296.31705237,19.42376350908454,0.5027274489402771,False,NONE
212,1315,2204,296.31705237,19.42376350908454,26444.0,70.89544235924933,67.94354838709677,3.645900014391057,3.4940946244053945,3.027537203266491,True,True,408,PV+/PNN+,183.51002439,15.28568676601291,296.31705237,19.42376350908454,0.2670857906341553,False,NONE
213,1412,2170,296.31705237,19.42376350908454,51347.0,137.65951742627345,112.93548387096774,7.079338528170382,5.807869569160017,2.0618535390681845,True,False,-1,PV-/PNN+,0.0,0.0,296.31705237,19.42376350908454,1.1328423023223877,False,NONE
214,1227,2127,296.31705237,19.42376350908454,24380.0,65.36193029490616,57.29838709677419,3.361331203707985,2.946651905804193,2.790990772098324,True,True,368,PV+/PNN+,158.883138,14.223090180871878,296.31705237,19.42376350908454,0.21981899440288544,False,NONE
215,1404,2111,296.31705237,19.42376350908454,29248.0,78.41286863270777,84.20161290322581,4.0324944645632135,4.330188958269048,3.930870313597102,True,True,431,PV+/PNN+,100.09637694,11.289227848029503,296.31705237,19.42376350908454,0.4139312505722046,False,NONE
216,1572,2000,296.31705237,19.42376350908454,14507.0,38.892761394101875,32.46774193548387,2.0001161514434678,1.669700291733664,2.2690459294120413,True,True,484,PV+/PNN+,186.68768715,15.417462365594622,296.31705237,19.42376350908454,0.18487927317619324,False,NONE
217,1671,2270,296.31705237,19.42376350908454,18854.0,50.54691689008043,53.45161290322581,2.5994478471989484,2.7488260143096683,4.049143529181185,True,True,498,PV+/PNN+,193.83742836,15.709916582774115,296.31705237,19.42376350908454,0.31243181228637695,False,NONE
218,1295,2093,296.31705237,19.42376350908454,19887.0,53.316353887399465,49.75,2.74187012502628,2.558465250796069,1.6320418172173294,True,False,-1,PV-/PNN+,0.0,0.0,296.31705237,19.42376350908454,0.7541812658309937,False,NONE
219,1623,2257,296.31705237,19.42376350908454,25892.0,69.41554959785523,59.306451612903224,3.569794402231631,3.049919509540329,2.937118187004746,True,True,491,PV+/PNN+,190.65976560000001,15.580614658987523,296.31705237,19.42376350908454,0.6020887494087219,False,NONE
220,1653,2492,296.31705237,19.42376350908454,48754.0,130.7077747989276,156.70967741935485,6.721835172501193,8.059020384741322,4.2994027969388116,True,True,496,PV+/PNN+,250.24094235,17.849836512187224,296.31705237,19.42376350908454,3.802027702331543,False,NONE
221,1673,2618,296.31705237,19.42376350908454,49387.0,132.4048257372654,129.0483870967742,6.809108456010101,6.636498775042745,3.4813463891488996,True,False,-1,PV-/PNN+,0.0,0.0,296.31705237,19.42376350908454,3.419199228286743,False,NONE
222,1561,2683,296.31705237,19.42376350908454,36589.0,98.09383378016086,123.7258064516129,5.044616382792103,6.362777415742144,2.9026218324593884,True,False,-1,PV-/PNN+,0.0,0.0,296.31705237,19.42376350908454,2.7922470569610596,False,NONE
223,1278,2776,296.31705237,19.42376350908454,74044.0,198.50938337801608,204.33064516129033,10.208630338283596,10.50799709181715,2.2699029816988827,True,False,-1,PV-/PNN+,0.0,0.0,296.31705237,19.42376350908454,1.422066330909729,False,NONE
224,1368,2426,296.31705237,19.42376350908454,34817.0,93.343163538874,78.11290322580645,4.800306337961482,4.0170683124024515,2.5019498883611337,True,True,424,PV+/PNN+,120.75118488,12.39940255265723,296.31705237,19.42376350908454,2.874089479446411,False,NONE
225,1594,2784,296.31705237,19.42376350908454,21901.0,58.715817694369974,63.814516129032256,3.0195453114195483,3.281753206281292,3.715750189599964,True,True,486,PV+/PNN+,144.58365558,13.56796328882212,296.31705237,19.42376350908454,2.650268077850342,False,NONE
226,1684,2369,296.31705237,19.42376350908454,41146.0,110.31099195710456,107.1774193548387,5.672901300564757,5.51175282591664,4.787065548151447,True,True,502,PV+/PNN+,208.13691078,16.279070781961433,296.31705237,19.42376350908454,2.6812593936920166,False,NONE
227,1229,2794,296.31705237,19.42376350908454,64931.0,174.07774798927613,167.59677419354838,8.952198375224084,8.618904983310731,2.387319144996125,True,False,-1,PV-/PNN+,0.0,0.0,296.31705237,19.42376350908454,2.777155637741089,False,NONE
228,1488,2569,296.31705237,19.42376350908454,28489.0,76.37801608579089,80.53225806451613,3.9278492478440032,4.141487112084542,3.8256671453873463,True,True,464,PV+/PNN+,341.5987467,20.85514403523529,296.31705237,19.42376350908454,1.8584372997283936,False,NONE
229,1451,2459,296.31705237,19.42376350908454,34776.0,93.23324396782841,107.79838709677419,4.794653566043843,5.5436869845017105,4.773781237705409,True,True,452,PV+/PNN+,200.98716957,15.99702510721652,296.31705237,19.42376350908454,2.692530393600464,False,NONE
230,1715,2630,296.31705237,19.42376350908454,45535.0,122.07774798927613,127.3225806451613,6.278023640723672,6.547746697936186,4.409319752726194,True,True,506,PV+/PNN+,215.28665199,16.556312354123577,296.31705237,19.42376350908454,2.6608710289001465,False,NONE
231,1578,2725,296.31705237,19.42376350908454,34777.0,93.23592493297588,89.62096774193549,4.794791438529639,4.608887069556932,2.3198262774073815,True,False,-1,PV-/PNN+,0.0,0.0,296.31705237,19.42376350908454,2.3976845741271973,False,NONE
232,1501,2607,296.31705237,19.42376350908454,41629.0,111.6058981233244,107.66935483870968,5.739493711204254,5.537051315185332,2.0093590864991615,True,False,-1,PV-/PNN+,0.0,0.0,296.31705237,19.42376350908454,3.1869523525238037,False,NONE
233,1634,2680,296.31705237,19.42376350908454,71001.0,190.35120643431637,168.82258064516128,9.78908436400618,8.681943841816324,1.6946066341567358,True,False,-1,PV-/PNN+,0.0,0.0,296.31705237,19.42376350908454,1.4925395250320435,False,NONE
234,1319,2610,296.31705237,19.42376350908454,61577.0,165.0857908847185,182.3951612903226,8.489774057864095,9.379933308032856,2.5126630419466487,True,False,-1,PV-/PNN+,0.0,0.0,296.31705237,19.42376350908454,1.4018943309783936,False,NONE
235,1224,2427,296.31705237,19.42376350908454,70684.0,189.50134048257374,140.58870967741936,9.745378786008828,7.22997644952632,2.7215695368641875,True,False,-1,PV-/PNN+,0.0,0.0,296.31705237,19.42376350908454,1.9035327434539795,False,NONE
236,1533,2604,296.31705237,19.42376350908454,36407.0,97.6058981233244,93.06451612903226,5.0195235903772195,4.785976494437775,2.823130232854868,True,True,474,PV+/PNN+,221.64197751,16.798908611544785,296.31705237,19.42376350908454,2.2808289527893066,False,NONE
237,1677,2570,296.31705237,19.42376350908454,52147.0,139.80428954423593,108.06451612903226,7.189636516807232,5.55737305246674,4.390893128559108,True,True,500,PV+/PNN+,194.63184405,15.742076118135982,296.31705237,19.42376350908454,2.2579386234283447,False,NONE
238,1263,2485,296.31705237,19.42376350908454,56146.0,150.5254691689008,116.00806451612904,7.740988587505682,5.965881444756273,2.4584544848039434,True,False,-1,PV-/PNN+,0.0,0.0,296.31705237,19.42376350908454,1.3054347038269043,False,NONE
239,1652,2736,296.31705237,19.42376350908454,45683.0,122.4745308310992,110.12096774193549,6.298428768621489,5.663129032196518,2.755637365266125,True,False,-1,PV-/PNN+,0.0,0.0,296.31705237,19.42376350908454,2.3593626022338867,False,NONE
240,1385,2368,296.31705237,19.42376350908454,53207.0,142.64611260053618,101.79838709677419,7.335781351751057,5.2351283612901245,2.6463631986938734,True,False,-1,PV-/PNN+,0.0,0.0,296.31705237,19.42376350908454,2.015315294265747,False,NONE
241,1672,2423,296.31705237,19.42376350908454,64377.0,172.59249329758714,137.95967741935485,8.875817018093068,7.094774687205114,1.903298866002565,True,False,-1,PV-/PNN+,0.0,0.0,296.31705237,19.42376350908454,2.474400758743286,False,NONE
242,1408,2663,296.31705237,19.42376350908454,35624.0,95.50670241286863,107.98387096774194,4.9115694339989036,5.553225759144004,4.66643543877855,True,True,429,PV+/PNN+,363.84238602,21.523441033706952,296.31705237,19.42376350908454,1.1597031354904175,False,NONE
243,1385,2624,296.31705237,19.42376350908454,32023.0,85.85254691689008,76.13709677419355,4.415090612647285,3.9154596259954104,2.4327429161987077,True,True,426,PV+/PNN+,196.22067543,15.806198893222852,296.31705237,19.42376350908454,1.3090900182724,False,NONE
244,1281,2449,296.31705237,19.42376350908454,58510.0,156.8632707774799,123.60483870967742,8.066919143927572,6.3565564757580395,2.9748284876257585,True,True,402,PV+/PNN+,116.77910643,12.19375972805403,296.31705237,19.42376350908454,1.5823252201080322,False,NONE
245,1455,2504,296.31705237,19.42376350908454,58761.0,157.53619302949062,129.44354838709677,8.101525137862383,6.656820512324153,2.0830655831675036,True,False,-1,PV-/PNN+,0.0,0.0,296.31705237,19.42376350908454,1.9637993574142456,False,NONE
246,1425,2690,296.31705237,19.42376350908454,37257.0,99.88471849865952,85.19354838709677,5.136715203303873,4.381200666138705,2.3223974342679052,True,False,-1,PV-/PNN+,0.0,0.0,296.31705237,19.42376350908454,1.0630284547805786,False,NONE
247,1309,2572,296.31705237,19.42376350908454,38336.0,102.77747989276139,100.36290322580645,5.285479615477823,5.161306540145416,4.064570470344327,True,False,-1,PV-/PNN+,0.0,0.0,296.31705237,19.42376350908454,1.4128044843673706,False,NONE
248,1306,2406,296.31705237,19.42376350908454,35376.0,94.84182305630027,81.12096774193549,4.87737705752148,4.171762353340518,2.4130307136013602,True,True,407,PV+/PNN+,161.26638507,14.329366305165497,296.31705237,19.42376350908454,1.07919442653656,False,NONE
249,1442,2765,296.31705237,19.42376350908454,40744.0,109.23324396782841,100.59677419354838,5.6174765612747395,5.173333690781352,3.5936202387250953,True,True,446,PV+/PNN+,246.2688639,17.70760447249943,296.31705237,19.42376350908454,0.7421116232872009,False,NONE
250,1510,2821,296.31705237,19.42376350908454,34666.0,92.93833780160858,72.14516129032258,4.7794875926062765,3.7101686065199595,1.7138903106106629,True,False,-1,PV-/PNN+,0.0,0.0,296.31705237,19.42376350908454,1.5735324621200562,False,NONE
251,1434,2636,296.31705237,19.42376350908454,24436.0,65.51206434316354,62.193548387096776,3.369052062912565,3.1983926104942912,3.4470642976752517,True,True,441,PV+/PNN+,255.80185218,18.047078262479904,296.31705237,19.42376350908454,0.30614662170410156,False,NONE
252,1550,2636,296.31705237,19.42376350908454,26481.0,70.99463806970509,67.95161290322581,3.6510012963655107,3.4945093537376684,3.7808861633998943,True,True,479,PV+/PNN+,234.35262855,17.273883005349166,296.31705237,19.42376350908454,0.72722327709198,False,NONE
253,1434,2794,296.31705237,19.42376350908454,53255.0,142.77479892761394,111.33064516129032,7.342399231069268,5.725338432037564,2.166413918062809,True,False,-1,PV-/PNN+,0.0,0.0,296.31705237,19.42376350908454,0.64659583568573,False,NONE
254,1603,2578,296.31705237,19.42376350908454,27277.0,73.12868632707774,74.96774193548387,3.760747795059176,3.855323872815733,3.029465570911884,True,True,489,PV+/PNN+,141.40599282,13.418036440588484,296.31705237,19.42376350908454,1.5711287260055542,False,NONE
255,1450,2824,296.31705237,19.42376350908454,49101.0,131.63806970509384,120.34677419354838,6.769676925072428,6.18900582551949,3.528698527996875,True,True,453,PV+/PNN+,174.7714518,14.917302830020427,296.31705237,19.42376350908454,1.5823980569839478,False,NONE
256,1338,2779,296.31705237,19.42376350908454,42764.0,114.64879356568365,98.6774193548387,5.895978982582784,5.074628109700226,3.0871023372019537,True,True,413,PV+/PNN+,181.12677732,15.186104684686722,296.31705237,19.42376350908454,0.47916704416275024,False,NONE
257,1266,2735,296.31705237,19.42376350908454,39303.0,105.36997319034853,93.84677419354838,5.418802309242615,4.826205239668318,3.123312796320994,True,True,389,PV+/PNN+,149.35014972,13.789797556005714,296.31705237,19.42376350908454,0.06743477284908295,False,NONE
258,1808,2421,296.31705237,19.42376350908454,31367.0,84.09383378016086,92.2258064516129,4.324646261965069,4.742844643881316,5.09988963284848,True,True,525,PV+/PNN+,274.86782874,18.707554333136663,296.31705237,19.42376350908454,3.0736687183380127,False,NONE
259,1821,2554,296.31705237,19.42376350908454,62866.0,168.54155495978551,141.0241935483871,8.667491692055217,7.2523718334690965,2.069352746578045,True,False,-1,PV-/PNN+,0.0,0.0,296.31705237,19.42376350908454,2.4198086261749268,False,NONE
260,1830,2777,296.31705237,19.42376350908454,68649.0,184.0455764075067,179.19354838709677,9.464808277413843,9.215285763120221,2.271188560129144,True,False,-1,PV-/PNN+,0.0,0.0,296.31705237,19.42376350908454,1.4119926691055298,False,NONE
261,1866,2417,296.31705237,19.42376350908454,20541.0,55.06970509383378,52.225806451612904,2.8320387307369046,2.6857871558040753,3.5970484478724596,True,True,532,PV+/PNN+,243.88561683,17.621714211168094,296.31705237,19.42376350908454,1.878312349319458,False,NONE
262,1869,2655,296.31705237,19.42376350908454,29645.0,79.47721179624665,72.89516129032258,4.08722984142425,3.7487384344214076,3.6561850556645012,True,True,533,PV+/PNN+,197.01509112,15.83816292767521,296.31705237,19.42376350908454,1.1240785121917725,False,NONE
263,1920,2599,296.31705237,19.42376350908454,21081.0,56.51742627345845,57.45967741935484,2.9064898730667776,2.954946492449666,2.560657970009755,True,True,538,PV+/PNN+,233.55821286,17.244580383732874,296.31705237,19.42376350908454,1.4848576784133911,False,NONE
264,440,611,296.31705237,19.42376350908454,22273.0,59.71313672922252,50.846774193548384,3.070833876135683,2.6148684399852833,2.270974297057434,True,True,13,PV+/PNN+,124.72326333,12.60169000650996,296.31705237,19.42376350908454,3.0073931217193604,False,NONE
265,602,1163,296.31705237,19.42376350908454,65246.0,174.92225201072387,158.7741935483871,8.995628208249844,8.165191093803372,2.3376101123593362,True,True,70,PV+/PNN+,136.63949868,13.18995121644368,296.31705237,19.42376350908454,2.8321468830108643,False,NONE
266,1751,2458,296.31705237,19.42376350908454,55025.0,147.5201072386059,118.36290322580645,7.586433530928297,6.086982409780175,3.3673584349990215,True,True,512,PV+/PNN+,289.96172685,19.21433675891821,296.31705237,19.42376350908454,3.3200769424438477,False,NONE
267,632,1094,296.31705237,19.42376350908454,53001.0,142.09383378016085,130.2983870967742,7.307379619677068,6.700781821545159,3.6345444854217615,True,True,83,PV+/PNN+,219.25873044,16.708347797572188,296.31705237,19.42376350908454,1.811928153038025,False,NONE
268,496,1751,296.31705237,19.42376350908454,8319.0,22.302949061662197,19.556451612903224,1.1469612093374375,1.0057186307635704,2.13106051123061,True,False,-1,PV-/PNN+,0.0,0.0,296.31705237,19.42376350908454,1.456297755241394,False,NONE
269,1173,1541,296.31705237,19.42376350908454,65744.0,176.2573726541555,143.6290322580645,9.064288706176283,7.386329407793481,2.7183555907885335,True,True,347,PV+/PNN+,134.25625161,13.074416571218995,296.31705237,19.42376350908454,2.0328705310821533,False,NONE
270,1749,2336,296.31705237,19.42376350908454,19718.0,52.86327077747989,46.733870967741936,2.718569674926745,2.4033564805257286,2.8702681086311337,True,True,511,PV+/PNN+,229.58613441,17.097313977747916,296.31705237,19.42376350908454,2.1178994178771973,False,NONE
271,633,664,296.31705237,19.42376350908454,44293.0,118.7479892761394,82.40322580645162,6.106786013364963,4.237704317172026,1.3256456246716053,True,False,-1,PV-/PNN+,0.0,0.0,296.31705237,19.42376350908454,1.265312910079956,False,NONE
272,615,1616,296.31705237,19.42376350908454,14416.0,38.64879356568365,35.29032258064516,1.987569755236026,1.814855558029437,3.808526099650522,True,True,79,PV+/PNN+,248.65211097,17.79308013158149,296.31705237,19.42376350908454,1.5917223691940308,False,NONE
273,613,1801,296.31705237,19.42376350908454,17922.0,48.048257372654156,43.475806451612904,2.4709506904370184,2.235805830287179,2.2583327758265264,True,True,78,PV+/PNN+,178.74353025,15.085865274483455,296.31705237,19.42376350908454,0.9720975160598755,False,NONE
274,1749,2210,296.31705237,19.42376350908454,14325.0,38.40482573726541,33.54032258064516,1.9750233590285844,1.7248592929260576,2.731211375091151,True,True,510,PV+/PNN+,259.77393063,18.186655579556263,296.31705237,19.42376350908454,1.6352485418319702,False,NONE
275,1229,1209,296.31705237,19.42376350908454,22656.0,60.73994638069705,51.314516129032256,3.1236390381955745,2.6389227412571543,2.871982213204816,True,True,369,PV+/PNN+,204.16483233,16.12298787963261,296.31705237,19.42376350908454,2.410449504852295,False,NONE
276,1178,887,296.31705237,19.42376350908454,24503.0,65.6916890080429,44.653225806451616,3.378289519460901,2.29635631279913,1.4921280313905056,True,False,-1,PV-/PNN+,0.0,0.0,296.31705237,19.42376350908454,0.6129790544509888,False,NONE
277,1434,1764,296.31705237,19.42376350908454,13938.0,37.36729222520107,33.78225806451613,1.9216667070255085,1.7373011728942669,3.0911733355644495,True,True,443,PV+/PNN+,219.25873044,16.708347797572188,296.31705237,19.42376350908454,1.501373052597046,False,NONE
278,1557,1740,296.31705237,19.42376350908454,8485.0,22.74798927613941,19.717741935483872,1.1698480419795838,1.0140132174090433,2.921262719698184,True,True,482,PV+/PNN+,224.02522458,16.888983834246268,296.31705237,19.42376350908454,0.3485599160194397,False,NONE
279,1127,1197,296.31705237,19.42376350908454,37897.0,101.60053619302948,70.23387096774194,5.224953594213352,3.6118777547711076,2.3249685911284286,True,True,323,PV+/PNN+,187.48210284,15.45023065413564,296.31705237,19.42376350908454,1.8694988489151,False,NONE
280,1785,608,296.31705237,19.42376350908454,11564.0,31.00268096514745,31.669354838709676,1.5943574257456579,1.6286420878385737,2.222122316707486,True,True,519,PV+/PNN+,511.60370436,25.52242284000775,296.31705237,19.42376350908454,1.3971246480941772,False,NONE
281,550,1188,296.31705237,19.42376350908454,51325.0,137.60053619302948,116.98387096774194,7.0763053334828685,6.016063693961383,2.426743550190819,True,False,-1,PV-/PNN+,0.0,0.0,296.31705237,19.42376350908454,2.700220823287964,False,NONE
282,1044,1186,296.31705237,19.42376350908454,36449.0,97.71849865951742,70.69354838709677,5.025314234780654,3.635517326710705,1.4002091736267885,True,False,-1,PV-/PNN+,0.0,0.0,296.31705237,19.42376350908454,1.6321393251419067,False,NONE
283,1213,2622,296.31705237,19.42376350908454,66272.0,177.67292225201072,197.0241935483871,9.137085378676604,10.132252316777235,4.6340817149502955,True,True,362,PV+/PNN+,150.9389811,13.862953494062992,296.31705237,19.42376350908454,2.0005249977111816,False,NONE
284,1519,2324,296.31705237,19.42376350908454,63929.0,171.39142091152814,133.30645161290323,8.81405014445643,6.8554758624832255,2.3727492561198247,True,False,-1,PV-/PNN+,0.0,0.0,296.31705237,19.42376350908454,1.8398810625076294,False,NONE
285,633,290,296.31705237,19.42376350908454,39427.0,105.7024128686327,89.90322580645162,5.435898497481326,4.6234025961865095,2.4728101106085334,True,True,86,PV+/PNN+,152.52781248,13.935725403490322,296.31705237,19.42376350908454,2.5029170513153076,False,NONE
286,599,1281,296.31705237,19.42376350908454,67644.0,181.35120643431637,162.7741935483871,9.326246429188801,8.370896842611096,3.5400544707975206,True,True,74,PV+/PNN+,138.22833006,13.266415342325756,296.31705237,19.42376350908454,1.6613644361495972,False,NONE
287,891,1765,296.31705237,19.42376350908454,45440.0,121.82305630026809,98.71774193548387,6.264925754573046,5.076701756361595,2.2000532203213257,True,True,209,PV+/PNN+,116.77910643,12.19375972805403,296.31705237,19.42376350908454,1.8277806043624878,False,NONE
288,1338,1751,296.31705237,19.42376350908454,17103.0,45.85254691689008,39.846774193548384,2.358033124570044,2.049177630764042,2.538160347480174,True,True,412,PV+/PNN+,146.17248696000001,13.642308849668993,296.31705237,19.42376350908454,1.4432309865951538,False,NONE
289,1390,1763,296.31705237,19.42376350908454,20751.0,55.63270777479893,57.38709677419355,2.8609919527540772,2.9512139284592034,2.533232296830837,True,True,427,PV+/PNN+,217.66989906,16.647700237020825,296.31705237,19.42376350908454,1.511398434638977,False,NONE
290,584,873,296.31705237,19.42376350908454,28214.0,75.64075067024129,69.30645161290323,3.889934314250086,3.5641838815596394,3.4468500346035413,True,True,63,PV+/PNN+,177.15469887,15.0186673222671,296.31705237,19.42376350908454,0.7848016619682312,False,NONE
291,1061,1739,296.31705237,19.42376350908454,18621.0,49.92225201072386,43.36290322580645,2.5673235580084657,2.2299996196353478,2.936046871646195,True,True,286,PV+/PNN+,167.62171059,14.608990056788347,296.31705237,19.42376350908454,0.8042207360267639,False,NONE
292,795,2353,296.31705237,19.42376350908454,11990.0,32.14477211796247,31.379032258064516,1.6530911046947805,1.613711831876723,2.5373032951933325,True,True,153,PV+/PNN+,257.39068356,18.103038329380148,296.31705237,19.42376350908454,0.8198522329330444,False,NONE
293,767,1173,296.31705237,19.42376350908454,27045.0,72.50670241286863,66.84677419354838,3.72876137835449,3.4376914352161796,2.6570763522793883,True,True,139,PV+/PNN+,245.47444821,17.679020750115537,296.31705237,19.42376350908454,1.9823639392852783,False,NONE
294,1250,1753,296.31705237,19.42376350908454,16886.0,45.270777479892764,49.03225806451613,2.328114795152299,2.521554340223715,3.391570162102285,True,True,378,PV+/PNN+,148.55573403,13.753073662427433,296.31705237,19.42376350908454,1.8293347358703613,False,NONE
295,1750,2640,296.31705237,19.42376350908454,34894.0,93.54959785522789,89.24193548387096,4.810922519367779,4.58939479094007,3.684682044201971,True,True,513,PV+/PNN+,197.80950681,15.870062583211556,296.31705237,19.42376350908454,2.333733320236206,False,NONE
296,1154,964,296.31705237,19.42376350908454,20513.0,54.9946380697051,61.66129032258065,2.828178301134615,3.1710204745642314,3.0337508323460898,True,True,338,PV+/PNN+,268.51250322,18.490017235133443,296.31705237,19.42376350908454,0.4987756609916687,False,NONE
297,1154,839,296.31705237,19.42376350908454,15402.0,41.292225201072384,39.87096774193548,2.123512026230943,2.0504218187608627,2.9814706428487776,True,True,336,PV+/PNN+,205.75366371,16.185601660417575,296.31705237,19.42376350908454,2.320467233657837,False,NONE
298,1160,2200,296.31705237,19.42376350908454,46666.0,125.10991957104558,89.62903225806451,6.4339574221590174,4.609301798889205,3.7112506650940476,True,True,333,PV+/PNN+,304.26120927,19.68241356062576,296.31705237,19.42376350908454,1.361897349357605,False,NONE
299,1082,1789,296.31705237,19.42376350908454,18466.0,49.506702412868634,44.45967741935484,2.5459533227100763,2.2864028088245627,1.917011702592024,True,False,-1,PV-/PNN+,0.0,0.0,296.31705237,19.42376350908454,1.1663817167282104,False,NONE
300,1180,1706,296.31705237,19.42376350908454,20500.0,54.9597855227882,47.88709677419355,2.8263859588192655,2.4626627750408585,2.8377001217311686,True,True,352,PV+/PNN+,133.46183592,13.035677474005706,296.31705237,19.42376350908454,2.030829906463623,False,NONE
301,1098,614,296.31705237,19.42376350908454,8161.0,21.87935656836461,21.193548387096776,1.1251773565816598,1.089908685215119,3.029037044768463,True,True,311,PV+/PNN+,203.37041664,16.091589626115688,296.31705237,19.42376350908454,0.14456969499588013,False,NONE
302,1739,2754,296.31705237,19.42376350908454,58569.0,157.0214477211796,125.41129032258064,8.07505362058954,6.449455846187334,2.565800283730802,True,False,-1,PV-/PNN+,0.0,0.0,296.31705237,19.42376350908454,1.942338228225708,False,NONE
303,1766,2803,296.31705237,19.42376350908454,49388.0,132.40750670241286,112.12903225806451,6.809246328495897,5.7663966359326535,3.009324842171116,True,False,-1,PV-/PNN+,0.0,0.0,296.31705237,19.42376350908454,2.4320785999298096,False,NONE
304,1789,2640,296.31705237,19.42376350908454,38706.0,103.76943699731903,96.75,5.3364924352223655,4.975507799286827,3.1693793567387076,True,True,521,PV+/PNN+,206.5480794,16.216817893198968,296.31705237,19.42376350908454,1.7289742231369019,False,NONE
305,1213,2696,296.31705237,19.42376350908454,77710.0,208.3378016085791,187.61290322580646,10.714070871211959,9.6482631860139,2.2836158182883417,True,False,-1,PV-/PNN+,0.0,0.0,296.31705237,19.42376350908454,1.9181281328201294,False,NONE
306,580,736,296.31705237,19.42376350908454,15031.0,40.297587131367294,33.314516129032256,2.072361334000604,1.7132468716223959,2.5666573360176432,True,True,62,PV+/PNN+,72.29182779,9.593998848416254,296.31705237,19.42376350908454,0.5461136102676392,False,NONE
307,612,1064,296.31705237,19.42376350908454,35062.0,94.0,82.39516129032258,4.834085096981517,4.2372895878397525,2.777492198580575,True,True,77,PV+/PNN+,170.79937335,14.746813769937054,296.31705237,19.42376350908454,0.31115663051605225,False,NONE
308,1347,2328,296.31705237,19.42376350908454,26197.0,70.23324396782841,67.74193548387096,3.611845510399429,3.4837263910985534,3.707608192874973,True,True,418,PV+/PNN+,183.51002439,15.28568676601291,296.31705237,19.42376350908454,1.639513373374939,False,NONE
309,1024,1767,296.31705237,19.42376350908454,17521.0,46.97319034852547,43.20161290322581,2.415663823632798,2.2217050329898753,2.1254896713661426,True,True,277,PV+/PNN+,108.83494953,11.77170172875832,296.31705237,19.42376350908454,0.48407962918281555,False,NONE
310,1752,2677,296.31705237,19.42376350908454,45006.0,120.65951742627345,107.29032258064517,6.205089095737555,5.517559036568471,3.4442788777430184,True,True,514,PV+/PNN+,193.04301267,15.67769107892661,296.31705237,19.42376350908454,0.8357890844345093,False,NONE
311,1090,2326,296.31705237,19.42376350908454,52449.0,140.61394101876675,128.3709677419355,7.2312740075176425,6.601661511131759,2.4083169260237343,True,False,-1,PV-/PNN+,0.0,0.0,296.31705237,19.42376350908454,2.0070393085479736,False,NONE
312,411,595,296.31705237,19.42376350908454,11728.0,31.44235924932976,23.93548387096774,1.6169685134162122,1.2309166581881557,1.7852399134901915,True,True,9,PV+/PNN+,64.34767089,9.051519164690074,296.31705237,19.42376350908454,0.37608635425567627,False,NONE
313,1174,1063,296.31705237,19.42376350908454,20452.0,54.83109919571046,47.45161290322581,2.819768079501055,2.4402673910980823,2.4629540093098594,True,True,340,PV+/PNN+,278.83990719,18.842239688651418,296.31705237,19.42376350908454,2.3213088512420654,False,NONE
314,1166,2347,296.31705237,19.42376350908454,69102.0,185.26005361930294,169.92741935483872,9.527264513479459,8.738761760337812,2.6373641496820412,True,False,-1,PV-/PNN+,0.0,0.0,296.31705237,19.42376350908454,1.6131919622421265,False,NONE
315,903,2343,296.31705237,19.42376350908454,13622.0,36.520107238605895,32.66129032258065,1.878099001513953,1.6796537957082314,3.4852031244396846,True,True,220,PV+/PNN+,201.78158526,16.02860860313152,296.31705237,19.42376350908454,0.42103028297424316,False,NONE
316,1179,528,296.31705237,19.42376350908454,8548.0,22.916890080428953,16.39516129032258,1.1785340085847358,0.8431447325123047,0.7704900058702266,True,False,-1,PV-/PNN+,0.0,0.0,296.31705237,19.42376350908454,0.1821674108505249,False,NONE
317,1165,1911,296.31705237,19.42376350908454,15856.0,42.50938337801609,34.806451612903224,2.186106134782355,1.7899717980930188,2.894694098806107,True,True,344,PV+/PNN+,206.5480794,16.216817893198968,296.31705237,19.42376350908454,0.2961915135383606,False,NONE
318,1185,1120,296.31705237,19.42376350908454,13216.0,35.43163538873995,33.564516129032256,1.822122772280752,1.7261034809228786,2.5775847526748685,True,True,353,PV+/PNN+,225.61405596,16.948768034767717,296.31705237,19.42376350908454,0.668906569480896,False,NONE
319,588,1363,296.31705237,19.42376350908454,34475.0,92.42627345844504,58.354838709677416,4.753153947819229,3.00098144833204,2.533875086045968,True,True,64,PV+/PNN+,131.07858885,12.918763206743188,296.31705237,19.42376350908454,1.3923983573913574,False,NONE
320,1208,2238,296.31705237,19.42376350908454,31922.0,85.58176943699732,64.90322580645162,4.401165491581883,3.3377416661382333,2.3061134408179225,True,True,361,PV+/PNN+,115.98469074,12.152213577535832,296.31705237,19.42376350908454,0.6274187564849854,False,NONE
321,608,998,296.31705237,19.42376350908454,23365.0,62.64075067024129,47.814516129032256,3.221390630624983,2.458930211050396,2.530446876898603,True,True,75,PV+/PNN+,119.1623535,12.317557416952052,296.31705237,19.42376350908454,1.373367428779602,False,NONE
322,726,1209,296.31705237,19.42376350908454,23384.0,62.69168900804289,47.36290322580645,3.2240102078551076,2.435705368443072,2.1233470406490396,True,True,125,PV+/PNN+,119.1623535,12.317557416952052,296.31705237,19.42376350908454,1.1526398658752441,False,NONE
323,1065,596,296.31705237,19.42376350908454,9456.0,25.351206434316353,22.475806451612904,1.3037222256875598,1.1558506490466274,2.507092202082181,True,True,287,PV+/PNN+,200.19275388,15.965379131403353,296.31705237,19.42376350908454,0.3591592311859131,False,NONE
324,1163,2291,296.31705237,19.42376350908454,49805.0,133.5254691689008,127.2741935483871,6.866739155072855,6.545258321942545,3.5432684168731754,True,True,345,PV+/PNN+,161.26638507,14.329366305165497,296.31705237,19.42376350908454,1.466427206993103,False,NONE
325,1784,2746,296.31705237,19.42376350908454,33027.0,88.54423592493298,76.53225806451613,4.553514588386531,3.9357813632768184,1.9150833349466312,True,False,-1,PV-/PNN+,0.0,0.0,296.31705237,19.42376350908454,1.1536972522735596,False,NONE
326,1412,1188,296.31705237,19.42376350908454,5485.0,14.705093833780161,12.016129032258064,0.7562305845913987,0.6179467050877196,1.6294706603568057,True,True,433,PV+/PNN+,148.55573403,13.753073662427433,296.31705237,19.42376350908454,0.32212042808532715,False,NONE
327,603,910,296.31705237,19.42376350908454,21217.0,56.88203753351206,53.895161290322584,2.925240531135042,2.7716361275847183,2.6210801562320585,True,True,72,PV+/PNN+,119.95676919,12.358547737957588,296.31705237,19.42376350908454,0.21841846406459808,False,NONE
328,1151,2410,296.31705237,19.42376350908454,79286.0,212.56300268096516,217.69354838709677,10.931357908826552,11.195203595394567,2.3772487806257407,True,False,-1,PV-/PNN+,0.0,0.0,296.31705237,19.42376350908454,1.734399676322937,False,NONE
329,590,818,296.31705237,19.42376350908454,16112.0,43.19571045576407,34.07258064516129,2.2214014911461466,1.7522314288561176,2.8848379975074336,True,True,67,PV+/PNN+,90.56338866,10.738197602350779,296.31705237,19.42376350908454,0.6311031579971313,False,NONE
330,854,1213,296.31705237,19.42376350908454,21117.0,56.61394101876676,53.21774193548387,2.9114532825554362,2.736798863673733,3.030965412413856,True,False,-1,PV-/PNN+,0.0,0.0,296.31705237,19.42376350908454,1.3288534879684448,False,NONE
331,825,1783,296.31705237,19.42376350908454,32650.0,87.53351206434316,74.55645161290323,4.501536661241415,3.8341726768697777,3.241157485761657,True,True,166,PV+/PNN+,194.63184405,15.742076118135982,296.31705237,19.42376350908454,0.6543015241622925,False,NONE
332,590,1098,296.31705237,19.42376350908454,28852.0,77.35120643431635,66.29838709677419,3.9778969601879735,3.4094898406215726,2.8541983782528613,True,True,65,PV+/PNN+,135.05066730000001,13.113041224263421,296.31705237,19.42376350908454,1.4134552478790283,False,NONE
333,1254,1192,296.31705237,19.42376350908454,12934.0,34.67560321715818,31.491935483870968,1.7832427312862627,1.6195180425285538,2.7123562247806445,True,True,381,PV+/PNN+,181.92119301,15.21937110940298,296.31705237,19.42376350908454,0.22395414113998413,False,NONE
334,1178,2440,296.31705237,19.42376350908454,56013.0,150.16890080428954,157.28225806451613,7.722651546894806,8.088466167332749,4.249693764302023,True,True,354,PV+/PNN+,158.883138,14.223090180871878,296.31705237,19.42376350908454,0.5634762048721313,False,NONE
335,1221,1757,296.31705237,19.42376350908454,17150.0,45.97855227882037,44.88709677419355,2.364513131402459,2.3083834634350655,2.60029663827616,True,False,-1,PV-/PNN+,0.0,0.0,296.31705237,19.42376350908454,0.6114882230758667,False,NONE
336,714,1777,296.31705237,19.42376350908454,23291.0,62.44235924932976,46.32258064516129,3.2111880666760744,2.382205284579773,1.6050446701818322,True,False,-1,PV-/PNN+,0.0,0.0,296.31705237,19.42376350908454,0.33360010385513306,False,NONE
337,1173,1431,296.31705237,19.42376350908454,13140.0,35.22788203753351,29.572580645161292,1.8116444633602513,1.5208124614474283,2.48502310569602,True,True,348,PV+/PNN+,127.90092609,12.761211420003875,296.31705237,19.42376350908454,0.987683892250061,False,NONE
338,1155,2529,296.31705237,19.42376350908454,36159.0,96.94101876675603,84.25806451612904,4.985331213899797,4.333092063594964,2.2272646304285333,True,False,-1,PV-/PNN+,0.0,0.0,296.31705237,19.42376350908454,1.2298051118850708,False,NONE
339,1790,2468,296.31705237,19.42376350908454,17211.0,46.14209115281501,48.12903225806452,2.3729233530360188,2.475104655009068,2.813702657699615,True,True,522,PV+/PNN+,194.63184405,15.742076118135982,296.31705237,19.42376350908454,1.2515755891799927,False,NONE
340,634,1307,296.31705237,19.42376350908454,34743.0,93.14477211796246,74.95161290322581,4.7901037740125725,3.8544944141511857,3.292152096828708,True,True,87,PV+/PNN+,119.95676919,12.358547737957588,296.31705237,19.42376350908454,0.5518760681152344,False,NONE
341,1377,2318,296.31705237,19.42376350908454,17047.0,45.702412868632706,44.29838709677419,2.3503122653654644,2.27810822217909,2.044926756403071,True,False,-1,PV-/PNN+,0.0,0.0,296.31705237,19.42376350908454,0.6726738810539246,False,NONE
342,1198,1410,296.31705237,19.42376350908454,11884.0,31.86058981233244,28.741935483870968,1.6384766212003976,1.4780953402232435,1.3089331050782023,True,False,-1,PV-/PNN+,0.0,0.0,296.31705237,19.42376350908454,0.29868802428245544,False,NONE
343,1782,2837,296.31705237,19.42376350908454,27256.0,73.07238605898124,62.75,3.757852472857459,3.227008934421172,1.9480798479900168,True,False,-1,PV-/PNN+,0.0,0.0,296.31705237,19.42376350908454,1.089680790901184,False,NONE
344,988,2352,296.31705237,19.42376350908454,24427.0,65.48793565683646,65.88709677419355,3.3678112105404,3.3883386446756174,2.334610429355392,True,False,-1,PV-/PNN+,0.0,0.0,296.31705237,19.42376350908454,1.5807777643203735,False,NONE
345,1686,2352,296.31705237,19.42376350908454,11658.0,31.254691689008045,40.95161290322581,1.6073174394104879,2.1059955492855305,1.633327395647591,True,False,-1,PV-/PNN+,0.0,0.0,296.31705237,19.42376350908454,1.0586276054382324,False,NONE
346,886,1743,296.31705237,19.42376350908454,22218.0,59.5656836461126,63.096774193548384,3.0632508894169,3.2448422957089385,2.0963498936135423,True,False,-1,PV-/PNN+,0.0,0.0,296.31705237,19.42376350908454,0.5794162154197693,False,NONE
347,1390,2352,296.31705237,19.42376350908454,20163.0,54.056300268096514,74.75806451612904,2.7799229311059928,3.8445409101766184,2.126560986724694,True,False,-1,PV-/PNN+,0.0,0.0,296.31705237,19.42376350908454,1.2337181568145752,False,NONE
348,149,649,388.46927241000003,22.239928946534615,6102.0,12.478527607361963,0.0,0.0,0.0,0.5470197563974587,False,True,1,PV+/PNN-,388.46927241000003,22.239928946534615,0.0,0.0,0.0,False,NONE
349,330,728,166.8272949,14.574330482319752,3474.0,16.542857142857144,0.0,0.0,0.0,2.0018088639722276,False,True,2,PV+/PNN-,166.8272949,14.574330482319752,0.0,0.0,0.0,False,NONE
350,356,734,108.04053384,11.728660627684029,2973.0,21.860294117647058,0.0,0.0,0.0,2.2724347519653416,False,True,3,PV+/PNN-,108.04053384,11.728660627684029,0.0,0.0,0.0,False,NONE
351,355,65,26.21571777,5.777446543100188,522.0,15.818181818181818,0.0,0.0,0.0,1.1552090903565966,False,True,4,PV+/PNN-,26.21571777,5.777446543100188,0.0,0.0,0.0,False,NONE
352,372,1293,86.59131021,10.500070494515816,1171.0,10.743119266055047,0.0,0.0,0.0,3.379374858461086,False,True,5,PV+/PNN-,86.59131021,10.500070494515816,0.0,0.0,0.0,False,NONE
353,381,1090,128.69534178,12.800781162784691,2713.0,16.746913580246915,0.0,0.0,0.0,2.6931109040617773,False,True,6,PV+/PNN-,128.69534178,12.800781162784691,0.0,0.0,0.0,False,NONE
354,411,302,120.75118488,12.39940255265723,3087.0,20.30921052631579,0.0,0.0,0.0,3.2467551085100883,False,True,8,PV+/PNN-,120.75118488,12.39940255265723,0.0,0.0,0.0,False,NONE
355,426,287,77.85273762,9.956163126610313,6389.0,65.1938775510204,0.0,0.0,0.0,3.5295337167049703,False,True,10,PV+/PNN-,77.85273762,9.956163126610313,0.0,0.0,0.0,False,NONE
356,436,1386,190.65976560000001,15.580614658987523,3472.0,14.466666666666667,0.0,0.0,0.0,2.7399283110585646,False,True,12,PV+/PNN-,190.65976560000001,15.580614658987523,0.0,0.0,0.0,False,NONE
357,457,1652,124.72326333,12.60169000650996,1420.0,9.044585987261147,0.0,0.0,0.0,2.952972289578367,False,True,16,PV+/PNN-,124.72326333,12.60169000650996,0.0,0.0,0.0,False,NONE
358,459,897,91.35780435,10.78519212710641,4408.0,38.3304347826087,0.0,0.0,0.0,4.206578444802475,False,True,17,PV+/PNN-,91.35780435,10.78519212710641,0.0,0.0,0.0,False,NONE
359,460,363,74.67507486,9.75085936304132,2260.0,24.04255319148936,0.0,0.0,0.0,4.800308829498647,False,True,18,PV+/PNN-,74.67507486,9.75085936304132,0.0,0.0,0.0,False,NONE
360,462,1505,147.76131834,13.716251444643651,3210.0,17.258064516129032,0.0,0.0,0.0,2.2102641228355195,False,True,19,PV+/PNN-,147.76131834,13.716251444643651,0.0,0.0,0.0,False,NONE
361,470,1710,118.36793781,12.276430232296539,1668.0,11.194630872483222,0.0,0.0,0.0,2.5531530104711235,False,True,21,PV+/PNN-,118.36793781,12.276430232296539,0.0,0.0,0.0,False,NONE
362,474,1607,170.00495766,14.712478883374446,3595.0,16.799065420560748,0.0,0.0,0.0,3.6176927949546775,False,True,22,PV+/PNN-,170.00495766,14.712478883374446,0.0,0.0,0.0,False,NONE
363,477,1348,105.65728677,11.598579038183399,3563.0,26.789473684210527,0.0,0.0,0.0,3.2556935436266343,False,True,23,PV+/PNN-,105.65728677,11.598579038183399,0.0,0.0,0.0,False,NONE
364,485,1750,168.41612628000001,14.643567596416075,4801.0,22.64622641509434,0.0,0.0,0.0,3.375494367674814,False,True,26,PV+/PNN-,168.41612628000001,14.643567596416075,0.0,0.0,0.0,False,NONE
365,491,1173,80.23598469,10.107404643036364,3295.0,32.62376237623762,0.0,0.0,0.0,2.9459666154414155,False,True,27,PV+/PNN-,80.23598469,10.107404643036364,0.0,0.0,0.0,False,NONE
366,500,1109,135.05066730000001,13.113041224263421,7275.0,42.794117647058826,0.0,0.0,0.0,2.983371282331949,False,True,29,PV+/PNN-,135.05066730000001,13.113041224263421,0.0,0.0,0.0,False,NONE
367,502,1440,176.36028318,14.984955344126572,3932.0,17.71171171171171,0.0,0.0,0.0,2.9757646821282764,False,True,30,PV+/PNN-,176.36028318,14.984955344126572,0.0,0.0,0.0,False,NONE
368,500,652,82.61923176,10.256416188536388,3820.0,36.73076923076923,0.0,0.0,0.0,2.920158440790139,False,True,31,PV+/PNN-,82.61923176,10.256416188536388,0.0,0.0,0.0,False,NONE
369,518,1199,148.55573403,13.753073662427433,5690.0,30.427807486631018,0.0,0.0,0.0,2.7984865422327023,False,True,37,PV+/PNN-,148.55573403,13.753073662427433,0.0,0.0,0.0,False,NONE
370,516,246,40.51520019,7.182308476024235,1086.0,21.294117647058822,0.0,0.0,0.0,2.8332468108289546,False,True,38,PV+/PNN-,40.51520019,7.182308476024235,0.0,0.0,0.0,False,NONE
371,520,913,93.74105142,10.924962866435578,9244.0,78.33898305084746,0.0,0.0,0.0,3.241506117200372,False,True,39,PV+/PNN-,93.74105142,10.924962866435578,0.0,0.0,0.0,False,NONE
372,523,877,88.18014159,10.595963539609496,6465.0,58.24324324324324,0.0,0.0,0.0,3.727445864838637,False,True,41,PV+/PNN-,88.18014159,10.595963539609496,0.0,0.0,0.0,False,NONE
373,526,283,109.62936522,11.814586030086609,1698.0,12.304347826086957,0.0,0.0,0.0,4.231712745218857,False,True,43,PV+/PNN-,109.62936522,11.814586030086609,0.0,0.0,0.0,False,NONE
374,527,1562,160.47196938,14.294028726574819,4229.0,20.935643564356436,0.0,0.0,0.0,4.244075192565145,False,True,44,PV+/PNN-,160.47196938,14.294028726574819,0.0,0.0,0.0,False,NONE
375,529,1784,125.51767902,12.64175907426016,2173.0,13.753164556962025,0.0,0.0,0.0,3.3313541023793483,False,True,46,PV+/PNN-,125.51767902,12.64175907426016,0.0,0.0,0.0,False,NONE
376,536,1099,135.84508299,13.151552441468574,10502.0,61.41520467836257,0.0,0.0,0.0,2.953305699422438,False,True,49,PV+/PNN-,135.84508299,13.151552441468574,0.0,0.0,0.0,False,NONE
377,541,1696,207.34249509,16.247974152264163,4155.0,15.919540229885058,0.0,0.0,0.0,3.2167085095100245,False,True,50,PV+/PNN-,207.34249509,16.247974152264163,0.0,0.0,0.0,False,NONE
378,543,607,100.09637694,11.289227848029503,5019.0,39.833333333333336,0.0,0.0,0.0,3.5957713719450437,False,True,53,PV+/PNN-,100.09637694,11.289227848029503,0.0,0.0,0.0,False,NONE
379,554,1583,150.9389811,13.862953494062992,5741.0,30.21578947368421,0.0,0.0,0.0,2.567118565472009,False,True,55,PV+/PNN-,150.9389811,13.862953494062992,0.0,0.0,0.0,False,NONE
380,556,903,88.97455728,10.643586087602236,9500.0,84.82142857142857,0.0,0.0,0.0,3.0476683666915574,False,True,56,PV+/PNN-,88.97455728,10.643586087602236,0.0,0.0,0.0,False,NONE
381,569,1044,97.71312987,11.154022637162193,5228.0,42.50406504065041,0.0,0.0,0.0,3.2247445860734096,False,True,59,PV+/PNN-,97.71312987,11.154022637162193,0.0,0.0,0.0,False,NONE
382,572,1303,181.12677732,15.186104684686724,30292.0,132.859649122807,0.0,0.0,0.0,5.177281830250364,False,True,60,PV+/PNN-,181.12677732,15.186104684686724,0.0,0.0,0.0,False,NONE
383,578,1808,148.55573403,13.753073662427433,3305.0,17.67379679144385,0.0,0.0,0.0,3.173299110579996,False,True,61,PV+/PNN-,148.55573403,13.753073662427433,0.0,0.0,0.0,False,NONE
384,597,569,152.52781248,13.93572540349032,4656.0,24.25,0.0,0.0,0.0,4.3315043152764074,False,True,68,PV+/PNN-,152.52781248,13.93572540349032,0.0,0.0,0.0,False,NONE
385,594,1629,115.19027505,12.11052490037406,4661.0,32.144827586206894,0.0,0.0,0.0,2.678702145758562,False,True,69,PV+/PNN-,115.19027505,12.11052490037406,0.0,0.0,0.0,False,NONE
386,600,1417,211.31457354,16.40286778005525,11529.0,43.3421052631579,0.0,0.0,0.0,4.572572908864318,False,True,71,PV+/PNN-,211.31457354,16.40286778005525,0.0,0.0,0.0,False,NONE
387,600,1442,86.59131021,10.500070494515816,7565.0,69.40366972477064,0.0,0.0,0.0,3.4006380111830152,False,True,73,PV+/PNN-,86.59131021,10.500070494515816,0.0,0.0,0.0,False,NONE
388,607,306,73.08624348000001,9.646569098642193,3045.0,33.09782608695652,0.0,0.0,0.0,3.4174540727434617,False,True,76,PV+/PNN-,73.08624348000001,9.646569098642193,0.0,0.0,0.0,False,NONE
389,618,360,121.54560057,12.440123196106569,4688.0,30.640522875816995,0.0,0.0,0.0,3.1194966729849773,False,True,80,PV+/PNN-,121.54560057,12.440123196106569,0.0,0.0,0.0,False,NONE
390,622,297,91.35780435,10.78519212710641,6445.0,56.04347826086956,0.0,0.0,0.0,2.8159682567883086,False,True,81,PV+/PNN-,91.35780435,10.78519212710641,0.0,0.0,0.0,False,NONE
391,628,1775,211.31457354,16.40286778005525,6308.0,23.714285714285715,0.0,0.0,0.0,2.534609702291832,False,True,82,PV+/PNN-,211.31457354,16.40286778005525,0.0,0.0,0.0,False,NONE
392,632,1081,126.31209471,12.681701540530954,18909.0,118.9245283018868,0.0,0.0,0.0,3.1374932384820466,False,True,84,PV+/PNN-,126.31209471,12.681701540530954,0.0,0.0,0.0,False,NONE
393,631,1070,127.1065104,12.72151859781572,11486.0,71.7875,0.0,0.0,0.0,3.140361441108143,False,True,85,PV+/PNN-,127.1065104,12.72151859781572,0.0,0.0,0.0,False,NONE
394,638,311,139.81716144,13.342441267550265,9316.0,52.93181818181818,0.0,0.0,0.0,3.1482172261958663,False,True,88,PV+/PNN-,139.81716144,13.342441267550265,0.0,0.0,0.0,False,NONE
395,638,1112,57.99234537,8.592912627102823,4097.0,56.12328767123287,0.0,0.0,0.0,2.528979321612916,False,True,89,PV+/PNN-,57.99234537,8.592912627102823,0.0,0.0,0.0,False,NONE
396,641,2007,96.12429849,11.062967867954534,2047.0,16.917355371900825,0.0,0.0,0.0,3.692838207080464,False,True,90,PV+/PNN-,96.12429849,11.062967867954534,0.0,0.0,0.0,False,NONE
397,650,1132,142.9948242,13.493208101259413,10452.0,58.06666666666667,0.0,0.0,0.0,3.816630005162765,False,True,93,PV+/PNN-,142.9948242,13.493208101259413,0.0,0.0,0.0,False,NONE
398,655,1349,155.70547524,14.080140922851225,26572.0,135.57142857142858,0.0,0.0,0.0,5.633145597998979,False,True,95,PV+/PNN-,155.70547524,14.080140922851225,0.0,0.0,0.0,False,NONE
399,658,1392,176.36028318,14.984955344126572,12609.0,56.7972972972973,0.0,0.0,0.0,3.029404766526669,False,True,97,PV+/PNN-,176.36028318,14.984955344126572,0.0,0.0,0.0,False,NONE
400,669,232,150.9389811,13.862953494062992,9347.0,49.194736842105264,0.0,0.0,0.0,4.931071758647938,False,True,103,PV+/PNN-,150.9389811,13.862953494062992,0.0,0.0,0.0,False,NONE
401,685,1078,111.2181966,11.899891008124815,9215.0,65.82142857142857,0.0,0.0,0.0,3.3366652499765217,False,True,106,PV+/PNN-,111.2181966,11.899891008124815,0.0,0.0,0.0,False,NONE
402,691,372,168.41612628000001,14.643567596416075,11074.0,52.235849056603776,0.0,0.0,0.0,3.599798494184364,False,True,107,PV+/PNN-,168.41612628000001,14.643567596416075,0.0,0.0,0.0,False,NONE
403,691,1385,61.96442382,8.88231697105848,8199.0,105.11538461538461,0.0,0.0,0.0,3.34127602646198,False,True,109,PV+/PNN-,61.96442382,8.88231697105848,0.0,0.0,0.0,False,NONE
404,699,2298,123.92884764,12.56149312576761,3017.0,19.33974358974359,0.0,0.0,0.0,2.4068253254091356,False,True,113,PV+/PNN-,123.92884764,12.56149312576761,0.0,0.0,0.0,False,NONE
405,714,1929,162.06080076,14.36461695204847,3056.0,14.980392156862745,0.0,0.0,0.0,3.848702526214553,False,True,117,PV+/PNN-,162.06080076,14.36461695204847,0.0,0.0,0.0,False,NONE
406,717,1590,135.05066730000001,13.113041224263421,16379.0,96.34705882352941,0.0,0.0,0.0,3.1888130173428313,False,True,118,PV+/PNN-,135.05066730000001,13.113041224263421,0.0,0.0,0.0,False,NONE
407,716,2082,110.42378091,11.857315232959936,1858.0,13.366906474820144,0.0,0.0,0.0,4.7578348242029405,False,True,119,PV+/PNN-,110.42378091,11.857315232959936,0.0,0.0,0.0,False,NONE
408,721,1611,149.35014972,13.789797556005714,11420.0,60.744680851063826,0.0,0.0,0.0,4.569475700343691,False,True,121,PV+/PNN-,149.35014972,13.789797556005714,0.0,0.0,0.0,False,NONE
409,723,887,66.73091796,9.217615939230159,3154.0,37.54761904761905,0.0,0.0,0.0,3.967463385344196,False,True,124,PV+/PNN-,66.73091796,9.217615939230159,0.0,0.0,0.0,False,NONE
410,726,1119,129.48975747,12.84022896403991,6265.0,38.43558282208589,0.0,0.0,0.0,3.1968050299176256,False,True,126,PV+/PNN-,129.48975747,12.84022896403991,0.0,0.0,0.0,False,NONE
411,727,1178,139.81716144,13.342441267550265,11972.0,68.02272727272727,0.0,0.0,0.0,2.8435217467818426,False,True,127,PV+/PNN-,139.81716144,13.342441267550265,0.0,0.0,0.0,False,NONE
412,732,341,121.54560057,12.440123196106569,7725.0,50.490196078431374,0.0,0.0,0.0,2.8964516161590255,False,True,128,PV+/PNN-,121.54560057,12.440123196106569,0.0,0.0,0.0,False,NONE
413,737,247,104.06845539,11.51104134134072,5298.0,40.44274809160305,0.0,0.0,0.0,3.0143919184776693,False,True,130,PV+/PNN-,104.06845539,11.51104134134072,0.0,0.0,0.0,False,NONE
414,741,1751,116.77910643,12.193759728054031,6245.0,42.48299319727891,0.0,0.0,0.0,2.965743441870858,False,True,131,PV+/PNN-,116.77910643,12.193759728054031,0.0,0.0,0.0,False,NONE
415,744,333,123.13443195,12.521167201073583,5947.0,38.36774193548387,0.0,0.0,0.0,2.994168840118008,False,True,132,PV+/PNN-,123.13443195,12.521167201073583,0.0,0.0,0.0,False,NONE
416,744,1328,121.54560057,12.440123196106569,8084.0,52.83660130718954,0.0,0.0,0.0,3.973545075585519,False,True,133,PV+/PNN-,121.54560057,12.440123196106569,0.0,0.0,0.0,False,NONE
417,749,519,82.61923176,10.256416188536388,4978.0,47.86538461538461,0.0,0.0,0.0,3.4258069286953785,False,True,136,PV+/PNN-,82.61923176,10.256416188536388,0.0,0.0,0.0,False,NONE
418,753,1232,137.43391437,13.228238528376714,7547.0,43.6242774566474,0.0,0.0,0.0,3.035578880287387,False,True,137,PV+/PNN-,137.43391437,13.228238528376714,0.0,0.0,0.0,False,NONE
419,764,427,105.65728677,11.598579038183399,4875.0,36.65413533834587,0.0,0.0,0.0,3.505669275289366,False,True,140,PV+/PNN-,105.65728677,11.598579038183399,0.0,0.0,0.0,False,NONE
420,768,1134,189.07093422,15.515559616363333,18294.0,76.8655462184874,0.0,0.0,0.0,2.94596329070035,False,True,141,PV+/PNN-,189.07093422,15.515559616363333,0.0,0.0,0.0,False,NONE
421,775,2415,132.66742023,12.996822909266468,3124.0,18.706586826347305,0.0,0.0,0.0,2.627314313510144,False,True,144,PV+/PNN-,132.66742023,12.996822909266468,0.0,0.0,0.0,False,NONE
422,779,992,188.27651853,15.482929591568213,9076.0,38.29535864978903,0.0,0.0,0.0,3.3519242613271305,False,True,145,PV+/PNN-,188.27651853,15.482929591568213,0.0,0.0,0.0,False,NONE
423,779,1289,74.67507486,9.75085936304132,3872.0,41.191489361702125,0.0,0.0,0.0,2.826961894807475,False,True,146,PV+/PNN-,74.67507486,9.75085936304132,0.0,0.0,0.0,False,NONE
424,782,1726,68.31974934,9.326703948667076,8856.0,102.97674418604652,0.0,0.0,0.0,2.7628201610305525,False,True,149,PV+/PNN-,68.31974934,9.326703948667076,0.0,0.0,0.0,False,NONE
425,786,1355,186.68768715,15.41746236559462,16633.0,70.77872340425532,0.0,0.0,0.0,5.888922967878043,False,True,150,PV+/PNN-,186.68768715,15.41746236559462,0.0,0.0,0.0,False,NONE
426,791,293,145.37807127,13.6051868520168,5756.0,31.453551912568305,0.0,0.0,0.0,4.55107994764639,False,True,152,PV+/PNN-,145.37807127,13.6051868520168,0.0,0.0,0.0,False,NONE
427,798,2319,120.75118488,12.39940255265723,2672.0,17.57894736842105,0.0,0.0,0.0,2.776698579439964,False,True,155,PV+/PNN-,120.75118488,12.39940255265723,0.0,0.0,0.0,False,NONE
428,800,1392,96.12429849,11.062967867954534,5061.0,41.82644628099174,0.0,0.0,0.0,2.711339803266912,False,True,156,PV+/PNN-,96.12429849,11.062967867954534,0.0,0.0,0.0,False,NONE
429,803,2275,204.95924802,16.154325106244645,5525.0,21.414728682170544,0.0,0.0,0.0,4.583636049194874,False,True,157,PV+/PNN-,204.95924802,16.154325106244645,0.0,0.0,0.0,False,NONE
430,812,2046,181.12677732,15.186104684686724,6429.0,28.19736842105263,0.0,0.0,0.0,3.7748238341209333,False,True,160,PV+/PNN-,181.12677732,15.186104684686724,0.0,0.0,0.0,False,NONE
431,818,1131,287.57847978,19.135210808107587,12712.0,35.11602209944751,0.0,0.0,0.0,2.031339991731497,False,True,162,PV+/PNN-,287.57847978,19.135210808107587,0.0,0.0,0.0,False,NONE
432,822,1199,282.01756995,18.949298730308065,12561.0,35.3830985915493,0.0,0.0,0.0,1.9534279749714958,False,True,163,PV+/PNN-,282.01756995,18.949298730308065,0.0,0.0,0.0,False,NONE
433,821,1610,162.06080076,14.36461695204847,21467.0,105.23039215686275,0.0,0.0,0.0,4.079844066367911,False,True,164,PV+/PNN-,162.06080076,14.36461695204847,0.0,0.0,0.0,False,NONE
434,822,1057,176.36028318,14.984955344126572,7968.0,35.891891891891895,0.0,0.0,0.0,1.7514027556924827,False,True,165,PV+/PNN-,176.36028318,14.984955344126572,0.0,0.0,0.0,False,NONE
435,826,916,227.99730303,17.038051012682235,16006.0,55.77003484320557,0.0,0.0,0.0,4.297864880814341,False,True,167,PV+/PNN-,227.99730303,17.038051012682235,0.0,0.0,0.0,False,NONE
436,824,1037,108.83494953,11.77170172875832,4214.0,30.759124087591243,0.0,0.0,0.0,1.6701556205573287,False,True,168,PV+/PNN-,108.83494953,11.77170172875832,0.0,0.0,0.0,False,NONE
437,829,1140,213.69782061,16.495105814282393,6806.0,25.30111524163569,0.0,0.0,0.0,1.7285326825335265,False,True,169,PV+/PNN-,213.69782061,16.495105814282393,0.0,0.0,0.0,False,NONE
438,831,1158,280.42873857,18.895845030787132,10839.0,30.705382436260624,0.0,0.0,0.0,2.056188617684977,False,True,170,PV+/PNN-,280.42873857,18.895845030787132,0.0,0.0,0.0,False,NONE
439,835,1992,122.34001626,12.48071098158173,6550.0,42.532467532467535,0.0,0.0,0.0,2.9731324701944932,False,True,173,PV+/PNN-,122.34001626,12.48071098158173,0.0,0.0,0.0,False,NONE
440,835,1483,100.09637694,11.289227848029503,4257.0,33.785714285714285,0.0,0.0,0.0,2.521923968046127,False,True,174,PV+/PNN-,100.09637694,11.289227848029503,0.0,0.0,0.0,False,NONE
441,839,1094,217.66989906,16.647700237020825,10664.0,38.91970802919708,0.0,0.0,0.0,2.052838850416081,False,True,176,PV+/PNN-,217.66989906,16.647700237020825,0.0,0.0,0.0,False,NONE
442,842,2556,153.32222817,13.97196922387648,2671.0,13.839378238341968,0.0,0.0,0.0,2.8237064117886383,False,True,178,PV+/PNN-,153.32222817,13.97196922387648,0.0,0.0,0.0,False,NONE
443,844,1907,104.06845539,11.51104134134072,5259.0,40.14503816793893,0.0,0.0,0.0,2.6276029129494685,False,True,179,PV+/PNN-,104.06845539,11.51104134134072,0.0,0.0,0.0,False,NONE
444,850,2364,146.17248696000001,13.642308849668991,5300.0,28.804347826086957,0.0,0.0,0.0,2.77374958166494,False,True,181,PV+/PNN-,146.17248696000001,13.642308849668991,0.0,0.0,0.0,False,NONE
445,851,1304,113.60144367,12.026714032504808,6601.0,46.16083916083916,0.0,0.0,0.0,4.680077853239545,False,True,182,PV+/PNN-,113.60144367,12.026714032504808,0.0,0.0,0.0,False,NONE
446,852,2108,124.72326333,12.60169000650996,2651.0,16.88535031847134,0.0,0.0,0.0,2.6633254644154487,False,True,183,PV+/PNN-,124.72326333,12.60169000650996,0.0,0.0,0.0,False,NONE
447,855,1070,268.51250322,18.490017235133443,11153.0,32.99704142011834,0.0,0.0,0.0,1.9857077397372944,False,True,184,PV+/PNN-,268.51250322,18.490017235133443,0.0,0.0,0.0,False,NONE
448,859,1576,192.24859698,15.645399198959067,23487.0,97.05371900826447,0.0,0.0,0.0,4.411789090358425,False,True,187,PV+/PNN-,192.24859698,15.645399198959067,0.0,0.0,0.0,False,NONE
449,863,1193,203.37041664,16.091589626115685,6417.0,25.06640625,0.0,0.0,0.0,2.2305831971446715,False,True,188,PV+/PNN-,203.37041664,16.091589626115685,0.0,0.0,0.0,False,NONE
450,864,1831,177.94911456,15.052303797372671,15569.0,69.50446428571429,0.0,0.0,0.0,4.014202387455715,False,True,189,PV+/PNN-,177.94911456,15.052303797372671,0.0,0.0,0.0,False,NONE
451,870,1127,478.23824538,24.67613920009721,15608.0,25.92691029900332,0.0,0.0,0.0,1.971186091537247,False,True,190,PV+/PNN-,478.23824538,24.67613920009721,0.0,0.0,0.0,False,NONE
452,869,1741,190.65976560000001,15.580614658987523,17030.0,70.95833333333333,0.0,0.0,0.0,3.605396672803972,False,True,191,PV+/PNN-,190.65976560000001,15.580614658987523,0.0,0.0,0.0,False,NONE
453,867,2717,163.64963214,14.434859996619657,2988.0,14.504854368932039,0.0,0.0,0.0,3.753918139500357,False,True,193,PV+/PNN-,163.64963214,14.434859996619657,0.0,0.0,0.0,False,NONE
454,870,2355,222.4363932,16.828987254451757,7995.0,28.553571428571427,0.0,0.0,0.0,3.350651271982411,False,True,194,PV+/PNN-,222.4363932,16.828987254451757,0.0,0.0,0.0,False,NONE
455,874,1878,227.99730303,17.038051012682235,27548.0,95.98606271777004,0.0,0.0,0.0,4.6782512632940865,False,True,195,PV+/PNN-,227.99730303,17.038051012682235,0.0,0.0,0.0,False,NONE
456,875,1066,278.0454915,18.815379746715838,10036.0,28.674285714285713,0.0,0.0,0.0,1.9249333144432559,False,True,196,PV+/PNN-,278.0454915,18.815379746715838,0.0,0.0,0.0,False,NONE
457,877,1181,262.95159339,18.2975508485499,9297.0,28.08761329305136,0.0,0.0,0.0,2.1518071319203838,False,True,197,PV+/PNN-,262.95159339,18.2975508485499,0.0,0.0,0.0,False,NONE
458,876,1222,217.66989906,16.647700237020825,15770.0,57.55474452554745,0.0,0.0,0.0,2.612863089233767,False,True,198,PV+/PNN-,217.66989906,16.647700237020825,0.0,0.0,0.0,False,NONE
459,874,1235,133.46183592,13.035677474005707,11836.0,70.45238095238095,0.0,0.0,0.0,5.352745564975168,False,True,199,PV+/PNN-,133.46183592,13.035677474005707,0.0,0.0,0.0,False,NONE
460,877,1198,199.39833819,15.933670303416713,6504.0,25.91235059760956,0.0,0.0,0.0,2.1046694469876,False,True,200,PV+/PNN-,199.39833819,15.933670303416713,0.0,0.0,0.0,False,NONE
461,876,1615,127.1065104,12.72151859781572,11008.0,68.8,0.0,0.0,0.0,2.6618396881923476,False,True,201,PV+/PNN-,127.1065104,12.72151859781572,0.0,0.0,0.0,False,NONE
462,875,393,99.30196125,11.244340084382843,5664.0,45.312,0.0,0.0,0.0,6.524679066061874,False,True,202,PV+/PNN-,99.30196125,11.244340084382843,0.0,0.0,0.0,False,NONE
463,879,893,198.6039225,15.90189824726965,5652.0,22.608,0.0,0.0,0.0,3.334907007210067,False,True,203,PV+/PNN-,198.6039225,15.90189824726965,0.0,0.0,0.0,False,NONE
464,884,1079,160.47196938,14.294028726574819,7068.0,34.99009900990099,0.0,0.0,0.0,2.588304270510038,False,True,206,PV+/PNN-,160.47196938,14.294028726574819,0.0,0.0,0.0,False,NONE
465,895,1169,278.0454915,18.815379746715838,7824.0,22.354285714285716,0.0,0.0,0.0,1.9418307124585348,False,True,210,PV+/PNN-,278.0454915,18.815379746715838,0.0,0.0,0.0,False,NONE
466,894,1193,146.96690265,13.679330108642857,3926.0,21.221621621621622,0.0,0.0,0.0,2.18160343257892,False,True,211,PV+/PNN-,146.96690265,13.679330108642857,0.0,0.0,0.0,False,NONE
467,897,867,267.71808753,18.462644877808422,11446.0,33.96439169139466,0.0,0.0,0.0,3.7403567456870026,False,True,212,PV+/PNN-,267.71808753,18.462644877808422,0.0,0.0,0.0,False,NONE
468,901,2226,198.6039225,15.90189824726965,8905.0,35.62,0.0,0.0,0.0,3.223338511665942,False,True,216,PV+/PNN-,198.6039225,15.90189824726965,0.0,0.0,0.0,False,NONE
469,900,1285,193.04301267,15.677691078926612,13326.0,54.839506172839506,0.0,0.0,0.0,5.8969870562163615,False,True,217,PV+/PNN-,193.04301267,15.677691078926612,0.0,0.0,0.0,False,NONE
470,902,1584,166.8272949,14.574330482319752,9377.0,44.65238095238095,0.0,0.0,0.0,3.5271415496757803,False,True,218,PV+/PNN-,166.8272949,14.574330482319752,0.0,0.0,0.0,False,NONE
471,902,1772,109.62936522,11.814586030086609,12308.0,89.18840579710145,0.0,0.0,0.0,2.4670995339581676,False,True,221,PV+/PNN-,109.62936522,11.814586030086609,0.0,0.0,0.0,False,NONE
472,905,1069,138.22833006,13.266415342325757,8025.0,46.12068965517241,0.0,0.0,0.0,4.402496582149489,False,True,223,PV+/PNN-,138.22833006,13.266415342325757,0.0,0.0,0.0,False,NONE
473,909,2078,173.97703611,14.883361255142246,14013.0,63.986301369863014,0.0,0.0,0.0,3.6051640286023083,False,True,224,PV+/PNN-,173.97703611,14.883361255142246,0.0,0.0,0.0,False,NONE
474,911,1497,172.38820473,14.815244827816286,10303.0,47.47926267281106,0.0,0.0,0.0,4.564654555391596,False,True,225,PV+/PNN-,172.38820473,14.815244827816286,0.0,0.0,0.0,False,NONE
475,911,1421,82.61923176,10.256416188536388,3622.0,34.82692307692308,0.0,0.0,0.0,3.5041901289481667,False,True,226,PV+/PNN-,82.61923176,10.256416188536388,0.0,0.0,0.0,False,NONE
476,917,2026,273.27899736,18.65340789733415,20512.0,59.627906976744185,0.0,0.0,0.0,4.482729146239868,False,True,227,PV+/PNN-,273.27899736,18.65340789733415,0.0,0.0,0.0,False,NONE
477,916,1444,73.08624348000001,9.646569098642193,4160.0,45.21739130434783,0.0,0.0,0.0,3.763195486305205,False,True,228,PV+/PNN-,73.08624348000001,9.646569098642193,0.0,0.0,0.0,False,NONE
478,917,1556,85.00247883,10.403293586497956,2876.0,26.878504672897197,0.0,0.0,0.0,3.7958325144956477,False,True,229,PV+/PNN-,85.00247883,10.403293586497956,0.0,0.0,0.0,False,NONE
479,927,1010,196.22067543,15.806198893222852,8983.0,36.36842105263158,0.0,0.0,0.0,2.434489984321884,False,True,231,PV+/PNN-,196.22067543,15.806198893222852,0.0,0.0,0.0,False,NONE
480,928,1106,204.95924802,16.154325106244645,5411.0,20.972868217054263,0.0,0.0,0.0,1.608624856624247,False,True,232,PV+/PNN-,204.95924802,16.154325106244645,0.0,0.0,0.0,False,NONE
481,926,1560,119.1623535,12.317557416952052,3350.0,22.333333333333332,0.0,0.0,0.0,3.2484867112346274,False,True,233,PV+/PNN-,119.1623535,12.317557416952052,0.0,0.0,0.0,False,NONE
482,938,2245,272.48458167,18.62627565330391,16291.0,47.49562682215743,0.0,0.0,0.0,3.507864411473021,False,True,235,PV+/PNN-,272.48458167,18.62627565330391,0.0,0.0,0.0,False,NONE
483,938,1660,170.79937335,14.746813769937052,11495.0,53.46511627906977,0.0,0.0,0.0,3.9904304646704314,False,True,236,PV+/PNN-,170.79937335,14.746813769937052,0.0,0.0,0.0,False,NONE
484,943,1832,127.90092609,12.761211420003875,4127.0,25.633540372670808,0.0,0.0,0.0,2.141958649704123,False,True,238,PV+/PNN-,127.90092609,12.761211420003875,0.0,0.0,0.0,False,NONE
485,948,900,180.33236163,15.152765226941183,5998.0,26.422907488986784,0.0,0.0,0.0,2.7458020295514936,False,True,240,PV+/PNN-,180.33236163,15.152765226941183,0.0,0.0,0.0,False,NONE
486,952,1720,191.45418129,15.613040531021587,10435.0,43.29875518672199,0.0,0.0,0.0,3.20542711817259,False,True,241,PV+/PNN-,191.45418129,15.613040531021587,0.0,0.0,0.0,False,NONE
487,956,606,149.35014972,13.789797556005714,5308.0,28.23404255319149,0.0,0.0,0.0,3.8791018481380766,False,True,242,PV+/PNN-,149.35014972,13.789797556005714,0.0,0.0,0.0,False,NONE
488,956,1548,111.2181966,11.899891008124815,6595.0,47.107142857142854,0.0,0.0,0.0,2.3485099809073415,False,True,243,PV+/PNN-,111.2181966,11.899891008124815,0.0,0.0,0.0,False,NONE
489,960,1643,141.40599282,13.418036440588484,7664.0,43.056179775280896,0.0,0.0,0.0,2.424094151197368,False,True,244,PV+/PNN-,141.40599282,13.418036440588484,0.0,0.0,0.0,False,NONE
490,964,967,151.73339679,13.899387074616612,3676.0,19.24607329842932,0.0,0.0,0.0,2.5256433456260194,False,True,247,PV+/PNN-,151.73339679,13.899387074616612,0.0,0.0,0.0,False,NONE
491,986,809,153.32222817,13.97196922387648,7218.0,37.398963730569946,0.0,0.0,0.0,3.4444331915615036,False,True,256,PV+/PNN-,153.32222817,13.97196922387648,0.0,0.0,0.0,False,NONE
492,986,1851,214.4922363,16.525737420636904,10437.0,38.65555555555556,0.0,0.0,0.0,2.651868172502964,False,True,257,PV+/PNN-,214.4922363,16.525737420636904,0.0,0.0,0.0,False,NONE
493,988,1100,209.72574216,16.34108651427568,4533.0,17.170454545454547,0.0,0.0,0.0,1.4267558812501675,False,True,258,PV+/PNN-,209.72574216,16.34108651427568,0.0,0.0,0.0,False,NONE
494,987,1774,112.01261229,11.942314996545514,5594.0,39.673758865248224,0.0,0.0,0.0,2.0014040001133218,False,True,260,PV+/PNN-,112.01261229,11.942314996545514,0.0,0.0,0.0,False,NONE
495,995,1628,85.00247883,10.403293586497956,3119.0,29.149532710280372,0.0,0.0,0.0,3.288675828674604,False,True,263,PV+/PNN-,85.00247883,10.403293586497956,0.0,0.0,0.0,False,NONE
496,996,1878,132.66742023,12.996822909266468,7524.0,45.053892215568865,0.0,0.0,0.0,2.305240992382216,False,True,265,PV+/PNN-,132.66742023,12.996822909266468,0.0,0.0,0.0,False,NONE
497,998,1755,150.14456541,13.82642390884524,5491.0,29.052910052910054,0.0,0.0,0.0,3.883526110418449,False,True,266,PV+/PNN-,150.14456541,13.82642390884524,0.0,0.0,0.0,False,NONE
498,998,1122,119.95676919,12.358547737957586,5418.0,35.88079470198676,0.0,0.0,0.0,3.3254182124126554,False,True,267,PV+/PNN-,119.95676919,12.358547737957586,0.0,0.0,0.0,False,NONE
499,1017,2813,256.59626787,18.075079952341586,5823.0,18.027863777089784,0.0,0.0,0.0,3.1577109745981997,False,True,271,PV+/PNN-,256.59626787,18.075079952341586,0.0,0.0,0.0,False,NONE
500,1017,1776,100.09637694,11.289227848029503,8293.0,65.81746031746032,0.0,0.0,0.0,3.477159756747703,False,True,272,PV+/PNN-,100.09637694,11.289227848029503,0.0,0.0,0.0,False,NONE
501,1020,1898,104.06845539,11.51104134134072,1981.0,15.122137404580153,0.0,0.0,0.0,1.7570226118631225,False,True,274,PV+/PNN-,104.06845539,11.51104134134072,0.0,0.0,0.0,False,NONE
502,1025,444,161.26638507,14.329366305165495,4099.0,20.192118226600986,0.0,0.0,0.0,2.0991828102858103,False,True,275,PV+/PNN-,161.26638507,14.329366305165495,0.0,0.0,0.0,False,NONE
503,1037,518,216.08106768,16.586830928142092,8620.0,31.691176470588236,0.0,0.0,0.0,3.2508686443941737,False,True,279,PV+/PNN-,216.08106768,16.586830928142092,0.0,0.0,0.0,False,NONE
504,1038,1133,137.43391437,13.228238528376714,5733.0,33.138728323699425,0.0,0.0,0.0,3.115960972080113,False,True,281,PV+/PNN-,137.43391437,13.228238528376714,0.0,0.0,0.0,False,NONE
505,1040,654,61.17000813,8.825195369105852,1285.0,16.68831168831169,0.0,0.0,0.0,3.5673437947489863,False,True,284,PV+/PNN-,61.17000813,8.825195369105852,0.0,0.0,0.0,False,NONE
506,1063,1381,199.39833819,15.933670303416713,6901.0,27.49402390438247,0.0,0.0,0.0,2.661881479094756,False,True,288,PV+/PNN-,199.39833819,15.933670303416713,0.0,0.0,0.0,False,NONE
507,1061,796,108.04053384,11.728660627684029,5977.0,43.9485294117647,0.0,0.0,0.0,2.2454029447270676,False,True,289,PV+/PNN-,108.04053384,11.728660627684029,0.0,0.0,0.0,False,NONE
508,1068,1848,193.04301267,15.677691078926612,5028.0,20.691358024691358,0.0,0.0,0.0,2.992235819155407,False,True,290,PV+/PNN-,193.04301267,15.677691078926612,0.0,0.0,0.0,False,NONE
509,1071,2031,139.81716144,13.342441267550265,2978.0,16.920454545454547,0.0,0.0,0.0,1.8358924340847955,False,True,292,PV+/PNN-,139.81716144,13.342441267550265,0.0,0.0,0.0,False,NONE
510,1076,1393,100.89079263,11.333937836259333,3971.0,31.26771653543307,0.0,0.0,0.0,3.2295282310112703,False,True,295,PV+/PNN-,100.89079263,11.333937836259333,0.0,0.0,0.0,False,NONE
511,1077,1820,158.08872231,14.187487896796528,5819.0,29.241206030150753,0.0,0.0,0.0,3.1044350353345784,False,True,296,PV+/PNN-,158.08872231,14.187487896796528,0.0,0.0,0.0,False,NONE
512,1077,1911,139.02274575,13.304482609502793,3842.0,21.954285714285714,0.0,0.0,0.0,1.772856732305746,False,True,297,PV+/PNN-,139.02274575,13.304482609502793,0.0,0.0,0.0,False,NONE
513,1079,647,152.52781248,13.93572540349032,12113.0,63.088541666666664,0.0,0.0,0.0,4.160425296097222,False,True,299,PV+/PNN-,152.52781248,13.93572540349032,0.0,0.0,0.0,False,NONE
514,1079,879,123.92884764,12.56149312576761,2895.0,18.557692307692307,0.0,0.0,0.0,2.5518086304518737,False,True,300,PV+/PNN-,123.92884764,12.56149312576761,0.0,0.0,0.0,False,NONE
515,1079,1061,96.91871418,11.108588547554572,1802.0,14.770491803278688,0.0,0.0,0.0,2.6530861416324556,False,True,301,PV+/PNN-,96.91871418,11.108588547554572,0.0,0.0,0.0,False,NONE
516,1090,1929,163.64963214,14.434859996619657,1809.0,8.781553398058252,0.0,0.0,0.0,1.3792041118151892,False,True,305,PV+/PNN-,163.64963214,14.434859996619657,0.0,0.0,0.0,False,NONE
517,1088,1978,129.48975747,12.84022896403991,2737.0,16.791411042944784,0.0,0.0,0.0,1.5650616036038438,False,True,306,PV+/PNN-,129.48975747,12.84022896403991,0.0,0.0,0.0,False,NONE
518,1092,464,206.5480794,16.216817893198968,5002.0,19.23846153846154,0.0,0.0,0.0,2.7750726740477236,False,True,307,PV+/PNN-,206.5480794,16.216817893198968,0.0,0.0,0.0,False,NONE
519,1093,1658,128.69534178,12.800781162784691,6777.0,41.833333333333336,0.0,0.0,0.0,3.993539616849256,False,True,309,PV+/PNN-,128.69534178,12.800781162784691,0.0,0.0,0.0,False,NONE
520,1097,2810,171.59378904,14.781068900342463,14962.0,69.26851851851852,0.0,0.0,0.0,3.237135093373762,False,True,310,PV+/PNN-,171.59378904,14.781068900342463,0.0,0.0,0.0,False,NONE
521,1101,1811,131.07858885,12.91876320674319,3345.0,20.272727272727273,0.0,0.0,0.0,2.9420293563211604,False,True,312,PV+/PNN-,131.07858885,12.91876320674319,0.0,0.0,0.0,False,NONE
522,1112,1868,126.31209471,12.681701540530954,4394.0,27.635220125786162,0.0,0.0,0.0,2.1452773376868595,False,True,316,PV+/PNN-,126.31209471,12.681701540530954,0.0,0.0,0.0,False,NONE
523,1112,1939,138.22833006,13.266415342325757,1565.0,8.994252873563218,0.0,0.0,0.0,1.1505742241298351,False,True,317,PV+/PNN-,138.22833006,13.266415342325757,0.0,0.0,0.0,False,NONE
524,1119,1233,139.02274575,13.304482609502793,9259.0,52.90857142857143,0.0,0.0,0.0,2.5072085163211093,False,True,320,PV+/PNN-,139.02274575,13.304482609502793,0.0,0.0,0.0,False,NONE
525,1121,992,102.47962401,11.422832828117684,2228.0,17.271317829457363,0.0,0.0,0.0,1.9874710341038262,False,True,321,PV+/PNN-,102.47962401,11.422832828117684,0.0,0.0,0.0,False,NONE
526,1125,900,195.42625974,15.774170088491289,3789.0,15.402439024390244,0.0,0.0,0.0,2.336851481727386,False,True,322,PV+/PNN-,195.42625974,15.774170088491289,0.0,0.0,0.0,False,NONE
527,1126,1736,148.55573403,13.753073662427433,3997.0,21.37433155080214,0.0,0.0,0.0,3.409640445011072,False,True,324,PV+/PNN-,148.55573403,13.753073662427433,0.0,0.0,0.0,False,NONE
528,1126,1434,132.66742023,12.996822909266468,5895.0,35.29940119760479,0.0,0.0,0.0,3.4796361336124337,False,True,325,PV+/PNN-,132.66742023,12.996822909266468,0.0,0.0,0.0,False,NONE
529,1138,1977,209.72574216,16.34108651427568,9470.0,35.871212121212125,0.0,0.0,0.0,3.967247151237735,False,True,328,PV+/PNN-,209.72574216,16.34108651427568,0.0,0.0,0.0,False,NONE
530,1140,2184,198.6039225,15.90189824726965,15472.0,61.888,0.0,0.0,0.0,2.7377438276214545,False,True,330,PV+/PNN-,198.6039225,15.90189824726965,0.0,0.0,0.0,False,NONE
531,1145,1891,168.41612628000001,14.643567596416075,6640.0,31.32075471698113,0.0,0.0,0.0,3.1131150869174236,False,True,332,PV+/PNN-,168.41612628000001,14.643567596416075,0.0,0.0,0.0,False,NONE
532,1150,2118,155.70547524,14.080140922851225,6508.0,33.204081632653065,0.0,0.0,0.0,1.9519267446703665,False,True,334,PV+/PNN-,155.70547524,14.080140922851225,0.0,0.0,0.0,False,NONE
533,1150,2316,158.883138,14.223090180871878,26153.0,130.765,0.0,0.0,0.0,5.12967327113157,False,True,335,PV+/PNN-,158.883138,14.223090180871878,0.0,0.0,0.0,False,NONE
534,1151,931,263.74600908,18.3251698089468,8799.0,26.503012048192772,0.0,0.0,0.0,2.993393866492897,False,True,337,PV+/PNN-,263.74600908,18.3251698089468,0.0,0.0,0.0,False,NONE
535,1161,906,153.32222817,13.97196922387648,8228.0,42.63212435233161,0.0,0.0,0.0,3.8287123454168865,False,True,339,PV+/PNN-,153.32222817,13.97196922387648,0.0,0.0,0.0,False,NONE
536,1162,1270,178.74353025,15.085865274483455,7663.0,34.05777777777778,0.0,0.0,0.0,3.4429590172212827,False,True,341,PV+/PNN-,178.74353025,15.085865274483455,0.0,0.0,0.0,False,NONE
537,1161,1715,162.06080076,14.36461695204847,9404.0,46.09803921568628,0.0,0.0,0.0,4.846137036774636,False,True,342,PV+/PNN-,162.06080076,14.36461695204847,0.0,0.0,0.0,False,NONE
538,1166,2815,295.52263668,19.397708817934607,12084.0,32.483870967741936,0.0,0.0,0.0,3.9210274597464103,False,True,343,PV+/PNN-,295.52263668,19.397708817934607,0.0,0.0,0.0,False,NONE
539,1166,971,146.96690265,13.679330108642857,8924.0,48.23783783783784,0.0,0.0,0.0,1.9323390403812892,False,True,346,PV+/PNN-,146.96690265,13.679330108642857,0.0,0.0,0.0,False,NONE
540,1175,1033,150.9389811,13.862953494062992,9956.0,52.4,0.0,0.0,0.0,3.2094239971409846,False,True,350,PV+/PNN-,150.9389811,13.862953494062992,0.0,0.0,0.0,False,NONE
541,1180,770,173.97703611,14.883361255142246,7820.0,35.70776255707762,0.0,0.0,0.0,2.3147641900419518,False,True,351,PV+/PNN-,173.97703611,14.883361255142246,0.0,0.0,0.0,False,NONE
542,1184,1981,144.58365558,13.56796328882212,6130.0,33.68131868131868,0.0,0.0,0.0,4.275287605944781,False,True,355,PV+/PNN-,144.58365558,13.56796328882212,0.0,0.0,0.0,False,NONE
543,1189,1064,188.27651853,15.482929591568213,13684.0,57.73839662447257,0.0,0.0,0.0,4.07019374589723,False,True,356,PV+/PNN-,188.27651853,15.482929591568213,0.0,0.0,0.0,False,NONE
544,1187,2078,168.41612628000001,14.643567596416075,8421.0,39.721698113207545,0.0,0.0,0.0,2.4556589581230437,False,True,357,PV+/PNN-,168.41612628000001,14.643567596416075,0.0,0.0,0.0,False,NONE
545,1195,1840,123.13443195,12.521167201073583,3275.0,21.129032258064516,0.0,0.0,0.0,3.9155705479345886,False,True,358,PV+/PNN-,123.13443195,12.521167201073583,0.0,0.0,0.0,False,NONE
546,1194,1935,89.76897297000001,10.690996505268625,4005.0,35.442477876106196,0.0,0.0,0.0,2.9669462611735486,False,True,359,PV+/PNN-,89.76897297000001,10.690996505268625,0.0,0.0,0.0,False,NONE
547,1208,1243,193.83742836,15.709916582774113,7728.0,31.672131147540984,0.0,0.0,0.0,3.5017461654558746,False,True,360,PV+/PNN-,193.83742836,15.709916582774113,0.0,0.0,0.0,False,NONE
548,1220,2245,126.31209471,12.681701540530954,7571.0,47.61635220125786,0.0,0.0,0.0,3.1038162043618454,False,True,364,PV+/PNN-,126.31209471,12.681701540530954,0.0,0.0,0.0,False,NONE
549,1226,1222,171.59378904,14.781068900342463,7978.0,36.93518518518518,0.0,0.0,0.0,2.3139836408686145,False,True,366,PV+/PNN-,171.59378904,14.781068900342463,0.0,0.0,0.0,False,NONE
550,1226,1595,91.35780435,10.78519212710641,4413.0,38.37391304347826,0.0,0.0,0.0,3.8076727736779716,False,True,367,PV+/PNN-,91.35780435,10.78519212710641,0.0,0.0,0.0,False,NONE
551,1232,993,212.10898923,16.433671314756197,4163.0,15.591760299625468,0.0,0.0,0.0,1.6196546832288643,False,True,371,PV+/PNN-,212.10898923,16.433671314756197,0.0,0.0,0.0,False,NONE
552,1232,2360,108.83494953,11.77170172875832,11198.0,81.73722627737226,0.0,0.0,0.0,3.2522240952172923,False,True,372,PV+/PNN-,108.83494953,11.77170172875832,0.0,0.0,0.0,False,NONE
553,1237,1847,100.09637694,11.289227848029503,3215.0,25.515873015873016,0.0,0.0,0.0,3.5285369804428077,False,True,373,PV+/PNN-,100.09637694,11.289227848029503,0.0,0.0,0.0,False,NONE
554,1245,737,229.58613441,17.097313977747916,6586.0,22.78892733564014,0.0,0.0,0.0,2.512921047306355,False,True,374,PV+/PNN-,229.58613441,17.097313977747916,0.0,0.0,0.0,False,NONE
555,1243,2317,126.31209471,12.681701540530954,10034.0,63.106918238993714,0.0,0.0,0.0,3.2536036098516967,False,True,375,PV+/PNN-,126.31209471,12.681701540530954,0.0,0.0,0.0,False,NONE
556,1246,929,239.91353838,17.477625822254954,2798.0,9.264900662251655,0.0,0.0,0.0,1.3914570237836816,False,True,376,PV+/PNN-,239.91353838,17.477625822254954,0.0,0.0,0.0,False,NONE
557,1248,2825,190.65976560000001,15.580614658987523,17176.0,71.56666666666666,0.0,0.0,0.0,3.7312708708569784,False,True,377,PV+/PNN-,190.65976560000001,15.580614658987523,0.0,0.0,0.0,False,NONE
558,1249,1178,151.73339679,13.899387074616612,4110.0,21.51832460732984,0.0,0.0,0.0,2.067044090025271,False,True,379,PV+/PNN-,151.73339679,13.899387074616612,0.0,0.0,0.0,False,NONE
559,1255,2076,122.34001626,12.48071098158173,5161.0,33.51298701298701,0.0,0.0,0.0,2.8522143578615697,False,True,382,PV+/PNN-,122.34001626,12.48071098158173,0.0,0.0,0.0,False,NONE
560,1256,2802,138.22833006,13.266415342325757,23998.0,137.91954022988506,0.0,0.0,0.0,4.350594431520078,False,True,383,PV+/PNN-,138.22833006,13.266415342325757,0.0,0.0,0.0,False,NONE
561,1261,958,285.9896484,19.08227789672358,9281.0,25.780555555555555,0.0,0.0,0.0,2.404485783266514,False,True,385,PV+/PNN-,285.9896484,19.08227789672358,0.0,0.0,0.0,False,NONE
562,1263,1936,177.15469887,15.0186673222671,18371.0,82.38116591928251,0.0,0.0,0.0,4.224298305789131,False,True,387,PV+/PNN-,177.15469887,15.0186673222671,0.0,0.0,0.0,False,NONE
563,1263,2675,111.2181966,11.899891008124815,23925.0,170.89285714285714,0.0,0.0,0.0,4.183818582904693,False,True,388,PV+/PNN-,111.2181966,11.899891008124815,0.0,0.0,0.0,False,NONE
564,1268,1265,158.883138,14.223090180871878,9816.0,49.08,0.0,0.0,0.0,2.3112900366304436,False,True,390,PV+/PNN-,158.883138,14.223090180871878,0.0,0.0,0.0,False,NONE
565,1267,2214,135.05066730000001,13.113041224263421,9710.0,57.11764705882353,0.0,0.0,0.0,2.9410606275242155,False,True,391,PV+/PNN-,135.05066730000001,13.113041224263421,0.0,0.0,0.0,False,NONE
566,1275,1912,181.12677732,15.186104684686724,21036.0,92.26315789473684,0.0,0.0,0.0,4.190198171889835,False,True,393,PV+/PNN-,181.12677732,15.186104684686724,0.0,0.0,0.0,False,NONE
567,1274,2349,99.30196125,11.244340084382843,7145.0,57.16,0.0,0.0,0.0,3.3758261115930126,False,True,396,PV+/PNN-,99.30196125,11.244340084382843,0.0,0.0,0.0,False,NONE
568,1276,1338,117.57352212,12.235164803834003,3418.0,23.094594594594593,0.0,0.0,0.0,2.5790440579200307,False,True,397,PV+/PNN-,117.57352212,12.235164803834003,0.0,0.0,0.0,False,NONE
569,1282,1235,206.5480794,16.216817893198968,6756.0,25.984615384615385,0.0,0.0,0.0,2.647507857950049,False,True,399,PV+/PNN-,206.5480794,16.216817893198968,0.0,0.0,0.0,False,NONE
570,1281,2418,154.91105955,14.044176264056345,27318.0,140.09230769230768,0.0,0.0,0.0,3.410745058842882,False,True,400,PV+/PNN-,154.91105955,14.044176264056345,0.0,0.0,0.0,False,NONE
571,1283,2361,171.59378904,14.781068900342463,11182.0,51.76851851851852,0.0,0.0,0.0,3.327415235422362,False,True,401,PV+/PNN-,171.59378904,14.781068900342463,0.0,0.0,0.0,False,NONE
572,1286,1434,95.32988280000001,11.017158280424603,9290.0,77.41666666666667,0.0,0.0,0.0,3.148852954468861,False,True,403,PV+/PNN-,95.32988280000001,11.017158280424603,0.0,0.0,0.0,False,NONE
573,1292,1289,213.69782061,16.495105814282393,14173.0,52.687732342007436,0.0,0.0,0.0,3.28979759259088,False,True,405,PV+/PNN-,213.69782061,16.495105814282393,0.0,0.0,0.0,False,NONE
574,1332,2631,144.58365558,13.56796328882212,23948.0,131.58241758241758,0.0,0.0,0.0,4.836045850890496,False,True,410,PV+/PNN-,144.58365558,13.56796328882212,0.0,0.0,0.0,False,NONE
575,1333,2245,115.19027505,12.11052490037406,8615.0,59.41379310344828,0.0,0.0,0.0,3.1846792177351797,False,True,411,PV+/PNN-,115.19027505,12.11052490037406,0.0,0.0,0.0,False,NONE
576,1348,2035,60.37559244,8.767701627645716,1565.0,20.592105263157894,0.0,0.0,0.0,3.4544422773945396,False,True,419,PV+/PNN-,60.37559244,8.767701627645716,0.0,0.0,0.0,False,NONE
577,1350,2079,79.441569,10.057243516322302,4295.0,42.95,0.0,0.0,0.0,4.693708985176554,False,True,421,PV+/PNN-,79.441569,10.057243516322302,0.0,0.0,0.0,False,NONE
578,1364,1585,124.72326333,12.60169000650996,3322.0,21.159235668789808,0.0,0.0,0.0,2.3935314093427826,False,True,422,PV+/PNN-,124.72326333,12.60169000650996,0.0,0.0,0.0,False,NONE
579,1375,2692,115.98469074,12.152213577535832,20165.0,138.1164383561644,0.0,0.0,0.0,3.7359921796554443,False,True,425,PV+/PNN-,115.98469074,12.152213577535832,0.0,0.0,0.0,False,NONE
580,1394,2638,165.23846352,14.504762875171126,10406.0,50.02884615384615,0.0,0.0,0.0,3.5867998743126246,False,True,428,PV+/PNN-,165.23846352,14.504762875171126,0.0,0.0,0.0,False,NONE
581,1398,890,151.73339679,13.899387074616612,793.0,4.151832460732984,0.0,0.0,0.0,0.8096620069228541,False,True,430,PV+/PNN-,151.73339679,13.899387074616612,0.0,0.0,0.0,False,NONE
582,1410,2019,204.95924802,16.154325106244645,8538.0,33.093023255813954,0.0,0.0,0.0,4.315377022459539,False,True,432,PV+/PNN-,204.95924802,16.154325106244645,0.0,0.0,0.0,False,NONE
583,1411,2429,157.29430662000001,14.151796046802042,10942.0,55.26262626262626,0.0,0.0,0.0,3.6363657215312992,False,True,434,PV+/PNN-,157.29430662000001,14.151796046802042,0.0,0.0,0.0,False,NONE
584,1416,2699,156.49989093,14.116013951495509,19646.0,99.7258883248731,0.0,0.0,0.0,3.195993658082621,False,True,435,PV+/PNN-,156.49989093,14.116013951495509,0.0,0.0,0.0,False,NONE
585,1420,2455,151.73339679,13.899387074616612,6990.0,36.596858638743456,0.0,0.0,0.0,3.0708576066185147,False,True,436,PV+/PNN-,151.73339679,13.899387074616612,0.0,0.0,0.0,False,NONE
586,1422,2378,104.86287108,11.554893086200376,6743.0,51.083333333333336,0.0,0.0,0.0,4.961707806851315,False,True,438,PV+/PNN-,104.86287108,11.554893086200376,0.0,0.0,0.0,False,NONE
587,1426,1747,195.42625974,15.774170088491289,5229.0,21.25609756097561,0.0,0.0,0.0,2.4226194215544443,False,True,439,PV+/PNN-,195.42625974,15.774170088491289,0.0,0.0,0.0,False,NONE
588,1427,1849,218.46431475,16.67805158443783,5508.0,20.029090909090908,0.0,0.0,0.0,3.447608915446618,False,True,440,PV+/PNN-,218.46431475,16.67805158443783,0.0,0.0,0.0,False,NONE
589,1432,2541,206.5480794,16.216817893198968,25197.0,96.91153846153846,0.0,0.0,0.0,2.665643578792851,False,True,442,PV+/PNN-,206.5480794,16.216817893198968,0.0,0.0,0.0,False,NONE
590,1438,2109,90.56338866,10.738197602350779,9740.0,85.43859649122807,0.0,0.0,0.0,4.7762790940414,False,True,447,PV+/PNN-,90.56338866,10.738197602350779,0.0,0.0,0.0,False,NONE
591,1443,2138,88.97455728,10.643586087602236,5797.0,51.75892857142857,0.0,0.0,0.0,5.490940782414314,False,True,449,PV+/PNN-,88.97455728,10.643586087602236,0.0,0.0,0.0,False,NONE
592,1442,2176,94.53546711,10.971157418634661,10565.0,88.78151260504201,0.0,0.0,0.0,6.602476943092474,False,True,450,PV+/PNN-,94.53546711,10.971157418634661,0.0,0.0,0.0,False,NONE
593,1445,2261,115.98469074,12.152213577535832,8513.0,58.30821917808219,0.0,0.0,0.0,5.794209116725696,False,True,451,PV+/PNN-,115.98469074,12.152213577535832,0.0,0.0,0.0,False,NONE
594,1460,2808,217.66989906,16.647700237020825,39849.0,145.43430656934308,0.0,0.0,0.0,4.180055920050136,False,True,455,PV+/PNN-,217.66989906,16.647700237020825,0.0,0.0,0.0,False,NONE
595,1465,2823,241.50236976,17.53540325529143,26613.0,87.54276315789474,0.0,0.0,0.0,3.0009481428050737,False,True,456,PV+/PNN-,241.50236976,17.53540325529143,0.0,0.0,0.0,False,NONE
596,1462,2454,129.48975747,12.84022896403991,15422.0,94.61349693251533,0.0,0.0,0.0,3.6473976407296345,False,True,457,PV+/PNN-,129.48975747,12.84022896403991,0.0,0.0,0.0,False,NONE
597,1465,2737,112.01261229,11.942314996545514,10107.0,71.68085106382979,0.0,0.0,0.0,3.069272914362401,False,True,458,PV+/PNN-,112.01261229,11.942314996545514,0.0,0.0,0.0,False,NONE
598,1469,2585,179.53794594000001,15.119352253034252,10002.0,44.256637168141594,0.0,0.0,0.0,2.535165404809675,False,True,459,PV+/PNN-,179.53794594000001,15.119352253034252,0.0,0.0,0.0,False,NONE
599,1469,2304,149.35014972,13.789797556005714,10820.0,57.5531914893617,0.0,0.0,0.0,5.041769634949872,False,True,460,PV+/PNN-,149.35014972,13.789797556005714,0.0,0.0,0.0,False,NONE
600,1478,1515,197.80950681,15.870062583211556,2385.0,9.578313253012048,0.0,0.0,0.0,1.570799579961532,False,True,461,PV+/PNN-,197.80950681,15.870062583211556,0.0,0.0,0.0,False,NONE
601,1484,2324,114.39585936,12.068692219586765,8964.0,62.25,0.0,0.0,0.0,4.79243254051019,False,True,463,PV+/PNN-,114.39585936,12.068692219586765,0.0,0.0,0.0,False,NONE
602,1493,1615,112.01261229,11.942314996545514,892.0,6.326241134751773,0.0,0.0,0.0,1.2928922470287418,False,True,465,PV+/PNN-,112.01261229,11.942314996545514,0.0,0.0,0.0,False,NONE
603,1497,2256,162.06080076,14.36461695204847,6817.0,33.416666666666664,0.0,0.0,0.0,3.9356744277637823,False,True,466,PV+/PNN-,162.06080076,14.36461695204847,0.0,0.0,0.0,False,NONE
604,1496,2084,89.76897297000001,10.690996505268625,5339.0,47.24778761061947,0.0,0.0,0.0,4.155846538892913,False,True,467,PV+/PNN-,89.76897297000001,10.690996505268625,0.0,0.0,0.0,False,NONE
605,1506,2635,143.78923989,13.53063732184699,7811.0,43.15469613259668,0.0,0.0,0.0,2.9861867979741574,False,True,469,PV+/PNN-,143.78923989,13.53063732184699,0.0,0.0,0.0,False,NONE
606,1513,2482,208.93132647000002,16.310108123356397,17884.0,68.0,0.0,0.0,0.0,4.855983305901488,False,True,470,PV+/PNN-,208.93132647000002,16.310108123356397,0.0,0.0,0.0,False,NONE
607,1516,2242,117.57352212,12.235164803834003,12930.0,87.36486486486487,0.0,0.0,0.0,5.581448781964287,False,True,471,PV+/PNN-,117.57352212,12.235164803834003,0.0,0.0,0.0,False,NONE
608,1521,2359,152.52781248,13.93572540349032,13566.0,70.65625,0.0,0.0,0.0,3.813272249879605,False,True,472,PV+/PNN-,152.52781248,13.93572540349032,0.0,0.0,0.0,False,NONE
609,1525,1665,172.38820473,14.815244827816286,1579.0,7.276497695852535,0.0,0.0,0.0,1.373742253639717,False,True,473,PV+/PNN-,172.38820473,14.815244827816286,0.0,0.0,0.0,False,NONE
610,1533,2734,104.86287108,11.554893086200376,7735.0,58.59848484848485,0.0,0.0,0.0,2.832320820067169,False,True,475,PV+/PNN-,104.86287108,11.554893086200376,0.0,0.0,0.0,False,NONE
611,1538,2337,148.55573403,13.753073662427433,8792.0,47.01604278074866,0.0,0.0,0.0,3.0305540731478455,False,True,477,PV+/PNN-,148.55573403,13.753073662427433,0.0,0.0,0.0,False,NONE
612,1540,2716,101.68520832,11.378472144697502,6941.0,54.2265625,0.0,0.0,0.0,3.008243483231078,False,True,478,PV+/PNN-,101.68520832,11.378472144697502,0.0,0.0,0.0,False,NONE
613,1552,2031,206.5480794,16.216817893198968,6675.0,25.673076923076923,0.0,0.0,0.0,2.8506894084092367,False,True,480,PV+/PNN-,206.5480794,16.216817893198968,0.0,0.0,0.0,False,NONE
614,1549,2598,217.66989906,16.647700237020825,19506.0,71.18978102189782,0.0,0.0,0.0,4.4028988984130075,False,True,481,PV+/PNN-,217.66989906,16.647700237020825,0.0,0.0,0.0,False,NONE
615,1567,1280,391.64693517,22.330704544030237,9592.0,19.456389452332658,0.0,0.0,0.0,2.1079135803255014,False,True,483,PV+/PNN-,391.64693517,22.330704544030237,0.0,0.0,0.0,False,NONE
616,1580,2031,209.72574216,16.34108651427568,10135.0,38.390151515151516,0.0,0.0,0.0,3.4392899569028543,False,True,485,PV+/PNN-,209.72574216,16.34108651427568,0.0,0.0,0.0,False,NONE
617,1597,2316,149.35014972,13.789797556005714,8664.0,46.08510638297872,0.0,0.0,0.0,4.3445940699146455,False,True,487,PV+/PNN-,149.35014972,13.789797556005714,0.0,0.0,0.0,False,NONE
618,1599,2458,150.14456541,13.82642390884524,9376.0,49.60846560846561,0.0,0.0,0.0,3.9892405624659895,False,True,488,PV+/PNN-,150.14456541,13.82642390884524,0.0,0.0,0.0,False,NONE
619,1611,2120,257.39068356,18.103038329380148,11908.0,36.75308641975309,0.0,0.0,0.0,4.022399662258235,False,True,490,PV+/PNN-,257.39068356,18.103038329380148,0.0,0.0,0.0,False,NONE
620,1632,2029,195.42625974,15.774170088491289,4024.0,16.357723577235774,0.0,0.0,0.0,2.7231320895090994,False,True,492,PV+/PNN-,195.42625974,15.774170088491289,0.0,0.0,0.0,False,NONE
621,1645,2655,119.95676919,12.358547737957586,12346.0,81.76158940397352,0.0,0.0,0.0,5.729373253122234,False,True,495,PV+/PNN-,119.95676919,12.358547737957586,0.0,0.0,0.0,False,NONE
622,1672,2826,126.31209471,12.681701540530954,6724.0,42.289308176100626,0.0,0.0,0.0,4.563489444437441,False,True,499,PV+/PNN-,126.31209471,12.681701540530954,0.0,0.0,0.0,False,NONE
623,1677,2769,104.06845539,11.51104134134072,10252.0,78.25954198473282,0.0,0.0,0.0,4.999583438964684,False,True,501,PV+/PNN-,104.06845539,11.51104134134072,0.0,0.0,0.0,False,NONE
624,1687,2580,225.61405596,16.948768034767717,21972.0,77.36619718309859,0.0,0.0,0.0,4.722604050358943,False,True,503,PV+/PNN-,225.61405596,16.948768034767717,0.0,0.0,0.0,False,NONE
625,1692,2418,165.23846352,14.504762875171126,20979.0,100.86057692307692,0.0,0.0,0.0,5.019598667168733,False,True,504,PV+/PNN-,165.23846352,14.504762875171126,0.0,0.0,0.0,False,NONE
626,1703,1931,319.35510738,20.164710549109305,6976.0,17.35323383084577,0.0,0.0,0.0,2.248896672787822,False,True,505,PV+/PNN-,319.35510738,20.164710549109305,0.0,0.0,0.0,False,NONE
627,1720,1893,100.09637694,11.289227848029503,977.0,7.753968253968254,0.0,0.0,0.0,1.2140247673139555,False,True,507,PV+/PNN-,100.09637694,11.289227848029503,0.0,0.0,0.0,False,NONE
628,1733,2689,287.57847978,19.135210808107587,30297.0,83.69337016574586,0.0,0.0,0.0,4.515928652414712,False,True,508,PV+/PNN-,287.57847978,19.135210808107587,0.0,0.0,0.0,False,NONE
629,1738,1955,261.36276201,18.242187481558705,3266.0,9.927051671732523,0.0,0.0,0.0,1.2843091332199459,False,True,509,PV+/PNN-,261.36276201,18.242187481558705,0.0,0.0,0.0,False,NONE
630,1748,1859,157.29430662000001,14.151796046802042,1182.0,5.96969696969697,0.0,0.0,0.0,0.967517885948554,False,True,515,PV+/PNN-,157.29430662000001,14.151796046802042,0.0,0.0,0.0,False,NONE
631,1758,2380,187.48210284,15.45023065413564,5906.0,25.02542372881356,0.0,0.0,0.0,2.806347805394848,False,True,516,PV+/PNN-,187.48210284,15.45023065413564,0.0,0.0,0.0,False,NONE
632,1756,2607,212.10898923,16.433671314756197,18223.0,68.25093632958801,0.0,0.0,0.0,4.432424052717248,False,True,517,PV+/PNN-,212.10898923,16.433671314756197,0.0,0.0,0.0,False,NONE
633,1776,2280,217.66989906,16.647700237020825,5300.0,19.343065693430656,0.0,0.0,0.0,4.636825689835812,False,True,518,PV+/PNN-,217.66989906,16.647700237020825,0.0,0.0,0.0,False,NONE
634,1784,200,63.5532552,8.995472067506276,1206.0,15.075,0.0,0.0,0.0,0.5174828142179156,False,True,520,PV+/PNN-,63.5532552,8.995472067506276,0.0,0.0,0.0,False,NONE
635,1790,1366,58.78676106,8.651568001725998,412.0,5.5675675675675675,0.0,0.0,0.0,1.2247219270022256,False,True,523,PV+/PNN-,58.78676106,8.651568001725998,0.0,0.0,0.0,False,NONE
636,1802,2153,177.15469887,15.0186673222671,2731.0,12.246636771300448,0.0,0.0,0.0,1.6528772195044943,False,True,524,PV+/PNN-,177.15469887,15.0186673222671,0.0,0.0,0.0,False,NONE
637,1814,2517,215.28665199,16.556312354123577,10726.0,39.579335793357934,0.0,0.0,0.0,3.088868623925942,False,True,526,PV+/PNN-,215.28665199,16.556312354123577,0.0,0.0,0.0,False,NONE
638,1813,1454,15.8883138,4.497736033753138,187.0,9.35,0.0,0.0,0.0,1.0789216975971987,False,True,527,PV+/PNN-,15.8883138,4.497736033753138,0.0,0.0,0.0,False,NONE
639,1821,247,46.87052571,7.72511532706782,1091.0,18.491525423728813,0.0,0.0,0.0,0.6068511243233459,False,True,528,PV+/PNN-,46.87052571,7.72511532706782,0.0,0.0,0.0,False,NONE
640,1827,2799,122.34001626,12.48071098158173,15129.0,98.24025974025975,0.0,0.0,0.0,3.8875432595962556,False,True,529,PV+/PNN-,122.34001626,12.48071098158173,0.0,0.0,0.0,False,NONE
641,1833,2464,166.03287921,14.539588286344586,8616.0,41.22488038277512,0.0,0.0,0.0,3.7650409479149456,False,True,530,PV+/PNN-,166.03287921,14.539588286344586,0.0,0.0,0.0,False,NONE
642,1835,156,69.90858072,9.434530697868027,1853.0,21.056818181818183,0.0,0.0,0.0,0.7982930742322707,False,True,531,PV+/PNN-,69.90858072,9.434530697868027,0.0,0.0,0.0,False,NONE
643,1893,260,102.47962401,11.422832828117684,11644.0,90.26356589147287,0.0,0.0,0.0,3.6905751091510264,False,True,534,PV+/PNN-,102.47962401,11.422832828117684,0.0,0.0,0.0,False,NONE
644,1900,418,386.88044103,22.194401920393712,8497.0,17.4476386036961,0.0,0.0,0.0,2.0436248992589423,False,True,535,PV+/PNN-,386.88044103,22.194401920393712,0.0,0.0,0.0,False,NONE
645,1901,1930,189.07093422,15.515559616363333,2505.0,10.525210084033613,0.0,0.0,0.0,0.9133728656907502,False,True,536,PV+/PNN-,189.07093422,15.515559616363333,0.0,0.0,0.0,False,NONE
646,1903,64,179.53794594000001,15.119352253034252,4181.0,18.5,0.0,0.0,0.0,1.7218189923306326,False,True,537,PV+/PNN-,179.53794594000001,15.119352253034252,0.0,0.0,0.0,False,NONE
647,1931,2087,92.94663573,10.878572156378345,860.0,7.35042735042735,0.0,0.0,0.0,1.0212016067792415,False,True,539,PV+/PNN-,92.94663573,10.878572156378345,0.0,0.0,0.0,False,NONE
648,1940,5,59.58117675,8.70982837718145,2058.0,27.44,0.0,0.0,0.0,0.8162508843056338,False,True,540,PV+/PNN-,59.58117675,8.70982837718145,0.0,0.0,0.0,False,NONE
