label,centroid_y,centroid_x,area_um2,diameter_um,dapi_mean_intensity,wfa_sum_intensity,is_pnn_plus,is_pv_plus
1,3.1463414634146343,339.5609756097561,17.3225,4.696348795998318,11.853658536585366,18993.0,False,False
2,5.514705882352941,346.3235294117647,28.730000000000004,6.048154439185661,11.455882352941176,20149.0,False,False
3,3.6666666666666665,361.2631578947368,24.082500000000003,5.537399329656889,10.0,18519.0,False,False
4,1.8636363636363635,377.45454545454544,9.295000000000002,3.440168828460798,10.363636363636363,17296.0,False,False
5,3.7,33.233333333333334,12.675,4.017251701041172,9.666666666666666,19728.0,False,False
6,4.5,114.94827586206897,24.505000000000003,5.58576181408903,11.362068965517242,21294.0,False,False
7,5.5046728971962615,403.42056074766356,45.2075,7.586829161027343,10.271028037383177,20486.0,False,False
8,6.907894736842105,86.77631578947368,32.11000000000001,6.394037987175715,10.157894736842104,25101.0,False,False
9,7.254237288135593,174.03389830508473,24.927500000000002,5.633709146857493,10.88135593220339,21689.0,False,False
10,5.2745098039215685,190.84313725490196,21.547500000000003,5.237855390346407,10.372549019607844,25928.0,False,False
11,7.074074074074074,393.0,34.222500000000004,6.601018127508749,10.432098765432098,20824.0,False,False
12,5.06,628.58,21.125000000000004,5.186249645218625,8.76,18386.0,False,False
13,7.897058823529412,42.455882352941174,28.730000000000004,6.048154439185661,9.441176470588236,22801.0,False,False
14,8.435185185185185,562.4722222222222,45.63,7.622199185685551,7.194444444444445,22971.0,False,False
15,7.527272727272727,613.9272727272727,23.2375,5.439384516724603,7.072727272727272,19326.0,False,False
16,9.881818181818181,538.9454545454546,46.475,7.692451354514157,9.863636363636363,27517.0,False,False
17,9.203703703703704,294.31481481481484,22.815,5.389708731752834,9.777777777777779,23612.0,False,False
18,9.363636363636363,205.66666666666666,13.9425,4.2133291293785735,15.575757575757576,38983.0,False,False
19,11.714285714285714,329.3333333333333,26.617500000000003,5.8215507884058,11.158730158730158,24928.0,False,False
20,12.73611111111111,519.8888888888889,30.42,6.223499574262349,17.569444444444443,30594.0,False,True
21,12.306122448979592,51.06122448979592,20.7025,5.134125210284583,11.061224489795919,25484.0,False,False
22,11.657142857142857,476.0571428571429,14.787500000000001,4.339127765780955,9.457142857142857,25987.0,False,False
23,12.195121951219512,632.6341463414634,17.3225,4.696348795998318,7.853658536585366,23570.0,False,False
24,14.833333333333334,28.794117647058822,43.095000000000006,7.407446130776911,10.235294117647058,26688.0,False,False
25,13.5,59.5,16.900000000000002,4.638722701997206,11.1,26608.0,False,False
26,14.803571428571429,107.64285714285714,23.660000000000004,5.488610719338178,10.214285714285714,33671.0,False,False
27,15.267605633802816,577.8591549295775,29.997500000000002,6.180129710871209,6.746478873239437,25434.0,False,False
28,16.80701754385965,86.47368421052632,24.082500000000003,5.537399329656889,11.0,37150.0,False,False
29,16.72222222222222,316.69444444444446,15.21,4.4006787516724994,11.555555555555555,27268.0,False,False
30,18.53125,142.765625,27.040000000000003,5.867571668896666,9.4375,27673.0,False,False
31,18.54237288135593,606.3559322033898,24.927500000000002,5.633709146857493,8.067796610169491,25336.0,False,False
32,21.64406779661017,414.54237288135596,24.927500000000002,5.633709146857493,10.254237288135593,30518.0,False,False
33,21.51219512195122,157.3170731707317,17.3225,4.696348795998318,9.512195121951219,28882.0,False,False
34,25.7027027027027,288.8378378378378,46.89750000000001,7.727337934192946,10.576576576576576,32070.0,False,False
35,22.642857142857142,356.0952380952381,17.745,4.753276314430444,7.619047619047619,29001.0,False,False
36,24.72222222222222,490.05555555555554,30.42,6.223499574262349,11.305555555555555,35060.0,False,False
37,24.59259259259259,29.74074074074074,34.222500000000004,6.601018127508749,10.037037037037036,32550.0,False,False
38,25.383561643835616,456.71232876712327,30.842500000000005,6.266569289371519,11.054794520547945,35254.0,False,False
39,25.507462686567163,588.1641791044776,28.307500000000005,6.003518003020447,7.119402985074627,28596.0,False,False
40,26.2027027027027,690.3378378378378,31.265000000000004,6.309345002941657,7.554054054054054,30413.0,False,False
41,25.0,0.8947368421052632,8.027500000000002,3.1970189935878577,11.263157894736842,17022.0,False,False
42,25.5,630.6666666666666,12.675,4.017251701041172,11.2,29640.0,False,False
43,29.676470588235293,326.6029411764706,28.730000000000004,6.048154439185661,10.926470588235293,32389.0,False,False
44,27.135135135135137,503.81081081081084,15.632500000000002,4.4613806364255035,9.864864864864865,36850.0,False,False
45,29.8,35.78333333333333,25.35,5.681251839078812,11.466666666666667,34538.0,False,False
46,28.78787878787879,210.3030303030303,13.9425,4.2133291293785735,31.666666666666668,53013.0,False,False
47,29.59375,184.46875,13.520000000000001,4.148999716174901,10.25,38376.0,False,False
48,33.40425531914894,11.170212765957446,19.8575,5.028255588131782,8.872340425531915,25792.0,False,False
49,34.436619718309856,518.2253521126761,29.997500000000002,6.180129710871209,9.47887323943662,38077.0,False,False
50,34.0,534.3214285714286,23.660000000000004,5.488610719338178,9.446428571428571,38185.0,False,True
51,37.43564356435643,372.18811881188117,42.67250000000001,7.371045683803026,9.128712871287128,29884.0,False,False
52,36.73913043478261,452.0,19.435000000000002,4.974475907261778,11.173913043478262,38770.0,False,False
53,44.0989010989011,42.26373626373626,38.447500000000005,6.996633290104976,11.384615384615385,35202.0,False,False
54,39.55384615384615,410.61538461538464,27.462500000000002,5.913234393907399,9.261538461538462,35638.0,False,False
55,39.559322033898304,789.4406779661017,24.927500000000002,5.633709146857493,9.067796610169491,31945.0,False,False
56,42.19117647058823,50.86764705882353,28.730000000000004,6.048154439185661,11.661764705882353,35923.0,False,False
57,41.11940298507463,344.4925373134328,28.307500000000005,6.003518003020447,9.64179104477612,31265.0,False,False
58,41.61764705882353,299.04411764705884,28.730000000000004,6.048154439185661,9.279411764705882,33119.0,False,False
59,40.13513513513514,655.8648648648649,15.632500000000002,4.4613806364255035,11.621621621621621,34743.0,False,False
60,42.582089552238806,567.7910447761194,28.307500000000005,6.003518003020447,10.029850746268657,31861.0,False,False
61,41.648648648648646,600.7027027027027,15.632500000000002,4.4613806364255035,8.486486486486486,29137.0,False,False
62,42.440677966101696,422.96610169491527,24.927500000000002,5.633709146857493,9.152542372881356,37897.0,False,False
63,44.80952380952381,469.6031746031746,26.617500000000003,5.8215507884058,11.285714285714286,38835.0,False,False
64,44.13513513513514,98.70270270270271,15.632500000000002,4.4613806364255035,29.91891891891892,51060.0,True,True
65,45.38297872340426,308.8510638297872,19.8575,5.028255588131782,9.617021276595745,32991.0,False,False
66,44.77777777777778,822.7037037037037,11.4075,3.8110995928427753,9.851851851851851,30959.0,False,False
67,49.295918367346935,10.938775510204081,41.405,7.260749503306075,11.13265306122449,26834.0,False,False
68,49.08536585365854,622.3170731707318,34.645,6.641640160935379,8.792682926829269,29743.0,False,False
69,49.148936170212764,19.46808510638298,19.8575,5.028255588131782,13.042553191489361,32133.0,False,False
70,49.43636363636364,142.98181818181817,23.2375,5.439384516724603,9.50909090909091,35266.0,False,False
71,51.42307692307692,410.27884615384613,43.940000000000005,7.479715609277069,10.403846153846153,35839.0,False,False
72,47.29032258064516,781.4516129032259,13.097500000000002,4.083657054304242,8.96774193548387,32833.0,False,False
73,49.808510638297875,303.36170212765956,19.8575,5.028255588131782,11.76595744680851,33924.0,False,False
74,51.81188118811881,153.20792079207922,42.67250000000001,7.371045683803026,9.108910891089108,34867.0,False,False
75,51.61538461538461,371.89230769230767,27.462500000000002,5.913234393907399,9.046153846153846,30788.0,False,False
76,51.758620689655174,78.24137931034483,12.252500000000001,3.9497300568352243,10.172413793103448,49475.0,False,False
77,52.86363636363637,336.5,18.590000000000003,4.865133414062422,11.295454545454545,31674.0,False,False
78,53.638297872340424,456.8085106382979,19.8575,5.028255588131782,16.425531914893618,42940.0,False,False
79,53.63636363636363,486.8863636363636,18.590000000000003,4.865133414062422,11.386363636363637,38011.0,False,False
80,56.285714285714285,137.23214285714286,23.660000000000004,5.488610719338178,10.875,37649.0,False,False
81,57.916666666666664,391.78333333333336,50.7,8.034503402082343,9.316666666666666,32775.0,False,True
82,58.1948051948052,633.7272727272727,32.532500000000006,6.4359665543799,7.922077922077922,29509.0,False,False
83,60.04237288135593,364.96610169491527,49.855000000000004,7.967267881951225,8.26271186440678,31774.0,False,False
84,57.7536231884058,65.46376811594203,29.152500000000003,6.092463855279885,10.26086956521739,40247.0,False,False
85,59.421875,308.234375,27.040000000000003,5.867571668896666,9.96875,35034.0,False,False
86,60.470588235294116,795.6470588235294,14.365000000000002,4.276691017611702,7.382352941176471,31411.0,False,False
87,61.81944444444444,625.375,30.42,6.223499574262349,8.472222222222221,28532.0,False,False
88,67.27678571428571,96.60714285714286,47.32000000000001,7.762067717874401,18.535714285714285,51659.0,False,False
89,65.45762711864407,170.864406779661,24.927500000000002,5.633709146857493,11.40677966101695,39898.0,False,False
90,67.17460317460318,51.15873015873016,26.617500000000003,5.8215507884058,11.857142857142858,37344.0,False,False
91,66.265625,289.546875,27.040000000000003,5.867571668896666,12.5625,38184.0,False,False
92,67.23684210526316,77.09210526315789,32.11000000000001,6.394037987175715,12.381578947368421,46097.0,False,False
93,68.18181818181819,27.836363636363636,23.2375,5.439384516724603,12.090909090909092,38035.0,False,False
94,70.38888888888889,136.31746031746033,53.23500000000001,8.232916079007266,11.38888888888889,42766.0,False,False
95,69.06849315068493,781.6438356164383,30.842500000000005,6.266569289371519,8.32876712328767,32134.0,False,False
96,73.35555555555555,355.44444444444446,38.025000000000006,6.958084052995808,10.155555555555555,34651.0,False,False
97,70.71171171171171,649.7837837837837,46.89750000000001,7.727337934192946,7.657657657657658,31745.0,False,False
98,71.30555555555556,15.166666666666666,15.21,4.4006787516724994,10.527777777777779,32035.0,False,False
99,72.64150943396227,664.1132075471698,22.392500000000002,5.3395708165996005,12.943396226415095,33442.0,False,False
100,76.5,162.48611111111111,30.42,6.223499574262349,12.097222222222221,43550.0,False,False
101,76.27777777777777,185.41666666666666,30.42,6.223499574262349,13.180555555555555,44856.0,False,False
102,76.82666666666667,373.36,31.687500000000004,6.351832654737959,10.626666666666667,34791.0,False,False
103,77.47058823529412,311.8137254901961,43.095000000000006,7.407446130776911,10.549019607843137,38470.0,False,False
104,77.27472527472527,333.2857142857143,38.447500000000005,6.996633290104976,9.494505494505495,37255.0,False,False
105,77.29032258064517,817.5967741935484,26.195000000000004,5.775163190277621,10.161290322580646,30304.0,False,False
106,75.85,891.5333333333333,25.35,5.681251839078812,10.233333333333333,32124.0,False,False
107,77.9125,106.4625,33.800000000000004,6.560144557252417,13.6875,52385.0,False,False
108,77.0,972.7560975609756,17.3225,4.696348795998318,8.0,31458.0,False,False
109,80.75,854.35,25.35,5.681251839078812,9.283333333333333,28834.0,False,False
110,81.78181818181818,404.8909090909091,23.2375,5.439384516724603,9.818181818181818,34995.0,False,False
111,81.40677966101696,827.6440677966102,24.927500000000002,5.633709146857493,9.067796610169491,30529.0,False,False
112,83.34745762711864,919.5,49.855000000000004,7.967267881951225,11.508474576271187,35339.0,False,False
113,84.27058823529411,319.49411764705883,35.9125,6.762042232218129,11.68235294117647,41051.0,False,False
114,81.5,944.0897435897435,32.955000000000005,6.477623730716943,9.128205128205128,33723.0,False,False
115,82.56818181818181,167.63636363636363,18.590000000000003,4.865133414062422,12.386363636363637,46689.0,False,False
116,84.3,341.95,25.35,5.681251839078812,11.883333333333333,40452.0,False,False
117,85.56,291.70666666666665,31.687500000000004,6.351832654737959,12.026666666666667,42091.0,False,False
118,85.18181818181819,807.969696969697,27.885,5.958547197508803,10.090909090909092,30151.0,False,False
119,84.95454545454545,876.7878787878788,27.885,5.958547197508803,8.363636363636363,30791.0,False,False
120,83.23214285714286,890.3928571428571,23.660000000000004,5.488610719338178,10.678571428571429,32463.0,False,False
121,85.42424242424242,276.42424242424244,41.82750000000001,7.297700121093632,13.070707070707071,44085.0,False,True
122,85.87931034482759,845.3965517241379,24.505000000000003,5.58576181408903,10.051724137931034,29294.0,False,False
123,84.21739130434783,883.7391304347826,19.435000000000002,4.974475907261778,8.652173913043478,31709.0,False,False
124,88.28,138.46,42.25000000000001,7.3344645861208315,18.0,58489.0,False,True
125,88.61428571428571,178.07142857142858,29.575000000000003,6.136453335237093,15.1,50570.0,False,True
126,89.84210526315789,197.10526315789474,40.1375,7.148751795020415,17.894736842105264,50568.0,False,True
127,89.0327868852459,250.04098360655738,51.545,8.101180922147954,9.024590163934427,41060.0,False,True
128,90.95714285714286,902.9,29.575000000000003,6.136453335237093,15.3,35498.0,False,False
129,89.08571428571429,931.6857142857143,14.787500000000001,4.339127765780955,13.742857142857142,35877.0,False,False
130,93.61363636363636,117.625,37.18000000000001,6.880337656921596,14.647727272727273,78649.0,False,False
131,94.09917355371901,262.4793388429752,51.1225,8.067911044732915,11.49586776859504,45995.0,False,True
132,94.01149425287356,306.6551724137931,36.7575,6.8411331346205175,12.183908045977011,43984.0,False,False
133,94.87050359712231,954.043165467626,58.727500000000006,8.647206217237697,12.39568345323741,33548.0,False,False
134,95.16831683168317,164.25742574257427,42.67250000000001,7.371045683803026,13.495049504950495,51776.0,False,True
135,96.72549019607843,290.8627450980392,43.095000000000006,7.407446130776911,13.294117647058824,46199.0,False,False
136,95.43617021276596,356.3510638297872,39.715,7.1110272478142695,13.25531914893617,43385.0,False,False
137,97.78703703703704,801.1111111111111,45.63,7.622199185685551,8.777777777777779,30152.0,False,False
138,98.96703296703296,637.6153846153846,38.447500000000005,6.996633290104976,8.0,30642.0,False,False
139,100.00884955752213,964.5840707964602,47.74250000000001,7.796642800880295,9.309734513274336,32304.0,False,False
140,99.93406593406593,813.7582417582418,38.447500000000005,6.996633290104976,8.934065934065934,30119.0,False,False
141,100.65934065934066,832.6263736263736,38.447500000000005,6.996633290104976,8.813186813186814,29983.0,False,False
142,99.3225806451613,902.1129032258065,26.195000000000004,5.775163190277621,11.67741935483871,36621.0,False,False
143,101.78313253012048,307.2048192771084,35.0675,6.682015245043993,11.987951807228916,49467.0,False,False
144,104.1858407079646,364.646017699115,47.74250000000001,7.796642800880295,13.442477876106194,43304.0,False,False
145,106.2,669.0,48.587500000000006,7.8653370162898755,8.452173913043477,32031.0,False,False
146,105.01020408163265,879.969387755102,41.405,7.260749503306075,8.39795918367347,33503.0,False,False
147,106.26530612244898,199.81632653061226,20.7025,5.134125210284583,21.551020408163264,62536.0,False,False
148,105.375,943.7,16.900000000000002,4.638722701997206,9.525,34653.0,False,False
149,108.80346820809248,252.41040462427745,73.0925,9.646981985240508,14.670520231213873,50484.0,False,True
150,108.02409638554217,775.156626506024,35.0675,6.682015245043993,8.373493975903614,30461.0,False,False
151,110.6304347826087,334.89130434782606,19.435000000000002,4.974475907261778,36.91304347826087,59454.0,False,False
152,112.27835051546391,345.7113402061856,40.9825,7.22360987610134,17.216494845360824,57535.0,False,False
153,111.24705882352941,637.8470588235294,35.9125,6.762042232218129,7.352941176470588,33171.0,False,False
154,110.70212765957447,686.9574468085107,19.8575,5.028255588131782,6.425531914893617,33410.0,False,False
155,111.87912087912088,805.3846153846154,38.447500000000005,6.996633290104976,9.593406593406593,30424.0,False,False
156,112.01190476190476,817.5,35.49,6.722147829574334,10.202380952380953,30488.0,False,False
157,111.7008547008547,171.30769230769232,49.432500000000005,7.933436443000028,16.17948717948718,64505.0,False,False
158,113.37209302325581,310.75581395348837,36.335,6.801702644040839,12.069767441860465,60421.0,False,False
159,114.2621359223301,152.27184466019418,43.517500000000005,7.443668577254932,13.116504854368932,72273.0,False,False
160,115.6798245614035,235.82894736842104,96.33000000000001,11.074798659313778,12.697368421052632,53052.0,False,False
161,116.25233644859813,930.8411214953271,45.2075,7.586829161027343,9.897196261682243,36408.0,False,False
162,114.50877192982456,406.7894736842105,24.082500000000003,5.537399329656889,10.543859649122806,37121.0,False,False
163,116.81333333333333,844.9733333333334,31.687500000000004,6.351832654737959,9.466666666666667,31107.0,False,False
164,115.53333333333333,878.9222222222222,38.025000000000006,6.958084052995808,10.655555555555555,34242.0,False,False
165,117.89855072463769,350.5217391304348,29.152500000000003,6.092463855279885,12.985507246376812,57518.0,False,False
166,119.72549019607843,913.4411764705883,43.095000000000006,7.407446130776911,11.411764705882353,37593.0,False,False
167,119.4,776.7866666666666,31.687500000000004,6.351832654737959,8.866666666666667,31564.0,False,False
168,119.98245614035088,768.6842105263158,24.082500000000003,5.537399329656889,9.052631578947368,31853.0,False,False
169,122.38461538461539,953.5461538461539,54.925000000000004,8.362576277354894,8.807692307692308,35132.0,False,False
170,121.88372093023256,315.0813953488372,36.335,6.801702644040839,16.11627906976744,66166.0,False,True
171,125.0827067669173,334.45864661654133,56.1925,8.458517193783473,40.54887218045113,64440.0,False,True
172,122.06666666666666,383.3666666666667,25.35,5.681251839078812,12.866666666666667,38507.0,False,False
173,123.63461538461539,828.5096153846154,43.940000000000005,7.479715609277069,9.346153846153847,31568.0,False,False
174,124.38709677419355,888.0322580645161,39.292500000000004,7.073101498742004,12.602150537634408,35826.0,False,False
175,125.15217391304348,258.7608695652174,58.30500000000001,8.616045012404687,21.318840579710145,62149.0,False,False
176,127.82203389830508,836.4322033898305,49.855000000000004,7.967267881951225,10.90677966101695,31839.0,False,False
177,122.91780821917808,896.3424657534247,30.842500000000005,6.266569289371519,15.273972602739725,36766.0,False,True
178,125.59782608695652,184.18478260869566,38.870000000000005,7.034971293747812,24.869565217391305,75100.0,False,False
179,126.13,154.43,42.25000000000001,7.3344645861208315,16.05,84496.0,False,False
180,126.6195652173913,165.18478260869566,38.870000000000005,7.034971293747812,19.369565217391305,74273.0,False,False
181,125.9041095890411,808.6301369863014,30.842500000000005,6.266569289371519,8.863013698630137,32085.0,False,False
182,130.95901639344262,301.4590163934426,51.545,8.101180922147954,16.418032786885245,60334.0,False,False
183,128.61666666666667,80.25,25.35,5.681251839078812,19.433333333333334,83138.0,False,False
184,128.26315789473685,174.66666666666666,24.082500000000003,5.537399329656889,28.842105263157894,75856.0,False,False
185,130.35365853658536,934.3170731707318,34.645,6.641640160935379,9.463414634146341,36362.0,False,False
186,132.0215053763441,324.76344086021504,39.292500000000004,7.073101498742004,29.881720430107528,67794.0,False,False
187,131.78787878787878,861.6767676767677,41.82750000000001,7.297700121093632,9.070707070707071,34191.0,False,False
188,131.08724832214764,237.79194630872485,62.95250000000001,8.952854988211321,19.40268456375839,63213.0,False,False
189,134.9277108433735,287.73493975903614,70.135,9.449796583524995,14.46987951807229,61138.0,False,False
190,130.8131868131868,654.3406593406594,38.447500000000005,6.996633290104976,10.43956043956044,35910.0,False,False
191,131.17241379310346,845.7586206896551,24.505000000000003,5.58576181408903,10.672413793103448,33352.0,False,False
192,132.46052631578948,801.2105263157895,32.11000000000001,6.394037987175715,10.947368421052632,33316.0,False,False
193,133.6067415730337,904.6741573033707,37.602500000000006,6.919320051920128,11.96629213483146,36848.0,False,False
194,135.67796610169492,312.864406779661,24.927500000000002,5.633709146857493,24.135593220338983,67047.0,False,False
195,133.44444444444446,387.64444444444445,19.012500000000003,4.920108417939312,12.022222222222222,39688.0,False,False
196,136.6986301369863,883.3150684931506,30.842500000000005,6.266569289371519,9.493150684931507,36461.0,False,False
197,137.33766233766235,896.1558441558442,32.532500000000006,6.4359665543799,11.051948051948052,36438.0,False,False
198,136.7127659574468,922.968085106383,39.715,7.1110272478142695,12.26595744680851,37253.0,False,False
199,138.3489932885906,755.9664429530201,62.95250000000001,8.952854988211321,9.563758389261745,37763.0,False,False
200,136.59183673469389,876.5102040816327,20.7025,5.134125210284583,11.0,35795.0,False,False
201,138.74375,353.99375,67.60000000000001,9.277445403994411,12.18125,53858.0,False,False
202,138.01408450704224,605.3521126760563,29.997500000000002,6.180129710871209,19.267605633802816,59621.0,False,True
203,138.13793103448276,792.2931034482758,24.505000000000003,5.58576181408903,12.241379310344827,34109.0,False,False
204,138.36363636363637,912.7532467532468,32.532500000000006,6.4359665543799,9.96103896103896,36998.0,False,False
205,140.51388888888889,870.5416666666666,30.42,6.223499574262349,12.694444444444445,35730.0,False,False
206,141.4794520547945,945.1643835616438,30.842500000000005,6.266569289371519,10.876712328767123,40463.0,False,False
207,142.0,1058.1184210526317,32.11000000000001,6.394037987175715,9.868421052631579,29115.0,False,False
208,143.4368932038835,389.28155339805824,43.517500000000005,7.443668577254932,10.349514563106796,41519.0,False,False
209,142.47297297297297,776.8243243243244,31.265000000000004,6.309345002941657,12.5,35334.0,False,False
210,143.1391304347826,852.8260869565217,48.587500000000006,7.8653370162898755,9.417391304347825,36024.0,False,False
211,143.66037735849056,408.9433962264151,22.392500000000002,5.3395708165996005,13.88679245283019,42578.0,False,False
212,144.94444444444446,626.5,45.63,7.622199185685551,12.703703703703704,52232.0,False,False
213,144.46478873239437,1023.9718309859155,29.997500000000002,6.180129710871209,11.929577464788732,32140.0,False,False
214,145.36986301369862,815.8219178082192,30.842500000000005,6.266569289371519,10.04109589041096,36174.0,False,False
215,146.01818181818183,965.5,46.475,7.692451354514157,13.636363636363637,43623.0,False,False
216,145.53284671532847,980.0583941605839,57.88250000000001,8.584770698634475,13.058394160583942,40286.0,False,False
217,145.10344827586206,337.41379310344826,24.505000000000003,5.58576181408903,18.120689655172413,63855.0,False,False
218,145.63333333333333,801.8333333333334,25.35,5.681251839078812,9.966666666666667,36892.0,False,False
219,147.0625,591.9875,33.800000000000004,6.560144557252417,31.2875,64036.0,False,True
220,148.28787878787878,441.09090909090907,27.885,5.958547197508803,12.833333333333334,46061.0,False,False
221,148.61467889908258,357.8348623853211,46.0525,7.6574058357851245,11.880733944954128,48691.0,False,False
222,149.4390243902439,674.9349593495934,51.96750000000001,8.134314724734013,9.447154471544716,45275.0,False,True
223,148.29333333333332,1005.1333333333333,31.687500000000004,6.351832654737959,11.16,35050.0,False,False
224,147.27027027027026,1095.8648648648648,15.632500000000002,4.4613806364255035,9.135135135135135,27714.0,False,False
225,147.37142857142857,1188.4285714285713,14.787500000000001,4.339127765780955,9.8,27679.0,False,False
226,147.5,1203.0,18.590000000000003,4.865133414062422,8.568181818181818,27706.0,False,False
227,149.81159420289856,372.69565217391306,29.152500000000003,6.092463855279885,10.840579710144928,43217.0,False,False
228,149.53061224489795,789.6734693877551,20.7025,5.134125210284583,12.122448979591837,37154.0,False,False
229,150.77215189873417,316.88607594936707,33.377500000000005,6.519014718835807,15.126582278481013,66367.0,False,False
230,151.6611570247934,465.1900826446281,51.1225,8.067911044732915,16.25619834710744,53322.0,False,True
231,149.17777777777778,780.4,19.012500000000003,4.920108417939312,11.755555555555556,35820.0,False,False
232,151.5064935064935,840.4935064935065,32.532500000000006,6.4359665543799,11.454545454545455,37090.0,False,False
233,150.7,870.7625,33.800000000000004,6.560144557252417,14.0625,36348.0,False,False
234,148.2962962962963,921.4444444444445,11.4075,3.8110995928427753,11.518518518518519,38391.0,False,False
235,150.52941176470588,939.3676470588235,28.730000000000004,6.048154439185661,11.676470588235293,45195.0,False,False
236,150.859649122807,382.29824561403507,24.082500000000003,5.537399329656889,13.824561403508772,43752.0,False,False
237,154.1496062992126,770.503937007874,53.657500000000006,8.265521814841879,10.275590551181102,37387.0,False,False
238,153.79710144927537,1046.840579710145,58.30500000000001,8.616045012404687,8.434782608695652,30372.0,False,False
239,152.98837209302326,854.3139534883721,36.335,6.801702644040839,12.069767441860465,37466.0,False,False
240,155.35064935064935,637.5974025974026,65.06500000000001,9.101831188183693,9.896103896103897,57177.0,False,False
241,153.66666666666666,653.7564102564103,32.955000000000005,6.477623730716943,16.23076923076923,51890.0,False,False
242,154.1153846153846,1062.2115384615386,65.91000000000001,9.160743331929707,6.506410256410256,29029.0,False,False
243,152.47619047619048,1250.2857142857142,26.617500000000003,5.8215507884058,8.476190476190476,18650.0,False,False
244,154.83157894736843,429.36842105263156,40.1375,7.148751795020415,12.726315789473684,45987.0,False,False
245,154.28571428571428,119.07142857142857,11.830000000000002,3.8810338589372004,51.67857142857143,157837.0,True,False
246,158.16417910447763,896.3955223880597,56.61500000000001,8.490256581822557,10.529850746268657,35769.0,False,False
247,155.01754385964912,978.3684210526316,24.082500000000003,5.537399329656889,11.24561403508772,46612.0,False,False
248,156.99479166666666,1082.84375,81.12,10.162932247580734,8.078125,27616.0,False,False
249,156.52747252747253,308.7802197802198,38.447500000000005,6.996633290104976,15.637362637362637,65731.0,False,False
250,157.20289855072463,1233.7536231884058,29.152500000000003,6.092463855279885,7.855072463768116,26461.0,False,False
251,157.71052631578948,335.19736842105266,32.11000000000001,6.394037987175715,15.197368421052632,60052.0,False,False
252,159.3734939759036,918.722891566265,35.0675,6.682015245043993,11.096385542168674,40429.0,False,False
253,160.93023255813952,843.1744186046511,36.335,6.801702644040839,12.069767441860465,39304.0,False,False
254,161.89705882352942,352.30882352941177,57.46000000000001,8.553382035223404,14.448529411764707,52899.0,False,False
255,161.425,730.25,50.7,8.034503402082343,18.225,45613.0,False,False
256,159.95833333333334,883.0625,20.28,5.081466123790367,8.3125,36994.0,False,False
257,160.3272727272727,926.9818181818182,23.2375,5.439384516724603,13.454545454545455,44906.0,False,False
258,162.00787401574803,1103.1023622047244,53.657500000000006,8.265521814841879,7.913385826771654,27325.0,False,False
259,160.42105263157896,1166.1929824561403,24.082500000000003,5.537399329656889,8.894736842105264,27806.0,False,False
260,161.59375,796.171875,27.040000000000003,5.867571668896666,10.875,40112.0,False,False
261,162.8235294117647,964.8039215686274,43.095000000000006,7.407446130776911,16.96078431372549,59625.0,False,False
262,161.78947368421052,1021.0736842105263,40.1375,7.148751795020415,10.621052631578948,33421.0,False,False
263,161.58426966292134,1034.1011235955057,37.602500000000006,6.919320051920128,9.561797752808989,32489.0,False,False
264,161.57777777777778,403.9555555555556,19.012500000000003,4.920108417939312,15.8,47343.0,False,False
265,160.8421052631579,1255.5526315789473,16.055000000000003,4.5212676198963315,8.289473684210526,15854.0,False,False
266,164.73958333333334,449.6875,40.56,7.186278309003779,14.15625,49071.0,False,False
267,164.09574468085106,869.3936170212766,39.715,7.1110272478142695,14.819148936170214,38470.0,False,False
268,164.30985915492957,940.4788732394367,29.997500000000002,6.180129710871209,18.197183098591548,57510.0,False,False
269,164.10714285714286,599.9642857142857,23.660000000000004,5.488610719338178,18.732142857142858,74024.0,False,False
270,163.15384615384616,607.0192307692307,21.970000000000002,5.288957628666685,18.307692307692307,73756.0,False,False
271,165.63725490196077,740.4215686274509,43.095000000000006,7.407446130776911,12.166666666666666,46367.0,False,False
272,165.53846153846155,1217.5897435897436,16.477500000000003,4.5803716659648535,10.025641025641026,28106.0,False,False
273,167.68421052631578,287.0,32.11000000000001,6.394037987175715,20.236842105263158,70479.0,False,False
274,166.96296296296296,676.8024691358024,34.222500000000004,6.601018127508749,16.469135802469136,57206.0,False,True
275,165.9,804.6,16.900000000000002,4.638722701997206,9.625,40718.0,False,False
276,169.12403100775194,333.3333333333333,54.502500000000005,8.33035043001963,19.155038759689923,62149.0,False,False
277,167.38805970149255,431.94029850746267,28.307500000000005,6.003518003020447,14.82089552238806,48263.0,False,False
278,170.22666666666666,668.4133333333333,63.37500000000001,8.982847886254723,31.35333333333333,61657.0,False,False
279,170.18243243243242,999.8040540540541,62.53000000000001,8.922761272851007,10.527027027027026,39742.0,False,False
280,169.34234234234233,384.7477477477477,46.89750000000001,7.727337934192946,14.91891891891892,52638.0,False,False
281,170.37037037037038,753.2685185185185,45.63,7.622199185685551,11.87037037037037,46807.0,False,False
282,168.72857142857143,986.5571428571428,29.575000000000003,6.136453335237093,15.128571428571428,48515.0,False,False
283,170.46774193548387,317.9516129032258,26.195000000000004,5.775163190277621,19.20967741935484,67934.0,False,False
284,169.49425287356323,580.0459770114943,36.7575,6.8411331346205175,13.080459770114942,59153.0,False,True
285,170.9468085106383,835.9787234042553,39.715,7.1110272478142695,11.03191489361702,42279.0,False,False
286,169.90833333333333,1019.0166666666667,50.7,8.034503402082343,9.783333333333333,34355.0,False,False
287,171.11881188118812,700.5841584158416,42.67250000000001,7.371045683803026,10.772277227722773,44859.0,False,False
288,171.15555555555557,362.55555555555554,19.012500000000003,4.920108417939312,18.266666666666666,56781.0,False,False
289,170.50980392156862,373.11764705882354,21.547500000000003,5.237855390346407,14.117647058823529,54928.0,False,False
290,172.6283185840708,456.283185840708,47.74250000000001,7.796642800880295,13.646017699115044,60367.0,False,False
291,172.52631578947367,595.2763157894736,32.11000000000001,6.394037987175715,18.92105263157895,70944.0,False,False
292,171.5164835164835,711.8901098901099,38.447500000000005,6.996633290104976,13.142857142857142,44031.0,False,False
293,171.8695652173913,1105.1521739130435,38.870000000000005,7.034971293747812,7.032608695652174,27178.0,False,False
294,171.31914893617022,354.0425531914894,19.8575,5.028255588131782,20.25531914893617,59225.0,False,False
295,173.640625,423.109375,27.040000000000003,5.867571668896666,13.46875,51420.0,False,False
296,172.10344827586206,823.4137931034483,24.505000000000003,5.58576181408903,10.413793103448276,41505.0,False,False
297,171.02325581395348,1205.4186046511627,18.1675,4.809530063215748,9.0,28531.0,False,False
298,171.3783783783784,1224.7567567567567,15.632500000000002,4.4613806364255035,8.108108108108109,28028.0,False,False
299,172.19354838709677,1170.2903225806451,13.097500000000002,4.083657054304242,8.709677419354838,28455.0,False,False
300,174.32,1070.84,21.125000000000004,5.186249645218625,10.14,29323.0,False,False
301,176.58163265306123,771.9285714285714,41.405,7.260749503306075,10.255102040816327,50621.0,False,False
302,177.25874125874125,918.0979020979021,60.417500000000004,8.770743993187619,11.748251748251748,44038.0,False,False
303,178.28,401.37333333333333,31.687500000000004,6.351832654737959,18.426666666666666,56224.0,False,False
304,177.95505617977528,606.4269662921348,37.602500000000006,6.919320051920128,19.44943820224719,69210.0,False,False
305,176.35849056603774,619.3207547169811,22.392500000000002,5.3395708165996005,37.39622641509434,65831.0,True,True
306,180.07407407407408,690.3407407407408,57.03750000000001,8.521877758618217,11.022222222222222,54541.0,False,False
307,177.67741935483872,806.0322580645161,26.195000000000004,5.775163190277621,16.080645161290324,41845.0,False,True
308,177.91176470588235,1039.8382352941176,28.730000000000004,6.048154439185661,11.161764705882353,33179.0,False,False
309,180.4,939.2095238095238,44.362500000000004,7.51558975086544,27.552380952380954,64231.0,False,False
310,181.81176470588235,361.49411764705883,35.9125,6.762042232218129,17.63529411764706,68613.0,False,False
311,182.0,567.1284403669724,46.0525,7.6574058357851245,12.009174311926605,50606.0,False,False
312,180.5875,782.3,33.800000000000004,6.560144557252417,13.075,51405.0,False,False
313,182.52727272727273,1078.569696969697,69.7125,9.421290344870497,8.327272727272728,29008.0,False,False
314,179.76666666666668,1107.0,25.35,5.681251839078812,9.366666666666667,27304.0,False,False
315,182.96,759.512,52.81250000000001,8.200180696565521,17.904,55103.0,False,False
316,185.08450704225353,729.0774647887324,59.995000000000005,8.740023254338977,11.32394366197183,46230.0,False,False
317,182.52564102564102,833.6666666666666,32.955000000000005,6.477623730716943,10.679487179487179,44600.0,False,False
318,184.23863636363637,858.2386363636364,37.18000000000001,6.880337656921596,15.681818181818182,44665.0,False,False
319,184.32380952380953,1046.142857142857,44.362500000000004,7.51558975086544,11.628571428571428,33318.0,False,False
320,183.44642857142858,338.57142857142856,23.660000000000004,5.488610719338178,19.803571428571427,78127.0,False,False
321,184.77570093457945,740.626168224299,45.2075,7.586829161027343,14.30841121495327,52115.0,False,False
322,187.38053097345133,645.858407079646,47.74250000000001,7.796642800880295,18.920353982300885,71430.0,False,False
323,187.10897435897436,660.4423076923077,65.91000000000001,9.160743331929707,37.78846153846154,66744.0,True,True
324,185.752,1021.56,52.81250000000001,8.200180696565521,10.888,35318.0,False,False
325,185.97368421052633,321.2631578947368,32.11000000000001,6.394037987175715,20.68421052631579,83525.0,False,False
326,187.3453237410072,432.3956834532374,58.727500000000006,8.647206217237697,16.52517985611511,57309.0,False,False
327,187.609375,472.25,27.040000000000003,5.867571668896666,23.328125,82642.0,False,False
328,190.38181818181818,972.1636363636363,69.7125,9.421290344870497,23.072727272727274,63808.0,False,True
329,189.06493506493507,485.2987012987013,32.532500000000006,6.4359665543799,50.81818181818182,86265.0,True,True
330,190.79381443298968,953.1546391752578,40.9825,7.22360987610134,38.876288659793815,69418.0,True,True
331,190.47058823529412,865.3764705882353,35.9125,6.762042232218129,17.270588235294117,45047.0,False,False
332,189.83333333333334,895.9166666666666,25.35,5.681251839078812,12.383333333333333,38394.0,False,False
333,189.72549019607843,1110.7254901960785,21.547500000000003,5.237855390346407,9.784313725490197,26863.0,False,False
334,190.42045454545453,1223.6704545454545,37.18000000000001,6.880337656921596,8.113636363636363,29388.0,False,False
335,193.36190476190475,619.4666666666667,44.362500000000004,7.51558975086544,22.304761904761904,65465.0,False,False
336,193.07843137254903,689.843137254902,64.64250000000001,9.072231658778492,10.81045751633987,54027.0,False,False
337,192.38709677419354,381.93548387096774,39.292500000000004,7.073101498742004,19.451612903225808,74235.0,False,False
338,199.51339285714286,755.6026785714286,94.64000000000001,10.977221438676356,27.276785714285715,61562.0,False,True
339,194.28220858895705,914.3312883435583,68.8675,9.364017532397558,10.47239263803681,43149.0,False,False
340,193.1875,1195.5125,33.800000000000004,6.560144557252417,9.1625,29025.0,False,False
341,193.21818181818182,767.8,23.2375,5.439384516724603,24.21818181818182,59372.0,False,False
342,192.35,784.6,25.35,5.681251839078812,13.883333333333333,57029.0,False,False
343,194.7741935483871,880.2903225806451,39.292500000000004,7.073101498742004,12.279569892473118,44128.0,False,False
344,195.91358024691357,414.1975308641975,34.222500000000004,6.601018127508749,19.987654320987655,64345.0,False,False
345,195.75862068965517,588.4913793103449,49.010000000000005,7.8994601136704485,18.560344827586206,56769.0,False,False
346,197.289156626506,859.7590361445783,35.0675,6.682015245043993,25.85542168674699,45685.0,False,True
347,198.07142857142858,1044.531746031746,53.23500000000001,8.232916079007266,11.579365079365079,34460.0,False,False
348,195.96875,1174.953125,27.040000000000003,5.867571668896666,8.875,28583.0,False,False
349,199.55084745762713,1109.3728813559321,49.855000000000004,7.967267881951225,7.737288135593221,27349.0,False,False
350,198.4264705882353,492.1764705882353,28.730000000000004,6.048154439185661,24.397058823529413,97964.0,False,False
351,200.2391304347826,800.4565217391304,38.870000000000005,7.034971293747812,12.33695652173913,46809.0,False,False
352,199.5,565.0652173913044,38.870000000000005,7.034971293747812,15.48913043478261,54473.0,False,False
353,202.30434782608697,727.9710144927536,58.30500000000001,8.616045012404687,15.181159420289855,47661.0,False,False
354,200.34831460674158,1222.0112359550562,37.602500000000006,6.919320051920128,10.067415730337078,30442.0,False,False
355,200.9787234042553,292.72340425531917,19.8575,5.028255588131782,27.851063829787233,82216.0,False,False
356,202.5,123.76136363636364,37.18000000000001,6.880337656921596,39.20454545454545,109506.0,True,False
357,202.35064935064935,304.1818181818182,32.532500000000006,6.4359665543799,27.98701298701299,91612.0,False,False
358,204.61855670103094,764.4845360824743,40.9825,7.22360987610134,50.154639175257735,61822.0,True,True
359,204.03875968992247,917.3410852713179,54.502500000000005,8.33035043001963,10.976744186046512,43810.0,False,False
360,201.30188679245282,1028.7924528301887,22.392500000000002,5.3395708165996005,12.433962264150944,35709.0,False,False
361,203.6727272727273,315.7090909090909,23.2375,5.439384516724603,28.10909090909091,99481.0,False,False
362,203.8372093023256,385.25581395348837,36.335,6.801702644040839,21.232558139534884,90344.0,False,False
363,202.2112676056338,690.6760563380282,29.997500000000002,6.180129710871209,10.845070422535212,51318.0,False,False
364,208.0,948.2958579881657,71.4025,9.534803961957083,16.94674556213018,58710.0,False,False
365,204.25,342.97727272727275,18.590000000000003,4.865133414062422,35.04545454545455,124393.0,False,False
366,205.16,356.12,21.125000000000004,5.186249645218625,44.12,126372.0,False,False
367,206.06451612903226,366.06451612903226,39.292500000000004,7.073101498742004,29.752688172043012,124912.0,False,False
368,205.27272727272728,632.8585858585859,41.82750000000001,7.297700121093632,12.474747474747474,59146.0,False,False
369,205.12307692307692,892.5538461538462,27.462500000000002,5.913234393907399,11.292307692307693,40965.0,False,False
370,206.45045045045046,963.8648648648649,46.89750000000001,7.727337934192946,12.576576576576576,60504.0,False,False
371,206.6595744680851,856.2340425531914,39.715,7.1110272478142695,20.627659574468087,46465.0,False,False
372,208.44897959183675,983.8299319727892,62.10750000000001,8.892565716633143,12.170068027210885,45682.0,False,False
373,206.80392156862746,809.0,21.547500000000003,5.237855390346407,10.803921568627452,42937.0,False,False
374,208.53932584269663,397.80898876404495,37.602500000000006,6.919320051920128,21.741573033707866,83431.0,False,False
375,210.86131386861314,699.0875912408759,57.88250000000001,8.584770698634475,12.102189781021897,48427.0,False,False
376,211.59055118110237,98.0,53.657500000000006,8.265521814841879,25.566929133858267,93104.0,False,False
377,210.05,329.74,42.25000000000001,7.3344645861208315,43.25,127248.0,False,True
378,212.37,416.29,42.25000000000001,7.3344645861208315,25.89,75377.0,False,False
379,214.13669064748203,82.38129496402878,58.727500000000006,8.647206217237697,17.496402877697843,76480.0,False,False
380,211.78846153846155,592.8846153846154,21.970000000000002,5.288957628666685,14.26923076923077,56563.0,False,False
381,212.39285714285714,578.25,23.660000000000004,5.488610719338178,14.303571428571429,59503.0,False,False
382,213.43478260869566,931.9891304347826,38.870000000000005,7.034971293747812,12.956521739130435,50172.0,False,False
383,213.986301369863,1044.849315068493,30.842500000000005,6.266569289371519,11.41095890410959,36737.0,False,False
384,215.43243243243242,657.2612612612612,46.89750000000001,7.727337934192946,15.504504504504505,56947.0,False,False
385,216.02586206896552,873.8706896551724,49.010000000000005,7.8994601136704485,11.577586206896552,45976.0,False,False
386,215.42168674698794,632.4216867469879,35.0675,6.682015245043993,10.144578313253012,54950.0,False,False
387,214.56410256410257,780.4358974358975,16.477500000000003,4.5803716659648535,14.0,59617.0,False,False
388,214.40625,1104.734375,27.040000000000003,5.867571668896666,7.21875,28662.0,False,False
389,218.10576923076923,476.08653846153845,43.940000000000005,7.479715609277069,30.567307692307693,106389.0,False,False
390,217.5185185185185,882.7777777777778,22.815,5.389708731752834,14.5,44835.0,False,False
391,217.09333333333333,1232.4266666666667,31.687500000000004,6.351832654737959,8.44,31912.0,False,False
392,218.45744680851064,236.89361702127658,39.715,7.1110272478142695,20.404255319148938,73513.0,False,False
393,223.14117647058825,466.8764705882353,71.825,9.562971834142516,31.194117647058825,101179.0,True,False
394,220.49484536082474,667.7835051546392,40.9825,7.22360987610134,15.793814432989691,55135.0,False,False
395,221.390243902439,140.5121951219512,17.3225,4.696348795998318,29.4390243902439,112681.0,False,False
396,221.27619047619046,971.6666666666666,44.362500000000004,7.51558975086544,14.17142857142857,44613.0,False,False
397,220.88679245283018,1119.9245283018868,22.392500000000002,5.3395708165996005,6.90566037735849,28291.0,False,False
398,222.7391304347826,566.695652173913,29.152500000000003,6.092463855279885,15.55072463768116,65519.0,False,True
399,222.04444444444445,1246.4444444444443,19.012500000000003,4.920108417939312,11.533333333333333,25254.0,False,False
400,229.20744680851064,105.75531914893617,79.43,10.056511176263564,23.51063829787234,83610.0,False,False
401,228.08677685950414,737.9628099173553,102.245,11.409749219480977,15.041322314049587,55467.0,False,False
402,225.25757575757575,1238.2272727272727,27.885,5.958547197508803,8.409090909090908,30355.0,False,False
403,225.24761904761905,760.2666666666667,44.362500000000004,7.51558975086544,18.20952380952381,61975.0,False,False
404,226.58064516129033,941.4086021505376,39.292500000000004,7.073101498742004,16.29032258064516,50666.0,False,False
405,226.79611650485438,1193.3106796116506,43.517500000000005,7.443668577254932,7.456310679611651,30173.0,False,False
406,223.84,1226.5,21.125000000000004,5.186249645218625,11.9,32637.0,False,False
407,226.36607142857142,89.74107142857143,47.32000000000001,7.762067717874401,20.419642857142858,73735.0,False,False
408,223.84375,114.25,13.520000000000001,4.148999716174901,31.59375,91859.0,False,False
409,225.3734939759036,268.48192771084337,35.0675,6.682015245043993,17.373493975903614,74705.0,False,False
410,226.31313131313132,699.979797979798,41.82750000000001,7.297700121093632,15.292929292929292,52801.0,False,False
411,229.68,715.8057142857143,73.93750000000001,9.702584647343,16.4,51868.0,False,False
412,227.05882352941177,924.4873949579832,50.2775,8.000956268498294,11.663865546218487,51462.0,False,False
413,225.03030303030303,824.030303030303,13.9425,4.2133291293785735,8.515151515151516,41899.0,False,True
414,228.109375,9.28125,27.040000000000003,5.867571668896666,16.15625,58623.0,False,False
415,228.37313432835822,221.0597014925373,28.307500000000005,6.003518003020447,19.53731343283582,79007.0,False,False
416,229.95652173913044,416.30434782608694,58.30500000000001,8.616045012404687,23.920289855072465,88949.0,False,False
417,228.01754385964912,906.561403508772,24.082500000000003,5.537399329656889,13.087719298245615,46503.0,False,False
418,229.183908045977,1063.632183908046,36.7575,6.8411331346205175,15.091954022988507,35327.0,False,True
419,232.840490797546,478.97546012269936,68.8675,9.364017532397558,30.66871165644172,132271.0,True,False
420,228.125,72.33333333333333,10.14,3.5931391545018894,15.875,74961.0,False,False
421,233.46363636363637,439.5272727272727,46.475,7.692451354514157,31.881818181818183,101613.0,False,False
422,233.7753623188406,648.2173913043479,58.30500000000001,8.616045012404687,17.840579710144926,56908.0,False,False
423,231.97857142857143,880.1071428571429,59.150000000000006,8.67825553156191,12.507142857142858,44423.0,False,False
424,230.40404040404042,1211.3333333333333,41.82750000000001,7.297700121093632,11.282828282828282,31294.0,False,False
425,232.25,1252.6309523809523,35.49,6.722147829574334,11.595238095238095,20901.0,False,False
426,230.91489361702128,135.93617021276594,19.8575,5.028255588131782,32.12765957446808,109978.0,False,False
427,232.43333333333334,800.9333333333333,25.35,5.681251839078812,12.55,45032.0,False,False
428,232.0,821.0,17.3225,4.696348795998318,9.658536585365853,42443.0,False,True
429,233.8048780487805,1116.9512195121952,17.3225,4.696348795998318,9.878048780487806,29220.0,False,False
430,234.92307692307693,835.5,32.955000000000005,6.477623730716943,10.243589743589743,43126.0,False,False
431,236.56521739130434,730.5,38.870000000000005,7.034971293747812,16.152173913043477,56105.0,False,False
432,234.2127659574468,759.0212765957447,19.8575,5.028255588131782,12.595744680851064,59366.0,False,False
433,237.53846153846155,670.1474358974359,65.91000000000001,9.160743331929707,17.903846153846153,55723.0,False,False
434,238.74285714285713,1057.8714285714286,29.575000000000003,6.136453335237093,10.571428571428571,36057.0,False,False
435,238.22222222222223,599.952380952381,26.617500000000003,5.8215507884058,19.015873015873016,73577.0,False,False
436,238.4,1091.1714285714286,29.575000000000003,6.136453335237093,10.5,32897.0,False,False
437,239.28703703703704,414.94444444444446,45.63,7.622199185685551,25.046296296296298,99924.0,False,False
438,240.4857142857143,922.552380952381,44.362500000000004,7.51558975086544,15.257142857142858,54838.0,False,False
439,240.58,114.04,42.25000000000001,7.3344645861208315,17.89,85904.0,False,False
440,241.3361344537815,428.6806722689076,50.2775,8.000956268498294,34.33613445378151,121558.0,True,False
441,240.9855072463768,1078.4347826086957,29.152500000000003,6.092463855279885,9.27536231884058,34641.0,False,False
442,244.96190476190475,1232.952380952381,44.362500000000004,7.51558975086544,9.438095238095238,31327.0,False,False
443,245.375,474.52403846153845,87.88000000000001,10.57791525733337,43.58653846153846,144419.0,False,False
444,240.21818181818182,1190.2727272727273,23.2375,5.439384516724603,9.036363636363637,30052.0,False,False
445,244.78021978021977,87.97802197802197,38.447500000000005,6.996633290104976,19.01098901098901,63071.0,False,False
446,244.47058823529412,701.3382352941177,28.730000000000004,6.048154439185661,16.941176470588236,55735.0,False,False
447,244.4814814814815,128.59259259259258,11.4075,3.8110995928427753,21.185185185185187,98128.0,False,False
448,248.8793103448276,897.3362068965517,49.010000000000005,7.8994601136704485,12.922413793103448,47741.0,False,False
449,250.62910798122067,721.4976525821596,89.9925,10.704298656594888,20.150234741784036,59214.0,False,True
450,251.45714285714286,456.7214285714286,59.150000000000006,8.67825553156191,45.09285714285714,151845.0,False,False
451,249.0759493670886,569.4430379746835,33.377500000000005,6.519014718835807,16.911392405063292,84007.0,False,False
452,250.4070796460177,446.95575221238937,47.74250000000001,7.796642800880295,44.584070796460175,164551.0,False,False
453,249.86516853932585,910.0224719101124,37.602500000000006,6.919320051920128,15.370786516853933,53562.0,False,False
454,249.2622950819672,968.139344262295,51.545,8.101180922147954,11.245901639344263,42700.0,False,True
455,248.6,614.3142857142857,14.787500000000001,4.339127765780955,18.885714285714286,88757.0,False,False
456,250.50704225352112,732.169014084507,29.997500000000002,6.180129710871209,15.309859154929578,63465.0,False,False
457,250.45238095238096,768.4642857142857,35.49,6.722147829574334,18.666666666666668,60295.0,False,False
458,251.34,1250.14,21.125000000000004,5.186249645218625,9.18,21491.0,False,False
459,248.8,1257.16,10.562500000000002,3.6672322930604158,9.52,17201.0,False,False
460,252.1639344262295,586.0,25.7725,5.728399965669906,23.229508196721312,96961.0,False,False
461,252.22641509433961,603.2264150943396,22.392500000000002,5.3395708165996005,24.22641509433962,96583.0,False,False
462,253.6412213740458,956.1984732824427,55.347500000000004,8.394678415652944,11.84732824427481,50153.0,False,True
463,251.58064516129033,142.74193548387098,13.097500000000002,4.083657054304242,33.16129032258065,121961.0,False,False
464,254.02469135802468,839.074074074074,34.222500000000004,6.601018127508749,13.049382716049383,48877.0,False,False
465,254.71666666666667,12.4,25.35,5.681251839078812,15.8,43084.0,False,False
466,256.5145631067961,650.9611650485436,43.517500000000005,7.443668577254932,14.728155339805825,85113.0,False,False
467,254.875,871.265625,27.040000000000003,5.867571668896666,14.75,45910.0,False,False
468,254.78666666666666,1204.6133333333332,31.687500000000004,6.351832654737959,9.24,31024.0,False,False
469,255.36,33.54,21.125000000000004,5.186249645218625,16.52,68417.0,False,False
470,257.1467889908257,630.2844036697247,46.0525,7.6574058357851245,19.229357798165136,100977.0,False,False
471,258.81538461538463,937.8,54.925000000000004,8.362576277354894,18.26153846153846,56391.0,False,True
472,255.42592592592592,1213.9259259259259,22.815,5.389708731752834,9.148148148148149,31226.0,False,False
473,256.0681818181818,753.0454545454545,18.590000000000003,4.865133414062422,22.613636363636363,69254.0,False,False
474,258.078431372549,1190.8039215686274,21.547500000000003,5.237855390346407,10.627450980392156,30348.0,False,False
475,258.8021978021978,76.02197802197803,38.447500000000005,6.996633290104976,15.637362637362637,56048.0,False,False
476,263.30916030534354,432.68702290076334,110.69500000000001,11.87186806717708,100.12595419847328,203035.0,False,True
477,261.3666666666667,89.15,50.7,8.034503402082343,14.133333333333333,63121.0,False,False
478,263.34507042253523,105.20422535211267,59.995000000000005,8.740023254338977,21.06338028169014,72007.0,False,False
479,263.56216216216217,463.37297297297295,78.16250000000001,9.9759503765487,53.81621621621622,174690.0,False,False
480,261.9891304347826,1058.8478260869565,38.870000000000005,7.034971293747812,10.434782608695652,35100.0,False,True
481,261.3859649122807,227.94736842105263,24.082500000000003,5.537399329656889,21.36842105263158,74965.0,False,False
482,262.85714285714283,678.9142857142857,14.787500000000001,4.339127765780955,16.228571428571428,62165.0,False,False
483,264.3796296296296,693.6111111111111,45.63,7.622199185685551,15.648148148148149,59579.0,False,False
484,264.11290322580646,638.0645161290323,26.195000000000004,5.775163190277621,27.548387096774192,114077.0,False,False
485,265.64462809917353,956.4958677685951,51.1225,8.067911044732915,12.487603305785123,52279.0,False,True
486,265.655737704918,856.7704918032787,25.7725,5.728399965669906,15.672131147540984,52166.0,False,False
487,265.42857142857144,1219.5396825396826,26.617500000000003,5.8215507884058,9.634920634920634,30157.0,False,False
488,267.02702702702703,652.4504504504505,46.89750000000001,7.727337934192946,20.2972972972973,108883.0,False,False
489,266.17241379310343,717.919540229885,36.7575,6.8411331346205175,14.701149425287356,66054.0,False,False
490,265.2432432432432,829.3783783783783,15.632500000000002,4.4613806364255035,24.35135135135135,61555.0,False,False
491,266.46938775510205,613.3673469387755,20.7025,5.134125210284583,41.6530612244898,115531.0,True,False
492,267.6326530612245,118.87755102040816,20.7025,5.134125210284583,41.42857142857143,76705.0,False,True
493,273.57068062827227,473.18848167539267,80.6975,10.136431727253225,40.47120418848168,159431.0,False,False
494,270.1098901098901,1077.4395604395604,38.447500000000005,6.996633290104976,8.428571428571429,34206.0,False,True
495,271.3697478991597,666.5882352941177,50.2775,8.000956268498294,15.932773109243698,96038.0,False,False
496,272.1823899371069,750.0,67.17750000000001,9.24840794496255,36.21383647798742,79175.0,True,False
497,272.1807228915663,141.7710843373494,35.0675,6.682015245043993,13.602409638554217,101471.0,False,False
498,271.5595238095238,727.8928571428571,35.49,6.722147829574334,16.273809523809526,74917.0,False,False
499,272.62264150943395,906.7830188679245,44.785000000000004,7.5512934660867375,11.452830188679245,54583.0,False,False
500,274.2887323943662,289.59154929577466,59.995000000000005,8.740023254338977,19.746478873239436,95526.0,False,False
501,273.80555555555554,421.4583333333333,60.84,8.801357503344999,100.51388888888889,213523.0,False,False
502,274.7157894736842,948.7684210526315,40.1375,7.148751795020415,17.6,56187.0,False,True
503,273.3837209302326,969.453488372093,36.335,6.801702644040839,15.255813953488373,47607.0,False,True
504,273.1588785046729,1204.9532710280373,45.2075,7.586829161027343,8.336448598130842,30861.0,False,False
505,274.375,93.890625,54.080000000000005,8.297999432349801,14.9375,63481.0,False,False
506,276.863309352518,331.0575539568345,58.727500000000006,8.647206217237697,26.093525179856115,146186.0,False,True
507,275.2823529411765,116.88235294117646,35.9125,6.762042232218129,36.470588235294116,73000.0,False,True
508,274.672131147541,539.5901639344262,25.7725,5.728399965669906,24.098360655737704,157111.0,False,False
509,275.6034482758621,1253.2413793103449,24.505000000000003,5.58576181408903,7.5,18241.0,False,False
510,279.00961538461536,895.9230769230769,43.940000000000005,7.479715609277069,13.0,50109.0,False,False
511,278.6333333333333,636.2777777777778,38.025000000000006,6.958084052995808,79.4,133628.0,False,False
512,279.4166666666667,857.6203703703703,45.63,7.622199185685551,15.064814814814815,56628.0,False,False
513,277.8709677419355,1093.741935483871,26.195000000000004,5.775163190277621,9.338709677419354,33726.0,False,False
514,280.1775700934579,961.6822429906542,45.2075,7.586829161027343,15.504672897196262,51072.0,False,True
515,283.8625954198473,453.14503816793894,110.69500000000001,11.87186806717708,49.13740458015267,213437.0,False,False
516,280.6164383561644,689.1232876712329,30.842500000000005,6.266569289371519,19.91780821917808,74394.0,False,False
517,281.9009900990099,716.3564356435644,42.67250000000001,7.371045683803026,15.564356435643564,71369.0,False,False
518,279.64285714285717,800.2142857142857,17.745,4.753276314430444,21.166666666666668,77730.0,False,False
519,281.27868852459017,1106.4262295081967,25.7725,5.728399965669906,10.950819672131148,33489.0,False,False
520,282.3333333333333,515.4722222222222,45.63,7.622199185685551,39.80555555555556,141252.0,False,False
521,282.53097345132744,1214.1150442477876,47.74250000000001,7.796642800880295,8.194690265486726,30222.0,False,False
522,281.943661971831,296.3380281690141,29.997500000000002,6.180129710871209,24.422535211267604,102169.0,False,False
523,283.2072072072072,356.18918918918916,46.89750000000001,7.727337934192946,27.144144144144143,100944.0,False,False
524,283.7378640776699,814.3106796116505,43.517500000000005,7.443668577254932,44.980582524271846,80969.0,True,True
525,285.45911949685535,680.8490566037735,67.17750000000001,9.24840794496255,24.0062893081761,89569.0,False,False
526,285.54237288135596,830.7457627118644,49.855000000000004,7.967267881951225,18.35593220338983,79678.0,False,False
527,285.1546391752577,929.5670103092783,40.9825,7.22360987610134,16.371134020618555,61116.0,False,False
528,284.8550724637681,534.463768115942,29.152500000000003,6.092463855279885,61.710144927536234,175133.0,False,False
529,286.46153846153845,643.7384615384616,54.925000000000004,8.362576277354894,99.66153846153846,130668.0,True,True
530,285.88461538461536,1146.6692307692308,54.925000000000004,8.362576277354894,12.538461538461538,41578.0,False,False
531,285.16923076923075,199.0,27.462500000000002,5.913234393907399,19.723076923076924,77733.0,False,False
532,285.9051724137931,315.62931034482756,49.010000000000005,7.8994601136704485,44.189655172413794,122394.0,False,False
533,286.28125,1198.546875,27.040000000000003,5.867571668896666,10.75,31460.0,False,False
534,290.69354838709677,337.33870967741933,52.39000000000001,8.167314108608483,29.274193548387096,104891.0,False,False
535,295.131914893617,460.9446808510638,99.28750000000001,11.24352130330585,34.99148936170213,159810.0,False,True
536,294.17123287671234,425.8424657534247,123.37000000000002,12.533138578743038,59.428082191780824,210282.0,False,True
537,291.19101123595505,767.2022471910112,37.602500000000006,6.919320051920128,19.426966292134832,80261.0,False,True
538,291.59302325581393,132.97674418604652,36.335,6.801702644040839,23.13953488372093,71861.0,False,True
539,291.39622641509436,406.8867924528302,44.785000000000004,7.5512934660867375,66.31132075471699,170703.0,False,False
540,292.3814432989691,503.4639175257732,40.9825,7.22360987610134,45.2680412371134,147223.0,False,False
541,291.87368421052633,1228.2526315789473,40.1375,7.148751795020415,7.484210526315789,30370.0,False,False
542,291.70666666666665,1243.08,31.687500000000004,6.351832654737959,9.186666666666667,24827.0,False,False
543,291.9622641509434,347.0943396226415,22.392500000000002,5.3395708165996005,29.849056603773583,92235.0,False,False
544,296.1197916666667,478.6197916666667,81.12,10.162932247580734,47.369791666666664,132844.0,False,True
545,292.84057971014494,1216.391304347826,29.152500000000003,6.092463855279885,7.434782608695652,30873.0,False,False
546,293.1060606060606,1254.7272727272727,27.885,5.958547197508803,8.090909090909092,18446.0,False,False
547,292.86567164179104,294.910447761194,28.307500000000005,6.003518003020447,19.865671641791046,88081.0,False,False
548,296.59,301.49,42.25000000000001,7.3344645861208315,22.38,93846.0,False,False
549,299.9260869565217,442.4304347826087,97.17500000000001,11.123266281072276,60.61304347826087,182446.0,False,True
550,295.7674418604651,802.546511627907,36.335,6.801702644040839,29.790697674418606,86951.0,False,False
551,296.6666666666667,865.5625,40.56,7.186278309003779,16.65625,61022.0,False,True
552,297.3958333333333,492.53125,40.56,7.186278309003779,50.677083333333336,146842.0,False,False
553,294.8918918918919,1107.8918918918919,15.632500000000002,4.4613806364255035,12.405405405405405,37642.0,False,False
554,297.1034482758621,95.46551724137932,24.505000000000003,5.58576181408903,12.53448275862069,52408.0,False,False
555,298.63106796116506,322.33009708737865,43.517500000000005,7.443668577254932,39.00970873786408,102004.0,False,False
556,297.3205128205128,365.55128205128204,32.955000000000005,6.477623730716943,28.525641025641026,93130.0,False,False
557,296.0566037735849,651.2452830188679,22.392500000000002,5.3395708165996005,47.528301886792455,141647.0,False,False
558,298.38461538461536,537.7948717948718,32.955000000000005,6.477623730716943,64.53846153846153,217065.0,False,False
559,298.0,891.5909090909091,27.885,5.958547197508803,14.545454545454545,56987.0,False,False
560,301.3642857142857,6.9714285714285715,59.150000000000006,8.67825553156191,10.878571428571428,34073.0,False,False
561,299.02941176470586,76.94117647058823,28.730000000000004,6.048154439185661,13.5,46103.0,False,False
562,301.49295774647885,397.8169014084507,59.995000000000005,8.740023254338977,34.09154929577465,128936.0,False,False
563,303.2048192771084,669.0783132530121,70.135,9.449796583524995,34.66867469879518,130345.0,False,False
564,301.52991452991455,781.2478632478633,49.432500000000005,7.933436443000028,20.786324786324787,77977.0,False,True
565,300.21276595744683,656.063829787234,19.8575,5.028255588131782,29.19148936170213,149392.0,False,False
566,299.6808510638298,1188.9787234042553,19.8575,5.028255588131782,12.659574468085106,33533.0,False,False
567,301.64935064935065,545.5714285714286,32.532500000000006,6.4359665543799,92.51948051948052,243833.0,True,False
568,300.8709677419355,850.8548387096774,26.195000000000004,5.775163190277621,18.629032258064516,68671.0,False,True
569,303.8606557377049,681.4016393442623,51.545,8.101180922147954,41.73770491803279,103524.0,True,True
570,304.8165137614679,701.9266055045872,46.0525,7.6574058357851245,19.770642201834864,86431.0,False,False
571,304.50485436893206,1118.9029126213593,43.517500000000005,7.443668577254932,9.233009708737864,43389.0,False,False
572,303.9111111111111,1137.5777777777778,38.025000000000006,6.958084052995808,27.9,43934.0,False,False
573,304.8,116.26666666666667,25.35,5.681251839078812,13.216666666666667,58300.0,False,False
574,303.75714285714287,382.87142857142857,29.575000000000003,6.136453335237093,63.05714285714286,106292.0,True,True
575,305.29411764705884,1174.8039215686274,21.547500000000003,5.237855390346407,10.882352941176471,36761.0,False,False
576,304.921568627451,1234.4705882352941,21.547500000000003,5.237855390346407,10.901960784313726,30457.0,False,False
577,306.90909090909093,58.535353535353536,41.82750000000001,7.297700121093632,11.808080808080808,46439.0,False,False
578,305.9811320754717,206.24528301886792,22.392500000000002,5.3395708165996005,17.71698113207547,73433.0,False,False
579,307.85185185185185,501.0740740740741,57.03750000000001,8.521877758618217,42.45925925925926,147237.0,False,False
580,307.2470588235294,971.8470588235294,35.9125,6.762042232218129,14.152941176470588,61330.0,False,False
581,307.56382978723406,1204.0425531914893,39.715,7.1110272478142695,10.702127659574469,32952.0,False,False
582,306.7846153846154,107.95384615384616,27.462500000000002,5.913234393907399,12.938461538461539,55783.0,False,False
583,308.07865168539325,362.1123595505618,37.602500000000006,6.919320051920128,22.40449438202247,87127.0,False,False
584,307.358024691358,898.2222222222222,34.222500000000004,6.601018127508749,15.88888888888889,73122.0,False,False
585,311.53333333333336,1254.4166666666667,50.7,8.034503402082343,11.016666666666667,20430.0,False,False
586,307.67857142857144,289.55357142857144,23.660000000000004,5.488610719338178,17.357142857142858,77938.0,False,False
587,310.5067264573991,474.7847533632287,94.21750000000002,10.952691304245054,30.717488789237667,128623.0,False,True
588,309.1219512195122,839.5853658536586,34.645,6.641640160935379,25.609756097560975,81052.0,False,False
589,309.4942528735632,88.45977011494253,36.7575,6.8411331346205175,11.908045977011493,48213.0,False,False
590,308.58490566037733,859.3207547169811,22.392500000000002,5.3395708165996005,19.69811320754717,68144.0,False,True
591,309.40677966101697,1158.8813559322034,24.927500000000002,5.633709146857493,10.491525423728813,43096.0,False,False
592,312.0272727272727,303.07272727272726,46.475,7.692451354514157,29.563636363636363,82308.0,False,False
593,312.937106918239,524.8993710691824,67.17750000000001,9.24840794496255,38.25157232704402,165094.0,False,False
594,314.06306306306305,418.15315315315314,93.79500000000002,10.928106107575758,40.891891891891895,125461.0,False,True
595,311.089552238806,717.9104477611941,28.307500000000005,6.003518003020447,23.16417910447761,80145.0,False,False
596,312.3164556962025,830.0379746835443,33.377500000000005,6.519014718835807,25.29113924050633,92750.0,False,False
597,311.46153846153845,1062.9076923076923,27.462500000000002,5.913234393907399,16.4,48540.0,False,False
598,311.05,316.825,16.900000000000002,4.638722701997206,57.375,89016.0,False,True
599,311.0,377.5,21.970000000000002,5.288957628666685,25.076923076923077,93586.0,False,False
600,312.3,459.02222222222224,38.025000000000006,6.958084052995808,31.355555555555554,119975.0,False,True
601,321.36290322580646,442.68279569892474,157.17000000000002,14.146202997484007,34.266129032258064,110830.0,True,False
602,314.8015873015873,646.8333333333334,53.23500000000001,8.232916079007266,32.05555555555556,137710.0,False,False
603,316.03731343283584,395.47014925373134,56.61500000000001,8.490256581822557,27.5,110755.0,False,False
604,315.0444444444444,1121.6333333333334,38.025000000000006,6.958084052995808,12.533333333333333,43979.0,False,False
605,316.79,328.01,42.25000000000001,7.3344645861208315,23.97,86459.0,False,False
606,317.55670103092785,31.484536082474225,40.9825,7.22360987610134,17.701030927835053,54017.0,False,False
607,318.0610687022901,672.763358778626,55.347500000000004,8.394678415652944,41.17557251908397,120742.0,True,False
608,321.13513513513516,655.7837837837837,78.16250000000001,9.9759503765487,58.54054054054054,127372.0,True,True
609,316.0,748.5862068965517,12.252500000000001,3.9497300568352243,18.0,91392.0,False,True
610,319.0098039215686,1206.578431372549,43.095000000000006,7.407446130776911,10.745098039215685,33568.0,False,False
611,317.3076923076923,130.23076923076923,21.970000000000002,5.288957628666685,17.942307692307693,59343.0,False,True
612,318.40384615384613,101.40384615384616,21.970000000000002,5.288957628666685,10.365384615384615,55843.0,False,False
613,319.88461538461536,362.3333333333333,32.955000000000005,6.477623730716943,17.102564102564102,81009.0,False,False
614,320.25,382.06944444444446,30.42,6.223499574262349,20.708333333333332,91163.0,False,False
615,319.8488372093023,509.77906976744185,36.335,6.801702644040839,58.116279069767444,141871.0,False,False
616,320.4418604651163,783.4651162790698,36.335,6.801702644040839,19.61627906976744,103420.0,False,True
617,319.7979797979798,822.060606060606,41.82750000000001,7.297700121093632,24.7979797979798,103361.0,False,True
618,319.97777777777776,910.8777777777777,38.025000000000006,6.958084052995808,32.144444444444446,126681.0,False,False
619,318.81481481481484,1218.7962962962963,22.815,5.389708731752834,10.814814814814815,32880.0,False,False
620,320.4096385542169,62.98795180722892,35.0675,6.682015245043993,11.650602409638553,47992.0,False,False
621,320.3333333333333,707.8235294117648,21.547500000000003,5.237855390346407,22.235294117647058,86508.0,False,False
622,319.3666666666667,1104.3666666666666,12.675,4.017251701041172,13.666666666666666,41606.0,False,False
623,323.0210526315789,1224.9473684210527,40.1375,7.148751795020415,10.631578947368421,33794.0,False,False
624,322.1,751.86,21.125000000000004,5.186249645218625,22.48,99335.0,False,False
625,322.6388888888889,1176.0555555555557,30.42,6.223499574262349,9.680555555555555,36781.0,False,False
626,325.76969696969695,473.96363636363634,69.7125,9.421290344870497,33.18181818181818,115466.0,True,True
627,323.31168831168833,522.5974025974026,32.532500000000006,6.4359665543799,27.532467532467532,146126.0,False,False
628,323.265625,742.84375,27.040000000000003,5.867571668896666,19.453125,93651.0,False,False
629,324.89814814814815,1241.8796296296296,45.63,7.622199185685551,9.814814814814815,29172.0,False,False
630,324.7037037037037,292.17283950617286,34.222500000000004,6.601018127508749,21.925925925925927,71488.0,False,False
631,325.01408450704224,322.71830985915494,29.997500000000002,6.180129710871209,19.943661971830984,83581.0,False,False
632,325.4,3.8714285714285714,29.575000000000003,6.136453335237093,19.271428571428572,35940.0,False,False
633,325.7,46.08571428571429,29.575000000000003,6.136453335237093,13.142857142857142,52343.0,False,False
634,325.15384615384613,301.8,27.462500000000002,5.913234393907399,20.96923076923077,76043.0,False,False
635,329.4166666666667,541.1416666666667,50.7,8.034503402082343,31.633333333333333,150775.0,False,True
636,327.67469879518075,927.0120481927711,70.135,9.449796583524995,97.29518072289157,144124.0,True,False
637,328.65185185185186,1189.7185185185185,57.03750000000001,8.521877758618217,10.044444444444444,35516.0,False,False
638,327.5769230769231,377.47435897435895,32.955000000000005,6.477623730716943,20.243589743589745,81539.0,False,False
639,327.73118279569894,793.7849462365591,39.292500000000004,7.073101498742004,31.817204301075268,110598.0,False,False
640,328.2926829268293,425.8617886178862,51.96750000000001,8.134314724734013,21.024390243902438,102802.0,True,False
641,328.0135135135135,714.5135135135135,31.265000000000004,6.309345002941657,26.7027027027027,82310.0,False,False
642,329.24418604651163,965.0232558139535,36.335,6.801702644040839,21.232558139534884,78519.0,False,False
643,328.9642857142857,746.9821428571429,23.660000000000004,5.488610719338178,21.392857142857142,104922.0,False,False
644,328.8048780487805,897.2439024390244,17.3225,4.696348795998318,16.951219512195124,110590.0,False,True
645,329.20454545454544,1204.0,18.590000000000003,4.865133414062422,12.295454545454545,34048.0,False,False
646,331.87931034482756,349.94827586206895,49.010000000000005,7.8994601136704485,19.353448275862068,68091.0,False,False
647,333.6056338028169,410.71830985915494,59.995000000000005,8.740023254338977,37.2887323943662,88374.0,False,False
648,331.3448275862069,801.3620689655172,24.505000000000003,5.58576181408903,54.775862068965516,115084.0,False,True
649,332.7173913043478,1156.6847826086957,38.870000000000005,7.034971293747812,12.304347826086957,41715.0,False,False
650,332.65168539325845,1176.7640449438202,37.602500000000006,6.919320051920128,10.404494382022472,37120.0,False,False
651,333.35135135135135,645.6081081081081,31.265000000000004,6.309345002941657,46.270270270270274,116820.0,False,False
652,335.39166666666665,530.5166666666667,50.7,8.034503402082343,31.533333333333335,129770.0,False,True
653,334.625,1128.275,33.800000000000004,6.560144557252417,14.4375,44254.0,False,False
654,336.2048192771084,55.734939759036145,35.0675,6.682015245043993,13.72289156626506,54990.0,False,False
655,336.03125,319.7395833333333,40.56,7.186278309003779,24.6875,76157.0,False,True
656,335.61386138613864,399.0792079207921,42.67250000000001,7.371045683803026,26.326732673267326,80972.0,False,False
657,337.4327485380117,463.1345029239766,72.2475,9.591056980763573,22.637426900584796,92921.0,True,True
658,336.6081081081081,754.7162162162163,31.265000000000004,6.309345002941657,38.027027027027025,123638.0,False,False
659,338.5933333333333,487.2733333333333,63.37500000000001,8.982847886254723,29.48,118606.0,True,True
660,336.72857142857146,680.6142857142858,29.575000000000003,6.136453335237093,24.885714285714286,110081.0,False,False
661,337.1875,732.2375,33.800000000000004,6.560144557252417,29.1625,93005.0,False,False
662,337.3543307086614,428.23622047244095,53.657500000000006,8.265521814841879,22.133858267716537,93909.0,False,False
663,338.55434782608694,508.5,38.870000000000005,7.034971293747812,56.26086956521739,123937.0,False,False
664,338.6951219512195,386.0,34.645,6.641640160935379,25.695121951219512,74359.0,False,False
665,338.5686274509804,1249.7058823529412,21.547500000000003,5.237855390346407,13.431372549019608,24319.0,False,False
666,342.2837837837838,109.87837837837837,62.53000000000001,8.922761272851007,21.695945945945947,67883.0,False,True
667,338.5,297.5,21.970000000000002,5.288957628666685,22.134615384615383,66959.0,False,False
668,339.8809523809524,632.3809523809524,35.49,6.722147829574334,25.5,108423.0,False,False
669,340.8682634730539,659.2994011976048,70.5575,9.47821708854842,37.69461077844311,111958.0,False,False
670,341.7826086956522,73.82608695652173,48.587500000000006,7.8653370162898755,17.94782608695652,63292.0,False,False
671,341.65811965811963,1090.7948717948718,49.432500000000005,7.933436443000028,17.23076923076923,60209.0,False,False
672,342.89473684210526,791.4631578947368,40.1375,7.148751795020415,26.49473684210526,137902.0,False,False
673,340.741935483871,1068.741935483871,26.195000000000004,5.775163190277621,14.64516129032258,58032.0,False,False
674,340.7121212121212,1202.1515151515152,27.885,5.958547197508803,10.075757575757576,35546.0,False,False
675,345.5,517.6610169491526,49.855000000000004,7.967267881951225,34.33050847457627,117498.0,False,False
676,344.109756097561,741.7073170731708,34.645,6.641640160935379,25.585365853658537,113952.0,False,True
677,343.03389830508473,5.322033898305085,24.927500000000002,5.633709146857493,16.88135593220339,41198.0,False,False
678,346.744,58.256,52.81250000000001,8.200180696565521,16.512,62413.0,False,False
679,346.3333333333333,37.42857142857143,26.617500000000003,5.8215507884058,20.857142857142858,61153.0,False,False
680,346.61344537815125,967.6722689075631,50.2775,8.000956268498294,24.403361344537814,84258.0,False,True
681,347.4567901234568,1107.0,34.222500000000004,6.601018127508749,14.765432098765432,62707.0,False,False
682,350.42241379310343,550.3103448275862,49.010000000000005,7.8994601136704485,29.112068965517242,120910.0,False,False
683,349.9867549668874,818.7880794701987,63.79750000000001,9.01274097349089,55.390728476821195,157916.0,False,True
684,347.6666666666667,153.25641025641025,16.477500000000003,4.5803716659648535,17.435897435897434,54698.0,False,False
685,349.59722222222223,762.2916666666666,30.42,6.223499574262349,76.25,139771.0,True,True
686,353.10869565217394,132.2173913043478,38.870000000000005,7.034971293747812,13.543478260869565,66940.0,False,False
687,351.265625,990.125,27.040000000000003,5.867571668896666,35.28125,110124.0,False,False
688,353.90384615384613,671.8557692307693,43.940000000000005,7.479715609277069,25.403846153846153,100266.0,False,False
689,352.8837209302326,145.88372093023256,18.1675,4.809530063215748,17.046511627906977,60125.0,False,False
690,357.63392857142856,963.8928571428571,47.32000000000001,7.762067717874401,23.875,86486.0,False,True
691,360.12578616352204,69.0880503144654,67.17750000000001,9.24840794496255,31.452830188679247,72683.0,False,False
692,358.29411764705884,639.7450980392157,43.095000000000006,7.407446130776911,23.068627450980394,92996.0,False,True
693,357.8857142857143,655.1428571428571,29.575000000000003,6.136453335237093,22.914285714285715,94310.0,False,True
694,357.4719101123595,703.8314606741573,37.602500000000006,6.919320051920128,32.40449438202247,98374.0,False,False
695,359.3741496598639,917.265306122449,62.10750000000001,8.892565716633143,38.36054421768708,144517.0,False,True
696,357.7826086956522,189.84782608695653,19.435000000000002,4.974475907261778,15.26086956521739,57516.0,False,False
697,359.69473684210527,977.7473684210527,40.1375,7.148751795020415,20.589473684210525,91226.0,False,True
698,360.25280898876406,1062.752808988764,75.20500000000001,9.785396259825553,17.724719101123597,89562.0,False,True
699,360.97777777777776,740.0444444444445,38.025000000000006,6.958084052995808,29.88888888888889,125532.0,False,False
700,360.6764705882353,777.2794117647059,28.730000000000004,6.048154439185661,44.73529411764706,144854.0,False,False
701,358.7096774193548,796.5,26.195000000000004,5.775163190277621,42.983870967741936,165965.0,False,False
702,360.925,1.8,16.900000000000002,4.638722701997206,20.9,35526.0,False,False
703,362.1034482758621,54.51724137931034,24.505000000000003,5.58576181408903,16.137931034482758,68579.0,False,False
704,362.53731343283584,170.08955223880596,28.307500000000005,6.003518003020447,14.253731343283581,58343.0,False,False
705,361.3529411764706,939.2549019607843,21.547500000000003,5.237855390346407,34.8235294117647,118636.0,False,False
706,363.38709677419354,83.96774193548387,13.097500000000002,4.083657054304242,21.258064516129032,81780.0,False,False
707,366.1340206185567,144.46391752577318,40.9825,7.22360987610134,17.75257731958763,66338.0,False,False
708,363.46268656716416,157.56716417910448,28.307500000000005,6.003518003020447,15.298507462686567,61372.0,False,False
709,365.87142857142857,13.9,29.575000000000003,6.136453335237093,21.357142857142858,49202.0,False,False
710,365.73333333333335,183.17777777777778,19.012500000000003,4.920108417939312,16.4,59795.0,False,False
711,367.90058479532166,522.0,72.2475,9.591056980763573,32.49707602339181,90230.0,False,False
712,366.03061224489795,672.0510204081633,41.405,7.260749503306075,28.714285714285715,89474.0,True,False
713,366.0232558139535,199.97674418604652,18.1675,4.809530063215748,19.790697674418606,60776.0,False,False
714,367.55238095238093,902.4857142857143,44.362500000000004,7.51558975086544,39.49523809523809,136236.0,True,True
715,366.4736842105263,924.9298245614035,24.082500000000003,5.537399329656889,29.94736842105263,131253.0,False,True
716,371.175,956.55,50.7,8.034503402082343,21.633333333333333,105441.0,False,False
717,369.47222222222223,711.4722222222222,45.63,7.622199185685551,54.851851851851855,105548.0,False,True
718,367.93150684931504,788.9041095890411,30.842500000000005,6.266569289371519,25.36986301369863,154641.0,False,False
719,375.5265486725664,30.97787610619469,95.48500000000001,11.026117989983467,17.58407079646018,60676.0,False,False
720,369.02298850574715,805.8850574712644,36.7575,6.8411331346205175,63.47126436781609,152035.0,False,False
721,370.14130434782606,1046.0,38.870000000000005,7.034971293747812,25.391304347826086,93391.0,False,False
722,369.3013698630137,1098.7945205479452,30.842500000000005,6.266569289371519,52.31506849315068,87673.0,True,False
723,372.1290322580645,695.4516129032259,52.39000000000001,8.167314108608483,30.919354838709676,101113.0,True,False
724,370.7525773195876,936.6494845360825,40.9825,7.22360987610134,29.75257731958763,109410.0,False,True
725,374.97222222222223,775.3796296296297,45.63,7.622199185685551,38.55555555555556,136706.0,False,False
726,375.2307692307692,550.7179487179487,49.432500000000005,7.933436443000028,63.84615384615385,110142.0,True,False
727,376.8545454545455,792.8545454545455,46.475,7.692451354514157,25.80909090909091,142731.0,False,False
728,377.6170212765957,6.712765957446808,39.715,7.1110272478142695,9.01063829787234,38131.0,False,False
729,375.3142857142857,197.68571428571428,14.787500000000001,4.339127765780955,14.085714285714285,63405.0,False,False
730,377.61538461538464,906.5673076923077,43.940000000000005,7.479715609277069,41.0,127223.0,False,True
731,377.3478260869565,945.0579710144928,29.152500000000003,6.092463855279885,22.768115942028984,107426.0,False,True
732,377.65346534653463,61.65346534653465,42.67250000000001,7.371045683803026,22.663366336633665,75527.0,False,False
733,377.3285714285714,71.15714285714286,29.575000000000003,6.136453335237093,33.94285714285714,78448.0,False,False
734,379.94444444444446,669.6358024691358,68.44500000000001,9.335249361393526,21.814814814814813,85364.0,False,False
735,377.07142857142856,1075.267857142857,23.660000000000004,5.488610719338178,74.25,114610.0,True,False
736,380.86131386861314,528.8175182481751,57.88250000000001,8.584770698634475,31.583941605839417,90708.0,False,False
737,378.9736842105263,538.7368421052631,32.11000000000001,6.394037987175715,19.907894736842106,104841.0,False,False
738,381.58878504672896,1053.96261682243,45.2075,7.586829161027343,28.77570093457944,106356.0,False,False
739,382.52100840336135,706.7394957983194,50.2775,8.000956268498294,29.092436974789916,118274.0,False,False
740,382.35714285714283,1095.9142857142858,29.575000000000003,6.136453335237093,28.271428571428572,104549.0,False,True
741,385.8611111111111,975.425925925926,45.63,7.622199185685551,50.18518518518518,124649.0,False,True
742,387.1411764705882,808.3176470588236,35.9125,6.762042232218129,26.11764705882353,135831.0,False,False
743,389.55395683453236,65.42446043165468,58.727500000000006,8.647206217237697,19.784172661870503,78782.0,False,True
744,390.8487394957983,664.1260504201681,50.2775,8.000956268498294,25.15126050420168,80856.0,False,False
745,387.9836065573771,780.8688524590164,25.7725,5.728399965669906,37.21311475409836,117254.0,False,False
746,390.67619047619047,908.7904761904762,44.362500000000004,7.51558975086544,38.838095238095235,118672.0,True,False
747,391.39240506329116,540.9493670886076,33.377500000000005,6.519014718835807,23.11392405063291,93532.0,False,False
748,392.02150537634407,799.8817204301075,39.292500000000004,7.073101498742004,29.053763440860216,124561.0,False,True
749,392.1958762886598,1112.340206185567,40.9825,7.22360987610134,16.432989690721648,82378.0,False,False
750,395.1478260869565,725.6173913043478,48.587500000000006,7.8653370162898755,51.23478260869565,147977.0,False,False
751,396.81382978723406,637.9787234042553,79.43,10.056511176263564,23.46808510638298,73021.0,False,False
752,395.0,946.56,31.687500000000004,6.351832654737959,46.85333333333333,129161.0,False,False
753,396.26229508196724,204.19672131147541,25.7725,5.728399965669906,11.688524590163935,63560.0,False,False
754,397.08181818181816,935.9818181818182,46.475,7.692451354514157,30.045454545454547,113254.0,True,False
755,400.06779661016947,1051.6101694915253,49.855000000000004,7.967267881951225,26.652542372881356,118473.0,False,False
756,399.4561403508772,951.6666666666666,24.082500000000003,5.537399329656889,38.421052631578945,143871.0,False,False
757,399.3857142857143,10.714285714285714,29.575000000000003,6.136453335237093,14.228571428571428,38057.0,False,False
758,397.4074074074074,20.74074074074074,11.4075,3.8110995928427753,13.37037037037037,49684.0,False,False
759,399.07462686567163,777.0597014925373,28.307500000000005,6.003518003020447,29.567164179104477,108719.0,True,False
760,399.55,818.05,25.35,5.681251839078812,38.7,120105.0,False,False
761,402.29473684210524,803.7789473684211,40.1375,7.148751795020415,30.242105263157896,114758.0,True,False
762,400.8541666666667,2.375,20.28,5.081466123790367,13.625,27737.0,False,False
763,401.07272727272726,76.49090909090908,23.2375,5.439384516724603,28.436363636363637,80026.0,False,True
764,403.9236641221374,755.4351145038167,55.347500000000004,8.394678415652944,39.79389312977099,116173.0,True,False
765,403.8434782608696,969.3391304347826,48.587500000000006,7.8653370162898755,81.62608695652175,149076.0,False,False
766,403.25714285714287,548.4285714285714,29.575000000000003,6.136453335237093,21.442857142857143,77914.0,False,False
767,403.25454545454545,791.0,23.2375,5.439384516724603,28.654545454545456,110414.0,False,False
768,404.93859649122805,1068.7105263157894,48.165000000000006,7.831065232276457,19.75438596491228,111990.0,False,False
769,408.0479041916168,921.2275449101796,70.5575,9.47821708854842,28.065868263473053,122848.0,True,False
770,406.50847457627117,22.54237288135593,24.927500000000002,5.633709146857493,18.338983050847457,53270.0,False,False
771,409.85714285714283,521.2460317460317,53.23500000000001,8.232916079007266,10.452380952380953,66619.0,False,True
772,407.53684210526313,935.8736842105263,40.1375,7.148751795020415,34.757894736842104,124658.0,False,False
773,409.4526315789474,818.8526315789474,40.1375,7.148751795020415,32.31578947368421,106156.0,False,False
774,408.28846153846155,10.711538461538462,21.970000000000002,5.288957628666685,13.538461538461538,39685.0,False,False
775,410.48993288590606,833.6778523489933,62.95250000000001,8.952854988211321,25.38255033557047,103537.0,False,False
776,411.22222222222223,32.04761904761905,26.617500000000003,5.8215507884058,18.666666666666668,59074.0,False,False
777,408.5,181.5,13.520000000000001,4.148999716174901,17.90625,70986.0,False,False
778,410.0289855072464,534.7246376811594,29.152500000000003,6.092463855279885,21.231884057971016,66801.0,False,False
779,409.5,555.7307692307693,21.970000000000002,5.288957628666685,18.942307692307693,75181.0,False,False
780,410.4186046511628,659.4186046511628,36.335,6.801702644040839,32.69767441860465,80836.0,False,False
781,413.968992248062,779.1705426356589,54.502500000000005,8.33035043001963,34.44961240310077,104551.0,True,True
782,412.2631578947368,956.859649122807,24.082500000000003,5.537399329656889,42.49122807017544,157424.0,False,False
783,414.34567901234567,1146.641975308642,34.222500000000004,6.601018127508749,42.65432098765432,89199.0,True,True
784,414.1578947368421,217.1578947368421,8.027500000000002,3.1970189935878577,17.57894736842105,59721.0,False,False
785,419.126582278481,943.873417721519,66.75500000000001,9.219279028687428,30.82278481012658,149765.0,False,False
786,416.9183673469388,39.0,20.7025,5.134125210284583,18.755102040816325,62710.0,False,False
787,419.7307692307692,873.5576923076923,87.88000000000001,10.57791525733337,38.87019230769231,105798.0,True,False
788,419.76785714285717,916.5714285714286,47.32000000000001,7.762067717874401,41.892857142857146,137446.0,True,False
789,419.12048192771084,1178.9397590361446,35.0675,6.682015245043993,15.578313253012048,58893.0,False,False
790,421.31325301204816,1245.7228915662652,35.0675,6.682015245043993,9.963855421686747,29483.0,False,False
791,419.7391304347826,227.04347826086956,9.717500000000001,3.517485646873906,17.82608695652174,62016.0,False,True
792,423.35074626865674,239.7537313432836,56.61500000000001,8.490256581822557,13.276119402985074,64159.0,False,True
793,422.8142857142857,836.4285714285714,29.575000000000003,6.136453335237093,28.771428571428572,108137.0,False,False
794,422.7125,1212.35,33.800000000000004,6.560144557252417,13.275,44118.0,False,False
795,422.3703703703704,53.870370370370374,22.815,5.389708731752834,19.09259259259259,67617.0,False,False
796,422.53846153846155,251.89743589743588,16.477500000000003,4.5803716659648535,22.102564102564102,65826.0,False,False
797,423.6081081081081,556.0675675675676,31.265000000000004,6.309345002941657,13.5,68986.0,False,False
798,426.81767955801104,795.2486187845304,76.47250000000001,9.867512912824576,31.53038674033149,102229.0,False,False
799,425.94736842105266,846.280701754386,48.165000000000006,7.831065232276457,32.824561403508774,107961.0,False,False
800,425.6779661016949,888.4152542372881,49.855000000000004,7.967267881951225,31.33050847457627,114407.0,False,True
801,426.6170212765957,780.4787234042553,39.715,7.1110272478142695,32.01063829787234,101474.0,False,False
802,425.29824561403507,808.438596491228,24.082500000000003,5.537399329656889,64.17543859649123,101006.0,False,False
803,427.25,266.1847826086956,38.870000000000005,7.034971293747812,14.152173913043478,68830.0,False,False
804,426.9805825242718,861.3398058252427,43.517500000000005,7.443668577254932,35.33980582524272,109244.0,False,False
805,427.64473684210526,1222.3815789473683,32.11000000000001,6.394037987175715,10.789473684210526,41680.0,False,False
806,428.61764705882354,900.2941176470588,43.095000000000006,7.407446130776911,31.245098039215687,128393.0,False,True
807,428.7068965517241,949.9741379310345,49.010000000000005,7.8994601136704485,41.974137931034484,163513.0,False,False
808,427.3103448275862,1154.6436781609195,36.7575,6.8411331346205175,15.32183908045977,87529.0,False,False
809,428.8235294117647,817.5,43.095000000000006,7.407446130776911,31.61764705882353,103565.0,False,False
810,431.20353982300884,767.1238938053098,47.74250000000001,7.796642800880295,25.893805309734514,97149.0,False,False
811,429.08620689655174,935.051724137931,24.505000000000003,5.58576181408903,42.60344827586207,172949.0,False,False
812,431.3686868686869,689.010101010101,83.65500000000002,10.320506485382394,16.494949494949495,124806.0,False,True
813,431.0934579439252,923.4392523364486,45.2075,7.586829161027343,60.626168224299064,166714.0,False,False
814,432.568,958.6,52.81250000000001,8.200180696565521,59.424,153060.0,False,False
815,429.6666666666667,1168.75,25.35,5.681251839078812,17.95,70183.0,False,False
816,435.3333333333333,1120.9247311827958,39.292500000000004,7.073101498742004,22.612903225806452,78382.0,False,True
817,435.95283018867923,1151.7735849056603,44.785000000000004,7.5512934660867375,16.839622641509433,88189.0,False,False
818,437.618320610687,867.8167938931298,55.347500000000004,8.394678415652944,32.20610687022901,119628.0,False,False
819,434.5344827586207,1083.3620689655172,24.505000000000003,5.58576181408903,23.637931034482758,80622.0,False,False
820,439.18120805369125,890.8724832214765,62.95250000000001,8.952854988211321,27.845637583892618,121635.0,False,False
821,438.0272727272727,943.4545454545455,46.475,7.692451354514157,38.554545454545455,181567.0,False,False
822,436.43636363636364,382.8545454545455,23.2375,5.439384516724603,21.036363636363635,67679.0,False,True
823,438.029702970297,840.9207920792079,42.67250000000001,7.371045683803026,42.960396039603964,126090.0,False,False
824,438.7578947368421,1199.578947368421,40.1375,7.148751795020415,13.031578947368422,49704.0,False,False
825,438.06666666666666,1216.9619047619049,44.362500000000004,7.51558975086544,9.523809523809524,45121.0,False,False
826,436.96078431372547,817.8039215686274,21.547500000000003,5.237855390346407,26.45098039215686,104655.0,False,False
827,440.4594594594595,964.7927927927927,46.89750000000001,7.727337934192946,46.3963963963964,142470.0,False,True
828,437.64285714285717,1106.982142857143,23.660000000000004,5.488610719338178,19.571428571428573,74747.0,False,True
829,440.2920353982301,1181.0265486725664,47.74250000000001,7.796642800880295,17.97345132743363,62388.0,False,False
830,440.6792452830189,713.3301886792453,44.785000000000004,7.5512934660867375,100.88679245283019,146357.0,True,False
831,440.5853658536585,851.260162601626,51.96750000000001,8.134314724734013,39.91056910569106,139652.0,False,False
832,440.3666666666667,1127.8833333333334,25.35,5.681251839078812,35.21666666666667,77351.0,False,True
833,439.5686274509804,557.6078431372549,21.547500000000003,5.237855390346407,29.137254901960784,70131.0,True,True
834,442.0,1115.095238095238,17.745,4.753276314430444,20.142857142857142,75561.0,False,False
835,443.1041666666667,1061.7291666666667,20.28,5.081466123790367,23.479166666666668,190583.0,False,False
836,445.5211267605634,260.1267605633803,29.997500000000002,6.180129710871209,29.732394366197184,81790.0,False,False
837,446.42857142857144,790.7582417582418,38.447500000000005,6.996633290104976,22.802197802197803,89730.0,False,False
838,445.9418604651163,824.6279069767442,36.335,6.801702644040839,23.953488372093023,121718.0,False,False
839,449.63212435233163,862.7305699481865,81.5425,10.18936384552868,35.6580310880829,146995.0,False,False
840,446.37179487179486,675.1666666666666,32.955000000000005,6.477623730716943,17.576923076923077,74209.0,False,False
841,447.08,536.1066666666667,31.687500000000004,6.351832654737959,15.76,65964.0,False,False
842,446.6111111111111,1080.388888888889,22.815,5.389708731752834,25.77777777777778,90238.0,False,False
843,446.3018867924528,1100.5094339622642,22.392500000000002,5.3395708165996005,26.41509433962264,74788.0,False,False
844,450.7046979865772,800.9798657718121,62.95250000000001,8.952854988211321,21.08724832214765,87538.0,False,False
845,448.3734939759036,905.8915662650602,35.0675,6.682015245043993,42.325301204819276,172696.0,False,False
846,449.5140186915888,437.4672897196262,45.2075,7.586829161027343,22.186915887850468,93978.0,False,False
847,451.9939024390244,894.9756097560976,69.29,9.392697591996637,28.036585365853657,142907.0,False,False
848,450.42857142857144,1174.8979591836735,20.7025,5.134125210284583,22.244897959183675,70800.0,False,False
849,450.80263157894734,878.1447368421053,32.11000000000001,6.394037987175715,30.039473684210527,123446.0,False,True
850,452.5984848484849,924.7575757575758,55.77,8.426658258757147,157.7651515151515,194646.0,True,False
851,452.0,1150.1637931034484,49.010000000000005,7.8994601136704485,26.405172413793103,80232.0,False,True
852,451.1621621621622,1215.8918918918919,31.265000000000004,6.309345002941657,15.108108108108109,49686.0,False,False
853,450.8541666666667,225.25,20.28,5.081466123790367,21.0625,72245.0,False,True
854,452.35555555555555,831.4,38.025000000000006,6.958084052995808,34.46666666666667,135100.0,False,False
855,450.2291666666667,1141.0833333333333,20.28,5.081466123790367,25.145833333333332,81810.0,False,True
856,455.49101796407183,960.185628742515,70.5575,9.47821708854842,42.706586826347305,146973.0,False,False
857,451.4,1091.46,21.125000000000004,5.186249645218625,20.4,80055.0,False,False
858,454.96875,846.34375,54.080000000000005,8.297999432349801,84.15625,149103.0,False,False
859,457.5147928994083,912.8284023668639,71.4025,9.534803961957083,59.29585798816568,190667.0,False,False
860,453.7962962962963,1107.537037037037,22.815,5.389708731752834,19.333333333333332,75723.0,False,False
861,456.5729166666667,1129.8854166666667,40.56,7.186278309003779,19.916666666666668,77429.0,False,True
862,455.7169811320755,29.69811320754717,22.392500000000002,5.3395708165996005,29.90566037735849,85506.0,False,False
863,457.21875,3.46875,27.040000000000003,5.867571668896666,19.59375,44130.0,False,False
864,458.6363636363636,1116.2727272727273,41.82750000000001,7.297700121093632,19.87878787878788,75256.0,False,False
865,460.6666666666667,931.4166666666666,50.7,8.034503402082343,95.175,197740.0,False,False
866,458.4871794871795,1158.3076923076924,32.955000000000005,6.477623730716943,38.47435897435897,75741.0,True,True
867,458.89247311827955,1187.3333333333333,39.292500000000004,7.073101498742004,15.35483870967742,68125.0,False,False
868,458.03389830508473,1231.7288135593221,24.927500000000002,5.633709146857493,15.491525423728813,48510.0,False,False
869,460.03076923076924,214.6,27.462500000000002,5.913234393907399,12.507692307692308,71507.0,False,False
870,460.4,1174.3428571428572,44.362500000000004,7.51558975086544,17.80952380952381,73665.0,False,False
871,457.8378378378378,1249.2432432432433,15.632500000000002,4.4613806364255035,14.027027027027026,32001.0,False,False
872,459.90697674418607,35.325581395348834,18.1675,4.809530063215748,29.511627906976745,95917.0,False,False
873,465.73708920187795,890.62441314554,89.9925,10.704298656594888,40.25352112676056,132392.0,True,False
874,461.56962025316454,1203.0,33.377500000000005,6.519014718835807,15.164556962025317,58528.0,False,False
875,462.3103448275862,533.448275862069,24.505000000000003,5.58576181408903,17.74137931034483,65035.0,False,False
876,461.8888888888889,783.7555555555556,19.012500000000003,4.920108417939312,28.066666666666666,81654.0,False,False
877,464.42753623188406,856.695652173913,58.30500000000001,8.616045012404687,86.76811594202898,149532.0,True,False
878,468.3255813953488,875.6337209302326,72.67,9.619060126431496,38.69767441860465,132186.0,False,False
879,463.47407407407405,974.7925925925925,57.03750000000001,8.521877758618217,39.58518518518518,123513.0,False,False
880,460.9259259259259,272.4074074074074,11.4075,3.8110995928427753,32.74074074074074,85133.0,False,False
881,465.00877192982455,809.938596491228,48.165000000000006,7.831065232276457,19.763157894736842,84713.0,False,False
882,464.75,944.0182926829268,69.29,9.392697591996637,40.798780487804876,187167.0,False,True
883,466.0258620689655,792.8879310344828,49.010000000000005,7.8994601136704485,19.267241379310345,71689.0,False,False
884,466.3728813559322,1141.5169491525423,49.855000000000004,7.967267881951225,21.33050847457627,81507.0,False,False
885,466.73118279569894,922.763440860215,39.292500000000004,7.073101498742004,79.51612903225806,195159.0,False,False
886,468.6701030927835,836.8969072164948,40.9825,7.22360987610134,93.84536082474227,136131.0,True,False
887,469.99310344827586,905.0413793103448,61.2625,8.831864899857669,38.63448275862069,161827.0,True,False
888,469.0162601626016,962.5040650406504,51.96750000000001,8.134314724734013,33.479674796747965,139611.0,False,True
889,466.8484848484849,1121.2424242424242,27.885,5.958547197508803,21.696969696969695,76593.0,False,False
890,469.3783783783784,1238.4054054054054,31.265000000000004,6.309345002941657,14.594594594594595,49545.0,False,False
891,469.5869565217391,272.6304347826087,19.435000000000002,4.974475907261778,29.152173913043477,85231.0,False,False
892,469.46666666666664,431.1333333333333,12.675,4.017251701041172,32.4,99780.0,True,False
893,470.06666666666666,476.55555555555554,19.012500000000003,4.920108417939312,27.88888888888889,87610.0,False,True
894,474.15625,948.7109375,54.080000000000005,8.297999432349801,46.953125,162757.0,False,True
895,476.01785714285717,933.1875,47.32000000000001,7.762067717874401,59.42857142857143,177062.0,False,False
896,473.4193548387097,1190.4032258064517,26.195000000000004,5.775163190277621,19.016129032258064,67973.0,False,False
897,476.1417322834646,918.3622047244095,53.657500000000006,8.265521814841879,77.5275590551181,175619.0,False,False
898,475.2368421052632,544.171052631579,32.11000000000001,6.394037987175715,20.17105263157895,66113.0,False,False
899,477.6518987341772,857.5886075949367,66.75500000000001,9.219279028687428,36.537974683544306,139321.0,False,False
900,475.7590361445783,1156.0,35.0675,6.682015245043993,21.08433734939759,78045.0,False,False
901,478.68382352941177,821.2132352941177,57.46000000000001,8.553382035223404,22.99264705882353,101009.0,False,False
902,476.1159420289855,1164.608695652174,29.152500000000003,6.092463855279885,24.753623188405797,75467.0,False,True
903,482.8703703703704,967.2296296296296,114.07500000000002,12.051755103123515,38.644444444444446,147135.0,False,False
904,478.1111111111111,1244.3703703703704,34.222500000000004,6.601018127508749,14.432098765432098,44162.0,False,False
905,481.22680412371136,784.4329896907217,40.9825,7.22360987610134,13.030927835051546,65386.0,False,False
906,479.92783505154637,1177.0927835051546,40.9825,7.22360987610134,16.103092783505154,76291.0,False,True
907,478.1578947368421,4.157894736842105,8.027500000000002,3.1970189935878577,20.57894736842105,47633.0,False,False
908,481.9928057553957,891.3093525179856,58.727500000000006,8.647206217237697,36.37410071942446,117791.0,True,True
909,485.01015228426394,866.8984771573604,83.2325,10.294411610537507,29.456852791878173,123396.0,False,False
910,483.2647058823529,903.2254901960785,43.095000000000006,7.407446130776911,55.03921568627451,133331.0,False,False
911,480.6190476190476,12.952380952380953,8.8725,3.361073914787167,20.571428571428573,66832.0,False,False
912,486.57894736842104,845.438596491228,72.2475,9.591056980763573,32.32163742690059,125704.0,False,False
913,485.1267605633803,950.2816901408451,29.997500000000002,6.180129710871209,48.7887323943662,145553.0,False,False
914,488.83846153846156,924.5384615384615,54.925000000000004,8.362576277354894,41.9,138411.0,False,False
915,487.73333333333335,538.0111111111111,38.025000000000006,6.958084052995808,15.344444444444445,69491.0,False,True
916,486.6222222222222,593.4444444444445,19.012500000000003,4.920108417939312,18.444444444444443,61822.0,False,False
917,491.9352517985611,911.0071942446043,58.727500000000006,8.647206217237697,36.52517985611511,126659.0,False,False
918,489.46666666666664,1239.9333333333334,19.012500000000003,4.920108417939312,14.511111111111111,52190.0,False,False
919,496.15315315315314,833.0,46.89750000000001,7.727337934192946,22.603603603603602,93372.0,False,False
920,496.35820895522386,610.4179104477612,28.307500000000005,6.003518003020447,14.835820895522389,51735.0,False,False
921,497.27927927927925,898.6486486486486,46.89750000000001,7.727337934192946,29.63963963963964,105421.0,False,False
922,500.1585365853659,494.219512195122,34.645,6.641640160935379,22.329268292682926,90195.0,False,False
923,501.7606837606838,776.0512820512821,49.432500000000005,7.933436443000028,14.786324786324787,53625.0,False,False
924,503.5542857142857,874.4971428571429,73.93750000000001,9.702584647343,20.674285714285713,85701.0,False,False
925,500.74311926605503,966.0091743119266,46.0525,7.6574058357851245,87.75229357798165,159140.0,True,False
926,503.3644859813084,534.7943925233645,45.2075,7.586829161027343,24.046728971962615,72336.0,False,False
927,505.27127659574467,850.6382978723404,79.43,10.056511176263564,26.840425531914892,85395.0,False,False
928,505.0229357798165,934.4908256880734,92.105,10.829207185562208,28.288990825688074,117533.0,False,False
929,503.27941176470586,524.6764705882352,28.730000000000004,6.048154439185661,32.338235294117645,77509.0,False,False
930,505.0576923076923,864.3461538461538,43.940000000000005,7.479715609277069,22.173076923076923,83848.0,False,False
931,505.8181818181818,555.7727272727273,37.18000000000001,6.880337656921596,20.318181818181817,64191.0,False,False
932,503.6666666666667,1208.3125,20.28,5.081466123790367,21.5625,82432.0,False,False
933,507.67289719626166,910.9439252336449,45.2075,7.586829161027343,27.850467289719628,98016.0,False,True
934,505.5,1247.5535714285713,23.660000000000004,5.488610719338178,12.107142857142858,45161.0,False,False
935,506.60526315789474,169.3684210526316,16.055000000000003,4.5212676198963315,16.157894736842106,83838.0,False,True
936,506.8805970149254,752.4626865671642,28.307500000000005,6.003518003020447,18.44776119402985,66412.0,False,False
937,509.92452830188677,897.6981132075472,44.785000000000004,7.5512934660867375,24.49056603773585,88053.0,False,True
938,508.5263157894737,506.9298245614035,24.082500000000003,5.537399329656889,23.19298245614035,97455.0,False,True
939,512.0956521739131,886.8782608695652,48.587500000000006,7.8653370162898755,21.82608695652174,80741.0,False,True
940,508.7173913043478,1228.108695652174,19.435000000000002,4.974475907261778,23.869565217391305,68859.0,False,False
941,512.3157894736842,920.719298245614,48.165000000000006,7.831065232276457,28.894736842105264,93586.0,False,True
942,512.031746031746,1255.7460317460318,26.617500000000003,5.8215507884058,15.88888888888889,34782.0,False,False
943,515.9857142857143,961.6857142857143,59.150000000000006,8.67825553156191,43.892857142857146,153312.0,False,False
944,514.5636363636364,716.0363636363636,23.2375,5.439384516724603,27.0,107110.0,False,False
945,516.6623376623377,945.0064935064935,65.06500000000001,9.101831188183693,32.07142857142857,122047.0,False,False
946,517.1142857142858,172.85714285714286,14.787500000000001,4.339127765780955,15.942857142857143,101680.0,False,False
947,520.7818181818182,932.230303030303,69.7125,9.421290344870497,24.563636363636363,93710.0,False,False
948,519.25,1056.0681818181818,37.18000000000001,6.880337656921596,38.46590909090909,152894.0,False,False
949,520.5042016806723,913.2100840336135,50.2775,8.000956268498294,23.134453781512605,80308.0,False,True
950,521.0142857142857,572.8,29.575000000000003,6.136453335237093,12.942857142857143,61831.0,False,False
951,523.2898550724638,847.695652173913,58.30500000000001,8.616045012404687,30.217391304347824,87438.0,False,False
952,520.8285714285714,594.3142857142857,14.787500000000001,4.339127765780955,19.228571428571428,60285.0,False,False
953,524.1428571428571,754.9206349206349,26.617500000000003,5.8215507884058,19.063492063492063,70505.0,False,False
954,523.9615384615385,1239.0576923076924,21.970000000000002,5.288957628666685,12.634615384615385,64663.0,False,False
955,528.3740458015267,552.3664122137404,55.347500000000004,8.394678415652944,16.083969465648856,69014.0,False,False
956,525.9577464788732,956.8239436619718,59.995000000000005,8.740023254338977,45.63380281690141,132992.0,False,False
957,524.5853658536586,1215.658536585366,17.3225,4.696348795998318,30.170731707317074,80649.0,False,True
958,524.0,206.5,11.830000000000002,3.8810338589372004,59.25,123194.0,False,False
959,527.1052631578947,1200.1684210526316,40.1375,7.148751795020415,18.31578947368421,94969.0,False,True
960,527.5915492957746,896.6056338028169,29.997500000000002,6.180129710871209,23.507042253521128,73122.0,False,False
961,528.9827586206897,825.1034482758621,49.010000000000005,7.8994601136704485,22.775862068965516,86789.0,False,False
962,528.03125,159.34375,13.520000000000001,4.148999716174901,22.65625,113419.0,False,False
963,531.0220588235294,864.0882352941177,57.46000000000001,8.553382035223404,22.830882352941178,74503.0,False,False
964,529.8076923076923,184.1153846153846,10.985000000000001,3.7398578046385347,43.34615384615385,120371.0,False,True
965,531.6883116883117,814.025974025974,32.532500000000006,6.4359665543799,17.376623376623378,80965.0,False,True
966,532.0869565217391,589.0,19.435000000000002,4.974475907261778,14.630434782608695,63339.0,False,False
967,535.4802631578947,960.0065789473684,64.22000000000001,9.042535239792663,40.18421052631579,129515.0,False,False
968,536.8315789473684,937.0105263157894,40.1375,7.148751795020415,28.926315789473684,87297.0,False,False
969,535.0444444444445,1216.6888888888889,19.012500000000003,4.920108417939312,29.266666666666666,89609.0,False,False
970,536.6901408450705,1233.9859154929577,29.997500000000002,6.180129710871209,27.04225352112676,82590.0,False,False
971,541.07299270073,503.8759124087591,57.88250000000001,8.584770698634475,47.10948905109489,97729.0,True,False
972,538.84375,848.6354166666666,40.56,7.186278309003779,19.395833333333332,91115.0,False,False
973,540.3133333333334,894.4866666666667,63.37500000000001,8.982847886254723,16.80666666666667,68709.0,False,False
974,540.88,159.12,31.687500000000004,6.351832654737959,57.49333333333333,120530.0,True,True
975,541.6,189.4,21.125000000000004,5.186249645218625,39.38,124020.0,False,False
976,542.8541666666666,565.40625,40.56,7.186278309003779,20.270833333333332,67561.0,False,True
977,542.4933333333333,947.6133333333333,31.687500000000004,6.351832654737959,29.093333333333334,95197.0,False,False
978,539.9615384615385,1192.6923076923076,10.985000000000001,3.7398578046385347,27.846153846153847,109389.0,False,True
979,545.8048780487804,1200.9105691056911,51.96750000000001,8.134314724734013,24.341463414634145,108642.0,True,True
980,543.8636363636364,601.8636363636364,27.885,5.958547197508803,21.696969696969695,67108.0,False,True
981,541.8484848484849,614.2727272727273,13.9425,4.2133291293785735,18.818181818181817,66433.0,False,True
982,545.0909090909091,731.6477272727273,37.18000000000001,6.880337656921596,23.954545454545453,94960.0,False,False
983,545.4444444444445,1223.9259259259259,34.222500000000004,6.601018127508749,27.604938271604937,93255.0,False,False
984,546.0892857142857,586.6071428571429,23.660000000000004,5.488610719338178,20.714285714285715,69554.0,False,False
985,551.625,169.175,16.900000000000002,4.638722701997206,29.05,122357.0,True,False
986,553.9565217391304,158.15942028985506,29.152500000000003,6.092463855279885,69.57971014492753,122269.0,True,True
987,557.8484848484849,613.8181818181819,41.82750000000001,7.297700121093632,23.303030303030305,75757.0,False,True
988,558.6142857142858,589.6142857142858,29.575000000000003,6.136453335237093,17.12857142857143,75009.0,False,True
989,561.4105263157895,1252.4947368421053,40.1375,7.148751795020415,28.178947368421053,63843.0,False,True
990,559.0363636363636,572.9636363636364,23.2375,5.439384516724603,23.963636363636365,75298.0,False,False
991,562.8095238095239,1198.1142857142856,44.362500000000004,7.51558975086544,35.523809523809526,119426.0,True,True
992,565.6126126126126,1223.7927927927929,46.89750000000001,7.727337934192946,43.972972972972975,112380.0,False,False
993,562.4264705882352,100.54411764705883,28.730000000000004,6.048154439185661,26.529411764705884,97822.0,False,False
994,562.9333333333333,366.1666666666667,12.675,4.017251701041172,23.766666666666666,79928.0,False,False
995,563.7708333333334,581.5208333333334,40.56,7.186278309003779,20.6875,76614.0,False,False
996,564.3695652173913,130.09782608695653,38.870000000000005,7.034971293747812,25.5,121161.0,True,False
997,564.95,116.6,8.450000000000001,3.2800722786262084,41.55,108685.0,False,True
998,567.6760563380282,149.30985915492957,29.997500000000002,6.180129710871209,38.46478873239437,119621.0,False,False
999,570.8823529411765,591.0392156862745,43.095000000000006,7.407446130776911,25.647058823529413,79168.0,False,False
1000,572.2924528301887,615.8584905660377,44.785000000000004,7.5512934660867375,19.849056603773583,82522.0,False,True
1001,571.4918032786885,87.78688524590164,25.7725,5.728399965669906,21.442622950819672,104001.0,False,False
1002,572.1860465116279,1254.5116279069769,36.335,6.801702644040839,38.593023255813954,67033.0,False,False
1003,574.58,1239.02,42.25000000000001,7.3344645861208315,27.85,108369.0,False,False
1004,575.3272727272728,101.16363636363636,23.2375,5.439384516724603,41.21818181818182,107619.0,False,True
1005,574.5,1182.0,10.985000000000001,3.7398578046385347,24.846153846153847,93990.0,False,False
1006,579.7547169811321,564.9433962264151,22.392500000000002,5.3395708165996005,27.28301886792453,78894.0,False,False
1007,579.3243243243244,1189.3243243243244,15.632500000000002,4.4613806364255035,17.43243243243243,111385.0,True,False
1008,581.6981132075472,1208.811320754717,44.785000000000004,7.5512934660867375,38.15094339622642,127102.0,True,True
1009,580.258064516129,124.61290322580645,13.097500000000002,4.083657054304242,34.38709677419355,117833.0,False,False
1010,585.1304347826087,140.7608695652174,19.435000000000002,4.974475907261778,28.23913043478261,112478.0,True,True
1011,586.030303030303,103.06060606060606,27.885,5.958547197508803,15.772727272727273,127728.0,False,False
1012,587.8793103448276,612.7931034482758,24.505000000000003,5.58576181408903,34.13793103448276,98705.0,False,True
1013,587.1836734693877,206.46938775510205,20.7025,5.134125210284583,20.46938775510204,71524.0,False,False
1014,589.9677419354839,1250.236559139785,39.292500000000004,7.073101498742004,36.86021505376344,83345.0,False,False
1015,589.8139534883721,158.1860465116279,18.1675,4.809530063215748,19.58139534883721,99685.0,False,False
1016,590.94,587.46,42.25000000000001,7.3344645861208315,23.8,82052.0,False,False
1017,590.2,553.12,10.562500000000002,3.6672322930604158,30.88,73867.0,False,False
1018,592.4655172413793,571.4827586206897,24.505000000000003,5.58576181408903,21.086206896551722,80344.0,False,False
1019,594.7272727272727,1195.2272727272727,18.590000000000003,4.865133414062422,24.84090909090909,109267.0,False,False
1020,595.8378378378378,1238.6216216216217,15.632500000000002,4.4613806364255035,33.054054054054056,113840.0,False,False
1021,599.1081081081081,117.24324324324324,15.632500000000002,4.4613806364255035,35.62162162162162,130159.0,False,False
1022,600.081081081081,567.0540540540541,31.265000000000004,6.309345002941657,22.39189189189189,78667.0,False,True
1023,601.4,710.9,16.900000000000002,4.638722701997206,17.75,76114.0,False,False
1024,605.1145833333334,1253.40625,40.56,7.186278309003779,68.34375,72724.0,False,True
1025,607.0576923076923,133.71153846153845,43.940000000000005,7.479715609277069,21.46153846153846,118802.0,False,False
1026,605.4754098360655,595.0327868852459,25.7725,5.728399965669906,22.918032786885245,99205.0,False,False
1027,608.6168224299065,168.71028037383178,45.2075,7.586829161027343,21.878504672897197,74990.0,False,False
1028,610.7391304347826,627.2608695652174,19.435000000000002,4.974475907261778,90.28260869565217,151273.0,True,False
1029,613.0895522388059,205.08955223880596,28.307500000000005,6.003518003020447,15.26865671641791,60966.0,False,False
1030,614.955223880597,586.7462686567164,28.307500000000005,6.003518003020447,23.597014925373134,88996.0,False,False
1031,612.5,415.0,13.520000000000001,4.148999716174901,24.625,71458.0,False,False
1032,614.8518518518518,597.5432098765432,34.222500000000004,6.601018127508749,11.444444444444445,109277.0,False,False
1033,614.5,607.25,30.42,6.223499574262349,32.666666666666664,134739.0,False,False
1034,614.2222222222222,1257.037037037037,11.4075,3.8110995928427753,33.888888888888886,59651.0,False,True
1035,618.4024390243902,575.5121951219512,34.645,6.641640160935379,30.76829268292683,79548.0,False,False
1036,621.3625,364.3,33.800000000000004,6.560144557252417,19.6,61521.0,False,False
1037,620.7714285714286,867.7142857142857,29.575000000000003,6.136453335237093,22.0,82978.0,False,False
1038,621.32,308.4533333333333,31.687500000000004,6.351832654737959,21.666666666666668,97377.0,False,False
1039,622.5921052631579,37.26315789473684,32.11000000000001,6.394037987175715,143.26315789473685,228467.0,True,False
1040,623.3620689655172,168.22413793103448,24.505000000000003,5.58576181408903,18.24137931034483,69914.0,False,False
1041,625.4098360655738,211.0655737704918,51.545,8.101180922147954,19.647540983606557,59538.0,False,False
1042,623.5061728395061,288.8395061728395,34.222500000000004,6.601018127508749,62.382716049382715,108801.0,False,True
1043,623.968085106383,332.13829787234044,39.715,7.1110272478142695,17.138297872340427,66620.0,False,False
1044,623.1627906976744,478.2325581395349,18.1675,4.809530063215748,27.093023255813954,99521.0,False,True
1045,627.7540983606557,891.8360655737705,25.7725,5.728399965669906,14.98360655737705,67471.0,False,False
1046,627.5573770491803,160.45901639344262,25.7725,5.728399965669906,18.540983606557376,71168.0,False,False
1047,632.9775280898876,370.4269662921348,37.602500000000006,6.919320051920128,19.820224719101123,59938.0,False,False
1048,633.3125,296.9375,27.040000000000003,5.867571668896666,27.640625,107988.0,True,False
1049,633.4029850746268,573.4029850746268,28.307500000000005,6.003518003020447,18.955223880597014,77510.0,False,False
1050,634.5967741935484,403.30645161290323,26.195000000000004,5.775163190277621,18.419354838709676,69887.0,False,False
1051,634.8783783783783,592.0675675675676,31.265000000000004,6.309345002941657,40.7027027027027,88227.0,False,True
1052,637.9016393442623,304.0,51.545,8.101180922147954,30.28688524590164,102646.0,True,False
1053,636.843137254902,582.0980392156863,21.547500000000003,5.237855390346407,23.11764705882353,80067.0,False,False
1054,639.0681818181819,10.795454545454545,37.18000000000001,6.880337656921596,43.94318181818182,155115.0,False,False
1055,639.2162162162163,893.6756756756756,15.632500000000002,4.4613806364255035,19.81081081081081,68108.0,False,False
1056,641.6323529411765,82.1029411764706,28.730000000000004,6.048154439185661,31.264705882352942,131948.0,False,False
1057,642.3793103448276,618.4137931034483,24.505000000000003,5.58576181408903,21.0,123731.0,False,False
1058,643.219512195122,864.8536585365854,17.3225,4.696348795998318,24.975609756097562,93757.0,True,False
1059,645.7941176470588,408.19117647058823,28.730000000000004,6.048154439185661,22.823529411764707,71414.0,False,False
1060,647.4495412844037,280.9816513761468,46.0525,7.6574058357851245,48.19266055045872,97400.0,False,False
1061,649.3636363636364,66.8989898989899,41.82750000000001,7.297700121093632,22.88888888888889,96121.0,False,False
1062,647.5744680851063,119.95744680851064,19.8575,5.028255588131782,39.361702127659576,121311.0,False,False
1063,648.2173913043479,373.231884057971,29.152500000000003,6.092463855279885,16.130434782608695,57142.0,False,False
1064,648.6760563380282,1226.9154929577464,29.997500000000002,6.180129710871209,13.04225352112676,58459.0,False,False
1065,648.9074074074074,884.5370370370371,22.815,5.389708731752834,26.203703703703702,73677.0,False,False
1066,647.1818181818181,906.5454545454545,9.295000000000002,3.440168828460798,16.136363636363637,65529.0,False,False
1067,650.4285714285714,177.37662337662337,32.532500000000006,6.4359665543799,16.2987012987013,66837.0,False,False
1068,650.9772727272727,609.4318181818181,37.18000000000001,6.880337656921596,18.261363636363637,98247.0,False,False
1069,651.5081967213115,192.39344262295083,25.7725,5.728399965669906,17.983606557377048,62869.0,False,False
1070,655.9,304.71,84.50000000000001,10.37249929043725,23.77,82554.0,False,False
1071,652.1153846153846,347.4807692307692,21.970000000000002,5.288957628666685,17.634615384615383,55181.0,False,False
1072,652.625,87.75,16.900000000000002,4.638722701997206,23.425,120166.0,False,False
1073,652.7966101694915,102.72881355932203,24.927500000000002,5.633709146857493,51.3728813559322,124274.0,False,False
1074,652.9672131147541,362.21311475409834,25.7725,5.728399965669906,13.934426229508198,55087.0,False,False
1075,654.8352941176471,292.5529411764706,35.9125,6.762042232218129,21.68235294117647,90663.0,False,False
1076,656.7605633802817,320.82394366197184,59.995000000000005,8.740023254338977,14.753521126760564,63144.0,False,False
1077,655.8837209302326,26.674418604651162,36.335,6.801702644040839,52.395348837209305,156739.0,False,False
1078,656.6813186813187,600.9230769230769,38.447500000000005,6.996633290104976,22.692307692307693,80345.0,False,False
1079,657.6363636363636,570.7012987012987,32.532500000000006,6.4359665543799,21.4025974025974,69966.0,False,False
1080,661.810975609756,5.9817073170731705,69.29,9.392697591996637,21.823170731707318,84005.0,False,False
1081,658.4590163934427,883.7377049180328,25.7725,5.728399965669906,23.75409836065574,74047.0,False,False
1082,660.2368421052631,891.0921052631579,32.11000000000001,6.394037987175715,20.394736842105264,67842.0,False,False
1083,662.15,153.9,33.800000000000004,6.560144557252417,20.075,76728.0,False,False
1084,663.421052631579,851.187969924812,56.1925,8.458517193783473,52.5187969924812,101080.0,True,True
1085,665.3203125,205.8515625,54.080000000000005,8.297999432349801,16.9921875,54965.0,False,False
1086,660.0909090909091,405.1363636363636,9.295000000000002,3.440168828460798,25.545454545454547,77679.0,False,False
1087,664.1884057971015,376.3333333333333,29.152500000000003,6.092463855279885,19.492753623188406,59232.0,False,False
1088,664.7014925373135,388.2089552238806,28.307500000000005,6.003518003020447,15.761194029850746,65778.0,False,False
1089,667.1094890510949,875.043795620438,57.88250000000001,8.584770698634475,18.868613138686133,81789.0,False,False
1090,665.0185185185185,92.70370370370371,22.815,5.389708731752834,21.51851851851852,105869.0,False,False
1091,664.7843137254902,902.1372549019608,21.547500000000003,5.237855390346407,17.372549019607842,64476.0,False,False
1092,668.1529411764706,337.54117647058825,35.9125,6.762042232218129,15.576470588235294,55075.0,False,False
1093,667.8372093023256,360.09302325581393,18.1675,4.809530063215748,14.209302325581396,57866.0,False,False
1094,669.3625,299.2875,33.800000000000004,6.560144557252417,20.325,68228.0,False,False
1095,671.4545454545455,23.444444444444443,41.82750000000001,7.297700121093632,23.181818181818183,92138.0,False,False
1096,668.7209302325581,106.72093023255815,18.1675,4.809530063215748,26.58139534883721,98537.0,False,False
1097,671.1724137931035,185.2183908045977,36.7575,6.8411331346205175,13.574712643678161,66873.0,False,True
1098,671.952,347.568,52.81250000000001,8.200180696565521,14.88,57262.0,False,False
1099,670.3877551020408,291.3061224489796,20.7025,5.134125210284583,16.26530612244898,71934.0,False,False
1100,673.8333333333334,610.0972222222222,30.42,6.223499574262349,26.069444444444443,72221.0,False,True
1101,675.4666666666667,400.84444444444443,38.025000000000006,6.958084052995808,18.8,86092.0,False,False
1102,676.3444444444444,33.4,38.025000000000006,6.958084052995808,22.0,79358.0,False,False
1103,676.2222222222222,143.15873015873015,26.617500000000003,5.8215507884058,22.73015873015873,77327.0,False,False
1104,679.189393939394,286.6818181818182,55.77,8.426658258757147,15.75,64275.0,False,False
1105,678.1182795698925,383.4623655913978,39.292500000000004,7.073101498742004,17.0752688172043,69284.0,False,False
1106,677.5857142857143,883.1857142857143,29.575000000000003,6.136453335237093,15.842857142857143,68398.0,False,False
1107,677.25,82.5625,20.28,5.081466123790367,31.6875,90034.0,False,False
1108,684.0793650793651,51.39153439153439,79.8525,10.0832217443615,11.952380952380953,76000.0,False,False
1109,681.0142857142857,624.9571428571429,29.575000000000003,6.136453335237093,21.914285714285715,79443.0,False,True
1110,682.7472527472528,97.08791208791209,38.447500000000005,6.996633290104976,23.087912087912088,89964.0,False,False
1111,681.983870967742,132.3548387096774,26.195000000000004,5.775163190277621,22.887096774193548,75972.0,False,False
1112,681.1282051282051,193.87179487179486,16.477500000000003,4.5803716659648535,12.512820512820513,67828.0,False,True
1113,683.0246913580247,296.51851851851853,34.222500000000004,6.601018127508749,22.85185185185185,62166.0,False,False
1114,682.5774647887324,329.49295774647885,29.997500000000002,6.180129710871209,16.591549295774648,58234.0,False,False
1115,683.0,119.92857142857143,29.575000000000003,6.136453335237093,16.37142857142857,78003.0,False,False
1116,682.1186440677966,592.2881355932203,24.927500000000002,5.633709146857493,20.915254237288135,72731.0,False,False
1117,685.6783216783217,76.52447552447552,60.417500000000004,8.770743993187619,56.50349650349651,87669.0,True,True
1118,687.9662921348314,321.82022471910113,37.602500000000006,6.919320051920128,12.404494382022472,61562.0,False,False
1119,692.1,3.811111111111111,38.025000000000006,6.958084052995808,12.755555555555556,31647.0,False,True
1120,691.8026315789474,100.21052631578948,32.11000000000001,6.394037987175715,17.25,89494.0,False,False
1121,692.02,18.76,42.25000000000001,7.3344645861208315,17.79,48408.0,False,False
1122,694.6615384615385,328.66153846153844,27.462500000000002,5.913234393907399,17.49230769230769,60130.0,False,False
1123,696.1030927835052,394.17525773195877,40.9825,7.22360987610134,18.77319587628866,82204.0,False,False
1124,693.4848484848485,834.6060606060606,13.9425,4.2133291293785735,29.78787878787879,108850.0,True,False
1125,698.957627118644,284.8474576271187,49.855000000000004,7.967267881951225,21.923728813559322,60278.0,False,False
1126,697.3333333333334,112.76,31.687500000000004,6.351832654737959,20.293333333333333,77002.0,False,False
1127,697.8396226415094,317.16037735849056,44.785000000000004,7.5512934660867375,15.39622641509434,61265.0,False,False
1128,699.5116279069767,408.4651162790698,36.335,6.801702644040839,32.56976744186046,83965.0,True,True
1129,701.5794392523364,20.121495327102803,45.2075,7.586829161027343,18.2803738317757,44440.0,False,False
1130,702.7101449275362,129.81884057971016,58.30500000000001,8.616045012404687,20.71014492753623,68124.0,False,False
1131,700.5205479452055,304.6849315068493,30.842500000000005,6.266569289371519,21.10958904109589,58617.0,False,False
1132,704.3177570093458,143.57943925233644,45.2075,7.586829161027343,14.794392523364486,69041.0,False,False
1133,702.6346153846154,618.4230769230769,21.970000000000002,5.288957628666685,17.46153846153846,66562.0,False,True
1134,706.0454545454545,5.0606060606060606,55.77,8.426658258757147,12.06060606060606,29504.0,False,False
1135,706.0857142857143,87.01904761904763,44.362500000000004,7.51558975086544,26.238095238095237,93833.0,False,False
1136,704.4897959183673,553.9387755102041,20.7025,5.134125210284583,40.224489795918366,87072.0,False,False
1137,704.4074074074074,854.5555555555555,11.4075,3.8110995928427753,34.51851851851852,95295.0,False,True
1138,708.1744186046511,69.80232558139535,36.335,6.801702644040839,22.6046511627907,86329.0,False,False
1139,709.5130434782609,295.0,48.587500000000006,7.8653370162898755,18.0,56890.0,False,False
1140,708.6744186046511,317.72093023255815,36.335,6.801702644040839,19.96511627906977,56031.0,False,False
1141,711.4765100671141,59.36241610738255,62.95250000000001,8.952854988211321,19.845637583892618,73508.0,False,False
1142,710.2142857142857,376.7448979591837,41.405,7.260749503306075,29.53061224489796,86316.0,False,False
1143,710.6842105263158,19.294736842105262,40.1375,7.148751795020415,15.610526315789473,41626.0,False,False
1144,709.82,396.06,21.125000000000004,5.186249645218625,26.24,81058.0,False,False
1145,715.8630136986301,337.527397260274,61.68500000000001,8.86226727857993,14.58904109589041,63207.0,False,False
1146,713.9298245614035,499.35087719298247,24.082500000000003,5.537399329656889,27.70175438596491,92054.0,False,True
1147,715.0945945945946,39.58108108108108,31.265000000000004,6.309345002941657,13.824324324324325,50740.0,False,False
1148,716.6826923076923,82.50961538461539,43.940000000000005,7.479715609277069,44.73076923076923,87789.0,True,True
1149,716.3092783505155,113.34020618556701,40.9825,7.22360987610134,17.556701030927837,74749.0,False,True
1150,719.1,124.84166666666667,50.7,8.034503402082343,14.225,67005.0,False,True
1151,719.5272727272727,569.8545454545455,23.2375,5.439384516724603,13.545454545454545,71963.0,False,False
1152,722.8023255813954,34.348837209302324,36.335,6.801702644040839,13.709302325581396,47622.0,False,False
1153,723.248,104.4,52.81250000000001,8.200180696565521,32.456,80756.0,True,True
1154,722.9166666666666,9.822916666666666,40.56,7.186278309003779,12.083333333333334,31827.0,False,False
1155,725.2105263157895,44.02255639097744,56.1925,8.458517193783473,10.992481203007518,51509.0,False,False
1156,724.0,87.96907216494846,40.9825,7.22360987610134,36.29896907216495,84924.0,True,True
1157,723.6041666666666,138.96875,40.56,7.186278309003779,15.385416666666666,64242.0,False,False
1158,724.2105263157895,510.49122807017545,24.082500000000003,5.537399329656889,17.43859649122807,63962.0,False,True
1159,728.72,358.08,42.25000000000001,7.3344645861208315,31.99,73741.0,False,False
1160,730.3186813186813,20.36263736263736,38.447500000000005,6.996633290104976,12.923076923076923,40484.0,False,False
1161,732.5772357723578,299.2439024390244,51.96750000000001,8.134314724734013,11.130081300813009,42494.0,False,False
1162,732.7560975609756,73.28048780487805,34.645,6.641640160935379,22.865853658536587,72430.0,False,False
1163,732.0526315789474,608.921052631579,16.055000000000003,4.5212676198963315,15.552631578947368,54230.0,False,False
1164,733.2857142857143,367.6530612244898,20.7025,5.134125210284583,39.734693877551024,72977.0,False,True
1165,740.4347826086956,312.09420289855075,58.30500000000001,8.616045012404687,10.782608695652174,39856.0,False,False
1166,736.304347826087,581.3913043478261,19.435000000000002,4.974475907261778,18.717391304347824,54320.0,False,False
1167,742.5714285714286,81.71428571428571,23.660000000000004,5.488610719338178,16.589285714285715,75866.0,False,False
1168,747.5454545454545,10.295454545454545,18.590000000000003,4.865133414062422,9.295454545454545,32788.0,False,False
1169,749.78,941.88,21.125000000000004,5.186249645218625,18.66,91783.0,False,True
1170,749.9142857142857,816.5428571428571,14.787500000000001,4.339127765780955,19.485714285714284,80690.0,False,False
1171,752.6333333333333,330.0,38.025000000000006,6.958084052995808,9.177777777777777,39843.0,False,False
1172,752.8461538461538,949.7076923076924,27.462500000000002,5.913234393907399,18.892307692307693,95291.0,False,True
1173,753.1369863013699,246.31506849315068,30.842500000000005,6.266569289371519,7.671232876712328,33328.0,False,True
1174,754.03,293.29,42.25000000000001,7.3344645861208315,8.78,33493.0,False,False
1175,755.4406779661017,271.1186440677966,24.927500000000002,5.633709146857493,9.169491525423728,31324.0,False,True
1176,754.75,312.9807692307692,21.970000000000002,5.288957628666685,11.076923076923077,35409.0,False,False
1177,755.5714285714286,810.0857142857143,14.787500000000001,4.339127765780955,21.257142857142856,76265.0,False,False
1178,762.25,318.2857142857143,23.660000000000004,5.488610719338178,9.714285714285714,35824.0,False,False
1179,760.566037735849,963.2075471698113,22.392500000000002,5.3395708165996005,27.71698113207547,96293.0,False,False
1180,762.0,974.0,17.3225,4.696348795998318,56.78048780487805,100489.0,True,True
1181,765.258064516129,916.5483870967741,26.195000000000004,5.775163190277621,51.854838709677416,95167.0,True,True
1182,765.9166666666666,943.5952380952381,35.49,6.722147829574334,28.226190476190474,99769.0,False,False
1183,765.0612244897959,238.46938775510205,20.7025,5.134125210284583,9.040816326530612,33454.0,False,False
1184,769.7604790419161,301.9940119760479,70.5575,9.47821708854842,9.8562874251497,33838.0,False,False
1185,768.4038461538462,932.3846153846154,21.970000000000002,5.288957628666685,44.36538461538461,95888.0,True,False
1186,773.5694444444445,242.68055555555554,30.42,6.223499574262349,10.777777777777779,34183.0,False,True
1187,773.3125,232.75,13.520000000000001,4.148999716174901,11.40625,35007.0,False,True
1188,776.8035714285714,914.8571428571429,23.660000000000004,5.488610719338178,29.392857142857142,93717.0,False,False
1189,777.8591549295775,933.9859154929577,29.997500000000002,6.180129710871209,40.67605633802817,93705.0,True,False
1190,782.5428571428571,906.1,29.575000000000003,6.136453335237093,18.928571428571427,90051.0,False,False
1191,785.6478873239437,921.9859154929577,29.997500000000002,6.180129710871209,22.309859154929576,90098.0,False,False
1192,785.5102040816327,271.0816326530612,20.7025,5.134125210284583,7.938775510204081,31055.0,False,False
1193,787.9115044247787,307.929203539823,47.74250000000001,7.796642800880295,9.345132743362832,36850.0,False,False
1194,787.7615384615384,342.0615384615385,54.925000000000004,8.362576277354894,10.261538461538462,38820.0,False,False
1195,786.8653846153846,282.88461538461536,21.970000000000002,5.288957628666685,8.326923076923077,32255.0,False,False
1196,788.5357142857143,254.9047619047619,35.49,6.722147829574334,7.0,34454.0,False,False
1197,789.1666666666666,964.5833333333334,20.28,5.081466123790367,32.354166666666664,83400.0,False,False
1198,790.5961538461538,242.51923076923077,21.970000000000002,5.288957628666685,9.98076923076923,38711.0,False,True
1199,792.0769230769231,829.6615384615385,27.462500000000002,5.913234393907399,23.138461538461538,83882.0,False,False
1200,793.4418604651163,228.01162790697674,36.335,6.801702644040839,11.709302325581396,42035.0,False,True
1201,794.3673469387755,953.2244897959183,20.7025,5.134125210284583,14.10204081632653,76278.0,False,False
1202,798.3298969072165,270.1340206185567,40.9825,7.22360987610134,9.711340206185566,35781.0,False,False
1203,800.3908045977012,927.2528735632184,36.7575,6.8411331346205175,16.54022988505747,65817.0,False,False
1204,801.8863636363636,789.4659090909091,37.18000000000001,6.880337656921596,19.25,70472.0,False,False
1205,802.32,904.86,21.125000000000004,5.186249645218625,6.58,60481.0,False,True
1206,803.2702702702703,840.5945945945946,15.632500000000002,4.4613806364255035,18.16216216216216,82322.0,False,False
1207,803.9591836734694,824.5714285714286,20.7025,5.134125210284583,21.6734693877551,77256.0,False,False
1208,804.7317073170732,332.9024390243902,17.3225,4.696348795998318,8.414634146341463,37931.0,False,False
1209,810.4375,877.2875,33.800000000000004,6.560144557252417,17.35,70479.0,False,False
1210,809.6666666666666,936.6851851851852,22.815,5.389708731752834,20.40740740740741,61111.0,False,False
1211,811.3287671232877,272.0821917808219,30.842500000000005,6.266569289371519,11.397260273972602,40038.0,False,False
1212,815.6232876712329,219.65753424657535,61.68500000000001,8.86226727857993,16.863013698630137,46484.0,False,True
1213,814.5714285714286,286.25892857142856,47.32000000000001,7.762067717874401,14.955357142857142,42505.0,False,False
1214,814.4859813084112,342.0093457943925,45.2075,7.586829161027343,10.962616822429906,35658.0,False,False
1215,814.8714285714286,187.9142857142857,29.575000000000003,6.136453335237093,12.071428571428571,59576.0,False,False
1216,816.4,239.048,52.81250000000001,8.200180696565521,15.336,44879.0,False,True
1217,821.1317365269462,301.1317365269461,70.5575,9.47821708854842,13.976047904191617,44113.0,False,False
1218,817.7735849056604,833.0188679245283,22.392500000000002,5.3395708165996005,26.58490566037736,88936.0,False,False
1219,818.9324324324324,764.7027027027027,31.265000000000004,6.309345002941657,37.527027027027025,72891.0,False,False
1220,821.1733333333333,780.7066666666667,31.687500000000004,6.351832654737959,17.48,72129.0,False,False
1221,821.2131147540983,795.8360655737705,25.7725,5.728399965669906,17.721311475409838,67462.0,False,False
1222,824.3255813953489,242.72093023255815,36.335,6.801702644040839,13.220930232558139,45041.0,False,True
1223,821.3703703703703,326.25925925925924,11.4075,3.8110995928427753,9.407407407407407,37673.0,False,False
1224,823.8137254901961,359.65686274509807,43.095000000000006,7.407446130776911,9.872549019607844,34544.0,False,False
1225,822.8,827.4888888888889,19.012500000000003,4.920108417939312,21.755555555555556,86425.0,False,False
1226,827.6376811594203,705.231884057971,29.152500000000003,6.092463855279885,28.52173913043478,81014.0,False,False
1227,830.1860465116279,756.6511627906976,54.502500000000005,8.33035043001963,23.449612403100776,71755.0,False,False
1228,827.9090909090909,100.52272727272727,18.590000000000003,4.865133414062422,8.295454545454545,37144.0,False,True
1229,831.0451127819549,186.99248120300751,56.1925,8.458517193783473,10.8796992481203,66426.0,False,False
1230,830.6058394160584,223.56934306569343,57.88250000000001,8.584770698634475,13.72992700729927,47657.0,False,True
1231,830.5795454545455,441.0,37.18000000000001,6.880337656921596,11.909090909090908,45938.0,False,False
1232,832.6976744186046,206.85271317829458,54.502500000000005,8.33035043001963,15.976744186046512,51962.0,False,False
1233,831.7428571428571,506.9142857142857,29.575000000000003,6.136453335237093,10.6,44992.0,False,True
1234,834.8766233766233,312.0974025974026,65.06500000000001,9.101831188183693,8.779220779220779,43940.0,False,False
1235,832.25,812.0795454545455,37.18000000000001,6.880337656921596,29.40909090909091,71679.0,False,False
1236,834.0,460.3119266055046,46.0525,7.6574058357851245,16.926605504587155,43470.0,False,False
1237,834.9559748427673,572.6918238993711,67.17750000000001,9.24840794496255,14.018867924528301,51656.0,False,False
1238,837.5521472392638,264.5276073619632,68.8675,9.364017532397558,11.803680981595091,46462.0,False,False
1239,835.8333333333334,553.695652173913,58.30500000000001,8.616045012404687,13.652173913043478,48555.0,False,False
1240,834.64,681.5466666666666,31.687500000000004,6.351832654737959,40.56,93265.0,True,True
1241,834.2173913043479,838.8985507246376,29.152500000000003,6.092463855279885,46.46376811594203,96559.0,False,False
1242,837.3602941176471,346.68382352941177,57.46000000000001,8.553382035223404,10.647058823529411,34164.0,False,False
1243,833.8461538461538,1212.4871794871794,16.477500000000003,4.5803716659648535,12.846153846153847,43907.0,False,False
1244,840.3798882681564,478.16759776536315,75.62750000000001,9.812844830601293,10.76536312849162,39228.0,False,False
1245,839.25,242.5530303030303,55.77,8.426658258757147,12.734848484848484,44769.0,False,True
1246,841.2840909090909,279.89204545454544,74.36000000000001,9.730266828124844,14.778409090909092,52209.0,False,False
1247,838.7058823529412,359.51960784313724,43.095000000000006,7.407446130776911,7.901960784313726,33716.0,False,False
1248,837.9615384615385,905.9038461538462,21.970000000000002,5.288957628666685,16.98076923076923,65957.0,False,False
1249,842.5625,220.9375,67.60000000000001,9.277445403994411,13.49375,49595.0,False,False
1250,840.6582278481013,333.2278481012658,33.377500000000005,6.519014718835807,11.227848101265822,35891.0,False,False
1251,848.0161812297735,510.36893203883494,130.5525,12.89281217050948,10.498381877022654,48308.0,False,False
1252,842.1326530612245,593.8061224489796,41.405,7.260749503306075,28.744897959183675,57547.0,True,True
1253,842.6162790697674,614.9186046511628,36.335,6.801702644040839,20.558139534883722,61403.0,False,True
1254,842.2380952380952,818.063492063492,26.617500000000003,5.8215507884058,16.22222222222222,76904.0,False,False
1255,843.1020408163265,411.6734693877551,20.7025,5.134125210284583,9.183673469387756,38029.0,False,False
1256,841.2647058823529,1233.3235294117646,14.365000000000002,4.276691017611702,14.970588235294118,49221.0,False,False
1257,849.1639344262295,526.6229508196722,103.09,11.456799931339813,17.721311475409838,50283.0,False,False
1258,844.4918032786885,740.2295081967213,25.7725,5.728399965669906,12.59016393442623,78320.0,False,False
1259,845.4880952380952,780.0952380952381,35.49,6.722147829574334,12.583333333333334,59606.0,False,False
1260,845.196261682243,798.4018691588785,45.2075,7.586829161027343,17.037383177570092,59427.0,False,False
1261,846.922480620155,454.49612403100775,54.502500000000005,8.33035043001963,13.294573643410853,49749.0,False,False
1262,847.65,350.94,42.25000000000001,7.3344645861208315,8.62,33176.0,False,False
1263,848.1691176470588,431.75,57.46000000000001,8.553382035223404,20.875,48941.0,False,False
1264,849.4646464646464,144.58585858585857,41.82750000000001,7.297700121093632,9.656565656565656,39983.0,False,False
1265,847.7213114754098,160.13114754098362,25.7725,5.728399965669906,11.704918032786885,51163.0,False,True
1266,847.0204081632653,305.59183673469386,20.7025,5.134125210284583,13.959183673469388,45917.0,False,False
1267,849.2916666666666,337.1354166666667,40.56,7.186278309003779,11.822916666666666,33640.0,False,False
1268,847.5147058823529,403.36764705882354,28.730000000000004,6.048154439185661,5.088235294117647,35365.0,False,False
1269,852.1165644171779,601.1472392638037,68.8675,9.364017532397558,20.558282208588956,57172.0,False,False
1270,849.9009900990098,238.8118811881188,42.67250000000001,7.371045683803026,11.910891089108912,49321.0,False,False
1271,852.6713615023474,553.3286384976526,89.9925,10.704298656594888,10.225352112676056,45377.0,False,False
1272,850.3620689655172,377.67241379310343,24.505000000000003,5.58576181408903,11.137931034482758,31693.0,False,False
1273,852.1333333333333,464.76666666666665,38.025000000000006,6.958084052995808,12.655555555555555,46321.0,False,False
1274,853.29203539823,254.46902654867256,47.74250000000001,7.796642800880295,14.079646017699115,59357.0,False,False
1275,852.8095238095239,284.5,35.49,6.722147829574334,13.5,58454.0,False,False
1276,852.6727272727272,733.0181818181818,23.2375,5.439384516724603,23.90909090909091,94865.0,False,False
1277,852.8297872340426,175.5744680851064,19.8575,5.028255588131782,13.595744680851064,52858.0,False,False
1278,856.8118811881188,763.7821782178218,42.67250000000001,7.371045683803026,14.762376237623762,69857.0,False,False
1279,857.2666666666667,49.13333333333333,25.35,5.681251839078812,6.516666666666667,22788.0,False,False
1280,856.8055555555555,892.25,15.21,4.4006787516724994,28.916666666666668,74509.0,False,False
1281,859.940594059406,278.2178217821782,42.67250000000001,7.371045683803026,14.316831683168317,68769.0,False,False
1282,858.8241758241758,363.1868131868132,38.447500000000005,6.996633290104976,9.604395604395604,31585.0,False,False
1283,860.5932203389831,211.89830508474577,49.855000000000004,7.967267881951225,13.228813559322035,51790.0,False,False
1284,862.2208588957055,451.44171779141107,68.8675,9.364017532397558,14.374233128834355,50015.0,False,False
1285,861.9754098360655,78.18032786885246,51.545,8.101180922147954,6.80327868852459,25754.0,False,False
1286,861.6339285714286,159.61607142857142,47.32000000000001,7.762067717874401,9.366071428571429,37436.0,False,False
1287,865.1133004926108,469.7931034482759,85.76750000000001,10.450003476223014,9.699507389162562,40251.0,False,False
1288,862.5945945945946,305.0945945945946,62.53000000000001,8.922761272851007,10.608108108108109,51533.0,False,False
1289,862.6396396396397,484.4684684684685,46.89750000000001,7.727337934192946,10.342342342342342,38021.0,False,True
1290,862.179104477612,338.67164179104475,28.307500000000005,6.003518003020447,11.567164179104477,32106.0,False,False
1291,861.85,819.95,25.35,5.681251839078812,16.2,71883.0,False,False
1292,863.469696969697,874.3181818181819,27.885,5.958547197508803,14.969696969696969,72913.0,False,False
1293,864.625,373.0416666666667,40.56,7.186278309003779,9.75,33366.0,False,False
1294,863.2,886.3333333333334,12.675,4.017251701041172,20.733333333333334,71782.0,False,False
1295,866.1621621621622,568.0540540540541,46.89750000000001,7.727337934192946,9.846846846846846,42630.0,False,False
1296,868.7169811320755,144.03773584905662,44.785000000000004,7.5512934660867375,8.915094339622641,27686.0,False,False
1297,867.8260869565217,248.92753623188406,58.30500000000001,8.616045012404687,15.014492753623188,92620.0,False,False
1298,870.0364583333334,596.8229166666666,81.12,10.162932247580734,14.75,49333.0,False,False
1299,865.6666666666666,776.530303030303,27.885,5.958547197508803,14.121212121212121,61566.0,False,False
1300,866.7014925373135,104.95522388059702,28.307500000000005,6.003518003020447,5.552238805970149,26403.0,False,False
1301,868.5058823529412,327.75882352941176,71.825,9.562971834142516,12.3,38395.0,False,False
1302,869.0545454545454,35.41818181818182,23.2375,5.439384516724603,7.454545454545454,22049.0,False,False
1303,871.0681818181819,232.99242424242425,55.77,8.426658258757147,14.674242424242424,84237.0,False,False
1304,869.3733333333333,556.6933333333334,31.687500000000004,6.351832654737959,15.6,41549.0,False,False
1305,870.7191011235955,208.20224719101122,37.602500000000006,6.919320051920128,11.97752808988764,53537.0,False,False
1306,873.1285714285714,403.64285714285717,59.150000000000006,8.67825553156191,13.157142857142857,42650.0,False,False
1307,874.046783625731,416.12865497076024,72.2475,9.591056980763573,8.567251461988304,47704.0,False,False
1308,870.0434782608696,864.5652173913044,19.435000000000002,4.974475907261778,13.478260869565217,69782.0,False,False
1309,871.0769230769231,895.1076923076923,27.462500000000002,5.913234393907399,21.16923076923077,98309.0,False,False
1310,873.8942307692307,158.25,43.940000000000005,7.479715609277069,5.923076923076923,27059.0,False,False
1311,872.2796610169491,751.9491525423729,49.855000000000004,7.967267881951225,22.322033898305083,129726.0,False,False
1312,875.0,55.114285714285714,29.575000000000003,6.136453335237093,5.457142857142857,22967.0,False,False
1313,874.8823529411765,562.8117647058823,35.9125,6.762042232218129,15.2,39226.0,False,False
1314,877.0743243243244,613.5067567567568,62.53000000000001,8.922761272851007,11.885135135135135,46592.0,False,False
1315,874.2297297297297,695.3648648648649,31.265000000000004,6.309345002941657,19.972972972972972,64960.0,False,False
1316,877.9107142857143,503.9583333333333,70.98,9.506552628860888,13.910714285714286,37747.0,False,False
1317,876.8372093023256,623.8837209302326,36.335,6.801702644040839,13.465116279069768,51432.0,False,False
1318,877.6071428571429,710.9880952380952,35.49,6.722147829574334,12.380952380952381,126548.0,False,False
1319,879.8253968253969,529.6825396825396,53.23500000000001,8.232916079007266,10.420634920634921,38806.0,False,False
1320,881.2222222222222,548.0185185185185,68.44500000000001,9.335249361393526,9.592592592592593,38033.0,False,True
1321,881.827868852459,193.40983606557376,51.545,8.101180922147954,7.475409836065574,36223.0,False,False
1322,880.9905660377359,290.0377358490566,44.785000000000004,7.5512934660867375,19.745283018867923,64993.0,False,False
1323,880.9272727272727,322.08181818181816,46.475,7.692451354514157,10.045454545454545,42378.0,False,False
1324,880.2391304347826,451.1304347826087,38.870000000000005,7.034971293747812,10.391304347826088,44245.0,False,False
1325,878.8611111111111,794.6111111111111,15.21,4.4006787516724994,14.75,65177.0,False,False
1326,880.6551724137931,806.0919540229885,36.7575,6.8411331346205175,21.96551724137931,66683.0,False,False
1327,885.5737704918033,905.4180327868852,51.545,8.101180922147954,28.942622950819672,125467.0,False,False
1328,884.7809523809524,301.2952380952381,44.362500000000004,7.51558975086544,36.55238095238095,45935.0,True,True
1329,888.8207547169811,380.64622641509436,89.57000000000001,10.679141633199201,15.004716981132075,39167.0,False,False
1330,884.8356164383562,93.6027397260274,30.842500000000005,6.266569289371519,6.4520547945205475,23846.0,False,False
1331,886.6376811594203,887.7753623188406,58.30500000000001,8.616045012404687,24.615942028985508,126239.0,False,False
1332,885.1052631578947,1096.8815789473683,32.11000000000001,6.394037987175715,25.473684210526315,69350.0,True,True
1333,886.2033898305085,175.10169491525423,24.927500000000002,5.633709146857493,6.254237288135593,24394.0,False,False
1334,889.5909090909091,570.4155844155844,65.06500000000001,9.101831188183693,14.2012987012987,38597.0,False,False
1335,886.0512820512821,718.8205128205128,32.955000000000005,6.477623730716943,25.307692307692307,144139.0,False,False
1336,887.020202020202,870.070707070707,41.82750000000001,7.297700121093632,17.12121212121212,111092.0,False,False
1337,889.4489795918367,111.10204081632654,41.405,7.260749503306075,6.6020408163265305,25257.0,False,False
1338,893.7927927927927,351.5855855855856,93.79500000000002,10.928106107575758,7.513513513513513,28812.0,False,False
1339,890.969696969697,583.9191919191919,41.82750000000001,7.297700121093632,11.292929292929292,40273.0,False,False
1340,893.453488372093,935.3372093023256,72.67,9.619060126431496,15.668604651162791,91754.0,False,False
1341,893.703125,853.171875,54.080000000000005,8.297999432349801,16.015625,81739.0,False,False
1342,894.2222222222222,417.1666666666667,53.23500000000001,8.232916079007266,12.603174603174603,42155.0,False,False
1343,893.2477876106195,615.4955752212389,47.74250000000001,7.796642800880295,12.893805309734514,45176.0,False,False
1344,896.5106382978723,299.6648936170213,79.43,10.056511176263564,14.186170212765957,43354.0,False,False
1345,899.2420091324201,540.689497716895,92.5275,10.854016398342266,9.657534246575343,33305.0,False,True
1346,893.5396825396825,693.984126984127,26.617500000000003,5.8215507884058,14.46031746031746,65892.0,False,True
1347,896.0,917.5849056603773,22.392500000000002,5.3395708165996005,46.339622641509436,104540.0,False,False
1348,894.4727272727273,1020.6,23.2375,5.439384516724603,10.618181818181819,62205.0,False,False
1349,895.2127659574468,153.0,19.8575,5.028255588131782,6.276595744680851,23341.0,False,False
1350,896.09375,971.40625,27.040000000000003,5.867571668896666,16.4375,51465.0,False,False
1351,904.5077519379845,524.9108527131783,109.00500000000001,11.780894557454303,9.720930232558139,36716.0,False,True
1352,898.7828947368421,831.2565789473684,64.22000000000001,9.042535239792663,14.203947368421053,58681.0,False,True
1353,896.6307692307693,1079.4923076923078,27.462500000000002,5.913234393907399,27.815384615384616,73979.0,False,False
1354,899.9015151515151,1103.2348484848485,55.77,8.426658258757147,17.833333333333332,64763.0,False,True
1355,901.7037037037037,393.35185185185185,68.44500000000001,9.335249361393526,19.512345679012345,41663.0,False,True
1356,898.9857142857143,1034.142857142857,29.575000000000003,6.136453335237093,17.1,74096.0,False,False
1357,901.6938775510204,712.469387755102,62.10750000000001,8.892565716633143,26.993197278911566,117621.0,False,False
1358,900.6206896551724,763.25,49.010000000000005,7.8994601136704485,26.155172413793103,90248.0,False,False
1359,900.2577319587629,1049.5979381443299,40.9825,7.22360987610134,21.2680412371134,83329.0,True,False
1360,898.0,1223.4285714285713,17.745,4.753276314430444,17.5,50736.0,False,False
1361,900.9367088607595,1058.7088607594937,33.377500000000005,6.519014718835807,21.455696202531644,85724.0,True,True
1362,900.5625,956.2083333333334,20.28,5.081466123790367,14.791666666666666,55522.0,False,False
1363,900.06,1233.04,21.125000000000004,5.186249645218625,13.82,52335.0,False,False
1364,902.9090909090909,792.9090909090909,41.82750000000001,7.297700121093632,14.93939393939394,66400.0,False,False
1365,904.6084337349398,555.6325301204819,70.135,9.449796583524995,9.114457831325302,35053.0,False,False
1366,904.5176470588235,160.75294117647059,35.9125,6.762042232218129,7.152941176470589,21668.0,False,False
1367,905.8019801980198,1009.960396039604,42.67250000000001,7.371045683803026,9.970297029702971,47760.0,False,True
1368,904.2837837837837,350.7567567567568,31.265000000000004,6.309345002941657,8.864864864864865,27759.0,False,False
1369,904.6666666666666,171.88888888888889,15.21,4.4006787516724994,5.833333333333333,21399.0,False,False
1370,907.5046728971963,511.0,45.2075,7.586829161027343,14.25233644859813,42837.0,False,False
1371,907.0,580.8295454545455,37.18000000000001,6.880337656921596,11.897727272727273,37370.0,False,False
1372,906.6931818181819,951.6931818181819,37.18000000000001,6.880337656921596,12.0,57684.0,False,False
1373,913.7832167832167,879.7902097902098,120.83500000000001,12.403705107268287,164.48601398601397,151119.0,True,True
1374,906.6857142857143,1072.5142857142857,14.787500000000001,4.339127765780955,15.485714285714286,73827.0,False,True
1375,908.8679245283018,806.566037735849,44.785000000000004,7.5512934660867375,16.471698113207548,61559.0,False,False
1376,914.7172131147541,902.3975409836065,103.09,11.456799931339813,20.360655737704917,153954.0,False,True
1377,911.0754716981132,299.4811320754717,44.785000000000004,7.5512934660867375,9.452830188679245,35326.0,False,False
1378,909.0760869565217,776.5869565217391,38.870000000000005,7.034971293747812,18.52173913043478,67839.0,False,False
1379,908.9354838709677,964.0483870967741,26.195000000000004,5.775163190277621,14.709677419354838,52252.0,False,False
1380,912.3302752293578,980.7064220183486,46.0525,7.6574058357851245,15.862385321100918,47384.0,False,False
1381,909.421875,1090.34375,27.040000000000003,5.867571668896666,17.203125,65172.0,False,False
1382,912.3953488372093,405.95348837209303,54.502500000000005,8.33035043001963,8.170542635658915,40155.0,False,True
1383,912.1585365853658,669.6341463414634,34.645,6.641640160935379,14.170731707317072,61362.0,False,False
1384,911.9634146341464,755.1829268292682,34.645,6.641640160935379,19.048780487804876,97237.0,False,False
1385,913.6,206.1157894736842,40.1375,7.148751795020415,7.578947368421052,36184.0,False,False
1386,915.0223880597015,743.8283582089553,56.61500000000001,8.490256581822557,20.0,112171.0,False,False
1387,914.7631578947369,943.3771929824561,48.165000000000006,7.831065232276457,14.543859649122806,60345.0,False,False
1388,913.1643835616438,1050.5616438356165,30.842500000000005,6.266569289371519,25.28767123287671,72941.0,False,False
1389,914.5806451612904,357.2096774193548,26.195000000000004,5.775163190277621,8.112903225806452,28931.0,False,False
1390,915.5339805825242,711.4757281553398,43.517500000000005,7.443668577254932,16.679611650485437,92920.0,False,True
1391,915.0972222222222,591.6527777777778,30.42,6.223499574262349,11.152777777777779,36018.0,False,False
1392,916.6041666666666,724.09375,40.56,7.186278309003779,31.135416666666668,106907.0,False,False
1393,916.6333333333333,1100.1777777777777,38.025000000000006,6.958084052995808,16.533333333333335,54648.0,False,False
1394,916.968085106383,163.54255319148936,39.715,7.1110272478142695,6.51063829787234,20874.0,False,False
1395,919.4036144578313,539.1024096385543,70.135,9.449796583524995,9.849397590361447,35474.0,False,False
1396,916.8181818181819,618.0519480519481,32.532500000000006,6.4359665543799,8.38961038961039,42308.0,False,False
1397,915.7631578947369,1044.157894736842,16.055000000000003,4.5212676198963315,16.13157894736842,67471.0,False,False
1398,915.4137931034483,231.27586206896552,12.252500000000001,3.9497300568352243,14.758620689655173,58405.0,False,False
1399,919.2290076335878,291.793893129771,55.347500000000004,8.394678415652944,12.954198473282442,31181.0,False,False
1400,917.6507936507936,1074.3809523809523,26.617500000000003,5.8215507884058,21.126984126984127,63278.0,False,False
1401,920.2348484848485,374.4848484848485,55.77,8.426658258757147,10.136363636363637,33271.0,False,False
1402,917.4545454545455,971.7272727272727,23.2375,5.439384516724603,14.781818181818181,50256.0,False,False
1403,921.4709677419355,180.40645161290323,65.48750000000001,9.131334770220834,5.735483870967742,21039.0,False,False
1404,920.980198019802,823.9306930693069,42.67250000000001,7.371045683803026,12.178217821782178,46883.0,False,False
1405,920.5238095238095,1082.7301587301588,26.617500000000003,5.8215507884058,14.73015873015873,59819.0,False,False
1406,922.34375,703.2604166666666,40.56,7.186278309003779,21.114583333333332,69687.0,False,False
1407,924.1102941176471,847.375,57.46000000000001,8.553382035223404,10.823529411764707,65909.0,False,False
1408,922.8070175438596,989.7543859649123,24.082500000000003,5.537399329656889,15.403508771929825,47552.0,False,False
1409,923.0813953488372,1005.2558139534884,36.335,6.801702644040839,14.313953488372093,46497.0,False,False
1410,923.2777777777778,390.0740740740741,22.815,5.389708731752834,15.037037037037036,35414.0,False,True
1411,924.7931034482758,796.9224137931035,49.010000000000005,7.8994601136704485,15.189655172413794,55957.0,False,False
1412,922.1730769230769,1065.8461538461538,21.970000000000002,5.288957628666685,22.923076923076923,62118.0,False,True
1413,924.1904761904761,107.28571428571429,26.617500000000003,5.8215507884058,5.333333333333333,23454.0,False,False
1414,924.6666666666666,302.74074074074076,34.222500000000004,6.601018127508749,10.839506172839506,29222.0,False,False
1415,924.0701754385965,1024.2456140350878,24.082500000000003,5.537399329656889,14.31578947368421,51431.0,False,False
1416,922.8,1116.7,16.900000000000002,4.638722701997206,12.85,46355.0,False,False
1417,925.3833333333333,170.76666666666668,25.35,5.681251839078812,6.366666666666666,20627.0,False,False
1418,927.7029702970297,324.23762376237624,42.67250000000001,7.371045683803026,8.316831683168317,26925.0,False,False
1419,928.046511627907,754.2403100775193,54.502500000000005,8.33035043001963,18.03875968992248,64837.0,False,False
1420,928.2765957446809,920.8510638297872,39.715,7.1110272478142695,19.0,69868.0,False,False
1421,927.9782608695652,935.7717391304348,38.870000000000005,7.034971293747812,14.065217391304348,62323.0,False,False
1422,928.9056603773585,200.5,44.785000000000004,7.5512934660867375,5.386792452830188,23927.0,False,False
1423,930.4925373134329,274.9029850746269,56.61500000000001,8.490256581822557,8.462686567164178,28585.0,False,False
1424,929.4850746268656,781.0746268656717,56.61500000000001,8.490256581822557,9.932835820895523,58068.0,False,False
1425,927.4805194805194,1035.844155844156,32.532500000000006,6.4359665543799,10.571428571428571,55954.0,False,False
1426,928.9375,1096.7375,33.800000000000004,6.560144557252417,16.825,50397.0,False,False
1427,930.6153846153846,162.4835164835165,38.447500000000005,6.996633290104976,7.2967032967032965,21074.0,False,False
1428,931.0451612903225,382.14193548387095,65.48750000000001,9.131334770220834,12.012903225806452,32264.0,False,True
1429,932.9798994974874,504.6884422110553,84.07750000000001,10.346535546861599,24.894472361809044,68234.0,False,True
1430,928.9019607843137,625.6666666666666,21.547500000000003,5.237855390346407,12.568627450980392,46825.0,False,False
1431,931.183486238532,1079.165137614679,46.0525,7.6574058357851245,17.357798165137616,55065.0,False,False
1432,933.5128205128206,293.0128205128205,65.91000000000001,9.160743331929707,8.557692307692308,27563.0,False,False
1433,932.5894039735099,335.7748344370861,63.79750000000001,9.01274097349089,9.132450331125828,24709.0,False,False
1434,928.9130434782609,834.4347826086956,9.717500000000001,3.517485646873906,10.08695652173913,45464.0,False,False
1435,930.6086956521739,258.9130434782609,9.717500000000001,3.517485646873906,8.217391304347826,30016.0,False,False
1436,932.1304347826087,537.2173913043479,29.152500000000003,6.092463855279885,19.347826086956523,36333.0,False,False
1437,932.48,972.42,42.25000000000001,7.3344645861208315,11.85,53019.0,False,False
1438,935.4566929133858,867.0236220472441,53.657500000000006,8.265521814841879,16.511811023622048,109262.0,False,False
1439,933.6981132075472,564.433962264151,22.392500000000002,5.3395708165996005,14.0,34995.0,False,False
1440,933.53125,762.75,27.040000000000003,5.867571668896666,15.140625,57276.0,False,False
1441,936.4921875,312.0234375,54.080000000000005,8.297999432349801,10.046875,26587.0,False,False
1442,936.0921052631579,411.94736842105266,32.11000000000001,6.394037987175715,7.565789473684211,31592.0,False,False
1443,935.8403361344538,846.8067226890756,50.2775,8.000956268498294,12.369747899159664,49444.0,False,False
1444,934.7222222222222,956.9074074074074,22.815,5.389708731752834,27.48148148148148,53316.0,False,False
1445,938.2448979591836,719.1326530612245,41.405,7.260749503306075,13.581632653061224,64097.0,False,False
1446,940.2352941176471,903.7867647058823,57.46000000000001,8.553382035223404,24.573529411764707,101311.0,False,True
1447,936.329268292683,1060.2073170731708,34.645,6.641640160935379,16.317073170731707,55153.0,False,True
1448,937.9444444444445,398.9583333333333,30.42,6.223499574262349,11.0,31704.0,False,False
1449,939.436170212766,985.2765957446809,39.715,7.1110272478142695,13.77659574468085,51744.0,False,False
1450,941.3430656934306,749.4306569343066,57.88250000000001,8.584770698634475,13.620437956204379,58383.0,False,False
1451,938.939393939394,116.3030303030303,13.9425,4.2133291293785735,7.333333333333333,22579.0,False,False
1452,939.5833333333334,125.61666666666666,25.35,5.681251839078812,6.433333333333334,22958.0,False,False
1453,939.3508771929825,140.4561403508772,24.082500000000003,5.537399329656889,5.43859649122807,21575.0,False,False
1454,940.2333333333333,260.3666666666667,25.35,5.681251839078812,9.05,26414.0,False,False
1455,940.6842105263158,593.4842105263158,40.1375,7.148751795020415,9.83157894736842,41893.0,False,False
1456,942.077922077922,158.14285714285714,32.532500000000006,6.4359665543799,7.233766233766234,20509.0,False,False
1457,942.591304347826,197.66086956521738,48.587500000000006,7.8653370162898755,5.808695652173913,21085.0,False,False
1458,942.2063492063492,928.984126984127,26.617500000000003,5.8215507884058,17.444444444444443,63593.0,False,False
1459,942.560975609756,1055.7560975609756,34.645,6.641640160935379,13.073170731707316,50874.0,False,True
1460,945.5166666666667,494.26666666666665,50.7,8.034503402082343,67.9,66084.0,True,True
1461,942.9024390243902,614.0487804878048,17.3225,4.696348795998318,14.75609756097561,55010.0,False,False
1462,944.4326241134752,876.822695035461,59.572500000000005,8.709194152086374,22.411347517730498,116085.0,False,False
1463,944.5315315315315,995.2342342342342,46.89750000000001,7.727337934192946,16.72072072072072,50458.0,False,False
1464,947.5649350649351,837.0844155844156,65.06500000000001,9.101831188183693,13.688311688311689,43184.0,False,False
1465,946.1754385964912,861.6140350877193,48.165000000000006,7.831065232276457,12.263157894736842,71856.0,False,False
1466,947.13125,314.8875,67.60000000000001,9.277445403994411,7.70625,23748.0,False,False
1467,945.8117647058823,563.9411764705883,35.9125,6.762042232218129,16.04705882352941,32862.0,False,False
1468,944.7142857142857,621.8928571428571,23.660000000000004,5.488610719338178,15.660714285714286,57494.0,False,False
1469,946.6,724.0615384615385,27.462500000000002,5.913234393907399,18.49230769230769,57275.0,False,False
1470,945.0505050505051,778.0505050505051,41.82750000000001,7.297700121093632,23.454545454545453,53867.0,False,True
1471,945.4477611940298,374.46268656716416,28.307500000000005,6.003518003020447,8.208955223880597,27678.0,False,False
1472,945.5714285714286,963.875,23.660000000000004,5.488610719338178,14.964285714285714,56992.0,False,False
1473,947.3473684210526,1023.9368421052632,40.1375,7.148751795020415,13.842105263157896,46673.0,False,False
1474,946.1066666666667,1080.3333333333333,31.687500000000004,6.351832654737959,13.28,49624.0,False,False
1475,948.4380952380952,278.4761904761905,44.362500000000004,7.51558975086544,8.466666666666667,25424.0,False,False
1476,946.931506849315,1070.2054794520548,30.842500000000005,6.266569289371519,16.575342465753426,50152.0,False,False
1477,947.7457627118644,209.94915254237287,24.927500000000002,5.633709146857493,7.389830508474576,21834.0,False,False
1478,951.7985074626865,948.4626865671642,56.61500000000001,8.490256581822557,18.440298507462686,58347.0,False,False
1479,948.0,1122.340909090909,18.590000000000003,4.865133414062422,12.954545454545455,44432.0,False,False
1480,949.4,1242.6363636363637,23.2375,5.439384516724603,18.69090909090909,68866.0,False,False
1481,950.8490566037735,161.0566037735849,22.392500000000002,5.3395708165996005,7.188679245283019,19930.0,False,False
1482,951.530303030303,1138.030303030303,27.885,5.958547197508803,11.318181818181818,46131.0,False,False
1483,953.4787234042553,247.9787234042553,39.715,7.1110272478142695,6.840425531914893,25269.0,False,False
1484,952.080459770115,399.85057471264366,36.7575,6.8411331346205175,7.425287356321839,27885.0,False,False
1485,957.2732240437158,343.23497267759564,77.31750000000001,9.92187978661609,5.229508196721311,21170.0,False,False
1486,953.945652173913,788.1304347826087,38.870000000000005,7.034971293747812,15.043478260869565,50650.0,False,False
1487,956.8874172185431,930.6423841059602,63.79750000000001,9.01274097349089,14.099337748344372,61332.0,False,False
1488,954.8737864077669,1003.0097087378641,43.517500000000005,7.443668577254932,17.25242718446602,52319.0,False,False
1489,954.5588235294117,1168.6764705882354,28.730000000000004,6.048154439185661,12.102941176470589,54029.0,False,False
1490,955.5959595959596,976.5656565656566,41.82750000000001,7.297700121093632,14.212121212121213,53923.0,False,True
1491,954.5227272727273,1055.9545454545455,37.18000000000001,6.880337656921596,15.125,45457.0,False,False
1492,957.5,506.95384615384614,54.925000000000004,8.362576277354894,8.476923076923077,57425.0,False,False
1493,958.2916666666666,898.2,50.7,8.034503402082343,78.64166666666667,96191.0,True,False
1494,957.0461538461539,1176.1846153846154,27.462500000000002,5.913234393907399,13.923076923076923,56314.0,False,False
1495,959.5909090909091,525.6,46.475,7.692451354514157,7.263636363636364,34792.0,False,False
1496,959.2300884955753,910.141592920354,47.74250000000001,7.796642800880295,17.4070796460177,86529.0,False,False
1497,959.6756756756756,538.5585585585585,46.89750000000001,7.727337934192946,7.396396396396397,29747.0,False,False
1498,964.646511627907,863.4604651162791,90.8375,10.754436161179271,16.25581395348837,73434.0,False,False
1499,957.875,1037.5416666666667,20.28,5.081466123790367,10.666666666666666,43041.0,False,False
1500,961.0294117647059,1153.4705882352941,43.095000000000006,7.407446130776911,12.637254901960784,61770.0,False,False
1501,962.8203125,880.796875,54.080000000000005,8.297999432349801,30.9453125,95374.0,False,False
1502,960.3559322033898,1239.593220338983,24.927500000000002,5.633709146857493,30.45762711864407,83046.0,False,False
1503,962.2727272727273,472.7792207792208,32.532500000000006,6.4359665543799,10.974025974025974,47632.0,False,False
1504,963.5054945054945,1070.6813186813188,38.447500000000005,6.996633290104976,11.494505494505495,44129.0,False,False
1505,965.1521739130435,440.94202898550725,58.30500000000001,8.616045012404687,5.7898550724637685,26602.0,False,False
1506,964.5888888888888,918.4666666666667,38.025000000000006,6.958084052995808,16.322222222222223,79543.0,False,False
1507,963.0,1215.525,16.900000000000002,4.638722701997206,19.875,73029.0,False,False
1508,964.0,256.57575757575756,27.885,5.958547197508803,10.545454545454545,23581.0,False,False
1509,965.3272727272728,958.4090909090909,46.475,7.692451354514157,12.481818181818182,57703.0,False,True
1510,966.9324324324324,303.06756756756755,62.53000000000001,8.922761272851007,6.72972972972973,19735.0,False,False
1511,965.5185185185185,987.5802469135803,34.222500000000004,6.601018127508749,20.950617283950617,53053.0,False,False
1512,967.2111111111111,1015.2,38.025000000000006,6.958084052995808,10.28888888888889,49862.0,False,False
1513,966.3548387096774,1205.5,26.195000000000004,5.775163190277621,15.225806451612904,67063.0,False,False
1514,967.6666666666666,321.6458333333333,40.56,7.186278309003779,5.46875,19776.0,False,False
1515,966.728813559322,783.728813559322,24.927500000000002,5.633709146857493,12.067796610169491,51106.0,False,False
1516,965.1764705882352,1000.7647058823529,14.365000000000002,4.276691017611702,15.5,54274.0,False,False
1517,968.7361111111111,806.0555555555555,30.42,6.223499574262349,8.805555555555555,42919.0,False,False
1518,969.0117647058823,1174.9764705882353,35.9125,6.762042232218129,14.952941176470588,64775.0,False,False
1519,970.787610619469,249.18584070796462,47.74250000000001,7.796642800880295,9.415929203539823,22618.0,False,True
1520,969.8965517241379,1048.1896551724137,24.505000000000003,5.58576181408903,10.051724137931034,40173.0,False,False
1521,972.2833333333333,889.875,50.7,8.034503402082343,59.375,94092.0,True,True
1522,971.8085106382979,926.7446808510638,39.715,7.1110272478142695,11.72340425531915,63555.0,False,False
1523,973.4044943820224,1030.561797752809,37.602500000000006,6.919320051920128,7.876404494382022,44302.0,False,False
1524,970.5714285714286,1146.015873015873,26.617500000000003,5.8215507884058,16.428571428571427,72326.0,False,False
1525,971.1739130434783,211.82608695652175,19.435000000000002,4.974475907261778,6.217391304347826,19551.0,False,False
1526,974.1768707482993,908.5374149659864,62.10750000000001,8.892565716633143,22.197278911564627,84414.0,False,False
1527,977.7017543859649,317.1842105263158,96.33000000000001,11.074798659313778,4.947368421052632,18625.0,False,False
1528,973.2439024390244,530.0,17.3225,4.696348795998318,10.731707317073171,25660.0,False,False
1529,973.09375,513.96875,13.520000000000001,4.148999716174901,10.3125,30068.0,False,False
1530,976.2636363636364,969.1363636363636,46.475,7.692451354514157,13.618181818181819,56567.0,False,True
1531,973.6538461538462,1107.1153846153845,10.985000000000001,3.7398578046385347,17.846153846153847,51471.0,False,False
1532,979.705035971223,281.28776978417267,58.727500000000006,8.647206217237697,5.266187050359712,19542.0,False,False
1533,980.3015873015873,1055.1507936507937,53.23500000000001,8.232916079007266,8.738095238095237,39654.0,False,False
1534,978.9857142857143,475.6714285714286,29.575000000000003,6.136453335237093,6.542857142857143,29214.0,False,False
1535,979.24,502.76,31.687500000000004,6.351832654737959,7.613333333333333,28248.0,False,False
1536,979.8125,538.015625,27.040000000000003,5.867571668896666,7.421875,24913.0,False,False
1537,980.9255319148937,781.3617021276596,39.715,7.1110272478142695,13.617021276595745,46436.0,False,False
1538,982.2299465240642,856.8021390374331,79.00750000000001,10.029729474450614,15.609625668449198,61777.0,False,False
1539,982.6837606837607,1069.128205128205,49.432500000000005,7.933436443000028,8.931623931623932,44245.0,False,False
1540,981.5742574257425,1114.1287128712872,42.67250000000001,7.371045683803026,15.841584158415841,58442.0,False,False
1541,979.4705882352941,1164.8588235294117,35.9125,6.762042232218129,25.823529411764707,76757.0,False,False
1542,983.0672268907563,1134.6050420168067,50.2775,8.000956268498294,24.277310924369747,73444.0,False,False
1543,987.8133971291866,261.2105263157895,88.30250000000001,10.603312449370561,6.181818181818182,19978.0,False,False
1544,985.3009708737864,551.6601941747573,43.517500000000005,7.443668577254932,7.941747572815534,24907.0,False,False
1545,984.0,958.5,38.870000000000005,7.034971293747812,16.42391304347826,59918.0,False,False
1546,983.9069767441861,154.90697674418604,18.1675,4.809530063215748,5.837209302325581,18091.0,False,False
1547,985.9624060150376,296.0,56.1925,8.458517193783473,5.338345864661654,17634.0,False,False
1548,985.3239436619718,344.6901408450704,29.997500000000002,6.180129710871209,5.126760563380282,17879.0,False,False
1549,987.8163265306123,250.05102040816325,41.405,7.260749503306075,6.010204081632653,20311.0,False,False
1550,988.4539877300614,332.83435582822085,68.8675,9.364017532397558,6.220858895705521,17632.0,False,False
1551,987.0506329113924,509.39240506329116,33.377500000000005,6.519014718835807,7.6835443037974684,24543.0,False,False
1552,987.64,921.808,52.81250000000001,8.200180696565521,14.008,70635.0,False,False
1553,989.2222222222222,1108.2698412698412,26.617500000000003,5.8215507884058,18.333333333333332,52421.0,False,False
1554,991.3309352517986,1176.1294964028777,58.727500000000006,8.647206217237697,15.115107913669064,68938.0,False,False
1555,996.8862745098039,274.6156862745098,107.73750000000001,11.712200709128265,4.537254901960784,18175.0,False,False
1556,994.6172839506173,493.05555555555554,68.44500000000001,9.335249361393526,5.8765432098765435,22359.0,False,False
1557,993.4270833333334,795.59375,40.56,7.186278309003779,11.927083333333334,40276.0,False,False
1558,994.8372093023256,892.5193798449612,54.502500000000005,8.33035043001963,16.41860465116279,94687.0,False,False
1559,995.5478260869565,946.5043478260869,48.587500000000006,7.8653370162898755,37.165217391304346,60688.0,False,False
1560,993.8285714285714,1018.3809523809524,44.362500000000004,7.51558975086544,12.238095238095237,54199.0,False,False
1561,997.6573426573426,439.8251748251748,60.417500000000004,8.770743993187619,7.916083916083916,20945.0,False,False
1562,995.6,831.4125,33.800000000000004,6.560144557252417,16.1,43461.0,False,False
1563,996.6486486486486,966.0360360360361,46.89750000000001,7.727337934192946,11.855855855855856,59699.0,False,False
1564,993.8913043478261,1045.6304347826087,19.435000000000002,4.974475907261778,13.326086956521738,42978.0,False,False
1565,996.8511904761905,520.9107142857143,70.98,9.506552628860888,6.791666666666667,23189.0,False,False
1566,1001.14,236.485,84.50000000000001,10.37249929043725,5.235,17601.0,False,False
1567,1000.0969696969697,848.6242424242424,69.7125,9.421290344870497,15.624242424242425,60723.0,False,False
1568,997.4230769230769,907.6025641025641,32.955000000000005,6.477623730716943,15.76923076923077,74121.0,False,False
1569,997.1951219512196,1153.5772357723577,51.96750000000001,8.134314724734013,43.764227642276424,76773.0,False,False
1570,998.9024390243902,223.0081300813008,51.96750000000001,8.134314724734013,4.9105691056910565,17279.0,False,False
1571,999.5378787878788,878.1212121212121,55.77,8.426658258757147,19.356060606060606,96253.0,False,False
1572,999.3387096774194,998.9193548387096,26.195000000000004,5.775163190277621,14.774193548387096,67053.0,False,False
1573,1002.425,1080.60625,67.60000000000001,9.277445403994411,15.14375,48240.0,False,False
1574,1001.6285714285714,292.5785714285714,59.150000000000006,8.67825553156191,5.114285714285714,17205.0,False,False
1575,1001.0,979.8762886597938,40.9825,7.22360987610134,13.11340206185567,58213.0,False,False
1576,999.3448275862069,156.27586206896552,12.252500000000001,3.9497300568352243,5.896551724137931,17343.0,False,False
1577,1002.056179775281,463.19101123595505,37.602500000000006,6.919320051920128,5.887640449438202,20222.0,False,False
1578,1002.0588235294117,1065.578431372549,43.095000000000006,7.407446130776911,10.862745098039216,46037.0,False,False
1579,1003.70796460177,1118.9911504424779,47.74250000000001,7.796642800880295,15.893805309734514,58609.0,False,False
1580,1004.6422764227642,1094.3577235772357,51.96750000000001,8.134314724734013,16.8130081300813,50340.0,False,False
1581,1005.5,255.0952380952381,53.23500000000001,8.232916079007266,4.492063492063492,17535.0,False,False
1582,1009.9569377990431,493.11483253588517,88.30250000000001,10.603312449370561,6.08133971291866,19503.0,False,False
1583,1006.44,1140.09,42.25000000000001,7.3344645861208315,14.1,72676.0,False,False
1584,1006.1285714285714,1174.1571428571428,29.575000000000003,6.136453335237093,16.585714285714285,62468.0,False,False
1585,1010.9753086419753,475.7345679012346,68.44500000000001,9.335249361393526,5.54320987654321,18903.0,False,False
1586,1006.5,1252.0,25.35,5.681251839078812,29.233333333333334,73383.0,False,False
1587,1007.5507246376811,1159.0289855072465,29.152500000000003,6.092463855279885,19.159420289855074,74002.0,False,False
1588,1014.6855345911949,813.2201257861635,67.17750000000001,9.24840794496255,11.761006289308176,36980.0,False,False
1589,1014.175,526.96875,67.60000000000001,9.277445403994411,7.3375,20895.0,False,False
1590,1012.919540229885,273.4942528735632,36.7575,6.8411331346205175,5.666666666666667,16631.0,False,False
1591,1016.9852941176471,433.74264705882354,57.46000000000001,8.553382035223404,5.088235294117647,18990.0,False,False
1592,1014.3913043478261,548.5043478260869,48.587500000000006,7.8653370162898755,5.321739130434783,21374.0,False,False
1593,1013.8421052631579,845.6973684210526,32.11000000000001,6.394037987175715,15.447368421052632,61762.0,False,False
1594,1014.6639344262295,913.7540983606557,51.545,8.101180922147954,29.40983606557377,62540.0,True,True
1595,1014.5098039215686,293.2549019607843,43.095000000000006,7.407446130776911,5.9411764705882355,16375.0,False,False
1596,1016.3230769230769,835.3,54.925000000000004,8.362576277354894,12.923076923076923,43855.0,False,False
1597,1014.4268292682926,949.5121951219512,34.645,6.641640160935379,12.646341463414634,58199.0,False,False
1598,1014.3571428571429,996.2261904761905,35.49,6.722147829574334,18.321428571428573,85695.0,False,False
1599,1015.5696202531645,929.620253164557,33.377500000000005,6.519014718835807,14.683544303797468,61658.0,False,False
1600,1016.0,797.6206896551724,24.505000000000003,5.58576181408903,9.60344827586207,37532.0,False,False
1601,1018.5,782.5,43.940000000000005,7.479715609277069,12.403846153846153,35685.0,False,False
1602,1019.4444444444445,322.0940170940171,49.432500000000005,7.933436443000028,4.581196581196581,16586.0,False,False
1603,1020.4122807017544,454.1842105263158,48.165000000000006,7.831065232276457,4.482456140350878,18085.0,False,False
1604,1020.2921348314607,101.7752808988764,37.602500000000006,6.919320051920128,5.966292134831461,19541.0,False,False
1605,1023.3052631578947,1058.7736842105264,80.275,10.109861742556879,10.063157894736841,49136.0,False,False
1606,1023.2010050251256,1084.8040201005026,84.07750000000001,10.346535546861599,16.20603015075377,45368.0,False,False
1607,1022.2903225806451,307.86290322580646,52.39000000000001,8.167314108608483,4.395161290322581,16339.0,False,False
1608,1026.5542857142857,480.86285714285714,73.93750000000001,9.702584647343,4.297142857142857,19401.0,False,False
1609,1023.5066666666667,1159.56,31.687500000000004,6.351832654737959,16.173333333333332,63739.0,False,False
1610,1024.8294573643411,681.3178294573644,54.502500000000005,8.33035043001963,8.573643410852712,26963.0,False,True
1611,1025.6728971962616,934.5794392523364,45.2075,7.586829161027343,9.990654205607477,58807.0,False,True
1612,1027.2,920.3454545454546,46.475,7.692451354514157,13.827272727272728,58425.0,False,False
1613,1025.7764705882353,1185.1529411764707,35.9125,6.762042232218129,13.117647058823529,47959.0,False,False
1614,1026.969387755102,1119.234693877551,41.405,7.260749503306075,11.887755102040817,50220.0,False,False
1615,1028.654761904762,348.8452380952381,35.49,6.722147829574334,4.488095238095238,16264.0,False,False
1616,1033.2190476190476,708.6333333333333,88.72500000000001,10.628648954906136,7.1761904761904765,28790.0,False,False
1617,1031.3247863247864,458.982905982906,49.432500000000005,7.933436443000028,4.888888888888889,17841.0,False,False
1618,1032.6854838709678,553.3548387096774,52.39000000000001,8.167314108608483,5.088709677419355,18575.0,False,False
1619,1030.547619047619,822.2261904761905,35.49,6.722147829574334,10.154761904761905,34432.0,False,False
1620,1031.3551401869158,833.1495327102804,45.2075,7.586829161027343,9.280373831775702,38161.0,False,False
1621,1032.0470588235294,447.0470588235294,35.9125,6.762042232218129,5.435294117647059,17832.0,False,False
1622,1032.0359712230215,770.0215827338129,58.727500000000006,8.647206217237697,8.582733812949641,31763.0,False,False
1623,1032.7272727272727,1097.5454545454545,32.532500000000006,6.4359665543799,11.402597402597403,44341.0,False,False
1624,1035.2108843537414,512.7210884353741,62.10750000000001,8.892565716633143,5.517006802721088,19358.0,False,False
1625,1034.012658227848,630.8987341772151,33.377500000000005,6.519014718835807,5.6075949367088604,20589.0,False,False
1626,1036.3241379310346,644.7310344827587,61.2625,8.831864899857669,6.372413793103449,21560.0,False,False
1627,1033.9166666666667,1199.4464285714287,70.98,9.506552628860888,13.702380952380953,48678.0,False,False
1628,1035.121951219512,1150.0243902439024,34.645,6.641640160935379,17.804878048780488,78856.0,False,False
1629,1037.8315789473684,543.4421052631579,40.1375,7.148751795020415,4.6,17252.0,False,False
1630,1040.8461538461538,320.2307692307692,65.91000000000001,9.160743331929707,4.621794871794871,16049.0,False,False
1631,1040.4923076923078,912.1307692307693,54.925000000000004,8.362576277354894,11.86923076923077,49688.0,False,False
1632,1039.4429223744291,1064.420091324201,92.5275,10.854016398342266,14.342465753424657,45987.0,False,False
1633,1040.6173913043478,436.62608695652176,48.587500000000006,7.8653370162898755,5.426086956521739,18777.0,False,False
1634,1041.3366336633662,841.2277227722773,42.67250000000001,7.371045683803026,10.01980198019802,43063.0,False,False
1635,1039.0140845070423,929.5774647887324,29.997500000000002,6.180129710871209,17.760563380281692,49905.0,False,False
1636,1041.1078431372548,1080.9901960784314,43.095000000000006,7.407446130776911,12.049019607843137,43794.0,False,False
1637,1041.8671328671328,1114.5314685314686,60.417500000000004,8.770743993187619,10.482517482517483,58329.0,False,False
1638,1043.6129032258063,504.8306451612903,52.39000000000001,8.167314108608483,5.016129032258065,19596.0,False,False
1639,1042.5405405405406,658.2162162162163,46.89750000000001,7.727337934192946,5.882882882882883,22025.0,False,False
1640,1045.8148148148148,936.358024691358,34.222500000000004,6.601018127508749,25.88888888888889,48369.0,False,False
1641,1046.5151515151515,955.1515151515151,41.82750000000001,7.297700121093632,15.090909090909092,52720.0,False,True
1642,1043.71875,1221.28125,13.520000000000001,4.148999716174901,21.96875,53120.0,False,False
1643,1045.5079365079366,128.84126984126985,26.617500000000003,5.8215507884058,7.158730158730159,20596.0,False,False
1644,1045.7586206896551,1181.9655172413793,24.505000000000003,5.58576181408903,12.948275862068966,58715.0,False,False
1645,1048.9268292682927,1088.121951219512,51.96750000000001,8.134314724734013,11.382113821138212,42728.0,False,False
1646,1047.6065573770493,346.5245901639344,25.7725,5.728399965669906,4.39344262295082,16497.0,False,False
1647,1048.054794520548,558.2465753424658,30.842500000000005,6.266569289371519,4.945205479452055,16580.0,False,False
1648,1048.915254237288,444.96610169491527,24.927500000000002,5.633709146857493,6.084745762711864,18649.0,False,False
1649,1049.0394736842106,546.1578947368421,32.11000000000001,6.394037987175715,4.934210526315789,15971.0,False,False
1650,1048.3684210526317,1130.4736842105262,16.055000000000003,4.5212676198963315,17.736842105263158,77072.0,False,False
1651,1050.126984126984,1253.3492063492063,26.617500000000003,5.8215507884058,27.19047619047619,40957.0,False,False
1652,1053.2967741935483,778.5290322580645,65.48750000000001,9.131334770220834,8.529032258064516,29382.0,False,False
1653,1052.25,814.725,50.7,8.034503402082343,7.8,29875.0,False,False
1654,1053.4193548387098,1065.6935483870968,52.39000000000001,8.167314108608483,11.088709677419354,41866.0,False,False
1655,1051.7884615384614,1226.8846153846155,21.970000000000002,5.288957628666685,13.115384615384615,56580.0,False,False
1656,1055.1711711711712,636.0990990990991,46.89750000000001,7.727337934192946,8.126126126126126,19317.0,False,False
1657,1053.3493975903614,797.8795180722891,35.0675,6.682015245043993,10.662650602409638,28750.0,False,False
1658,1057.3741007194244,1079.5107913669065,58.727500000000006,8.647206217237697,11.496402877697841,42643.0,False,False
1659,1055.7985611510792,1105.2589928057555,58.727500000000006,8.647206217237697,15.446043165467627,45559.0,False,False
1660,1055.1810344827586,318.86206896551727,49.010000000000005,7.8994601136704485,4.681034482758621,16417.0,False,False
1661,1056.2796610169491,549.1949152542373,49.855000000000004,7.967267881951225,4.338983050847458,15129.0,False,False
1662,1061.956937799043,826.6794258373205,88.30250000000001,10.603312449370561,8.239234449760765,30181.0,False,False
1663,1055.5416666666667,921.3888888888889,30.42,6.223499574262349,9.48611111111111,43250.0,False,False
1664,1055.974358974359,116.3974358974359,32.955000000000005,6.477623730716943,6.371794871794871,23302.0,False,False
1665,1057.559633027523,683.0733944954128,46.0525,7.6574058357851245,6.293577981651376,21681.0,False,False
1666,1056.0,1141.7272727272727,18.590000000000003,4.865133414062422,78.38636363636364,87459.0,True,True
1667,1057.0116279069769,286.19767441860466,36.335,6.801702644040839,4.976744186046512,16782.0,False,False
1668,1058.2168674698796,437.66265060240966,35.0675,6.682015245043993,7.024096385542169,19395.0,False,False
1669,1059.679487179487,127.46153846153847,32.955000000000005,6.477623730716943,7.512820512820513,23374.0,False,False
1670,1059.2372881355932,1211.3050847457628,24.927500000000002,5.633709146857493,14.05084745762712,53758.0,False,False
1671,1061.1066666666666,509.93333333333334,31.687500000000004,6.351832654737959,4.8533333333333335,17235.0,False,False
1672,1061.8766233766235,526.9675324675325,65.06500000000001,9.101831188183693,4.402597402597403,14564.0,False,False
1673,1062.1122448979593,647.3877551020408,41.405,7.260749503306075,6.071428571428571,20234.0,False,False
1674,1060.15625,99.375,13.520000000000001,4.148999716174901,8.0,24761.0,False,False
1675,1061.8924731182797,477.4516129032258,39.292500000000004,7.073101498742004,7.032258064516129,19121.0,False,False
1676,1064.3732394366198,931.887323943662,59.995000000000005,8.740023254338977,11.380281690140846,41261.0,False,False
1677,1065.607594936709,667.0759493670886,33.377500000000005,6.519014718835807,8.037974683544304,20086.0,False,False
1678,1067.2347826086957,298.6521739130435,48.587500000000006,7.8653370162898755,5.017391304347826,16099.0,False,False
1679,1067.5405405405406,309.97297297297297,46.89750000000001,7.727337934192946,5.468468468468468,15837.0,False,False
1680,1066.6396396396397,447.7117117117117,46.89750000000001,7.727337934192946,6.351351351351352,17602.0,False,False
1681,1069.6764705882354,811.2549019607843,43.095000000000006,7.407446130776911,7.411764705882353,25033.0,False,False
1682,1068.3295454545455,490.1136363636364,37.18000000000001,6.880337656921596,4.715909090909091,16949.0,False,False
1683,1067.2711864406779,848.2372881355932,24.927500000000002,5.633709146857493,14.305084745762711,33421.0,False,False
1684,1067.0,1039.235294117647,7.182500000000001,3.0240772195928307,8.529411764705882,39420.0,False,False
1685,1069.6461538461538,1138.4769230769232,27.462500000000002,5.913234393907399,23.138461538461538,86993.0,False,False
1686,1070.457627118644,324.6779661016949,49.855000000000004,7.967267881951225,5.3474576271186445,15277.0,False,False
1687,1069.7777777777778,675.1428571428571,26.617500000000003,5.8215507884058,6.142857142857143,19032.0,False,False
1688,1071.6081081081081,1063.3581081081081,62.53000000000001,8.922761272851007,12.128378378378379,35087.0,False,False
1689,1072.0845070422536,343.5774647887324,59.995000000000005,8.740023254338977,5.5,14636.0,False,False
1690,1072.9851851851852,1087.8074074074075,57.03750000000001,8.521877758618217,13.866666666666667,37084.0,False,False
1691,1073.5288461538462,642.7403846153846,43.940000000000005,7.479715609277069,5.5673076923076925,17046.0,False,False
1692,1073.2456140350878,770.9473684210526,72.2475,9.591056980763573,8.842105263157896,23522.0,False,False
1693,1075.3349056603774,1099.2075471698113,89.57000000000001,10.679141633199201,12.429245283018869,37540.0,False,False
1694,1072.8987341772151,135.0126582278481,33.377500000000005,6.519014718835807,8.924050632911392,22215.0,False,False
1695,1073.4745762711864,422.6779661016949,49.855000000000004,7.967267881951225,5.593220338983051,16589.0,False,False
1696,1074.873873873874,950.9009009009009,46.89750000000001,7.727337934192946,10.864864864864865,36477.0,False,False
1697,1074.875,304.96875,27.040000000000003,5.867571668896666,6.046875,14166.0,False,False
1698,1079.24064171123,516.8930481283422,79.00750000000001,10.029729474450614,4.165775401069519,10502.0,False,False
1699,1076.982905982906,554.0940170940171,49.432500000000005,7.933436443000028,3.5042735042735043,11215.0,False,False
1700,1076.0289855072465,657.4347826086956,29.152500000000003,6.092463855279885,8.18840579710145,16733.0,False,False
1701,1079.920792079208,284.970297029703,42.67250000000001,7.371045683803026,5.643564356435643,13452.0,False,False
1702,1081.2206896551725,789.3241379310344,61.2625,8.831864899857669,6.503448275862069,18370.0,False,False
1703,1080.5597014925372,479.4179104477612,56.61500000000001,8.490256581822557,4.104477611940299,12881.0,False,False
1704,1083.2565789473683,448.8355263157895,64.22000000000001,9.042535239792663,5.631578947368421,12224.0,False,False
1705,1082.6951219512196,646.6829268292682,34.645,6.641640160935379,6.365853658536586,13676.0,False,False
1706,1080.945945945946,492.43243243243245,15.632500000000002,4.4613806364255035,4.702702702702703,11840.0,False,False
1707,1081.5869565217392,629.6739130434783,19.435000000000002,4.974475907261778,4.934782608695652,12549.0,False,False
1708,1082.6271186440679,668.542372881356,49.855000000000004,7.967267881951225,6.271186440677966,13851.0,False,False
1709,1084.1164383561643,821.6849315068494,61.68500000000001,8.86226727857993,9.575342465753424,18393.0,False,False
1710,1084.5806451612902,1107.4032258064517,52.39000000000001,8.167314108608483,13.266129032258064,33323.0,False,False
1711,1081.4285714285713,82.22857142857143,14.787500000000001,4.339127765780955,7.885714285714286,20278.0,False,False
1712,1081.9411764705883,1240.1568627450981,21.547500000000003,5.237855390346407,16.647058823529413,33098.0,False,False
1713,1085.6792452830189,330.0566037735849,44.785000000000004,7.5512934660867375,4.943396226415095,10597.0,False,False
1714,1086.351851851852,1066.0925925925926,68.44500000000001,9.335249361393526,9.191358024691358,24571.0,False,False
1715,1086.9545454545455,1254.25,37.18000000000001,6.880337656921596,14.875,20414.0,False,False
1716,1088.5820895522388,293.05970149253733,28.307500000000005,6.003518003020447,5.2835820895522385,10401.0,False,False
1717,1088.3023255813953,971.2325581395348,18.1675,4.809530063215748,10.279069767441861,22748.0,False,False
1718,1089.111111111111,922.1851851851852,11.4075,3.8110995928427753,9.222222222222221,18263.0,False,False
