label,centroid_y,centroid_x,area_um2,diameter_um,wfa_sum_intensity,wfa_mean_intensity,wfa_pericellular_intensity,wfa_intensity_norm,wfa_pericellular_norm,pv_intensity_norm,is_pnn_plus,is_pv_plus,pv_label,cell_type,pv_area_um2,pv_diameter_um,pnn_area_um2,pnn_diameter_um,score,is_in_roi,roi_region
1,571,315,296.31705237,19.42376350908454,53822.0,144.29490616621985,127.39516129032258,6.209019462050626,5.481822309870757,4.994352601780036,True,True,118,PV+/PNN+,197.80950681,15.870062583211556,296.31705237,19.42376350908454,2.4324705600738525,False,NONE
2,455,412,296.31705237,19.42376350908454,13447.0,36.05093833780161,29.798387096774192,1.5512742875811891,1.282226589540574,3.7839067003172895,True,True,72,PV+/PNN+,233.55821286,17.244580383732874,296.31705237,19.42376350908454,2.096048593521118,False,NONE
3,539,273,296.31705237,19.42376350908454,45944.0,123.17426273458445,144.45967741935485,5.300196762744862,6.216109580092098,5.081395169970327,True,True,102,PV+/PNN+,180.33236163,15.152765226941185,296.31705237,19.42376350908454,0.7921450138092041,False,NONE
4,455,76,296.31705237,19.42376350908454,48505.0,130.0402144772118,115.59677419354838,5.595639125390465,4.974136924079726,2.0743515408045936,True,False,-1,PV-/PNN+,0.0,0.0,296.31705237,19.42376350908454,1.442020058631897,False,NONE
5,244,245,296.31705237,19.42376350908454,29180.0,78.23056300268097,87.84677419354838,3.366266357672276,3.7800525682991806,6.42908796734361,True,True,7,PV+/PNN+,289.16731116,19.187997696832507,296.31705237,19.42376350908454,2.855008363723755,False,NONE
6,575,533,296.31705237,19.42376350908454,12993.0,34.833780160857906,25.75,1.4988998898298793,1.108024222030596,2.4098077305716727,True,True,121,PV+/PNN+,135.05066730000001,13.113041224263421,296.31705237,19.42376350908454,0.5402953624725342,False,NONE
7,567,381,296.31705237,19.42376350908454,18516.0,49.64075067024129,40.25,2.136044821064423,1.7319601917177279,2.9953075525558073,True,True,116,PV+/PNN+,137.43391437,13.228238528376714,296.31705237,19.42376350908454,0.955707311630249,False,NONE
8,330,88,296.31705237,19.42376350908454,56589.0,151.71313672922253,103.98387096774194,6.528226419270612,4.474432921660666,4.789949267490474,True,True,30,PV+/PNN+,162.85521645,14.399781305649903,296.31705237,19.42376350908454,1.5783171653747559,False,NONE
9,374,323,296.31705237,19.42376350908454,21033.0,56.388739946380696,39.25,2.4264112508883136,1.6889301248427533,3.696864132126998,True,True,43,PV+/PNN+,127.1065104,12.721518597815718,296.31705237,19.42376350908454,1.0985591411590576,False,NONE
10,424,257,296.31705237,19.42376350908454,18919.0,50.72117962466488,39.846774193548384,2.182535751226929,1.7146093583003994,4.473401201150499,True,True,56,PV+/PNN+,146.96690265,13.679330108642857,296.31705237,19.42376350908454,1.3896058797836304,False,NONE
11,319,166,296.31705237,19.42376350908454,34858.0,93.45308310991958,69.91129032258064,4.0212924158923995,3.00828749789641,4.043730396375951,True,True,24,PV+/PNN+,170.79937335,14.746813769937054,296.31705237,19.42376350908454,0.444722056388855,False,NONE
12,500,328,296.31705237,19.42376350908454,45126.0,120.98123324396782,91.6774193548387,5.205830557104837,3.944885485763801,2.14802802174469,True,False,-1,PV-/PNN+,0.0,0.0,296.31705237,19.42376350908454,1.3542529344558716,False,NONE
13,473,120,296.31705237,19.42376350908454,33156.0,88.89008042895442,90.59677419354838,3.82494610537978,3.898385252205361,3.1351624654907706,True,True,73,PV+/PNN+,116.77910643,12.19375972805403,296.31705237,19.42376350908454,0.9270131587982178,False,NONE
14,278,105,296.31705237,19.42376350908454,36275.0,97.2520107238606,93.64516129032258,4.184760525173469,4.029557552840364,4.634120250280888,True,True,11,PV+/PNN+,198.6039225,15.90189824726965,296.31705237,19.42376350908454,1.371151328086853,False,NONE
15,487,16,296.31705237,19.42376350908454,43623.0,116.95174262734585,125.41935483870968,5.032441306399511,5.396803226125847,1.94003866404654,True,False,-1,PV-/PNN+,0.0,0.0,296.31705237,19.42376350908454,0.49005627632141113,False,NONE
16,300,383,296.31705237,19.42376350908454,13790.0,36.970509383378015,22.04032258064516,1.5908434911686322,0.9483965545911741,2.940539195042815,True,True,16,PV+/PNN+,136.63949868,13.18995121644368,296.31705237,19.42376350908454,-0.45275095105171204,False,NONE
17,324,57,296.31705237,19.42376350908454,29359.0,78.71045576407506,71.91935483870968,3.3869161752878805,3.094694648314706,4.570875837438504,True,True,26,PV+/PNN+,141.40599282,13.418036440588484,296.31705237,19.42376350908454,0.4994511008262634,False,NONE
18,365,216,296.31705237,19.42376350908454,29788.0,79.86058981233244,50.32258064516129,3.4364065202995806,2.165384010482593,1.78844767450165,True,False,-1,PV-/PNN+,0.0,0.0,296.31705237,19.42376350908454,1.160140872001648,False,NONE
19,302,39,296.31705237,19.42376350908454,46201.0,123.8632707774799,105.18548387096774,5.329844824908048,4.526138405244305,1.7776896042758836,True,False,-1,PV-/PNN+,0.0,0.0,296.31705237,19.42376350908454,1.3450984954833984,False,NONE
20,519,553,296.31705237,19.42376350908454,7439.0,19.943699731903486,15.14516129032258,0.8581787331982201,0.6516973031548573,1.795293719190774,True,True,90,PV+/PNN+,119.1623535,12.317557416952052,296.31705237,19.42376350908454,-0.301762193441391,False,NONE
21,236,406,296.31705237,19.42376350908454,7498.0,20.10187667560322,11.35483870967742,0.8649850976636987,0.48859946903196977,2.488048241304519,True,True,5,PV+/PNN+,140.61157713,13.380292240810528,296.31705237,19.42376350908454,0.7380234599113464,False,NONE
22,329,294,296.31705237,19.42376350908454,18666.0,50.042895442359246,37.25806451612903,2.1533491375020803,1.6032170077611507,1.6410947126214557,True,False,-1,PV-/PNN+,0.0,0.0,296.31705237,19.42376350908454,0.5623369216918945,False,NONE
23,247,322,296.31705237,19.42376350908454,14821.0,39.734584450402146,29.54032258064516,1.7097818261501305,1.2711220561534837,2.2197484899164666,True,True,8,PV+/PNN+,122.34001626,12.48071098158173,296.31705237,19.42376350908454,0.10120397806167603,False,NONE
24,395,192,296.31705237,19.42376350908454,18936.0,50.76675603217158,40.04032258064516,2.1844969070898634,1.722937758340717,4.03818836019904,True,True,48,PV+/PNN+,150.14456541,13.82642390884524,296.31705237,19.42376350908454,0.7429389953613281,False,NONE
25,452,209,296.31705237,19.42376350908454,22671.0,60.78016085790885,61.88709677419355,2.615374386387532,2.663005912891574,2.144115996208048,True,False,-1,PV-/PNN+,0.0,0.0,296.31705237,19.42376350908454,0.5434240698814392,False,NONE
26,514,23,296.31705237,19.42376350908454,31411.0,84.21179624664879,80.06451612903226,3.623639224155033,3.445181483344741,1.9661188342908225,True,False,-1,PV-/PNN+,0.0,0.0,296.31705237,19.42376350908454,-0.01735653355717659,False,NONE
27,419,76,296.31705237,19.42376350908454,19244.0,51.59249329758713,63.145161290322584,2.2200284368418535,2.717140513153639,1.9136324916742042,True,False,-1,PV-/PNN+,0.0,0.0,296.31705237,19.42376350908454,-0.5476575493812561,False,NONE
28,530,301,296.31705237,19.42376350908454,24829.0,66.5656836461126,80.25806451612904,2.864325818870629,3.4535098833850593,2.711685701149239,True,False,-1,PV-/PNN+,0.0,0.0,296.31705237,19.42376350908454,-0.45939457416534424,False,NONE
29,533,735,296.31705237,19.42376350908454,48731.0,130.64611260053618,85.43548387096774,5.621710962156535,3.6762945844635566,1.7108591680249106,True,False,-1,PV-/PNN+,0.0,0.0,296.31705237,19.42376350908454,1.9316474199295044,False,NONE
30,306,821,296.31705237,19.42376350908454,8226.0,22.053619302949063,16.379032258064516,0.9489687134411291,0.7047908534118825,4.399398718082349,True,True,18,PV+/PNN+,175.56586749,14.951167352217066,296.31705237,19.42376350908454,1.5052164793014526,False,NONE
31,346,922,296.31705237,19.42376350908454,9236.0,24.761394101876675,17.048387096774192,1.0654844441213551,0.7335932368846477,4.078612624077678,True,True,32,PV+/PNN+,180.33236163,15.152765226941185,296.31705237,19.42376350908454,2.2078006267547607,False,NONE
32,470,839,296.31705237,19.42376350908454,27433.0,73.54691689008042,50.814516129032256,3.1647287522283603,2.1865520272517336,2.862624686438022,True,True,75,PV+/PNN+,181.12677732,15.186104684686722,296.31705237,19.42376350908454,1.810530185699463,False,NONE
33,411,1036,296.31705237,19.42376350908454,22392.0,60.03217158176944,45.29838709677419,2.5831883578134893,1.9491926261026804,1.8252859149716985,True,False,-1,PV-/PNN+,0.0,0.0,296.31705237,19.42376350908454,1.420700192451477,False,NONE
34,571,754,296.31705237,19.42376350908454,37322.0,100.05898123324397,63.95967741935484,4.305544653908317,2.752189196656642,3.1253824016491647,True,True,119,PV+/PNN+,163.64963214,14.434859996619657,296.31705237,19.42376350908454,1.2594895362854004,False,NONE
35,511,1076,296.31705237,19.42376350908454,39458.0,105.78552278820375,73.66935483870968,4.551958119980558,3.169997265345912,2.846650582163399,True,True,85,PV+/PNN+,216.08106768,16.586830928142092,296.31705237,19.42376350908454,1.3418762683868408,False,NONE
36,501,1119,296.31705237,19.42376350908454,21737.0,58.27613941018767,49.91129032258065,2.5076261760357186,2.147686160396918,2.6849535266488496,True,True,83,PV+/PNN+,212.10898923,16.4336713147562,296.31705237,19.42376350908454,1.4080606698989868,False,NONE
37,559,982,296.31705237,19.42376350908454,40448.0,108.4396782841823,76.30645161290323,4.666166608469096,3.28347171589524,2.2829929027588505,True,True,114,PV+/PNN+,176.36028318,14.984955344126575,296.31705237,19.42376350908454,1.3033431768417358,False,NONE
38,571,923,296.31705237,19.42376350908454,35586.0,95.40482573726541,76.45967741935483,4.105276031669829,3.2900650325938243,2.758304005460893,True,True,120,PV+/PNN+,170.79937335,14.746813769937054,296.31705237,19.42376350908454,1.7901028394699097,False,NONE
39,429,1105,296.31705237,19.42376350908454,11255.0,30.17426273458445,23.387096774193548,1.298400543372223,1.0063483382050513,2.379815534790748,True,True,59,PV+/PNN+,208.13691078,16.279070781961433,296.31705237,19.42376350908454,0.2593500316143036,False,NONE
40,392,824,296.31705237,19.42376350908454,8041.0,21.55764075067024,22.491935483870968,0.9276267231680183,0.9678294880185822,3.5817853809241025,True,True,47,PV+/PNN+,204.95924802,16.154325106244645,296.31705237,19.42376350908454,0.3919064998626709,False,NONE
41,284,887,296.31705237,19.42376350908454,6635.0,17.788203753351205,16.766129032258064,0.7654275970923766,0.7214476534925178,3.421066331793714,True,True,13,PV+/PNN+,241.50236976,17.53540325529143,296.31705237,19.42376350908454,-0.06736306846141815,False,NONE
42,287,1068,296.31705237,19.42376350908454,7776.0,20.847184986595174,15.548387096774194,0.8970557641281569,0.6690481365721859,2.502066332810821,True,True,14,PV+/PNN+,153.32222817,13.97196922387648,296.31705237,19.42376350908454,-0.30795079469680786,False,NONE
43,473,898,296.31705237,19.42376350908454,18242.0,48.90616621983914,60.46774193548387,2.1044356030383025,2.6019309792625775,1.5550301508153246,True,False,-1,PV-/PNN+,0.0,0.0,296.31705237,19.42376350908454,-0.06386971473693848,False,NONE
44,497,749,296.31705237,19.42376350908454,14786.0,39.64075067024129,37.32258064516129,1.7057441523146772,1.6059931411079231,3.1742827208571938,True,True,82,PV+/PNN+,156.49989093,14.116013951495507,296.31705237,19.42376350908454,0.1428050845861435,False,NONE
45,319,1134,296.31705237,19.42376350908454,9120.0,24.450402144772116,16.29032258064516,1.0521024394095668,0.7009736700600702,2.50663036260357,True,True,25,PV+/PNN+,103.2740397,11.467021901548332,296.31705237,19.42376350908454,-0.5702366828918457,False,NONE
46,473,1329,296.31705237,19.42376350908454,20398.0,54.68632707774799,36.79838709677419,2.353156311302231,1.5834370576653962,2.7625420331255888,True,True,76,PV+/PNN+,173.97703611,14.883361255142246,296.31705237,19.42376350908454,2.7509751319885254,False,NONE
47,428,1437,296.31705237,19.42376350908454,7010.0,18.79356568364611,16.653225806451612,0.80868838818652,0.7165894201356658,3.1896048208757097,True,True,58,PV+/PNN+,193.04301267,15.67769107892661,296.31705237,19.42376350908454,0.18244856595993042,False,NONE
48,553,1553,296.31705237,19.42376350908454,24740.0,66.32707774798928,44.403225806451616,2.8540585911176186,1.9106737759162113,1.8018137617518446,True,True,112,PV+/PNN+,108.83494953,11.77170172875832,296.31705237,19.42376350908454,1.5208462476730347,False,NONE
49,521,1614,296.31705237,19.42376350908454,19761.0,52.97855227882037,40.11290322580645,2.279670647496979,1.726060908355836,1.7763855957636694,True,True,91,PV+/PNN+,105.65728677,11.598579038183399,296.31705237,19.42376350908454,1.74683678150177,False,NONE
50,488,1550,296.31705237,19.42376350908454,21950.0,58.847184986595174,51.596774193548384,2.532198305377192,2.220212644081351,2.094563672743912,True,True,78,PV+/PNN+,182.7156087,15.252564978953412,296.31705237,19.42376350908454,0.5346200466156006,False,NONE
51,559,1445,296.31705237,19.42376350908454,17743.0,47.56836461126005,35.983870967741936,2.0468699103556953,1.5483883741623927,3.2310070911385074,True,True,111,PV+/PNN+,142.20040851,13.455674765407588,296.31705237,19.42376350908454,1.0266461372375488,False,NONE
52,572,1631,296.31705237,19.42376350908454,16201.0,43.4343163538874,34.274193548387096,1.868981537376578,1.47482084047292,1.8438680362707494,True,False,-1,PV-/PNN+,0.0,0.0,296.31705237,19.42376350908454,0.18917976319789886,False,NONE
53,531,1265,296.31705237,19.42376350908454,17883.0,47.943699731903486,50.54032258064516,2.0630206056975093,2.1747534605279504,2.1098857727624276,True,False,-1,PV-/PNN+,0.0,0.0,296.31705237,19.42376350908454,1.3550001382827759,False,NONE
54,512,1329,296.31705237,19.42376350908454,13054.0,34.997319034852545,23.81451612903226,1.5059369785145267,1.0247402216274195,2.8772947822004307,True,True,86,PV+/PNN+,152.52781248,13.935725403490322,296.31705237,19.42376350908454,-0.16831058263778687,False,NONE
55,517,1388,296.31705237,19.42376350908454,7813.0,20.946380697050937,17.653225806451612,0.9013241621827791,0.7596194870106404,3.9938520707837606,True,True,87,PV+/PNN+,198.6039225,15.90189824726965,296.31705237,19.42376350908454,0.4065321981906891,False,NONE
56,482,1511,296.31705237,19.42376350908454,7791.0,20.88739946380697,15.024193548387096,0.8987861957719228,0.6464920531296587,1.3832270293311155,True,False,-1,PV-/PNN+,0.0,0.0,296.31705237,19.42376350908454,-0.562885582447052,False,NONE
57,373,1392,296.31705237,19.42376350908454,4833.0,12.95710455764075,10.403225806451612,0.5575450756213198,0.4476515021670745,1.643702729645884,True,True,42,PV+/PNN+,120.75118488,12.39940255265723,296.31705237,19.42376350908454,-1.632933497428894,False,NONE
58,520,1555,296.31705237,19.42376350908454,7732.0,20.72922252010724,25.548387096774192,0.8919798313064442,1.0993488053219318,1.5377520380284877,True,False,-1,PV-/PNN+,0.0,0.0,296.31705237,19.42376350908454,0.273754745721817,False,NONE
59,546,1817,296.31705237,19.42376350908454,16054.0,43.0402144772118,34.193548387096776,1.852023307267674,1.4713506737894544,2.1431379898238876,True,True,105,PV+/PNN+,185.89327146,15.384624282804582,296.31705237,19.42376350908454,1.4588247537612915,False,NONE
60,1017,503,296.31705237,19.42376350908454,13308.0,35.67828418230563,25.056451612903224,1.53523895434896,1.0781807885527912,1.964162821522501,True,True,378,PV+/PNN+,200.98716957,15.99702510721652,296.31705237,19.42376350908454,1.364780306816101,False,NONE
61,884,89,296.31705237,19.42376350908454,80839.0,216.7265415549598,221.9516129032258,9.325757576691883,9.550592746234283,2.356995385827001,True,True,286,PV+/PNN+,188.27651853,15.482929591568213,296.31705237,19.42376350908454,2.2939300537109375,False,NONE
62,1009,327,296.31705237,19.42376350908454,18726.0,50.20375335120644,29.088709677419356,2.1602708640771437,1.251689122726076,0.9812664054411168,True,False,-1,PV-/PNN+,0.0,0.0,296.31705237,19.42376350908454,2.2880070209503174,False,NONE
63,1054,139,296.31705237,19.42376350908454,41576.0,111.46380697050938,82.00806451612904,4.79629506808028,3.5288125004162647,2.672239443654762,True,True,426,PV+/PNN+,198.6039225,15.90189824726965,296.31705237,19.42376350908454,1.5382894277572632,False,NONE
64,772,235,296.31705237,19.42376350908454,56991.0,152.79088471849866,99.5241935483871,6.5746019873235335,4.282532704065013,1.5840443402120885,True,False,-1,PV-/PNN+,0.0,0.0,296.31705237,19.42376350908454,2.593190908432007,False,NONE
65,886,283,296.31705237,19.42376350908454,21841.0,58.55495978552279,48.274193548387096,2.5196238354324945,2.0772417767225644,2.618775094653983,True,True,290,PV+/PNN+,178.74353025,15.085865274483455,296.31705237,19.42376350908454,0.9142799377441406,False,NONE
66,972,22,296.31705237,19.42376350908454,63111.0,169.19839142091152,158.82258064516128,7.280618097979953,6.834146266417338,1.4363653762038406,True,False,-1,PV-/PNN+,0.0,0.0,296.31705237,19.42376350908454,1.5985068082809448,False,NONE
67,787,121,296.31705237,19.42376350908454,70847.0,189.93833780160858,182.55645161290323,8.173059377724735,7.855416321361292,1.6906470360855919,True,False,-1,PV-/PNN+,0.0,0.0,296.31705237,19.42376350908454,1.94257390499115,False,NONE
68,834,572,296.31705237,19.42376350908454,25482.0,68.31635388739946,41.975806451612904,2.93965727642923,1.8062217587438938,1.902874421448438,True,True,248,PV+/PNN+,65.14208658,9.107221346833388,296.31705237,19.42376350908454,2.061199426651001,False,NONE
69,789,339,296.31705237,19.42376350908454,34887.0,93.53083109919571,69.11290322580645,4.024637917070346,2.9739328477301,2.9910695248911114,True,True,221,PV+/PNN+,171.59378904,14.781068900342463,296.31705237,19.42376350908454,1.8153108358383179,False,NONE
70,807,170,296.31705237,19.42376350908454,48130.0,129.03485254691688,109.35483870967742,5.552378334296321,4.705546022779481,1.7157491999457133,True,False,-1,PV-/PNN+,0.0,0.0,296.31705237,19.42376350908454,2.530787706375122,False,NONE
71,702,526,296.31705237,19.42376350908454,15944.0,42.74530831099196,38.57258064516129,1.8393334752133919,1.6597807247016414,3.9977640963204033,True,True,177,PV+/PNN+,311.41095048,19.91232625322063,296.31705237,19.42376350908454,1.0172979831695557,False,NONE
72,808,82,296.31705237,19.42376350908454,57874.0,155.15817694369974,136.83870967741936,6.676466730086543,5.88817882850459,1.705643133976054,True,False,-1,PV-/PNN+,0.0,0.0,296.31705237,19.42376350908454,1.0121231079101562,False,NONE
73,855,60,296.31705237,19.42376350908454,43244.0,115.93565683646112,134.2258064516129,4.988719066867029,5.775745427960301,1.602300459383086,True,False,-1,PV-/PNN+,0.0,0.0,296.31705237,19.42376350908454,1.05508291721344,False,NONE
74,644,443,296.31705237,19.42376350908454,15003.0,40.22252010723861,42.274193548387096,1.7307777300944882,1.8190613754727167,3.320331674225174,True,True,150,PV+/PNN+,169.21054197,14.678063680958498,296.31705237,19.42376350908454,1.2364686727523804,False,NONE
75,906,316,296.31705237,19.42376350908454,20759.0,55.65415549597855,40.145161290322584,2.3948020328621924,1.7274489750292226,1.7444373872144239,True,False,-1,PV-/PNN+,0.0,0.0,296.31705237,19.42376350908454,-0.6131150722503662,False,NONE
76,770,490,296.31705237,19.42376350908454,13663.0,36.630026809651476,33.806451612903224,1.5761925032514157,1.4546938737088189,3.4993068425265603,True,True,211,PV+/PNN+,193.83742836,15.709916582774115,296.31705237,19.42376350908454,-0.256602019071579,False,NONE
77,653,170,296.31705237,19.42376350908454,27454.0,73.60321715817695,64.69354838709677,3.1671513565296325,2.7837677134761796,3.2006888932295294,True,True,157,PV+/PNN+,158.883138,14.223090180871878,296.31705237,19.42376350908454,0.7127097845077515,False,NONE
78,866,338,296.31705237,19.42376350908454,8682.0,23.276139410187668,21.282258064516128,1.0015738354116073,0.9157769877665967,2.188452285623328,True,True,267,PV+/PNN+,127.1065104,12.721518597815718,296.31705237,19.42376350908454,-0.31202107667922974,False,NONE
79,1077,18,296.31705237,19.42376350908454,29074.0,77.94638069705094,86.58870967741936,3.354037974056332,3.725917968037116,1.5028698103267601,True,False,-1,PV-/PNN+,0.0,0.0,296.31705237,19.42376350908454,0.2264927178621292,False,NONE
80,965,157,296.31705237,19.42376350908454,22744.0,60.975871313672926,53.0,2.623795820387192,2.2805935443736542,1.6736949254268083,True,False,-1,PV-/PNN+,0.0,0.0,296.31705237,19.42376350908454,0.24445149302482605,False,NONE
81,996,90,296.31705237,19.42376350908454,23283.0,62.420911528150135,64.45967741935483,2.685975997453174,2.773704230094129,2.1105377770185347,True,True,356,PV+/PNN+,180.33236163,15.152765226941185,296.31705237,19.42376350908454,0.16034647822380066,False,NONE
82,785,24,296.31705237,19.42376350908454,29563.0,79.25737265415549,92.9274193548387,3.410450045643094,3.998673069357519,1.811267823465397,True,False,-1,PV-/PNN+,0.0,0.0,296.31705237,19.42376350908454,-0.18691831827163696,False,NONE
83,714,46,296.31705237,19.42376350908454,42408.0,113.69436997319035,89.33064516129032,4.892276343254486,3.843903635274949,1.8458240490390707,True,False,-1,PV-/PNN+,0.0,0.0,296.31705237,19.42376350908454,0.1698428988456726,False,NONE
84,1103,51,296.31705237,19.42376350908454,27967.0,74.97855227882037,64.68548387096774,3.2263321187464205,2.783420696807833,1.5445980827176116,True,False,-1,PV-/PNN+,0.0,0.0,296.31705237,19.42376350908454,-0.8890552520751953,False,NONE
85,742,18,296.31705237,19.42376350908454,42631.0,114.29222520107238,113.60483870967742,4.918002093691803,4.888423806998124,1.8934203597348855,True,False,-1,PV-/PNN+,0.0,0.0,296.31705237,19.42376350908454,-1.0010552406311035,False,NONE
86,1012,248,296.31705237,19.42376350908454,19760.0,52.975871313672926,34.87096774193548,2.279555285387395,1.500500073930566,2.339065268784057,True,False,-1,PV-/PNN+,0.0,0.0,296.31705237,19.42376350908454,0.0672680139541626,False,NONE
87,670,418,296.31705237,19.42376350908454,13873.0,37.193029490616624,34.46774193548387,1.600418546264136,1.4831492405132378,2.931411135457316,True,True,169,PV+/PNN+,174.7714518,14.917302830020427,296.31705237,19.42376350908454,0.027155544608831406,False,NONE
88,1134,17,296.31705237,19.42376350908454,41477.0,111.19839142091153,108.54032258064517,4.784874219231426,4.670497339276478,1.4624455464481227,True,False,-1,PV-/PNN+,0.0,0.0,296.31705237,19.42376350908454,0.7814327478408813,False,NONE
89,997,159,296.31705237,19.42376350908454,20579.0,55.171581769437,52.37096774193548,2.374036853137004,2.2535262442426216,2.2396346197277315,True,True,357,PV+/PNN+,212.90340492,16.464417218744998,296.31705237,19.42376350908454,-0.46955394744873047,False,NONE
90,1098,554,296.31705237,19.42376350908454,4864.0,13.040214477211796,12.298387096774194,0.5611213010184356,0.5292004192285183,2.0218651981879754,True,True,463,PV+/PNN+,208.93132647000002,16.3101081233564,296.31705237,19.42376350908454,-0.868847131729126,False,NONE
91,1122,110,296.31705237,19.42376350908454,17178.0,46.05361930294906,45.225806451612904,1.9816903184405195,1.9460694760875612,1.292598437732235,True,False,-1,PV-/PNN+,0.0,0.0,296.31705237,19.42376350908454,-0.6045966148376465,False,NONE
92,984,1096,296.31705237,19.42376350908454,25327.0,67.90080428954424,61.0,2.921776149443651,2.6248340793734513,2.469466120005468,True,True,345,PV+/PNN+,228.79171872,17.067708217046253,296.31705237,19.42376350908454,2.7977359294891357,False,NONE
93,824,1066,296.31705237,19.42376350908454,47700.0,127.88203753351206,96.04032258064517,5.502772627175037,4.132621503339295,2.5056523562194095,True,True,240,PV+/PNN+,156.49989093,14.116013951495507,296.31705237,19.42376350908454,1.9365466833114624,False,NONE
94,1147,640,296.31705237,19.42376350908454,15434.0,41.37801608579088,23.0,1.7804987993253567,0.989691538124416,1.669130895634059,True,True,525,PV+/PNN+,159.67755369,14.258603569939101,296.31705237,19.42376350908454,1.5759029388427734,False,NONE
95,712,782,296.31705237,19.42376350908454,19342.0,51.85522788203753,43.11290322580645,2.231333923581123,1.85515110898076,3.3545618976707945,True,True,187,PV+/PNN+,207.34249509,16.24797415226416,296.31705237,19.42376350908454,2.2723615169525146,False,NONE
96,837,658,296.31705237,19.42376350908454,56794.0,152.2627345844504,110.90322580645162,6.55187565173541,4.772173223102023,2.1933423175441304,True,False,-1,PV-/PNN+,0.0,0.0,296.31705237,19.42376350908454,2.6393861770629883,False,NONE
97,919,733,296.31705237,19.42376350908454,21675.0,58.10991957104557,41.66935483870968,2.500473725241487,1.7930351253467243,3.401506204110502,True,True,305,PV+/PNN+,197.01509112,15.83816292767521,296.31705237,19.42376350908454,2.5332396030426025,False,NONE
98,1014,930,296.31705237,19.42376350908454,63130.0,169.24932975871315,138.93548387096774,7.2828099780620565,5.978403162274698,2.082827596133985,True,True,376,PV+/PNN+,199.39833819,15.933670303416712,296.31705237,19.42376350908454,2.1455764770507812,False,NONE
99,869,996,296.31705237,19.42376350908454,23184.0,62.15549597855228,46.75806451612903,2.6745551486043198,2.0120026430734095,2.7367878650093607,True,True,270,PV+/PNN+,199.39833819,15.933670303416712,296.31705237,19.42376350908454,1.5362669229507446,False,NONE
100,875,871,296.31705237,19.42376350908454,34269.0,91.8739946380697,73.8225806451613,3.9533441333471977,3.1765905820444966,2.6132330584770735,True,True,275,PV+/PNN+,213.69782061,16.495105814282397,296.31705237,19.42376350908454,1.2218784093856812,False,NONE
101,1145,922,296.31705237,19.42376350908454,18749.0,50.265415549597854,37.66129032258065,2.1629241925975844,1.6205678411784792,3.0986502271487755,True,True,519,PV+/PNN+,338.42108394,20.757916726987464,296.31705237,19.42376350908454,1.4698882102966309,False,NONE
102,644,893,296.31705237,19.42376350908454,56952.0,152.686327077748,123.29838709677419,6.570102865049742,5.3055378423507,3.1537445867898217,True,True,148,PV+/PNN+,241.50236976,17.53540325529143,296.31705237,19.42376350908454,1.7736736536026,False,NONE
103,945,796,296.31705237,19.42376350908454,22413.0,60.088471849865954,45.725806451612904,2.585610962114761,1.9675845095250486,2.3987236582178526,True,True,322,PV+/PNN+,205.75366371,16.185601660417575,296.31705237,19.42376350908454,1.5535989999771118,False,NONE
104,785,1067,296.31705237,19.42376350908454,43849.0,117.55764075067025,72.63709677419355,5.05851314316558,3.1255791317975508,1.7219432403787303,True,False,-1,PV-/PNN+,0.0,0.0,296.31705237,19.42376350908454,2.2590818405151367,False,NONE
105,704,676,296.31705237,19.42376350908454,14469.0,38.79088471849866,28.741935483870968,1.6691743635764278,1.2367674059871734,3.8999634579043447,True,True,181,PV+/PNN+,162.85521645,14.399781305649903,296.31705237,19.42376350908454,1.724441647529602,False,NONE
106,800,665,296.31705237,19.42376350908454,32805.0,87.94906166219839,62.70161290322581,3.784454004915662,2.6980545963945772,2.168240153684009,True,False,-1,PV-/PNN+,0.0,0.0,296.31705237,19.42376350908454,0.9862856268882751,False,NONE
107,928,647,296.31705237,19.42376350908454,14871.0,39.8686327077748,34.11290322580645,1.7155499316293497,1.4678805071059884,1.9204785363633285,True,True,313,PV+/PNN+,207.34249509,16.24797415226416,296.31705237,19.42376350908454,0.8100730776786804,False,NONE
108,874,799,296.31705237,19.42376350908454,18441.0,49.43967828418231,44.00806451612903,2.1273926628455944,1.8936699591672292,2.8332844949132046,True,True,278,PV+/PNN+,203.37041664,16.091589626115688,296.31705237,19.42376350908454,0.8814368844032288,False,NONE
109,1131,889,296.31705237,19.42376350908454,13691.0,36.70509383378016,29.120967741935484,1.5794226423197784,1.253077189399462,2.716249730941988,True,True,504,PV+/PNN+,203.37041664,16.091589626115688,296.31705237,19.42376350908454,1.082527756690979,False,NONE
110,641,1142,296.31705237,19.42376350908454,41375.0,110.92493297587131,85.2741935483871,4.773107284053819,3.669354251096625,2.18128023880615,True,True,149,PV+/PNN+,99.30196125,11.244340084382843,296.31705237,19.42376350908454,0.3432665467262268,False,NONE
111,1105,1106,296.31705237,19.42376350908454,19580.0,52.493297587131366,35.28225806451613,2.258790105662206,1.518197924016241,3.2952295103650524,True,True,474,PV+/PNN+,170.79937335,14.746813769937054,296.31705237,19.42376350908454,0.99064040184021,False,NONE
112,1028,1085,296.31705237,19.42376350908454,19284.0,51.69973190348526,42.03225806451613,2.2246429212252288,1.8086508754223198,1.9811149321812846,True,True,399,PV+/PNN+,154.91105955,14.044176264056347,296.31705237,19.42376350908454,0.21944944560527802,False,NONE
113,779,837,296.31705237,19.42376350908454,18809.0,50.42627345844504,51.25806451612903,2.169845919172647,2.205637944010795,2.64615927341048,True,True,215,PV+/PNN+,191.45418129,15.61304053102159,296.31705237,19.42376350908454,1.3677281141281128,False,NONE
114,1067,859,296.31705237,19.42376350908454,32464.0,87.0348525469169,89.63709677419355,3.745115525547388,3.857090268672119,2.590086907385273,True,True,444,PV+/PNN+,198.6039225,15.90189824726965,296.31705237,19.42376350908454,1.2339613437652588,False,NONE
115,1077,832,296.31705237,19.42376350908454,43978.0,117.90348525469169,77.64516129032258,5.073394855301966,3.34107648284077,2.2484366771851767,True,True,448,PV+/PNN+,196.22067543,15.806198893222852,296.31705237,19.42376350908454,0.9835250973701477,False,NONE
116,876,696,296.31705237,19.42376350908454,22938.0,61.49597855227882,44.5,2.646176069646562,1.91483797593637,2.0472933641761504,True,False,-1,PV-/PNN+,0.0,0.0,296.31705237,19.42376350908454,0.5287890434265137,False,NONE
117,674,960,296.31705237,19.42376350908454,16323.0,43.761394101876675,33.91129032258065,1.8830557147458726,1.4592050903973246,1.999371051352282,True,True,172,PV+/PNN+,149.35014972,13.789797556005714,296.31705237,19.42376350908454,0.2481701523065567,False,NONE
118,712,1042,296.31705237,19.42376350908454,20012.0,53.6514745308311,39.92741935483871,2.308626537002659,1.7180795249838652,2.200840366489362,True,True,190,PV+/PNN+,111.2181966,11.899891008124815,296.31705237,19.42376350908454,0.398554265499115,False,NONE
119,790,955,296.31705237,19.42376350908454,15404.0,41.297587131367294,46.13709677419355,1.7770379360378254,1.9852823596107239,1.9915470002789974,True,False,-1,PV-/PNN+,0.0,0.0,296.31705237,19.42376350908454,0.3488472104072571,False,NONE
120,664,1085,296.31705237,19.42376350908454,30879.0,82.78552278820375,64.04032258064517,3.5622665818561416,2.755659363340108,1.8741862341797277,True,False,-1,PV-/PNN+,0.0,0.0,296.31705237,19.42376350908454,0.0193202905356884,False,NONE
121,741,725,296.31705237,19.42376350908454,13459.0,36.083109919571044,32.5,1.5526586328962015,1.3984771734366748,3.805422840768822,True,True,198,PV+/PNN+,187.48210284,15.45023065413564,296.31705237,19.42376350908454,-0.1291753500699997,False,NONE
122,748,876,296.31705237,19.42376350908454,11267.0,30.20643431635389,27.298387096774192,1.2997848886872356,1.1746514223531375,3.1103863037587023,True,True,201,PV+/PNN+,230.3805501,17.126868561566074,296.31705237,19.42376350908454,-0.0943368673324585,False,NONE
123,884,1068,296.31705237,19.42376350908454,19254.0,51.61930294906166,46.274193548387096,2.2211820579376975,1.9911816429726152,2.850888609828095,True,True,288,PV+/PNN+,195.42625974,15.774170088491289,296.31705237,19.42376350908454,0.20884093642234802,False,NONE
124,656,997,296.31705237,19.42376350908454,27070.0,72.57372654155496,73.3225806451613,3.1228523064492295,3.1550755486070092,2.171500174964544,True,False,-1,PV-/PNN+,0.0,0.0,296.31705237,19.42376350908454,0.4091353714466095,False,NONE
125,718,1136,296.31705237,19.42376350908454,40923.0,109.71313672922253,86.94354838709677,4.720963610521678,3.7411867014443647,1.7362873340130855,True,False,-1,PV-/PNN+,0.0,0.0,296.31705237,19.42376350908454,0.09056425094604492,False,NONE
126,732,992,296.31705237,19.42376350908454,18360.0,49.22252010723861,36.153225806451616,2.1180483319692596,1.5556757241976709,2.64061723723357,True,True,195,PV+/PNN+,167.62171059,14.608990056788347,296.31705237,19.42376350908454,0.564892053604126,False,NONE
127,1031,955,296.31705237,19.42376350908454,27397.0,73.45040214477211,58.88709677419355,3.1605757162833226,2.53391571226665,1.9211305406194354,True,True,404,PV+/PNN+,306.64445634,19.759348369465606,296.31705237,19.42376350908454,0.5707167983055115,False,NONE
128,722,862,296.31705237,19.42376350908454,14004.0,37.54423592493298,34.92741935483871,1.6155309826196902,1.5029291906089923,1.8679921937467105,True,False,-1,PV-/PNN+,0.0,0.0,296.31705237,19.42376350908454,-0.8127782344818115,False,NONE
129,1081,1561,296.31705237,19.42376350908454,32712.0,87.69973190348526,75.79032258064517,3.7737253287243147,3.2612626491210595,3.1889528166196026,True,True,452,PV+/PNN+,220.84756182,16.76877601578504,296.31705237,19.42376350908454,2.0571129322052,False,NONE
130,954,1246,296.31705237,19.42376350908454,49992.0,134.02680965147454,126.5241935483871,5.767182582342442,5.444344509689328,2.27647286019778,True,True,325,PV+/PNN+,208.93132647000002,16.3101081233564,296.31705237,19.42376350908454,2.4743826389312744,False,NONE
131,916,1414,296.31705237,19.42376350908454,71172.0,190.80965147453082,161.75806451612902,8.210552063339659,6.960460333695489,1.7529134425438153,True,False,-1,PV-/PNN+,0.0,0.0,296.31705237,19.42376350908454,1.7625880241394043,False,NONE
132,927,1294,296.31705237,19.42376350908454,46557.0,124.8176943699732,128.7983870967742,5.370913735920088,5.542203210163061,3.5811333766679954,True,True,314,PV+/PNN+,221.64197751,16.798908611544785,296.31705237,19.42376350908454,2.3676578998565674,False,NONE
133,916,1541,296.31705237,19.42376350908454,32152.0,86.19839142091153,64.8225806451613,3.709122547357061,2.7893199801697253,1.9416686746868077,True,True,304,PV+/PNN+,147.76131834,13.716251444643651,296.31705237,19.42376350908454,2.831355571746826,False,NONE
134,1036,1281,296.31705237,19.42376350908454,35412.0,94.93833780160858,83.96774193548387,4.085203024602147,3.6131375508244807,3.1909088293879235,True,False,-1,PV-/PNN+,0.0,0.0,296.31705237,19.42376350908454,2.109478712081909,False,NONE
135,863,1465,296.31705237,19.42376350908454,45563.0,122.15281501340482,82.41129032258064,5.256243798993212,3.5461633338335927,1.5168879018330619,True,False,-1,PV-/PNN+,0.0,0.0,296.31705237,19.42376350908454,0.8742753267288208,False,NONE
136,900,1248,296.31705237,19.42376350908454,45878.0,122.99731903485255,82.76612903225806,5.292582863512292,3.5614320672408417,1.8715782171552995,True,False,-1,PV-/PNN+,0.0,0.0,296.31705237,19.42376350908454,0.9113852977752686,False,NONE
137,776,1673,296.31705237,19.42376350908454,59125.0,158.51206434316353,113.93548387096774,6.820784729176604,4.902651490400332,1.7053171318480005,True,False,-1,PV-/PNN+,0.0,0.0,296.31705237,19.42376350908454,1.7518794536590576,False,NONE
138,979,1351,296.31705237,19.42376350908454,24991.0,67.0,56.846774193548384,2.8830144806232987,2.4461204951749678,3.0953902058682403,True,True,343,PV+/PNN+,212.90340492,16.464417218744998,296.31705237,19.42376350908454,1.2694265842437744,False,NONE
139,984,1666,296.31705237,19.42376350908454,27896.0,74.78820375335121,56.37096774193548,3.2181414089659297,2.42564651174252,1.6384866955970274,True,True,346,PV+/PNN+,80.23598469,10.107404643036366,296.31705237,19.42376350908454,1.239848017692566,False,NONE
140,646,1388,296.31705237,19.42376350908454,30727.0,82.37801608579089,66.5,3.544731541199316,2.8614994471858113,3.098976229276829,True,True,151,PV+/PNN+,186.68768715,15.417462365594622,296.31705237,19.42376350908454,0.9903003573417664,False,NONE
141,703,1296,296.31705237,19.42376350908454,65416.0,175.37801608579088,168.7741935483871,7.546527760571954,7.262364835157005,1.6955370680063948,True,False,-1,PV-/PNN+,0.0,0.0,296.31705237,19.42376350908454,1.7169442176818848,False,NONE
142,1085,1305,296.31705237,19.42376350908454,31145.0,83.49865951742628,67.30645161290323,3.5929529030055876,2.8962011140204686,2.2402866239838386,True,False,-1,PV-/PNN+,0.0,0.0,296.31705237,19.42376350908454,1.0393452644348145,False,NONE
143,1088,1271,296.31705237,19.42376350908454,31063.0,83.27882037533512,72.54032258064517,3.583493210019668,3.1214149317773923,3.9446257494476784,True,True,456,PV+/PNN+,227.20288734,17.008342095551114,296.31705237,19.42376350908454,0.47341954708099365,False,NONE
144,670,1546,296.31705237,19.42376350908454,22565.0,60.49597855227882,46.024193548387096,2.603146002771587,1.9804241262538715,2.6745214585511365,True,True,167,PV+/PNN+,184.30444008,15.318736938146314,296.31705237,19.42376350908454,1.783150315284729,False,NONE
145,1063,1372,296.31705237,19.42376350908454,20542.0,55.07238605898123,53.70967741935484,2.3697684550823817,2.3111310111881522,2.3485193304976093,True,True,432,PV+/PNN+,173.97703611,14.883361255142246,296.31705237,19.42376350908454,1.129831075668335,False,NONE
146,1030,1405,296.31705237,19.42376350908454,27639.0,74.09919571045576,61.016129032258064,3.1884933468027428,2.625528112710144,3.883989353629722,True,True,400,PV+/PNN+,220.05314613000002,16.73858917579679,296.31705237,19.42376350908454,0.7552227973937988,False,NONE
147,800,1720,296.31705237,19.42376350908454,54539.0,146.2171581769437,91.4274193548387,6.291734094622628,3.9341279690450572,1.7333533148606037,True,True,230,PV+/PNN+,119.95676919,12.358547737957588,296.31705237,19.42376350908454,1.3411380052566528,False,NONE
148,673,1359,296.31705237,19.42376350908454,36998.0,99.19034852546918,80.29838709677419,4.268167330402978,3.4552449667267915,2.0384913067187056,True,False,-1,PV-/PNN+,0.0,0.0,296.31705237,19.42376350908454,1.2329362630844116,False,NONE
149,710,1432,296.31705237,19.42376350908454,49958.0,133.93565683646113,110.65322580645162,5.7632602706165725,4.761415706383279,2.496198294505857,True,True,186,PV+/PNN+,175.56586749,14.951167352217066,296.31705237,19.42376350908454,0.7707948088645935,False,NONE
150,700,1237,296.31705237,19.42376350908454,35244.0,94.48793565683646,52.00806451612903,4.06582219019197,2.2379104941670263,2.3961156411934246,True,True,180,PV+/PNN+,121.54560057,12.44012319610657,296.31705237,19.42376350908454,0.6939117908477783,False,NONE
151,722,1388,296.31705237,19.42376350908454,35524.0,95.23860589812332,66.04032258064517,4.098123580875598,2.841719497090057,2.110211774890481,True,True,192,PV+/PNN+,99.30196125,11.244340084382843,296.31705237,19.42376350908454,0.6083567142486572,False,NONE
152,886,1635,296.31705237,19.42376350908454,57920.0,155.28150134048258,125.50806451612904,6.681773387127424,5.40062040947766,1.7287892850678546,True,False,-1,PV-/PNN+,0.0,0.0,296.31705237,19.42376350908454,0.7100701928138733,False,NONE
153,869,1517,296.31705237,19.42376350908454,24370.0,65.33512064343164,57.07258064516129,2.8113746105713973,2.4558369618886715,1.9723128747238392,True,True,272,PV+/PNN+,201.78158526,16.02860860313152,296.31705237,19.42376350908454,0.7198905944824219,False,NONE
154,1004,1423,296.31705237,19.42376350908454,17064.0,45.74798927613941,34.846774193548384,1.9685390379478998,1.4994590239255263,2.9457552290916715,True,True,367,PV+/PNN+,175.56586749,14.951167352217066,296.31705237,19.42376350908454,-0.18873342871665955,False,NONE
155,678,1471,296.31705237,19.42376350908454,41858.0,112.21983914209115,67.91935483870968,4.828827182983075,2.9225743808148077,1.8425640277585356,True,False,-1,PV-/PNN+,0.0,0.0,296.31705237,19.42376350908454,1.097072958946228,False,NONE
156,678,1328,296.31705237,19.42376350908454,35698.0,95.70509383378015,81.8225806451613,4.11819658794328,3.5208311170442936,2.0961936833841794,True,True,173,PV+/PNN+,129.48975747,12.84022896403991,296.31705237,19.42376350908454,0.3577544689178467,False,NONE
157,1088,1613,296.31705237,19.42376350908454,17245.0,46.23324396782842,38.83870967741935,1.9894195797826733,1.6712322747570783,2.1721521792206513,True,True,458,PV+/PNN+,143.78923989,13.53063732184699,296.31705237,19.42376350908454,0.061560001224279404,False,NONE
158,1134,1328,296.31705237,19.42376350908454,13125.0,35.187667560321714,34.443548387096776,1.5141276882950179,1.482108190508198,2.6272511499833753,True,True,509,PV+/PNN+,200.98716957,15.99702510721652,296.31705237,19.42376350908454,-0.2735603153705597,False,NONE
159,1017,1543,296.31705237,19.42376350908454,27037.0,72.48525469168901,54.766129032258064,3.119045356832945,2.356590194741553,1.8109418213373434,True,False,-1,PV-/PNN+,0.0,0.0,296.31705237,19.42376350908454,1.0038713216781616,False,NONE
160,1072,1334,296.31705237,19.42376350908454,15248.0,40.879356568364614,37.42741935483871,1.7590414469426618,1.6105043577964286,2.6383352223371954,True,True,442,PV+/PNN+,171.59378904,14.781068900342463,296.31705237,19.42376350908454,-0.9916929006576538,False,NONE
161,648,1334,296.31705237,19.42376350908454,26928.0,72.19302949061662,58.564516129032256,3.106470886888247,2.520035045532787,2.416327773132743,True,True,156,PV+/PNN+,154.91105955,14.044176264056347,296.31705237,19.42376350908454,0.06358353793621063,False,NONE
162,867,1236,296.31705237,19.42376350908454,15305.0,41.03217158176944,50.024193548387096,1.7656170871889716,2.15254439375377,2.0410993237431336,True,False,-1,PV-/PNN+,0.0,0.0,296.31705237,19.42376350908454,0.03774000331759453,False,NONE
163,965,1608,296.31705237,19.42376350908454,17236.0,46.20911528150134,34.08870967741935,1.9883813207964138,1.4668394571009489,1.7858396574772217,True,False,-1,PV-/PNN+,0.0,0.0,296.31705237,19.42376350908454,-0.30577099323272705,False,NONE
164,718,1516,296.31705237,19.42376350908454,22813.0,61.160857908847184,71.85483870967742,2.6317558059485138,3.091918514967934,1.5618761955044485,True,False,-1,PV-/PNN+,0.0,0.0,296.31705237,19.42376350908454,0.034327324479818344,False,NONE
165,840,1895,296.31705237,19.42376350908454,62624.0,167.89276139410188,131.6290322580645,7.224436750612359,5.664006060752706,1.893094357606832,True,True,253,PV+/PNN+,119.1623535,12.317557416952052,296.31705237,19.42376350908454,2.2523984909057617,False,NONE
166,655,1920,296.31705237,19.42376350908454,12342.0,33.088471849865954,29.306451612903224,1.4237991564904466,1.2610585727714332,2.515106417932962,True,True,160,PV+/PNN+,185.09885577,15.351715957885435,296.31705237,19.42376350908454,2.3028154373168945,False,NONE
167,708,2034,296.31705237,19.42376350908454,12269.0,32.892761394101875,25.774193548387096,1.4153777224907866,1.1090652720356358,2.1457460068483156,True,True,183,PV+/PNN+,177.94911456,15.05230379737267,296.31705237,19.42376350908454,1.6495987176895142,False,NONE
168,735,1892,296.31705237,19.42376350908454,27114.0,72.6916890080429,69.9274193548387,3.1279282392709424,3.008981531233103,1.7985537404713092,True,True,197,PV+/PNN+,129.48975747,12.84022896403991,296.31705237,19.42376350908454,1.557581901550293,False,NONE
169,910,1916,296.31705237,19.42376350908454,47346.0,126.93297587131367,93.96774193548387,5.461934440382166,4.0434382195742264,1.9403646661745935,True,True,302,PV+/PNN+,132.66742023,12.996822909266468,296.31705237,19.42376350908454,0.38741815090179443,False,NONE
170,1115,2082,296.31705237,19.42376350908454,32837.0,88.0348525469169,66.13709677419355,3.788145592422363,2.845883697110216,1.466357571984765,True,False,-1,PV-/PNN+,0.0,0.0,296.31705237,19.42376350908454,2.1782352924346924,False,NONE
171,818,2124,296.31705237,19.42376350908454,20379.0,54.63538873994638,45.104838709677416,2.3509644312201274,1.9408642260623625,1.0621149331983912,True,False,-1,PV-/PNN+,0.0,0.0,296.31705237,19.42376350908454,1.0086469650268555,False,NONE
172,1079,1877,296.31705237,19.42376350908454,30076.0,80.63270777479893,55.17741935483871,3.469630807859883,2.374288044827228,1.6896690297014312,True,False,-1,PV-/PNN+,0.0,0.0,296.31705237,19.42376350908454,1.3456376791000366,False,NONE
173,1120,2029,296.31705237,19.42376350908454,62221.0,166.81233243967827,112.75806451612904,7.177945820449852,4.851987056821734,1.3313926909706049,True,False,-1,PV-/PNN+,0.0,0.0,296.31705237,19.42376350908454,1.6143759489059448,False,NONE
174,983,2188,296.31705237,19.42376350908454,50704.0,135.93565683646113,99.03225806451613,5.849320404366522,4.261364687295872,1.4523394804784635,True,False,-1,PV-/PNN+,0.0,0.0,296.31705237,19.42376350908454,0.4108840227127075,False,NONE
175,917,1953,296.31705237,19.42376350908454,53918.0,144.55227882037534,98.98387096774194,6.220094224570726,4.259282587285793,1.322264631385106,True,False,-1,PV-/PNN+,0.0,0.0,296.31705237,19.42376350908454,1.2419004440307617,False,NONE
176,700,1952,296.31705237,19.42376350908454,14406.0,38.62198391420912,35.33870967741935,1.6619065506726118,1.5206270406946671,1.8813582809969052,True,True,178,PV+/PNN+,184.30444008,15.318736938146314,296.31705237,19.42376350908454,-0.2693130373954773,False,NONE
177,725,1935,296.31705237,19.42376350908454,22773.0,61.05361930294906,51.516129032258064,2.6271413215651385,2.216742477397885,1.4552734996309453,True,False,-1,PV-/PNN+,0.0,0.0,296.31705237,19.42376350908454,-0.19023652374744415,False,NONE
178,1000,2241,296.31705237,19.42376350908454,58321.0,156.35656836461126,122.15322580645162,6.728033593070761,5.256261475445487,2.1147758046832306,True,True,363,PV+/PNN+,140.61157713,13.380292240810528,296.31705237,19.42376350908454,0.5676948428153992,False,NONE
179,826,2013,296.31705237,19.42376350908454,18411.0,49.35924932975871,39.12096774193548,2.123931799558063,1.683377858149208,2.2588687452828897,True,True,242,PV+/PNN+,161.26638507,14.329366305165497,296.31705237,19.42376350908454,0.7534831166267395,False,NONE
180,937,2163,296.31705237,19.42376350908454,76934.0,206.2573726541555,167.7741935483871,8.87526853876487,7.21933476828203,1.3659489165442786,True,False,-1,PV-/PNN+,0.0,0.0,296.31705237,19.42376350908454,0.7312843799591064,False,NONE
181,885,2030,296.31705237,19.42376350908454,44237.0,118.59785522788204,148.42741935483872,5.1032736416843205,6.38684178091861,1.724877259531212,True,False,-1,PV-/PNN+,0.0,0.0,296.31705237,19.42376350908454,0.9823063015937805,False,NONE
182,844,1800,296.31705237,19.42376350908454,46480.0,124.6112600536193,102.98387096774194,5.36203085348209,4.431402854785691,2.122273853628462,True,True,254,PV+/PNN+,214.4922363,16.525737420636904,296.31705237,19.42376350908454,0.5224350094795227,False,NONE
183,1056,2080,296.31705237,19.42376350908454,19729.0,52.892761394101875,36.483870967741936,2.275979059990279,1.5699034075998801,1.4040911655265413,True,False,-1,PV-/PNN+,0.0,0.0,296.31705237,19.42376350908454,0.21393030881881714,False,NONE
184,1121,2162,296.31705237,19.42376350908454,19352.0,51.88203753351206,42.86290322580645,2.2324875446769665,1.8443935922620163,2.5209744562379255,True,True,498,PV+/PNN+,149.35014972,13.789797556005714,296.31705237,19.42376350908454,0.5211813449859619,False,NONE
185,900,2287,296.31705237,19.42376350908454,14881.0,39.89544235924933,35.75,1.7167035527251935,1.5383248907803422,2.0052390896572456,True,True,294,PV+/PNN+,187.48210284,15.45023065413564,296.31705237,19.42376350908454,0.28194549679756165,False,NONE
186,1089,2241,296.31705237,19.42376350908454,42444.0,113.79088471849866,132.50806451612902,4.896429379199524,5.7018308776024815,1.7845356489650075,True,False,-1,PV-/PNN+,0.0,0.0,296.31705237,19.42376350908454,0.05104641243815422,False,NONE
187,955,2036,296.31705237,19.42376350908454,49228.0,131.9785522788204,90.62903225806451,5.679045930619973,3.899773318878747,2.007195102425567,True,True,329,PV+/PNN+,136.63949868,13.18995121644368,296.31705237,19.42376350908454,1.1820193529129028,False,NONE
188,749,2221,296.31705237,19.42376350908454,10018.0,26.857908847184987,18.806451612903224,1.1556976138163422,0.8092428705841999,2.9353231609939585,True,True,205,PV+/PNN+,209.72574216,16.34108651427568,296.31705237,19.42376350908454,-0.7434104681015015,False,NONE
189,850,2202,296.31705237,19.42376350908454,13518.0,36.24128686327078,42.41935483870968,1.5594649973616803,1.8253076755029551,1.6609808424327208,True,False,-1,PV-/PNN+,0.0,0.0,296.31705237,19.42376350908454,-0.6159917116165161,False,NONE
190,990,1830,296.31705237,19.42376350908454,42110.0,112.89544235924933,66.75,4.85789843459834,2.872256963904555,1.1234033332724547,True,False,-1,PV-/PNN+,0.0,0.0,296.31705237,19.42376350908454,1.1808243989944458,False,NONE
191,1135,2232,296.31705237,19.42376350908454,62820.0,168.41823056300268,137.1048387096774,7.247047724090898,5.899630378560026,1.7349833255008713,True,False,-1,PV-/PNN+,0.0,0.0,296.31705237,19.42376350908454,-0.02131122723221779,False,NONE
192,992,1907,296.31705237,19.42376350908454,18425.0,49.396782841823054,47.36290322580645,2.1255468690922443,2.038028893199402,1.9537307534247883,True,True,353,PV+/PNN+,152.52781248,13.935725403490322,296.31705237,19.42376350908454,1.4167734384536743,False,NONE
193,750,2073,296.31705237,19.42376350908454,8182.0,21.935656836461128,20.491935483870968,0.9438927806194163,0.8817693542686329,2.99367754191554,True,True,206,PV+/PNN+,204.95924802,16.154325106244645,296.31705237,19.42376350908454,-1.160192608833313,False,NONE
194,688,2129,296.31705237,19.42376350908454,6413.0,17.19302949061662,17.112903225806452,0.7398172087646437,0.7363693702314204,2.343629298576807,True,True,175,PV+/PNN+,221.64197751,16.798908611544785,296.31705237,19.42376350908454,-0.612238883972168,False,NONE
195,1047,1890,296.31705237,19.42376350908454,18360.0,49.22252010723861,51.403225806451616,2.1180483319692596,2.2118842440410336,2.278428872966101,True,True,424,PV+/PNN+,197.80950681,15.870062583211556,296.31705237,19.42376350908454,-1.0406830310821533,False,NONE
196,804,2245,296.31705237,19.42376350908454,10942.0,29.335120643431637,24.774193548387096,1.2622922030723114,1.0660352051606612,1.4066991825509696,True,False,-1,PV-/PNN+,0.0,0.0,296.31705237,19.42376350908454,0.23788118362426758,False,NONE
197,824,2600,296.31705237,19.42376350908454,16396.0,43.957104557640754,39.66935483870968,1.8914771487455329,1.7069749915967751,1.9149365001864185,True,True,241,PV+/PNN+,206.5480794,16.216817893198968,296.31705237,19.42376350908454,1.9623037576675415,False,NONE
198,1009,2373,296.31705237,19.42376350908454,73837.0,197.9544235924933,205.03225806451613,8.517992085382037,8.82255177604318,1.8640801682100683,True,False,-1,PV-/PNN+,0.0,0.0,296.31705237,19.42376350908454,1.8312510251998901,False,NONE
199,1027,2571,296.31705237,19.42376350908454,69620.0,186.64879356568363,174.2016129032258,8.031510069264696,7.495907052954245,1.61468854024912,True,False,-1,PV-/PNN+,0.0,0.0,296.31705237,19.42376350908454,0.842700719833374,False,NONE
200,757,2488,296.31705237,19.42376350908454,11204.0,30.037533512064343,26.93548387096774,1.2925170757834195,1.1590356722775417,2.012411136474423,True,True,209,PV+/PNN+,163.64963214,14.434859996619657,296.31705237,19.42376350908454,1.8520022630691528,False,NONE
201,851,2483,296.31705237,19.42376350908454,32869.0,88.12064343163539,62.75,3.7918371799290624,2.7001366964046567,1.6886910233172705,True,True,257,PV+/PNN+,120.75118488,12.39940255265723,296.31705237,19.42376350908454,1.9344743490219116,False,NONE
202,929,2744,296.31705237,19.42376350908454,19947.0,53.47721179624665,49.03225806451613,2.3011279998796743,2.109861343547142,2.9372791737622794,True,True,312,PV+/PNN+,261.36276201,18.242187481558705,296.31705237,19.42376350908454,1.1637436151504517,False,NONE
203,923,2638,296.31705237,19.42376350908454,22082.0,59.20107238605898,58.983870967741936,2.5474261038423305,2.5380799122868085,2.7423299011862703,True,True,306,PV+/PNN+,284.40081702,19.029197744120825,296.31705237,19.42376350908454,0.8727344274520874,False,NONE
204,1108,2746,296.31705237,19.42376350908454,38414.0,102.98659517426273,76.88709677419355,4.431520077574462,3.3084569160161927,1.7493274191352266,True,False,-1,PV-/PNN+,0.0,0.0,296.31705237,19.42376350908454,1.8707913160324097,False,NONE
205,1105,2442,296.31705237,19.42376350908454,71011.0,190.37801608579088,177.7258064516129,8.191978763696573,7.647553337021696,1.6231645955785117,True,False,-1,PV-/PNN+,0.0,0.0,296.31705237,19.42376350908454,1.1729294061660767,False,NONE
206,1034,2818,296.31705237,19.42376350908454,16723.0,44.833780160857906,41.596774193548384,1.9292005585796255,1.7899119753316048,3.074200067544761,True,True,403,PV+/PNN+,214.4922363,16.525737420636904,296.31705237,19.42376350908454,2.019958257675171,False,NONE
207,1058,2454,296.31705237,19.42376350908454,41761.0,111.95978552278821,86.14516129032258,4.817637058353391,3.706832051278054,1.8340879724291437,True,False,-1,PV-/PNN+,0.0,0.0,296.31705237,19.42376350908454,1.1127235889434814,False,NONE
208,962,2822,296.31705237,19.42376350908454,23685.0,63.498659517426276,54.32258064516129,2.7323515655060957,2.3375042779824913,2.4459939667856143,True,True,333,PV+/PNN+,223.23080889,16.859012233282403,296.31705237,19.42376350908454,1.0132850408554077,False,NONE
209,933,2409,296.31705237,19.42376350908454,18813.0,50.43699731903485,40.54838709677419,2.1703073676109845,1.744799808446551,2.433931888047634,True,True,317,PV+/PNN+,193.04301267,15.67769107892661,296.31705237,19.42376350908454,0.3315255045890808,False,NONE
210,954,2844,296.31705237,19.42376350908454,35609.0,95.46648793565684,85.19354838709677,4.107929360190271,3.665884084413159,1.6717389126584872,True,True,324,PV+/PNN+,265.33484046,18.380283226045986,296.31705237,19.42376350908454,2.2263176441192627,False,NONE
211,878,2798,296.31705237,19.42376350908454,10607.0,28.43699731903485,24.588709677419356,1.2236458963615433,1.0580538217886901,2.286578926167439,True,True,281,PV+/PNN+,173.18262042,14.849342099217841,296.31705237,19.42376350908454,0.7589670419692993,False,NONE
212,1127,2578,296.31705237,19.42376350908454,76662.0,205.52815013404825,180.83870967741936,8.843890044957917,7.781501771003473,1.5889343721328912,True,False,-1,PV-/PNN+,0.0,0.0,296.31705237,19.42376350908454,0.8050729036331177,False,NONE
213,785,2741,296.31705237,19.42376350908454,8918.0,23.908847184986595,16.846774193548388,1.0287992932735215,0.7249178201759835,1.470595599649461,True,True,224,PV+/PNN+,70.70299641,9.487984557348323,296.31705237,19.42376350908454,-0.289841890335083,False,NONE
214,924,2477,296.31705237,19.42376350908454,26481.0,70.99463806970509,62.54838709677419,3.054904023904028,2.6914612796959925,1.7851876532211146,True,True,309,PV+/PNN+,221.64197751,16.798908611544785,296.31705237,19.42376350908454,0.7130937576293945,False,NONE
215,972,2458,296.31705237,19.42376350908454,33607.0,90.09919571045576,112.0241935483871,3.876974416802337,4.820408540002196,1.662936855201042,True,False,-1,PV-/PNN+,0.0,0.0,296.31705237,19.42376350908454,1.1347194910049438,False,NONE
216,980,2619,296.31705237,19.42376350908454,30148.0,80.82573726541555,56.435483870967744,3.4779368797499584,2.428422645089293,1.549162112510361,True,False,-1,PV-/PNN+,0.0,0.0,296.31705237,19.42376350908454,0.7510443925857544,False,NONE
217,1131,2462,296.31705237,19.42376350908454,51574.0,138.2680965147453,95.75806451612904,5.949685439704934,4.120475919947165,1.7115111722810175,True,False,-1,PV-/PNN+,0.0,0.0,296.31705237,19.42376350908454,0.725845992565155,False,NONE
218,868,2841,296.31705237,19.42376350908454,9979.0,26.753351206434317,23.193548387096776,1.1511984915425513,0.9980199381647337,1.705643133976054,True,True,273,PV+/PNN+,160.47196938,14.29402872657482,296.31705237,19.42376350908454,1.7437152862548828,False,NONE
219,1041,2628,296.31705237,19.42376350908454,25269.0,67.74530831099196,69.05645161290323,2.915085147087757,2.971503731051674,1.4595115272956412,True,True,422,PV+/PNN+,145.37807127,13.605186852016802,296.31705237,19.42376350908454,0.7225197553634644,False,NONE
220,705,2405,296.31705237,19.42376350908454,7740.0,20.750670241286862,16.217741935483872,0.8929027281831191,0.6978505200449512,1.3936590974288285,True,False,-1,PV-/PNN+,0.0,0.0,296.31705237,19.42376350908454,-0.7198757529258728,False,NONE
221,1079,2723,296.31705237,19.42376350908454,23071.0,61.85254691689008,66.96774193548387,2.6615192302212844,2.8816264139499124,1.6681528892498982,True,True,451,PV+/PNN+,188.27651853,15.482929591568213,296.31705237,19.42376350908454,-0.38123175501823425,False,NONE
222,1080,2513,296.31705237,19.42376350908454,37399.0,100.26541554959786,76.20967741935483,4.314427536346315,3.2793075158750806,1.6280546274993146,True,False,-1,PV-/PNN+,0.0,0.0,296.31705237,19.42376350908454,0.5644735097885132,False,NONE
223,1121,2404,296.31705237,19.42376350908454,37903.0,101.61662198391421,118.41129032258064,4.372570039576844,5.095245741332678,1.518843914601383,True,False,-1,PV-/PNN+,0.0,0.0,296.31705237,19.42376350908454,-1.158835768699646,False,NONE
224,1101,2380,296.31705237,19.42376350908454,45988.0,123.29222520107238,125.43548387096774,5.3052726955665745,5.397497259462541,1.6293586360115286,True,False,-1,PV-/PNN+,0.0,0.0,296.31705237,19.42376350908454,0.12164971232414246,False,NONE
225,850,2737,296.31705237,19.42376350908454,15302.0,41.024128686327074,34.95967741935484,1.7652710008602182,1.5043172572823784,2.1760642047572936,True,True,258,PV+/PNN+,214.4922363,16.525737420636904,296.31705237,19.42376350908454,-0.5357951521873474,False,NONE
226,1140,2430,296.31705237,19.42376350908454,42096.0,112.85790884718499,102.39516129032258,4.856283365064159,4.406070637996391,1.7173792105859809,True,False,-1,PV-/PNN+,0.0,0.0,296.31705237,19.42376350908454,-0.4624706208705902,False,NONE
227,1294,60,296.31705237,19.42376350908454,58581.0,157.05361930294907,106.41129032258064,6.758027741562701,4.578884938832983,1.1504615099008972,True,False,-1,PV-/PNN+,0.0,0.0,296.31705237,19.42376350908454,2.6385128498077393,False,NONE
228,1715,373,296.31705237,19.42376350908454,53106.0,142.37533512064343,113.75806451612904,6.126420191588208,4.895017123696708,2.1408559749275127,True,False,-1,PV-/PNN+,0.0,0.0,296.31705237,19.42376350908454,0.5096875429153442,False,NONE
229,1542,435,296.31705237,19.42376350908454,16143.0,43.27882037533512,49.185483870967744,1.862290535020684,2.116454660245727,1.6009964508708718,True,True,689,PV+/PNN+,417.86265294000003,23.065976111822213,296.31705237,19.42376350908454,-0.9418264031410217,False,NONE
230,1374,14,296.31705237,19.42376350908454,11528.0,30.906166219839143,39.04032258064516,1.3298943992887595,1.6799076914657425,1.0001745288682211,True,False,-1,PV-/PNN+,0.0,0.0,296.31705237,19.42376350908454,-0.6052952408790588,False,NONE
231,1534,713,296.31705237,19.42376350908454,74662.0,200.1662198391421,171.53225806451613,8.613165825789153,7.381044535731531,0.9884384522582943,True,False,-1,PV-/PNN+,0.0,0.0,296.31705237,19.42376350908454,1.388763189315796,False,NONE
232,1282,1445,296.31705237,19.42376350908454,43105.0,115.56300268096514,94.6774193548387,4.9726837336348,4.073975686388724,3.168088680424177,True,True,603,PV+/PNN+,247.06327959,17.736142129165177,296.31705237,19.42376350908454,1.8759974241256714,False,NONE
233,1246,1544,296.31705237,19.42376350908454,45439.0,121.82037533512064,80.89516129032258,5.241938897404749,3.480924200184438,2.5649847435251516,True,True,586,PV+/PNN+,229.58613441,17.097313977747916,296.31705237,19.42376350908454,2.527503728866577,False,NONE
234,1251,1390,296.31705237,19.42376350908454,43002.0,115.28686327077747,91.2258064516129,4.960801436347609,3.925452552336393,2.6380092202091414,True,True,590,PV+/PNN+,220.84756182,16.76877601578504,296.31705237,19.42376350908454,2.377101421356201,False,NONE
235,1433,1536,296.31705237,19.42376350908454,7566.0,20.284182305630026,15.419354838709678,0.8728297211154367,0.6634958698786407,2.7423299011862703,True,True,657,PV+/PNN+,185.09885577,15.351715957885435,296.31705237,19.42376350908454,0.7238404750823975,False,NONE
236,1296,1484,296.31705237,19.42376350908454,16940.0,45.415549597855225,35.41935483870968,1.9542341363594364,1.524097207378133,3.13972649528352,True,True,611,PV+/PNN+,211.31457354,16.40286778005525,296.31705237,19.42376350908454,0.6817490458488464,False,NONE
237,1328,1596,296.31705237,19.42376350908454,15798.0,42.35388739946381,31.620967741935484,1.822490607214072,1.3606523565868986,2.033601274797902,True,True,625,PV+/PNN+,204.95924802,16.154325106244645,296.31705237,19.42376350908454,0.319693922996521,False,NONE
238,1391,1636,296.31705237,19.42376350908454,15705.0,42.10455764075067,29.89516129032258,1.8117619310227244,1.2863907895607327,1.7304192957081221,True,True,645,PV+/PNN+,104.06845539,11.511041341340722,296.31705237,19.42376350908454,1.127930760383606,False,NONE
239,1267,1628,296.31705237,19.42376350908454,14697.0,39.402144772117964,29.693548387096776,1.6954769245616672,1.2777153728520687,1.5915423891573195,True,True,595,PV+/PNN+,148.55573403,13.753073662427433,296.31705237,19.42376350908454,1.5506049394607544,False,NONE
240,1434,1615,296.31705237,19.42376350908454,6535.0,17.5201072386059,16.322580645161292,0.7538913861339386,0.7023617367334566,2.7938382374187274,True,True,656,PV+/PNN+,198.6039225,15.90189824726965,296.31705237,19.42376350908454,0.0723491758108139,False,NONE
241,1383,1579,296.31705237,19.42376350908454,11225.0,30.093833780160857,27.669354838709676,1.2949396800846915,1.1906141890970796,1.9876349747423547,True,True,640,PV+/PNN+,137.43391437,13.228238528376714,296.31705237,19.42376350908454,-0.08832870423793793,False,NONE
242,1285,1562,296.31705237,19.42376350908454,10076.0,27.013404825737265,22.217741935483872,1.1623886161722363,0.9560309212947987,3.1449425293323765,True,True,607,PV+/PNN+,175.56586749,14.951167352217066,296.31705237,19.42376350908454,-0.08286641538143158,False,NONE
243,1332,1527,296.31705237,19.42376350908454,19511.0,52.30831099195711,35.49193548387097,2.2508301201008836,1.527220357393252,1.6228385934504581,True,False,-1,PV-/PNN+,0.0,0.0,296.31705237,19.42376350908454,0.5009880065917969,False,NONE
244,1666,2149,296.31705237,19.42376350908454,24614.0,65.9892761394102,63.66935483870968,2.8395229653099867,2.7396965965961657,2.162698117507099,True,True,722,PV+/PNN+,277.25107581,18.788481405948126,296.31705237,19.42376350908454,3.089155435562134,False,NONE
245,1546,2073,296.31705237,19.42376350908454,33155.0,88.88739946380697,85.50806451612904,3.824830743270196,3.6794177344786756,2.9014189396763914,True,True,691,PV+/PNN+,239.91353838,17.477625822254957,296.31705237,19.42376350908454,2.8708980083465576,False,NONE
246,1546,2202,296.31705237,19.42376350908454,68815.0,184.49061662198392,159.4516129032258,7.93864357104927,6.86121356654837,2.7804721501685328,True,True,692,PV+/PNN+,243.09120114,17.592990941526047,296.31705237,19.42376350908454,1.816358208656311,False,NONE
247,1383,2131,296.31705237,19.42376350908454,59433.0,159.3378016085791,129.8548387096774,6.8563162589285955,5.58766239371646,2.7713440905830344,True,True,642,PV+/PNN+,201.78158526,16.02860860313152,296.31705237,19.42376350908454,2.6554744243621826,False,NONE
248,1339,1889,296.31705237,19.42376350908454,54430.0,145.92493297587131,101.94354838709677,6.27915962467793,4.386637704568984,1.880054272484691,True,True,627,PV+/PNN+,246.2688639,17.70760447249943,296.31705237,19.42376350908454,2.450974702835083,False,NONE
249,1656,2267,296.31705237,19.42376350908454,52033.0,139.49865951742626,102.64516129032258,6.002636648004165,4.416828154715136,2.341999287936539,True,True,721,PV+/PNN+,177.15469887,15.0186673222671,296.31705237,19.42376350908454,2.817514181137085,False,NONE
250,1266,2190,296.31705237,19.42376350908454,82792.0,221.96246648793564,199.74193548387098,9.551059776710181,8.59490884160783,2.2712568261489237,True,True,597,PV+/PNN+,89.76897297000001,10.690996505268624,296.31705237,19.42376350908454,1.9898240566253662,False,NONE
251,1651,1964,296.31705237,19.42376350908454,10293.0,27.595174262734584,20.35483870967742,1.1874221939520473,0.8758700709067412,1.566440225297198,True,True,718,PV+/PNN+,186.68768715,15.417462365594622,296.31705237,19.42376350908454,-0.009818542748689651,False,NONE
252,1269,1920,296.31705237,19.42376350908454,40008.0,107.26005361930295,96.05645161290323,4.615407280251969,4.133315536675989,2.832958492785151,True,True,599,PV+/PNN+,283.60640133,19.002602066911443,296.31705237,19.42376350908454,1.930606484413147,False,NONE
253,1465,2161,296.31705237,19.42376350908454,52836.0,141.6514745308311,106.5241935483871,6.095272422000425,4.583743172189836,2.599540969098826,True,True,671,PV+/PNN+,174.7714518,14.917302830020427,296.31705237,19.42376350908454,2.1173903942108154,False,NONE
254,1447,2285,296.31705237,19.42376350908454,63127.0,169.24128686327077,108.7258064516129,7.282463891733303,4.678478722648449,3.7307683534445646,True,True,662,PV+/PNN+,163.64963214,14.434859996619657,296.31705237,19.42376350908454,1.7221909761428833,False,NONE
255,1310,2097,296.31705237,19.42376350908454,80651.0,216.2225201072386,179.15322580645162,9.30406950009002,7.708975287319039,3.1103863037587023,True,True,617,PV+/PNN+,341.5987467,20.85514403523529,296.31705237,19.42376350908454,2.1081976890563965,False,NONE
256,1354,2185,296.31705237,19.42376350908454,63079.0,169.11260053619304,134.92741935483872,7.2769265104732535,5.805935878106453,2.2631067729475856,True,False,-1,PV-/PNN+,0.0,0.0,296.31705237,19.42376350908454,1.3180288076400757,False,NONE
257,1593,2124,296.31705237,19.42376350908454,17823.0,47.7828418230563,43.49193548387097,2.0560988791224464,1.871460892393049,3.3112036146396755,True,True,704,PV+/PNN+,264.54042477,18.352747205751005,296.31705237,19.42376350908454,1.3559937477111816,False,NONE
258,1457,2191,296.31705237,19.42376350908454,38816.0,104.06434316353888,88.46774193548387,4.477895645627385,3.8067728517618664,2.763846041637803,True,True,666,PV+/PNN+,197.01509112,15.83816292767521,296.31705237,19.42376350908454,1.4180513620376587,False,NONE
259,1313,2260,296.31705237,19.42376350908454,60062.0,161.0241286863271,132.8790322580645,6.928879025857172,5.717793644346424,2.9464072333477787,True,True,619,PV+/PNN+,158.08872231,14.187487896796528,296.31705237,19.42376350908454,2.174560785293579,False,NONE
260,1532,2135,296.31705237,19.42376350908454,21447.0,57.498659517426276,56.983870967741936,2.474171164256248,2.4520197785368594,4.231833624262836,True,True,687,PV+/PNN+,220.84756182,16.76877601578504,296.31705237,19.42376350908454,0.3769012987613678,False,NONE
261,1683,2256,296.31705237,19.42376350908454,26745.0,71.7024128686327,66.75806451612904,3.0853596208343053,2.872603980572902,2.4231738178218674,True,True,725,PV+/PNN+,181.92119301,15.21937110940298,296.31705237,19.42376350908454,1.3681195974349976,False,NONE
262,1451,2016,296.31705237,19.42376350908454,19254.0,51.61930294906166,61.814516129032256,2.2211820579376975,2.6598827628764545,1.8001837511115768,True,False,-1,PV-/PNN+,0.0,0.0,296.31705237,19.42376350908454,0.030553068965673447,False,NONE
263,1360,2232,296.31705237,19.42376350908454,38738.0,103.85522788203754,106.49193548387096,4.468897401079802,4.582355105516449,3.7209882896029587,True,True,634,PV+/PNN+,163.64963214,14.434859996619657,296.31705237,19.42376350908454,1.2380770444869995,False,NONE
264,1481,1954,296.31705237,19.42376350908454,7227.0,19.37533512064343,20.491935483870968,0.8337219659663311,0.8817693542686329,1.3476927973732813,True,False,-1,PV-/PNN+,0.0,0.0,296.31705237,19.42376350908454,0.07748068869113922,False,NONE
265,1457,2121,296.31705237,19.42376350908454,24696.0,66.20911528150134,72.46774193548387,2.8489826582959057,3.118291781762273,3.2508932209497727,True,True,669,PV+/PNN+,194.63184405,15.742076118135982,296.31705237,19.42376350908454,0.7704786062240601,False,NONE
266,1247,2137,296.31705237,19.42376350908454,32972.0,88.39678284182305,102.15322580645162,3.803719477216254,4.3956601379459945,3.595803472430404,True,True,587,PV+/PNN+,203.37041664,16.091589626115688,296.31705237,19.42376350908454,0.42360353469848633,False,NONE
267,1312,2210,296.31705237,19.42376350908454,26973.0,72.31367292225201,80.25806451612904,3.1116621818195442,3.4535098833850593,2.061311455682452,True,False,-1,PV-/PNN+,0.0,0.0,296.31705237,19.42376350908454,0.34952154755592346,False,NONE
268,1287,1942,296.31705237,19.42376350908454,44440.0,119.14209115281501,111.68548387096774,5.1266921499299505,4.80583383993164,1.9527527470406278,True,False,-1,PV-/PNN+,0.0,0.0,296.31705237,19.42376350908454,0.580033004283905,False,NONE
269,1481,2271,296.31705237,19.42376350908454,32029.0,85.8686327077748,88.78225806451613,3.6949330078781815,3.8203065018273827,1.9243905618999706,True,False,-1,PV-/PNN+,0.0,0.0,296.31705237,19.42376350908454,-0.6399692296981812,False,NONE
270,1356,2105,296.31705237,19.42376350908454,15596.0,41.812332439678286,47.33870967741935,1.7991874610780267,2.036987843194362,1.7258552659153727,True,False,-1,PV-/PNN+,0.0,0.0,296.31705237,19.42376350908454,-0.6037766933441162,False,NONE
271,1272,1965,296.31705237,19.42376350908454,24497.0,65.67560321715818,62.79838709677419,2.8260255984886142,2.702218796414736,2.1946463260563447,True,True,596,PV+/PNN+,152.52781248,13.935725403490322,296.31705237,19.42376350908454,-0.037594813853502274,False,NONE
272,1402,2275,296.31705237,19.42376350908454,29826.0,79.96246648793566,93.79032258064517,3.440790280463787,4.035803852870602,2.00654309816946,True,False,-1,PV-/PNN+,0.0,0.0,296.31705237,19.42376350908454,0.39648136496543884,False,NONE
273,1440,2143,296.31705237,19.42376350908454,32341.0,86.70509383378015,76.58064516129032,3.7309259860685087,3.295270282619023,2.025777223724618,True,False,-1,PV-/PNN+,0.0,0.0,296.31705237,19.42376350908454,0.5564253330230713,False,NONE
274,1645,2739,296.31705237,19.42376350908454,66474.0,178.21447721179624,175.88709677419354,7.66858087251223,7.568433536638678,1.9237385576438635,True,False,-1,PV-/PNN+,0.0,0.0,296.31705237,19.42376350908454,2.5826659202575684,False,NONE
275,1449,2457,296.31705237,19.42376350908454,58989.0,158.14745308310992,132.8951612903226,6.8050954822731295,5.718487677683118,3.3578219189513296,True,True,664,PV+/PNN+,195.42625974,15.774170088491289,296.31705237,19.42376350908454,2.9543426036834717,False,NONE
276,1488,2534,296.31705237,19.42376350908454,54197.0,145.30026809651474,142.9516129032258,6.252280253144769,6.151217463111289,2.454470022115006,True,True,679,PV+/PNN+,172.38820473,14.815244827816286,296.31705237,19.42376350908454,2.2671005725860596,False,NONE
277,1574,2612,296.31705237,19.42376350908454,62696.0,168.0857908847185,141.11290322580646,7.232742822502434,6.072097662728272,2.2500666878254445,True,True,699,PV+/PNN+,159.67755369,14.258603569939101,296.31705237,19.42376350908454,2.148388624191284,False,NONE
278,1516,2681,296.31705237,19.42376350908454,57864.0,155.1313672922252,147.54032258064515,6.675313108990699,6.348669947400487,2.8512146119561486,True,True,685,PV+/PNN+,197.01509112,15.83816292767521,296.31705237,19.42376350908454,1.5399181842803955,False,NONE
279,1538,2445,296.31705237,19.42376350908454,82161.0,220.27077747989276,208.92741935483872,9.478266285562436,8.990160826854574,3.785536710957557,True,True,688,PV+/PNN+,227.20288734,17.008342095551114,296.31705237,19.42376350908454,2.467754602432251,False,NONE
280,1621,2707,296.31705237,19.42376350908454,48565.0,130.20107238605897,118.64516129032258,5.602560851965527,5.105309224714729,2.08608761741452,True,False,-1,PV-/PNN+,0.0,0.0,296.31705237,19.42376350908454,1.1158565282821655,False,NONE
281,1381,2404,296.31705237,19.42376350908454,63642.0,170.62198391420912,166.6048387096774,7.34187537816926,7.169017351371777,3.301423550798069,True,True,639,PV+/PNN+,219.25873044,16.708347797572188,296.31705237,19.42376350908454,2.4354326725006104,False,NONE
282,1533,2752,296.31705237,19.42376350908454,58279.0,156.24396782841822,117.9274193548387,6.723188384468217,5.074424741231884,1.560898189120288,True,False,-1,PV-/PNN+,0.0,0.0,296.31705237,19.42376350908454,1.7881484031677246,False,NONE
283,1343,2528,296.31705237,19.42376350908454,55464.0,148.6970509383378,104.45161290322581,6.398444045988182,4.494559888424767,1.5827403316998743,True,False,-1,PV-/PNN+,0.0,0.0,296.31705237,19.42376350908454,1.7260030508041382,False,NONE
284,1463,2506,296.31705237,19.42376350908454,47498.0,127.34048257372655,128.17741935483872,5.479469481038992,5.515482926700375,3.6267736745954897,True,True,667,PV+/PNN+,320.94393876,20.214809286072732,296.31705237,19.42376350908454,2.0347776412963867,False,NONE
285,1570,2381,296.31705237,19.42376350908454,39586.0,106.12868632707774,97.2741935483871,4.566724470007358,4.18571505359632,4.071114575132447,True,True,695,PV+/PNN+,228.79171872,17.067708217046253,296.31705237,19.42376350908454,0.8113515377044678,False,NONE
286,1464,2660,296.31705237,19.42376350908454,50950.0,136.5951742627346,117.61290322580645,5.87769948332428,5.0608910911663685,1.8520180894720877,True,False,-1,PV-/PNN+,0.0,0.0,296.31705237,19.42376350908454,1.9360042810440063,False,NONE
287,1600,2748,296.31705237,19.42376350908454,27503.0,73.73458445040214,81.26612903225806,3.172804099899267,3.49688696692838,2.227572540989751,True,True,706,PV+/PNN+,139.02274575,13.304482609502795,296.31705237,19.42376350908454,2.058401346206665,False,NONE
288,1324,2601,296.31705237,19.42376350908454,46498.0,124.65951742627345,87.00806451612904,5.364107371454609,3.743962834791138,2.2115984367151285,True,True,624,PV+/PNN+,158.08872231,14.187487896796528,296.31705237,19.42376350908454,1.1601415872573853,False,NONE
289,1400,2561,296.31705237,19.42376350908454,68144.0,182.69168900804289,158.86290322580646,7.861235595518148,6.835881349759071,2.188452285623328,True,True,647,PV+/PNN+,81.82481607,10.206987389088184,296.31705237,19.42376350908454,2.3645236492156982,False,NONE
290,1588,2796,296.31705237,19.42376350908454,26316.0,70.55227882037534,69.29838709677419,3.035869275822605,2.981914231102071,1.7388953510375138,True,False,-1,PV-/PNN+,0.0,0.0,296.31705237,19.42376350908454,1.430580496788025,False,NONE
291,1511,2431,296.31705237,19.42376350908454,36705.0,98.40482573726541,78.2741935483871,4.234366232294753,3.368143782971803,2.3892695965043007,True,True,684,PV+/PNN+,115.19027505,12.110524900374061,296.31705237,19.42376350908454,1.4447736740112305,False,NONE
292,1318,2370,296.31705237,19.42376350908454,44696.0,119.828418230563,97.29838709677419,5.156224849983553,4.18675610360136,1.8735342299236206,True,False,-1,PV-/PNN+,0.0,0.0,296.31705237,19.42376350908454,0.6684262156486511,False,NONE
293,1290,2549,296.31705237,19.42376350908454,74716.0,200.31099195710456,157.58870967741936,8.61939537970671,6.781052716160313,1.5934984019256406,True,False,-1,PV-/PNN+,0.0,0.0,296.31705237,19.42376350908454,1.476068139076233,False,NONE
294,1279,2595,296.31705237,19.42376350908454,56591.0,151.71849865951742,100.21774193548387,6.52845714348978,4.3123761375428185,1.8432160320146427,True,True,606,PV+/PNN+,112.01261229,11.942314996545516,296.31705237,19.42376350908454,0.4421601891517639,False,NONE
295,1556,2783,296.31705237,19.42376350908454,30311.0,81.2627345844504,63.854838709677416,3.4967409036122126,2.7476779799681363,1.8653841767222823,True,False,-1,PV-/PNN+,0.0,0.0,296.31705237,19.42376350908454,-0.20584283769130707,False,NONE
296,1634,2674,296.31705237,19.42376350908454,47215.0,126.58176943699732,109.35483870967742,5.446822004026611,4.705546022779481,2.3638414305161253,True,True,712,PV+/PNN+,208.13691078,16.279070781961433,296.31705237,19.42376350908454,0.628015398979187,False,NONE
297,1447,2561,296.31705237,19.42376350908454,37062.0,99.36193029490616,76.13709677419355,4.275550505416377,3.276184365859962,2.0133891428585837,True,True,659,PV+/PNN+,95.32988280000001,11.017158280424605,296.31705237,19.42376350908454,1.246256947517395,False,NONE
298,1237,2503,296.31705237,19.42376350908454,50485.0,135.3485254691689,104.3225806451613,5.824056102367542,4.489007621731222,1.77182156597092,True,False,-1,PV-/PNN+,0.0,0.0,296.31705237,19.42376350908454,0.5584213137626648,False,NONE
299,1569,2666,296.31705237,19.42376350908454,38792.0,104.0,91.31451612903226,4.475126954997359,3.9292697356882056,3.0572479568859774,True,True,696,PV+/PNN+,191.45418129,15.61304053102159,296.31705237,19.42376350908454,1.246389389038086,False,NONE
300,1396,2710,296.31705237,19.42376350908454,53034.0,142.1823056300268,151.0241935483871,6.118114119698132,6.498581148126205,1.662936855201042,True,False,-1,PV-/PNN+,0.0,0.0,296.31705237,19.42376350908454,1.144492506980896,False,NONE
301,1250,2584,296.31705237,19.42376350908454,84449.0,226.4048257372654,195.3548387096774,9.742214792291502,8.406131774027298,1.5380780401565413,True,False,-1,PV-/PNN+,0.0,0.0,296.31705237,19.42376350908454,0.9325072169303894,False,NONE
302,1314,2739,296.31705237,19.42376350908454,71071.0,190.53887399463807,144.08064516129033,8.198900490271637,6.19979979667981,1.4917857379729402,True,False,-1,PV-/PNN+,0.0,0.0,296.31705237,19.42376350908454,0.6734065413475037,False,NONE
303,1611,2477,296.31705237,19.42376350908454,31362.0,84.0804289544236,71.20967741935483,3.6179864807853988,3.0641571815002075,2.25984675166705,True,True,707,PV+/PNN+,154.91105955,14.044176264056347,296.31705237,19.42376350908454,0.9329089522361755,False,NONE
304,1239,2546,296.31705237,19.42376350908454,58687.0,157.3378016085791,127.37096774193549,6.770256125178646,5.480781259865718,1.8210478873070026,True,False,-1,PV-/PNN+,0.0,0.0,296.31705237,19.42376350908454,0.7211888432502747,False,NONE
305,1400,2788,296.31705237,19.42376350908454,54374.0,145.77479892761394,94.63709677419355,6.272699346541205,4.072240603046993,1.7144451914334993,True,True,649,PV+/PNN+,72.29182779,9.593998848416254,296.31705237,19.42376350908454,1.314092755317688,False,NONE
306,1641,2844,296.31705237,19.42376350908454,33828.0,90.6916890080429,86.45967741935483,3.9024694430204856,3.7203657013435705,1.748349412751066,True,False,-1,PV-/PNN+,0.0,0.0,296.31705237,19.42376350908454,1.791059970855713,False,NONE
307,1433,2408,296.31705237,19.42376350908454,25018.0,67.07238605898124,64.25,2.8861292575820774,2.7646817967171184,1.9465587066076104,True,False,-1,PV-/PNN+,0.0,0.0,296.31705237,19.42376350908454,0.09887737035751343,False,NONE
308,1678,2677,296.31705237,19.42376350908454,37938.0,101.71045576407506,109.54838709677419,4.376607713412296,4.713874422819799,1.8523440916001412,True,False,-1,PV-/PNN+,0.0,0.0,296.31705237,19.42376350908454,-0.5072071552276611,False,NONE
309,1284,2635,296.31705237,19.42376350908454,89477.0,239.8847184986595,232.16129032258064,10.322255479281777,9.98991584836104,1.5221039358819184,True,False,-1,PV-/PNN+,0.0,0.0,296.31705237,19.42376350908454,0.8807661533355713,False,NONE
310,1291,2707,296.31705237,19.42376350908454,69754.0,187.00804289544237,146.41129032258064,8.046968591949005,6.300087613831968,1.6104505125844242,True,False,-1,PV-/PNN+,0.0,0.0,296.31705237,19.42376350908454,0.6817059516906738,False,NONE
311,1619,2555,296.31705237,19.42376350908454,48773.0,130.75871313672923,119.28225806451613,5.62655617075908,5.132723541514109,2.8544746332366837,True,True,708,PV+/PNN+,181.12677732,15.186104684686722,296.31705237,19.42376350908454,0.18064367771148682,False,NONE
312,1445,2797,296.31705237,19.42376350908454,33591.0,90.05630026809652,64.13709677419355,3.8751286230489868,2.759823563360267,1.6172965572735483,True,False,-1,PV-/PNN+,0.0,0.0,296.31705237,19.42376350908454,0.75935959815979,False,NONE
313,1265,2748,296.31705237,19.42376350908454,27689.0,74.23324396782841,91.98387096774194,3.194261452281962,3.958072119160971,1.5341660146198988,True,False,-1,PV-/PNN+,0.0,0.0,296.31705237,19.42376350908454,-0.16081146895885468,False,NONE
314,1479,2740,296.31705237,19.42376350908454,17215.0,46.152815013404826,39.556451612903224,1.9859587164951418,1.7021167582399228,1.9644888236505544,True,True,674,PV+/PNN+,144.58365558,13.56796328882212,296.31705237,19.42376350908454,0.590806782245636,False,NONE
315,1716,2644,296.31705237,19.42376350908454,17396.0,46.638069705093834,55.96774193548387,2.006839258329915,2.408295678325192,1.5380780401565413,True,False,-1,PV-/PNN+,0.0,0.0,296.31705237,19.42376350908454,-0.4742748737335205,False,NONE
316,1485,2640,296.31705237,19.42376350908454,31114.0,83.41554959785523,85.9274193548387,3.5893766776084717,3.6974626012326968,1.7666055319220635,True,False,-1,PV-/PNN+,0.0,0.0,296.31705237,19.42376350908454,-0.40588903427124023,False,NONE
317,1512,2843,296.31705237,19.42376350908454,34918.0,93.61394101876675,85.49193548387096,4.028214142467462,3.678723701141982,1.4924377422290471,True,False,-1,PV-/PNN+,0.0,0.0,296.31705237,19.42376350908454,1.6144672632217407,False,NONE
318,1861,423,296.31705237,19.42376350908454,56098.0,150.39678284182307,104.99193548387096,6.47158362346468,4.5178100052039865,3.174934725113301,True,True,937,PV+/PNN+,127.1065104,12.721518597815718,296.31705237,19.42376350908454,2.220604419708252,False,NONE
319,1872,563,296.31705237,19.42376350908454,42300.0,113.40482573726541,100.84677419354838,4.879817235419372,4.33944343767385,3.1227743846247367,True,False,-1,PV-/PNN+,0.0,0.0,296.31705237,19.42376350908454,2.9665563106536865,False,NONE
320,1808,188,296.31705237,19.42376350908454,62491.0,167.53619302949062,135.2983870967742,7.209093590037636,5.821898644850395,2.8456725757792385,True,True,828,PV+/PNN+,150.14456541,13.82642390884524,296.31705237,19.42376350908454,1.9477792978286743,False,NONE
321,1813,149,296.31705237,19.42376350908454,52581.0,140.96782841823057,98.7741935483871,6.065855084056407,4.2502601539087825,3.0429038632516225,True,True,841,PV+/PNN+,105.65728677,11.598579038183399,296.31705237,19.42376350908454,0.6376097202301025,False,NONE
322,1906,404,296.31705237,19.42376350908454,40629.0,108.92493297587131,78.83870967741936,4.6870471503038695,3.392434949756063,3.2577392656388966,True,True,994,PV+/PNN+,179.53794594000001,15.11935225303425,296.31705237,19.42376350908454,2.441344976425171,False,NONE
323,1917,512,296.31705237,19.42376350908454,42283.0,113.35924932975871,100.34677419354838,4.877856079556437,4.317928404236363,3.575265338363032,True,False,-1,PV-/PNN+,0.0,0.0,296.31705237,19.42376350908454,2.6912999153137207,False,NONE
324,1824,505,296.31705237,19.42376350908454,32928.0,88.27882037533512,62.63709677419355,3.7986435443945408,2.6952784630478046,2.5594427073482415,True,False,-1,PV-/PNN+,0.0,0.0,296.31705237,19.42376350908454,1.342637538909912,False,NONE
325,1837,53,296.31705237,19.42376350908454,39208.0,105.11528150134048,77.49193548387096,4.5231175925844616,3.334483166142185,2.6637633883253704,True,True,883,PV+/PNN+,119.1623535,12.317557416952052,296.31705237,19.42376350908454,1.6276304721832275,False,NONE
326,1854,345,296.31705237,19.42376350908454,30480.0,81.71581769436997,72.1774193548387,3.516237100131973,3.105799181701796,3.377382046634541,True,True,915,PV+/PNN+,169.21054197,14.678063680958498,296.31705237,19.42376350908454,1.6430035829544067,False,NONE
327,1814,96,296.31705237,19.42376350908454,23037.0,61.761394101876675,76.5241935483871,2.6575969184954156,3.2928411659405974,1.3121585654154468,True,True,834,PV+/PNN+,238.324707,17.4196567543629,296.31705237,19.42376350908454,0.0716242790222168,False,NONE
328,1860,107,296.31705237,19.42376350908454,22212.0,59.54959785522788,67.49193548387096,2.5624231780883,2.9041824973924393,1.835391980941358,True,True,936,PV+/PNN+,112.80702798,11.984588810142046,296.31705237,19.42376350908454,0.7843114733695984,False,NONE
329,1813,287,296.31705237,19.42376350908454,18693.0,50.11528150134048,62.37903225806452,2.156463914460859,2.6841739296607146,2.0554434173774885,True,True,842,PV+/PNN+,160.47196938,14.29402872657482,296.31705237,19.42376350908454,0.1747937798500061,False,NONE
330,1798,363,296.31705237,19.42376350908454,19044.0,51.056300268096514,61.37096774193548,2.196956014924977,2.640796846117393,1.7020571105674651,True,True,812,PV+/PNN+,169.21054197,14.678063680958498,296.31705237,19.42376350908454,-0.6012352108955383,False,NONE
331,1811,230,296.31705237,19.42376350908454,13604.0,36.47184986595174,35.354838709677416,1.569386138785937,1.52132107403136,1.4422334145088043,True,False,-1,PV-/PNN+,0.0,0.0,296.31705237,19.42376350908454,-0.5658144354820251,False,NONE
332,1808,719,296.31705237,19.42376350908454,71336.0,191.24932975871315,175.96774193548387,8.229471449311498,7.571903703322144,2.0554434173774885,True,False,-1,PV-/PNN+,0.0,0.0,296.31705237,19.42376350908454,2.3987863063812256,False,NONE
333,1826,2595,296.31705237,19.42376350908454,71420.0,191.4745308310992,198.42741935483872,8.239161866516586,8.538345124667341,2.4466459710417214,True,True,858,PV+/PNN+,280.42873857,18.895845030787132,296.31705237,19.42376350908454,3.1257219314575195,False,NONE
334,1850,2528,296.31705237,19.42376350908454,39945.0,107.0911528150134,94.12096774193549,4.608139467348152,4.050031536272812,2.471748134901843,True,True,903,PV+/PNN+,288.37289547,19.16162242979919,296.31705237,19.42376350908454,1.294240951538086,False,NONE
335,1809,2474,296.31705237,19.42376350908454,40763.0,109.28418230563003,74.6774193548387,4.702505672988177,3.2133743488892326,2.4710961306457357,True,True,832,PV+/PNN+,267.71808753,18.462644877808422,296.31705237,19.42376350908454,2.569586992263794,False,NONE
336,1911,2394,296.31705237,19.42376350908454,11272.0,30.219839142091153,27.870967741935484,1.3003616992351577,1.1992896058057438,1.5494881146384145,True,True,998,PV+/PNN+,252.62418942,17.93463431258665,296.31705237,19.42376350908454,1.2017067670822144,False,NONE
337,1903,2559,296.31705237,19.42376350908454,26102.0,69.97855227882037,56.86290322580645,3.0111817843715474,2.446814528511661,2.1229258578845687,True,True,991,PV+/PNN+,247.06327959,17.736142129165177,296.31705237,19.42376350908454,1.77007257938385,False,NONE
338,1852,2764,296.31705237,19.42376350908454,45749.0,122.6514745308311,110.50806451612904,5.277701151375907,4.7551694063530405,2.387639585864033,True,True,910,PV+/PNN+,212.90340492,16.464417218744998,296.31705237,19.42376350908454,1.5578762292861938,False,NONE
339,1818,2550,296.31705237,19.42376350908454,30399.0,81.49865951742628,77.41129032258064,3.5068927692556384,3.3310129994587196,2.2151844601237167,True,True,849,PV+/PNN+,182.7156087,15.252564978953412,296.31705237,19.42376350908454,1.0190865993499756,False,NONE
340,1910,2777,296.31705237,19.42376350908454,62688.0,168.06434316353887,146.9516129032258,7.231819925625759,6.323337730611187,2.2001883622332548,True,True,999,PV+/PNN+,213.69782061,16.495105814282397,296.31705237,19.42376350908454,2.6835832595825195,False,NONE
341,1916,2702,296.31705237,19.42376350908454,52586.0,140.98123324396784,125.64516129032258,6.066431894604329,5.406519692839551,1.776711597891723,True,False,-1,PV-/PNN+,0.0,0.0,296.31705237,19.42376350908454,1.9132834672927856,False,NONE
342,1925,2839,296.31705237,19.42376350908454,44660.0,119.73190348525469,100.91935483870968,5.152071814038514,4.34256658768897,2.050879387584739,True,True,1015,PV+/PNN+,256.59626787,18.075079952341586,296.31705237,19.42376350908454,1.2014352083206177,False,NONE
343,1175,1784,296.31705237,19.42376350908454,49794.0,133.4959785522788,107.58870967741936,5.744340884644733,4.629549372411582,2.773300103351356,True,True,545,PV+/PNN+,239.11912269,17.448665361891926,296.31705237,19.42376350908454,2.7830965518951416,False,NONE
344,831,2358,296.31705237,19.42376350908454,55286.0,148.21983914209116,128.23387096774192,6.377909590482162,5.5179120433788,1.646962750926419,True,False,-1,PV-/PNN+,0.0,0.0,296.31705237,19.42376350908454,2.0653698444366455,False,NONE
345,602,28,296.31705237,19.42376350908454,61299.0,164.34048257372655,158.56451612903226,7.071581955413053,6.823041733030248,1.9273245810524524,True,False,-1,PV-/PNN+,0.0,0.0,296.31705237,19.42376350908454,1.278493046760559,False,NONE
346,1183,1958,296.31705237,19.42376350908454,40711.0,109.14477211796246,90.87096774193549,4.6965068432897885,3.9101838189291445,2.2549567197462475,True,True,554,PV+/PNN+,161.26638507,14.329366305165497,296.31705237,19.42376350908454,2.289016008377075,False,NONE
347,632,506,296.31705237,19.42376350908454,36548.0,97.98391420911528,79.79838709677419,4.216254381090005,3.433729933289304,5.5915885003740975,True,True,138,PV+/PNN+,251.03535804,17.87814713507186,296.31705237,19.42376350908454,2.055375099182129,False,NONE
348,329,602,296.31705237,19.42376350908454,15314.0,41.056300268096514,41.11290322580645,1.7666553461752308,1.7690909752308108,3.5723313192105506,True,True,29,PV+/PNN+,154.91105955,14.044176264056347,296.31705237,19.42376350908454,1.7092732191085815,False,NONE
349,1784,611,296.31705237,19.42376350908454,75801.0,203.21983914209116,170.3709677419355,8.744563268605765,7.331074135489626,2.6653933989656378,True,True,797,PV+/PNN+,52.43143554,8.17054325713784,296.31705237,19.42376350908454,2.8895151615142822,False,NONE
350,1383,1786,296.31705237,19.42376350908454,29298.0,78.54691689008042,69.26612903225806,3.3798790866032333,2.9805261644286847,2.4652280923407726,True,True,641,PV+/PNN+,209.72574216,16.34108651427568,296.31705237,19.42376350908454,2.123370885848999,False,NONE
351,1116,1160,296.31705237,19.42376350908454,45636.0,122.3485254691689,68.23387096774194,5.264665232992872,2.936108030880324,2.844694569395078,True,True,489,PV+/PNN+,202.57600095,16.06012998776311,296.31705237,19.42376350908454,2.7832696437835693,False,NONE
352,584,611,296.31705237,19.42376350908454,15398.0,41.28150134048257,27.620967741935484,1.7763457633803188,1.1885320890870001,4.0319943197660235,True,True,126,PV+/PNN+,176.36028318,14.984955344126575,296.31705237,19.42376350908454,1.7073891162872314,False,NONE
353,1171,1672,296.31705237,19.42376350908454,31395.0,84.16890080428955,72.86290322580645,3.6217934304016834,3.1352955985112545,2.2575647367706755,True,False,-1,PV-/PNN+,0.0,0.0,296.31705237,19.42376350908454,2.01505708694458,False,NONE
354,538,1195,296.31705237,19.42376350908454,59276.0,158.91689008042894,109.58064516129032,6.838204407723846,4.715262489493185,2.115101806811284,True,False,-1,PV-/PNN+,0.0,0.0,296.31705237,19.42376350908454,1.8264391422271729,False,NONE
355,1152,69,296.31705237,19.42376350908454,45442.0,121.828418230563,98.64516129032258,5.2422849837335015,4.244707887215237,1.4070251846790232,True,False,-1,PV-/PNN+,0.0,0.0,296.31705237,19.42376350908454,2.1232187747955322,False,NONE
356,1461,2343,296.31705237,19.42376350908454,40139.0,107.6112600536193,106.96774193548387,4.630519716607522,4.602829088948897,3.4640986126967794,True,True,670,PV+/PNN+,177.94911456,15.05230379737267,296.31705237,19.42376350908454,2.5930583477020264,False,NONE
357,1730,2525,296.31705237,19.42376350908454,34598.0,92.75603217158177,75.44354838709677,3.9912982674004596,3.246340932382157,2.596606949946344,True,True,734,PV+/PNN+,193.04301267,15.67769107892661,296.31705237,19.42376350908454,2.9573895931243896,False,NONE
358,427,1212,296.31705237,19.42376350908454,11654.0,31.24396782841823,23.983870967741936,1.3444300250963916,1.0320275716626974,3.293925501852838,True,True,57,PV+/PNN+,187.48210284,15.45023065413564,296.31705237,19.42376350908454,0.535990834236145,False,NONE
359,812,604,296.31705237,19.42376350908454,23322.0,62.525469168900806,45.024193548387096,2.6904751197269645,1.937394059378897,3.8751872961722773,True,True,233,PV+/PNN+,159.67755369,14.258603569939101,296.31705237,19.42376350908454,2.0368587970733643,False,NONE
360,1321,1750,296.31705237,19.42376350908454,20340.0,54.53083109919571,53.983870967741936,2.3464653089463363,2.322929577911936,2.0776115620851283,True,False,-1,PV-/PNN+,0.0,0.0,296.31705237,19.42376350908454,2.073293447494507,False,NONE
361,1743,2464,296.31705237,19.42376350908454,35125.0,94.16890080428955,68.16129032258064,4.05209409915143,2.9329848808652046,2.3429772943206997,True,True,746,PV+/PNN+,223.23080889,16.859012233282403,296.31705237,19.42376350908454,1.4430187940597534,False,NONE
362,1152,840,296.31705237,19.42376350908454,21853.0,58.58713136729222,31.943548387096776,2.521008180747507,1.3745330233207615,2.260498755923157,True,True,533,PV+/PNN+,207.34249509,16.24797415226416,296.31705237,19.42376350908454,2.1224610805511475,False,NONE
363,607,1979,296.31705237,19.42376350908454,7285.0,19.530831099195712,16.048387096774192,0.8404129683222253,0.690563170009673,1.601648455126979,True,True,134,PV+/PNN+,193.04301267,15.67769107892661,296.31705237,19.42376350908454,-0.5218284130096436,False,NONE
364,789,1156,296.31705237,19.42376350908454,25191.0,67.53619302949062,53.75,2.906086902540175,2.3128660945298853,2.7697140799427666,True,True,223,PV+/PNN+,147.76131834,13.716251444643651,296.31705237,19.42376350908454,1.6649830341339111,False,NONE
365,1421,2314,296.31705237,19.42376350908454,60434.0,162.0214477211796,135.91129032258064,6.971793730622561,5.848271911644734,3.8790993217089196,True,True,654,PV+/PNN+,190.65976560000001,15.580614658987523,296.31705237,19.42376350908454,2.5812885761260986,False,NONE
366,889,607,296.31705237,19.42376350908454,29984.0,80.38605898123325,45.693548387096776,3.45901749377812,1.9661964428516623,1.7134671850493388,True,False,-1,PV-/PNN+,0.0,0.0,296.31705237,19.42376350908454,1.7173372507095337,False,NONE
367,628,197,296.31705237,19.42376350908454,50331.0,134.93565683646113,102.2258064516129,5.806290337491547,4.3987832879611135,3.8468251110316203,True,True,140,PV+/PNN+,183.51002439,15.28568676601291,296.31705237,19.42376350908454,1.4094113111495972,False,NONE
368,1213,1288,296.31705237,19.42376350908454,22952.0,61.533512064343164,39.42741935483871,2.647791139180743,1.696564491546378,1.7499794233913337,True,True,579,PV+/PNN+,142.20040851,13.455674765407588,296.31705237,19.42376350908454,1.086391806602478,False,NONE
369,577,85,296.31705237,19.42376350908454,60174.0,161.32439678284183,138.4516129032258,6.941799582130622,5.957582162173903,2.541186588177244,True,False,-1,PV-/PNN+,0.0,0.0,296.31705237,19.42376350908454,1.5026661157608032,False,NONE
370,1600,2363,296.31705237,19.42376350908454,49421.0,132.4959785522788,103.36290322580645,5.701310817769759,4.44771263819798,1.9902429917667832,True,False,-1,PV-/PNN+,0.0,0.0,296.31705237,19.42376350908454,1.739627718925476,False,NONE
371,1160,1493,296.31705237,19.42376350908454,28226.0,75.67292225201072,63.443548387096776,3.2562109051287753,2.7299801298824615,2.0169751662671724,True,True,540,PV+/PNN+,142.9948242,13.493208101259413,296.31705237,19.42376350908454,0.6590600609779358,False,NONE
372,1214,1450,296.31705237,19.42376350908454,41447.0,111.11796246648794,87.75806451612904,4.7814133559438945,3.7762353849473684,2.3367832538876825,True,True,576,PV+/PNN+,195.42625974,15.774170088491289,296.31705237,19.42376350908454,2.0870139598846436,False,NONE
373,1374,2342,296.31705237,19.42376350908454,39473.0,105.82573726541555,101.37096774193549,4.553688551624324,4.361999521116378,3.3278297231704053,True,True,637,PV+/PNN+,185.89327146,15.384624282804582,296.31705237,19.42376350908454,2.1981284618377686,False,NONE
374,640,1782,296.31705237,19.42376350908454,14862.0,39.84450402144772,30.532258064516128,1.71451167264309,1.3138051063601117,1.9801369257971237,True,True,143,PV+/PNN+,164.44404783,14.469853647963289,296.31705237,19.42376350908454,1.6853405237197876,False,NONE
375,589,1117,296.31705237,19.42376350908454,62512.0,167.59249329758714,164.3548387096774,7.211516194338908,7.072199700903084,2.190408298391649,True,True,127,PV+/PNN+,139.81716144,13.342441267550267,296.31705237,19.42376350908454,2.0399303436279297,False,NONE
376,605,1755,296.31705237,19.42376350908454,11577.0,31.037533512064343,26.669354838709676,1.3355471426583942,1.147584122222105,2.0844576067742526,True,True,136,PV+/PNN+,170.00495766,14.712478883374446,296.31705237,19.42376350908454,-0.22108811140060425,False,NONE
377,1204,827,296.31705237,19.42376350908454,10675.0,28.619302949061662,18.782258064516128,1.2314905198132813,0.8082018205791601,1.6300106402676358,True,True,567,PV+/PNN+,188.27651853,15.482929591568213,296.31705237,19.42376350908454,0.33669209480285645,False,NONE
378,607,1174,296.31705237,19.42376350908454,30361.0,81.39678284182305,80.91935483870968,3.5025090090914315,3.481965250189478,2.11933983447598,True,False,-1,PV-/PNN+,0.0,0.0,296.31705237,19.42376350908454,0.8351491689682007,False,NONE
379,1139,1751,296.31705237,19.42376350908454,17928.0,48.06434316353887,44.21774193548387,2.0682119006288064,1.90269239254424,2.8375225225779004,True,True,521,PV+/PNN+,189.86534991,15.548121162390997,296.31705237,19.42376350908454,0.9200406074523926,False,NONE
380,980,2334,296.31705237,19.42376350908454,34379.0,92.16890080428955,78.2258064516129,3.96603396540148,3.366061682961723,1.9234125555158101,True,True,342,PV+/PNN+,172.38820473,14.815244827816286,296.31705237,19.42376350908454,0.644881010055542,False,NONE
381,1770,464,296.31705237,19.42376350908454,27486.0,73.68900804289544,63.33064516129032,3.1708429440363326,2.7251218965256094,2.217140472892038,True,False,-1,PV-/PNN+,0.0,0.0,296.31705237,19.42376350908454,1.2500193119049072,False,NONE
382,1208,2378,296.31705237,19.42376350908454,52806.0,141.5710455764075,118.62096774193549,6.091811558712893,5.10426817470969,1.6332706615481711,True,False,-1,PV-/PNN+,0.0,0.0,296.31705237,19.42376350908454,2.1753149032592773,False,NONE
383,1318,1181,296.31705237,19.42376350908454,13065.0,35.02680965147453,25.830645161290324,1.507205961719955,1.1114943887140618,2.0391433109748123,True,True,623,PV+/PNN+,159.67755369,14.258603569939101,296.31705237,19.42376350908454,0.7054347991943359,False,NONE
384,1472,2307,296.31705237,19.42376350908454,49554.0,132.85254691689008,126.30645161290323,5.716653978344482,5.43497505964397,4.156527132682471,True,True,672,PV+/PNN+,200.19275388,15.965379131403353,296.31705237,19.42376350908454,1.1676219701766968,False,NONE
385,1208,2124,296.31705237,19.42376350908454,39978.0,107.17962466487936,96.58064516129032,4.611946416964437,4.155871620118515,2.1864962728550066,True,True,572,PV+/PNN+,162.06080076,14.364616952048472,296.31705237,19.42376350908454,0.9216095805168152,False,NONE
386,626,77,296.31705237,19.42376350908454,77996.0,209.10455764075067,184.41935483870967,8.997783099143485,7.935577171749348,1.9657928321627687,True,False,-1,PV-/PNN+,0.0,0.0,296.31705237,19.42376350908454,0.8838554620742798,False,NONE
387,1169,738,296.31705237,19.42376350908454,4998.0,13.399463806970509,13.903225806451612,0.5765798237027429,0.5982567362294856,1.2779283419698264,True,False,-1,PV-/PNN+,0.0,0.0,296.31705237,19.42376350908454,0.07367993891239166,False,NONE
388,1170,789,296.31705237,19.42376350908454,7071.0,18.95710455764075,15.459677419354838,0.8157254768711674,0.6652309532203735,1.9465587066076104,True,False,-1,PV-/PNN+,0.0,0.0,296.31705237,19.42376350908454,-0.4129571318626404,False,NONE
389,679,2343,296.31705237,19.42376350908454,7843.0,21.02680965147453,19.919354838709676,0.9047850254703105,0.8571311708160264,1.4784196507227456,True,False,-1,PV-/PNN+,0.0,0.0,296.31705237,19.42376350908454,0.4632669985294342,False,NONE
390,1633,2325,296.31705237,19.42376350908454,20497.0,54.951742627345844,49.04838709677419,2.3645771601510845,2.110555376883835,2.6823455096244215,True,False,-1,PV-/PNN+,0.0,0.0,296.31705237,19.42376350908454,0.17817965149879456,False,NONE
391,1771,2258,296.31705237,19.42376350908454,14256.0,38.21983914209115,40.25806451612903,1.6446022342349544,1.7323072083860744,1.6260986147309933,True,False,-1,PV-/PNN+,0.0,0.0,296.31705237,19.42376350908454,1.1406844854354858,False,NONE
392,750,1729,296.31705237,19.42376350908454,53878.0,144.44504021447722,92.8225806451613,6.215479740187351,3.994161852669014,1.5589421763519666,True,False,-1,PV-/PNN+,0.0,0.0,296.31705237,19.42376350908454,1.933975338935852,False,NONE
393,1087,1759,296.31705237,19.42376350908454,17737.0,47.552278820375335,39.725806451612904,2.0461777376981893,1.709404108275201,1.891138344838511,True,False,-1,PV-/PNN+,0.0,0.0,296.31705237,19.42376350908454,0.41736018657684326,False,NONE
394,636,970,296.31705237,19.42376350908454,29946.0,80.28418230563003,50.266129032258064,3.454633733613913,2.162954893804167,2.278754875094155,True,True,142,PV+/PNN+,167.62171059,14.608990056788347,296.31705237,19.42376350908454,-0.18568706512451172,False,NONE
395,1193,1875,296.31705237,19.42376350908454,14731.0,39.493297587131366,33.483870967741936,1.6993992362875359,1.4408132069749562,2.3987236582178526,True,True,563,PV+/PNN+,284.40081702,19.029197744120825,296.31705237,19.42376350908454,0.7904149293899536,False,NONE
396,603,177,296.31705237,19.42376350908454,51270.0,137.45308310991956,133.43548387096774,5.9146153583912815,5.741737794462337,2.3964416433214777,True,False,-1,PV-/PNN+,0.0,0.0,296.31705237,19.42376350908454,1.0592900514602661,False,NONE
397,412,1182,296.31705237,19.42376350908454,7810.0,20.93833780160858,17.233870967741936,0.900978075854026,0.7415746202566189,3.7356583853653675,True,True,52,PV+/PNN+,194.63184405,15.742076118135982,296.31705237,19.42376350908454,0.14458581805229187,False,NONE
398,624,288,296.31705237,19.42376350908454,65993.0,176.92493297587131,128.98387096774192,7.613091697802143,5.550184593535031,2.1591120940985102,True,False,-1,PV-/PNN+,0.0,0.0,296.31705237,19.42376350908454,1.972030758857727,False,NONE
399,1191,2733,296.31705237,19.42376350908454,47913.0,128.45308310991956,133.33064516129033,5.52734475651651,5.737226577773833,1.6844529956525747,True,False,-1,PV-/PNN+,0.0,0.0,296.31705237,19.42376350908454,1.1062556505203247,False,NONE
400,603,817,296.31705237,19.42376350908454,19335.0,51.83646112600536,53.08870967741935,2.2305263888140323,2.2844107277254664,1.3881170612519185,True,False,-1,PV-/PNN+,0.0,0.0,296.31705237,19.42376350908454,0.726179838180542,False,NONE
401,1194,2700,296.31705237,19.42376350908454,74471.0,199.65415549597856,194.43548387096774,8.591131662858537,8.366571873835788,2.2631067729475856,True,True,565,PV+/PNN+,177.94911456,15.05230379737267,296.31705237,19.42376350908454,1.2268319129943848,False,NONE
402,1191,717,296.31705237,19.42376350908454,6516.0,17.469168900804288,13.620967741935484,0.7516995060518351,0.5861111528373557,1.8142018426178785,True,True,557,PV+/PNN+,204.95924802,16.154325106244645,296.31705237,19.42376350908454,-0.8512470126152039,False,NONE
403,623,2144,296.31705237,19.42376350908454,7360.0,19.73190348525469,19.75,0.8490651265410538,0.8498438207807485,1.3284586718181233,True,False,-1,PV-/PNN+,0.0,0.0,296.31705237,19.42376350908454,-0.28983640670776367,False,NONE
404,830,1771,296.31705237,19.42376350908454,47634.0,127.70509383378015,125.84677419354838,5.495158727942467,5.415195109548216,1.37898900166642,True,False,-1,PV-/PNN+,0.0,0.0,296.31705237,19.42376350908454,0.13133156299591064,False,NONE
405,715,1182,296.31705237,19.42376350908454,25425.0,68.16353887399464,48.25,2.9330816361829206,2.076200726717525,2.2272465388616975,True,True,191,PV+/PNN+,157.29430662000001,14.151796046802042,296.31705237,19.42376350908454,0.6522456407546997,False,NONE
406,1075,1195,296.31705237,19.42376350908454,11304.0,30.305630026809652,25.411290322580644,1.304053286741858,1.0934495219600402,2.5627027286287767,True,True,449,PV+/PNN+,251.03535804,17.87814713507186,296.31705237,19.42376350908454,-0.12752315402030945,False,NONE
407,628,258,296.31705237,19.42376350908454,42551.0,114.07774798927613,86.11290322580645,4.908773124925052,3.705443984604668,1.6251206083468328,True,False,-1,PV-/PNN+,0.0,0.0,296.31705237,19.42376350908454,1.3619403839111328,False,NONE
408,803,1785,296.31705237,19.42376350908454,32530.0,87.21179624664879,95.5241935483871,3.752729424779957,4.110412436565115,1.3952891080690963,True,False,-1,PV-/PNN+,0.0,0.0,296.31705237,19.42376350908454,1.2910696268081665,False,NONE
409,1199,1107,296.31705237,19.42376350908454,16059.0,43.05361930294906,48.29838709677419,1.8526001178155957,2.0782828267276043,1.5520961316628428,True,False,-1,PV-/PNN+,0.0,0.0,296.31705237,19.42376350908454,0.19013124704360962,False,NONE
410,621,1696,296.31705237,19.42376350908454,12502.0,33.51742627345845,26.274193548387096,1.4422570940239479,1.1305803054731232,1.6824969828842538,True,False,-1,PV-/PNN+,0.0,0.0,296.31705237,19.42376350908454,-0.3625214099884033,False,NONE
411,594,982,296.31705237,19.42376350908454,17304.0,46.39142091152815,40.95967741935484,1.9962259442481518,1.762497658532226,1.5172139039611154,True,False,-1,PV-/PNN+,0.0,0.0,296.31705237,19.42376350908454,-0.47761523723602295,False,NONE
412,1177,2328,296.31705237,19.42376350908454,41498.0,111.25469168900804,133.45967741935485,4.787296823532698,5.742778844467377,1.4855916975399233,True,False,-1,PV-/PNN+,0.0,0.0,296.31705237,19.42376350908454,0.8119972348213196,False,NONE
413,1156,2365,296.31705237,19.42376350908454,70583.0,189.23056300268095,193.25,8.142603780794458,8.315560423588844,1.8067037936726476,True,False,-1,PV-/PNN+,0.0,0.0,296.31705237,19.42376350908454,1.1120802164077759,False,NONE
414,1190,2449,296.31705237,19.42376350908454,70444.0,188.85790884718497,135.94354838709677,8.126568447562228,5.849659978318121,1.5651362167849838,True,False,-1,PV-/PNN+,0.0,0.0,296.31705237,19.42376350908454,1.259621500968933,False,NONE
415,1203,2241,296.31705237,19.42376350908454,78356.0,210.0697050938338,188.33064516129033,9.039313458593861,8.103880255897437,1.721617238250677,True,False,-1,PV-/PNN+,0.0,0.0,296.31705237,19.42376350908454,0.17434579133987427,False,NONE
416,577,685,296.31705237,19.42376350908454,9966.0,26.718498659517426,20.370967741935484,1.1496987841179542,0.8765641042434343,2.0120851343463695,True,True,124,PV+/PNN+,125.51767902,12.64175907426016,296.31705237,19.42376350908454,-0.28908324241638184,False,NONE
417,1152,2628,296.31705237,19.42376350908454,40426.0,108.38069705093834,120.33064516129032,4.66362864205824,5.177835708399162,1.6000184444867114,True,True,529,PV+/PNN+,120.75118488,12.39940255265723,296.31705237,19.42376350908454,-0.21367967128753662,False,NONE
418,623,1441,296.31705237,19.42376350908454,19195.0,51.46112600536193,48.733870967741936,2.2143756934722187,2.097021726818319,1.6675008849937913,True,False,-1,PV-/PNN+,0.0,0.0,296.31705237,19.42376350908454,-0.2021445482969284,False,NONE
419,1175,1041,296.31705237,19.42376350908454,19695.0,52.80160857908847,42.61290322580645,2.27205674826441,1.8336360755432726,1.814527844745932,True,False,-1,PV-/PNN+,0.0,0.0,296.31705237,19.42376350908454,-0.18083831667900085,False,NONE
420,243,594,296.31705237,19.42376350908454,2903.0,7.7828418230563,7.540322580645161,0.3348962041234619,0.3244605849040424,0.33024015571822296,True,False,-1,PV-/PNN+,0.0,0.0,296.31705237,19.42376350908454,-0.14436785876750946,False,NONE
421,458,1169,296.31705237,19.42376350908454,5504.0,14.756032171581769,15.53225806451613,0.6349530511524403,0.6683541032354927,2.1418339813116734,True,False,-1,PV-/PNN+,0.0,0.0,296.31705237,19.42376350908454,-0.9057292938232422,False,NONE
422,1183,2301,296.31705237,19.42376350908454,35785.0,95.93833780160858,114.12903225806451,4.128233091477122,4.91097989044065,1.7349833255008713,True,False,-1,PV-/PNN+,0.0,0.0,296.31705237,19.42376350908454,0.832618236541748,False,NONE
423,623,430,296.31705237,19.42376350908454,14457.0,38.75871313672922,37.733870967741936,1.6677900182614152,1.6236909911935984,2.004913087529192,True,False,-1,PV-/PNN+,0.0,0.0,296.31705237,19.42376350908454,-0.25028282403945923,False,NONE
424,1111,2351,296.31705237,19.42376350908454,27900.0,74.79892761394102,81.70161290322581,3.218602857404267,3.5156258670190947,1.4983057805340108,True,False,-1,PV-/PNN+,0.0,0.0,296.31705237,19.42376350908454,0.03569374606013298,False,NONE
425,1210,2476,296.31705237,19.42376350908454,72651.0,194.77479892761394,142.61290322580646,8.38117262341496,6.136642763040734,1.76627952979401,True,False,-1,PV-/PNN+,0.0,0.0,296.31705237,19.42376350908454,0.20310857892036438,False,NONE
426,1660,2350,296.31705237,19.42376350908454,22005.0,58.9946380697051,53.725806451612904,2.5385432214043333,2.3118250445248454,2.1375959536469775,True,False,-1,PV-/PNN+,0.0,0.0,296.31705237,19.42376350908454,-0.3922760486602783,False,NONE
427,616,1351,296.31705237,19.42376350908454,14847.0,39.80428954423593,41.62903225806452,1.7127812409993246,1.7913000420049914,2.10271372594525,True,False,-1,PV-/PNN+,0.0,0.0,296.31705237,19.42376350908454,-1.0605204105377197,False,NONE
428,1169,2609,296.31705237,19.42376350908454,50230.0,134.66487935656838,126.54032258064517,5.794638764423524,5.445038543026021,1.6743469296829154,True,False,-1,PV-/PNN+,0.0,0.0,296.31705237,19.42376350908454,-0.6537396907806396,False,NONE
429,1772,337,296.31705237,19.42376350908454,24787.0,66.45308310991958,74.63709677419355,2.859480610268085,3.2116392655475,1.640116706237295,True,True,775,PV+/PNN+,114.39585936,12.068692219586765,296.31705237,19.42376350908454,-0.9389685988426208,False,NONE
430,1147,624,296.31705237,19.42376350908454,3716.0,9.962466487935657,13.064516129032258,0.42868559921556476,0.5621670027214425,0.8978098606594137,True,False,-1,PV-/PNN+,0.0,0.0,296.31705237,19.42376350908454,0.029104094952344894,False,NONE
431,890,1738,296.31705237,19.42376350908454,83831.0,224.7479892761394,188.93548387096774,9.670921008568355,8.129906506023428,1.3489968058854953,True,False,-1,PV-/PNN+,0.0,0.0,296.31705237,19.42376350908454,1.2908731698989868,False,NONE
432,1789,251,296.31705237,19.42376350908454,22827.0,61.19839142091153,72.9274193548387,2.6333708754826954,3.138071731858027,1.4011571463740595,True,True,795,PV+/PNN+,160.47196938,14.29402872657482,296.31705237,19.42376350908454,0.5342639088630676,False,NONE
433,740,2345,296.31705237,19.42376350908454,7772.0,20.83646112600536,18.137096774193548,0.8965943156898194,0.7804404871114345,2.3713394794613567,True,True,202,PV+/PNN+,120.75118488,12.39940255265723,296.31705237,19.42376350908454,-1.3215848207473755,False,NONE
434,1179,162,296.31705237,19.42376350908454,8759.0,23.482573726541556,26.943548387096776,1.010456717849605,1.1593826889458885,1.247284141932795,True,False,-1,PV-/PNN+,0.0,0.0,296.31705237,19.42376350908454,-0.6424205899238586,False,NONE
435,1172,2468,296.31705237,19.42376350908454,37437.0,100.36729222520107,91.38709677419355,4.318811296510521,3.9323928857033246,1.6375086892128667,True,False,-1,PV-/PNN+,0.0,0.0,296.31705237,19.42376350908454,-0.19825631380081177,False,NONE
436,613,891,296.31705237,19.42376350908454,18220.0,48.847184986595174,48.13709677419355,2.101897636627446,2.0713424933606728,1.742807376574156,True,False,-1,PV-/PNN+,0.0,0.0,296.31705237,19.42376350908454,-0.8098776340484619,False,NONE
437,622,1142,296.31705237,19.42376350908454,18737.0,50.23324396782842,49.306451612903224,2.161539847282572,2.1216599102709255,1.7721475680989736,True,False,-1,PV-/PNN+,0.0,0.0,296.31705237,19.42376350908454,-0.904308021068573,False,NONE
438,1745,446,296.31705237,19.42376350908454,24967.0,66.93565683646112,57.03225806451613,2.8802457899932734,2.454101878546939,1.9739428853641068,True,False,-1,PV-/PNN+,0.0,0.0,296.31705237,19.42376350908454,-1.358507752418518,False,NONE
439,1764,283,296.31705237,19.42376350908454,24982.0,66.97587131367293,78.0241935483871,2.8819762216370393,3.357386266253059,1.4011571463740595,True,True,769,PV+/PNN+,136.63949868,13.18995121644368,296.31705237,19.42376350908454,-1.6818753480911255,False,NONE
440,1012,2352,296.31705237,19.42376350908454,37826.0,101.41018766756032,103.7741935483871,4.363687157138846,4.465410488283656,1.752587440415762,True,False,-1,PV-/PNN+,0.0,0.0,296.31705237,19.42376350908454,-0.23035463690757751,False,NONE
441,1172,1196,296.31705237,19.42376350908454,6299.0,16.88739946380697,17.467741935483872,0.7266659282720244,0.7516381036386693,1.3473667952452277,True,False,-1,PV-/PNN+,0.0,0.0,296.31705237,19.42376350908454,0.5666030049324036,False,NONE
442,1774,108,296.31705237,19.42376350908454,30909.0,82.86595174262735,78.65322580645162,3.5657274451436733,3.384453566384092,1.2860783951711645,True,False,-1,PV-/PNN+,0.0,0.0,296.31705237,19.42376350908454,-1.119460940361023,False,NONE
443,754,607,296.31705237,19.42376350908454,12663.0,33.94906166219839,34.524193548387096,1.4608303936670333,1.4855783571916636,1.7597594872329396,True,False,-1,PV-/PNN+,0.0,0.0,296.31705237,19.42376350908454,-0.31678277254104614,False,NONE
444,1030,1741,296.31705237,19.42376350908454,18807.0,50.420911528150135,42.016129032258064,2.1696151949534785,1.8079568420856267,1.7017311084394116,True,False,-1,PV-/PNN+,0.0,0.0,296.31705237,19.42376350908454,0.16670732200145721,False,NONE
445,1219,2349,296.31705237,19.42376350908454,13649.0,36.59249329758713,34.79838709677419,1.5745774337172345,1.4973769239154469,1.6945590616222341,True,False,-1,PV-/PNN+,0.0,0.0,296.31705237,19.42376350908454,-0.30144238471984863,False,NONE
446,1775,799,296.31705237,19.42376350908454,9483.0,25.423592493297587,23.60483870967742,1.0939788851886976,1.0157177882504087,0.7295927625837938,True,False,-1,PV-/PNN+,0.0,0.0,296.31705237,19.42376350908454,0.8071606159210205,False,NONE
447,1132,2322,296.31705237,19.42376350908454,52328.0,140.28954423592492,132.7983870967742,6.036668470331557,5.714323477662959,1.5726342657302148,True,False,-1,PV-/PNN+,0.0,0.0,296.31705237,19.42376350908454,-0.33237534761428833,False,NONE
448,1177,2675,296.31705237,19.42376350908454,28637.0,76.77479892761394,82.98387096774194,3.3036247321679566,3.570801517286199,1.5393820486687553,True,False,-1,PV-/PNN+,0.0,0.0,296.31705237,19.42376350908454,-0.8929104804992676,False,NONE
449,1169,2237,296.31705237,19.42376350908454,45176.0,121.11528150134048,108.24193548387096,5.211598662584056,4.657657722547654,1.6570688168960785,True,False,-1,PV-/PNN+,0.0,0.0,296.31705237,19.42376350908454,0.04967793449759483,False,NONE
450,1174,22,296.31705237,19.42376350908454,19375.0,51.943699731903486,55.935483870967744,2.2351408731974076,2.4069076116518056,1.456903510271213,True,False,-1,PV-/PNN+,0.0,0.0,296.31705237,19.42376350908454,-0.8615329265594482,False,NONE
451,1197,2182,296.31705237,19.42376350908454,18629.0,49.943699731903486,43.17741935483871,2.1490807394474585,1.8579272423275328,1.661632846688828,True,False,-1,PV-/PNN+,0.0,0.0,296.31705237,19.42376350908454,0.21987761557102203,False,NONE
452,1775,2589,296.31705237,19.42376350908454,15702.0,42.09651474530831,44.20967741935484,1.8114158446939712,1.9023453758758935,1.5697002465777332,True,False,-1,PV-/PNN+,0.0,0.0,296.31705237,19.42376350908454,-0.9774715900421143,False,NONE
453,1167,641,296.31705237,19.42376350908454,3582.0,9.603217158176944,10.17741935483871,0.4132270765312575,0.4379350354533706,0.8710776861590246,True,False,-1,PV-/PNN+,0.0,0.0,296.31705237,19.42376350908454,0.3463208079338074,False,NONE
454,1753,2352,296.31705237,19.42376350908454,6759.0,18.12064343163539,19.451612903225808,0.7797324986808402,0.8370042040519254,1.3913770825324538,True,False,-1,PV-/PNN+,0.0,0.0,296.31705237,19.42376350908454,-1.4282126426696777,False,NONE
455,592,1629,296.31705237,19.42376350908454,9636.0,25.83378016085791,24.75,1.1116292879551082,1.0649941551556215,1.351930825037977,True,False,-1,PV-/PNN+,0.0,0.0,296.31705237,19.42376350908454,-0.9413092732429504,False,NONE
456,1537,2347,296.31705237,19.42376350908454,21111.0,56.597855227882036,51.024193548387096,2.4354094954358954,2.1955744606287446,1.7340053191167109,True,False,-1,PV-/PNN+,0.0,0.0,296.31705237,19.42376350908454,-0.4288068413734436,False,NONE
457,1185,1073,296.31705237,19.42376350908454,13646.0,36.584450402144775,40.83870967741935,1.5742313473884813,1.7572924085070274,1.3522568271660305,True,False,-1,PV-/PNN+,0.0,0.0,296.31705237,19.42376350908454,-0.0008308328688144684,False,NONE
458,1197,1254,296.31705237,19.42376350908454,9253.0,24.80697050938338,22.016129032258064,1.0674455999842898,0.9473555045861345,1.536774031644327,True,False,-1,PV-/PNN+,0.0,0.0,296.31705237,19.42376350908454,-0.6673154830932617,False,NONE
459,1763,2728,296.31705237,19.42376350908454,19131.0,51.289544235924936,65.71774193548387,2.206992518458818,2.8278388303561943,1.700101097799144,True,False,-1,PV-/PNN+,0.0,0.0,296.31705237,19.42376350908454,-1.2833648920059204,False,NONE
460,1747,504,296.31705237,19.42376350908454,13459.0,36.083109919571044,37.725806451612904,1.5526586328962015,1.6233439745252518,1.5292759826990958,True,True,752,PV+/PNN+,142.20040851,13.455674765407588,296.31705237,19.42376350908454,-0.6246180534362793,False,NONE
461,622,1387,296.31705237,19.42376350908454,13567.0,36.37265415549598,40.556451612903224,1.565117740731315,1.7451468251148976,1.7613894978732072,True,False,-1,PV-/PNN+,0.0,0.0,296.31705237,19.42376350908454,0.040760453790426254,False,NONE
462,592,313,296.31705237,19.42376350908454,17197.0,46.10455764075067,48.86290322580645,1.983882198522623,2.102573993511864,2.0955416791280723,True,False,-1,PV-/PNN+,0.0,0.0,296.31705237,19.42376350908454,0.14406052231788635,False,NONE
463,1172,2557,296.31705237,19.42376350908454,34752.0,93.16890080428955,116.65322580645162,4.009064032276455,5.019596107633126,1.6218605870662974,True,False,-1,PV-/PNN+,0.0,0.0,296.31705237,19.42376350908454,-0.0013265497982501984,False,NONE
464,1775,418,296.31705237,19.42376350908454,17839.0,47.82573726541555,48.88709677419355,2.0579446728757964,2.103615043516904,1.8184398702825744,True,False,-1,PV-/PNN+,0.0,0.0,296.31705237,19.42376350908454,-0.46672138571739197,False,NONE
465,590,533,296.31705237,19.42376350908454,7093.0,19.01608579088472,18.669354838709676,0.8182634432820239,0.8033435872223081,1.6215345849382439,True,False,-1,PV-/PNN+,0.0,0.0,296.31705237,19.42376350908454,-0.5797548890113831,False,NONE
466,601,1017,296.31705237,19.42376350908454,22797.0,61.11796246648794,60.04838709677419,2.629910012195164,2.583886112508556,2.3413472836804323,True,False,-1,PV-/PNN+,0.0,0.0,296.31705237,19.42376350908454,0.7681326866149902,False,NONE
467,834,1198,296.31705237,19.42376350908454,11282.0,30.246648793565683,32.596774193548384,1.3015153203310013,1.4026413734568335,1.6554388062558107,True,False,-1,PV-/PNN+,0.0,0.0,296.31705237,19.42376350908454,-1.1418522596359253,False,NONE
468,722,596,296.31705237,19.42376350908454,12534.0,33.603217158176946,28.983870967741936,1.4459486815306481,1.2471779060375705,1.7698655532025989,True,False,-1,PV-/PNN+,0.0,0.0,296.31705237,19.42376350908454,0.12271134555339813,False,NONE
469,591,925,296.31705237,19.42376350908454,14785.0,39.638069705093834,39.846774193548384,1.7056287902050926,1.7146093583003994,1.7124891786651781,True,False,-1,PV-/PNN+,0.0,0.0,296.31705237,19.42376350908454,-0.187516450881958,False,NONE
470,1774,715,296.31705237,19.42376350908454,13913.0,37.30026809651474,42.693548387096776,1.6050330306475111,1.8371062422267386,1.296184461140824,True,False,-1,PV-/PNN+,0.0,0.0,296.31705237,19.42376350908454,-0.5252461433410645,False,NONE
471,205,12,123.13443195,12.521167201073583,224.0,1.4451612903225806,0.0,0.0,0.0,0.37734851484172555,False,True,1,PV+/PNN-,123.13443195,12.521167201073583,0.0,0.0,0.0,False,NONE
472,214,61,199.39833819,15.933670303416713,4359.0,17.366533864541832,0.0,0.0,0.0,5.852244735731891,False,True,2,PV+/PNN-,199.39833819,15.933670303416713,0.0,0.0,0.0,False,NONE
473,216,93,75.46949055,9.802588422925686,66.0,0.6947368421052632,0.0,0.0,0.0,0.12031880646118703,False,True,3,PV+/PNN-,75.46949055,9.802588422925686,0.0,0.0,0.0,False,NONE
474,229,923,137.43391437,13.228238528376714,1193.0,6.895953757225434,0.0,0.0,0.0,2.465011385723858,False,True,4,PV+/PNN-,137.43391437,13.228238528376714,0.0,0.0,0.0,False,NONE
475,237,143,113.60144367,12.026714032504808,354.0,2.4755244755244754,0.0,0.0,0.0,0.49744961085258665,False,True,6,PV+/PNN-,113.60144367,12.026714032504808,0.0,0.0,0.0,False,NONE
476,262,863,107.24611815,11.68546099424064,909.0,6.733333333333333,0.0,0.0,0.0,2.3482078173530248,False,True,9,PV+/PNN-,107.24611815,11.68546099424064,0.0,0.0,0.0,False,NONE
477,269,19,174.7714518,14.917302830020427,7393.0,33.60454545454545,0.0,0.0,0.0,4.2421397369928915,False,True,10,PV+/PNN-,174.7714518,14.917302830020427,0.0,0.0,0.0,False,NONE
478,275,481,115.98469074,12.152213577535832,436.0,2.9863013698630136,0.0,0.0,0.0,0.6121583110720187,False,True,12,PV+/PNN-,115.98469074,12.152213577535832,0.0,0.0,0.0,False,NONE
479,287,875,196.22067543,15.806198893222852,6152.0,24.90688259109312,0.0,0.0,0.0,4.075282650923512,False,True,15,PV+/PNN-,196.22067543,15.806198893222852,0.0,0.0,0.0,False,NONE
480,297,464,56.40351399,8.474384017383858,153.0,2.1549295774647885,0.0,0.0,0.0,0.5480509014713943,False,True,17,PV+/PNN-,56.40351399,8.474384017383858,0.0,0.0,0.0,False,NONE
481,305,1013,189.86534991,15.548121162390995,2699.0,11.292887029288703,0.0,0.0,0.0,3.4770132074600046,False,True,19,PV+/PNN-,189.86534991,15.548121162390995,0.0,0.0,0.0,False,NONE
482,303,479,76.26390624,9.854045933561641,237.0,2.46875,0.0,0.0,0.0,0.3850628469192245,False,True,20,PV+/PNN-,76.26390624,9.854045933561641,0.0,0.0,0.0,False,NONE
483,310,772,183.51002439,15.285686766012908,1703.0,7.372294372294372,0.0,0.0,0.0,2.58936998495648,False,True,21,PV+/PNN-,183.51002439,15.285686766012908,0.0,0.0,0.0,False,NONE
484,307,514,41.30961588,7.252381437585563,135.0,2.5961538461538463,0.0,0.0,0.0,0.44196484656518276,False,True,22,PV+/PNN-,41.30961588,7.252381437585563,0.0,0.0,0.0,False,NONE
485,317,759,195.42625974,15.774170088491289,1787.0,7.264227642276423,0.0,0.0,0.0,2.8486741807387554,False,True,23,PV+/PNN-,195.42625974,15.774170088491289,0.0,0.0,0.0,False,NONE
486,321,792,65.93650227,9.1625849044734,1367.0,16.46987951807229,0.0,0.0,0.0,2.3513983613393354,False,True,27,PV+/PNN-,65.93650227,9.1625849044734,0.0,0.0,0.0,False,NONE
487,326,710,163.64963214,14.434859996619657,2024.0,9.825242718446601,0.0,0.0,0.0,1.893045299034164,False,True,28,PV+/PNN-,163.64963214,14.434859996619657,0.0,0.0,0.0,False,NONE
488,334,495,136.63949868,13.189951216443678,676.0,3.9302325581395348,0.0,0.0,0.0,0.8504845866165736,False,True,31,PV+/PNN-,136.63949868,13.189951216443678,0.0,0.0,0.0,False,NONE
489,349,640,81.82481607,10.206987389088184,1420.0,13.78640776699029,0.0,0.0,0.0,2.5240603987122188,False,True,33,PV+/PNN-,81.82481607,10.206987389088184,0.0,0.0,0.0,False,NONE
490,348,1243,100.09637694,11.289227848029503,1507.0,11.96031746031746,0.0,0.0,0.0,3.0853281243126833,False,True,34,PV+/PNN-,100.09637694,11.289227848029503,0.0,0.0,0.0,False,NONE
491,352,1483,126.31209471,12.681701540530954,3225.0,20.28301886792453,0.0,0.0,0.0,1.815569411293424,False,True,35,PV+/PNN-,126.31209471,12.681701540530954,0.0,0.0,0.0,False,NONE
492,360,471,119.95676919,12.358547737957586,591.0,3.9139072847682117,0.0,0.0,0.0,1.0645934129533945,False,True,36,PV+/PNN-,119.95676919,12.358547737957586,0.0,0.0,0.0,False,NONE
493,361,1527,101.68520832,11.378472144697502,1084.0,8.46875,0.0,0.0,0.0,1.3955361565567617,False,True,37,PV+/PNN-,101.68520832,11.378472144697502,0.0,0.0,0.0,False,NONE
494,366,1245,172.38820473,14.815244827816286,2512.0,11.576036866359447,0.0,0.0,0.0,4.1394022559189585,False,True,38,PV+/PNN-,172.38820473,14.815244827816286,0.0,0.0,0.0,False,NONE
495,365,814,94.53546711,10.971157418634661,529.0,4.445378151260504,0.0,0.0,0.0,0.7806846927367205,False,True,39,PV+/PNN-,94.53546711,10.971157418634661,0.0,0.0,0.0,False,NONE
496,367,446,82.61923176,10.256416188536388,398.0,3.826923076923077,0.0,0.0,0.0,0.9119909532297422,False,True,40,PV+/PNN-,82.61923176,10.256416188536388,0.0,0.0,0.0,False,NONE
497,368,1319,100.09637694,11.289227848029503,1403.0,11.134920634920634,0.0,0.0,0.0,2.290110615888019,False,True,41,PV+/PNN-,100.09637694,11.289227848029503,0.0,0.0,0.0,False,NONE
498,381,440,31.7766276,6.36075929890786,283.0,7.075,0.0,0.0,0.0,0.6657533958577118,False,True,44,PV+/PNN-,31.7766276,6.36075929890786,0.0,0.0,0.0,False,NONE
499,382,470,38.13195312,6.96786270174516,290.0,6.041666666666667,0.0,0.0,0.0,0.6865265231257226,False,True,45,PV+/PNN-,38.13195312,6.96786270174516,0.0,0.0,0.0,False,NONE
500,391,1435,145.37807127,13.6051868520168,2038.0,11.136612021857923,0.0,0.0,0.0,3.379516202642236,False,True,46,PV+/PNN-,145.37807127,13.6051868520168,0.0,0.0,0.0,False,NONE
501,395,1282,139.81716144,13.342441267550265,1428.0,8.113636363636363,0.0,0.0,0.0,2.5024479034834286,False,True,49,PV+/PNN-,139.81716144,13.342441267550265,0.0,0.0,0.0,False,NONE
502,401,802,166.03287921,14.539588286344586,3952.0,18.90909090909091,0.0,0.0,0.0,3.2657130593164547,False,True,50,PV+/PNN-,166.03287921,14.539588286344586,0.0,0.0,0.0,False,NONE
503,410,1069,208.93132647000002,16.310108123356397,4257.0,16.186311787072242,0.0,0.0,0.0,4.250409547802798,False,True,51,PV+/PNN-,208.93132647000002,16.310108123356397,0.0,0.0,0.0,False,NONE
504,417,1403,121.54560057,12.440123196106569,1556.0,10.169934640522875,0.0,0.0,0.0,2.2205688220687576,False,True,53,PV+/PNN-,121.54560057,12.440123196106569,0.0,0.0,0.0,False,NONE
505,421,1161,178.74353025,15.085865274483455,2807.0,12.475555555555555,0.0,0.0,0.0,3.051319064850444,False,True,54,PV+/PNN-,178.74353025,15.085865274483455,0.0,0.0,0.0,False,NONE
506,422,310,124.72326333,12.60169000650996,5506.0,35.07006369426752,0.0,0.0,0.0,4.369811429403147,False,True,55,PV+/PNN-,124.72326333,12.60169000650996,0.0,0.0,0.0,False,NONE
507,428,1635,140.61157713,13.380292240810528,1521.0,8.59322033898305,0.0,0.0,0.0,1.964129668763716,False,True,60,PV+/PNN-,140.61157713,13.380292240810528,0.0,0.0,0.0,False,NONE
508,428,298,142.20040851,13.455674765407588,5087.0,28.41899441340782,0.0,0.0,0.0,4.267506270532023,False,True,61,PV+/PNN-,142.20040851,13.455674765407588,0.0,0.0,0.0,False,NONE
509,430,962,177.94911456,15.052303797372671,5960.0,26.607142857142858,0.0,0.0,0.0,4.032845709252235,False,True,62,PV+/PNN-,177.94911456,15.052303797372671,0.0,0.0,0.0,False,NONE
510,428,349,45.28169433,7.593052342343362,2198.0,38.56140350877193,0.0,0.0,0.0,4.959950798267019,False,True,63,PV+/PNN-,45.28169433,7.593052342343362,0.0,0.0,0.0,False,NONE
511,436,1726,211.31457354,16.40286778005525,1962.0,7.37593984962406,0.0,0.0,0.0,2.984656107086209,False,True,64,PV+/PNN-,211.31457354,16.40286778005525,0.0,0.0,0.0,False,NONE
512,441,1414,138.22833006,13.266415342325757,2140.0,12.298850574712644,0.0,0.0,0.0,3.2007038818331184,False,True,65,PV+/PNN-,138.22833006,13.266415342325757,0.0,0.0,0.0,False,NONE
513,442,674,154.91105955,14.044176264056345,4986.0,25.56923076923077,0.0,0.0,0.0,4.6481918395723065,False,True,66,PV+/PNN-,154.91105955,14.044176264056345,0.0,0.0,0.0,False,NONE
514,445,1319,204.16483233,16.12298787963261,5966.0,23.214007782101167,0.0,0.0,0.0,3.7582070773041982,False,True,67,PV+/PNN-,204.16483233,16.12298787963261,0.0,0.0,0.0,False,NONE
515,450,1087,181.92119301,15.21937110940298,4987.0,21.777292576419214,0.0,0.0,0.0,3.3739682776254916,False,True,68,PV+/PNN-,181.92119301,15.21937110940298,0.0,0.0,0.0,False,NONE
516,454,853,200.19275388,15.965379131403353,14989.0,59.48015873015873,0.0,0.0,0.0,2.74224581333578,False,True,69,PV+/PNN-,200.19275388,15.965379131403353,0.0,0.0,0.0,False,NONE
517,452,931,132.66742023,12.996822909266468,6100.0,36.52694610778443,0.0,0.0,0.0,3.7542717404012382,False,True,70,PV+/PNN-,132.66742023,12.996822909266468,0.0,0.0,0.0,False,NONE
518,456,1158,205.75366371,16.185601660417575,5515.0,21.293436293436294,0.0,0.0,0.0,3.2024145647259057,False,True,71,PV+/PNN-,205.75366371,16.185601660417575,0.0,0.0,0.0,False,NONE
519,469,947,164.44404783,14.469853647963289,7543.0,36.43961352657005,0.0,0.0,0.0,3.53870112866729,False,True,74,PV+/PNN-,164.44404783,14.469853647963289,0.0,0.0,0.0,False,NONE
520,478,1586,167.62171059,14.608990056788349,3928.0,18.61611374407583,0.0,0.0,0.0,3.2549288491889947,False,True,77,PV+/PNN-,167.62171059,14.608990056788349,0.0,0.0,0.0,False,NONE
521,493,1059,154.11664386,14.008119269352957,6407.0,33.02577319587629,0.0,0.0,0.0,3.117065986537119,False,True,79,PV+/PNN-,154.11664386,14.008119269352957,0.0,0.0,0.0,False,NONE
522,494,1707,198.6039225,15.90189824726965,3597.0,14.388,0.0,0.0,0.0,2.4426765691305414,False,True,80,PV+/PNN-,198.6039225,15.90189824726965,0.0,0.0,0.0,False,NONE
523,492,354,87.3857259,10.548125988120718,4692.0,42.654545454545456,0.0,0.0,0.0,5.160210629910832,False,True,81,PV+/PNN-,87.3857259,10.548125988120718,0.0,0.0,0.0,False,NONE
524,498,441,117.57352212,12.235164803834003,2485.0,16.79054054054054,0.0,0.0,0.0,3.0177862803719306,False,True,84,PV+/PNN-,117.57352212,12.235164803834003,0.0,0.0,0.0,False,NONE
525,518,1043,216.87548337,16.61729345321425,13317.0,48.78021978021978,0.0,0.0,0.0,3.1063369513183017,False,True,88,PV+/PNN-,216.87548337,16.61729345321425,0.0,0.0,0.0,False,NONE
526,520,1262,195.42625974,15.774170088491289,14585.0,59.28861788617886,0.0,0.0,0.0,3.257957925602835,False,True,89,PV+/PNN-,195.42625974,15.774170088491289,0.0,0.0,0.0,False,NONE
527,520,1427,130.28417316,12.879555944225542,963.0,5.871951219512195,0.0,0.0,0.0,1.5377798674784433,False,True,92,PV+/PNN-,130.28417316,12.879555944225542,0.0,0.0,0.0,False,NONE
528,522,1000,188.27651853,15.482929591568213,9622.0,40.59915611814346,0.0,0.0,0.0,3.6772090924318213,False,True,93,PV+/PNN-,188.27651853,15.482929591568213,0.0,0.0,0.0,False,NONE
529,523,209,157.29430662000001,14.151796046802042,19376.0,97.85858585858585,0.0,0.0,0.0,5.724355336736988,False,True,94,PV+/PNN-,157.29430662000001,14.151796046802042,0.0,0.0,0.0,False,NONE
530,528,1216,212.90340492,16.464417218744998,7732.0,28.850746268656717,0.0,0.0,0.0,3.542699185481506,False,True,95,PV+/PNN-,212.90340492,16.464417218744998,0.0,0.0,0.0,False,NONE
531,524,285,57.19792968,8.533854108523126,12708.0,176.5,0.0,0.0,0.0,4.772752655235651,False,True,96,PV+/PNN-,57.19792968,8.533854108523126,0.0,0.0,0.0,False,NONE
532,527,1514,126.31209471,12.681701540530954,1137.0,7.150943396226415,0.0,0.0,0.0,1.4997184564222428,False,True,97,PV+/PNN-,126.31209471,12.681701540530954,0.0,0.0,0.0,False,NONE
533,529,899,139.02274575,13.304482609502793,12069.0,68.96571428571428,0.0,0.0,0.0,2.6015193362987845,False,True,98,PV+/PNN-,139.02274575,13.304482609502793,0.0,0.0,0.0,False,NONE
534,534,1470,75.46949055,9.802588422925686,869.0,9.147368421052631,0.0,0.0,0.0,1.359346515550858,False,True,99,PV+/PNN-,75.46949055,9.802588422925686,0.0,0.0,0.0,False,NONE
535,535,1836,119.95676919,12.358547737957586,1989.0,13.172185430463577,0.0,0.0,0.0,2.044631373289462,False,True,100,PV+/PNN-,119.95676919,12.358547737957586,0.0,0.0,0.0,False,NONE
536,535,1846,109.62936522,11.814586030086609,1179.0,8.543478260869565,0.0,0.0,0.0,1.851297577522404,False,True,101,PV+/PNN-,109.62936522,11.814586030086609,0.0,0.0,0.0,False,NONE
537,535,966,61.96442382,8.88231697105848,10431.0,133.73076923076923,0.0,0.0,0.0,2.8809560368693394,False,True,103,PV+/PNN-,61.96442382,8.88231697105848,0.0,0.0,0.0,False,NONE
538,543,1653,207.34249509,16.247974152264163,10317.0,39.52873563218391,0.0,0.0,0.0,2.3606938237625053,False,True,104,PV+/PNN-,207.34249509,16.247974152264163,0.0,0.0,0.0,False,NONE
539,550,1569,181.12677732,15.186104684686724,4943.0,21.67982456140351,0.0,0.0,0.0,1.647983652327429,False,True,106,PV+/PNN-,181.12677732,15.186104684686724,0.0,0.0,0.0,False,NONE
540,551,564,136.63949868,13.189951216443678,4084.0,23.74418604651163,0.0,0.0,0.0,3.0215886310883087,False,True,107,PV+/PNN-,136.63949868,13.189951216443678,0.0,0.0,0.0,False,NONE
541,549,1760,115.19027505,12.11052490037406,1349.0,9.303448275862069,0.0,0.0,0.0,1.978286582684103,False,True,108,PV+/PNN-,115.19027505,12.11052490037406,0.0,0.0,0.0,False,NONE
542,549,266,81.03040038,10.157318055940708,15471.0,151.6764705882353,0.0,0.0,0.0,4.9295197275882146,False,True,109,PV+/PNN-,81.03040038,10.157318055940708,0.0,0.0,0.0,False,NONE
543,551,492,146.17248696000001,13.642308849668991,2804.0,15.23913043478261,0.0,0.0,0.0,3.0512045152621154,False,True,110,PV+/PNN-,146.17248696000001,13.642308849668991,0.0,0.0,0.0,False,NONE
544,555,1874,103.2740397,11.467021901548332,1025.0,7.884615384615385,0.0,0.0,0.0,1.7126722413986235,False,True,113,PV+/PNN-,103.2740397,11.467021901548332,0.0,0.0,0.0,False,NONE
545,560,1069,145.37807127,13.6051868520168,11777.0,64.35519125683061,0.0,0.0,0.0,2.665870822847159,False,True,115,PV+/PNN-,145.37807127,13.6051868520168,0.0,0.0,0.0,False,NONE
546,566,2042,123.13443195,12.521167201073583,1047.0,6.754838709677419,0.0,0.0,0.0,2.2797812559876394,False,True,117,PV+/PNN-,123.13443195,12.521167201073583,0.0,0.0,0.0,False,NONE
547,574,1524,118.36793781,12.276430232296539,2076.0,13.93288590604027,0.0,0.0,0.0,1.7072797084175577,False,True,122,PV+/PNN-,118.36793781,12.276430232296539,0.0,0.0,0.0,False,NONE
548,574,1554,109.62936522,11.814586030086609,2821.0,20.442028985507246,0.0,0.0,0.0,1.4847388948716094,False,True,123,PV+/PNN-,109.62936522,11.814586030086609,0.0,0.0,0.0,False,NONE
549,579,456,107.24611815,11.68546099424064,2289.0,16.955555555555556,0.0,0.0,0.0,3.2201162052309416,False,True,125,PV+/PNN-,107.24611815,11.68546099424064,0.0,0.0,0.0,False,NONE
550,595,1998,165.23846352,14.504762875171126,2542.0,12.221153846153847,0.0,0.0,0.0,2.7915107703025765,False,True,129,PV+/PNN-,165.23846352,14.504762875171126,0.0,0.0,0.0,False,NONE
551,595,1933,157.29430662000001,14.151796046802042,2090.0,10.555555555555555,0.0,0.0,0.0,2.2182567832093123,False,True,130,PV+/PNN-,157.29430662000001,14.151796046802042,0.0,0.0,0.0,False,NONE
552,603,883,139.02274575,13.304482609502793,13354.0,76.30857142857143,0.0,0.0,0.0,3.1893626478662984,False,True,132,PV+/PNN-,139.02274575,13.304482609502793,0.0,0.0,0.0,False,NONE
553,602,1134,127.1065104,12.72151859781572,19676.0,122.975,0.0,0.0,0.0,2.606774141315013,False,True,133,PV+/PNN-,127.1065104,12.72151859781572,0.0,0.0,0.0,False,NONE
554,631,1690,239.11912269,17.448665361891926,10780.0,35.81395348837209,0.0,0.0,0.0,2.1338366400706525,False,True,139,PV+/PNN-,239.11912269,17.448665361891926,0.0,0.0,0.0,False,NONE
555,628,1535,71.4974121,9.54113894836179,586.0,6.511111111111111,0.0,0.0,0.0,1.0592606034549894,False,True,141,PV+/PNN-,71.4974121,9.54113894836179,0.0,0.0,0.0,False,NONE
556,634,2000,73.08624348000001,9.646569098642193,688.0,7.478260869565218,0.0,0.0,0.0,1.9085723716865908,False,True,144,PV+/PNN-,73.08624348000001,9.646569098642193,0.0,0.0,0.0,False,NONE
557,636,2142,184.30444008,15.318736938146312,8017.0,34.55603448275862,0.0,0.0,0.0,2.1374132800407404,False,True,145,PV+/PNN-,184.30444008,15.318736938146312,0.0,0.0,0.0,False,NONE
558,636,1605,108.04053384,11.728660627684029,5312.0,39.05882352941177,0.0,0.0,0.0,2.5464217988218683,False,True,146,PV+/PNN-,108.04053384,11.728660627684029,0.0,0.0,0.0,False,NONE
559,639,548,123.92884764,12.56149312576761,1961.0,12.570512820512821,0.0,0.0,0.0,2.6252867781861298,False,True,147,PV+/PNN-,123.92884764,12.56149312576761,0.0,0.0,0.0,False,NONE
560,644,493,151.73339679,13.899387074616612,6992.0,36.60732984293194,0.0,0.0,0.0,3.1240067068051274,False,True,152,PV+/PNN-,151.73339679,13.899387074616612,0.0,0.0,0.0,False,NONE
561,644,1260,131.87300454,12.957851838301272,8853.0,53.33132530120482,0.0,0.0,0.0,2.575550354663272,False,True,153,PV+/PNN-,131.87300454,12.957851838301272,0.0,0.0,0.0,False,NONE
562,646,1963,173.18262042,14.84934209921784,2478.0,11.36697247706422,0.0,0.0,0.0,1.929404713897051,False,True,154,PV+/PNN-,173.18262042,14.84934209921784,0.0,0.0,0.0,False,NONE
563,650,2171,183.51002439,15.285686766012908,3542.0,15.333333333333334,0.0,0.0,0.0,3.0694483395570717,False,True,155,PV+/PNN-,183.51002439,15.285686766012908,0.0,0.0,0.0,False,NONE
564,652,848,102.47962401,11.422832828117684,6256.0,48.49612403100775,0.0,0.0,0.0,2.8373051878258644,False,True,159,PV+/PNN-,102.47962401,11.422832828117684,0.0,0.0,0.0,False,NONE
565,659,2091,162.85521645,14.3997813056499,2311.0,11.273170731707317,0.0,0.0,0.0,2.3501191263064967,False,True,161,PV+/PNN-,162.85521645,14.3997813056499,0.0,0.0,0.0,False,NONE
566,660,497,122.34001626,12.48071098158173,2896.0,18.805194805194805,0.0,0.0,0.0,2.583579566205815,False,True,162,PV+/PNN-,122.34001626,12.48071098158173,0.0,0.0,0.0,False,NONE
567,662,1966,154.11664386,14.008119269352957,3069.0,15.81958762886598,0.0,0.0,0.0,2.5071916239992915,False,True,163,PV+/PNN-,154.11664386,14.008119269352957,0.0,0.0,0.0,False,NONE
568,661,2292,110.42378091,11.857315232959936,2072.0,14.906474820143885,0.0,0.0,0.0,3.746817508568811,False,True,164,PV+/PNN-,110.42378091,11.857315232959936,0.0,0.0,0.0,False,NONE
569,668,819,152.52781248,13.93572540349032,6636.0,34.5625,0.0,0.0,0.0,2.837938514876719,False,True,165,PV+/PNN-,152.52781248,13.93572540349032,0.0,0.0,0.0,False,NONE
570,666,224,113.60144367,12.026714032504808,7560.0,52.86713286713287,0.0,0.0,0.0,4.157318200783412,False,True,166,PV+/PNN-,113.60144367,12.026714032504808,0.0,0.0,0.0,False,NONE
571,669,1419,126.31209471,12.681701540530954,22884.0,143.9245283018868,0.0,0.0,0.0,2.786065444541678,False,True,168,PV+/PNN-,126.31209471,12.681701540530954,0.0,0.0,0.0,False,NONE
572,669,1002,134.25625161,13.074416571218995,11848.0,70.10650887573965,0.0,0.0,0.0,2.973774051044201,False,True,170,PV+/PNN-,134.25625161,13.074416571218995,0.0,0.0,0.0,False,NONE
573,671,1976,173.18262042,14.84934209921784,4030.0,18.486238532110093,0.0,0.0,0.0,2.546323364827996,False,True,171,PV+/PNN-,173.18262042,14.84934209921784,0.0,0.0,0.0,False,NONE
574,676,1801,197.80950681,15.870062583211556,5531.0,22.21285140562249,0.0,0.0,0.0,2.103805636687405,False,True,174,PV+/PNN-,197.80950681,15.870062583211556,0.0,0.0,0.0,False,NONE
575,686,2158,93.74105142,10.924962866435578,1822.0,15.440677966101696,0.0,0.0,0.0,2.0640879992307046,False,True,176,PV+/PNN-,93.74105142,10.924962866435578,0.0,0.0,0.0,False,NONE
576,697,2274,97.71312987,11.154022637162193,2080.0,16.910569105691057,0.0,0.0,0.0,2.202618800862727,False,True,179,PV+/PNN-,97.71312987,11.154022637162193,0.0,0.0,0.0,False,NONE
577,704,2342,131.07858885,12.91876320674319,3247.0,19.67878787878788,0.0,0.0,0.0,2.7090737325838643,False,True,182,PV+/PNN-,131.07858885,12.91876320674319,0.0,0.0,0.0,False,NONE
578,708,866,163.64963214,14.434859996619657,9343.0,45.35436893203884,0.0,0.0,0.0,2.7849665484387858,False,True,184,PV+/PNN-,163.64963214,14.434859996619657,0.0,0.0,0.0,False,NONE
579,708,503,137.43391437,13.228238528376714,5425.0,31.358381502890172,0.0,0.0,0.0,4.083048514305643,False,True,185,PV+/PNN-,137.43391437,13.228238528376714,0.0,0.0,0.0,False,NONE
580,715,804,182.7156087,15.252564978953412,8286.0,36.02608695652174,0.0,0.0,0.0,3.231355771675469,False,True,188,PV+/PNN-,182.7156087,15.252564978953412,0.0,0.0,0.0,False,NONE
581,715,180,177.15469887,15.0186673222671,9496.0,42.582959641255606,0.0,0.0,0.0,4.747260531430873,False,True,189,PV+/PNN-,177.15469887,15.0186673222671,0.0,0.0,0.0,False,NONE
582,728,1855,214.4922363,16.525737420636904,6999.0,25.92222222222222,0.0,0.0,0.0,2.816137990392878,False,True,193,PV+/PNN-,214.4922363,16.525737420636904,0.0,0.0,0.0,False,NONE
583,725,2653,72.29182779,9.593998848416254,707.0,7.769230769230769,0.0,0.0,0.0,0.9019690746228219,False,True,194,PV+/PNN-,72.29182779,9.593998848416254,0.0,0.0,0.0,False,NONE
584,727,2721,35.74870605,6.746604050629706,278.0,6.177777777777778,0.0,0.0,0.0,0.8565959471817134,False,True,196,PV+/PNN-,35.74870605,6.746604050629706,0.0,0.0,0.0,False,NONE
585,741,1373,147.76131834,13.716251444643651,18061.0,97.10215053763442,0.0,0.0,0.0,2.620257878526743,False,True,199,PV+/PNN-,147.76131834,13.716251444643651,0.0,0.0,0.0,False,NONE
586,738,2549,47.664941400000004,7.7903073294937615,632.0,10.533333333333333,0.0,0.0,0.0,0.7762056335266473,False,True,200,PV+/PNN-,47.664941400000004,7.7903073294937615,0.0,0.0,0.0,False,NONE
587,741,2590,38.13195312,6.96786270174516,480.0,10.0,0.0,0.0,0.0,0.8993244122126623,False,True,203,PV+/PNN-,38.13195312,6.96786270174516,0.0,0.0,0.0,False,NONE
588,745,687,135.84508299,13.151552441468574,4373.0,25.573099415204677,0.0,0.0,0.0,3.857739509763237,False,True,204,PV+/PNN-,135.84508299,13.151552441468574,0.0,0.0,0.0,False,NONE
589,745,2568,62.75883951,8.93907356753593,551.0,6.974683544303797,0.0,0.0,0.0,0.8327208534975368,False,True,207,PV+/PNN-,62.75883951,8.93907356753593,0.0,0.0,0.0,False,NONE
590,748,2631,89.76897297000001,10.690996505268625,738.0,6.530973451327434,0.0,0.0,0.0,0.9953883560324619,False,True,208,PV+/PNN-,89.76897297000001,10.690996505268625,0.0,0.0,0.0,False,NONE
591,758,2617,38.13195312,6.96786270174516,308.0,6.416666666666667,0.0,0.0,0.0,0.9373240352639016,False,True,210,PV+/PNN-,38.13195312,6.96786270174516,0.0,0.0,0.0,False,NONE
592,768,1898,85.79689452,10.451794052617739,4931.0,45.657407407407405,0.0,0.0,0.0,2.6808030365926125,False,True,212,PV+/PNN-,85.79689452,10.451794052617739,0.0,0.0,0.0,False,NONE
593,775,316,162.85521645,14.3997813056499,22126.0,107.93170731707318,0.0,0.0,0.0,3.4338313029248635,False,True,213,PV+/PNN-,162.85521645,14.3997813056499,0.0,0.0,0.0,False,NONE
594,775,1793,192.24859698,15.645399198959067,11380.0,47.02479338842975,0.0,0.0,0.0,2.3174117224768986,False,True,214,PV+/PNN-,192.24859698,15.645399198959067,0.0,0.0,0.0,False,NONE
595,778,2069,171.59378904,14.781068900342463,5430.0,25.13888888888889,0.0,0.0,0.0,2.4612496589632302,False,True,216,PV+/PNN-,171.59378904,14.781068900342463,0.0,0.0,0.0,False,NONE
596,777,818,152.52781248,13.93572540349032,12198.0,63.53125,0.0,0.0,0.0,2.9519373840304364,False,True,217,PV+/PNN-,152.52781248,13.93572540349032,0.0,0.0,0.0,False,NONE
597,777,597,116.77910643,12.193759728054031,2939.0,19.993197278911566,0.0,0.0,0.0,3.262487364660411,False,True,218,PV+/PNN-,116.77910643,12.193759728054031,0.0,0.0,0.0,False,NONE
598,781,680,110.42378091,11.857315232959936,1501.0,10.798561151079136,0.0,0.0,0.0,1.586907999193048,False,True,219,PV+/PNN-,110.42378091,11.857315232959936,0.0,0.0,0.0,False,NONE
599,782,880,168.41612628000001,14.643567596416075,5258.0,24.80188679245283,0.0,0.0,0.0,2.829466271875672,False,True,220,PV+/PNN-,168.41612628000001,14.643567596416075,0.0,0.0,0.0,False,NONE
600,789,2432,94.53546711,10.971157418634661,3159.0,26.54621848739496,0.0,0.0,0.0,2.233739186285957,False,True,225,PV+/PNN-,94.53546711,10.971157418634661,0.0,0.0,0.0,False,NONE
601,793,811,185.09885577,15.351715957885437,16752.0,71.8969957081545,0.0,0.0,0.0,2.4752921837875066,False,True,226,PV+/PNN-,185.09885577,15.351715957885437,0.0,0.0,0.0,False,NONE
602,797,1111,229.58613441,17.097313977747916,26244.0,90.80968858131487,0.0,0.0,0.0,2.9844299106152534,False,True,227,PV+/PNN-,229.58613441,17.097313977747916,0.0,0.0,0.0,False,NONE
603,795,1325,119.95676919,12.358547737957586,3472.0,22.99337748344371,0.0,0.0,0.0,3.2098860393587216,False,True,228,PV+/PNN-,119.95676919,12.358547737957586,0.0,0.0,0.0,False,NONE
604,797,2304,106.45170246,11.642101063659146,1525.0,11.380597014925373,0.0,0.0,0.0,1.435591729362639,False,True,229,PV+/PNN-,106.45170246,11.642101063659146,0.0,0.0,0.0,False,NONE
605,805,2326,130.28417316,12.879555944225542,2477.0,15.103658536585366,0.0,0.0,0.0,1.6185985779679082,False,True,231,PV+/PNN-,130.28417316,12.879555944225542,0.0,0.0,0.0,False,NONE
606,811,685,192.24859698,15.645399198959067,5096.0,21.05785123966942,0.0,0.0,0.0,1.7219796125169842,False,True,232,PV+/PNN-,192.24859698,15.645399198959067,0.0,0.0,0.0,False,NONE
607,809,1337,108.83494953,11.77170172875832,4648.0,33.92700729927007,0.0,0.0,0.0,2.4772425795272124,False,True,234,PV+/PNN-,108.83494953,11.77170172875832,0.0,0.0,0.0,False,NONE
608,811,1412,164.44404783,14.469853647963289,10204.0,49.29468599033817,0.0,0.0,0.0,2.454885792944987,False,True,235,PV+/PNN-,164.44404783,14.469853647963289,0.0,0.0,0.0,False,NONE
609,814,653,172.38820473,14.815244827816286,6211.0,28.622119815668203,0.0,0.0,0.0,1.746651797982861,False,True,236,PV+/PNN-,172.38820473,14.815244827816286,0.0,0.0,0.0,False,NONE
610,812,1467,102.47962401,11.422832828117684,4400.0,34.10852713178294,0.0,0.0,0.0,2.218942329615311,False,True,237,PV+/PNN-,102.47962401,11.422832828117684,0.0,0.0,0.0,False,NONE
611,815,2260,129.48975747,12.84022896403991,2774.0,17.01840490797546,0.0,0.0,0.0,2.1470020150471965,False,True,238,PV+/PNN-,129.48975747,12.84022896403991,0.0,0.0,0.0,False,NONE
612,823,1080,220.05314613000002,16.73858917579679,14617.0,52.768953068592054,0.0,0.0,0.0,3.8569205848743753,False,True,239,PV+/PNN-,220.05314613000002,16.73858917579679,0.0,0.0,0.0,False,NONE
613,830,944,152.52781248,13.93572540349032,9250.0,48.177083333333336,0.0,0.0,0.0,2.6397071479594203,False,True,243,PV+/PNN-,152.52781248,13.93572540349032,0.0,0.0,0.0,False,NONE
614,827,2663,57.99234537,8.592912627102823,1853.0,25.383561643835616,0.0,0.0,0.0,2.705156727023016,False,True,244,PV+/PNN-,57.99234537,8.592912627102823,0.0,0.0,0.0,False,NONE
615,833,1213,179.53794594000001,15.119352253034252,8798.0,38.92920353982301,0.0,0.0,0.0,2.8446585072127712,False,True,245,PV+/PNN-,179.53794594000001,15.119352253034252,0.0,0.0,0.0,False,NONE
616,833,1335,189.86534991,15.548121162390995,9426.0,39.43933054393305,0.0,0.0,0.0,3.0511630385041917,False,True,246,PV+/PNN-,189.86534991,15.548121162390995,0.0,0.0,0.0,False,NONE
617,835,483,136.63949868,13.189951216443678,2788.0,16.209302325581394,0.0,0.0,0.0,3.047746511142185,False,True,247,PV+/PNN-,136.63949868,13.189951216443678,0.0,0.0,0.0,False,NONE
618,836,1428,123.92884764,12.56149312576761,4993.0,32.006410256410255,0.0,0.0,0.0,2.1256404525277834,False,True,249,PV+/PNN-,123.92884764,12.56149312576761,0.0,0.0,0.0,False,NONE
619,838,2374,122.34001626,12.48071098158173,6538.0,42.45454545454545,0.0,0.0,0.0,1.9424222899958146,False,True,250,PV+/PNN-,122.34001626,12.48071098158173,0.0,0.0,0.0,False,NONE
620,841,670,243.88561683,17.621714211168094,28640.0,93.28990228013029,0.0,0.0,0.0,3.4728932368809464,False,True,251,PV+/PNN-,243.88561683,17.621714211168094,0.0,0.0,0.0,False,NONE
621,838,1012,158.883138,14.223090180871878,6721.0,33.605,0.0,0.0,0.0,3.32451102150682,False,True,252,PV+/PNN-,158.883138,14.223090180871878,0.0,0.0,0.0,False,NONE
622,844,2354,144.58365558,13.56796328882212,15893.0,87.32417582417582,0.0,0.0,0.0,1.8507069160779384,False,True,255,PV+/PNN-,144.58365558,13.56796328882212,0.0,0.0,0.0,False,NONE
623,850,2629,171.59378904,14.781068900342463,9307.0,43.08796296296296,0.0,0.0,0.0,2.4832049967261685,False,True,256,PV+/PNN-,171.59378904,14.781068900342463,0.0,0.0,0.0,False,NONE
624,849,1593,109.62936522,11.814586030086609,6916.0,50.11594202898551,0.0,0.0,0.0,2.13590924698444,False,True,259,PV+/PNN-,109.62936522,11.814586030086609,0.0,0.0,0.0,False,NONE
625,854,1220,140.61157713,13.380292240810528,5214.0,29.45762711864407,0.0,0.0,0.0,2.818069220450774,False,True,260,PV+/PNN-,140.61157713,13.380292240810528,0.0,0.0,0.0,False,NONE
626,857,909,116.77910643,12.193759728054031,5192.0,35.31972789115646,0.0,0.0,0.0,2.670210246735245,False,True,261,PV+/PNN-,116.77910643,12.193759728054031,0.0,0.0,0.0,False,NONE
627,859,454,127.90092609,12.761211420003875,3464.0,21.51552795031056,0.0,0.0,0.0,3.14646319764398,False,True,262,PV+/PNN-,127.90092609,12.761211420003875,0.0,0.0,0.0,False,NONE
628,860,693,200.98716957,15.99702510721652,6690.0,26.442687747035574,0.0,0.0,0.0,1.6836386346054213,False,True,263,PV+/PNN-,200.98716957,15.99702510721652,0.0,0.0,0.0,False,NONE
629,856,2774,100.09637694,11.289227848029503,1640.0,13.015873015873016,0.0,0.0,0.0,2.188778287751381,False,True,264,PV+/PNN-,100.09637694,11.289227848029503,0.0,0.0,0.0,False,NONE
630,861,170,169.21054197,14.678063680958497,7099.0,33.328638497652584,0.0,0.0,0.0,2.9594748679455294,False,True,265,PV+/PNN-,169.21054197,14.678063680958497,0.0,0.0,0.0,False,NONE
631,864,2440,220.84756182,16.76877601578504,10834.0,38.97122302158273,0.0,0.0,0.0,3.7490045372336307,False,True,266,PV+/PNN-,220.84756182,16.76877601578504,0.0,0.0,0.0,False,NONE
632,866,810,207.34249509,16.247974152264163,7399.0,28.34865900383142,0.0,0.0,0.0,2.104917050672784,False,True,268,PV+/PNN-,207.34249509,16.247974152264163,0.0,0.0,0.0,False,NONE
633,864,1533,131.07858885,12.91876320674319,6483.0,39.29090909090909,0.0,0.0,0.0,2.393653831184002,False,True,269,PV+/PNN-,131.07858885,12.91876320674319,0.0,0.0,0.0,False,NONE
634,864,1147,61.17000813,8.825195369105852,3475.0,45.12987012987013,0.0,0.0,0.0,2.681490283262515,False,True,271,PV+/PNN-,61.17000813,8.825195369105852,0.0,0.0,0.0,False,NONE
635,869,1942,131.87300454,12.957851838301272,13289.0,80.05421686746988,0.0,0.0,0.0,2.868559496263189,False,True,274,PV+/PNN-,131.87300454,12.957851838301272,0.0,0.0,0.0,False,NONE
636,871,1666,144.58365558,13.56796328882212,11337.0,62.29120879120879,0.0,0.0,0.0,2.828174142872893,False,True,276,PV+/PNN-,144.58365558,13.56796328882212,0.0,0.0,0.0,False,NONE
637,874,221,191.45418129,15.613040531021587,6988.0,28.99585062240664,0.0,0.0,0.0,3.1469364178666126,False,True,277,PV+/PNN-,191.45418129,15.613040531021587,0.0,0.0,0.0,False,NONE
638,875,1213,239.11912269,17.448665361891926,7733.0,25.691029900332225,0.0,0.0,0.0,2.1148494530045183,False,True,279,PV+/PNN-,239.11912269,17.448665361891926,0.0,0.0,0.0,False,NONE
639,875,769,127.90092609,12.761211420003875,3093.0,19.211180124223603,0.0,0.0,0.0,1.7061594727503002,False,True,280,PV+/PNN-,127.90092609,12.761211420003875,0.0,0.0,0.0,False,NONE
640,881,1232,227.99730303,17.038051012682235,7319.0,25.501742160278745,0.0,0.0,0.0,1.959562443060422,False,True,282,PV+/PNN-,227.99730303,17.038051012682235,0.0,0.0,0.0,False,NONE
641,877,1583,101.68520832,11.378472144697502,3738.0,29.203125,0.0,0.0,0.0,2.1222789474117127,False,True,283,PV+/PNN-,101.68520832,11.378472144697502,0.0,0.0,0.0,False,NONE
642,880,2393,145.37807127,13.6051868520168,3313.0,18.103825136612024,0.0,0.0,0.0,1.5721461532543315,False,True,284,PV+/PNN-,145.37807127,13.6051868520168,0.0,0.0,0.0,False,NONE
643,881,2008,123.92884764,12.56149312576761,25722.0,164.8846153846154,0.0,0.0,0.0,1.98845206981972,False,True,285,PV+/PNN-,123.92884764,12.56149312576761,0.0,0.0,0.0,False,NONE
644,882,781,149.35014972,13.789797556005714,3524.0,18.74468085106383,0.0,0.0,0.0,1.5976011733882718,False,True,287,PV+/PNN-,149.35014972,13.789797556005714,0.0,0.0,0.0,False,NONE
645,883,1704,139.02274575,13.304482609502793,9743.0,55.674285714285716,0.0,0.0,0.0,2.3166307337660648,False,True,289,PV+/PNN-,139.02274575,13.304482609502793,0.0,0.0,0.0,False,NONE
646,888,2471,209.72574216,16.34108651427568,8762.0,33.18939393939394,0.0,0.0,0.0,2.362885651549787,False,True,291,PV+/PNN-,209.72574216,16.34108651427568,0.0,0.0,0.0,False,NONE
647,898,2455,123.92884764,12.56149312576761,5871.0,37.63461538461539,0.0,0.0,0.0,2.014954371024687,False,True,293,PV+/PNN-,123.92884764,12.56149312576761,0.0,0.0,0.0,False,NONE
648,902,911,189.07093422,15.515559616363333,9374.0,39.38655462184874,0.0,0.0,0.0,2.741592972006049,False,True,295,PV+/PNN-,189.07093422,15.515559616363333,0.0,0.0,0.0,False,NONE
649,903,734,136.63949868,13.189951216443678,2332.0,13.55813953488372,0.0,0.0,0.0,1.442925221350313,False,True,296,PV+/PNN-,136.63949868,13.189951216443678,0.0,0.0,0.0,False,NONE
650,903,1493,144.58365558,13.56796328882212,6920.0,38.02197802197802,0.0,0.0,0.0,2.2562589370379778,False,True,297,PV+/PNN-,144.58365558,13.56796328882212,0.0,0.0,0.0,False,NONE
651,905,670,104.06845539,11.51104134134072,3257.0,24.862595419847327,0.0,0.0,0.0,2.638044060131224,False,True,298,PV+/PNN-,104.06845539,11.51104134134072,0.0,0.0,0.0,False,NONE
652,905,1477,170.79937335,14.746813769937052,10253.0,47.688372093023254,0.0,0.0,0.0,3.293913371541097,False,True,299,PV+/PNN-,170.79937335,14.746813769937052,0.0,0.0,0.0,False,NONE
653,908,890,236.73587562,17.36149413204085,6758.0,22.677852348993287,0.0,0.0,0.0,1.874172012610383,False,True,300,PV+/PNN-,236.73587562,17.36149413204085,0.0,0.0,0.0,False,NONE
654,913,771,212.10898923,16.433671314756197,3530.0,13.220973782771535,0.0,0.0,0.0,1.778894713266104,False,True,301,PV+/PNN-,212.10898923,16.433671314756197,0.0,0.0,0.0,False,NONE
655,917,2605,255.80185218,18.047078262479904,13422.0,41.683229813664596,0.0,0.0,0.0,3.206884958520485,False,True,303,PV+/PNN-,255.80185218,18.047078262479904,0.0,0.0,0.0,False,NONE
656,917,1492,94.53546711,10.971157418634661,2390.0,20.084033613445378,0.0,0.0,0.0,2.808012481204853,False,True,307,PV+/PNN-,94.53546711,10.971157418634661,0.0,0.0,0.0,False,NONE
657,921,1741,208.13691078,16.279070781961433,16913.0,64.55343511450381,0.0,0.0,0.0,2.3656070679959265,False,True,308,PV+/PNN-,208.13691078,16.279070781961433,0.0,0.0,0.0,False,NONE
658,923,825,108.04053384,11.728660627684029,3505.0,25.772058823529413,0.0,0.0,0.0,2.460587356164951,False,True,310,PV+/PNN-,108.04053384,11.728660627684029,0.0,0.0,0.0,False,NONE
659,927,1494,135.84508299,13.151552441468574,3203.0,18.730994152046783,0.0,0.0,0.0,2.6616624857223585,False,True,315,PV+/PNN-,135.84508299,13.151552441468574,0.0,0.0,0.0,False,NONE
660,931,815,127.90092609,12.761211420003875,4292.0,26.658385093167702,0.0,0.0,0.0,2.5354481407803267,False,True,316,PV+/PNN-,127.90092609,12.761211420003875,0.0,0.0,0.0,False,NONE
661,932,1248,128.69534178,12.800781162784691,5800.0,35.80246913580247,0.0,0.0,0.0,2.7134545645477512,False,True,318,PV+/PNN-,128.69534178,12.800781162784691,0.0,0.0,0.0,False,NONE
662,937,1265,145.37807127,13.6051868520168,8208.0,44.85245901639344,0.0,0.0,0.0,2.536962811971698,False,True,319,PV+/PNN-,145.37807127,13.6051868520168,0.0,0.0,0.0,False,NONE
663,941,2721,150.9389811,13.862953494062992,5730.0,30.157894736842106,0.0,0.0,0.0,2.312297062469515,False,True,320,PV+/PNN-,150.9389811,13.862953494062992,0.0,0.0,0.0,False,NONE
664,940,783,71.4974121,9.54113894836179,3636.0,40.4,0.0,0.0,0.0,2.6778756582242207,False,True,321,PV+/PNN-,71.4974121,9.54113894836179,0.0,0.0,0.0,False,NONE
665,950,1465,134.25625161,13.074416571218995,5004.0,29.609467455621303,0.0,0.0,0.0,3.125592663376726,False,True,323,PV+/PNN-,134.25625161,13.074416571218995,0.0,0.0,0.0,False,NONE
666,952,1432,177.15469887,15.0186673222671,8486.0,38.053811659192824,0.0,0.0,0.0,3.545995317699859,False,True,326,PV+/PNN-,177.15469887,15.0186673222671,0.0,0.0,0.0,False,NONE
667,955,2481,137.43391437,13.228238528376714,8619.0,49.820809248554916,0.0,0.0,0.0,2.47696040013997,False,True,327,PV+/PNN-,137.43391437,13.228238528376714,0.0,0.0,0.0,False,NONE
668,959,168,172.38820473,14.815244827816286,10834.0,49.92626728110599,0.0,0.0,0.0,2.4409416849577616,False,True,328,PV+/PNN-,172.38820473,14.815244827816286,0.0,0.0,0.0,False,NONE
669,958,1862,135.05066730000001,13.113041224263421,5183.0,30.488235294117647,0.0,0.0,0.0,2.3418497104895497,False,True,330,PV+/PNN-,135.05066730000001,13.113041224263421,0.0,0.0,0.0,False,NONE
670,959,1354,156.49989093,14.116013951495509,9627.0,48.868020304568525,0.0,0.0,0.0,3.162803143383553,False,True,331,PV+/PNN-,156.49989093,14.116013951495509,0.0,0.0,0.0,False,NONE
671,958,2449,155.70547524,14.080140922851225,21850.0,111.4795918367347,0.0,0.0,0.0,1.9536459263404475,False,True,332,PV+/PNN-,155.70547524,14.080140922851225,0.0,0.0,0.0,False,NONE
672,961,2320,106.45170246,11.642101063659146,8363.0,62.41044776119403,0.0,0.0,0.0,1.9056527380919985,False,True,334,PV+/PNN-,106.45170246,11.642101063659146,0.0,0.0,0.0,False,NONE
673,969,2740,150.14456541,13.82642390884524,4630.0,24.497354497354497,0.0,0.0,0.0,1.4669060835018075,False,True,335,PV+/PNN-,150.14456541,13.82642390884524,0.0,0.0,0.0,False,NONE
674,970,2418,126.31209471,12.681701540530954,6401.0,40.257861635220124,0.0,0.0,0.0,1.7085012909981083,False,True,336,PV+/PNN-,126.31209471,12.681701540530954,0.0,0.0,0.0,False,NONE
675,972,2664,166.03287921,14.539588286344586,4568.0,21.85645933014354,0.0,0.0,0.0,1.3637682898695476,False,True,337,PV+/PNN-,166.03287921,14.539588286344586,0.0,0.0,0.0,False,NONE
676,972,2346,142.9948242,13.493208101259413,12265.0,68.13888888888889,0.0,0.0,0.0,1.590917551745217,False,True,338,PV+/PNN-,142.9948242,13.493208101259413,0.0,0.0,0.0,False,NONE
677,976,1274,224.81964027,16.918902341017805,7015.0,24.78798586572438,0.0,0.0,0.0,3.59124635434355,False,True,339,PV+/PNN-,224.81964027,16.918902341017805,0.0,0.0,0.0,False,NONE
678,977,1704,130.28417316,12.879555944225542,5520.0,33.65853658536585,0.0,0.0,0.0,2.770821294487436,False,True,340,PV+/PNN-,130.28417316,12.879555944225542,0.0,0.0,0.0,False,NONE
679,978,2234,175.56586749,14.951167352217068,21527.0,97.40723981900453,0.0,0.0,0.0,2.7026845021203583,False,True,341,PV+/PNN-,175.56586749,14.951167352217068,0.0,0.0,0.0,False,NONE
680,979,1481,117.57352212,12.235164803834003,3395.0,22.93918918918919,0.0,0.0,0.0,2.2734044753033307,False,True,344,PV+/PNN-,117.57352212,12.235164803834003,0.0,0.0,0.0,False,NONE
681,984,2418,146.96690265,13.679330108642857,8075.0,43.648648648648646,0.0,0.0,0.0,1.7227591267856968,False,True,347,PV+/PNN-,146.96690265,13.679330108642857,0.0,0.0,0.0,False,NONE
682,986,2638,173.97703611,14.883361255142246,7849.0,35.84018264840183,0.0,0.0,0.0,1.655742479470984,False,True,348,PV+/PNN-,173.97703611,14.883361255142246,0.0,0.0,0.0,False,NONE
683,986,2844,216.87548337,16.61729345321425,11738.0,42.99633699633699,0.0,0.0,0.0,2.039563650715013,False,True,349,PV+/PNN-,216.87548337,16.61729345321425,0.0,0.0,0.0,False,NONE
684,989,1987,186.68768715,15.41746236559462,11111.0,47.280851063829786,0.0,0.0,0.0,2.3010631313547028,False,True,350,PV+/PNN-,186.68768715,15.41746236559462,0.0,0.0,0.0,False,NONE
685,987,2653,184.30444008,15.318736938146312,6454.0,27.81896551724138,0.0,0.0,0.0,1.4434615432153506,False,True,351,PV+/PNN-,184.30444008,15.318736938146312,0.0,0.0,0.0,False,NONE
686,991,2615,207.34249509,16.247974152264163,16662.0,63.839080459770116,0.0,0.0,0.0,1.8295726555980576,False,True,352,PV+/PNN-,207.34249509,16.247974152264163,0.0,0.0,0.0,False,NONE
687,991,2505,183.51002439,15.285686766012908,6108.0,26.441558441558442,0.0,0.0,0.0,1.5397249859722921,False,True,354,PV+/PNN-,183.51002439,15.285686766012908,0.0,0.0,0.0,False,NONE
688,991,2601,151.73339679,13.899387074616612,10919.0,57.167539267015705,0.0,0.0,0.0,1.7348519005591956,False,True,355,PV+/PNN-,151.73339679,13.899387074616612,0.0,0.0,0.0,False,NONE
689,995,2350,143.78923989,13.53063732184699,10709.0,59.16574585635359,0.0,0.0,0.0,1.7050703788560484,False,True,358,PV+/PNN-,143.78923989,13.53063732184699,0.0,0.0,0.0,False,NONE
690,994,2480,121.54560057,12.440123196106569,5238.0,34.23529411764706,0.0,0.0,0.0,1.7596060744667967,False,True,359,PV+/PNN-,121.54560057,12.440123196106569,0.0,0.0,0.0,False,NONE
691,994,2794,137.43391437,13.228238528376714,3907.0,22.583815028901736,0.0,0.0,0.0,1.4366932627372586,False,True,360,PV+/PNN-,137.43391437,13.228238528376714,0.0,0.0,0.0,False,NONE
692,996,648,123.13443195,12.521167201073583,2457.0,15.851612903225806,0.0,0.0,0.0,2.5661268025931068,False,True,361,PV+/PNN-,123.13443195,12.521167201073583,0.0,0.0,0.0,False,NONE
693,997,779,151.73339679,13.899387074616612,6078.0,31.82198952879581,0.0,0.0,0.0,2.194508073844971,False,True,362,PV+/PNN-,151.73339679,13.899387074616612,0.0,0.0,0.0,False,NONE
694,999,2364,150.9389811,13.862953494062992,22875.0,120.39473684210526,0.0,0.0,0.0,2.037739786023508,False,True,364,PV+/PNN-,150.9389811,13.862953494062992,0.0,0.0,0.0,False,NONE
695,1003,1321,212.10898923,16.433671314756197,4189.0,15.689138576779026,0.0,0.0,0.0,1.5329645685749373,False,True,365,PV+/PNN-,212.10898923,16.433671314756197,0.0,0.0,0.0,False,NONE
696,1004,910,191.45418129,15.613040531021587,18301.0,75.93775933609959,0.0,0.0,0.0,2.1206627808711516,False,True,366,PV+/PNN-,191.45418129,15.613040531021587,0.0,0.0,0.0,False,NONE
697,1007,2799,251.82977373,17.90641299799444,7196.0,22.70031545741325,0.0,0.0,0.0,1.4726112594948393,False,True,368,PV+/PNN-,251.82977373,17.90641299799444,0.0,0.0,0.0,False,NONE
698,1004,2488,171.59378904,14.781068900342463,6113.0,28.300925925925927,0.0,0.0,0.0,1.784574889961903,False,True,369,PV+/PNN-,171.59378904,14.781068900342463,0.0,0.0,0.0,False,NONE
699,1009,2777,330.47692704,20.512832377072776,9688.0,23.28846153846154,0.0,0.0,0.0,1.5457077438073323,False,True,370,PV+/PNN-,330.47692704,20.512832377072776,0.0,0.0,0.0,False,NONE
700,1007,1287,141.40599282,13.418036440588484,2789.0,15.668539325842696,0.0,0.0,0.0,1.527499454248467,False,True,371,PV+/PNN-,141.40599282,13.418036440588484,0.0,0.0,0.0,False,NONE
701,1006,2503,124.72326333,12.60169000650996,4887.0,31.127388535031848,0.0,0.0,0.0,1.8983353090157946,False,True,372,PV+/PNN-,124.72326333,12.60169000650996,0.0,0.0,0.0,False,NONE
702,1008,2545,129.48975747,12.84022896403991,8388.0,51.4601226993865,0.0,0.0,0.0,1.4770896420408093,False,True,374,PV+/PNN-,129.48975747,12.84022896403991,0.0,0.0,0.0,False,NONE
703,1012,639,163.64963214,14.434859996619657,3087.0,14.985436893203884,0.0,0.0,0.0,3.4785519012186863,False,True,375,PV+/PNN-,163.64963214,14.434859996619657,0.0,0.0,0.0,False,NONE
704,1014,2472,148.55573403,13.753073662427433,5413.0,28.946524064171122,0.0,0.0,0.0,1.5723309268517052,False,True,377,PV+/PNN-,148.55573403,13.753073662427433,0.0,0.0,0.0,False,NONE
705,1015,619,183.51002439,15.285686766012908,2720.0,11.774891774891774,0.0,0.0,0.0,2.158246988884238,False,True,379,PV+/PNN-,183.51002439,15.285686766012908,0.0,0.0,0.0,False,NONE
706,1013,1698,149.35014972,13.789797556005714,5636.0,29.97872340425532,0.0,0.0,0.0,2.5593958878936807,False,True,380,PV+/PNN-,149.35014972,13.789797556005714,0.0,0.0,0.0,False,NONE
707,1013,2493,98.50754556,11.199272407696524,3686.0,29.725806451612904,0.0,0.0,0.0,1.6494287992821788,False,True,381,PV+/PNN-,98.50754556,11.199272407696524,0.0,0.0,0.0,False,NONE
708,1015,2637,143.78923989,13.53063732184699,6608.0,36.50828729281768,0.0,0.0,0.0,1.3785675403516988,False,True,382,PV+/PNN-,143.78923989,13.53063732184699,0.0,0.0,0.0,False,NONE
709,1017,2589,189.86534991,15.548121162390995,28070.0,117.44769874476988,0.0,0.0,0.0,1.6357327278290774,False,True,383,PV+/PNN-,189.86534991,15.548121162390995,0.0,0.0,0.0,False,NONE
710,1016,2727,150.9389811,13.862953494062992,4526.0,23.821052631578947,0.0,0.0,0.0,1.3875062362119868,False,True,384,PV+/PNN-,150.9389811,13.862953494062992,0.0,0.0,0.0,False,NONE
711,1017,659,135.05066730000001,13.113041224263421,2485.0,14.617647058823529,0.0,0.0,0.0,2.642270259788759,False,True,385,PV+/PNN-,135.05066730000001,13.113041224263421,0.0,0.0,0.0,False,NONE
712,1017,2537,120.75118488,12.39940255265723,5905.0,38.848684210526315,0.0,0.0,0.0,1.6615835174194513,False,True,386,PV+/PNN-,120.75118488,12.39940255265723,0.0,0.0,0.0,False,NONE
713,1016,896,100.89079263,11.333937836259333,6366.0,50.125984251968504,0.0,0.0,0.0,1.916856575712277,False,True,387,PV+/PNN-,100.89079263,11.333937836259333,0.0,0.0,0.0,False,NONE
714,1020,2551,181.12677732,15.186104684686724,18322.0,80.35964912280701,0.0,0.0,0.0,1.5055850648933113,False,True,388,PV+/PNN-,181.12677732,15.186104684686724,0.0,0.0,0.0,False,NONE
715,1021,2483,167.62171059,14.608990056788349,7225.0,34.241706161137444,0.0,0.0,0.0,1.6966201366877478,False,True,389,PV+/PNN-,167.62171059,14.608990056788349,0.0,0.0,0.0,False,NONE
716,1022,2765,158.883138,14.223090180871878,7510.0,37.55,0.0,0.0,0.0,1.471953398512804,False,True,390,PV+/PNN-,158.883138,14.223090180871878,0.0,0.0,0.0,False,NONE
717,1022,2525,162.85521645,14.3997813056499,4914.0,23.970731707317075,0.0,0.0,0.0,1.5422286038356616,False,True,391,PV+/PNN-,162.85521645,14.3997813056499,0.0,0.0,0.0,False,NONE
718,1024,2512,135.05066730000001,13.113041224263421,4373.0,25.723529411764705,0.0,0.0,0.0,1.5929441983079495,False,True,392,PV+/PNN-,135.05066730000001,13.113041224263421,0.0,0.0,0.0,False,NONE
719,1024,2496,137.43391437,13.228238528376714,5273.0,30.479768786127167,0.0,0.0,0.0,1.8605318329087688,False,True,394,PV+/PNN-,137.43391437,13.228238528376714,0.0,0.0,0.0,False,NONE
720,1027,2611,213.69782061,16.495105814282393,11855.0,44.07063197026022,0.0,0.0,0.0,1.4234743552517761,False,True,395,PV+/PNN-,213.69782061,16.495105814282393,0.0,0.0,0.0,False,NONE
721,1025,2439,170.00495766,14.712478883374446,11059.0,51.677570093457945,0.0,0.0,0.0,1.5165756100748795,False,True,396,PV+/PNN-,170.00495766,14.712478883374446,0.0,0.0,0.0,False,NONE
722,1026,2654,113.60144367,12.026714032504808,5576.0,38.99300699300699,0.0,0.0,0.0,1.6445599100665003,False,True,397,PV+/PNN-,113.60144367,12.026714032504808,0.0,0.0,0.0,False,NONE
723,1024,2680,148.55573403,13.753073662427433,7330.0,39.19786096256684,0.0,0.0,0.0,1.4169185647683482,False,True,398,PV+/PNN-,148.55573403,13.753073662427433,0.0,0.0,0.0,False,NONE
724,1027,1891,200.98716957,15.99702510721652,13174.0,52.07114624505929,0.0,0.0,0.0,1.8715640431497318,False,True,401,PV+/PNN-,200.98716957,15.99702510721652,0.0,0.0,0.0,False,NONE
725,1026,2714,135.05066730000001,13.113041224263421,5422.0,31.894117647058824,0.0,0.0,0.0,1.4792135617875346,False,True,402,PV+/PNN-,135.05066730000001,13.113041224263421,0.0,0.0,0.0,False,NONE
726,1032,2535,176.36028318,14.984955344126572,8560.0,38.55855855855856,0.0,0.0,0.0,1.6613024391266114,False,True,405,PV+/PNN-,176.36028318,14.984955344126572,0.0,0.0,0.0,False,NONE
727,1031,2352,139.81716144,13.342441267550265,8561.0,48.64204545454545,0.0,0.0,0.0,1.5911478524909821,False,True,406,PV+/PNN-,139.81716144,13.342441267550265,0.0,0.0,0.0,False,NONE
728,1031,2667,129.48975747,12.84022896403991,6861.0,42.0920245398773,0.0,0.0,0.0,1.554674148491438,False,True,407,PV+/PNN-,129.48975747,12.84022896403991,0.0,0.0,0.0,False,NONE
729,1035,1526,197.80950681,15.870062583211556,6405.0,25.72289156626506,0.0,0.0,0.0,3.3505595341950527,False,True,408,PV+/PNN-,197.80950681,15.870062583211556,0.0,0.0,0.0,False,NONE
730,1033,2063,110.42378091,11.857315232959936,6019.0,43.302158273381295,0.0,0.0,0.0,2.1450377144549906,False,True,409,PV+/PNN-,110.42378091,11.857315232959936,0.0,0.0,0.0,False,NONE
731,1035,2640,189.07093422,15.515559616363333,19251.0,80.88655462184875,0.0,0.0,0.0,1.6390291193058897,False,True,410,PV+/PNN-,189.07093422,15.515559616363333,0.0,0.0,0.0,False,NONE
732,1036,2684,182.7156087,15.252564978953412,8699.0,37.821739130434786,0.0,0.0,0.0,1.4946077824814383,False,True,411,PV+/PNN-,182.7156087,15.252564978953412,0.0,0.0,0.0,False,NONE
733,1037,1981,153.32222817,13.97196922387648,4965.0,25.72538860103627,0.0,0.0,0.0,3.2012615083663696,False,True,412,PV+/PNN-,153.32222817,13.97196922387648,0.0,0.0,0.0,False,NONE
734,1037,2488,142.20040851,13.455674765407588,6153.0,34.374301675977655,0.0,0.0,0.0,1.7465390992578527,False,True,413,PV+/PNN-,142.20040851,13.455674765407588,0.0,0.0,0.0,False,NONE
735,1037,1724,105.65728677,11.598579038183399,2728.0,20.51127819548872,0.0,0.0,0.0,1.438157162336225,False,True,414,PV+/PNN-,105.65728677,11.598579038183399,0.0,0.0,0.0,False,NONE
736,1040,2575,142.20040851,13.455674765407588,19474.0,108.79329608938548,0.0,0.0,0.0,2.2791282294866186,False,True,416,PV+/PNN-,142.20040851,13.455674765407588,0.0,0.0,0.0,False,NONE
737,1039,1426,141.40599282,13.418036440588484,6933.0,38.949438202247194,0.0,0.0,0.0,3.717644020581466,False,True,417,PV+/PNN-,141.40599282,13.418036440588484,0.0,0.0,0.0,False,NONE
738,1040,2653,170.00495766,14.712478883374446,10290.0,48.08411214953271,0.0,0.0,0.0,1.5671470710327906,False,True,418,PV+/PNN-,170.00495766,14.712478883374446,0.0,0.0,0.0,False,NONE
739,1044,2612,242.29678545000002,17.56422069996706,16180.0,53.049180327868854,0.0,0.0,0.0,1.4771263308048939,False,True,419,PV+/PNN-,242.29678545000002,17.56422069996706,0.0,0.0,0.0,False,NONE
740,1044,2695,148.55573403,13.753073662427433,6439.0,34.4331550802139,0.0,0.0,0.0,1.5671288394179528,False,True,420,PV+/PNN-,148.55573403,13.753073662427433,0.0,0.0,0.0,False,NONE
741,1046,1007,204.95924802,16.154325106244645,7317.0,28.36046511627907,0.0,0.0,0.0,2.68318578642735,False,True,421,PV+/PNN-,204.95924802,16.154325106244645,0.0,0.0,0.0,False,NONE
742,1044,2666,146.17248696000001,13.642308849668991,6407.0,34.82065217391305,0.0,0.0,0.0,1.7347654001652706,False,True,423,PV+/PNN-,146.17248696000001,13.642308849668991,0.0,0.0,0.0,False,NONE
743,1051,2861,101.68520832,11.378472144697502,4068.0,31.78125,0.0,0.0,0.0,1.381286297912547,False,True,425,PV+/PNN-,101.68520832,11.378472144697502,0.0,0.0,0.0,False,NONE
744,1052,2639,196.22067543,15.806198893222852,15229.0,61.65587044534413,0.0,0.0,0.0,1.684660211580123,False,True,427,PV+/PNN-,196.22067543,15.806198893222852,0.0,0.0,0.0,False,NONE
745,1054,2601,160.47196938,14.294028726574819,7240.0,35.84158415841584,0.0,0.0,0.0,1.622922514790353,False,True,428,PV+/PNN-,160.47196938,14.294028726574819,0.0,0.0,0.0,False,NONE
746,1058,2356,134.25625161,13.074416571218995,10434.0,61.739644970414204,0.0,0.0,0.0,1.701663593205791,False,True,429,PV+/PNN-,134.25625161,13.074416571218995,0.0,0.0,0.0,False,NONE
747,1060,2695,213.69782061,16.495105814282393,10614.0,39.45724907063197,0.0,0.0,0.0,1.6784249860431388,False,True,430,PV+/PNN-,213.69782061,16.495105814282393,0.0,0.0,0.0,False,NONE
748,1058,2665,129.48975747,12.84022896403991,8223.0,50.4478527607362,0.0,0.0,0.0,1.8665041840333865,False,True,431,PV+/PNN-,129.48975747,12.84022896403991,0.0,0.0,0.0,False,NONE
749,1060,2524,142.9948242,13.493208101259413,15974.0,88.74444444444444,0.0,0.0,0.0,1.8483016652122775,False,True,433,PV+/PNN-,142.9948242,13.493208101259413,0.0,0.0,0.0,False,NONE
750,1061,2064,81.03040038,10.157318055940708,2820.0,27.647058823529413,0.0,0.0,0.0,2.163743241976447,False,True,434,PV+/PNN-,81.03040038,10.157318055940708,0.0,0.0,0.0,False,NONE
751,1064,2708,149.35014972,13.789797556005714,7507.0,39.930851063829785,0.0,0.0,0.0,1.5465038079236266,False,True,435,PV+/PNN-,149.35014972,13.789797556005714,0.0,0.0,0.0,False,NONE
752,1063,1385,135.05066730000001,13.113041224263421,10130.0,59.588235294117645,0.0,0.0,0.0,2.7660149146191473,False,True,436,PV+/PNN-,135.05066730000001,13.113041224263421,0.0,0.0,0.0,False,NONE
753,1063,1214,96.91871418,11.108588547554572,3264.0,26.75409836065574,0.0,0.0,0.0,3.546299247640899,False,True,437,PV+/PNN-,96.91871418,11.108588547554572,0.0,0.0,0.0,False,NONE
754,1065,1533,166.8272949,14.574330482319752,7292.0,34.72380952380952,0.0,0.0,0.0,3.840784757316114,False,True,438,PV+/PNN-,166.8272949,14.574330482319752,0.0,0.0,0.0,False,NONE
755,1065,2486,149.35014972,13.789797556005714,8099.0,43.079787234042556,0.0,0.0,0.0,1.5956607671048042,False,True,439,PV+/PNN-,149.35014972,13.789797556005714,0.0,0.0,0.0,False,NONE
756,1067,2679,213.69782061,16.495105814282393,11225.0,41.72862453531599,0.0,0.0,0.0,1.5938934825715347,False,True,440,PV+/PNN-,213.69782061,16.495105814282393,0.0,0.0,0.0,False,NONE
757,1067,1667,154.91105955,14.044176264056345,3795.0,19.46153846153846,0.0,0.0,0.0,2.7238129803128297,False,True,441,PV+/PNN-,154.91105955,14.044176264056345,0.0,0.0,0.0,False,NONE
758,1067,1979,50.84260416,8.045794813057842,1351.0,21.109375,0.0,0.0,0.0,1.9170809829350206,False,True,443,PV+/PNN-,50.84260416,8.045794813057842,0.0,0.0,0.0,False,NONE
759,1072,2663,151.73339679,13.899387074616612,9078.0,47.52879581151832,0.0,0.0,0.0,1.480194740844084,False,True,445,PV+/PNN-,151.73339679,13.899387074616612,0.0,0.0,0.0,False,NONE
760,1075,1905,221.64197751,16.798908611544785,8994.0,32.236559139784944,0.0,0.0,0.0,2.163063847493052,False,True,446,PV+/PNN-,221.64197751,16.798908611544785,0.0,0.0,0.0,False,NONE
761,1073,2650,115.98469074,12.152213577535832,7793.0,53.37671232876713,0.0,0.0,0.0,1.6374193735613451,False,True,447,PV+/PNN-,115.98469074,12.152213577535832,0.0,0.0,0.0,False,NONE
762,1079,764,166.8272949,14.574330482319752,3692.0,17.580952380952382,0.0,0.0,0.0,2.820512973448936,False,True,450,PV+/PNN-,166.8272949,14.574330482319752,0.0,0.0,0.0,False,NONE
763,1081,1527,145.37807127,13.6051868520168,6258.0,34.19672131147541,0.0,0.0,0.0,2.615370777349556,False,True,453,PV+/PNN-,145.37807127,13.6051868520168,0.0,0.0,0.0,False,NONE
764,1084,2623,194.63184405,15.74207611813598,9738.0,39.7469387755102,0.0,0.0,0.0,1.6249569419723406,False,True,455,PV+/PNN-,194.63184405,15.74207611813598,0.0,0.0,0.0,False,NONE
765,1086,2698,152.52781248,13.93572540349032,6270.0,32.65625,0.0,0.0,0.0,1.4997184564222428,False,True,457,PV+/PNN-,152.52781248,13.93572540349032,0.0,0.0,0.0,False,NONE
766,1087,2541,120.75118488,12.39940255265723,6402.0,42.11842105263158,0.0,0.0,0.0,1.5303848188846465,False,True,459,PV+/PNN-,120.75118488,12.39940255265723,0.0,0.0,0.0,False,NONE
767,1090,2668,161.26638507,14.329366305165495,10226.0,50.3743842364532,0.0,0.0,0.0,1.7035811303680701,False,True,460,PV+/PNN-,161.26638507,14.329366305165495,0.0,0.0,0.0,False,NONE
768,1091,1898,202.57600095,16.06012998776311,9153.0,35.89411764705882,0.0,0.0,0.0,2.4319758752793126,False,True,461,PV+/PNN-,202.57600095,16.06012998776311,0.0,0.0,0.0,False,NONE
769,1095,1790,253.41860511000002,17.962811288817694,4929.0,15.45141065830721,0.0,0.0,0.0,1.5236062027416006,False,True,462,PV+/PNN-,253.41860511000002,17.962811288817694,0.0,0.0,0.0,False,NONE
770,1099,1815,202.57600095,16.06012998776311,4899.0,19.211764705882352,0.0,0.0,0.0,1.6513593051161293,False,True,464,PV+/PNN-,202.57600095,16.06012998776311,0.0,0.0,0.0,False,NONE
771,1097,2526,140.61157713,13.380292240810528,10111.0,57.12429378531073,0.0,0.0,0.0,1.683147145320428,False,True,465,PV+/PNN-,140.61157713,13.380292240810528,0.0,0.0,0.0,False,NONE
772,1099,2770,159.67755369,14.258603569939103,7109.0,35.3681592039801,0.0,0.0,0.0,1.5227072831039874,False,True,466,PV+/PNN-,159.67755369,14.258603569939103,0.0,0.0,0.0,False,NONE
773,1097,2554,130.28417316,12.879555944225542,10702.0,65.2560975609756,0.0,0.0,0.0,1.7075733051122735,False,True,467,PV+/PNN-,130.28417316,12.879555944225542,0.0,0.0,0.0,False,NONE
774,1099,2788,133.46183592,13.035677474005707,4563.0,27.160714285714285,0.0,0.0,0.0,1.4765567814195826,False,True,468,PV+/PNN-,133.46183592,13.035677474005707,0.0,0.0,0.0,False,NONE
775,1100,1654,133.46183592,13.035677474005707,7087.0,42.18452380952381,0.0,0.0,0.0,2.4529661432504732,False,True,469,PV+/PNN-,133.46183592,13.035677474005707,0.0,0.0,0.0,False,NONE
776,1101,2679,168.41612628000001,14.643567596416075,23600.0,111.32075471698113,0.0,0.0,0.0,1.6450251911087426,False,True,470,PV+/PNN-,168.41612628000001,14.643567596416075,0.0,0.0,0.0,False,NONE
777,1106,1835,204.95924802,16.154325106244645,9732.0,37.72093023255814,0.0,0.0,0.0,2.3282869813720546,False,True,471,PV+/PNN-,204.95924802,16.154325106244645,0.0,0.0,0.0,False,NONE
778,1103,2583,145.37807127,13.6051868520168,22956.0,125.44262295081967,0.0,0.0,0.0,1.6704883471180851,False,True,472,PV+/PNN-,145.37807127,13.6051868520168,0.0,0.0,0.0,False,NONE
779,1107,1015,259.77393063,18.186655579556263,7119.0,21.770642201834864,0.0,0.0,0.0,3.1500409234695805,False,True,473,PV+/PNN-,259.77393063,18.186655579556263,0.0,0.0,0.0,False,NONE
780,1104,2508,116.77910643,12.193759728054031,6436.0,43.78231292517007,0.0,0.0,0.0,1.3351051233676225,False,True,475,PV+/PNN-,116.77910643,12.193759728054031,0.0,0.0,0.0,False,NONE
781,1107,1379,200.98716957,15.99702510721652,9819.0,38.8102766798419,0.0,0.0,0.0,3.756105032669531,False,True,476,PV+/PNN-,200.98716957,15.99702510721652,0.0,0.0,0.0,False,NONE
782,1105,2665,118.36793781,12.276430232296539,7532.0,50.5503355704698,0.0,0.0,0.0,1.7595100627859723,False,True,477,PV+/PNN-,118.36793781,12.276430232296539,0.0,0.0,0.0,False,NONE
783,1105,2473,95.32988280000001,11.017158280424603,8932.0,74.43333333333334,0.0,0.0,0.0,1.6132106639352775,False,True,478,PV+/PNN-,95.32988280000001,11.017158280424603,0.0,0.0,0.0,False,NONE
784,1109,2721,212.90340492,16.464417218744998,15046.0,56.14179104477612,0.0,0.0,0.0,1.5576442499690073,False,True,479,PV+/PNN-,212.90340492,16.464417218744998,0.0,0.0,0.0,False,NONE
785,1108,2533,126.31209471,12.681701540530954,7629.0,47.9811320754717,0.0,0.0,0.0,1.762035351145766,False,True,480,PV+/PNN-,126.31209471,12.681701540530954,0.0,0.0,0.0,False,NONE
786,1108,2558,130.28417316,12.879555944225542,12160.0,74.14634146341463,0.0,0.0,0.0,1.623788770384663,False,True,481,PV+/PNN-,130.28417316,12.879555944225542,0.0,0.0,0.0,False,NONE
787,1109,2517,108.83494953,11.77170172875832,6163.0,44.98540145985402,0.0,0.0,0.0,1.4920260753082204,False,True,482,PV+/PNN-,108.83494953,11.77170172875832,0.0,0.0,0.0,False,NONE
788,1111,844,158.08872231,14.187487896796528,4247.0,21.34170854271357,0.0,0.0,0.0,3.2232846085674307,False,True,483,PV+/PNN-,158.08872231,14.187487896796528,0.0,0.0,0.0,False,NONE
789,1110,988,144.58365558,13.56796328882212,3438.0,18.89010989010989,0.0,0.0,0.0,2.1092713841364805,False,True,484,PV+/PNN-,144.58365558,13.56796328882212,0.0,0.0,0.0,False,NONE
790,1111,2481,123.13443195,12.521167201073583,9732.0,62.78709677419355,0.0,0.0,0.0,1.7871100141568625,False,True,485,PV+/PNN-,123.13443195,12.521167201073583,0.0,0.0,0.0,False,NONE
791,1114,795,170.00495766,14.712478883374446,5278.0,24.66355140186916,0.0,0.0,0.0,2.349584169224289,False,True,486,PV+/PNN-,170.00495766,14.712478883374446,0.0,0.0,0.0,False,NONE
792,1113,2636,135.05066730000001,13.113041224263421,10204.0,60.023529411764706,0.0,0.0,0.0,1.4970957373410592,False,True,487,PV+/PNN-,135.05066730000001,13.113041224263421,0.0,0.0,0.0,False,NONE
793,1114,2650,161.26638507,14.329366305165495,10612.0,52.275862068965516,0.0,0.0,0.0,1.641284211395398,False,True,488,PV+/PNN-,161.26638507,14.329366305165495,0.0,0.0,0.0,False,NONE
794,1115,2501,129.48975747,12.84022896403991,7576.0,46.47852760736196,0.0,0.0,0.0,1.7389373513116801,False,True,490,PV+/PNN-,129.48975747,12.84022896403991,0.0,0.0,0.0,False,NONE
795,1116,1676,158.883138,14.223090180871878,5152.0,25.76,0.0,0.0,0.0,1.5601125239916789,False,True,491,PV+/PNN-,158.883138,14.223090180871878,0.0,0.0,0.0,False,NONE
796,1115,2662,73.08624348000001,9.646569098642193,4695.0,51.03260869565217,0.0,0.0,0.0,1.3640212517870927,False,True,492,PV+/PNN-,73.08624348000001,9.646569098642193,0.0,0.0,0.0,False,NONE
797,1122,1803,233.55821286,17.244580383732874,4683.0,15.928571428571429,0.0,0.0,0.0,1.6101500140242115,False,True,493,PV+/PNN-,233.55821286,17.244580383732874,0.0,0.0,0.0,False,NONE
798,1117,2467,105.65728677,11.598579038183399,13440.0,101.05263157894737,0.0,0.0,0.0,1.8029535436281219,False,True,494,PV+/PNN-,105.65728677,11.598579038183399,0.0,0.0,0.0,False,NONE
799,1119,2542,181.92119301,15.21937110940298,18353.0,80.14410480349345,0.0,0.0,0.0,1.6285742378780899,False,True,495,PV+/PNN-,181.92119301,15.21937110940298,0.0,0.0,0.0,False,NONE
800,1125,2826,253.41860511000002,17.962811288817694,13100.0,41.06583072100314,0.0,0.0,0.0,1.54457151201125,False,True,496,PV+/PNN-,253.41860511000002,17.962811288817694,0.0,0.0,0.0,False,NONE
801,1124,1775,251.03535804,17.87814713507186,6018.0,19.044303797468356,0.0,0.0,0.0,1.6142624678475817,False,True,497,PV+/PNN-,251.03535804,17.87814713507186,0.0,0.0,0.0,False,NONE
802,1123,2506,134.25625161,13.074416571218995,10280.0,60.828402366863905,0.0,0.0,0.0,1.6584924238221348,False,True,499,PV+/PNN-,134.25625161,13.074416571218995,0.0,0.0,0.0,False,NONE
803,1122,1703,137.43391437,13.228238528376714,3811.0,22.028901734104046,0.0,0.0,0.0,1.384679905867123,False,True,500,PV+/PNN-,137.43391437,13.228238528376714,0.0,0.0,0.0,False,NONE
804,1122,2628,120.75118488,12.39940255265723,12112.0,79.6842105263158,0.0,0.0,0.0,1.6319838110426965,False,True,501,PV+/PNN-,120.75118488,12.39940255265723,0.0,0.0,0.0,False,NONE
805,1126,2598,158.883138,14.223090180871878,24913.0,124.565,0.0,0.0,0.0,1.7248788895418525,False,True,502,PV+/PNN-,158.883138,14.223090180871878,0.0,0.0,0.0,False,NONE
806,1127,2553,150.9389811,13.862953494062992,21189.0,111.52105263157895,0.0,0.0,0.0,1.7100630365121903,False,True,503,PV+/PNN-,150.9389811,13.862953494062992,0.0,0.0,0.0,False,NONE
807,1127,2645,178.74353025,15.085865274483455,12596.0,55.98222222222222,0.0,0.0,0.0,1.5143103116739185,False,True,505,PV+/PNN-,178.74353025,15.085865274483455,0.0,0.0,0.0,False,NONE
808,1128,2693,174.7714518,14.917302830020427,18741.0,85.18636363636364,0.0,0.0,0.0,4.048134388760383,False,True,506,PV+/PNN-,174.7714518,14.917302830020427,0.0,0.0,0.0,False,NONE
809,1126,2617,76.26390624,9.854045933561641,9833.0,102.42708333333333,0.0,0.0,0.0,1.54531800408373,False,True,507,PV+/PNN-,76.26390624,9.854045933561641,0.0,0.0,0.0,False,NONE
810,1130,755,81.82481607,10.206987389088184,3322.0,32.25242718446602,0.0,0.0,0.0,1.9975258160061151,False,True,508,PV+/PNN-,81.82481607,10.206987389088184,0.0,0.0,0.0,False,NONE
811,1132,2608,118.36793781,12.276430232296539,19828.0,133.0738255033557,0.0,0.0,0.0,1.7333948856017651,False,True,510,PV+/PNN-,118.36793781,12.276430232296539,0.0,0.0,0.0,False,NONE
812,1135,2678,205.75366371,16.185601660417575,18041.0,69.65637065637065,0.0,0.0,0.0,1.5976860817713323,False,True,511,PV+/PNN-,205.75366371,16.185601660417575,0.0,0.0,0.0,False,NONE
813,1133,1648,157.29430662000001,14.151796046802042,7958.0,40.19191919191919,0.0,0.0,0.0,2.8305496992834223,False,True,512,PV+/PNN-,157.29430662000001,14.151796046802042,0.0,0.0,0.0,False,NONE
814,1133,1884,109.62936522,11.814586030086609,3828.0,27.73913043478261,0.0,0.0,0.0,2.1649872194062576,False,True,513,PV+/PNN-,109.62936522,11.814586030086609,0.0,0.0,0.0,False,NONE
815,1134,2626,160.47196938,14.294028726574819,22526.0,111.51485148514851,0.0,0.0,0.0,1.687935731258216,False,True,514,PV+/PNN-,160.47196938,14.294028726574819,0.0,0.0,0.0,False,NONE
816,1136,2386,135.05066730000001,13.113041224263421,16728.0,98.4,0.0,0.0,0.0,1.7710506668210522,False,True,515,PV+/PNN-,135.05066730000001,13.113041224263421,0.0,0.0,0.0,False,NONE
817,1135,2496,128.69534178,12.800781162784691,8584.0,52.98765432098765,0.0,0.0,0.0,1.94558070022345,False,True,516,PV+/PNN-,128.69534178,12.800781162784691,0.0,0.0,0.0,False,NONE
818,1136,2517,147.76131834,13.716251444643651,10840.0,58.27956989247312,0.0,0.0,0.0,1.6108571388946844,False,True,517,PV+/PNN-,147.76131834,13.716251444643651,0.0,0.0,0.0,False,NONE
819,1135,2541,133.46183592,13.035677474005707,11710.0,69.70238095238095,0.0,0.0,0.0,1.8601720236511408,False,True,518,PV+/PNN-,133.46183592,13.035677474005707,0.0,0.0,0.0,False,NONE
820,1138,2638,111.2181966,11.899891008124815,13595.0,97.10714285714286,0.0,0.0,0.0,1.6667720373789288,False,True,520,PV+/PNN-,111.2181966,11.899891008124815,0.0,0.0,0.0,False,NONE
821,1141,1676,198.6039225,15.90189824726965,31682.0,126.728,0.0,0.0,0.0,3.7802633005341635,False,True,522,PV+/PNN-,198.6039225,15.90189824726965,0.0,0.0,0.0,False,NONE
822,1143,2593,237.53029131,17.39059975873043,51867.0,173.46822742474916,0.0,0.0,0.0,1.869123933575873,False,True,523,PV+/PNN-,237.53029131,17.39059975873043,0.0,0.0,0.0,False,NONE
823,1144,2663,125.51767902,12.64175907426016,8585.0,54.335443037974684,0.0,0.0,0.0,1.6462013915260916,False,True,524,PV+/PNN-,125.51767902,12.64175907426016,0.0,0.0,0.0,False,NONE
824,1147,2487,161.26638507,14.329366305165495,14440.0,71.13300492610837,0.0,0.0,0.0,1.709571218730827,False,True,526,PV+/PNN-,161.26638507,14.329366305165495,0.0,0.0,0.0,False,NONE
825,1145,2113,91.35780435,10.78519212710641,7826.0,68.05217391304348,0.0,0.0,0.0,2.410828258972536,False,True,527,PV+/PNN-,91.35780435,10.78519212710641,0.0,0.0,0.0,False,NONE
826,1145,2292,77.85273762,9.956163126610313,18140.0,185.10204081632654,0.0,0.0,0.0,1.641583715813536,False,True,528,PV+/PNN-,77.85273762,9.956163126610313,0.0,0.0,0.0,False,NONE
827,1150,2758,154.91105955,14.044176264056345,8935.0,45.82051282051282,0.0,0.0,0.0,1.6001154092222347,False,True,530,PV+/PNN-,154.91105955,14.044176264056345,0.0,0.0,0.0,False,NONE
828,1152,2773,260.56834632,18.21444269366678,15629.0,47.64939024390244,0.0,0.0,0.0,1.6193400340274446,False,True,531,PV+/PNN-,260.56834632,18.21444269366678,0.0,0.0,0.0,False,NONE
829,1149,2676,144.58365558,13.56796328882212,11905.0,65.41208791208791,0.0,0.0,0.0,1.5774436927292463,False,True,532,PV+/PNN-,144.58365558,13.56796328882212,0.0,0.0,0.0,False,NONE
830,1150,2089,106.45170246,11.642101063659146,4974.0,37.11940298507463,0.0,0.0,0.0,2.370269024712524,False,True,534,PV+/PNN-,106.45170246,11.642101063659146,0.0,0.0,0.0,False,NONE
831,1153,2474,158.08872231,14.187487896796528,21708.0,109.08542713567839,0.0,0.0,0.0,1.81909351274033,False,True,535,PV+/PNN-,158.08872231,14.187487896796528,0.0,0.0,0.0,False,NONE
832,1154,1746,148.55573403,13.753073662427433,4491.0,24.016042780748663,0.0,0.0,0.0,1.559975969196543,False,True,536,PV+/PNN-,148.55573403,13.753073662427433,0.0,0.0,0.0,False,NONE
833,1155,738,187.48210284,15.45023065413564,6950.0,29.449152542372882,0.0,0.0,0.0,3.0033871561447274,False,True,537,PV+/PNN-,187.48210284,15.45023065413564,0.0,0.0,0.0,False,NONE
834,1159,789,179.53794594000001,15.119352253034252,6278.0,27.778761061946902,0.0,0.0,0.0,3.9777870898097247,False,True,539,PV+/PNN-,179.53794594000001,15.119352253034252,0.0,0.0,0.0,False,NONE
835,1160,2690,121.54560057,12.440123196106569,8312.0,54.326797385620914,0.0,0.0,0.0,1.5815790822894875,False,True,542,PV+/PNN-,121.54560057,12.440123196106569,0.0,0.0,0.0,False,NONE
836,1165,2481,161.26638507,14.329366305165495,13849.0,68.22167487684729,0.0,0.0,0.0,1.5652100891883851,False,True,543,PV+/PNN-,161.26638507,14.329366305165495,0.0,0.0,0.0,False,NONE
837,1164,2167,74.67507486,9.75085936304132,5495.0,58.45744680851064,0.0,0.0,0.0,2.7799554021144903,False,True,546,PV+/PNN-,74.67507486,9.75085936304132,0.0,0.0,0.0,False,NONE
838,1171,2858,188.27651853,15.482929591568213,7489.0,31.59915611814346,0.0,0.0,0.0,1.5248591353017125,False,True,547,PV+/PNN-,188.27651853,15.482929591568213,0.0,0.0,0.0,False,NONE
839,1170,874,173.97703611,14.883361255142246,4064.0,18.557077625570777,0.0,0.0,0.0,2.4280891558439346,False,True,548,PV+/PNN-,173.97703611,14.883361255142246,0.0,0.0,0.0,False,NONE
840,1169,2665,186.68768715,15.41746236559462,19627.0,83.51914893617021,0.0,0.0,0.0,1.6371854615710095,False,True,549,PV+/PNN-,186.68768715,15.41746236559462,0.0,0.0,0.0,False,NONE
841,1169,2794,127.90092609,12.761211420003875,7277.0,45.19875776397515,0.0,0.0,0.0,1.548307622460432,False,True,550,PV+/PNN-,127.90092609,12.761211420003875,0.0,0.0,0.0,False,NONE
842,1173,2530,175.56586749,14.951167352217068,13191.0,59.68778280542986,0.0,0.0,0.0,1.62810330655011,False,True,551,PV+/PNN-,175.56586749,14.951167352217068,0.0,0.0,0.0,False,NONE
843,1173,2812,159.67755369,14.258603569939103,7982.0,39.711442786069654,0.0,0.0,0.0,1.4924588269437968,False,True,552,PV+/PNN-,159.67755369,14.258603569939103,0.0,0.0,0.0,False,NONE
844,1180,2100,134.25625161,13.074416571218995,6103.0,36.112426035502956,0.0,0.0,0.0,3.4817548107918914,False,True,553,PV+/PNN-,134.25625161,13.074416571218995,0.0,0.0,0.0,False,NONE
845,1184,1537,135.84508299,13.151552441468574,6783.0,39.666666666666664,0.0,0.0,0.0,2.3992650886527485,False,True,555,PV+/PNN-,135.84508299,13.151552441468574,0.0,0.0,0.0,False,NONE
846,1189,1444,179.53794594000001,15.119352253034252,9078.0,40.16814159292036,0.0,0.0,0.0,2.5600312421634888,False,True,556,PV+/PNN-,179.53794594000001,15.119352253034252,0.0,0.0,0.0,False,NONE
847,1192,1992,218.46431475,16.67805158443783,18653.0,67.82909090909091,0.0,0.0,0.0,2.207791917321747,False,True,558,PV+/PNN-,218.46431475,16.67805158443783,0.0,0.0,0.0,False,NONE
848,1195,1936,221.64197751,16.798908611544785,12620.0,45.23297491039426,0.0,0.0,0.0,3.0042311305197673,False,True,559,PV+/PNN-,221.64197751,16.798908611544785,0.0,0.0,0.0,False,NONE
849,1193,2711,134.25625161,13.074416571218995,22311.0,132.01775147928993,0.0,0.0,0.0,1.6261140467843924,False,True,560,PV+/PNN-,134.25625161,13.074416571218995,0.0,0.0,0.0,False,NONE
850,1196,1061,150.14456541,13.82642390884524,6141.0,32.492063492063494,0.0,0.0,0.0,2.135377759273026,False,True,561,PV+/PNN-,150.14456541,13.82642390884524,0.0,0.0,0.0,False,NONE
851,1195,2419,100.89079263,11.333937836259333,6160.0,48.503937007874015,0.0,0.0,0.0,3.1395468090712066,False,True,562,PV+/PNN-,100.89079263,11.333937836259333,0.0,0.0,0.0,False,NONE
852,1198,1229,139.81716144,13.342441267550265,2728.0,15.5,0.0,0.0,0.0,2.2723774584641077,False,True,564,PV+/PNN-,139.81716144,13.342441267550265,0.0,0.0,0.0,False,NONE
853,1201,2835,127.90092609,12.761211420003875,5905.0,36.67701863354037,0.0,0.0,0.0,1.5029913018030534,False,True,566,PV+/PNN-,127.90092609,12.761211420003875,0.0,0.0,0.0,False,NONE
854,1202,2745,123.13443195,12.521167201073583,36348.0,234.5032258064516,0.0,0.0,0.0,1.6011815359500248,False,True,568,PV+/PNN-,123.13443195,12.521167201073583,0.0,0.0,0.0,False,NONE
855,1205,2105,198.6039225,15.90189824726965,8676.0,34.704,0.0,0.0,0.0,2.122628543943784,False,True,569,PV+/PNN-,198.6039225,15.90189824726965,0.0,0.0,0.0,False,NONE
856,1203,2431,150.14456541,13.82642390884524,8682.0,45.93650793650794,0.0,0.0,0.0,1.6965926939448537,False,True,570,PV+/PNN-,150.14456541,13.82642390884524,0.0,0.0,0.0,False,NONE
857,1210,1691,199.39833819,15.933670303416713,6932.0,27.617529880478088,0.0,0.0,0.0,3.065161626074145,False,True,573,PV+/PNN-,199.39833819,15.933670303416713,0.0,0.0,0.0,False,NONE
858,1211,1091,122.34001626,12.48071098158173,5821.0,37.798701298701296,0.0,0.0,0.0,1.939263879768179,False,True,574,PV+/PNN-,122.34001626,12.48071098158173,0.0,0.0,0.0,False,NONE
859,1212,1608,151.73339679,13.899387074616612,6671.0,34.92670157068063,0.0,0.0,0.0,2.3409359406811605,False,True,575,PV+/PNN-,151.73339679,13.899387074616612,0.0,0.0,0.0,False,NONE
860,1215,2739,162.85521645,14.3997813056499,28148.0,137.30731707317074,0.0,0.0,0.0,1.5534987359406145,False,True,577,PV+/PNN-,162.85521645,14.3997813056499,0.0,0.0,0.0,False,NONE
861,1215,1138,148.55573403,13.753073662427433,4865.0,26.016042780748663,0.0,0.0,0.0,2.2570556853193833,False,True,578,PV+/PNN-,148.55573403,13.753073662427433,0.0,0.0,0.0,False,NONE
862,1215,1857,117.57352212,12.235164803834003,3588.0,24.243243243243242,0.0,0.0,0.0,2.6291631084100673,False,True,580,PV+/PNN-,117.57352212,12.235164803834003,0.0,0.0,0.0,False,NONE
863,1231,777,90.56338866,10.738197602350779,994.0,8.719298245614034,0.0,0.0,0.0,1.3418533557462171,False,True,581,PV+/PNN-,90.56338866,10.738197602350779,0.0,0.0,0.0,False,NONE
864,1235,1380,139.02274575,13.304482609502793,15920.0,90.97142857142858,0.0,0.0,0.0,2.7960774063211296,False,True,582,PV+/PNN-,139.02274575,13.304482609502793,0.0,0.0,0.0,False,NONE
865,1236,1960,88.97455728,10.643586087602236,5461.0,48.75892857142857,0.0,0.0,0.0,3.0671124319928826,False,True,583,PV+/PNN-,88.97455728,10.643586087602236,0.0,0.0,0.0,False,NONE
866,1240,2096,105.65728677,11.598579038183399,7731.0,58.12781954887218,0.0,0.0,0.0,2.528889199632548,False,True,584,PV+/PNN-,105.65728677,11.598579038183399,0.0,0.0,0.0,False,NONE
867,1243,1966,116.77910643,12.193759728054031,4425.0,30.102040816326532,0.0,0.0,0.0,1.655232560011532,False,True,585,PV+/PNN-,116.77910643,12.193759728054031,0.0,0.0,0.0,False,NONE
868,1245,1309,180.33236163,15.152765226941183,2885.0,12.709251101321586,0.0,0.0,0.0,2.1614587349674066,False,True,588,PV+/PNN-,180.33236163,15.152765226941183,0.0,0.0,0.0,False,NONE
869,1250,1604,171.59378904,14.781068900342463,4837.0,22.39351851851852,0.0,0.0,0.0,2.622255469224777,False,True,589,PV+/PNN-,171.59378904,14.781068900342463,0.0,0.0,0.0,False,NONE
870,1258,2076,226.40847165,16.97858119419376,10075.0,35.35087719298246,0.0,0.0,0.0,2.612454084971093,False,True,591,PV+/PNN-,226.40847165,16.97858119419376,0.0,0.0,0.0,False,NONE
871,1261,2129,148.55573403,13.753073662427433,14162.0,75.73262032085562,0.0,0.0,0.0,3.83523896053406,False,True,592,PV+/PNN-,148.55573403,13.753073662427433,0.0,0.0,0.0,False,NONE
872,1263,2395,160.47196938,14.294028726574819,5977.0,29.58910891089109,0.0,0.0,0.0,1.7053929838282902,False,True,593,PV+/PNN-,160.47196938,14.294028726574819,0.0,0.0,0.0,False,NONE
873,1264,871,158.08872231,14.187487896796528,1978.0,9.93969849246231,0.0,0.0,0.0,1.6602207168678123,False,True,594,PV+/PNN-,158.08872231,14.187487896796528,0.0,0.0,0.0,False,NONE
874,1266,2859,132.66742023,12.996822909266468,11498.0,68.8502994011976,0.0,0.0,0.0,1.8057784942193698,False,True,598,PV+/PNN-,132.66742023,12.996822909266468,0.0,0.0,0.0,False,NONE
875,1273,2280,157.29430662000001,14.151796046802042,11229.0,56.71212121212121,0.0,0.0,0.0,4.242446804653912,False,True,600,PV+/PNN-,157.29430662000001,14.151796046802042,0.0,0.0,0.0,False,NONE
876,1274,1594,125.51767902,12.64175907426016,3687.0,23.335443037974684,0.0,0.0,0.0,1.9979143582990806,False,True,601,PV+/PNN-,125.51767902,12.64175907426016,0.0,0.0,0.0,False,NONE
877,1276,1943,180.33236163,15.152765226941183,34670.0,152.73127753303964,0.0,0.0,0.0,2.5069707260588507,False,True,602,PV+/PNN-,180.33236163,15.152765226941183,0.0,0.0,0.0,False,NONE
878,1277,1497,92.15222004,10.83198276817611,1820.0,15.689655172413794,0.0,0.0,0.0,1.9078431435380814,False,True,604,PV+/PNN-,92.15222004,10.83198276817611,0.0,0.0,0.0,False,NONE
879,1281,2161,149.35014972,13.789797556005714,14572.0,77.51063829787235,0.0,0.0,0.0,5.094860098291262,False,True,605,PV+/PNN-,149.35014972,13.789797556005714,0.0,0.0,0.0,False,NONE
880,1287,1158,152.52781248,13.93572540349032,1964.0,10.229166666666666,0.0,0.0,0.0,1.585850935338385,False,True,608,PV+/PNN-,152.52781248,13.93572540349032,0.0,0.0,0.0,False,NONE
881,1292,1694,217.66989906,16.647700237020825,6828.0,24.919708029197082,0.0,0.0,0.0,2.1554939463926317,False,True,609,PV+/PNN-,217.66989906,16.647700237020825,0.0,0.0,0.0,False,NONE
882,1291,2826,148.55573403,13.753073662427433,20056.0,107.25133689839572,0.0,0.0,0.0,1.509905877646675,False,True,610,PV+/PNN-,148.55573403,13.753073662427433,0.0,0.0,0.0,False,NONE
883,1296,2285,73.88065917,9.698854408967303,7151.0,76.89247311827957,0.0,0.0,0.0,1.8671298655370205,False,True,612,PV+/PNN-,73.88065917,9.698854408967303,0.0,0.0,0.0,False,NONE
884,1299,1269,181.12677732,15.186104684686724,2263.0,9.925438596491228,0.0,0.0,0.0,1.7738490704339898,False,True,613,PV+/PNN-,181.12677732,15.186104684686724,0.0,0.0,0.0,False,NONE
885,1298,2755,137.43391437,13.228238528376714,17746.0,102.57803468208093,0.0,0.0,0.0,1.5322853780661565,False,True,614,PV+/PNN-,137.43391437,13.228238528376714,0.0,0.0,0.0,False,NONE
886,1298,1463,77.05832193,9.90523612702942,2867.0,29.556701030927837,0.0,0.0,0.0,1.73246941218351,False,True,615,PV+/PNN-,77.05832193,9.90523612702942,0.0,0.0,0.0,False,NONE
887,1299,2048,162.85521645,14.3997813056499,11078.0,54.0390243902439,0.0,0.0,0.0,4.381115564588537,False,True,616,PV+/PNN-,162.85521645,14.3997813056499,0.0,0.0,0.0,False,NONE
888,1302,2815,132.66742023,12.996822909266468,17205.0,103.02395209580838,0.0,0.0,0.0,1.5764154999939257,False,True,618,PV+/PNN-,132.66742023,12.996822909266468,0.0,0.0,0.0,False,NONE
889,1311,2357,113.60144367,12.026714032504808,6961.0,48.67832167832168,0.0,0.0,0.0,2.5935407061545117,False,True,620,PV+/PNN-,113.60144367,12.026714032504808,0.0,0.0,0.0,False,NONE
890,1321,1739,261.36276201,18.242187481558705,31194.0,94.8145896656535,0.0,0.0,0.0,3.3441516291074804,False,True,621,PV+/PNN-,261.36276201,18.242187481558705,0.0,0.0,0.0,False,NONE
891,1318,783,145.37807127,13.6051868520168,3454.0,18.87431693989071,0.0,0.0,0.0,1.500382930705106,False,True,622,PV+/PNN-,145.37807127,13.6051868520168,0.0,0.0,0.0,False,NONE
892,1330,2751,129.48975747,12.84022896403991,13195.0,80.95092024539878,0.0,0.0,0.0,1.6606068399913343,False,True,626,PV+/PNN-,129.48975747,12.84022896403991,0.0,0.0,0.0,False,NONE
893,1341,2266,134.25625161,13.074416571218995,14191.0,83.97041420118343,0.0,0.0,0.0,5.074051441559087,False,True,628,PV+/PNN-,134.25625161,13.074416571218995,0.0,0.0,0.0,False,NONE
894,1341,2358,134.25625161,13.074416571218995,10450.0,61.83431952662722,0.0,0.0,0.0,2.2895110163132464,False,True,629,PV+/PNN-,134.25625161,13.074416571218995,0.0,0.0,0.0,False,NONE
895,1347,2091,154.11664386,14.008119269352957,6856.0,35.34020618556701,0.0,0.0,0.0,2.6200152470792597,False,True,630,PV+/PNN-,154.11664386,14.008119269352957,0.0,0.0,0.0,False,NONE
896,1350,2345,176.36028318,14.984955344126572,15568.0,70.12612612612612,0.0,0.0,0.0,3.1752621957194087,False,True,631,PV+/PNN-,176.36028318,14.984955344126572,0.0,0.0,0.0,False,NONE
897,1355,1546,166.8272949,14.574330482319752,2796.0,13.314285714285715,0.0,0.0,0.0,2.1667746964988543,False,True,632,PV+/PNN-,166.8272949,14.574330482319752,0.0,0.0,0.0,False,NONE
898,1360,1466,161.26638507,14.329366305165495,1930.0,9.507389162561577,0.0,0.0,0.0,1.7820512879201857,False,True,633,PV+/PNN-,161.26638507,14.329366305165495,0.0,0.0,0.0,False,NONE
899,1367,1954,85.79689452,10.451794052617739,3691.0,34.175925925925924,0.0,0.0,0.0,2.720210053090194,False,True,635,PV+/PNN-,85.79689452,10.451794052617739,0.0,0.0,0.0,False,NONE
900,1369,2009,159.67755369,14.258603569939103,4915.0,24.45273631840796,0.0,0.0,0.0,2.9189760194583787,False,True,636,PV+/PNN-,159.67755369,14.258603569939103,0.0,0.0,0.0,False,NONE
901,1377,2219,231.96938148,17.185825254205646,11787.0,40.36643835616438,0.0,0.0,0.0,3.1011856752063425,False,True,638,PV+/PNN-,231.96938148,17.185825254205646,0.0,0.0,0.0,False,NONE
902,1383,1669,176.36028318,14.984955344126572,5402.0,24.333333333333332,0.0,0.0,0.0,3.9492220857576226,False,True,643,PV+/PNN-,176.36028318,14.984955344126572,0.0,0.0,0.0,False,NONE
903,1386,2775,117.57352212,12.235164803834003,19355.0,130.77702702702703,0.0,0.0,0.0,2.4484081447068755,False,True,644,PV+/PNN-,117.57352212,12.235164803834003,0.0,0.0,0.0,False,NONE
904,1396,1582,158.08872231,14.187487896796528,6313.0,31.723618090452263,0.0,0.0,0.0,3.83005647895747,False,True,646,PV+/PNN-,158.08872231,14.187487896796528,0.0,0.0,0.0,False,NONE
905,1399,1886,134.25625161,13.074416571218995,5364.0,31.7396449704142,0.0,0.0,0.0,2.2995842891694327,False,True,648,PV+/PNN-,134.25625161,13.074416571218995,0.0,0.0,0.0,False,NONE
906,1403,1794,135.84508299,13.151552441468574,4235.0,24.76608187134503,0.0,0.0,0.0,2.2357111555199296,False,True,650,PV+/PNN-,135.84508299,13.151552441468574,0.0,0.0,0.0,False,NONE
907,1406,1740,125.51767902,12.64175907426016,2409.0,15.246835443037975,0.0,0.0,0.0,2.8606501039282293,False,True,651,PV+/PNN-,125.51767902,12.64175907426016,0.0,0.0,0.0,False,NONE
908,1404,2702,117.57352212,12.235164803834003,18470.0,124.79729729729729,0.0,0.0,0.0,2.5215317436595304,False,True,652,PV+/PNN-,117.57352212,12.235164803834003,0.0,0.0,0.0,False,NONE
909,1410,1001,38.92636881,7.040070461425612,812.0,16.571428571428573,0.0,0.0,0.0,0.6104755768558274,False,True,653,PV+/PNN-,38.92636881,7.040070461425612,0.0,0.0,0.0,False,NONE
910,1426,2715,149.35014972,13.789797556005714,16801.0,89.36702127659575,0.0,0.0,0.0,2.2068887463970785,False,True,655,PV+/PNN-,149.35014972,13.789797556005714,0.0,0.0,0.0,False,NONE
911,1444,1968,123.13443195,12.521167201073583,2101.0,13.55483870967742,0.0,0.0,0.0,1.3721050986656507,False,True,660,PV+/PNN-,123.13443195,12.521167201073583,0.0,0.0,0.0,False,NONE
912,1445,2296,106.45170246,11.642101063659146,7143.0,53.30597014925373,0.0,0.0,0.0,2.9809853545867693,False,True,661,PV+/PNN-,106.45170246,11.642101063659146,0.0,0.0,0.0,False,NONE
913,1445,2592,112.01261229,11.942314996545514,7539.0,53.46808510638298,0.0,0.0,0.0,2.7424408806341183,False,True,663,PV+/PNN-,112.01261229,11.942314996545514,0.0,0.0,0.0,False,NONE
914,1451,2693,196.22067543,15.806198893222852,11632.0,47.093117408906885,0.0,0.0,0.0,2.44083732583701,False,True,665,PV+/PNN-,196.22067543,15.806198893222852,0.0,0.0,0.0,False,NONE
915,1456,2098,145.37807127,13.6051868520168,9879.0,53.98360655737705,0.0,0.0,0.0,4.112431336640346,False,True,668,PV+/PNN-,145.37807127,13.6051868520168,0.0,0.0,0.0,False,NONE
916,1474,2018,125.51767902,12.64175907426016,8323.0,52.677215189873415,0.0,0.0,0.0,2.193395963463937,False,True,673,PV+/PNN-,125.51767902,12.64175907426016,0.0,0.0,0.0,False,NONE
917,1475,885,41.30961588,7.252381437585563,1113.0,21.403846153846153,0.0,0.0,0.0,0.6267014755527459,False,True,675,PV+/PNN-,41.30961588,7.252381437585563,0.0,0.0,0.0,False,NONE
918,1480,1741,156.49989093,14.116013951495509,2089.0,10.604060913705585,0.0,0.0,0.0,1.4227676123144202,False,True,676,PV+/PNN-,156.49989093,14.116013951495509,0.0,0.0,0.0,False,NONE
919,1482,1969,142.9948242,13.493208101259413,1902.0,10.566666666666666,0.0,0.0,0.0,1.324751303172981,False,True,677,PV+/PNN-,142.9948242,13.493208101259413,0.0,0.0,0.0,False,NONE
920,1488,312,371.78654292,21.75714431275669,8783.0,18.767094017094017,0.0,0.0,0.0,0.6485269000744833,False,True,678,PV+/PNN-,371.78654292,21.75714431275669,0.0,0.0,0.0,False,NONE
921,1493,2326,205.75366371,16.185601660417575,13019.0,50.26640926640927,0.0,0.0,0.0,3.301477674703499,False,True,680,PV+/PNN-,205.75366371,16.185601660417575,0.0,0.0,0.0,False,NONE
922,1497,2312,108.04053384,11.728660627684029,10708.0,78.73529411764706,0.0,0.0,0.0,4.42315612316425,False,True,681,PV+/PNN-,108.04053384,11.728660627684029,0.0,0.0,0.0,False,NONE
923,1511,1734,128.69534178,12.800781162784691,1206.0,7.444444444444445,0.0,0.0,0.0,1.536498338486652,False,True,682,PV+/PNN-,128.69534178,12.800781162784691,0.0,0.0,0.0,False,NONE
924,1511,2028,111.2181966,11.899891008124815,3053.0,21.807142857142857,0.0,0.0,0.0,1.5807843189315531,False,True,683,PV+/PNN-,111.2181966,11.899891008124815,0.0,0.0,0.0,False,NONE
925,1528,2500,295.52263668,19.397708817934607,23842.0,64.09139784946237,0.0,0.0,0.0,2.6656939869493,False,True,686,PV+/PNN-,295.52263668,19.397708817934607,0.0,0.0,0.0,False,NONE
926,1535,2086,130.28417316,12.879555944225542,8219.0,50.11585365853659,0.0,0.0,0.0,1.4858779433108968,False,True,690,PV+/PNN-,130.28417316,12.879555944225542,0.0,0.0,0.0,False,NONE
927,1546,2519,217.66989906,16.647700237020825,11494.0,41.948905109489054,0.0,0.0,0.0,3.546335623970253,False,True,693,PV+/PNN-,217.66989906,16.647700237020825,0.0,0.0,0.0,False,NONE
928,1554,2500,205.75366371,16.185601660417575,12821.0,49.5019305019305,0.0,0.0,0.0,3.5118107233763047,False,True,694,PV+/PNN-,205.75366371,16.185601660417575,0.0,0.0,0.0,False,NONE
929,1571,2503,149.35014972,13.789797556005714,9280.0,49.361702127659576,0.0,0.0,0.0,2.6395993476103388,False,True,697,PV+/PNN-,149.35014972,13.789797556005714,0.0,0.0,0.0,False,NONE
930,1571,2153,135.84508299,13.151552441468574,5335.0,31.198830409356724,0.0,0.0,0.0,1.4684298779098772,False,True,698,PV+/PNN-,135.84508299,13.151552441468574,0.0,0.0,0.0,False,NONE
931,1577,2726,139.02274575,13.304482609502793,8116.0,46.37714285714286,0.0,0.0,0.0,3.242866117122443,False,True,700,PV+/PNN-,139.02274575,13.304482609502793,0.0,0.0,0.0,False,NONE
932,1587,2543,235.14704424,17.303136003451996,15217.0,51.40878378378378,0.0,0.0,0.0,2.186313447337247,False,True,701,PV+/PNN-,235.14704424,17.303136003451996,0.0,0.0,0.0,False,NONE
933,1591,2582,189.07093422,15.515559616363333,20610.0,86.59663865546219,0.0,0.0,0.0,3.212660568016033,False,True,702,PV+/PNN-,189.07093422,15.515559616363333,0.0,0.0,0.0,False,NONE
934,1590,2713,133.46183592,13.035677474005707,5715.0,34.017857142857146,0.0,0.0,0.0,2.4406615034053103,False,True,703,PV+/PNN-,133.46183592,13.035677474005707,0.0,0.0,0.0,False,NONE
935,1591,2432,85.00247883,10.403293586497956,6141.0,57.39252336448598,0.0,0.0,0.0,3.455905905011397,False,True,705,PV+/PNN-,85.00247883,10.403293586497956,0.0,0.0,0.0,False,NONE
936,1617,2176,197.80950681,15.870062583211556,4580.0,18.393574297188756,0.0,0.0,0.0,1.6711288042581942,False,True,709,PV+/PNN-,197.80950681,15.870062583211556,0.0,0.0,0.0,False,NONE
937,1619,2294,74.67507486,9.75085936304132,7557.0,80.3936170212766,0.0,0.0,0.0,4.070972382714892,False,True,710,PV+/PNN-,74.67507486,9.75085936304132,0.0,0.0,0.0,False,NONE
938,1621,2541,174.7714518,14.917302830020427,16145.0,73.38636363636364,0.0,0.0,0.0,2.7309983635807007,False,True,711,PV+/PNN-,174.7714518,14.917302830020427,0.0,0.0,0.0,False,NONE
939,1633,2614,115.98469074,12.152213577535832,8861.0,60.69178082191781,0.0,0.0,0.0,2.560237616646783,False,True,714,PV+/PNN-,115.98469074,12.152213577535832,0.0,0.0,0.0,False,NONE
940,1637,2380,99.30196125,11.244340084382843,7336.0,58.688,0.0,0.0,0.0,3.9261818530509216,False,True,715,PV+/PNN-,99.30196125,11.244340084382843,0.0,0.0,0.0,False,NONE
941,1648,2499,154.91105955,14.044176264056345,10644.0,54.58461538461538,0.0,0.0,0.0,2.027893729848288,False,True,717,PV+/PNN-,154.91105955,14.044176264056345,0.0,0.0,0.0,False,NONE
942,1653,2575,136.63949868,13.189951216443678,16186.0,94.1046511627907,0.0,0.0,0.0,2.5033798181290834,False,True,719,PV+/PNN-,136.63949868,13.189951216443678,0.0,0.0,0.0,False,NONE
943,1668,2856,168.41612628000001,14.643567596416075,20403.0,96.24056603773585,0.0,0.0,0.0,2.614947645141129,False,True,723,PV+/PNN-,168.41612628000001,14.643567596416075,0.0,0.0,0.0,False,NONE
944,1669,2428,104.06845539,11.51104134134072,11930.0,91.06870229007633,0.0,0.0,0.0,3.5820591231690333,False,True,724,PV+/PNN-,104.06845539,11.51104134134072,0.0,0.0,0.0,False,NONE
945,1674,2799,109.62936522,11.814586030086609,6735.0,48.80434782608695,0.0,0.0,0.0,2.82320677695468,False,True,726,PV+/PNN-,109.62936522,11.814586030086609,0.0,0.0,0.0,False,NONE
946,1676,2633,60.37559244,8.767701627645716,4888.0,64.3157894736842,0.0,0.0,0.0,2.7519727009739587,False,True,727,PV+/PNN-,60.37559244,8.767701627645716,0.0,0.0,0.0,False,NONE
947,1681,2694,228.79171872,17.067708217046253,29605.0,102.79513888888889,0.0,0.0,0.0,3.5529647552908705,False,True,728,PV+/PNN-,228.79171872,17.067708217046253,0.0,0.0,0.0,False,NONE
948,1697,2623,182.7156087,15.252564978953412,15127.0,65.7695652173913,0.0,0.0,0.0,3.0013754443392733,False,True,729,PV+/PNN-,182.7156087,15.252564978953412,0.0,0.0,0.0,False,NONE
949,1702,2855,185.09885577,15.351715957885437,17960.0,77.08154506437768,0.0,0.0,0.0,2.531655573171662,False,True,730,PV+/PNN-,185.09885577,15.351715957885437,0.0,0.0,0.0,False,NONE
950,1714,509,95.32988280000001,11.017158280424603,3046.0,25.383333333333333,0.0,0.0,0.0,0.9322574188570698,False,True,731,PV+/PNN-,95.32988280000001,11.017158280424603,0.0,0.0,0.0,False,NONE
951,1716,540,76.26390624,9.854045933561641,3494.0,36.395833333333336,0.0,0.0,0.0,1.0538562126210353,False,True,732,PV+/PNN-,76.26390624,9.854045933561641,0.0,0.0,0.0,False,NONE
952,1726,550,146.17248696000001,13.642308849668991,4617.0,25.092391304347824,0.0,0.0,0.0,1.1082672670770128,False,True,733,PV+/PNN-,146.17248696000001,13.642308849668991,0.0,0.0,0.0,False,NONE
953,1730,460,77.05832193,9.90523612702942,3456.0,35.628865979381445,0.0,0.0,0.0,0.9702831584877257,False,True,735,PV+/PNN-,77.05832193,9.90523612702942,0.0,0.0,0.0,False,NONE
954,1734,558,166.03287921,14.539588286344586,5714.0,27.339712918660286,0.0,0.0,0.0,0.9919901596534036,False,True,736,PV+/PNN-,166.03287921,14.539588286344586,0.0,0.0,0.0,False,NONE
955,1733,2763,167.62171059,14.608990056788349,12663.0,60.014218009478675,0.0,0.0,0.0,2.5362857410199653,False,True,737,PV+/PNN-,167.62171059,14.608990056788349,0.0,0.0,0.0,False,NONE
956,1732,2559,126.31209471,12.681701540530954,6218.0,39.106918238993714,0.0,0.0,0.0,2.6132269074935253,False,True,738,PV+/PNN-,126.31209471,12.681701540530954,0.0,0.0,0.0,False,NONE
957,1740,118,201.78158526,16.028608603131524,12769.0,50.27165354330709,0.0,0.0,0.0,2.363516711861017,False,True,739,PV+/PNN-,201.78158526,16.028608603131524,0.0,0.0,0.0,False,NONE
958,1735,483,67.52533365000001,9.272320371655413,3511.0,41.305882352941175,0.0,0.0,0.0,1.1716401422669158,False,True,740,PV+/PNN-,67.52533365000001,9.272320371655413,0.0,0.0,0.0,False,NONE
959,1735,503,104.86287108,11.554893086200376,4710.0,35.68181818181818,0.0,0.0,0.0,1.4573431192014668,False,True,741,PV+/PNN-,104.86287108,11.554893086200376,0.0,0.0,0.0,False,NONE
960,1735,521,95.32988280000001,11.017158280424603,3406.0,28.383333333333333,0.0,0.0,0.0,1.3507599340613847,False,True,742,PV+/PNN-,95.32988280000001,11.017158280424603,0.0,0.0,0.0,False,NONE
961,1736,538,112.80702798,11.984588810142046,4415.0,31.091549295774648,0.0,0.0,0.0,1.2219822443744996,False,True,743,PV+/PNN-,112.80702798,11.984588810142046,0.0,0.0,0.0,False,NONE
962,1736,2795,131.87300454,12.957851838301272,10130.0,61.024096385542165,0.0,0.0,0.0,2.401942438265321,False,True,744,PV+/PNN-,131.87300454,12.957851838301272,0.0,0.0,0.0,False,NONE
963,1738,529,66.73091796,9.217615939230159,2549.0,30.345238095238095,0.0,0.0,0.0,1.1725597970096684,False,True,745,PV+/PNN-,66.73091796,9.217615939230159,0.0,0.0,0.0,False,NONE
964,1742,2824,213.69782061,16.495105814282393,18897.0,70.24907063197026,0.0,0.0,0.0,2.3799912608449034,False,True,747,PV+/PNN-,213.69782061,16.495105814282393,0.0,0.0,0.0,False,NONE
965,1741,477,95.32988280000001,11.017158280424603,4916.0,40.96666666666667,0.0,0.0,0.0,1.2919871837421348,False,True,748,PV+/PNN-,95.32988280000001,11.017158280424603,0.0,0.0,0.0,False,NONE
966,1742,594,160.47196938,14.294028726574819,7081.0,35.054455445544555,0.0,0.0,0.0,0.8969415975658851,False,True,749,PV+/PNN-,160.47196938,14.294028726574819,0.0,0.0,0.0,False,NONE
967,1746,416,153.32222817,13.97196922387648,5737.0,29.72538860103627,0.0,0.0,0.0,1.1391223788873048,False,True,750,PV+/PNN-,153.32222817,13.97196922387648,0.0,0.0,0.0,False,NONE
968,1746,466,107.24611815,11.68546099424064,5421.0,40.15555555555556,0.0,0.0,0.0,1.379020394463936,False,True,751,PV+/PNN-,107.24611815,11.68546099424064,0.0,0.0,0.0,False,NONE
969,1750,492,164.44404783,14.469853647963289,7226.0,34.908212560386474,0.0,0.0,0.0,1.436863041288212,False,True,753,PV+/PNN-,164.44404783,14.469853647963289,0.0,0.0,0.0,False,NONE
970,1753,330,158.08872231,14.187487896796528,7929.0,39.84422110552764,0.0,0.0,0.0,1.1004996360246337,False,True,754,PV+/PNN-,158.08872231,14.187487896796528,0.0,0.0,0.0,False,NONE
971,1751,431,158.883138,14.223090180871878,6886.0,34.43,0.0,0.0,0.0,1.3181309244013875,False,True,755,PV+/PNN-,158.883138,14.223090180871878,0.0,0.0,0.0,False,NONE
972,1750,530,150.14456541,13.82642390884524,5596.0,29.608465608465607,0.0,0.0,0.0,1.4109320355787123,False,True,756,PV+/PNN-,150.14456541,13.82642390884524,0.0,0.0,0.0,False,NONE
973,1753,544,168.41612628000001,14.643567596416075,5916.0,27.90566037735849,0.0,0.0,0.0,1.4110048710346954,False,True,757,PV+/PNN-,168.41612628000001,14.643567596416075,0.0,0.0,0.0,False,NONE
974,1752,558,148.55573403,13.753073662427433,4022.0,21.50802139037433,0.0,0.0,0.0,1.067728445777709,False,True,758,PV+/PNN-,148.55573403,13.753073662427433,0.0,0.0,0.0,False,NONE
975,1751,611,110.42378091,11.857315232959936,3375.0,24.280575539568346,0.0,0.0,0.0,0.8949321296441499,False,True,759,PV+/PNN-,110.42378091,11.857315232959936,0.0,0.0,0.0,False,NONE
976,1754,388,189.07093422,15.515559616363333,8265.0,34.726890756302524,0.0,0.0,0.0,1.1204460282536832,False,True,760,PV+/PNN-,189.07093422,15.515559616363333,0.0,0.0,0.0,False,NONE
977,1755,344,189.07093422,15.515559616363333,9370.0,39.36974789915966,0.0,0.0,0.0,1.3232809909608025,False,True,761,PV+/PNN-,189.07093422,15.515559616363333,0.0,0.0,0.0,False,NONE
978,1755,2707,157.29430662000001,14.151796046802042,11420.0,57.676767676767675,0.0,0.0,0.0,3.190432997998997,False,True,762,PV+/PNN-,157.29430662000001,14.151796046802042,0.0,0.0,0.0,False,NONE
979,1756,443,79.441569,10.057243516322302,3623.0,36.23,0.0,0.0,0.0,1.454321573417029,False,True,763,PV+/PNN-,79.441569,10.057243516322302,0.0,0.0,0.0,False,NONE
980,1763,357,255.00743649,18.01903305786991,17463.0,54.401869158878505,0.0,0.0,0.0,1.2769767407424553,False,True,764,PV+/PNN-,255.00743649,18.01903305786991,0.0,0.0,0.0,False,NONE
981,1763,402,154.11664386,14.008119269352957,6981.0,35.98453608247423,0.0,0.0,0.0,1.4084148947816018,False,True,766,PV+/PNN-,154.11664386,14.008119269352957,0.0,0.0,0.0,False,NONE
982,1760,2754,122.34001626,12.48071098158173,11218.0,72.84415584415585,0.0,0.0,0.0,2.7786113977623055,False,True,767,PV+/PNN-,122.34001626,12.48071098158173,0.0,0.0,0.0,False,NONE
983,1761,579,74.67507486,9.75085936304132,3376.0,35.91489361702128,0.0,0.0,0.0,1.2315111879073966,False,True,768,PV+/PNN-,74.67507486,9.75085936304132,0.0,0.0,0.0,False,NONE
984,1768,588,162.85521645,14.3997813056499,4306.0,21.004878048780487,0.0,0.0,0.0,1.097354968113836,False,True,771,PV+/PNN-,162.85521645,14.3997813056499,0.0,0.0,0.0,False,NONE
985,1770,442,152.52781248,13.93572540349032,8945.0,46.588541666666664,0.0,0.0,0.0,1.3692530839463213,False,True,772,PV+/PNN-,152.52781248,13.93572540349032,0.0,0.0,0.0,False,NONE
986,1769,2791,148.55573403,13.753073662427433,14730.0,78.77005347593582,0.0,0.0,0.0,2.4683904873155806,False,True,773,PV+/PNN-,148.55573403,13.753073662427433,0.0,0.0,0.0,False,NONE
987,1769,260,79.441569,10.057243516322302,5908.0,59.08,0.0,0.0,0.0,1.1114129750026458,False,True,774,PV+/PNN-,79.441569,10.057243516322302,0.0,0.0,0.0,False,NONE
988,1774,541,188.27651853,15.482929591568213,7310.0,30.843881856540083,0.0,0.0,0.0,1.3026976260198682,False,True,776,PV+/PNN-,188.27651853,15.482929591568213,0.0,0.0,0.0,False,NONE
989,1770,571,116.77910643,12.193759728054031,2677.0,18.210884353741495,0.0,0.0,0.0,1.4442958769515917,False,True,777,PV+/PNN-,116.77910643,12.193759728054031,0.0,0.0,0.0,False,NONE
990,1774,484,141.40599282,13.418036440588484,4942.0,27.764044943820224,0.0,0.0,0.0,1.2644908272870807,False,True,778,PV+/PNN-,141.40599282,13.418036440588484,0.0,0.0,0.0,False,NONE
991,1774,288,119.95676919,12.358547737957586,10684.0,70.75496688741723,0.0,0.0,0.0,1.4366374044696335,False,True,780,PV+/PNN-,119.95676919,12.358547737957586,0.0,0.0,0.0,False,NONE
992,1779,359,162.06080076,14.36461695204847,10007.0,49.05392156862745,0.0,0.0,0.0,1.5050831090883,False,True,781,PV+/PNN-,162.06080076,14.36461695204847,0.0,0.0,0.0,False,NONE
993,1776,524,61.17000813,8.825195369105852,2793.0,36.27272727272727,0.0,0.0,0.0,1.4118093717530555,False,True,782,PV+/PNN-,61.17000813,8.825195369105852,0.0,0.0,0.0,False,NONE
994,1780,270,131.87300454,12.957851838301272,10043.0,60.5,0.0,0.0,0.0,1.3632250312936147,False,True,783,PV+/PNN-,131.87300454,12.957851838301272,0.0,0.0,0.0,False,NONE
995,1778,403,88.18014159,10.595963539609496,5868.0,52.86486486486486,0.0,0.0,0.0,1.5599701109899735,False,True,784,PV+/PNN-,88.18014159,10.595963539609496,0.0,0.0,0.0,False,NONE
996,1780,2302,185.09885577,15.351715957885437,3298.0,14.15450643776824,0.0,0.0,0.0,1.771271699720598,False,True,785,PV+/PNN-,185.09885577,15.351715957885437,0.0,0.0,0.0,False,NONE
997,1778,552,65.14208658,9.10722134683339,2353.0,28.695121951219512,0.0,0.0,0.0,1.4947754160253335,False,True,786,PV+/PNN-,65.14208658,9.10722134683339,0.0,0.0,0.0,False,NONE
998,1783,2852,178.74353025,15.085865274483455,19277.0,85.67555555555556,0.0,0.0,0.0,2.559519498960628,False,True,787,PV+/PNN-,178.74353025,15.085865274483455,0.0,0.0,0.0,False,NONE
999,1781,587,75.46949055,9.802588422925686,2815.0,29.63157894736842,0.0,0.0,0.0,1.2991871123202643,False,True,788,PV+/PNN-,75.46949055,9.802588422925686,0.0,0.0,0.0,False,NONE
1000,1786,335,165.23846352,14.504762875171126,12798.0,61.52884615384615,0.0,0.0,0.0,1.142911739464196,False,True,789,PV+/PNN-,165.23846352,14.504762875171126,0.0,0.0,0.0,False,NONE
1001,1785,562,120.75118488,12.39940255265723,3397.0,22.348684210526315,0.0,0.0,0.0,1.2511875884660673,False,True,790,PV+/PNN-,120.75118488,12.39940255265723,0.0,0.0,0.0,False,NONE
1002,1786,388,181.92119301,15.21937110940298,8885.0,38.799126637554586,0.0,0.0,0.0,1.4289185765014476,False,True,791,PV+/PNN-,181.92119301,15.21937110940298,0.0,0.0,0.0,False,NONE
1003,1785,427,101.68520832,11.378472144697502,4896.0,38.25,0.0,0.0,0.0,1.1865382297749458,False,True,792,PV+/PNN-,101.68520832,11.378472144697502,0.0,0.0,0.0,False,NONE
1004,1788,437,161.26638507,14.329366305165495,7058.0,34.76847290640394,0.0,0.0,0.0,1.2351562204004785,False,True,793,PV+/PNN-,161.26638507,14.329366305165495,0.0,0.0,0.0,False,NONE
1005,1788,137,227.20288734,17.008342095551114,16468.0,57.58041958041958,0.0,0.0,0.0,1.2147124258169573,False,True,794,PV+/PNN-,227.20288734,17.008342095551114,0.0,0.0,0.0,False,NONE
1006,1788,449,134.25625161,13.074416571218995,4193.0,24.810650887573964,0.0,0.0,0.0,1.3203182636501591,False,True,796,PV+/PNN-,134.25625161,13.074416571218995,0.0,0.0,0.0,False,NONE
1007,1789,60,178.74353025,15.085865274483455,12256.0,54.471111111111114,0.0,0.0,0.0,0.9987314261147043,False,True,798,PV+/PNN-,178.74353025,15.085865274483455,0.0,0.0,0.0,False,NONE
1008,1788,225,141.40599282,13.418036440588484,6912.0,38.831460674157306,0.0,0.0,0.0,1.1872960874256868,False,True,799,PV+/PNN-,141.40599282,13.418036440588484,0.0,0.0,0.0,False,NONE
1009,1788,477,154.11664386,14.008119269352957,5820.0,30.0,0.0,0.0,0.0,1.2749069408036395,False,True,800,PV+/PNN-,154.11664386,14.008119269352957,0.0,0.0,0.0,False,NONE
1010,1788,108,131.87300454,12.957851838301272,11159.0,67.22289156626506,0.0,0.0,0.0,3.6384410158169715,False,True,801,PV+/PNN-,131.87300454,12.957851838301272,0.0,0.0,0.0,False,NONE
1011,1789,322,163.64963214,14.434859996619657,10790.0,52.37864077669903,0.0,0.0,0.0,1.4367546797159823,False,True,802,PV+/PNN-,163.64963214,14.434859996619657,0.0,0.0,0.0,False,NONE
1012,1789,573,110.42378091,11.857315232959936,2630.0,18.92086330935252,0.0,0.0,0.0,1.2658521911975416,False,True,803,PV+/PNN-,110.42378091,11.857315232959936,0.0,0.0,0.0,False,NONE
1013,1789,262,108.04053384,11.728660627684029,7960.0,58.529411764705884,0.0,0.0,0.0,1.5047850728290746,False,True,804,PV+/PNN-,108.04053384,11.728660627684029,0.0,0.0,0.0,False,NONE
1014,1791,412,158.08872231,14.187487896796528,5979.0,30.045226130653266,0.0,0.0,0.0,1.4072463419015722,False,True,805,PV+/PNN-,158.08872231,14.187487896796528,0.0,0.0,0.0,False,NONE
1015,1790,298,143.78923989,13.53063732184699,7539.0,41.651933701657455,0.0,0.0,0.0,1.375880274191169,False,True,806,PV+/PNN-,143.78923989,13.53063732184699,0.0,0.0,0.0,False,NONE
1016,1791,539,171.59378904,14.781068900342463,5219.0,24.162037037037038,0.0,0.0,0.0,1.383749236443646,False,True,807,PV+/PNN-,171.59378904,14.781068900342463,0.0,0.0,0.0,False,NONE
1017,1791,210,124.72326333,12.60169000650996,6172.0,39.31210191082803,0.0,0.0,0.0,1.296537457075659,False,True,808,PV+/PNN-,124.72326333,12.60169000650996,0.0,0.0,0.0,False,NONE
1018,1793,275,138.22833006,13.266415342325757,9938.0,57.11494252873563,0.0,0.0,0.0,1.7785570697085777,False,True,809,PV+/PNN-,138.22833006,13.266415342325757,0.0,0.0,0.0,False,NONE
1019,1797,308,152.52781248,13.93572540349032,6949.0,36.192708333333336,0.0,0.0,0.0,1.492118531811995,False,True,810,PV+/PNN-,152.52781248,13.93572540349032,0.0,0.0,0.0,False,NONE
1020,1799,288,166.8272949,14.574330482319752,17637.0,83.98571428571428,0.0,0.0,0.0,4.674026015536811,False,True,811,PV+/PNN-,166.8272949,14.574330482319752,0.0,0.0,0.0,False,NONE
1021,1798,549,122.34001626,12.48071098158173,2195.0,14.253246753246753,0.0,0.0,0.0,1.3510099748710727,False,True,813,PV+/PNN-,122.34001626,12.48071098158173,0.0,0.0,0.0,False,NONE
1022,1799,176,160.47196938,14.294028726574819,10558.0,52.26732673267327,0.0,0.0,0.0,1.3622676746923474,False,True,814,PV+/PNN-,160.47196938,14.294028726574819,0.0,0.0,0.0,False,NONE
1023,1800,485,166.8272949,14.574330482319752,3993.0,19.014285714285716,0.0,0.0,0.0,1.3549579876556168,False,True,815,PV+/PNN-,166.8272949,14.574330482319752,0.0,0.0,0.0,False,NONE
1024,1801,73,181.12677732,15.186104684686724,13105.0,57.478070175438596,0.0,0.0,0.0,1.3423866837890415,False,True,816,PV+/PNN-,181.12677732,15.186104684686724,0.0,0.0,0.0,False,NONE
1025,1799,199,123.92884764,12.56149312576761,9986.0,64.01282051282051,0.0,0.0,0.0,1.5854611956147826,False,True,817,PV+/PNN-,123.92884764,12.56149312576761,0.0,0.0,0.0,False,NONE
1026,1798,385,112.01261229,11.942314996545514,4515.0,32.02127659574468,0.0,0.0,0.0,1.5523250267740292,False,True,818,PV+/PNN-,112.01261229,11.942314996545514,0.0,0.0,0.0,False,NONE
1027,1803,57,160.47196938,14.294028726574819,9475.0,46.90594059405941,0.0,0.0,0.0,1.3243432984194277,False,True,820,PV+/PNN-,160.47196938,14.294028726574819,0.0,0.0,0.0,False,NONE
1028,1803,254,163.64963214,14.434859996619657,9353.0,45.40291262135922,0.0,0.0,0.0,1.3393575876234853,False,True,821,PV+/PNN-,163.64963214,14.434859996619657,0.0,0.0,0.0,False,NONE
1029,1801,2829,131.87300454,12.957851838301272,13189.0,79.45180722891567,0.0,0.0,0.0,2.2759485073773567,False,True,822,PV+/PNN-,131.87300454,12.957851838301272,0.0,0.0,0.0,False,NONE
1030,1802,346,104.86287108,11.554893086200376,7366.0,55.803030303030305,0.0,0.0,0.0,1.4730035699134927,False,True,823,PV+/PNN-,104.86287108,11.554893086200376,0.0,0.0,0.0,False,NONE
1031,1804,112,163.64963214,14.434859996619657,13348.0,64.79611650485437,0.0,0.0,0.0,1.312794744325532,False,True,824,PV+/PNN-,163.64963214,14.434859996619657,0.0,0.0,0.0,False,NONE
1032,1806,133,213.69782061,16.495105814282393,14366.0,53.405204460966544,0.0,0.0,0.0,1.3308061295208728,False,True,825,PV+/PNN-,213.69782061,16.495105814282393,0.0,0.0,0.0,False,NONE
1033,1804,422,150.14456541,13.82642390884524,5523.0,29.22222222222222,0.0,0.0,0.0,1.2951236605654115,False,True,826,PV+/PNN-,150.14456541,13.82642390884524,0.0,0.0,0.0,False,NONE
1034,1804,87,137.43391437,13.228238528376714,11304.0,65.34104046242774,0.0,0.0,0.0,1.353753045025421,False,True,827,PV+/PNN-,137.43391437,13.228238528376714,0.0,0.0,0.0,False,NONE
1035,1808,332,207.34249509,16.247974152264163,11171.0,42.8007662835249,0.0,0.0,0.0,1.2774861781639608,False,True,829,PV+/PNN-,207.34249509,16.247974152264163,0.0,0.0,0.0,False,NONE
1036,1807,496,166.03287921,14.539588286344586,4406.0,21.08133971291866,0.0,0.0,0.0,1.3026779867823879,False,True,830,PV+/PNN-,166.03287921,14.539588286344586,0.0,0.0,0.0,False,NONE
1037,1805,468,78.64715331000001,10.006830950662698,2475.0,25.0,0.0,0.0,0.0,1.3818044745905185,False,True,831,PV+/PNN-,78.64715331000001,10.006830950662698,0.0,0.0,0.0,False,NONE
1038,1812,385,165.23846352,14.504762875171126,7936.0,38.15384615384615,0.0,0.0,0.0,1.6626296608880684,False,True,833,PV+/PNN-,165.23846352,14.504762875171126,0.0,0.0,0.0,False,NONE
1039,1812,167,177.94911456,15.052303797372671,10638.0,47.49107142857143,0.0,0.0,0.0,1.52107062556532,False,True,835,PV+/PNN-,177.94911456,15.052303797372671,0.0,0.0,0.0,False,NONE
1040,1811,306,159.67755369,14.258603569939103,7023.0,34.940298507462686,0.0,0.0,0.0,1.3557358050997363,False,True,836,PV+/PNN-,159.67755369,14.258603569939103,0.0,0.0,0.0,False,NONE
1041,1813,362,204.95924802,16.154325106244645,9375.0,36.33720930232558,0.0,0.0,0.0,1.3823614810453921,False,True,837,PV+/PNN-,204.95924802,16.154325106244645,0.0,0.0,0.0,False,NONE
1042,1811,508,108.04053384,11.728660627684029,3611.0,26.551470588235293,0.0,0.0,0.0,1.4234211740605387,False,True,838,PV+/PNN-,108.04053384,11.728660627684029,0.0,0.0,0.0,False,NONE
1043,1811,2858,151.73339679,13.899387074616612,15382.0,80.53403141361257,0.0,0.0,0.0,2.407783445106377,False,True,839,PV+/PNN-,151.73339679,13.899387074616612,0.0,0.0,0.0,False,NONE
1044,1814,16,189.07093422,15.515559616363333,12296.0,51.66386554621849,0.0,0.0,0.0,1.1986166813876613,False,True,840,PV+/PNN-,189.07093422,15.515559616363333,0.0,0.0,0.0,False,NONE
1045,1812,413,112.01261229,11.942314996545514,3720.0,26.382978723404257,0.0,0.0,0.0,1.3444859537448397,False,True,843,PV+/PNN-,112.01261229,11.942314996545514,0.0,0.0,0.0,False,NONE
1046,1814,213,153.32222817,13.97196922387648,5465.0,28.316062176165804,0.0,0.0,0.0,1.3451472781661482,False,True,844,PV+/PNN-,153.32222817,13.97196922387648,0.0,0.0,0.0,False,NONE
1047,1813,540,119.1623535,12.317557416952052,2044.0,13.626666666666667,0.0,0.0,0.0,1.253278234393939,False,True,845,PV+/PNN-,119.1623535,12.317557416952052,0.0,0.0,0.0,False,NONE
1048,1818,72,266.92367184,18.435231878460318,16799.0,49.99702380952381,0.0,0.0,0.0,1.2814920497565545,False,True,846,PV+/PNN-,266.92367184,18.435231878460318,0.0,0.0,0.0,False,NONE
1049,1819,445,219.25873044,16.708347797572188,4895.0,17.735507246376812,0.0,0.0,0.0,1.1217048149386104,False,True,847,PV+/PNN-,219.25873044,16.708347797572188,0.0,0.0,0.0,False,NONE
1050,1815,118,105.65728677,11.598579038183399,9927.0,74.6390977443609,0.0,0.0,0.0,1.4957565909612613,False,True,848,PV+/PNN-,105.65728677,11.598579038183399,0.0,0.0,0.0,False,NONE
1051,1820,587,212.10898923,16.433671314756197,3440.0,12.883895131086142,0.0,0.0,0.0,1.2296507234558323,False,True,850,PV+/PNN-,212.10898923,16.433671314756197,0.0,0.0,0.0,False,NONE
1052,1817,256,90.56338866,10.738197602350779,3799.0,33.324561403508774,0.0,0.0,0.0,1.288520551463776,False,True,852,PV+/PNN-,90.56338866,10.738197602350779,0.0,0.0,0.0,False,NONE
1053,1820,461,129.48975747,12.84022896403991,3473.0,21.30674846625767,0.0,0.0,0.0,1.239860093470619,False,True,853,PV+/PNN-,129.48975747,12.84022896403991,0.0,0.0,0.0,False,NONE
1054,1823,33,220.05314613000002,16.73858917579679,9540.0,34.44043321299639,0.0,0.0,0.0,1.171650471321387,False,True,854,PV+/PNN-,220.05314613000002,16.73858917579679,0.0,0.0,0.0,False,NONE
1055,1824,341,97.71312987,11.154022637162193,4010.0,32.60162601626016,0.0,0.0,0.0,1.3237462182922763,False,True,855,PV+/PNN-,97.71312987,11.154022637162193,0.0,0.0,0.0,False,NONE
1056,1824,352,162.85521645,14.3997813056499,5371.0,26.2,0.0,0.0,0.0,1.3251302696034108,False,True,856,PV+/PNN-,162.85521645,14.3997813056499,0.0,0.0,0.0,False,NONE
1057,1823,556,175.56586749,14.951167352217068,5021.0,22.71945701357466,0.0,0.0,0.0,1.4289233819231617,False,True,857,PV+/PNN-,175.56586749,14.951167352217068,0.0,0.0,0.0,False,NONE
1058,1825,311,149.35014972,13.789797556005714,5384.0,28.638297872340427,0.0,0.0,0.0,1.2586768758759421,False,True,859,PV+/PNN-,149.35014972,13.789797556005714,0.0,0.0,0.0,False,NONE
1059,1825,377,147.76131834,13.716251444643651,5129.0,27.5752688172043,0.0,0.0,0.0,1.5448276863669397,False,True,860,PV+/PNN-,147.76131834,13.716251444643651,0.0,0.0,0.0,False,NONE
1060,1824,428,135.84508299,13.151552441468574,2779.0,16.251461988304094,0.0,0.0,0.0,1.371008622087285,False,True,861,PV+/PNN-,135.84508299,13.151552441468574,0.0,0.0,0.0,False,NONE
1061,1820,662,22.24363932,5.321793043801118,313.0,11.178571428571429,0.0,0.0,0.0,0.7252499485207949,False,True,862,PV+/PNN-,22.24363932,5.321793043801118,0.0,0.0,0.0,False,NONE
1062,1825,166,154.91105955,14.044176264056345,5693.0,29.194871794871794,0.0,0.0,0.0,1.2951830494756749,False,True,863,PV+/PNN-,154.91105955,14.044176264056345,0.0,0.0,0.0,False,NONE
1063,1826,412,147.76131834,13.716251444643651,3546.0,19.06451612903226,0.0,0.0,0.0,1.3232040783777763,False,True,864,PV+/PNN-,147.76131834,13.716251444643651,0.0,0.0,0.0,False,NONE
1064,1828,516,142.9948242,13.493208101259413,3667.0,20.372222222222224,0.0,0.0,0.0,1.3315067917154235,False,True,865,PV+/PNN-,142.9948242,13.493208101259413,0.0,0.0,0.0,False,NONE
1065,1830,84,199.39833819,15.933670303416713,9991.0,39.80478087649402,0.0,0.0,0.0,1.1602753428872417,False,True,866,PV+/PNN-,199.39833819,15.933670303416713,0.0,0.0,0.0,False,NONE
1066,1826,492,67.52533365000001,9.272320371655413,4834.0,56.870588235294115,0.0,0.0,0.0,1.5536034120901963,False,True,867,PV+/PNN-,67.52533365000001,9.272320371655413,0.0,0.0,0.0,False,NONE
1067,1833,388,179.53794594000001,15.119352253034252,3993.0,17.668141592920353,0.0,0.0,0.0,1.2568795674009898,False,True,868,PV+/PNN-,179.53794594000001,15.119352253034252,0.0,0.0,0.0,False,NONE
1068,1829,2695,138.22833006,13.266415342325757,7557.0,43.43103448275862,0.0,0.0,0.0,2.3746706966089377,False,True,869,PV+/PNN-,138.22833006,13.266415342325757,0.0,0.0,0.0,False,NONE
1069,1834,273,185.09885577,15.351715957885437,7763.0,33.317596566523605,0.0,0.0,0.0,1.449791626936895,False,True,870,PV+/PNN-,185.09885577,15.351715957885437,0.0,0.0,0.0,False,NONE
1070,1834,106,139.02274575,13.304482609502793,8676.0,49.57714285714286,0.0,0.0,0.0,1.2493407496434867,False,True,871,PV+/PNN-,139.02274575,13.304482609502793,0.0,0.0,0.0,False,NONE
1071,1831,538,113.60144367,12.026714032504808,2100.0,14.685314685314685,0.0,0.0,0.0,1.29166830578646,False,True,872,PV+/PNN-,113.60144367,12.026714032504808,0.0,0.0,0.0,False,NONE
1072,1834,133,168.41612628000001,14.643567596416075,7301.0,34.43867924528302,0.0,0.0,0.0,1.1316717929070952,False,True,873,PV+/PNN-,168.41612628000001,14.643567596416075,0.0,0.0,0.0,False,NONE
1073,1832,403,77.85273762,9.956163126610313,2424.0,24.73469387755102,0.0,0.0,0.0,1.5857475350035517,False,True,874,PV+/PNN-,77.85273762,9.956163126610313,0.0,0.0,0.0,False,NONE
1074,1835,469,149.35014972,13.789797556005714,3062.0,16.28723404255319,0.0,0.0,0.0,1.1946434685215135,False,True,875,PV+/PNN-,149.35014972,13.789797556005714,0.0,0.0,0.0,False,NONE
1075,1836,21,205.75366371,16.185601660417575,12922.0,49.891891891891895,0.0,0.0,0.0,1.1826539053723142,False,True,876,PV+/PNN-,205.75366371,16.185601660417575,0.0,0.0,0.0,False,NONE
1076,1835,450,155.70547524,14.080140922851225,3268.0,16.6734693877551,0.0,0.0,0.0,0.9492150737697316,False,True,877,PV+/PNN-,155.70547524,14.080140922851225,0.0,0.0,0.0,False,NONE
1077,1834,527,113.60144367,12.026714032504808,1747.0,12.216783216783217,0.0,0.0,0.0,1.1930287248310754,False,True,878,PV+/PNN-,113.60144367,12.026714032504808,0.0,0.0,0.0,False,NONE
1078,1832,617,89.76897297000001,10.690996505268625,1304.0,11.539823008849558,0.0,0.0,0.0,0.9060724278695491,False,True,879,PV+/PNN-,89.76897297000001,10.690996505268625,0.0,0.0,0.0,False,NONE
1079,1838,241,131.07858885,12.91876320674319,5548.0,33.624242424242425,0.0,0.0,0.0,1.1585048714966908,False,True,880,PV+/PNN-,131.07858885,12.91876320674319,0.0,0.0,0.0,False,NONE
1080,1839,320,199.39833819,15.933670303416713,4221.0,16.816733067729082,0.0,0.0,0.0,1.0464278666540467,False,True,881,PV+/PNN-,199.39833819,15.933670303416713,0.0,0.0,0.0,False,NONE
1081,1838,39,150.9389811,13.862953494062992,10060.0,52.94736842105263,0.0,0.0,0.0,1.3855862552578189,False,True,882,PV+/PNN-,150.9389811,13.862953494062992,0.0,0.0,0.0,False,NONE
1082,1839,121,188.27651853,15.482929591568213,13107.0,55.30379746835443,0.0,0.0,0.0,1.4396886721590192,False,True,884,PV+/PNN-,188.27651853,15.482929591568213,0.0,0.0,0.0,False,NONE
1083,1839,157,166.03287921,14.539588286344586,5330.0,25.502392344497608,0.0,0.0,0.0,1.259042056005845,False,True,885,PV+/PNN-,166.03287921,14.539588286344586,0.0,0.0,0.0,False,NONE
1084,1839,569,167.62171059,14.608990056788349,2983.0,14.137440758293838,0.0,0.0,0.0,1.2995510897523341,False,True,886,PV+/PNN-,167.62171059,14.608990056788349,0.0,0.0,0.0,False,NONE
1085,1840,258,168.41612628000001,14.643567596416075,5147.0,24.278301886792452,0.0,0.0,0.0,1.1557621199735413,False,True,887,PV+/PNN-,168.41612628000001,14.643567596416075,0.0,0.0,0.0,False,NONE
1086,1838,350,162.06080076,14.36461695204847,5531.0,27.112745098039216,0.0,0.0,0.0,1.2809598421507948,False,True,888,PV+/PNN-,162.06080076,14.36461695204847,0.0,0.0,0.0,False,NONE
1087,1840,94,110.42378091,11.857315232959936,7351.0,52.884892086330936,0.0,0.0,0.0,1.1731221758091934,False,True,889,PV+/PNN-,110.42378091,11.857315232959936,0.0,0.0,0.0,False,NONE
1088,1843,174,270.10133460000003,18.544640743310826,7012.0,20.623529411764707,0.0,0.0,0.0,1.049326061480809,False,True,890,PV+/PNN-,270.10133460000003,18.544640743310826,0.0,0.0,0.0,False,NONE
1089,1840,231,102.47962401,11.422832828117684,6362.0,49.31782945736434,0.0,0.0,0.0,1.520456235203694,False,True,891,PV+/PNN-,102.47962401,11.422832828117684,0.0,0.0,0.0,False,NONE
1090,1841,288,177.94911456,15.052303797372671,4382.0,19.5625,0.0,0.0,0.0,1.2377020079546501,False,True,892,PV+/PNN-,177.94911456,15.052303797372671,0.0,0.0,0.0,False,NONE
1091,1840,2577,145.37807127,13.6051868520168,13786.0,75.33333333333333,0.0,0.0,0.0,1.7781331809419234,False,True,893,PV+/PNN-,145.37807127,13.6051868520168,0.0,0.0,0.0,False,NONE
1092,1842,71,251.03535804,17.87814713507186,10331.0,32.69303797468354,0.0,0.0,0.0,1.2644735326214906,False,True,894,PV+/PNN-,251.03535804,17.87814713507186,0.0,0.0,0.0,False,NONE
1093,1843,195,183.51002439,15.285686766012908,5014.0,21.705627705627705,0.0,0.0,0.0,1.0338529478460108,False,True,895,PV+/PNN-,183.51002439,15.285686766012908,0.0,0.0,0.0,False,NONE
1094,1844,398,127.1065104,12.72151859781572,2688.0,16.8,0.0,0.0,0.0,1.3254268520272254,False,True,896,PV+/PNN-,127.1065104,12.72151859781572,0.0,0.0,0.0,False,NONE
1095,1841,504,101.68520832,11.378472144697502,2436.0,19.03125,0.0,0.0,0.0,1.1504385878762686,False,True,897,PV+/PNN-,101.68520832,11.378472144697502,0.0,0.0,0.0,False,NONE
1096,1843,550,136.63949868,13.189951216443678,5058.0,29.406976744186046,0.0,0.0,0.0,1.4789806776407912,False,True,898,PV+/PNN-,136.63949868,13.189951216443678,0.0,0.0,0.0,False,NONE
1097,1847,363,213.69782061,16.495105814282393,10705.0,39.795539033457246,0.0,0.0,0.0,1.3855029847083815,False,True,899,PV+/PNN-,213.69782061,16.495105814282393,0.0,0.0,0.0,False,NONE
1098,1843,426,123.92884764,12.56149312576761,4962.0,31.807692307692307,0.0,0.0,0.0,1.1380399929191656,False,True,900,PV+/PNN-,123.92884764,12.56149312576761,0.0,0.0,0.0,False,NONE
1099,1843,474,48.45935709,7.854958291387057,780.0,12.78688524590164,0.0,0.0,0.0,1.0445535726609505,False,True,901,PV+/PNN-,48.45935709,7.854958291387057,0.0,0.0,0.0,False,NONE
1100,1844,492,109.62936522,11.814586030086609,2827.0,20.485507246376812,0.0,0.0,0.0,1.2988161015078648,False,True,902,PV+/PNN-,109.62936522,11.814586030086609,0.0,0.0,0.0,False,NONE
1101,1847,29,114.39585936,12.068692219586765,6424.0,44.611111111111114,0.0,0.0,0.0,1.2320322229279572,False,True,904,PV+/PNN-,114.39585936,12.068692219586765,0.0,0.0,0.0,False,NONE
1102,1849,102,177.94911456,15.052303797372671,9087.0,40.566964285714285,0.0,0.0,0.0,1.1834168321671654,False,True,905,PV+/PNN-,177.94911456,15.052303797372671,0.0,0.0,0.0,False,NONE
1103,1852,298,156.49989093,14.116013951495509,2723.0,13.82233502538071,0.0,0.0,0.0,0.9635315587083774,False,True,906,PV+/PNN-,156.49989093,14.116013951495509,0.0,0.0,0.0,False,NONE
1104,1847,414,124.72326333,12.60169000650996,5157.0,32.847133757961785,0.0,0.0,0.0,1.4320775138189328,False,True,907,PV+/PNN-,124.72326333,12.60169000650996,0.0,0.0,0.0,False,NONE
1105,1848,458,98.50754556,11.199272407696524,2435.0,19.637096774193548,0.0,0.0,0.0,1.3228771998999163,False,True,908,PV+/PNN-,98.50754556,11.199272407696524,0.0,0.0,0.0,False,NONE
1106,1847,592,96.12429849,11.062967867954534,1739.0,14.37190082644628,0.0,0.0,0.0,1.146646476732932,False,True,909,PV+/PNN-,96.12429849,11.062967867954534,0.0,0.0,0.0,False,NONE
1107,1850,45,162.06080076,14.36461695204847,8956.0,43.90196078431372,0.0,0.0,0.0,1.5730353761916924,False,True,911,PV+/PNN-,162.06080076,14.36461695204847,0.0,0.0,0.0,False,NONE
1108,1849,220,155.70547524,14.080140922851225,6885.0,35.12755102040816,0.0,0.0,0.0,1.0782586916416952,False,True,912,PV+/PNN-,155.70547524,14.080140922851225,0.0,0.0,0.0,False,NONE
1109,1848,245,76.26390624,9.854045933561641,3239.0,33.739583333333336,0.0,0.0,0.0,1.3451866560138697,False,True,913,PV+/PNN-,76.26390624,9.854045933561641,0.0,0.0,0.0,False,NONE
1110,1851,271,131.87300454,12.957851838301272,3197.0,19.259036144578314,0.0,0.0,0.0,1.1544560179036738,False,True,914,PV+/PNN-,131.87300454,12.957851838301272,0.0,0.0,0.0,False,NONE
1111,1853,374,167.62171059,14.608990056788349,5272.0,24.98578199052133,0.0,0.0,0.0,1.0350304909956505,False,True,916,PV+/PNN-,167.62171059,14.608990056788349,0.0,0.0,0.0,False,NONE
1112,1853,390,114.39585936,12.068692219586765,1615.0,11.215277777777779,0.0,0.0,0.0,0.9499905762809815,False,True,917,PV+/PNN-,114.39585936,12.068692219586765,0.0,0.0,0.0,False,NONE
1113,1854,405,114.39585936,12.068692219586765,3345.0,23.229166666666668,0.0,0.0,0.0,1.5174516138461542,False,True,918,PV+/PNN-,114.39585936,12.068692219586765,0.0,0.0,0.0,False,NONE
1114,1851,559,81.82481607,10.206987389088184,1858.0,18.038834951456312,0.0,0.0,0.0,1.4155044050776193,False,True,919,PV+/PNN-,81.82481607,10.206987389088184,0.0,0.0,0.0,False,NONE
1115,1851,627,76.26390624,9.854045933561641,821.0,8.552083333333334,0.0,0.0,0.0,0.9677237337048931,False,True,920,PV+/PNN-,76.26390624,9.854045933561641,0.0,0.0,0.0,False,NONE
1116,1853,442,112.01261229,11.942314996545514,3403.0,24.134751773049647,0.0,0.0,0.0,1.0866275187418204,False,True,921,PV+/PNN-,112.01261229,11.942314996545514,0.0,0.0,0.0,False,NONE
1117,1856,149,205.75366371,16.185601660417575,7512.0,29.003861003861005,0.0,0.0,0.0,1.0849992756313689,False,True,922,PV+/PNN-,205.75366371,16.185601660417575,0.0,0.0,0.0,False,NONE
1118,1855,280,104.06845539,11.51104134134072,2704.0,20.641221374045802,0.0,0.0,0.0,0.9059574252948889,False,True,923,PV+/PNN-,104.06845539,11.51104134134072,0.0,0.0,0.0,False,NONE
1119,1854,610,66.73091796,9.217615939230159,1205.0,14.345238095238095,0.0,0.0,0.0,0.9698951407363925,False,True,924,PV+/PNN-,66.73091796,9.217615939230159,0.0,0.0,0.0,False,NONE
1120,1856,330,138.22833006,13.266415342325757,7474.0,42.95402298850575,0.0,0.0,0.0,1.1691654136041063,False,True,925,PV+/PNN-,138.22833006,13.266415342325757,0.0,0.0,0.0,False,NONE
1121,1856,503,118.36793781,12.276430232296539,2097.0,14.073825503355705,0.0,0.0,0.0,1.1980337533255137,False,True,926,PV+/PNN-,118.36793781,12.276430232296539,0.0,0.0,0.0,False,NONE
1122,1855,525,176.36028318,14.984955344126572,3434.0,15.468468468468469,0.0,0.0,0.0,1.2132492260683956,False,True,927,PV+/PNN-,176.36028318,14.984955344126572,0.0,0.0,0.0,False,NONE
1123,1858,85,227.20288734,17.008342095551114,9769.0,34.15734265734266,0.0,0.0,0.0,1.1964300896916058,False,True,928,PV+/PNN-,227.20288734,17.008342095551114,0.0,0.0,0.0,False,NONE
1124,1854,196,93.74105142,10.924962866435578,2619.0,22.194915254237287,0.0,0.0,0.0,0.8553135493567073,False,True,929,PV+/PNN-,93.74105142,10.924962866435578,0.0,0.0,0.0,False,NONE
1125,1856,477,87.3857259,10.548125988120718,1263.0,11.481818181818182,0.0,0.0,0.0,1.157399427917018,False,True,930,PV+/PNN-,87.3857259,10.548125988120718,0.0,0.0,0.0,False,NONE
1126,1860,28,231.17496579000002,17.156372232981727,9237.0,31.742268041237114,0.0,0.0,0.0,1.015412607719713,False,True,931,PV+/PNN-,231.17496579000002,17.156372232981727,0.0,0.0,0.0,False,NONE
1127,1859,121,132.66742023,12.996822909266468,6442.0,38.5748502994012,0.0,0.0,0.0,1.2159879376396563,False,True,932,PV+/PNN-,132.66742023,12.996822909266468,0.0,0.0,0.0,False,NONE
1128,1860,178,178.74353025,15.085865274483455,4194.0,18.64,0.0,0.0,0.0,0.8030924779255686,False,True,933,PV+/PNN-,178.74353025,15.085865274483455,0.0,0.0,0.0,False,NONE
1129,1860,489,135.05066730000001,13.113041224263421,2542.0,14.952941176470588,0.0,0.0,0.0,1.305398815407278,False,True,934,PV+/PNN-,135.05066730000001,13.113041224263421,0.0,0.0,0.0,False,NONE
1130,1861,209,141.40599282,13.418036440588484,5733.0,32.20786516853933,0.0,0.0,0.0,0.6756247586098989,False,True,935,PV+/PNN-,141.40599282,13.418036440588484,0.0,0.0,0.0,False,NONE
1131,1858,2215,32.57104329,6.439777972112771,294.0,7.170731707317073,0.0,0.0,0.0,0.5101217689610266,False,True,938,PV+/PNN-,32.57104329,6.439777972112771,0.0,0.0,0.0,False,NONE
1132,1863,2636,186.68768715,15.41746236559462,8991.0,38.259574468085106,0.0,0.0,0.0,2.548917693962956,False,True,939,PV+/PNN-,186.68768715,15.41746236559462,0.0,0.0,0.0,False,NONE
1133,1862,2685,166.8272949,14.574330482319752,8555.0,40.73809523809524,0.0,0.0,0.0,2.749290822815756,False,True,940,PV+/PNN-,166.8272949,14.574330482319752,0.0,0.0,0.0,False,NONE
1134,1864,55,237.53029131,17.39059975873043,8844.0,29.578595317725753,0.0,0.0,0.0,1.2696703482645508,False,True,941,PV+/PNN-,237.53029131,17.39059975873043,0.0,0.0,0.0,False,NONE
1135,1862,544,108.83494953,11.77170172875832,1670.0,12.18978102189781,0.0,0.0,0.0,1.2710180486861224,False,True,942,PV+/PNN-,108.83494953,11.77170172875832,0.0,0.0,0.0,False,NONE
1136,1863,352,108.83494953,11.77170172875832,6532.0,47.67883211678832,0.0,0.0,0.0,1.4884757455632873,False,True,943,PV+/PNN-,108.83494953,11.77170172875832,0.0,0.0,0.0,False,NONE
1137,1864,389,130.28417316,12.879555944225542,1894.0,11.548780487804878,0.0,0.0,0.0,0.9186640577655696,False,True,944,PV+/PNN-,130.28417316,12.879555944225542,0.0,0.0,0.0,False,NONE
1138,1866,336,139.02274575,13.304482609502793,15700.0,89.71428571428571,0.0,0.0,0.0,4.63465116803229,False,True,945,PV+/PNN-,139.02274575,13.304482609502793,0.0,0.0,0.0,False,NONE
1139,1866,365,148.55573403,13.753073662427433,5108.0,27.315508021390375,0.0,0.0,0.0,1.234845504587009,False,True,946,PV+/PNN-,148.55573403,13.753073662427433,0.0,0.0,0.0,False,NONE
1140,1867,133,171.59378904,14.781068900342463,7700.0,35.648148148148145,0.0,0.0,0.0,0.8309250907204317,False,True,947,PV+/PNN-,171.59378904,14.781068900342463,0.0,0.0,0.0,False,NONE
1141,1869,400,142.9948242,13.493208101259413,2430.0,13.5,0.0,0.0,0.0,1.0822292644992941,False,True,948,PV+/PNN-,142.9948242,13.493208101259413,0.0,0.0,0.0,False,NONE
1142,1866,445,149.35014972,13.789797556005714,2263.0,12.037234042553191,0.0,0.0,0.0,1.113793206710366,False,True,949,PV+/PNN-,149.35014972,13.789797556005714,0.0,0.0,0.0,False,NONE
1143,1868,462,115.19027505,12.11052490037406,1508.0,10.4,0.0,0.0,0.0,1.1572850716846383,False,True,950,PV+/PNN-,115.19027505,12.11052490037406,0.0,0.0,0.0,False,NONE
1144,1867,522,116.77910643,12.193759728054031,3115.0,21.19047619047619,0.0,0.0,0.0,1.3160794617582945,False,True,951,PV+/PNN-,116.77910643,12.193759728054031,0.0,0.0,0.0,False,NONE
1145,1869,2477,193.83742836,15.709916582774113,4243.0,17.389344262295083,0.0,0.0,0.0,1.9929244928774532,False,True,952,PV+/PNN-,193.83742836,15.709916582774113,0.0,0.0,0.0,False,NONE
1146,1868,508,71.4974121,9.54113894836179,1423.0,15.811111111111112,0.0,0.0,0.0,1.3565020993224608,False,True,953,PV+/PNN-,71.4974121,9.54113894836179,0.0,0.0,0.0,False,NONE
1147,1872,110,134.25625161,13.074416571218995,17249.0,102.06508875739645,0.0,0.0,0.0,4.072480311858257,False,True,954,PV+/PNN-,134.25625161,13.074416571218995,0.0,0.0,0.0,False,NONE
1148,1874,346,146.96690265,13.679330108642857,6235.0,33.7027027027027,0.0,0.0,0.0,1.1785223633448128,False,True,955,PV+/PNN-,146.96690265,13.679330108642857,0.0,0.0,0.0,False,NONE
1149,1870,474,46.07611002,7.659368469073156,692.0,11.931034482758621,0.0,0.0,0.0,1.274690803594674,False,True,956,PV+/PNN-,46.07611002,7.659368469073156,0.0,0.0,0.0,False,NONE
1150,1874,494,145.37807127,13.6051868520168,2484.0,13.573770491803279,0.0,0.0,0.0,1.1309352294331665,False,True,957,PV+/PNN-,145.37807127,13.6051868520168,0.0,0.0,0.0,False,NONE
1151,1874,70,183.51002439,15.285686766012908,3413.0,14.774891774891774,0.0,0.0,0.0,0.7953929756595327,False,True,958,PV+/PNN-,183.51002439,15.285686766012908,0.0,0.0,0.0,False,NONE
1152,1873,416,87.3857259,10.548125988120718,3850.0,35.0,0.0,0.0,0.0,1.4061242333433117,False,True,959,PV+/PNN-,87.3857259,10.548125988120718,0.0,0.0,0.0,False,NONE
1153,1874,2627,105.65728677,11.598579038183399,10143.0,76.26315789473684,0.0,0.0,0.0,2.143978732154131,False,True,960,PV+/PNN-,105.65728677,11.598579038183399,0.0,0.0,0.0,False,NONE
1154,1877,47,175.56586749,14.951167352217068,4573.0,20.692307692307693,0.0,0.0,0.0,0.8434884653400874,False,True,961,PV+/PNN-,175.56586749,14.951167352217068,0.0,0.0,0.0,False,NONE
1155,1877,375,226.40847165,16.97858119419376,3390.0,11.894736842105264,0.0,0.0,0.0,0.8866045383913002,False,True,962,PV+/PNN-,226.40847165,16.97858119419376,0.0,0.0,0.0,False,NONE
1156,1876,532,161.26638507,14.329366305165495,2403.0,11.83743842364532,0.0,0.0,0.0,1.2675026975593657,False,True,963,PV+/PNN-,161.26638507,14.329366305165495,0.0,0.0,0.0,False,NONE
1157,1878,145,104.86287108,11.554893086200376,3754.0,28.439393939393938,0.0,0.0,0.0,0.6301028404132764,False,True,964,PV+/PNN-,104.86287108,11.554893086200376,0.0,0.0,0.0,False,NONE
1158,1880,357,152.52781248,13.93572540349032,4256.0,22.166666666666668,0.0,0.0,0.0,1.0519562314684734,False,True,965,PV+/PNN-,152.52781248,13.93572540349032,0.0,0.0,0.0,False,NONE
1159,1879,2770,119.95676919,12.358547737957586,11959.0,79.19867549668874,0.0,0.0,0.0,2.3989589842573085,False,True,966,PV+/PNN-,119.95676919,12.358547737957586,0.0,0.0,0.0,False,NONE
1160,1881,2533,266.92367184,18.435231878460318,10732.0,31.94047619047619,0.0,0.0,0.0,3.2220061335731724,False,True,967,PV+/PNN-,266.92367184,18.435231878460318,0.0,0.0,0.0,False,NONE
1161,1880,334,112.80702798,11.984588810142046,9614.0,67.70422535211267,0.0,0.0,0.0,2.1099959706648685,False,True,968,PV+/PNN-,112.80702798,11.984588810142046,0.0,0.0,0.0,False,NONE
1162,1884,392,180.33236163,15.152765226941183,2568.0,11.312775330396477,0.0,0.0,0.0,0.903152274387868,False,True,969,PV+/PNN-,180.33236163,15.152765226941183,0.0,0.0,0.0,False,NONE
1163,1883,549,154.11664386,14.008119269352957,4949.0,25.510309278350515,0.0,0.0,0.0,1.775718467697498,False,True,970,PV+/PNN-,154.11664386,14.008119269352957,0.0,0.0,0.0,False,NONE
1164,1883,15,233.55821286,17.244580383732874,8900.0,30.272108843537413,0.0,0.0,0.0,0.938461438947068,False,True,971,PV+/PNN-,233.55821286,17.244580383732874,0.0,0.0,0.0,False,NONE
1165,1880,302,58.78676106,8.651568001725998,1091.0,14.743243243243244,0.0,0.0,0.0,0.73123598952655,False,True,972,PV+/PNN-,58.78676106,8.651568001725998,0.0,0.0,0.0,False,NONE
1166,1886,423,127.1065104,12.72151859781572,2455.0,15.34375,0.0,0.0,0.0,1.0199098826952615,False,True,973,PV+/PNN-,127.1065104,12.72151859781572,0.0,0.0,0.0,False,NONE
1167,1884,580,145.37807127,13.6051868520168,2006.0,10.96174863387978,0.0,0.0,0.0,1.2100076690938875,False,True,974,PV+/PNN-,145.37807127,13.6051868520168,0.0,0.0,0.0,False,NONE
1168,1886,35,160.47196938,14.294028726574819,3859.0,19.103960396039604,0.0,0.0,0.0,0.755477654325628,False,True,975,PV+/PNN-,160.47196938,14.294028726574819,0.0,0.0,0.0,False,NONE
1169,1885,484,135.84508299,13.151552441468574,2488.0,14.549707602339181,0.0,0.0,0.0,1.2735873662646926,False,True,976,PV+/PNN-,135.84508299,13.151552441468574,0.0,0.0,0.0,False,NONE
1170,1888,413,125.51767902,12.64175907426016,2142.0,13.556962025316455,0.0,0.0,0.0,1.056678125556486,False,True,977,PV+/PNN-,125.51767902,12.64175907426016,0.0,0.0,0.0,False,NONE
1171,1886,460,133.46183592,13.035677474005707,2116.0,12.595238095238095,0.0,0.0,0.0,0.9539714891720636,False,True,978,PV+/PNN-,133.46183592,13.035677474005707,0.0,0.0,0.0,False,NONE
1172,1889,378,134.25625161,13.074416571218995,1891.0,11.189349112426035,0.0,0.0,0.0,0.8382402055326624,False,True,979,PV+/PNN-,134.25625161,13.074416571218995,0.0,0.0,0.0,False,NONE
1173,1888,503,71.4974121,9.54113894836179,656.0,7.288888888888889,0.0,0.0,0.0,1.0403452355361502,False,True,980,PV+/PNN-,71.4974121,9.54113894836179,0.0,0.0,0.0,False,NONE
1174,1891,525,104.06845539,11.51104134134072,1562.0,11.923664122137405,0.0,0.0,0.0,1.1185232556151037,False,True,981,PV+/PNN-,104.06845539,11.51104134134072,0.0,0.0,0.0,False,NONE
1175,1893,442,115.98469074,12.152213577535832,1240.0,8.493150684931507,0.0,0.0,0.0,0.8528572932486356,False,True,982,PV+/PNN-,115.98469074,12.152213577535832,0.0,0.0,0.0,False,NONE
1176,1895,2281,204.95924802,16.154325106244645,2432.0,9.426356589147288,0.0,0.0,0.0,1.5925671477846506,False,True,983,PV+/PNN-,204.95924802,16.154325106244645,0.0,0.0,0.0,False,NONE
1177,1897,6,181.92119301,15.21937110940298,4803.0,20.973799126637555,0.0,0.0,0.0,0.7582667139517157,False,True,984,PV+/PNN-,181.92119301,15.21937110940298,0.0,0.0,0.0,False,NONE
1178,1892,493,65.93650227,9.1625849044734,1514.0,18.240963855421686,0.0,0.0,0.0,1.3771429655196108,False,True,985,PV+/PNN-,65.93650227,9.1625849044734,0.0,0.0,0.0,False,NONE
1179,1897,45,176.36028318,14.984955344126572,4373.0,19.6981981981982,0.0,0.0,0.0,0.6644114271877942,False,True,986,PV+/PNN-,176.36028318,14.984955344126572,0.0,0.0,0.0,False,NONE
1180,1893,401,72.29182779,9.593998848416254,2640.0,29.01098901098901,0.0,0.0,0.0,1.0730091361809275,False,True,987,PV+/PNN-,72.29182779,9.593998848416254,0.0,0.0,0.0,False,NONE
1181,1898,384,126.31209471,12.681701540530954,2370.0,14.90566037735849,0.0,0.0,0.0,1.0569153017723303,False,True,988,PV+/PNN-,126.31209471,12.681701540530954,0.0,0.0,0.0,False,NONE
1182,1897,508,101.68520832,11.378472144697502,990.0,7.734375,0.0,0.0,0.0,0.9414406610944526,False,True,989,PV+/PNN-,101.68520832,11.378472144697502,0.0,0.0,0.0,False,NONE
1183,1898,584,85.79689452,10.451794052617739,1066.0,9.87037037037037,0.0,0.0,0.0,1.4501782071109974,False,True,990,PV+/PNN-,85.79689452,10.451794052617739,0.0,0.0,0.0,False,NONE
1184,1903,18,155.70547524,14.080140922851225,4360.0,22.244897959183675,0.0,0.0,0.0,0.7047766822238007,False,True,992,PV+/PNN-,155.70547524,14.080140922851225,0.0,0.0,0.0,False,NONE
1185,1904,370,199.39833819,15.933670303416713,3176.0,12.653386454183266,0.0,0.0,0.0,0.8245464023357351,False,True,993,PV+/PNN-,199.39833819,15.933670303416713,0.0,0.0,0.0,False,NONE
1186,1905,423,178.74353025,15.085865274483455,3849.0,17.106666666666666,0.0,0.0,0.0,0.9625220075272124,False,True,995,PV+/PNN-,178.74353025,15.085865274483455,0.0,0.0,0.0,False,NONE
1187,1903,565,93.74105142,10.924962866435578,1212.0,10.271186440677965,0.0,0.0,0.0,1.308732780340986,False,True,996,PV+/PNN-,93.74105142,10.924962866435578,0.0,0.0,0.0,False,NONE
1188,1908,538,109.62936522,11.814586030086609,1364.0,9.884057971014492,0.0,0.0,0.0,0.9666222953555819,False,True,997,PV+/PNN-,109.62936522,11.814586030086609,0.0,0.0,0.0,False,NONE
1189,1909,455,111.2181966,11.899891008124815,1666.0,11.9,0.0,0.0,0.0,1.0344583098063076,False,True,1000,PV+/PNN-,111.2181966,11.899891008124815,0.0,0.0,0.0,False,NONE
1190,1909,2793,154.11664386,14.008119269352957,16961.0,87.4278350515464,0.0,0.0,0.0,2.2665012280953594,False,True,1001,PV+/PNN-,154.11664386,14.008119269352957,0.0,0.0,0.0,False,NONE
1191,1914,438,158.08872231,14.187487896796528,1651.0,8.296482412060302,0.0,0.0,0.0,0.977067694615985,False,True,1002,PV+/PNN-,158.08872231,14.187487896796528,0.0,0.0,0.0,False,NONE
1192,1916,2652,177.15469887,15.0186673222671,10281.0,46.10313901345292,0.0,0.0,0.0,3.3464206158271614,False,True,1003,PV+/PNN-,177.15469887,15.0186673222671,0.0,0.0,0.0,False,NONE
1193,1917,411,110.42378091,11.857315232959936,4127.0,29.690647482014388,0.0,0.0,0.0,1.295595781039087,False,True,1004,PV+/PNN-,110.42378091,11.857315232959936,0.0,0.0,0.0,False,NONE
1194,1917,530,48.45935709,7.854958291387057,514.0,8.426229508196721,0.0,0.0,0.0,1.1362510236960721,False,True,1005,PV+/PNN-,48.45935709,7.854958291387057,0.0,0.0,0.0,False,NONE
1195,1924,419,176.36028318,14.984955344126572,1982.0,8.927927927927929,0.0,0.0,0.0,0.8446186485767342,False,True,1006,PV+/PNN-,176.36028318,14.984955344126572,0.0,0.0,0.0,False,NONE
1196,1924,119,199.39833819,15.933670303416713,19993.0,79.65338645418326,0.0,0.0,0.0,2.213970069726386,False,True,1007,PV+/PNN-,199.39833819,15.933670303416713,0.0,0.0,0.0,False,NONE
1197,1925,540,121.54560057,12.440123196106569,1158.0,7.568627450980392,0.0,0.0,0.0,1.1404854186358868,False,True,1008,PV+/PNN-,121.54560057,12.440123196106569,0.0,0.0,0.0,False,NONE
1198,1925,455,131.07858885,12.91876320674319,1110.0,6.7272727272727275,0.0,0.0,0.0,1.031747341027587,False,True,1009,PV+/PNN-,131.07858885,12.91876320674319,0.0,0.0,0.0,False,NONE
1199,1931,3,112.01261229,11.942314996545514,5967.0,42.319148936170215,0.0,0.0,0.0,4.203351211387011,False,True,1010,PV+/PNN-,112.01261229,11.942314996545514,0.0,0.0,0.0,False,NONE
1200,1930,403,142.9948242,13.493208101259413,1551.0,8.616666666666667,0.0,0.0,0.0,0.914017599792475,False,True,1011,PV+/PNN-,142.9948242,13.493208101259413,0.0,0.0,0.0,False,NONE
1201,1929,434,141.40599282,13.418036440588484,2590.0,14.55056179775281,0.0,0.0,0.0,1.1545054014668648,False,True,1012,PV+/PNN-,141.40599282,13.418036440588484,0.0,0.0,0.0,False,NONE
1202,1929,592,150.9389811,13.862953494062992,1358.0,7.147368421052631,0.0,0.0,0.0,0.9932701469561824,False,True,1013,PV+/PNN-,150.9389811,13.862953494062992,0.0,0.0,0.0,False,NONE
1203,1931,2402,193.83742836,15.709916582774113,2470.0,10.12295081967213,0.0,0.0,0.0,1.7392614353944265,False,True,1014,PV+/PNN-,193.83742836,15.709916582774113,0.0,0.0,0.0,False,NONE
1204,1932,557,135.05066730000001,13.113041224263421,1329.0,7.817647058823529,0.0,0.0,0.0,1.1237159117834705,False,True,1016,PV+/PNN-,135.05066730000001,13.113041224263421,0.0,0.0,0.0,False,NONE
1205,1935,447,74.67507486,9.75085936304132,785.0,8.351063829787234,0.0,0.0,0.0,1.0271217260488161,False,True,1017,PV+/PNN-,74.67507486,9.75085936304132,0.0,0.0,0.0,False,NONE
1206,1939,2580,151.73339679,13.899387074616612,4729.0,24.759162303664922,0.0,0.0,0.0,2.503916522898831,False,True,1018,PV+/PNN-,151.73339679,13.899387074616612,0.0,0.0,0.0,False,NONE
1207,1940,567,74.67507486,9.75085936304132,1041.0,11.074468085106384,0.0,0.0,0.0,1.2237495627735264,False,True,1019,PV+/PNN-,74.67507486,9.75085936304132,0.0,0.0,0.0,False,NONE
1208,1943,432,26.21571777,5.777446543100188,303.0,9.181818181818182,0.0,0.0,0.0,1.1238676393336215,False,True,1020,PV+/PNN-,26.21571777,5.777446543100188,0.0,0.0,0.0,False,NONE
