label,centroid_y,centroid_x,area_um2,diameter_um,dapi_mean_intensity,wfa_sum_intensity,is_pnn_plus,is_pv_plus
1,4.122448979591836,81.24489795918367,41.405,7.260749503306075,6.6020408163265305,11680.0,False,False
2,3.46875,90.53125,27.040000000000003,5.867571668896666,6.9375,11641.0,False,False
3,2.8125,123.775,33.800000000000004,6.560144557252417,8.025,12473.0,False,False
4,3.0535714285714284,182.98214285714286,23.660000000000004,5.488610719338178,7.035714285714286,11484.0,False,False
5,1.3478260869565217,374.6521739130435,9.717500000000001,3.517485646873906,7.217391304347826,11410.0,False,False
6,3.5135135135135136,827.8783783783783,31.265000000000004,6.309345002941657,9.783783783783784,12583.0,False,False
7,3.5277777777777777,720.8888888888889,15.21,4.4006787516724994,8.583333333333334,13875.0,False,False
8,7.296875,758.4375,27.040000000000003,5.867571668896666,7.78125,15315.0,False,False
9,12.531722054380664,105.85196374622356,139.84750000000003,13.343888759741318,6.9637462235649545,16085.0,False,False
10,9.591836734693878,380.4591836734694,41.405,7.260749503306075,6.6938775510204085,15067.0,False,False
11,7.808219178082192,768.3972602739726,30.842500000000005,6.266569289371519,8.424657534246576,15488.0,False,False
12,18.949019607843137,134.9607843137255,107.73750000000001,11.712200709128265,7.149019607843138,19188.0,False,False
13,22.619565217391305,173.81521739130434,116.61000000000001,12.18492771055977,6.5,19209.0,False,False
14,14.981308411214954,367.58878504672896,45.2075,7.586829161027343,5.953271028037383,17483.0,False,False
15,19.903030303030302,85.13939393939394,69.7125,9.421290344870497,5.636363636363637,17959.0,False,False
16,17.07547169811321,828.377358490566,22.392500000000002,5.3395708165996005,9.0,18313.0,False,False
17,20.08888888888889,553.7555555555556,38.025000000000006,6.958084052995808,8.033333333333333,21534.0,False,False
18,21.15463917525773,376.70103092783506,40.9825,7.22360987610134,6.969072164948454,19936.0,False,False
19,21.202247191011235,389.3707865168539,37.602500000000006,6.919320051920128,6.876404494382022,20042.0,False,False
20,22.655172413793103,593.7816091954023,36.7575,6.8411331346205175,7.931034482758621,21912.0,False,False
21,22.57608695652174,361.5869565217391,38.870000000000005,7.034971293747812,7.804347826086956,20772.0,False,False
22,21.766666666666666,603.1333333333333,25.35,5.681251839078812,7.85,21569.0,False,False
23,25.085470085470085,405.2735042735043,49.432500000000005,7.933436443000028,7.076923076923077,22655.0,False,False
24,23.46808510638298,783.3617021276596,39.715,7.1110272478142695,6.648936170212766,21264.0,False,False
25,27.801369863013697,115.75342465753425,61.68500000000001,8.86226727857993,7.493150684931507,22340.0,False,False
26,23.80851063829787,712.1914893617021,19.8575,5.028255588131782,7.425531914893617,21890.0,False,False
27,31.647058823529413,193.81699346405227,129.28500000000003,12.830073052835106,6.467320261437909,20521.0,False,False
28,27.551724137931036,829.7068965517242,24.505000000000003,5.58576181408903,7.396551724137931,20916.0,False,False
29,33.04651162790697,98.79069767441861,36.335,6.801702644040839,6.267441860465116,21725.0,False,False
30,31.10909090909091,799.9636363636364,23.2375,5.439384516724603,7.181818181818182,21605.0,False,False
31,37.40251572327044,602.6415094339623,67.17750000000001,9.24840794496255,7.182389937106918,23831.0,False,False
32,34.10909090909091,570.2181818181818,23.2375,5.439384516724603,7.872727272727273,25624.0,False,False
33,37.18518518518518,593.3148148148148,22.815,5.389708731752834,7.796296296296297,24504.0,False,False
34,40.64233576642336,152.26277372262774,57.88250000000001,8.584770698634475,6.350364963503649,21314.0,False,False
35,38.99065420560748,373.5607476635514,45.2075,7.586829161027343,6.897196261682243,23355.0,False,False
36,40.82608695652174,401.6,48.587500000000006,7.8653370162898755,7.608695652173913,24723.0,False,False
37,39.63793103448276,798.4137931034483,24.505000000000003,5.58576181408903,7.775862068965517,20697.0,False,False
38,47.88306451612903,128.2016129032258,104.78000000000002,11.550326380555243,7.330645161290323,23554.0,False,False
39,41.25806451612903,349.03225806451616,26.195000000000004,5.775163190277621,9.46774193548387,24163.0,False,False
40,46.38823529411765,141.58823529411765,35.9125,6.762042232218129,7.341176470588235,22313.0,False,False
41,44.90909090909091,314.0,18.590000000000003,4.865133414062422,7.909090909090909,28988.0,False,False
42,46.1,173.84285714285716,29.575000000000003,6.136453335237093,7.6571428571428575,20573.0,False,False
43,48.97037037037037,208.3037037037037,57.03750000000001,8.521877758618217,7.007407407407407,21461.0,False,False
44,45.325,812.975,16.900000000000002,4.638722701997206,6.1,20535.0,False,False
45,56.486486486486484,151.25,62.53000000000001,8.922761272851007,5.95945945945946,21659.0,False,False
46,54.37647058823529,384.3764705882353,35.9125,6.762042232218129,10.035294117647059,24834.0,False,False
47,60.132013201320134,110.47194719471948,128.0175,12.767025629258121,9.729372937293729,24430.0,False,False
48,55.45783132530121,571.0602409638554,35.0675,6.682015245043993,13.409638554216867,27470.0,False,False
49,53.79545454545455,777.3181818181819,18.590000000000003,4.865133414062422,6.590909090909091,19830.0,False,False
50,61.390243902439025,394.3333333333333,51.96750000000001,8.134314724734013,9.227642276422765,26453.0,False,False
51,61.982142857142854,193.14285714285714,47.32000000000001,7.762067717874401,7.794642857142857,21472.0,False,False
52,61.705128205128204,771.3461538461538,32.955000000000005,6.477623730716943,6.871794871794871,20486.0,False,False
53,64.39830508474576,86.08898305084746,99.71000000000001,11.267418293714986,6.444915254237288,27224.0,False,False
54,60.91935483870968,609.7258064516129,26.195000000000004,5.775163190277621,7.451612903225806,24410.0,False,False
55,62.60377358490566,512.3018867924528,22.392500000000002,5.3395708165996005,11.169811320754716,27196.0,False,False
56,64.33,584.96,42.25000000000001,7.3344645861208315,6.74,25906.0,False,False
57,63.806451612903224,337.3709677419355,26.195000000000004,5.775163190277621,8.64516129032258,26200.0,False,False
58,65.66666666666667,374.20512820512823,49.432500000000005,7.933436443000028,7.581196581196581,25237.0,False,False
59,67.89075630252101,417.218487394958,50.2775,8.000956268498294,9.697478991596638,32106.0,False,False
60,68.55952380952381,402.07142857142856,35.49,6.722147829574334,9.083333333333334,29564.0,False,False
61,71.23622047244095,163.03149606299212,53.657500000000006,8.265521814841879,7.228346456692913,21636.0,False,False
62,69.1547619047619,298.39285714285717,35.49,6.722147829574334,16.785714285714285,36798.0,False,False
63,70.77064220183486,307.8256880733945,46.0525,7.6574058357851245,9.036697247706423,35601.0,False,False
64,71.16883116883118,284.14285714285717,32.532500000000006,6.4359665543799,11.103896103896103,38141.0,False,False
65,74.4888888888889,328.22222222222223,38.025000000000006,6.958084052995808,8.422222222222222,30269.0,False,False
66,74.4225352112676,598.887323943662,29.997500000000002,6.180129710871209,7.183098591549296,26249.0,False,False
67,77.38842975206612,786.4710743801653,51.1225,8.067911044732915,7.404958677685951,20466.0,False,False
68,79.25,371.77,42.25000000000001,7.3344645861208315,6.88,25637.0,False,False
69,78.13953488372093,767.5,36.335,6.801702644040839,7.151162790697675,21111.0,False,False
70,81.45212765957447,109.59042553191489,79.43,10.056511176263564,7.388297872340425,27720.0,False,False
71,80.78823529411764,522.9411764705883,35.9125,6.762042232218129,9.058823529411764,29233.0,False,False
72,87.06810035842294,85.74193548387096,117.87750000000001,12.250971162912725,16.759856630824373,29751.0,True,True
73,82.73571428571428,129.32857142857142,59.150000000000006,8.67825553156191,7.6571428571428575,24228.0,False,False
74,86.29710144927536,350.9347826086956,58.30500000000001,8.616045012404687,7.086956521739131,30635.0,False,False
75,88.74782608695652,413.09565217391304,48.587500000000006,7.8653370162898755,11.26086956521739,35551.0,False,False
76,86.07692307692308,319.18461538461537,27.462500000000002,5.913234393907399,8.938461538461539,44210.0,False,False
77,85.41428571428571,700.2857142857143,29.575000000000003,6.136453335237093,8.528571428571428,23698.0,False,False
78,93.7124183006536,487.52287581699346,64.64250000000001,9.072231658778492,8.22875816993464,27827.0,False,False
79,95.60240963855422,110.644578313253,70.135,9.449796583524995,7.668674698795181,27313.0,False,False
80,91.57377049180327,295.8196721311475,25.7725,5.728399965669906,30.557377049180328,58027.0,False,False
81,93.3586956521739,741.1195652173913,38.870000000000005,7.034971293747812,6.326086956521739,22297.0,False,False
82,98.47972972972973,310.18918918918916,62.53000000000001,8.922761272851007,10.47972972972973,66259.0,False,False
83,98.64285714285714,516.1868131868132,76.89500000000001,9.894733689817546,9.846153846153847,28625.0,False,False
84,98.78703703703704,387.3888888888889,45.63,7.622199185685551,7.592592592592593,34112.0,False,False
85,98.82352941176471,556.5588235294117,57.46000000000001,8.553382035223404,7.522058823529412,27710.0,False,False
86,101.08474576271186,188.5,49.855000000000004,7.967267881951225,8.957627118644067,29460.0,False,False
87,100.72307692307692,202.12307692307692,54.925000000000004,8.362576277354894,10.384615384615385,33204.0,False,False
88,99.92,766.94,42.25000000000001,7.3344645861208315,7.05,21629.0,False,False
89,104.24324324324324,84.47972972972973,62.53000000000001,8.922761272851007,9.33108108108108,30929.0,False,False
90,103.64150943396227,735.8490566037735,44.785000000000004,7.5512934660867375,7.462264150943396,23366.0,False,False
91,106.0,99.68125,67.60000000000001,9.277445403994411,7.0,28009.0,False,False
92,105.4,717.8,52.81250000000001,8.200180696565521,8.112,24585.0,False,False
93,104.29268292682927,286.5609756097561,34.645,6.641640160935379,35.829268292682926,63972.0,False,False
94,104.5625,408.6,33.800000000000004,6.560144557252417,18.1125,39176.0,False,False
95,104.56521739130434,778.7934782608696,38.870000000000005,7.034971293747812,6.423913043478261,22050.0,False,False
96,106.80882352941177,181.94117647058823,28.730000000000004,6.048154439185661,8.191176470588236,28401.0,False,False
97,103.93877551020408,787.3061224489796,20.7025,5.134125210284583,7.469387755102041,22284.0,False,False
98,108.29545454545455,529.5378787878788,55.77,8.426658258757147,8.613636363636363,28376.0,False,False
99,108.18681318681318,353.31868131868134,38.447500000000005,6.996633290104976,9.296703296703297,35564.0,False,False
100,111.73076923076923,205.9,54.925000000000004,8.362576277354894,19.953846153846154,42074.0,True,True
101,116.22054380664653,122.5558912386707,139.84750000000003,13.343888759741318,7.404833836858006,24721.0,False,False
102,112.0618556701031,331.6082474226804,40.9825,7.22360987610134,19.463917525773194,49107.0,True,True
103,112.31788079470199,503.94701986754967,63.79750000000001,9.01274097349089,10.655629139072847,28381.0,False,False
104,113.04225352112677,192.00704225352112,59.995000000000005,8.740023254338977,7.816901408450704,36854.0,False,False
105,113.66917293233082,517.1954887218045,56.1925,8.458517193783473,9.894736842105264,27940.0,False,False
106,115.29651162790698,755.3953488372093,72.67,9.619060126431496,6.465116279069767,23174.0,False,False
107,113.91764705882353,168.63529411764705,35.9125,6.762042232218129,8.75294117647059,25863.0,False,False
108,119.35185185185185,82.98765432098766,68.44500000000001,9.335249361393526,8.012345679012345,30220.0,False,False
109,116.11224489795919,772.0102040816327,41.405,7.260749503306075,6.448979591836735,23307.0,False,False
110,119.40298507462687,733.6119402985074,56.61500000000001,8.490256581822557,8.014925373134329,24523.0,False,False
111,123.33928571428571,402.57142857142856,47.32000000000001,7.762067717874401,18.9375,41058.0,False,False
112,126.2720588235294,194.11029411764707,57.46000000000001,8.553382035223404,9.639705882352942,45733.0,False,False
113,123.87037037037037,368.6203703703704,45.63,7.622199185685551,10.166666666666666,31266.0,False,True
114,126.80952380952381,705.6031746031746,26.617500000000003,5.8215507884058,8.619047619047619,26084.0,False,False
115,132.14344262295083,534.7459016393443,103.09,11.456799931339813,8.012295081967213,28311.0,False,False
116,131.38709677419354,114.58064516129032,65.48750000000001,9.131334770220834,7.225806451612903,25468.0,False,False
117,131.82,738.62,42.25000000000001,7.3344645861208315,8.3,26339.0,False,False
118,133.85897435897436,321.5128205128205,32.955000000000005,6.477623730716943,13.346153846153847,60517.0,False,False
119,134.515873015873,282.53968253968253,53.23500000000001,8.232916079007266,9.825396825396826,57739.0,False,False
120,135.13333333333333,755.1333333333333,57.03750000000001,8.521877758618217,8.0,27753.0,False,False
121,135.55140186915887,89.05607476635514,45.2075,7.586829161027343,7.822429906542056,29810.0,False,False
122,137.296,504.552,52.81250000000001,8.200180696565521,8.872,29097.0,False,False
123,135.84615384615384,514.8384615384615,54.925000000000004,8.362576277354894,8.007692307692308,29073.0,False,False
124,135.52564102564102,129.2051282051282,32.955000000000005,6.477623730716943,7.82051282051282,26797.0,False,False
125,138.06976744186048,308.3255813953488,18.1675,4.809530063215748,13.255813953488373,63530.0,False,False
126,140.54166666666666,245.83333333333334,40.56,7.186278309003779,10.052083333333334,38326.0,False,False
127,140.66216216216216,302.3378378378378,31.265000000000004,6.309345002941657,21.7027027027027,61720.0,False,False
128,139.88636363636363,21.363636363636363,18.590000000000003,4.865133414062422,15.522727272727273,45250.0,True,False
129,143.4848484848485,335.6060606060606,41.82750000000001,7.297700121093632,12.565656565656566,41168.0,False,False
130,141.97619047619048,67.73809523809524,17.745,4.753276314430444,15.571428571428571,33670.0,False,False
131,147.47297297297297,219.17567567567568,31.265000000000004,6.309345002941657,12.635135135135135,52678.0,False,False
132,150.36764705882354,281.4779411764706,57.46000000000001,8.553382035223404,15.080882352941176,44291.0,False,False
133,148.953125,121.765625,27.040000000000003,5.867571668896666,9.28125,29295.0,False,False
134,150.0108695652174,1040.5760869565217,38.870000000000005,7.034971293747812,6.858695652173913,19171.0,False,False
135,150.0857142857143,15.428571428571429,14.787500000000001,4.339127765780955,30.057142857142857,42226.0,False,True
136,151.48,337.28,21.125000000000004,5.186249645218625,15.18,39675.0,False,False
137,155.4857142857143,996.7357142857143,59.150000000000006,8.67825553156191,5.4714285714285715,16733.0,False,False
138,152.92537313432837,1057.910447761194,28.307500000000005,6.003518003020447,6.029850746268656,19275.0,False,False
139,153.11864406779662,1241.4915254237287,24.927500000000002,5.633709146857493,7.305084745762712,20348.0,False,False
140,153.83018867924528,518.2264150943396,22.392500000000002,5.3395708165996005,9.0,29239.0,False,False
141,156.79605263157896,1026.6118421052631,64.22000000000001,9.042535239792663,6.546052631578948,18966.0,False,False
142,154.32432432432432,26.945945945945947,15.632500000000002,4.4613806364255035,10.64864864864865,45350.0,False,False
143,158.32380952380953,295.4095238095238,44.362500000000004,7.51558975086544,14.085714285714285,47010.0,False,False
144,156.60714285714286,218.33928571428572,23.660000000000004,5.488610719338178,14.214285714285714,52116.0,False,False
145,159.82089552238807,230.56716417910448,56.61500000000001,8.490256581822557,10.17910447761194,47282.0,False,False
146,158.87735849056602,533.7641509433962,44.785000000000004,7.5512934660867375,10.547169811320755,28855.0,False,False
147,161.72413793103448,719.4741379310345,49.010000000000005,7.8994601136704485,9.775862068965518,30708.0,False,False
148,160.79310344827587,1040.471264367816,36.7575,6.8411331346205175,7.137931034482759,19906.0,False,False
149,160.68421052631578,1208.8684210526317,32.11000000000001,6.394037987175715,6.934210526315789,22067.0,False,False
150,161.8,342.41818181818184,23.2375,5.439384516724603,14.672727272727272,41046.0,False,False
151,163.4625,275.6,33.800000000000004,6.560144557252417,15.375,40127.0,False,True
152,164.6891891891892,221.43243243243242,31.265000000000004,6.309345002941657,13.864864864864865,48178.0,False,False
153,166.93457943925233,244.6448598130841,45.2075,7.586829161027343,12.392523364485982,38063.0,False,False
154,167.12121212121212,1031.3333333333333,41.82750000000001,7.297700121093632,7.363636363636363,20172.0,False,False
155,167.3409090909091,1256.659090909091,18.590000000000003,4.865133414062422,8.25,12995.0,False,False
156,168.89523809523808,331.35238095238094,44.362500000000004,7.51558975086544,14.19047619047619,43759.0,False,False
157,169.61073825503357,539.9328859060403,62.95250000000001,8.952854988211321,8.758389261744966,30087.0,False,False
158,171.064,258.496,52.81250000000001,8.200180696565521,12.224,38305.0,False,False
159,168.77777777777777,305.22222222222223,22.815,5.389708731752834,16.40740740740741,46664.0,False,False
160,173.74545454545455,234.3090909090909,46.475,7.692451354514157,11.6,41444.0,False,False
161,174.80281690140845,219.35915492957747,59.995000000000005,8.740023254338977,19.612676056338028,43613.0,True,True
162,176.7927927927928,300.81081081081084,46.89750000000001,7.727337934192946,14.711711711711711,47210.0,False,False
163,176.4814814814815,1022.641975308642,34.222500000000004,6.601018127508749,6.938271604938271,19930.0,False,False
164,177.1919191919192,1232.4343434343434,41.82750000000001,7.297700121093632,7.424242424242424,21860.0,False,False
165,179.40714285714284,273.5,59.150000000000006,8.67825553156191,11.3,41666.0,False,False
166,177.63736263736263,1047.0879120879122,38.447500000000005,6.996633290104976,6.395604395604396,20463.0,False,False
167,180.73949579831933,285.9495798319328,50.2775,8.000956268498294,10.831932773109244,44853.0,False,False
168,183.63276836158192,1000.2937853107345,74.78250000000001,9.75787047742269,5.80225988700565,18431.0,False,False
169,182.126213592233,242.25242718446603,43.517500000000005,7.443668577254932,12.174757281553399,39077.0,False,False
170,184.5843373493976,517.5783132530121,70.135,9.449796583524995,9.981927710843374,34363.0,False,False
171,182.43939393939394,1016.7727272727273,27.885,5.958547197508803,7.303030303030303,19889.0,False,False
172,182.63809523809525,336.26666666666665,44.362500000000004,7.51558975086544,13.761904761904763,48263.0,False,False
173,185.7984496124031,320.38759689922483,54.502500000000005,8.33035043001963,11.883720930232558,53800.0,False,False
174,188.91509433962264,552.5283018867924,44.785000000000004,7.5512934660867375,10.122641509433961,34607.0,False,False
175,191.61702127659575,257.36879432624113,59.572500000000005,8.709194152086374,12.24113475177305,41617.0,False,False
176,195.16597510373444,1012.9626556016598,101.8225,11.386150953847226,6.539419087136929,20263.0,False,False
177,188.78571428571428,1190.142857142857,29.575000000000003,6.136453335237093,6.628571428571429,20472.0,False,False
178,190.97744360902254,270.17293233082705,56.1925,8.458517193783473,13.007518796992482,43730.0,False,False
179,190.90625,310.8958333333333,40.56,7.186278309003779,15.104166666666666,58131.0,False,False
180,190.046875,242.421875,27.040000000000003,5.867571668896666,13.296875,41270.0,False,False
181,193.26363636363635,978.5,46.475,7.692451354514157,5.663636363636364,20078.0,False,False
182,192.69298245614036,1095.9122807017543,48.165000000000006,7.831065232276457,4.105263157894737,19492.0,False,False
183,193.3013698630137,234.26027397260273,30.842500000000005,6.266569289371519,12.89041095890411,43163.0,False,False
184,195.34444444444443,1024.2111111111112,38.025000000000006,6.958084052995808,7.855555555555555,20823.0,False,False
185,199.45977011494253,1036.2241379310344,73.515,9.6748232609803,6.511494252873563,21240.0,False,False
186,201.99056603773585,225.2688679245283,89.57000000000001,10.679141633199201,12.589622641509434,46532.0,False,False
187,198.59615384615384,301.5192307692308,21.970000000000002,5.288957628666685,14.903846153846153,62993.0,False,False
188,199.01388888888889,338.4166666666667,30.42,6.223499574262349,15.458333333333334,57005.0,False,False
189,198.2058823529412,1201.485294117647,28.730000000000004,6.048154439185661,7.6911764705882355,21125.0,False,False
190,204.72985781990522,993.3222748815166,89.14750000000001,10.653925206902757,7.161137440758294,21085.0,False,False
191,201.47297297297297,542.7972972972973,31.265000000000004,6.309345002941657,10.0,37889.0,False,False
192,205.6917808219178,324.1986301369863,61.68500000000001,8.86226727857993,19.86986301369863,80501.0,False,False
193,206.26446280991735,167.59504132231405,51.1225,8.067911044732915,13.669421487603305,53301.0,False,False
194,207.9075630252101,267.92436974789916,50.2775,8.000956268498294,16.11764705882353,49388.0,False,False
195,209.92523364485982,233.11214953271028,45.2075,7.586829161027343,18.523364485981308,48396.0,False,False
196,208.6727272727273,155.96363636363637,23.2375,5.439384516724603,16.0,58261.0,False,False
197,208.8108108108108,618.7432432432432,31.265000000000004,6.309345002941657,14.797297297297296,41490.0,False,False
198,211.41176470588235,146.64705882352942,35.9125,6.762042232218129,16.705882352941178,63780.0,False,False
199,211.6081871345029,247.52631578947367,72.2475,9.591056980763573,13.713450292397662,49768.0,False,False
200,210.1509433962264,943.1698113207547,22.392500000000002,5.3395708165996005,6.226415094339623,23185.0,False,False
201,211.53435114503816,1039.1526717557251,55.347500000000004,8.394678415652944,7.67175572519084,21505.0,False,False
202,210.72380952380954,1133.6285714285714,44.362500000000004,7.51558975086544,6.571428571428571,20541.0,False,False
203,214.01156069364163,1146.757225433526,73.0925,9.646981985240508,5.895953757225434,20260.0,False,False
204,212.97916666666666,198.04166666666666,60.84,8.801357503344999,16.40277777777778,54266.0,False,False
205,212.1304347826087,682.4239130434783,38.870000000000005,7.034971293747812,8.75,27314.0,False,False
206,215.83794466403162,1020.0197628458498,106.89250000000001,11.666180096141298,6.24901185770751,22429.0,False,False
207,212.1851851851852,276.9074074074074,22.815,5.389708731752834,18.796296296296298,58342.0,False,False
208,213.0,1229.421052631579,24.082500000000003,5.537399329656889,7.526315789473684,21229.0,False,False
209,214.81914893617022,292.5531914893617,39.715,7.1110272478142695,18.0,75674.0,False,False
210,217.0,211.3,63.37500000000001,8.982847886254723,15.313333333333333,54165.0,False,False
211,218.19254658385094,184.6832298136646,68.02250000000001,9.306392261867519,15.472049689440993,60286.0,False,False
212,218.96891191709844,265.6580310880829,81.5425,10.18936384552868,19.865284974093264,55850.0,False,False
213,216.77941176470588,600.3823529411765,28.730000000000004,6.048154439185661,12.441176470588236,51331.0,False,False
214,219.64545454545456,579.6090909090909,46.475,7.692451354514157,13.190909090909091,50375.0,False,False
215,220.3308823529412,1051.4264705882354,57.46000000000001,8.553382035223404,7.360294117647059,21435.0,False,False
216,219.17,1087.88,42.25000000000001,7.3344645861208315,6.22,19924.0,False,False
217,220.51960784313727,223.7549019607843,43.095000000000006,7.407446130776911,17.784313725490197,53669.0,False,True
218,220.6161616161616,130.13131313131314,41.82750000000001,7.297700121093632,18.858585858585858,84116.0,False,False
219,223.09722222222223,234.38888888888889,60.84,8.801357503344999,17.23611111111111,54131.0,False,True
220,221.27380952380952,301.2261904761905,35.49,6.722147829574334,37.45238095238095,90814.0,False,False
221,220.21518987341773,936.4556962025316,33.377500000000005,6.519014718835807,8.89873417721519,23940.0,False,False
222,222.56666666666666,154.74166666666667,50.7,8.034503402082343,24.983333333333334,92166.0,False,False
223,222.5142857142857,660.1142857142858,44.362500000000004,7.51558975086544,7.885714285714286,28589.0,False,False
224,221.94505494505495,1164.3626373626373,38.447500000000005,6.996633290104976,7.0,19988.0,False,False
225,224.0909090909091,1226.564935064935,65.06500000000001,9.101831188183693,5.487012987012987,21325.0,False,False
226,228.20338983050848,1034.0805084745762,99.71000000000001,11.267418293714986,7.516949152542373,22337.0,False,False
227,222.77450980392157,1240.3529411764705,43.095000000000006,7.407446130776911,6.401960784313726,18571.0,False,False
228,224.15686274509804,343.1666666666667,43.095000000000006,7.407446130776911,17.774509803921568,93590.0,False,False
229,230.34054054054053,261.8540540540541,78.16250000000001,9.9759503765487,17.0,62683.0,False,False
230,226.512,293.496,52.81250000000001,8.200180696565521,22.528,88098.0,False,False
231,223.61111111111111,592.6111111111111,22.815,5.389708731752834,15.314814814814815,53804.0,False,False
232,226.02380952380952,1173.8015873015872,53.23500000000001,8.232916079007266,5.412698412698413,21331.0,False,False
233,227.33333333333334,138.55882352941177,43.095000000000006,7.407446130776911,27.352941176470587,110260.0,False,False
234,226.81896551724137,1128.9913793103449,49.010000000000005,7.8994601136704485,6.896551724137931,21358.0,False,False
235,227.4848484848485,1188.3131313131314,83.65500000000002,10.320506485382394,6.111111111111111,21797.0,False,False
236,229.89256198347107,273.77685950413223,51.1225,8.067911044732915,19.537190082644628,66399.0,False,False
237,230.26241134751774,206.87943262411346,59.572500000000005,8.709194152086374,18.163120567375888,65959.0,False,False
238,231.27450980392157,980.2254901960785,43.095000000000006,7.407446130776911,9.254901960784315,25047.0,False,False
239,234.5846994535519,328.53005464480873,77.31750000000001,9.92187978661609,65.74863387978142,113393.0,True,True
240,230.3815789473684,1113.421052631579,32.11000000000001,6.394037987175715,7.552631578947368,21711.0,False,False
241,232.8427672955975,1155.301886792453,67.17750000000001,9.24840794496255,6.289308176100629,21215.0,False,False
242,230.8227848101266,169.74683544303798,33.377500000000005,6.519014718835807,25.544303797468356,94911.0,False,False
243,232.99193548387098,242.32258064516128,52.39000000000001,8.167314108608483,25.20967741935484,61118.0,False,False
244,229.5897435897436,953.974358974359,16.477500000000003,4.5803716659648535,6.717948717948718,24138.0,False,False
245,235.27272727272728,195.13636363636363,37.18000000000001,6.880337656921596,31.181818181818183,69871.0,False,True
246,236.0794701986755,1138.7880794701987,63.79750000000001,9.01274097349089,6.417218543046357,22071.0,False,False
247,235.3951612903226,1232.8467741935483,52.39000000000001,8.167314108608483,5.701612903225806,20498.0,False,False
248,237.29078014184398,106.8581560283688,59.572500000000005,8.709194152086374,19.24822695035461,74165.0,False,False
249,235.71428571428572,582.030612244898,41.405,7.260749503306075,18.928571428571427,57523.0,False,False
250,234.0,640.28,21.125000000000004,5.186249645218625,10.56,33786.0,False,False
251,236.72357723577235,1016.0650406504066,51.96750000000001,8.134314724734013,7.6016260162601625,24493.0,False,False
252,238.05050505050505,620.0,41.82750000000001,7.297700121093632,10.474747474747474,49449.0,False,False
253,239.73333333333332,1212.6727272727273,69.7125,9.421290344870497,6.278787878787878,22876.0,False,False
254,241.8421052631579,295.4842105263158,80.275,10.109861742556879,26.268421052631577,100534.0,False,False
255,239.825,311.53333333333336,50.7,8.034503402082343,32.483333333333334,116924.0,False,False
256,237.13636363636363,918.4772727272727,18.590000000000003,4.865133414062422,8.204545454545455,35550.0,False,False
257,243.93939393939394,987.8636363636364,83.65500000000002,10.320506485382394,12.232323232323232,25678.0,False,False
258,240.24468085106383,1169.340425531915,39.715,7.1110272478142695,6.585106382978723,23853.0,False,False
259,238.34920634920636,1191.1746031746031,26.617500000000003,5.8215507884058,8.301587301587302,24581.0,False,False
260,242.234375,282.8046875,54.080000000000005,8.297999432349801,24.171875,79396.0,False,False
261,242.13,598.69,42.25000000000001,7.3344645861208315,50.09,57671.0,True,True
262,241.84615384615384,162.39423076923077,43.940000000000005,7.479715609277069,28.971153846153847,131262.0,False,False
263,243.21774193548387,211.11290322580646,52.39000000000001,8.167314108608483,19.927419354838708,72480.0,False,False
264,243.84297520661158,1177.6280991735537,51.1225,8.067911044732915,9.917355371900827,25737.0,False,False
265,244.05172413793105,199.68965517241378,49.010000000000005,7.8994601136704485,23.32758620689655,72676.0,False,False
266,245.3587786259542,1109.9236641221373,55.347500000000004,8.394678415652944,7.5038167938931295,22094.0,False,False
267,244.41935483870967,178.70967741935485,52.39000000000001,8.167314108608483,23.806451612903224,91913.0,False,False
268,243.56451612903226,1125.483870967742,26.195000000000004,5.775163190277621,6.693548387096774,22631.0,False,False
269,249.1069182389937,344.50314465408803,67.17750000000001,9.24840794496255,30.0062893081761,103960.0,False,False
270,245.15384615384616,571.2,27.462500000000002,5.913234393907399,14.092307692307692,57013.0,False,False
271,247.38311688311688,1156.1233766233765,65.06500000000001,9.101831188183693,7.318181818181818,23927.0,False,False
272,244.92857142857142,151.38095238095238,17.745,4.753276314430444,115.5952380952381,142369.0,False,False
273,247.77777777777777,222.57142857142858,53.23500000000001,8.232916079007266,19.142857142857142,71463.0,False,False
274,247.0222222222222,258.5407407407407,57.03750000000001,8.521877758618217,25.385185185185186,70614.0,False,False
275,250.13020833333334,1207.0,81.12,10.162932247580734,8.083333333333334,25186.0,False,False
276,247.32539682539684,655.4444444444445,53.23500000000001,8.232916079007266,8.333333333333334,36284.0,False,False
277,250.5968992248062,1006.6317829457364,109.00500000000001,11.780894557454303,7.794573643410852,25748.0,False,False
278,249.46478873239437,1141.4859154929577,59.995000000000005,8.740023254338977,7.901408450704225,23098.0,False,False
279,249.25233644859813,305.5514018691589,45.2075,7.586829161027343,27.242990654205606,117128.0,False,False
280,249.76699029126215,317.02912621359224,43.517500000000005,7.443668577254932,40.05825242718446,121129.0,False,False
281,250.89506172839506,331.95061728395063,68.44500000000001,9.335249361393526,47.4320987654321,115499.0,False,False
282,252.23489932885906,1037.9194630872482,62.95250000000001,8.952854988211321,7.590604026845638,24343.0,False,False
283,251.74157303370785,139.4494382022472,37.602500000000006,6.919320051920128,125.11235955056179,147804.0,False,False
284,252.43150684931507,276.44520547945206,61.68500000000001,8.86226727857993,22.095890410958905,85374.0,False,False
285,250.79710144927537,289.0,29.152500000000003,6.092463855279885,30.782608695652176,93052.0,False,False
286,251.65420560747663,593.4392523364486,45.2075,7.586829161027343,21.121495327102803,59667.0,False,False
287,251.3846153846154,160.94505494505495,38.447500000000005,6.996633290104976,29.89010989010989,142792.0,False,False
288,253.77987421383648,233.54088050314465,67.17750000000001,9.24840794496255,24.251572327044027,76712.0,False,False
289,254.32608695652175,1225.1521739130435,58.30500000000001,8.616045012404687,6.905797101449275,23335.0,False,False
290,254.71428571428572,170.59183673469389,41.405,7.260749503306075,24.632653061224488,120781.0,False,False
291,253.95689655172413,180.98275862068965,49.010000000000005,7.8994601136704485,32.0,87615.0,False,False
292,254.76543209876544,618.9506172839506,34.222500000000004,6.601018127508749,15.222222222222221,50690.0,False,False
293,257.4526315789474,143.9157894736842,40.1375,7.148751795020415,113.58947368421053,149983.0,True,False
294,256.4236111111111,259.3541666666667,60.84,8.801357503344999,27.930555555555557,77524.0,False,False
295,254.86301369863014,636.5342465753424,30.842500000000005,6.266569289371519,11.684931506849315,41518.0,False,False
296,257.528,1186.76,52.81250000000001,8.200180696565521,10.368,29733.0,False,False
297,257.85,151.66666666666666,25.35,5.681251839078812,128.93333333333334,147716.0,False,False
298,259.41509433962267,219.8427672955975,67.17750000000001,9.24840794496255,24.566037735849058,82804.0,False,False
299,259.2972972972973,1130.527027027027,62.53000000000001,8.922761272851007,8.777027027027026,23500.0,False,False
300,259.8,1152.9655172413793,61.2625,8.831864899857669,7.227586206896552,26261.0,False,False
301,262.18390804597703,83.21264367816092,73.515,9.6748232609803,39.827586206896555,81475.0,False,False
302,258.74418604651163,661.9069767441861,36.335,6.801702644040839,11.976744186046512,46918.0,False,False
303,260.36607142857144,244.76785714285714,47.32000000000001,7.762067717874401,22.589285714285715,86961.0,False,False
304,262.51176470588234,1243.9352941176471,71.825,9.562971834142516,6.58235294117647,18038.0,False,False
305,265.14666666666665,331.9066666666667,63.37500000000001,8.982847886254723,33.54666666666667,115770.0,False,False
306,264.6741573033708,348.1573033707865,37.602500000000006,6.919320051920128,27.426966292134832,100159.0,False,False
307,263.34615384615387,571.5576923076923,21.970000000000002,5.288957628666685,18.576923076923077,57813.0,False,False
308,265.9059829059829,192.18803418803418,49.432500000000005,7.933436443000028,17.675213675213676,76444.0,False,False
309,266.06382978723406,1171.3758865248226,59.572500000000005,8.709194152086374,11.801418439716311,29717.0,False,False
310,267.21232876712327,272.47945205479454,61.68500000000001,8.86226727857993,26.513698630136986,94085.0,False,False
311,265.9894736842105,309.4947368421053,40.1375,7.148751795020415,31.53684210526316,123959.0,False,False
312,267.25531914893617,1019.0553191489362,99.28750000000001,11.24352130330585,7.914893617021277,24355.0,False,False
313,266.7563025210084,1209.90756302521,50.2775,8.000956268498294,8.260504201680673,27866.0,False,False
314,268.09090909090907,250.41322314049586,51.1225,8.067911044732915,24.68595041322314,98114.0,False,False
315,266.1625,596.575,33.800000000000004,6.560144557252417,12.8,58589.0,False,False
316,268.0232558139535,1185.5872093023256,72.67,9.619060126431496,13.383720930232558,30998.0,False,True
317,269.4117647058824,205.12745098039215,43.095000000000006,7.407446130776911,22.88235294117647,86711.0,False,False
318,270.83673469387753,161.59183673469389,41.405,7.260749503306075,18.877551020408163,122389.0,False,False
319,271.2164179104478,292.2238805970149,56.61500000000001,8.490256581822557,59.97761194029851,109663.0,False,True
320,273.2957746478873,197.57746478873239,29.997500000000002,6.180129710871209,19.408450704225352,79061.0,False,False
321,270.5274725274725,238.15384615384616,38.447500000000005,6.996633290104976,28.175824175824175,117725.0,False,False
322,271.8943089430894,1136.6504065040651,51.96750000000001,8.134314724734013,7.520325203252033,24778.0,False,False
323,272.712962962963,179.59259259259258,45.63,7.622199185685551,25.10185185185185,74797.0,False,False
324,271.35526315789474,582.7631578947369,32.11000000000001,6.394037987175715,18.13157894736842,61725.0,False,False
325,273.5416666666667,991.7569444444445,60.84,8.801357503344999,7.777777777777778,25028.0,False,False
326,273.96610169491527,140.8728813559322,49.855000000000004,7.967267881951225,67.17796610169492,144059.0,False,False
327,273.34444444444443,169.77777777777777,38.025000000000006,6.958084052995808,26.488888888888887,96721.0,False,False
328,275.65346534653463,149.79207920792078,42.67250000000001,7.371045683803026,36.68316831683168,130873.0,False,False
329,277.1391304347826,283.39130434782606,48.587500000000006,7.8653370162898755,50.130434782608695,109409.0,False,True
330,275.4117647058824,316.70588235294116,57.46000000000001,8.553382035223404,38.720588235294116,128310.0,False,False
331,277.8833333333333,258.75,50.7,8.034503402082343,29.483333333333334,104934.0,False,False
332,278.2760736196319,105.17791411042944,68.8675,9.364017532397558,28.15950920245399,78176.0,False,False
333,278.2096774193548,247.23387096774192,52.39000000000001,8.167314108608483,28.717741935483872,123017.0,False,False
334,279.9389312977099,397.9312977099237,55.347500000000004,8.394678415652944,24.27480916030534,84352.0,False,False
335,277.4418604651163,930.6976744186046,18.1675,4.809530063215748,8.162790697674419,30893.0,False,False
336,281.1925925925926,1238.5037037037036,57.03750000000001,8.521877758618217,8.6,20464.0,False,False
337,280.32323232323233,217.83838383838383,41.82750000000001,7.297700121093632,29.353535353535353,126318.0,False,False
338,282.76576576576576,293.7927927927928,46.89750000000001,7.727337934192946,55.351351351351354,125888.0,False,False
339,285.0860927152318,365.11920529801324,63.79750000000001,9.01274097349089,30.748344370860927,93876.0,False,False
340,286.58015267175574,137.5801526717557,55.347500000000004,8.394678415652944,36.267175572519086,109724.0,False,False
341,285.0204081632653,1011.4897959183673,41.405,7.260749503306075,7.479591836734694,25248.0,False,False
342,288.7676056338028,198.57042253521126,59.995000000000005,8.740023254338977,19.753521126760564,89528.0,False,False
343,287.14018691588785,209.4392523364486,45.2075,7.586829161027343,28.093457943925234,119036.0,False,False
344,288.5507246376812,327.9855072463768,58.30500000000001,8.616045012404687,41.97826086956522,121197.0,False,False
345,287.1900826446281,431.1735537190083,51.1225,8.067911044732915,25.958677685950413,110905.0,False,False
346,289.4848484848485,151.18939393939394,55.77,8.426658258757147,18.242424242424242,94286.0,False,False
347,289.3960396039604,286.51485148514854,42.67250000000001,7.371045683803026,38.02970297029703,132549.0,False,False
348,290.0079365079365,382.73015873015873,53.23500000000001,8.232916079007266,28.023809523809526,106735.0,False,False
349,288.4516129032258,312.8225806451613,26.195000000000004,5.775163190277621,38.806451612903224,138949.0,False,False
350,291.2206896551724,339.4206896551724,61.2625,8.831864899857669,41.43448275862069,118219.0,False,False
351,292.4835164835165,172.74175824175825,76.89500000000001,9.894733689817546,17.346153846153847,65485.0,False,False
352,291.5731707317073,512.6829268292682,34.645,6.641640160935379,24.98780487804878,89386.0,False,False
353,294.5175438596491,86.80701754385964,48.165000000000006,7.831065232276457,17.289473684210527,60642.0,False,False
354,294.1954022988506,105.47126436781609,36.7575,6.8411331346205175,18.804597701149426,72385.0,False,False
355,295.7013888888889,351.9791666666667,60.84,8.801357503344999,30.791666666666668,122540.0,False,False
356,295.890243902439,395.0670731707317,69.29,9.392697591996637,33.66463414634146,119166.0,False,False
357,296.9130434782609,141.9891304347826,38.870000000000005,7.034971293747812,24.108695652173914,86850.0,False,False
358,297.84033613445376,996.0840336134454,50.2775,8.000956268498294,7.932773109243698,26603.0,False,False
359,298.592,1037.168,52.81250000000001,8.200180696565521,7.632,25914.0,False,False
360,301.0989010989011,288.3772893772894,115.34250000000002,12.118524340389614,43.86080586080586,156456.0,False,False
361,301.0261780104712,321.8219895287958,80.6975,10.136431727253225,43.45026178010471,146414.0,False,False
362,298.58878504672896,521.4485981308411,45.2075,7.586829161027343,28.542056074766354,113125.0,False,False
363,299.0348837209302,457.3953488372093,36.335,6.801702644040839,87.15116279069767,116014.0,False,False
364,302.10769230769233,95.85384615384615,54.925000000000004,8.362576277354894,14.815384615384616,59999.0,False,False
365,302.58870967741933,113.53225806451613,52.39000000000001,8.167314108608483,17.741935483870968,72744.0,False,False
366,300.38235294117646,210.44117647058823,28.730000000000004,6.048154439185661,27.308823529411764,128043.0,False,False
367,300.87719298245617,14.087719298245615,24.082500000000003,5.537399329656889,9.912280701754385,40211.0,False,False
368,303.92,409.4057142857143,73.93750000000001,9.702584647343,41.77142857142857,147862.0,False,False
369,301.0,496.0,24.927500000000002,5.633709146857493,21.16949152542373,85563.0,False,False
370,309.24727272727273,309.02181818181816,116.18750000000001,12.162833535156055,54.22545454545455,181207.0,False,False
371,307.491452991453,340.2478632478632,98.86500000000001,11.219573413915606,40.51709401709402,135918.0,False,False
372,302.33846153846156,435.25384615384615,54.925000000000004,8.362576277354894,46.62307692307692,150074.0,False,False
373,303.3829787234043,198.40425531914894,39.715,7.1110272478142695,23.0531914893617,93558.0,False,False
374,305.25,264.62931034482756,49.010000000000005,7.8994601136704485,28.594827586206897,118982.0,False,False
375,303.8532110091743,511.89908256880733,46.0525,7.6574058357851245,34.76146788990825,103857.0,False,False
376,303.60674157303373,538.5505617977528,37.602500000000006,6.919320051920128,34.19101123595506,122985.0,False,False
377,305.3223140495868,130.4297520661157,51.1225,8.067911044732915,26.94214876033058,77096.0,False,False
378,307.7457627118644,180.3276836158192,74.78250000000001,9.75787047742269,20.389830508474578,66865.0,False,False
379,306.03125,166.42708333333334,40.56,7.186278309003779,16.333333333333332,65635.0,False,False
380,307.15833333333336,476.1,50.7,8.034503402082343,23.591666666666665,103443.0,False,False
381,308.79487179487177,142.53205128205127,65.91000000000001,9.160743331929707,23.416666666666668,71667.0,False,False
382,307.5040650406504,366.2439024390244,51.96750000000001,8.134314724734013,35.17886178861789,149772.0,False,False
383,306.921875,1229.6640625,54.080000000000005,8.297999432349801,7.28125,25414.0,False,False
384,311.0794701986755,81.31788079470199,63.79750000000001,9.01274097349089,16.026490066225165,51150.0,False,False
385,310.48837209302326,103.27131782945736,54.502500000000005,8.33035043001963,14.604651162790697,58807.0,False,False
386,307.55696202531647,983.6582278481013,33.377500000000005,6.519014718835807,8.455696202531646,30408.0,False,False
387,312.6692913385827,1036.732283464567,53.657500000000006,8.265521814841879,8.094488188976378,27895.0,False,False
388,314.26666666666665,160.21481481481482,57.03750000000001,8.521877758618217,20.814814814814813,70056.0,False,False
389,313.9277108433735,521.9518072289156,35.0675,6.682015245043993,42.44578313253012,123683.0,False,False
390,315.7112676056338,192.43661971830986,59.995000000000005,8.740023254338977,20.112676056338028,76642.0,False,False
391,315.15862068965515,205.18620689655174,61.2625,8.831864899857669,29.73793103448276,104056.0,False,False
392,318.68674698795184,385.6907630522088,105.20250000000001,11.573589901365995,58.630522088353416,170237.0,False,False
393,316.3157894736842,457.36842105263156,32.11000000000001,6.394037987175715,28.13157894736842,133629.0,False,False
394,315.4875,508.7625,33.800000000000004,6.560144557252417,65.95,106956.0,False,True
395,318.97037037037035,217.2074074074074,57.03750000000001,8.521877758618217,30.340740740740742,123297.0,False,False
396,319.7952380952381,356.4714285714286,88.72500000000001,10.628648954906136,76.16190476190476,151341.0,False,False
397,320.65533980582524,322.6990291262136,87.03500000000001,10.526937055764364,38.44174757281554,170505.0,False,False
398,320.12142857142857,439.2214285714286,59.150000000000006,8.67825553156191,52.292857142857144,174550.0,False,False
399,322.5833333333333,176.71527777777777,60.84,8.801357503344999,25.8125,73751.0,False,False
400,324.5891472868217,75.83720930232558,54.502500000000005,8.33035043001963,13.186046511627907,46265.0,False,False
401,327.36102236421726,287.0223642172524,132.2425,12.97599246665317,106.30990415335464,183143.0,True,True
402,322.6,417.4095238095238,44.362500000000004,7.51558975086544,81.46666666666667,178434.0,False,False
403,322.1578947368421,49.63157894736842,24.082500000000003,5.537399329656889,13.649122807017545,51528.0,False,False
404,326.9858490566038,338.5141509433962,89.57000000000001,10.679141633199201,32.075471698113205,140846.0,False,False
405,322.890243902439,523.0243902439024,34.645,6.641640160935379,39.109756097560975,130105.0,False,False
406,325.968992248062,1198.7596899224807,54.502500000000005,8.33035043001963,12.7984496124031,40164.0,False,False
407,327.3020833333333,122.5,40.56,7.186278309003779,19.875,58179.0,False,False
408,327.9179104477612,194.02238805970148,56.61500000000001,8.490256581822557,26.776119402985074,84213.0,False,False
409,331.35555555555555,1033.0296296296297,57.03750000000001,8.521877758618217,9.251851851851852,31326.0,False,False
410,328.6372549019608,163.4607843137255,43.095000000000006,7.407446130776911,24.686274509803923,75079.0,False,False
411,329.33812949640287,361.6978417266187,58.727500000000006,8.647206217237697,70.10071942446044,168210.0,True,True
412,327.4,532.76,42.25000000000001,7.3344645861208315,37.67,130722.0,False,False
413,325.51851851851853,1238.7407407407406,11.4075,3.8110995928427753,8.296296296296296,23053.0,False,False
414,331.09929078014187,106.7517730496454,59.572500000000005,8.709194152086374,14.326241134751774,48491.0,False,False
415,330.78612716763007,151.48554913294797,73.0925,9.646981985240508,22.485549132947977,73321.0,False,False
416,329.64473684210526,302.1578947368421,64.22000000000001,9.042535239792663,120.78947368421052,191910.0,False,False
417,332.5593220338983,371.7542372881356,49.855000000000004,7.967267881951225,82.52542372881356,177432.0,False,False
418,331.91129032258067,387.5806451612903,52.39000000000001,8.167314108608483,46.25806451612903,182316.0,False,False
419,333.3931623931624,207.15384615384616,49.432500000000005,7.933436443000028,36.05128205128205,95570.0,False,False
420,331.69642857142856,128.96428571428572,23.660000000000004,5.488610719338178,18.642857142857142,61720.0,False,False
421,333.2535211267606,90.53521126760563,29.997500000000002,6.180129710871209,14.366197183098592,42077.0,False,False
422,333.58947368421053,177.38947368421051,40.1375,7.148751795020415,22.51578947368421,80004.0,False,False
423,337.07865168539325,308.67977528089887,75.20500000000001,9.785396259825553,77.12921348314607,178692.0,False,True
424,336.43506493506493,321.40909090909093,65.06500000000001,9.101831188183693,39.05194805194805,150217.0,False,False
425,332.7142857142857,138.0,20.7025,5.134125210284583,24.367346938775512,69262.0,False,False
426,336.568,410.688,52.81250000000001,8.200180696565521,75.824,169427.0,False,False
427,343.3154574132492,245.2397476340694,133.9325,13.058642935820023,32.25552050473186,90030.0,False,False
428,339.23622047244095,429.9527559055118,53.657500000000006,8.265521814841879,43.653543307086615,157446.0,False,False
429,339.8695652173913,534.6630434782609,77.74000000000001,9.948951814523555,36.10326086956522,126309.0,False,False
430,337.0652173913044,1224.6521739130435,19.435000000000002,4.974475907261778,6.608695652173913,31185.0,False,False
431,339.88,124.22666666666667,31.687500000000004,6.351832654737959,17.466666666666665,56827.0,False,False
432,342.88839285714283,394.57589285714283,94.64000000000001,10.977221438676356,44.330357142857146,174361.0,False,False
433,342.7391304347826,289.94202898550725,58.30500000000001,8.616045012404687,96.6376811594203,169672.0,False,False
434,341.67391304347825,445.75,38.870000000000005,7.034971293747812,42.03260869565217,134256.0,False,False
435,342.5267857142857,489.88392857142856,47.32000000000001,7.762067717874401,23.982142857142858,97331.0,False,False
436,344.0576923076923,144.2596153846154,43.940000000000005,7.479715609277069,21.51923076923077,73648.0,False,False
437,347.1890756302521,272.88235294117646,100.555,11.315060866864318,21.752100840336134,129755.0,False,False
438,343.0833333333333,332.5462962962963,45.63,7.622199185685551,27.49074074074074,126594.0,False,False
439,344.5895953757225,993.1271676300578,73.0925,9.646981985240508,10.76878612716763,37253.0,False,False
440,343.8205128205128,1198.0,49.432500000000005,7.933436443000028,24.085470085470085,48097.0,False,False
441,343.5,971.2567567567568,31.265000000000004,6.309345002941657,10.45945945945946,37143.0,False,False
442,344.3814432989691,1213.4845360824743,40.9825,7.22360987610134,9.443298969072165,39885.0,False,False
443,346.6442307692308,171.71153846153845,43.940000000000005,7.479715609277069,21.932692307692307,80497.0,False,False
444,344.6,198.63,42.25000000000001,7.3344645861208315,30.98,93288.0,False,False
445,346.7701863354037,346.0869565217391,68.02250000000001,9.306392261867519,35.24844720496895,130164.0,False,False
446,347.8692810457516,361.1307189542484,64.64250000000001,9.072231658778492,38.052287581699346,153197.0,False,False
447,347.5,78.15384615384616,43.940000000000005,7.479715609277069,6.894230769230769,37736.0,False,False
448,347.76510067114094,226.8724832214765,62.95250000000001,8.952854988211321,27.543624161073826,100414.0,False,False
449,347.20183486238534,520.0825688073395,46.0525,7.6574058357851245,44.07339449541284,126462.0,False,False
450,347.2173913043478,545.4239130434783,38.870000000000005,7.034971293747812,32.119565217391305,112109.0,False,False
451,351.7651245551601,1081.779359430605,118.72250000000001,12.294803042335424,9.142348754448399,31422.0,False,False
452,348.97457627118644,317.49152542372883,49.855000000000004,7.967267881951225,40.58474576271186,129637.0,False,False
453,347.65384615384613,557.1025641025641,32.955000000000005,6.477623730716943,24.03846153846154,98314.0,False,False
454,349.904,213.72,52.81250000000001,8.200180696565521,36.568,98619.0,False,False
455,348.9432624113475,602.7021276595744,59.572500000000005,8.709194152086374,18.638297872340427,79770.0,False,False
456,351.54589371980677,435.8937198067633,87.45750000000001,10.552456940621719,29.77777777777778,136758.0,False,False
457,350.35625,457.91875,67.60000000000001,9.277445403994411,32.74375,102105.0,False,False
458,351.961038961039,472.88961038961037,65.06500000000001,9.101831188183693,29.18831168831169,91715.0,False,False
459,350.9264705882353,575.3382352941177,57.46000000000001,8.553382035223404,32.779411764705884,86847.0,False,False
460,350.6837606837607,1049.2136752136753,49.432500000000005,7.933436443000028,8.717948717948717,31595.0,False,False
461,351.44736842105266,155.71052631578948,48.165000000000006,7.831065232276457,35.09649122807018,75670.0,True,True
462,351.9684210526316,655.0315789473684,40.1375,7.148751795020415,13.83157894736842,55181.0,False,False
463,353.62666666666667,1060.9133333333334,63.37500000000001,8.982847886254723,10.98,31925.0,False,False
464,352.3378378378378,131.82432432432432,31.265000000000004,6.309345002941657,19.72972972972973,68797.0,False,False
465,354.2421875,334.5625,54.080000000000005,8.297999432349801,24.6640625,99418.0,False,False
466,353.7560975609756,697.8536585365854,34.645,6.641640160935379,17.0609756097561,52500.0,False,False
467,354.8255813953488,145.6627906976744,36.335,6.801702644040839,19.325581395348838,75634.0,False,False
468,354.4954128440367,407.1284403669725,46.0525,7.6574058357851245,35.440366972477065,144852.0,False,False
469,357.3805309734513,482.27433628318585,47.74250000000001,7.796642800880295,27.920353982300885,91713.0,False,False
470,356.3375796178344,495.4649681528662,66.33250000000001,9.190057785517194,32.01273885350319,106894.0,False,False
471,355.9357798165138,552.6330275229358,46.0525,7.6574058357851245,26.339449541284402,102860.0,False,False
472,358.17123287671234,609.8493150684932,61.68500000000001,8.86226727857993,25.198630136986303,85641.0,False,False
473,357.0537634408602,194.90322580645162,39.292500000000004,7.073101498742004,35.39784946236559,87701.0,False,False
474,357.4273504273504,529.034188034188,49.432500000000005,7.933436443000028,73.06837606837607,118963.0,False,False
475,359.5344827586207,97.62068965517241,49.010000000000005,7.8994601136704485,11.836206896551724,39936.0,False,False
476,358.13461538461536,266.03846153846155,43.940000000000005,7.479715609277069,24.634615384615383,94614.0,False,False
477,358.5047619047619,423.2,44.362500000000004,7.51558975086544,40.96190476190476,131867.0,False,False
478,359.5221238938053,224.9646017699115,47.74250000000001,7.796642800880295,28.920353982300885,92784.0,False,False
479,358.9895833333333,347.8645833333333,40.56,7.186278309003779,32.395833333333336,105321.0,False,False
480,360.07575757575756,444.9166666666667,55.77,8.426658258757147,30.015151515151516,112648.0,False,False
481,357.962962962963,168.88888888888889,11.4075,3.8110995928427753,19.85185185185185,78874.0,False,False
482,364.9227642276423,1006.939024390244,103.93500000000002,11.50365820433001,11.589430894308943,38536.0,False,False
483,358.78125,1140.375,40.56,7.186278309003779,13.416666666666666,45091.0,False,False
484,358.1636363636364,1204.3090909090909,23.2375,5.439384516724603,14.945454545454545,46156.0,False,False
485,362.2808219178082,368.8150684931507,61.68500000000001,8.86226727857993,32.9041095890411,123938.0,False,False
486,362.8212290502793,384.9329608938547,75.62750000000001,9.812844830601293,33.58100558659218,124459.0,False,False
487,361.1775700934579,540.2803738317757,45.2075,7.586829161027343,30.19626168224299,114337.0,False,False
488,362.34722222222223,992.2152777777778,60.84,8.801357503344999,15.729166666666666,40608.0,False,False
489,362.30337078651684,397.0112359550562,37.602500000000006,6.919320051920128,31.235955056179776,130792.0,False,False
490,366.6806282722513,417.0104712041885,80.6975,10.136431727253225,44.910994764397905,119412.0,False,False
491,362.6578947368421,315.7236842105263,32.11000000000001,6.394037987175715,16.82894736842105,94206.0,False,False
492,362.6034482758621,1178.7931034482758,24.505000000000003,5.58576181408903,24.53448275862069,48162.0,False,True
493,363.625,1194.375,37.18000000000001,6.880337656921596,15.295454545454545,48186.0,False,False
494,367.53614457831327,284.078313253012,70.135,9.449796583524995,31.10843373493976,90566.0,False,False
495,367.2700729927007,489.2919708029197,57.88250000000001,8.584770698634475,26.8978102189781,99460.0,False,False
496,370.1780104712042,1117.130890052356,80.6975,10.136431727253225,14.020942408376964,46489.0,False,False
497,367.2358490566038,124.55660377358491,44.785000000000004,7.5512934660867375,19.066037735849058,62200.0,False,False
498,366.219512195122,206.1219512195122,34.645,6.641640160935379,46.78048780487805,86633.0,True,True
499,371.26666666666665,468.44102564102565,82.3875,10.24202240731137,26.353846153846153,95379.0,False,False
500,367.2772277227723,594.1782178217821,42.67250000000001,7.371045683803026,21.22772277227723,92267.0,False,False
501,367.29545454545456,655.5795454545455,37.18000000000001,6.880337656921596,21.53409090909091,62543.0,False,False
502,367.48,676.38,42.25000000000001,7.3344645861208315,17.72,61192.0,False,False
503,375.6217008797654,1036.0205278592375,144.07250000000002,13.543958221615155,8.882697947214076,33496.0,False,False
504,369.6296296296296,1055.4285714285713,79.8525,10.0832217443615,10.783068783068783,32277.0,False,False
505,373.07456140350877,242.32456140350877,96.33000000000001,11.074798659313778,19.855263157894736,74507.0,False,False
506,368.82758620689657,256.0689655172414,61.2625,8.831864899857669,18.724137931034484,74256.0,False,False
507,368.4516129032258,335.97849462365593,39.292500000000004,7.073101498742004,19.634408602150536,78743.0,False,True
508,368.4824561403509,556.1754385964912,48.165000000000006,7.831065232276457,26.763157894736842,96607.0,False,False
509,368.43939393939394,116.42424242424242,27.885,5.958547197508803,15.757575757575758,56737.0,False,False
510,368.9191919191919,350.7676767676768,41.82750000000001,7.297700121093632,26.92929292929293,87665.0,False,False
511,372.45197740112997,406.03389830508473,74.78250000000001,9.75787047742269,36.0225988700565,107721.0,False,False
512,369.38524590163934,442.5245901639344,51.545,8.101180922147954,36.385245901639344,113784.0,False,False
513,371.8050847457627,457.96610169491527,49.855000000000004,7.967267881951225,26.35593220338983,98869.0,False,False
514,371.8857142857143,547.1619047619048,44.362500000000004,7.51558975086544,23.99047619047619,109152.0,False,False
515,371.97350993377484,1129.708609271523,63.79750000000001,9.01274097349089,13.688741721854305,49408.0,False,False
516,370.3333333333333,108.98333333333333,25.35,5.681251839078812,15.883333333333333,50680.0,False,False
517,368.9130434782609,169.52173913043478,19.435000000000002,4.974475907261778,22.02173913043478,75196.0,False,False
518,372.3125,272.5546875,54.080000000000005,8.297999432349801,21.7890625,79902.0,False,False
519,371.9207920792079,628.3762376237623,42.67250000000001,7.371045683803026,41.07920792079208,86074.0,False,True
520,373.93700787401576,1020.4330708661417,53.657500000000006,8.265521814841879,12.73228346456693,36547.0,False,False
521,371.3058823529412,156.88235294117646,35.9125,6.762042232218129,24.870588235294118,74916.0,False,False
522,373.0,313.95238095238096,26.617500000000003,5.8215507884058,20.063492063492063,75514.0,False,False
523,372.26153846153846,1215.8,27.462500000000002,5.913234393907399,9.046153846153846,34721.0,False,False
524,376.2378854625551,227.37885462555067,95.90750000000001,11.050485131282139,24.207048458149778,77913.0,False,False
525,373.8085106382979,362.28723404255317,39.715,7.1110272478142695,26.97872340425532,91335.0,False,False
526,375.9761904761905,430.82142857142856,70.98,9.506552628860888,26.160714285714285,116089.0,False,False
527,375.07284768211923,569.6953642384105,63.79750000000001,9.01274097349089,25.33112582781457,92446.0,False,False
528,376.9921875,1085.51171875,108.16000000000001,11.735143337793332,11.078125,35162.0,False,False
529,372.92452830188677,196.35849056603774,22.392500000000002,5.3395708165996005,23.150943396226417,78396.0,False,False
530,375.1219512195122,341.4268292682927,34.645,6.641640160935379,27.951219512195124,76645.0,False,False
531,374.1578947368421,670.3684210526316,24.082500000000003,5.537399329656889,21.842105263157894,65252.0,False,False
532,374.3541666666667,9.0,20.28,5.081466123790367,14.895833333333334,26731.0,False,False
533,376.05333333333334,641.4666666666667,31.687500000000004,6.351832654737959,22.293333333333333,76465.0,False,False
534,375.90697674418607,1200.906976744186,36.335,6.801702644040839,10.965116279069768,39882.0,False,False
535,378.9620253164557,355.0379746835443,33.377500000000005,6.519014718835807,24.531645569620252,79785.0,False,False
536,376.82142857142856,55.357142857142854,11.830000000000002,3.8810338589372004,8.178571428571429,34425.0,False,False
537,382.53374233128835,1001.0858895705521,68.8675,9.364017532397558,12.736196319018404,53084.0,False,False
538,379.359375,376.34375,27.040000000000003,5.867571668896666,24.734375,87218.0,False,False
539,378.3137254901961,684.8823529411765,21.547500000000003,5.237855390346407,17.607843137254903,69719.0,False,False
540,381.48837209302326,133.04651162790697,54.502500000000005,8.33035043001963,37.372093023255815,64232.0,True,False
541,379.1714285714286,201.68571428571428,14.787500000000001,4.339127765780955,21.37142857142857,76407.0,False,False
542,384.2638036809816,283.8834355828221,68.8675,9.364017532397558,25.11042944785276,68176.0,False,False
543,381.0808080808081,303.65656565656565,41.82750000000001,7.297700121093632,16.181818181818183,66874.0,False,False
544,385.35978835978835,414.36507936507934,79.8525,10.0832217443615,45.148148148148145,103187.0,False,True
545,380.2118644067797,714.042372881356,49.855000000000004,7.967267881951225,24.889830508474578,79159.0,False,False
546,382.9935483870968,1181.3677419354838,65.48750000000001,9.131334770220834,8.90967741935484,39486.0,False,False
547,380.84,559.52,31.687500000000004,6.351832654737959,30.36,97852.0,False,False
548,384.1161616161616,1065.0555555555557,83.65500000000002,10.320506485382394,9.51010101010101,33844.0,False,False
549,382.125,330.8888888888889,30.42,6.223499574262349,17.166666666666668,69068.0,False,False
550,385.2647058823529,393.6078431372549,86.19000000000001,10.475710780692815,26.245098039215687,90027.0,False,False
551,381.1311475409836,526.0,25.7725,5.728399965669906,37.83606557377049,133297.0,False,False
552,384.1578947368421,173.03157894736842,40.1375,7.148751795020415,19.652631578947368,62781.0,False,False
553,383.45,311.93333333333334,25.35,5.681251839078812,18.683333333333334,63488.0,False,False
554,386.44274809160305,361.60305343511453,55.347500000000004,8.394678415652944,19.49618320610687,74780.0,False,False
555,386.51145038167937,492.6564885496183,55.347500000000004,8.394678415652944,30.427480916030536,106586.0,False,False
556,386.1981132075472,116.71698113207547,44.785000000000004,7.5512934660867375,19.40566037735849,56605.0,False,False
557,387.92424242424244,255.2348484848485,55.77,8.426658258757147,17.78787878787879,62479.0,False,False
558,388.4173913043478,318.37391304347824,48.587500000000006,7.8653370162898755,19.991304347826087,63817.0,False,False
559,388.3601895734597,452.97630331753555,89.14750000000001,10.653925206902757,47.71563981042654,100126.0,False,False
560,387.9871794871795,1134.025641025641,65.91000000000001,9.160743331929707,13.717948717948717,52660.0,False,False
561,385.53521126760563,1229.056338028169,29.997500000000002,6.180129710871209,8.816901408450704,30816.0,False,False
562,388.1219512195122,336.7317073170732,34.645,6.641640160935379,20.9390243902439,72365.0,False,False
563,387.2413793103448,345.12068965517244,24.505000000000003,5.58576181408903,28.586206896551722,74544.0,False,False
564,389.1111111111111,1250.094017094017,49.432500000000005,7.933436443000028,8.538461538461538,21455.0,False,False
565,390.078431372549,102.13725490196079,43.095000000000006,7.407446130776911,13.294117647058824,45983.0,False,False
566,387.5192307692308,194.25,21.970000000000002,5.288957628666685,18.673076923076923,65866.0,False,False
567,387.7413793103448,352.44827586206895,24.505000000000003,5.58576181408903,27.551724137931036,73805.0,False,False
568,389.3536585365854,370.0243902439024,34.645,6.641640160935379,20.853658536585368,73860.0,False,False
569,388.74766355140184,508.4766355140187,45.2075,7.586829161027343,29.757009345794394,124606.0,False,False
570,392.77669902912623,225.4368932038835,43.517500000000005,7.443668577254932,20.62135922330097,62147.0,False,False
571,391.741935483871,1103.8645161290322,65.48750000000001,9.131334770220834,11.451612903225806,52491.0,False,False
572,390.5083333333333,1120.1,50.7,8.034503402082343,33.675,55390.0,False,True
573,392.05737704918033,435.89344262295083,51.545,8.101180922147954,55.377049180327866,107139.0,False,True
574,393.33035714285717,485.1875,47.32000000000001,7.762067717874401,27.928571428571427,98446.0,False,False
575,391.4186046511628,643.0,36.335,6.801702644040839,22.011627906976745,78985.0,False,False
576,393.0952380952381,425.4190476190476,44.362500000000004,7.51558975086544,44.352380952380955,104727.0,False,False
577,394.95762711864404,462.6186440677966,49.855000000000004,7.967267881951225,32.23728813559322,96979.0,False,False
578,392.7217391304348,516.8086956521739,48.587500000000006,7.8653370162898755,54.469565217391306,131645.0,False,False
579,394.0,1090.5892857142858,70.98,9.506552628860888,10.321428571428571,43055.0,False,False
580,393.0761904761905,1211.7714285714285,44.362500000000004,7.51558975086544,10.038095238095238,33301.0,False,False
581,394.34166666666664,559.5833333333334,50.7,8.034503402082343,36.69166666666667,115073.0,False,False
582,395.7368421052632,217.74561403508773,48.165000000000006,7.831065232276457,19.412280701754387,60555.0,False,False
583,395.38461538461536,674.4076923076923,54.925000000000004,8.362576277354894,22.26923076923077,78480.0,False,False
584,393.60227272727275,1178.3636363636363,37.18000000000001,6.880337656921596,9.818181818181818,36930.0,False,False
585,394.72857142857146,1058.7,29.575000000000003,6.136453335237093,11.857142857142858,35721.0,False,False
586,395.7196261682243,349.8317757009346,45.2075,7.586829161027343,28.682242990654206,71094.0,False,False
587,398.537037037037,386.93055555555554,91.26,10.779417463505668,17.84259259259259,74936.0,False,False
588,395.928,584.264,52.81250000000001,8.200180696565521,39.408,139413.0,False,False
589,398.66442953020135,474.48322147651004,62.95250000000001,8.952854988211321,26.248322147651006,94358.0,False,False
590,399.22424242424245,1155.6545454545455,69.7125,9.421290344870497,10.806060606060607,40151.0,False,False
591,396.04597701149424,1187.8735632183907,36.7575,6.8411331346205175,9.793103448275861,36761.0,False,False
592,397.6219512195122,657.3658536585366,34.645,6.641640160935379,30.658536585365855,72893.0,False,False
593,398.8918918918919,197.25225225225225,46.89750000000001,7.727337934192946,12.477477477477477,56517.0,False,False
594,399.13157894736844,308.4736842105263,48.165000000000006,7.831065232276457,14.447368421052632,60059.0,False,False
595,399.43055555555554,526.6805555555555,60.84,8.801357503344999,41.93055555555556,135253.0,False,False
596,401.1963190184049,1045.5092024539877,68.8675,9.364017532397558,11.723926380368098,37006.0,False,False
597,400.984,1137.784,52.81250000000001,8.200180696565521,15.288,53333.0,False,False
598,401.22641509433964,102.55660377358491,44.785000000000004,7.5512934660867375,17.9811320754717,47526.0,False,False
599,398.7843137254902,155.31372549019608,21.547500000000003,5.237855390346407,13.549019607843137,60005.0,False,False
600,400.0,210.83050847457628,24.927500000000002,5.633709146857493,16.1864406779661,56650.0,False,False
601,399.80555555555554,450.02777777777777,45.63,7.622199185685551,38.583333333333336,95515.0,False,False
602,400.3076923076923,621.5673076923077,43.940000000000005,7.479715609277069,27.528846153846153,106581.0,False,False
603,402.57037037037037,237.6888888888889,57.03750000000001,8.521877758618217,17.451851851851853,58677.0,False,False
604,400.68932038834953,502.9611650485437,43.517500000000005,7.443668577254932,45.0,117757.0,False,False
605,398.88524590163934,1072.7704918032787,25.7725,5.728399965669906,13.229508196721312,37068.0,False,False
606,401.7307692307692,325.9871794871795,32.955000000000005,6.477623730716943,19.03846153846154,66674.0,False,False
607,404.9130434782609,1116.2956521739131,48.587500000000006,7.8653370162898755,31.921739130434784,56314.0,False,False
608,405.7225806451613,1126.4451612903226,65.48750000000001,9.131334770220834,34.94838709677419,55848.0,True,True
609,404.84033613445376,187.9075630252101,50.2775,8.000956268498294,13.478991596638656,53171.0,False,True
610,403.06493506493507,433.7922077922078,32.532500000000006,6.4359665543799,28.25974025974026,95761.0,False,False
611,403.4166666666667,492.0208333333333,40.56,7.186278309003779,33.364583333333336,107933.0,False,False
612,406.0135135135135,637.3783783783783,62.53000000000001,8.922761272851007,22.155405405405407,79298.0,False,False
613,406.89256198347107,1145.495867768595,51.1225,8.067911044732915,11.669421487603305,48567.0,False,False
614,407.32,655.432,52.81250000000001,8.200180696565521,21.984,74205.0,False,False
615,406.85074626865674,680.1716417910447,56.61500000000001,8.490256581822557,27.492537313432837,78619.0,False,False
616,408.28682170542635,1026.8682170542636,54.502500000000005,8.33035043001963,12.310077519379846,44226.0,False,False
617,411.11555555555555,1059.7866666666666,95.06250000000001,11.001696879181248,11.88888888888889,40177.0,False,False
618,408.33673469387753,536.5612244897959,41.405,7.260749503306075,59.3469387755102,147511.0,False,False
619,411.41954022988506,991.5,73.515,9.6748232609803,46.92528735632184,106396.0,True,True
620,410.82474226804123,250.68041237113403,40.9825,7.22360987610134,16.31958762886598,62578.0,False,False
621,409.672131147541,117.24590163934427,25.7725,5.728399965669906,16.0,56632.0,False,False
622,411.94505494505495,475.65384615384613,76.89500000000001,9.894733689817546,24.313186813186814,85272.0,False,False
623,412.21768707482994,1010.2517006802722,62.10750000000001,8.892565716633143,13.26530612244898,72343.0,False,False
624,412.2769230769231,242.3846153846154,27.462500000000002,5.913234393907399,18.676923076923078,61849.0,False,False
625,412.60714285714283,427.29464285714283,47.32000000000001,7.762067717874401,19.714285714285715,90289.0,False,False
626,415.3015873015873,1095.1666666666667,53.23500000000001,8.232916079007266,13.182539682539682,47558.0,False,False
627,415.0576923076923,1105.951923076923,43.940000000000005,7.479715609277069,18.673076923076923,53885.0,False,False
628,413.4871794871795,265.2307692307692,16.477500000000003,4.5803716659648535,17.0,62400.0,False,False
629,416.6804733727811,645.1065088757397,71.4025,9.534803961957083,22.62130177514793,74054.0,False,False
630,417.0719424460432,1044.31654676259,58.727500000000006,8.647206217237697,12.007194244604317,43944.0,False,False
631,420.7133105802048,667.4641638225256,123.79250000000002,12.554581089850336,23.2901023890785,74362.0,False,False
632,419.38235294117646,1071.6617647058824,57.46000000000001,8.553382035223404,15.580882352941176,41418.0,False,False
633,419.1397058823529,1173.4191176470588,57.46000000000001,8.553382035223404,15.029411764705882,37778.0,False,False
634,417.2325581395349,227.1627906976744,18.1675,4.809530063215748,14.767441860465116,58729.0,False,False
635,417.92105263157896,516.5921052631579,32.11000000000001,6.394037987175715,45.421052631578945,138792.0,False,False
636,421.13709677419354,1015.3225806451613,52.39000000000001,8.167314108608483,17.096774193548388,67442.0,False,False
637,423.0993377483444,1158.6490066225165,63.79750000000001,9.01274097349089,9.344370860927153,38186.0,False,False
638,423.43065693430657,428.37226277372264,57.88250000000001,8.584770698634475,15.897810218978103,81678.0,False,False
639,424.26119402985074,444.0223880597015,56.61500000000001,8.490256581822557,18.634328358208954,74072.0,False,False
640,423.5609756097561,633.170731707317,51.96750000000001,8.134314724734013,29.67479674796748,76326.0,False,False
641,422.3469387755102,139.18367346938774,20.7025,5.134125210284583,19.040816326530614,65490.0,False,False
642,426.1917808219178,1108.486301369863,61.68500000000001,8.86226727857993,14.938356164383562,50124.0,False,False
643,426.28,240.30666666666667,31.687500000000004,6.351832654737959,16.413333333333334,62710.0,False,False
644,424.8837209302326,249.11627906976744,18.1675,4.809530063215748,23.86046511627907,62766.0,False,False
645,427.7769784172662,456.2014388489209,58.727500000000006,8.647206217237697,18.892086330935253,70981.0,False,False
646,429.2638888888889,199.44444444444446,30.42,6.223499574262349,17.26388888888889,54273.0,False,False
647,428.92792792792795,486.2882882882883,46.89750000000001,7.727337934192946,23.594594594594593,80171.0,False,False
648,432.75757575757575,685.2900432900433,97.59750000000001,11.147421067999991,19.025974025974026,70228.0,False,False
649,431.81720430107526,170.36559139784947,39.292500000000004,7.073101498742004,17.548387096774192,55709.0,False,False
650,430.6842105263158,1153.017543859649,24.082500000000003,5.537399329656889,9.701754385964913,38391.0,False,False
651,438.0513833992095,644.1936758893281,106.89250000000001,11.666180096141298,21.50197628458498,68262.0,False,False
652,436.1937984496124,474.6046511627907,54.502500000000005,8.33035043001963,23.705426356589147,70284.0,False,False
653,440.2140221402214,660.350553505535,114.49750000000002,12.074052541434225,24.365313653136532,65076.0,False,False
654,434.64102564102564,221.48717948717947,16.477500000000003,4.5803716659648535,18.743589743589745,59857.0,False,False
655,440.421875,490.1484375,54.080000000000005,8.297999432349801,16.640625,73287.0,False,False
656,439.908256880734,198.045871559633,46.0525,7.6574058357851245,14.669724770642201,58018.0,False,False
657,441.7207792207792,984.8636363636364,65.06500000000001,9.101831188183693,35.324675324675326,149394.0,False,False
658,440.8712871287129,1016.6336633663366,42.67250000000001,7.371045683803026,31.455445544554454,84551.0,False,False
659,443.9382716049383,1061.7962962962963,68.44500000000001,9.335249361393526,18.469135802469136,56950.0,False,False
660,445.6079295154185,1072.9955947136564,95.90750000000001,11.050485131282139,13.422907488986784,51643.0,False,False
661,441.9259259259259,218.71604938271605,34.222500000000004,6.601018127508749,19.160493827160494,59907.0,False,False
662,443.09638554216866,1182.0,35.0675,6.682015245043993,13.506024096385541,40088.0,False,False
663,443.8867924528302,430.0,67.17750000000001,9.24840794496255,22.57861635220126,72585.0,False,False
664,445.962962962963,1037.5555555555557,45.63,7.622199185685551,15.027777777777779,91623.0,False,False
665,448.0855263157895,673.1447368421053,64.22000000000001,9.042535239792663,21.55263157894737,62907.0,False,False
666,448.32236842105266,996.3421052631579,64.22000000000001,9.042535239792663,33.171052631578945,137484.0,False,False
667,450.33112582781456,445.43046357615896,63.79750000000001,9.01274097349089,20.874172185430464,68243.0,False,False
668,451.39910313901345,1092.4484304932735,94.21750000000002,10.952691304245054,13.076233183856502,43767.0,False,False
669,449.14285714285717,1108.4395604395604,38.447500000000005,6.996633290104976,13.747252747252746,41611.0,False,False
670,449.75,1163.6818181818182,37.18000000000001,6.880337656921596,11.988636363636363,38014.0,False,False
671,454.2056074766355,1044.822429906542,90.415,10.72939669493256,28.83644859813084,107166.0,False,False
672,450.0289855072464,524.1014492753624,29.152500000000003,6.092463855279885,17.27536231884058,97607.0,False,False
673,451.17977528089887,543.0898876404494,37.602500000000006,6.919320051920128,26.415730337078653,100891.0,False,False
674,455.40909090909093,1135.310606060606,55.77,8.426658258757147,14.106060606060606,39807.0,False,False
675,451.5,146.8372093023256,36.335,6.801702644040839,17.976744186046513,93846.0,False,False
676,450.9166666666667,1150.4027777777778,30.42,6.223499574262349,12.055555555555555,38546.0,False,False
677,452.06060606060606,532.2575757575758,27.885,5.958547197508803,22.0,95877.0,False,False
678,456.4173913043478,641.1521739130435,97.17500000000001,11.123266281072276,16.630434782608695,62086.0,False,False
679,456.013698630137,204.3904109589041,61.68500000000001,8.86226727857993,18.71232876712329,66314.0,False,False
680,455.85897435897436,1176.1025641025642,65.91000000000001,9.160743331929707,11.397435897435898,40761.0,False,False
681,455.3809523809524,1022.1142857142858,44.362500000000004,7.51558975086544,35.60952380952381,122014.0,False,False
682,454.625,872.5,23.660000000000004,5.488610719338178,34.785714285714285,139777.0,False,False
683,456.8411214953271,171.44859813084113,45.2075,7.586829161027343,21.205607476635514,66858.0,False,False
684,461.26666666666665,1057.0311111111112,95.06250000000001,11.001696879181248,26.27111111111111,99523.0,False,False
685,461.2455357142857,679.4330357142857,94.64000000000001,10.977221438676356,20.46875,62374.0,False,False
686,460.43870967741935,985.3870967741935,65.48750000000001,9.131334770220834,92.15483870967742,149703.0,True,True
687,462.68695652173915,468.67826086956524,48.587500000000006,7.8653370162898755,15.582608695652175,67565.0,False,False
688,462.0751879699248,659.827067669173,56.1925,8.458517193783473,19.097744360902254,57765.0,False,False
689,463.32374100719426,517.4676258992806,58.727500000000006,8.647206217237697,15.309352517985612,65832.0,False,False
690,463.0973451327434,488.2654867256637,47.74250000000001,7.796642800880295,18.31858407079646,61850.0,False,False
691,468.29133858267716,1028.724409448819,107.31500000000001,11.689213050640065,74.74015748031496,146620.0,False,True
692,464.6875,441.09375,54.080000000000005,8.297999432349801,17.640625,72641.0,False,False
693,467.6446700507614,998.8274111675127,83.2325,10.294411610537507,36.15736040609137,150263.0,False,False
694,466.16483516483515,1093.901098901099,38.447500000000005,6.996633290104976,16.681318681318682,45992.0,False,False
695,467.86407766990294,189.71844660194174,43.517500000000005,7.443668577254932,18.97087378640777,75230.0,False,True
696,468.4578313253012,1106.2168674698796,70.135,9.449796583524995,12.506024096385541,42725.0,False,False
697,475.072,1041.496,158.43750000000003,14.20312959769703,92.30666666666667,140013.0,True,True
698,470.9646464646465,644.7727272727273,83.65500000000002,10.320506485382394,16.085858585858585,54441.0,False,False
699,468.8611111111111,395.3888888888889,15.21,4.4006787516724994,27.36111111111111,68901.0,False,False
700,469.98823529411766,547.6470588235294,35.9125,6.762042232218129,14.411764705882353,71618.0,False,False
701,470.4054054054054,1062.8648648648648,31.265000000000004,6.309345002941657,22.513513513513512,97059.0,False,False
702,471.06944444444446,168.26388888888889,30.42,6.223499574262349,27.40277777777778,74826.0,False,False
703,472.2826086956522,678.8405797101449,58.30500000000001,8.616045012404687,22.036231884057973,60450.0,False,False
704,476.07361963190186,691.7975460122699,68.8675,9.364017532397558,25.67484662576687,66206.0,False,True
705,474.3285714285714,499.87142857142857,29.575000000000003,6.136453335237093,18.12857142857143,58801.0,False,False
706,475.39,528.24,42.25000000000001,7.3344645861208315,18.0,61535.0,False,False
707,476.43949044585986,1163.4777070063694,66.33250000000001,9.190057785517194,12.80891719745223,42928.0,False,False
708,475.38461538461536,1080.6703296703297,38.447500000000005,6.996633290104976,19.34065934065934,60755.0,False,False
709,475.6025641025641,1187.423076923077,32.955000000000005,6.477623730716943,16.243589743589745,44543.0,False,False
710,476.5810810810811,486.63513513513516,31.265000000000004,6.309345002941657,24.33783783783784,63113.0,False,False
711,480.73873873873873,828.7927927927927,46.89750000000001,7.727337934192946,76.02702702702703,173775.0,False,False
712,482.7111111111111,1006.5777777777778,76.05000000000001,9.840216835878625,39.88333333333333,160811.0,False,False
713,482.21374045801525,1140.6412213740457,55.347500000000004,8.394678415652944,16.282442748091604,44337.0,False,False
714,482.68333333333334,362.46666666666664,25.35,5.681251839078812,16.3,58071.0,False,False
715,484.42857142857144,1080.126984126984,53.23500000000001,8.232916079007266,18.436507936507937,63854.0,False,False
716,486.2132352941176,992.1985294117648,57.46000000000001,8.553382035223404,35.81617647058823,152953.0,False,False
717,487.70642201834863,1056.0642201834862,46.0525,7.6574058357851245,28.339449541284402,122187.0,False,False
718,489.2429378531073,1066.9774011299435,74.78250000000001,9.75787047742269,28.853107344632768,88404.0,False,False
719,488.67021276595744,1121.5425531914893,39.715,7.1110272478142695,14.170212765957446,48152.0,False,False
720,486.7361111111111,1182.0833333333333,30.42,6.223499574262349,13.86111111111111,45670.0,False,False
721,485.77777777777777,1216.7777777777778,11.4075,3.8110995928427753,11.407407407407407,43497.0,False,False
722,492.8793774319066,786.5369649805448,108.58250000000001,11.758041200225733,21.688715953307394,83045.0,False,False
723,488.3979591836735,1095.204081632653,41.405,7.260749503306075,14.040816326530612,55627.0,False,False
724,492.85353535353534,1107.540404040404,83.65500000000002,10.320506485382394,14.93939393939394,52343.0,False,False
725,491.07438016528926,1132.603305785124,51.1225,8.067911044732915,12.190082644628099,52747.0,False,False
726,490.9382716049383,1046.111111111111,34.222500000000004,6.601018127508749,27.77777777777778,143278.0,False,False
727,493.8529411764706,1152.7867647058824,57.46000000000001,8.553382035223404,11.330882352941176,50311.0,False,False
728,495.7958115183246,855.958115183246,80.6975,10.136431727253225,74.63874345549738,211251.0,False,False
729,497.449494949495,822.6818181818181,83.65500000000002,10.320506485382394,27.838383838383837,134458.0,False,False
730,495.24528301886795,1020.0471698113207,44.785000000000004,7.5512934660867375,59.405660377358494,155040.0,False,False
731,496.8426966292135,1085.7865168539327,37.602500000000006,6.919320051920128,22.292134831460675,63094.0,False,False
732,494.3692307692308,371.5692307692308,27.462500000000002,5.913234393907399,19.215384615384615,67799.0,False,False
733,501.0131578947368,811.078947368421,64.22000000000001,9.042535239792663,19.86842105263158,95037.0,False,False
734,499.83561643835617,1040.849315068493,61.68500000000001,8.86226727857993,34.205479452054796,145648.0,False,False
735,502.9233870967742,1061.149193548387,104.78000000000002,11.550326380555243,22.951612903225808,98041.0,False,False
736,501.8264462809917,894.0661157024794,51.1225,8.067911044732915,36.247933884297524,197373.0,False,False
737,508.2990353697749,1034.6591639871383,131.3975,12.93446918428965,41.530546623794216,139052.0,False,False
738,505.7,1104.8642857142856,59.150000000000006,8.67825553156191,20.014285714285716,63456.0,False,False
739,506.744966442953,1144.1342281879195,62.95250000000001,8.952854988211321,17.71812080536913,88203.0,False,False
740,509.12432432432433,1089.5513513513513,78.16250000000001,9.9759503765487,23.481081081081083,67669.0,False,False
741,506.60869565217394,346.2826086956522,19.435000000000002,4.974475907261778,18.608695652173914,61921.0,False,False
742,506.9259259259259,1201.111111111111,22.815,5.389708731752834,11.407407407407407,55308.0,False,False
743,508.22535211267603,394.76056338028167,29.997500000000002,6.180129710871209,36.11267605633803,84035.0,False,False
744,514.9074889867842,1130.0969162995596,95.90750000000001,11.050485131282139,43.629955947136565,102951.0,False,False
745,513.8645161290323,813.3032258064516,65.48750000000001,9.131334770220834,19.193548387096776,72653.0,False,False
746,510.94117647058823,895.2941176470588,28.730000000000004,6.048154439185661,51.044117647058826,187726.0,False,False
747,511.46774193548384,413.2741935483871,26.195000000000004,5.775163190277621,21.693548387096776,75374.0,False,True
748,514.4718309859155,778.9014084507043,59.995000000000005,8.740023254338977,17.97887323943662,72270.0,False,False
749,513.6521739130435,1116.4130434782608,58.30500000000001,8.616045012404687,21.217391304347824,96846.0,False,False
750,513.25,75.4375,27.040000000000003,5.867571668896666,16.65625,61281.0,False,False
751,517.8711340206186,1076.8659793814434,81.965,10.215727056074748,21.438144329896907,84692.0,False,False
752,516.4142857142857,831.3285714285714,29.575000000000003,6.136453335237093,26.728571428571428,94201.0,False,False
753,520.9432989690722,1026.1237113402062,81.965,10.215727056074748,45.45876288659794,127078.0,False,False
754,519.1166666666667,1181.0833333333333,50.7,8.034503402082343,18.816666666666666,65062.0,False,False
755,519.5572519083969,791.8778625954199,55.347500000000004,8.394678415652944,16.282442748091604,61421.0,False,False
756,523.2311557788945,987.8442211055276,84.07750000000001,10.346535546861599,38.77386934673367,111663.0,False,False
757,522.9018404907976,1016.0552147239264,68.8675,9.364017532397558,35.50920245398773,126596.0,False,False
758,519.0857142857143,84.54285714285714,14.787500000000001,4.339127765780955,16.34285714285714,55696.0,False,False
759,520.435294117647,1229.9764705882353,35.9125,6.762042232218129,13.188235294117646,53418.0,False,False
760,525.0263157894736,1043.6315789473683,80.275,10.109861742556879,52.752631578947366,117025.0,False,False
761,522.6184210526316,1102.532894736842,64.22000000000001,9.042535239792663,22.45394736842105,89827.0,False,False
762,520.1578947368421,1208.9473684210527,16.055000000000003,4.5212676198963315,23.55263157894737,64184.0,False,False
763,523.3255813953489,65.34883720930233,18.1675,4.809530063215748,19.13953488372093,54520.0,False,False
764,525.0947368421052,1162.2105263157894,40.1375,7.148751795020415,20.063157894736843,94190.0,False,False
765,525.0816326530612,415.61224489795916,20.7025,5.134125210284583,14.693877551020408,81524.0,False,True
766,528.3622047244095,828.2283464566929,53.657500000000006,8.265521814841879,17.015748031496063,65530.0,False,False
767,530.1542553191489,851.6436170212766,79.43,10.056511176263564,16.079787234042552,82549.0,False,False
768,529.6475409836065,1066.811475409836,51.545,8.101180922147954,40.10655737704918,102647.0,False,False
769,530.8444444444444,1137.4277777777777,76.05000000000001,9.840216835878625,123.40555555555555,120954.0,True,True
770,531.3176470588236,1078.1705882352942,71.825,9.562971834142516,26.58823529411765,97022.0,False,False
771,528.3265306122449,1121.0408163265306,41.405,7.260749503306075,39.56122448979592,123363.0,False,False
772,531.8723404255319,1179.723404255319,39.715,7.1110272478142695,23.02127659574468,77341.0,False,False
773,529.8285714285714,1221.2857142857142,14.787500000000001,4.339127765780955,16.142857142857142,64524.0,False,False
774,533.6666666666666,814.8695652173913,58.30500000000001,8.616045012404687,16.27536231884058,59009.0,False,False
775,537.1138613861386,1058.7871287128712,85.34500000000001,10.424232774905905,34.945544554455445,113586.0,False,False
776,537.7747252747253,1029.978021978022,76.89500000000001,9.894733689817546,40.56043956043956,117644.0,False,False
777,536.98125,1124.0625,67.60000000000001,9.277445403994411,43.63125,132702.0,False,False
778,536.0178571428571,1171.982142857143,47.32000000000001,7.762067717874401,17.892857142857142,86000.0,False,False
779,534.6626506024096,798.2409638554217,35.0675,6.682015245043993,16.783132530120483,59451.0,False,False
780,536.8013245033112,869.0860927152318,63.79750000000001,9.01274097349089,23.76158940397351,106779.0,False,False
781,536.9545454545455,1110.371212121212,55.77,8.426658258757147,35.878787878787875,125276.0,False,False
782,536.8589743589744,1041.3589743589744,32.955000000000005,6.477623730716943,46.82051282051282,117841.0,False,False
783,539.6706586826348,992.7784431137725,70.5575,9.47821708854842,32.26946107784431,103072.0,False,False
784,536.6981132075472,1229.4528301886792,22.392500000000002,5.3395708165996005,19.150943396226417,62107.0,False,False
785,537.1388888888889,404.6111111111111,15.21,4.4006787516724994,26.0,96313.0,False,False
786,541.6423357664233,1018.1459854014598,57.88250000000001,8.584770698634475,30.547445255474454,111180.0,False,False
787,538.8285714285714,1087.1714285714286,29.575000000000003,6.136453335237093,31.12857142857143,106592.0,False,False
788,538.9873417721519,1158.5696202531647,33.377500000000005,6.519014718835807,22.848101265822784,107863.0,False,False
789,540.4426229508197,1184.1639344262296,25.7725,5.728399965669906,23.672131147540984,84342.0,False,False
790,542.5229357798165,1006.8990825688073,46.0525,7.6574058357851245,42.20183486238532,104096.0,False,False
791,542.3981481481482,800.6481481481482,45.63,7.622199185685551,16.074074074074073,59911.0,False,False
792,543.7916666666666,846.3611111111111,60.84,8.801357503344999,15.26388888888889,60994.0,False,False
793,544.0555555555555,1095.361111111111,45.63,7.622199185685551,31.75,120548.0,False,False
794,543.8712871287129,1144.7227722772277,42.67250000000001,7.371045683803026,45.08910891089109,126281.0,False,False
795,544.6111111111111,1079.0694444444443,30.42,6.223499574262349,39.25,110598.0,False,False
796,549.4798206278027,1159.6367713004483,94.21750000000002,10.952691304245054,30.829596412556054,97945.0,False,False
797,549.2331606217616,882.8497409326425,81.5425,10.18936384552868,26.626943005181346,111515.0,False,False
798,547.020618556701,1237.1855670103093,40.9825,7.22360987610134,15.70103092783505,54204.0,False,False
799,547.5555555555555,1198.2962962962963,22.815,5.389708731752834,42.81481481481482,84437.0,True,False
800,549.1411764705882,686.6117647058824,35.9125,6.762042232218129,17.741176470588236,60807.0,False,False
801,549.2018348623853,861.3119266055046,46.0525,7.6574058357851245,18.68807339449541,74491.0,False,False
802,554.5,1121.2077922077922,65.06500000000001,9.101831188183693,52.02597402597402,130981.0,False,False
803,552.4206349206349,1133.373015873016,53.23500000000001,8.232916079007266,35.61904761904762,131623.0,False,False
804,552.9179104477612,1082.813432835821,56.61500000000001,8.490256581822557,52.57462686567164,125905.0,False,False
805,551.22,1113.66,21.125000000000004,5.186249645218625,40.82,136456.0,False,False
806,555.6237623762377,437.81188118811883,42.67250000000001,7.371045683803026,23.940594059405942,71897.0,False,False
807,553.6190476190476,1011.7619047619048,26.617500000000003,5.8215507884058,28.22222222222222,99779.0,False,False
808,553.5714285714286,1205.767857142857,23.660000000000004,5.488610719338178,32.17857142857143,82448.0,False,False
809,556.3932584269663,491.5730337078652,37.602500000000006,6.919320051920128,25.685393258426966,80942.0,False,False
810,556.6504854368932,1058.6990291262136,43.517500000000005,7.443668577254932,27.640776699029125,109233.0,False,False
811,556.6451612903226,747.1935483870968,26.195000000000004,5.775163190277621,17.370967741935484,61026.0,False,False
812,558.7222222222222,872.5,53.23500000000001,8.232916079007266,20.333333333333332,76595.0,False,False
813,560.2459016393443,1151.0081967213114,51.545,8.101180922147954,34.40163934426229,94002.0,False,False
814,561.1489361702128,1211.4255319148936,59.572500000000005,8.709194152086374,22.68794326241135,77402.0,False,False
815,558.0,731.0,29.152500000000003,6.092463855279885,12.202898550724637,46756.0,False,False
816,561.9795918367347,1088.3809523809523,62.10750000000001,8.892565716633143,58.374149659863946,130614.0,False,False
817,559.4111111111112,1241.1,38.025000000000006,6.958084052995808,18.27777777777778,47105.0,False,False
818,562.2657342657343,1251.8041958041958,60.417500000000004,8.770743993187619,17.034965034965033,34891.0,False,False
819,560.1428571428571,316.7936507936508,26.617500000000003,5.8215507884058,42.12698412698413,70660.0,False,False
820,559.873417721519,1102.493670886076,33.377500000000005,6.519014718835807,38.40506329113924,137781.0,False,False
821,563.9397590361446,1140.4759036144578,70.135,9.449796583524995,29.204819277108435,98207.0,False,False
822,562.063829787234,1181.0780141843973,59.572500000000005,8.709194152086374,25.382978723404257,82318.0,False,False
823,561.6056338028169,550.5352112676056,29.997500000000002,6.180129710871209,23.704225352112676,98535.0,False,False
824,562.9423076923077,1069.9615384615386,43.940000000000005,7.479715609277069,35.43269230769231,114853.0,False,False
825,566.0714285714286,1200.9183673469388,41.405,7.260749503306075,39.724489795918366,79340.0,False,False
826,568.0,848.2857142857143,47.32000000000001,7.762067717874401,17.794642857142858,64959.0,False,False
827,567.8301886792453,758.5566037735849,44.785000000000004,7.5512934660867375,16.87735849056604,60618.0,False,False
828,570.5605095541401,1127.2101910828026,66.33250000000001,9.190057785517194,29.987261146496817,106822.0,False,False
829,567.72,485.2266666666667,31.687500000000004,6.351832654737959,17.2,73364.0,False,False
830,570.4949494949495,618.4444444444445,41.82750000000001,7.297700121093632,20.616161616161616,76957.0,False,False
831,570.25,632.1203703703703,45.63,7.622199185685551,15.166666666666666,69818.0,False,True
832,570.5,682.3953488372093,36.335,6.801702644040839,26.11627906976744,57213.0,True,True
833,572.1078431372549,1065.9803921568628,43.095000000000006,7.407446130776911,25.147058823529413,105611.0,False,False
834,572.0657894736842,467.44736842105266,32.11000000000001,6.394037987175715,19.30263157894737,67923.0,False,False
835,572.1,492.8285714285714,29.575000000000003,6.136453335237093,24.32857142857143,72592.0,False,False
836,570.4651162790698,1180.7906976744187,18.1675,4.809530063215748,24.88372093023256,76953.0,False,False
837,577.1989247311828,1250.8172043010752,78.58500000000001,10.002876067562408,14.811827956989248,33875.0,False,False
838,572.9629629629629,750.8148148148148,22.815,5.389708731752834,16.01851851851852,58139.0,False,False
839,574.4724409448819,1111.5984251968505,53.657500000000006,8.265521814841879,39.45669291338583,123254.0,False,False
840,578.5382352941176,1145.3382352941176,143.65,13.524084464436259,18.544117647058822,74385.0,False,False
841,574.1595744680851,1207.723404255319,39.715,7.1110272478142695,22.26595744680851,70545.0,False,False
842,575.8,1083.08,42.25000000000001,7.3344645861208315,37.78,116937.0,False,False
843,573.9848484848485,1197.2878787878788,27.885,5.958547197508803,30.257575757575758,73859.0,False,False
844,573.7777777777778,717.2222222222222,19.012500000000003,4.920108417939312,11.644444444444444,42981.0,False,False
845,575.7121212121212,760.8181818181819,27.885,5.958547197508803,16.28787878787879,60674.0,False,False
846,580.109375,1162.71875,54.080000000000005,8.297999432349801,16.7890625,66020.0,False,False
847,579.3846153846154,725.4038461538462,21.970000000000002,5.288957628666685,10.942307692307692,44532.0,False,False
848,581.7368421052631,1126.0087719298247,48.165000000000006,7.831065232276457,19.42982456140351,97653.0,False,False
849,583.544,1195.848,52.81250000000001,8.200180696565521,16.792,65398.0,False,False
850,581.2241379310345,629.0,24.505000000000003,5.58576181408903,17.724137931034484,66666.0,False,False
851,581.7058823529412,336.5,14.365000000000002,4.276691017611702,20.323529411764707,73394.0,False,False
852,583.4133333333333,1178.68,31.687500000000004,6.351832654737959,16.053333333333335,67116.0,False,False
853,585.009009009009,678.7747747747748,46.89750000000001,7.727337934192946,16.34234234234234,52846.0,False,False
854,584.8681318681319,1219.978021978022,38.447500000000005,6.996633290104976,12.241758241758241,57505.0,False,False
855,588.4298245614035,875.2543859649123,48.165000000000006,7.831065232276457,15.81578947368421,59596.0,False,False
856,591.488,1074.664,52.81250000000001,8.200180696565521,16.728,87180.0,False,False
857,590.3960396039604,1088.851485148515,42.67250000000001,7.371045683803026,26.08910891089109,102221.0,False,False
858,590.2117647058824,554.4,35.9125,6.762042232218129,38.54117647058823,75045.0,True,False
859,589.7878787878788,381.7878787878788,13.9425,4.2133291293785735,16.272727272727273,56465.0,False,False
860,592.7232142857143,1236.8392857142858,47.32000000000001,7.762067717874401,16.017857142857142,48534.0,False,False
861,594.9197530864197,1158.2037037037037,68.44500000000001,9.335249361393526,17.296296296296298,59470.0,False,False
862,595.0274509803921,1178.278431372549,107.73750000000001,11.712200709128265,17.49411764705882,59560.0,False,False
863,590.88,1227.34,21.125000000000004,5.186249645218625,13.66,53975.0,False,False
864,594.22,337.24,21.125000000000004,5.186249645218625,33.94,66025.0,False,False
865,594.3207547169811,625.9811320754717,22.392500000000002,5.3395708165996005,24.0,66594.0,False,False
866,595.439024390244,542.7317073170732,34.645,6.641640160935379,33.792682926829265,73336.0,False,False
867,594.1351351351351,941.1351351351351,15.632500000000002,4.4613806364255035,62.67567567567568,84435.0,False,True
868,598.2950819672132,1097.0737704918033,51.545,8.101180922147954,25.885245901639344,95100.0,False,False
869,597.433962264151,848.4528301886793,22.392500000000002,5.3395708165996005,23.20754716981132,64578.0,False,False
870,600.6691729323309,1083.6466165413533,56.1925,8.458517193783473,17.36842105263158,80912.0,False,False
871,599.8853503184713,1140.0191082802548,66.33250000000001,9.190057785517194,18.063694267515924,64866.0,False,False
872,598.768115942029,1106.768115942029,29.152500000000003,6.092463855279885,23.71014492753623,97707.0,False,False
873,600.94,291.22,21.125000000000004,5.186249645218625,14.76,58630.0,False,False
874,603.3333333333334,876.7816091954023,36.7575,6.8411331346205175,10.804597701149426,55865.0,False,False
875,602.7529411764706,1126.7411764705882,35.9125,6.762042232218129,29.68235294117647,73922.0,False,False
876,603.8625954198474,1212.442748091603,55.347500000000004,8.394678415652944,15.587786259541986,55608.0,False,False
877,603.1276595744681,430.1276595744681,19.8575,5.028255588131782,15.02127659574468,48671.0,False,False
878,602.6969696969697,970.7575757575758,13.9425,4.2133291293785735,12.454545454545455,64139.0,False,False
879,603.7555555555556,717.8888888888889,19.012500000000003,4.920108417939312,8.977777777777778,43079.0,False,False
880,606.1132075471698,511.3018867924528,22.392500000000002,5.3395708165996005,12.150943396226415,59914.0,False,False
881,607.1643835616438,1223.4931506849316,30.842500000000005,6.266569289371519,22.068493150684933,54908.0,False,False
882,608.6053811659193,1242.57399103139,94.21750000000002,10.952691304245054,15.304932735426009,43057.0,False,False
883,609.6875,1073.4270833333333,40.56,7.186278309003779,12.0625,59272.0,False,False
884,608.25,314.15625,27.040000000000003,5.867571668896666,19.578125,59261.0,False,False
885,610.9428571428572,1162.4142857142858,59.150000000000006,8.67825553156191,20.4,56421.0,False,False
886,608.6825396825396,627.2380952380952,26.617500000000003,5.8215507884058,19.174603174603174,71013.0,False,False
887,609.8739495798319,1112.7394957983192,50.2775,8.000956268498294,27.714285714285715,81796.0,False,False
888,610.655462184874,1141.8823529411766,50.2775,8.000956268498294,20.77310924369748,63601.0,False,False
889,610.0,548.6805555555555,30.42,6.223499574262349,15.083333333333334,74586.0,False,False
890,613.9019607843137,1172.2941176470588,64.64250000000001,9.072231658778492,19.11764705882353,58143.0,False,False
891,611.7543859649123,1190.5087719298247,48.165000000000006,7.831065232276457,12.929824561403509,63967.0,False,False
892,612.0105263157894,529.7368421052631,40.1375,7.148751795020415,20.48421052631579,69340.0,False,False
893,613.2686567164179,487.4029850746269,28.307500000000005,6.003518003020447,21.64179104477612,70320.0,False,False
894,613.25,1098.0125,33.800000000000004,6.560144557252417,32.9375,72737.0,False,False
895,613.0,326.0,17.3225,4.696348795998318,13.707317073170731,66001.0,False,False
896,614.9230769230769,512.2307692307693,27.462500000000002,5.913234393907399,17.907692307692308,67762.0,False,False
897,616.0434782608696,553.0434782608696,38.870000000000005,7.034971293747812,20.130434782608695,75911.0,False,False
898,615.5094339622641,292.6792452830189,22.392500000000002,5.3395708165996005,17.88679245283019,64939.0,False,False
899,620.9653679653679,1126.982683982684,97.59750000000001,11.147421067999991,33.1948051948052,85526.0,False,False
900,618.7280701754386,1201.2631578947369,48.165000000000006,7.831065232276457,25.219298245614034,69375.0,False,False
901,619.4716981132076,350.4339622641509,22.392500000000002,5.3395708165996005,21.90566037735849,61999.0,False,False
902,621.2307692307693,1254.6634615384614,43.940000000000005,7.479715609277069,14.26923076923077,31052.0,False,False
903,621.2911392405064,524.2151898734177,33.377500000000005,6.519014718835807,22.455696202531644,79793.0,False,False
904,625.2713567839196,1153.9849246231156,84.07750000000001,10.346535546861599,15.78391959798995,59119.0,False,False
905,625.4285714285714,1183.9022556390978,56.1925,8.458517193783473,26.74436090225564,66543.0,False,False
906,624.64,297.98,21.125000000000004,5.186249645218625,20.76,70377.0,False,False
907,627.1195652173913,1100.3369565217392,38.870000000000005,7.034971293747812,23.83695652173913,87697.0,False,False
908,626.0,505.7142857142857,26.617500000000003,5.8215507884058,17.571428571428573,77266.0,False,False
909,628.7222222222222,325.1666666666667,30.42,6.223499574262349,15.01388888888889,67184.0,False,False
910,627.6611570247934,543.1652892561983,51.1225,8.067911044732915,22.49586776859504,87816.0,False,False
911,629.0795454545455,1200.8522727272727,37.18000000000001,6.880337656921596,23.125,75529.0,False,False
912,629.7333333333333,1241.6190476190477,44.362500000000004,7.51558975086544,17.485714285714284,45294.0,False,False
913,634.8924050632911,1223.2025316455697,66.75500000000001,9.219279028687428,15.069620253164556,70242.0,False,False
914,633.8651685393259,1250.1685393258426,37.602500000000006,6.919320051920128,17.213483146067414,36401.0,False,False
915,637.0421052631579,1175.3473684210526,40.1375,7.148751795020415,18.642105263157895,63354.0,False,False
916,640.7711442786069,1158.2537313432836,84.92250000000001,10.39839820538586,13.407960199004975,51317.0,False,False
917,636.4489795918367,1200.8367346938776,20.7025,5.134125210284583,26.714285714285715,80082.0,False,False
918,638.370786516854,1210.6629213483145,37.602500000000006,6.919320051920128,27.786516853932586,78764.0,False,False
919,640.59,1122.85,42.25000000000001,7.3344645861208315,58.07,86281.0,False,False
920,641.3285714285714,1139.4714285714285,59.150000000000006,8.67825553156191,11.678571428571429,74827.0,False,False
921,641.8589743589744,1239.8076923076924,32.955000000000005,6.477623730716943,16.58974358974359,50130.0,False,False
922,643.6875,331.975,33.800000000000004,6.560144557252417,21.4875,59361.0,False,False
923,647.0612244897959,1189.6122448979593,41.405,7.260749503306075,21.6734693877551,80261.0,False,False
924,647.0353982300885,1254.8407079646017,47.74250000000001,7.796642800880295,20.84070796460177,35591.0,False,False
925,647.0428571428571,318.14285714285717,29.575000000000003,6.136453335237093,19.242857142857144,79062.0,False,False
926,646.2222222222222,1174.6666666666667,19.012500000000003,4.920108417939312,13.777777777777779,63267.0,False,False
927,648.99,1204.8,42.25000000000001,7.3344645861208315,65.62,78154.0,False,True
928,653.6666666666666,1230.4761904761904,53.23500000000001,8.232916079007266,16.99206349206349,69546.0,False,False
929,654.4675324675325,1150.2077922077922,32.532500000000006,6.4359665543799,12.844155844155845,49442.0,False,False
930,655.3623188405797,318.95652173913044,29.152500000000003,6.092463855279885,21.0,78973.0,False,False
931,654.8518518518518,555.0925925925926,22.815,5.389708731752834,21.62962962962963,76635.0,False,False
932,656.463768115942,513.1884057971015,29.152500000000003,6.092463855279885,39.08695652173913,107822.0,False,False
933,658.5304347826087,1186.0608695652174,48.587500000000006,7.8653370162898755,17.130434782608695,72996.0,False,False
934,658.6701030927835,1206.5670103092784,40.9825,7.22360987610134,64.34020618556701,73532.0,True,True
935,657.8813559322034,502.5762711864407,24.927500000000002,5.633709146857493,24.0,110533.0,False,False
936,659.925,1256.3875,33.800000000000004,6.560144557252417,27.5625,35915.0,False,False
937,659.964705882353,335.52941176470586,35.9125,6.762042232218129,13.035294117647059,52889.0,False,False
938,659.6774193548387,1168.3870967741937,26.195000000000004,5.775163190277621,15.112903225806452,49870.0,False,False
939,661.2564102564103,1117.9102564102564,32.955000000000005,6.477623730716943,20.78205128205128,70172.0,False,True
940,663.4,1221.232,52.81250000000001,8.200180696565521,14.168,72104.0,False,False
941,665.75,1241.3484848484848,55.77,8.426658258757147,16.666666666666668,52350.0,False,False
942,668.8730158730159,301.04761904761904,26.617500000000003,5.8215507884058,52.74603174603175,93939.0,False,True
943,671.6333333333333,1136.4333333333334,50.7,8.034503402082343,10.275,50278.0,False,False
944,671.1351351351351,1225.027027027027,31.265000000000004,6.309345002941657,14.77027027027027,68651.0,False,False
945,672.2063492063492,1179.7460317460318,26.617500000000003,5.8215507884058,16.714285714285715,59125.0,False,False
946,673.3392857142857,1112.9107142857142,23.660000000000004,5.488610719338178,10.839285714285714,57601.0,False,False
947,675.8625,534.1125,33.800000000000004,6.560144557252417,23.5625,85956.0,False,False
948,676.9578947368421,204.74736842105264,40.1375,7.148751795020415,25.652631578947368,69989.0,False,True
949,677.5555555555555,309.8666666666667,38.025000000000006,6.958084052995808,21.544444444444444,81906.0,False,False
950,678.7375,1174.8625,33.800000000000004,6.560144557252417,13.5,52663.0,False,False
951,679.1944444444445,1238.1574074074074,45.63,7.622199185685551,16.89814814814815,51956.0,False,False
952,679.5,1255.909090909091,27.885,5.958547197508803,32.31818181818182,35611.0,False,True
953,679.7604166666666,321.3125,40.56,7.186278309003779,16.114583333333332,62325.0,False,False
954,680.1481481481482,1196.5555555555557,22.815,5.389708731752834,10.462962962962964,60388.0,False,False
955,682.171875,1187.359375,27.040000000000003,5.867571668896666,16.421875,57742.0,False,False
956,686.9318181818181,270.875,37.18000000000001,6.880337656921596,12.545454545454545,66431.0,False,False
957,688.3421052631579,250.140350877193,48.165000000000006,7.831065232276457,14.37719298245614,53431.0,False,False
958,688.1276595744681,286.031914893617,39.715,7.1110272478142695,25.70212765957447,75811.0,False,False
959,687.6265060240963,296.43373493975906,35.0675,6.682015245043993,33.46987951807229,78495.0,False,False
960,686.9827586206897,434.13793103448273,24.505000000000003,5.58576181408903,34.12068965517241,101844.0,False,True
961,690.1643835616438,1195.2876712328766,30.842500000000005,6.266569289371519,15.123287671232877,52663.0,False,False
962,691.074074074074,199.2037037037037,22.815,5.389708731752834,22.87037037037037,60300.0,False,False
963,691.6470588235294,487.88235294117646,28.730000000000004,6.048154439185661,85.76470588235294,134342.0,True,False
964,695.3409090909091,325.3181818181818,55.77,8.426658258757147,16.053030303030305,50273.0,False,False
965,690.7931034482758,475.82758620689657,12.252500000000001,3.9497300568352243,48.96551724137931,130329.0,False,False
966,695.3694267515923,225.7324840764331,66.33250000000001,9.190057785517194,14.509554140127388,64766.0,False,False
967,699.1656804733727,339.4852071005917,71.4025,9.534803961957083,11.236686390532544,42914.0,False,False
968,695.0645161290323,504.7096774193548,39.292500000000004,7.073101498742004,21.93548387096774,129758.0,False,False
969,695.418918918919,528.0945945945946,31.265000000000004,6.309345002941657,21.7027027027027,74331.0,False,False
970,695.9411764705883,182.97058823529412,28.730000000000004,6.048154439185661,14.5,59509.0,False,False
971,699.0344827586207,268.0,49.010000000000005,7.8994601136704485,13.258620689655173,57251.0,False,False
972,702.50625,213.60625,67.60000000000001,9.277445403994411,22.525,65344.0,False,False
973,699.7936507936508,259.7936507936508,26.617500000000003,5.8215507884058,13.079365079365079,61689.0,False,False
974,702.4794520547945,430.1095890410959,30.842500000000005,6.266569289371519,83.38356164383562,104842.0,False,False
975,700.7307692307693,477.0769230769231,10.985000000000001,3.7398578046385347,64.42307692307692,133017.0,False,False
976,702.723076923077,499.4153846153846,27.462500000000002,5.913234393907399,47.95384615384615,128174.0,False,False
977,703.8,417.9294117647059,35.9125,6.762042232218129,20.458823529411763,96903.0,False,False
978,703.6172839506173,484.18518518518516,34.222500000000004,6.601018127508749,83.55555555555556,133149.0,False,False
979,704.8936170212766,507.48936170212767,39.715,7.1110272478142695,46.1063829787234,113629.0,False,False
980,706.9251700680272,252.06802721088437,62.10750000000001,8.892565716633143,16.299319727891156,74348.0,False,False
981,706.1,107.18333333333334,25.35,5.681251839078812,14.833333333333334,53156.0,False,False
982,709.3652694610779,230.50299401197606,70.5575,9.47821708854842,20.70059880239521,79410.0,False,False
983,705.5735294117648,442.2647058823529,28.730000000000004,6.048154439185661,81.51470588235294,107987.0,False,True
984,706.7846153846153,1165.446153846154,27.462500000000002,5.913234393907399,13.153846153846153,47108.0,False,True
985,714.6571428571428,274.5,59.150000000000006,8.67825553156191,17.75,56855.0,False,False
986,712.7721518987341,515.0506329113924,33.377500000000005,6.519014718835807,33.32911392405063,91308.0,True,False
987,713.5510204081633,187.16326530612244,20.7025,5.134125210284583,16.591836734693878,78338.0,False,False
988,712.59375,545.375,27.040000000000003,5.867571668896666,16.9375,56207.0,False,False
989,713.015625,1194.421875,27.040000000000003,5.867571668896666,15.96875,44931.0,False,False
990,713.5490196078431,499.62745098039215,21.547500000000003,5.237855390346407,57.86274509803921,122569.0,False,False
991,717.6310679611651,207.84466019417476,43.517500000000005,7.443668577254932,14.669902912621358,64337.0,False,False
992,714.8837209302326,314.1162790697674,18.1675,4.809530063215748,17.627906976744185,46986.0,False,False
993,715.4032258064516,1242.8870967741937,26.195000000000004,5.775163190277621,14.919354838709678,34473.0,False,False
994,715.0754716981132,433.66037735849056,22.392500000000002,5.3395708165996005,81.01886792452831,97655.0,True,True
995,721.3928571428571,294.3690476190476,35.49,6.722147829574334,11.916666666666666,48073.0,False,False
996,723.5190839694657,262.03053435114504,55.347500000000004,8.394678415652944,19.3206106870229,77548.0,False,False
997,727.0222222222222,230.85925925925926,57.03750000000001,8.521877758618217,42.851851851851855,85635.0,False,False
998,724.2429906542056,361.42056074766356,45.2075,7.586829161027343,18.289719626168225,45708.0,False,False
999,724.6428571428571,432.04761904761904,17.745,4.753276314430444,53.54761904761905,90794.0,False,False
1000,728.0245901639345,243.68852459016392,51.545,8.101180922147954,74.77868852459017,87217.0,True,False
1001,725.3823529411765,155.85294117647058,14.365000000000002,4.276691017611702,82.79411764705883,118582.0,False,False
1002,728.64,335.94,21.125000000000004,5.186249645218625,12.18,42696.0,False,False
1003,728.6875,1249.8,33.800000000000004,6.560144557252417,13.3875,27137.0,False,False
1004,728.4081632653061,207.3877551020408,20.7025,5.134125210284583,22.93877551020408,66491.0,False,False
1005,735.1881188118812,354.83168316831683,42.67250000000001,7.371045683803026,17.584158415841586,43470.0,False,False
1006,732.09375,510.421875,27.040000000000003,5.867571668896666,29.921875,107520.0,False,False
1007,733.3015873015873,542.031746031746,26.617500000000003,5.8215507884058,18.22222222222222,65718.0,False,False
1008,736.8421052631579,173.3684210526316,24.082500000000003,5.537399329656889,39.24561403508772,119810.0,False,False
1009,736.3725490196078,490.1764705882353,21.547500000000003,5.237855390346407,36.470588235294116,127976.0,False,False
1010,736.5964912280701,1230.157894736842,24.082500000000003,5.537399329656889,13.175438596491228,37890.0,False,False
1011,738.3409090909091,229.75,37.18000000000001,6.880337656921596,21.96590909090909,88972.0,False,False
1012,739.7448979591836,239.5204081632653,41.405,7.260749503306075,43.90816326530612,88128.0,False,False
1013,740.0567375886525,258.83687943262413,59.572500000000005,8.709194152086374,18.347517730496453,80201.0,False,False
1014,738.4909090909091,219.45454545454547,23.2375,5.439384516724603,15.781818181818181,83799.0,False,False
1015,738.1578947368421,182.5,16.055000000000003,4.5212676198963315,24.026315789473685,109941.0,False,False
1016,739.9649122807018,554.719298245614,24.082500000000003,5.537399329656889,15.0,74233.0,False,False
1017,740.6197183098592,332.59154929577466,29.997500000000002,6.180129710871209,13.084507042253522,39972.0,False,False
1018,741.3846153846154,387.31868131868134,38.447500000000005,6.996633290104976,13.593406593406593,46617.0,False,False
1019,744.5895522388059,278.92537313432837,56.61500000000001,8.490256581822557,14.261194029850746,46871.0,False,False
1020,746.2325581395348,244.87209302325581,36.335,6.801702644040839,45.895348837209305,84040.0,False,False
1021,745.7183098591549,291.056338028169,29.997500000000002,6.180129710871209,14.394366197183098,41170.0,False,False
1022,745.790909090909,539.2545454545455,46.475,7.692451354514157,23.1,79916.0,False,False
1023,748.9811320754717,222.77358490566039,67.17750000000001,9.24840794496255,19.60377358490566,82775.0,False,False
1024,747.28125,341.6875,27.040000000000003,5.867571668896666,11.203125,39769.0,False,True
1025,748.1323529411765,458.0735294117647,28.730000000000004,6.048154439185661,22.705882352941178,90148.0,False,False
1026,747.3584905660377,483.47169811320754,22.392500000000002,5.3395708165996005,71.22641509433963,124583.0,False,False
1027,747.3333333333334,1154.7857142857142,17.745,4.753276314430444,12.80952380952381,46426.0,False,False
1028,750.5348837209302,558.6279069767442,18.1675,4.809530063215748,20.186046511627907,98694.0,False,False
1029,749.6545454545454,1164.0545454545454,23.2375,5.439384516724603,13.327272727272728,48818.0,False,False
1030,749.5555555555555,1203.8666666666666,19.012500000000003,4.920108417939312,8.755555555555556,42798.0,False,False
1031,752.5858585858585,210.26262626262627,41.82750000000001,7.297700121093632,16.282828282828284,74856.0,False,False
1032,755.8079470198676,237.19867549668874,63.79750000000001,9.01274097349089,23.403973509933774,77163.0,False,False
1033,752.8118811881188,413.94059405940595,42.67250000000001,7.371045683803026,17.544554455445546,54919.0,False,False
1034,750.3658536585366,1136.0731707317073,17.3225,4.696348795998318,9.707317073170731,44712.0,False,False
1035,755.75,393.23,42.25000000000001,7.3344645861208315,11.44,47827.0,False,False
1036,756.2136752136752,287.2307692307692,49.432500000000005,7.933436443000028,10.64102564102564,40861.0,False,False
1037,754.8666666666667,565.2,12.675,4.017251701041172,21.466666666666665,109689.0,False,False
1038,757.680412371134,1206.7938144329896,40.9825,7.22360987610134,8.958762886597938,42304.0,False,False
1039,757.9142857142857,453.62857142857143,29.575000000000003,6.136453335237093,16.65714285714286,81984.0,False,False
1040,759.5912408759124,441.1970802919708,57.88250000000001,8.584770698634475,15.116788321167883,68640.0,False,False
1041,758.84,331.46,21.125000000000004,5.186249645218625,12.06,40324.0,False,False
1042,759.6630434782609,345.42391304347825,38.870000000000005,7.034971293747812,11.08695652173913,42981.0,False,True
1043,759.6781609195402,476.7241379310345,36.7575,6.8411331346205175,72.83908045977012,118594.0,False,False
1044,760.258064516129,534.258064516129,26.195000000000004,5.775163190277621,46.225806451612904,93772.0,False,False
1045,761.0113636363636,426.0,37.18000000000001,6.880337656921596,20.113636363636363,62784.0,False,False
1046,761.6986301369863,692.5753424657535,30.842500000000005,6.266569289371519,33.02739726027397,58324.0,False,False
1047,763.1808510638298,374.3404255319149,39.715,7.1110272478142695,14.340425531914894,47455.0,False,False
1048,767.7903930131005,1196.532751091703,96.75250000000001,11.099058926413035,11.803493449781659,46574.0,False,False
1049,765.2808988764045,487.03370786516854,37.602500000000006,6.919320051920128,79.11235955056179,123790.0,True,True
1050,769.8429752066115,410.1735537190083,51.1225,8.067911044732915,19.537190082644628,58766.0,False,False
1051,767.8787878787879,454.8939393939394,27.885,5.958547197508803,23.924242424242426,84060.0,False,False
1052,767.5396825396825,1222.063492063492,26.617500000000003,5.8215507884058,8.968253968253968,38386.0,False,False
1053,768.1212121212121,663.3030303030303,13.9425,4.2133291293785735,25.575757575757574,62851.0,False,False
1054,767.5666666666667,1151.8,12.675,4.017251701041172,17.2,55374.0,False,False
1055,768.741935483871,1174.7096774193549,13.097500000000002,4.083657054304242,28.096774193548388,54808.0,True,False
1056,771.830985915493,260.7042253521127,29.997500000000002,6.180129710871209,13.084507042253522,48263.0,False,False
1057,773.659793814433,461.5979381443299,40.9825,7.22360987610134,35.371134020618555,96038.0,False,False
1058,772.56,538.6,31.687500000000004,6.351832654737959,24.546666666666667,112881.0,False,False
1059,773.2183908045977,289.735632183908,36.7575,6.8411331346205175,11.517241379310345,38535.0,False,False
1060,773.8494623655914,352.61290322580646,39.292500000000004,7.073101498742004,12.150537634408602,59500.0,False,False
1061,773.5064935064935,1146.0,32.532500000000006,6.4359665543799,19.545454545454547,56609.0,False,False
1062,774.1149425287356,426.735632183908,36.7575,6.8411331346205175,28.03448275862069,66315.0,False,False
1063,778.6212121212121,279.6363636363636,55.77,8.426658258757147,11.530303030303031,39053.0,False,False
1064,779.5028248587571,236.98870056497177,74.78250000000001,9.75787047742269,15.774011299435028,68612.0,False,False
1065,780.9423076923077,1125.6346153846155,21.970000000000002,5.288957628666685,16.73076923076923,62821.0,False,False
1066,783.5232558139535,1182.7790697674418,36.335,6.801702644040839,18.046511627906977,54202.0,False,False
1067,783.6491228070175,1217.7543859649122,24.082500000000003,5.537399329656889,13.017543859649123,43340.0,False,False
1068,786.24,244.5,42.25000000000001,7.3344645861208315,17.82,58718.0,False,False
1069,785.8901098901099,535.021978021978,38.447500000000005,6.996633290104976,26.65934065934066,102261.0,False,False
1070,788.6,461.7793103448276,61.2625,8.831864899857669,21.23448275862069,91795.0,False,False
1071,788.0519480519481,1245.7662337662337,32.532500000000006,6.4359665543799,14.051948051948052,35738.0,False,False
1072,790.4590163934427,365.2049180327869,51.545,8.101180922147954,34.631147540983605,87390.0,False,False
1073,790.625,216.8125,33.800000000000004,6.560144557252417,29.2375,79328.0,False,False
1074,790.6463414634146,279.0975609756098,34.645,6.641640160935379,10.865853658536585,41635.0,False,False
1075,791.2783505154639,337.6701030927835,40.9825,7.22360987610134,26.762886597938145,79297.0,False,False
1076,791.2735042735043,349.84615384615387,49.432500000000005,7.933436443000028,23.41025641025641,88194.0,False,False
1077,793.104347826087,426.5826086956522,48.587500000000006,7.8653370162898755,28.591304347826085,70479.0,False,True
1078,789.75,510.8958333333333,20.28,5.081466123790367,15.25,79348.0,False,False
1079,793.9831932773109,294.98319327731093,50.2775,8.000956268498294,13.159663865546218,56730.0,False,False
1080,794.5449101796407,400.6946107784431,70.5575,9.47821708854842,16.035928143712574,65870.0,False,False
1081,793.0263157894736,546.421052631579,32.11000000000001,6.394037987175715,39.9078947368421,113482.0,False,False
1082,793.2736842105263,1183.221052631579,40.1375,7.148751795020415,17.86315789473684,54168.0,False,False
1083,796.309963099631,309.8450184501845,114.49750000000002,12.074052541434225,35.859778597785976,61521.0,False,False
1084,796.2054794520548,273.26027397260276,30.842500000000005,6.266569289371519,12.438356164383562,41497.0,False,False
1085,797.5795454545455,229.64772727272728,37.18000000000001,6.880337656921596,17.53409090909091,66349.0,False,False
1086,799.0747663551402,853.5140186915888,45.2075,7.586829161027343,11.22429906542056,57153.0,False,False
1087,800.1011235955057,419.29213483146066,37.602500000000006,6.919320051920128,23.752808988764045,68821.0,False,False
1088,799.2467532467532,511.8051948051948,32.532500000000006,6.4359665543799,17.16883116883117,75819.0,False,True
1089,800.0714285714286,863.25,23.660000000000004,5.488610719338178,17.035714285714285,51510.0,False,False
1090,800.7794117647059,259.95588235294116,28.730000000000004,6.048154439185661,12.132352941176471,47407.0,False,False
1091,804.360655737705,287.0382513661202,77.31750000000001,9.92187978661609,12.087431693989071,54472.0,False,False
1092,799.969696969697,1246.1818181818182,13.9425,4.2133291293785735,15.818181818181818,37467.0,False,False
1093,801.2456140350877,1177.0877192982457,24.082500000000003,5.537399329656889,16.92982456140351,54567.0,False,False
1094,806.4957264957264,315.2393162393162,49.432500000000005,7.933436443000028,51.205128205128204,67097.0,True,True
1095,807.7904761904762,331.2190476190476,44.362500000000004,7.51558975086544,16.65714285714286,88680.0,False,False
1096,804.8235294117648,872.2549019607843,21.547500000000003,5.237855390346407,21.80392156862745,50198.0,False,False
1097,809.0546875,354.2890625,54.080000000000005,8.297999432349801,52.453125,113315.0,False,False
1098,809.6397058823529,438.3529411764706,57.46000000000001,8.553382035223404,28.970588235294116,79046.0,False,False
1099,805.0784313725491,1133.0588235294117,21.547500000000003,5.237855390346407,16.352941176470587,56810.0,False,False
1100,808.1395348837209,1195.7441860465117,36.335,6.801702644040839,25.976744186046513,50446.0,False,False
1101,806.7222222222222,1230.851851851852,22.815,5.389708731752834,17.814814814814813,49700.0,False,False
1102,809.4342105263158,256.60526315789474,32.11000000000001,6.394037987175715,13.657894736842104,50822.0,False,False
1103,807.5128205128206,886.1794871794872,16.477500000000003,4.5803716659648535,17.025641025641026,53342.0,False,False
1104,808.8297872340426,1254.595744680851,19.8575,5.028255588131782,26.595744680851062,30179.0,False,False
1105,813.0980392156863,305.5098039215686,43.095000000000006,7.407446130776911,39.166666666666664,60661.0,False,False
1106,812.3846153846154,861.5384615384615,21.970000000000002,5.288957628666685,17.71153846153846,48441.0,False,False
1107,813.6666666666666,404.5952380952381,17.745,4.753276314430444,13.357142857142858,63945.0,False,False
1108,814.7256637168142,457.27433628318585,47.74250000000001,7.796642800880295,20.884955752212388,78345.0,False,False
1109,818.4905660377359,420.8679245283019,44.785000000000004,7.5512934660867375,22.80188679245283,79166.0,False,False
1110,814.28,1205.12,10.562500000000002,3.6672322930604158,30.8,50035.0,True,False
1111,816.5714285714286,1171.3214285714287,11.830000000000002,3.8810338589372004,13.428571428571429,50566.0,False,False
1112,823.3009708737864,326.2135922330097,43.517500000000005,7.443668577254932,10.70873786407767,85527.0,False,False
1113,823.2584269662922,728.5842696629213,37.602500000000006,6.919320051920128,18.651685393258425,70659.0,False,False
1114,823.6610169491526,313.8474576271187,24.927500000000002,5.633709146857493,13.101694915254237,65599.0,False,False
1115,825.5454545454545,782.0,13.9425,4.2133291293785735,34.333333333333336,102990.0,False,False
1116,826.78125,852.859375,27.040000000000003,5.867571668896666,13.796875,48004.0,False,False
1117,828.829268292683,1165.2073170731708,34.645,6.641640160935379,15.707317073170731,49156.0,False,False
1118,832.3069306930693,1229.049504950495,42.67250000000001,7.371045683803026,11.970297029702971,48875.0,False,False
1119,832.7021276595744,436.2340425531915,39.715,7.1110272478142695,49.361702127659576,99070.0,False,False
1120,832.825,1246.15,33.800000000000004,6.560144557252417,10.6375,36741.0,False,False
1121,833.0714285714286,752.7428571428571,29.575000000000003,6.136453335237093,21.87142857142857,84192.0,False,False
1122,833.9571428571429,383.9428571428571,29.575000000000003,6.136453335237093,15.0,88889.0,False,False
1123,835.8045112781955,767.2556390977444,56.1925,8.458517193783473,51.3984962406015,91056.0,False,False
1124,832.6170212765958,884.9148936170212,19.8575,5.028255588131782,10.893617021276595,48343.0,False,False
1125,836.425925925926,326.24074074074076,22.815,5.389708731752834,14.777777777777779,78623.0,False,False
1126,839.827868852459,721.8360655737705,51.545,8.101180922147954,24.704918032786885,74294.0,False,False
1127,838.3333333333334,290.6666666666667,21.547500000000003,5.237855390346407,15.509803921568627,52085.0,False,False
1128,842.2647058823529,851.9901960784314,43.095000000000006,7.407446130776911,14.323529411764707,47378.0,False,False
1129,840.6086956521739,1171.7391304347825,19.435000000000002,4.974475907261778,18.195652173913043,51003.0,False,False
1130,845.040404040404,708.4545454545455,41.82750000000001,7.297700121093632,20.343434343434343,72931.0,False,False
1131,848.3166666666667,473.3277777777778,76.05000000000001,9.840216835878625,19.127777777777776,62074.0,False,False
1132,849.1681415929204,452.0973451327434,47.74250000000001,7.796642800880295,21.212389380530972,94947.0,False,False
1133,847.5242718446602,823.495145631068,43.517500000000005,7.443668577254932,15.776699029126213,64613.0,False,False
1134,846.2758620689655,1186.5344827586207,24.505000000000003,5.58576181408903,13.224137931034482,50558.0,False,False
1135,851.6836734693877,736.1530612244898,41.405,7.260749503306075,30.979591836734695,80657.0,False,False
1136,850.109756097561,1166.3170731707316,34.645,6.641640160935379,19.085365853658537,55243.0,False,False
1137,853.3908045977012,848.4022988505748,36.7575,6.8411331346205175,15.735632183908047,51132.0,False,False
1138,855.5675675675676,1254.8918918918919,31.265000000000004,6.309345002941657,16.95945945945946,29081.0,False,False
1139,858.0666666666667,830.3111111111111,38.025000000000006,6.958084052995808,16.133333333333333,59089.0,False,False
1140,857.2876712328767,1214.2876712328766,30.842500000000005,6.266569289371519,18.589041095890412,47381.0,False,False
1141,856.40625,1224.59375,27.040000000000003,5.867571668896666,18.953125,47442.0,False,False
1142,858.1626016260162,715.6016260162602,51.96750000000001,8.134314724734013,28.585365853658537,76701.0,False,False
1143,857.8548387096774,888.3870967741935,26.195000000000004,5.775163190277621,13.419354838709678,48095.0,False,False
1144,859.3392857142857,394.2142857142857,47.32000000000001,7.762067717874401,10.232142857142858,61244.0,False,False
1145,858.6521739130435,167.41304347826087,19.435000000000002,4.974475907261778,9.58695652173913,34847.0,False,False
1146,861.8880597014926,777.2611940298508,56.61500000000001,8.490256581822557,28.246268656716417,82580.0,False,False
1147,861.4090909090909,733.8787878787879,55.77,8.426658258757147,42.75757575757576,79407.0,False,True
1148,863.0555555555555,452.5,22.815,5.389708731752834,17.833333333333332,84836.0,False,False
1149,864.8059701492538,702.7462686567164,28.307500000000005,6.003518003020447,20.55223880597015,76139.0,False,False
1150,863.8541666666666,1244.5208333333333,20.28,5.081466123790367,18.645833333333332,39128.0,False,False
1151,868.5588235294117,346.7647058823529,43.095000000000006,7.407446130776911,37.48039215686274,101152.0,False,False
1152,866.5757575757576,1210.5757575757575,13.9425,4.2133291293785735,14.727272727272727,50874.0,False,False
1153,870.3333333333334,293.8333333333333,32.955000000000005,6.477623730716943,15.08974358974359,62908.0,False,False
1154,867.9107142857143,1192.8035714285713,23.660000000000004,5.488610719338178,16.785714285714285,55175.0,False,False
1155,871.8645833333334,735.6979166666666,40.56,7.186278309003779,32.864583333333336,79165.0,False,False
1156,873.6363636363636,807.5123966942149,102.245,11.409749219480977,13.946280991735538,54843.0,False,False
1157,881.5212765957447,782.9255319148937,79.43,10.056511176263564,13.702127659574469,55812.0,False,False
1158,879.0365853658536,838.8658536585366,34.645,6.641640160935379,21.28048780487805,86201.0,False,False
1159,887.0728476821192,299.92715231788077,63.79750000000001,9.01274097349089,19.596026490066226,65957.0,False,False
1160,883.4285714285714,1241.4126984126983,26.617500000000003,5.8215507884058,17.126984126984127,48080.0,False,False
1161,885.2424242424242,201.57575757575756,27.885,5.958547197508803,12.757575757575758,37554.0,False,False
1162,888.5573770491803,829.2786885245902,77.31750000000001,9.92187978661609,22.065573770491802,82260.0,False,False
1163,887.9406779661017,317.3898305084746,49.855000000000004,7.967267881951225,30.050847457627118,70148.0,False,True
1164,886.9111111111112,377.44444444444446,38.025000000000006,6.958084052995808,12.955555555555556,83638.0,False,False
1165,886.4507042253521,386.5774647887324,29.997500000000002,6.180129710871209,8.845070422535212,73709.0,False,False
1166,887.1666666666666,1225.9615384615386,32.955000000000005,6.477623730716943,14.653846153846153,55886.0,False,False
1167,888.2962962962963,220.4814814814815,45.63,7.622199185685551,10.851851851851851,45063.0,False,False
1168,888.6849315068494,757.6849315068494,61.68500000000001,8.86226727857993,25.623287671232877,64781.0,False,False
1169,891.2669902912621,812.7961165048544,87.03500000000001,10.526937055764364,15.097087378640778,51806.0,False,False
1170,888.3373493975904,1144.9638554216867,35.0675,6.682015245043993,12.63855421686747,59689.0,False,False
1171,890.09,229.91,42.25000000000001,7.3344645861208315,20.9,54450.0,False,False
1172,890.125,441.875,47.32000000000001,7.762067717874401,14.75,58114.0,False,False
1173,892.78125,269.3984375,54.080000000000005,8.297999432349801,26.8125,70342.0,False,False
1174,893.2758620689655,153.55862068965519,61.2625,8.831864899857669,46.84137931034483,95241.0,False,False
1175,890.3,1208.12,21.125000000000004,5.186249645218625,17.38,62075.0,False,False
1176,892.8375,197.425,33.800000000000004,6.560144557252417,13.5625,40078.0,False,False
1177,891.5689655172414,1239.5,24.505000000000003,5.58576181408903,19.0,51951.0,False,False
1178,896.2179487179487,174.33333333333334,32.955000000000005,6.477623730716943,19.807692307692307,80493.0,False,False
1179,898.6416666666667,252.21666666666667,50.7,8.034503402082343,30.466666666666665,69122.0,False,False
1180,895.9032258064516,1246.4516129032259,26.195000000000004,5.775163190277621,20.387096774193548,45602.0,False,False
1181,900.3466666666667,241.58666666666667,63.37500000000001,8.982847886254723,15.013333333333334,63251.0,False,False
1182,899.1454545454545,277.55454545454546,46.475,7.692451354514157,15.309090909090909,68010.0,False,False
1183,902.3548387096774,798.2442396313364,91.6825,10.804341005363613,10.133640552995391,44401.0,False,False
1184,903.3083333333333,810.4916666666667,50.7,8.034503402082343,13.783333333333333,51566.0,False,False
1185,902.0384615384615,1224.3461538461538,21.970000000000002,5.288957628666685,21.673076923076923,68042.0,False,False
1186,906.53,761.88,42.25000000000001,7.3344645861208315,15.34,54700.0,False,False
1187,905.2207792207793,1129.0,32.532500000000006,6.4359665543799,20.324675324675326,60094.0,False,False
1188,903.6,1145.7555555555555,19.012500000000003,4.920108417939312,16.666666666666668,65741.0,False,False
1189,906.9069767441861,748.3139534883721,36.335,6.801702644040839,16.74418604651163,53073.0,False,False
1190,907.6530612244898,721.8979591836735,41.405,7.260749503306075,13.540816326530612,50989.0,False,False
1191,910.55,201.12142857142857,59.150000000000006,8.67825553156191,10.335714285714285,41076.0,False,False
1192,909.7037037037037,441.06666666666666,57.03750000000001,8.521877758618217,13.422222222222222,50916.0,False,False
1193,909.209090909091,458.07272727272726,46.475,7.692451354514157,16.354545454545455,47138.0,False,False
1194,907.7843137254902,1184.0980392156862,21.547500000000003,5.237855390346407,29.784313725490197,76878.0,False,True
1195,912.2262773722628,276.64233576642334,57.88250000000001,8.584770698634475,15.897810218978103,57614.0,False,False
1196,914.562874251497,230.7185628742515,70.5575,9.47821708854842,15.568862275449101,44222.0,False,False
1197,912.595041322314,475.9834710743802,51.1225,8.067911044732915,13.264462809917354,49407.0,False,False
1198,909.8723404255319,1105.0,19.8575,5.028255588131782,20.404255319148938,67723.0,False,False
1199,912.0579710144928,151.3913043478261,29.152500000000003,6.092463855279885,117.57971014492753,92893.0,True,True
1200,911.3829787234042,396.8936170212766,19.8575,5.028255588131782,28.382978723404257,85595.0,False,False
1201,913.6914893617021,1213.3191489361702,39.715,7.1110272478142695,41.861702127659576,84269.0,False,False
1202,913.0714285714286,1230.3367346938776,41.405,7.260749503306075,18.836734693877553,74368.0,False,False
1203,912.875,162.453125,27.040000000000003,5.867571668896666,58.421875,92966.0,False,False
1204,915.3815789473684,832.2697368421053,64.22000000000001,9.042535239792663,23.36842105263158,102115.0,False,False
1205,916.8991596638656,240.7731092436975,50.2775,8.000956268498294,14.957983193277311,47368.0,False,False
1206,917.7682926829268,257.4390243902439,34.645,6.641640160935379,16.353658536585368,49345.0,False,False
1207,919.290909090909,189.4181818181818,46.475,7.692451354514157,11.172727272727272,42734.0,False,False
1208,919.9479166666666,377.3020833333333,40.56,7.186278309003779,76.625,105995.0,False,False
1209,920.1276595744681,719.5851063829788,39.715,7.1110272478142695,13.319148936170214,44654.0,False,False
1210,921.4444444444445,806.9382716049382,68.44500000000001,9.335249361393526,15.45679012345679,47645.0,False,False
1211,919.0947368421052,1168.1684210526316,40.1375,7.148751795020415,22.57894736842105,83100.0,False,False
1212,919.6760563380282,1240.4225352112676,29.997500000000002,6.180129710871209,21.535211267605632,62507.0,False,False
1213,920.5,1187.4444444444443,15.21,4.4006787516724994,16.22222222222222,97489.0,False,False
1214,925.261744966443,770.6241610738255,62.95250000000001,8.952854988211321,16.604026845637584,48598.0,False,False
1215,923.6265060240963,795.8915662650602,35.0675,6.682015245043993,12.168674698795181,46815.0,False,False
1216,925.2232142857143,404.7142857142857,47.32000000000001,7.762067717874401,16.785714285714285,65389.0,False,False
1217,930.4778156996587,220.28327645051195,123.79250000000002,12.554581089850336,10.709897610921502,34992.0,False,True
1218,928.6699029126214,415.66990291262135,43.517500000000005,7.443668577254932,15.805825242718447,52746.0,False,False
1219,931.2237762237762,195.44055944055944,60.417500000000004,8.770743993187619,10.832167832167832,35524.0,False,False
1220,933.0,832.3174603174604,106.47000000000001,11.6431015768116,13.05952380952381,74554.0,False,False
1221,930.5845070422536,818.3591549295775,59.995000000000005,8.740023254338977,20.161971830985916,56051.0,False,False
1222,931.1063829787234,168.5212765957447,39.715,7.1110272478142695,10.861702127659575,62124.0,False,False
1223,934.6502732240438,269.8306010928962,77.31750000000001,9.92187978661609,13.333333333333334,36698.0,False,False
1224,933.1279069767442,787.7383720930233,72.67,9.619060126431496,12.11046511627907,53725.0,False,False
1225,930.4383561643835,1209.7945205479452,30.842500000000005,6.266569289371519,81.82191780821918,94287.0,True,True
1226,932.1860465116279,568.1860465116279,36.335,6.801702644040839,9.162790697674419,59499.0,False,True
1227,931.8888888888889,1132.063492063492,26.617500000000003,5.8215507884058,20.047619047619047,69941.0,False,False
1228,932.329268292683,1237.4268292682927,34.645,6.641640160935379,17.23170731707317,72304.0,False,False
1229,932.0689655172414,1255.9827586206898,24.505000000000003,5.58576181408903,24.637931034482758,36314.0,False,False
1230,934.7731958762887,258.5773195876289,40.9825,7.22360987610134,10.536082474226804,37642.0,False,False
1231,934.1833333333333,447.14166666666665,50.7,8.034503402082343,13.608333333333333,43269.0,False,False
1232,933.9102564102565,1174.448717948718,32.955000000000005,6.477623730716943,31.17948717948718,98929.0,False,False
1233,935.6728971962617,179.02803738317758,45.2075,7.586829161027343,9.953271028037383,39392.0,False,False
1234,936.9357142857143,244.2642857142857,59.150000000000006,8.67825553156191,8.664285714285715,36220.0,False,False
1235,936.4666666666667,233.50666666666666,31.687500000000004,6.351832654737959,10.773333333333333,34349.0,False,False
1236,936.0,1165.2985074626865,28.307500000000005,6.003518003020447,58.6865671641791,90527.0,True,True
1237,935.188679245283,1219.4150943396226,22.392500000000002,5.3395708165996005,21.81132075471698,93322.0,False,False
1238,936.5961538461538,717.1153846153846,21.970000000000002,5.288957628666685,14.923076923076923,41216.0,False,False
1239,941.3185840707964,415.646017699115,47.74250000000001,7.796642800880295,13.946902654867257,43224.0,False,True
1240,940.6397058823529,432.125,57.46000000000001,8.553382035223404,14.132352941176471,41914.0,False,True
1241,940.2881355932203,158.6949152542373,24.927500000000002,5.633709146857493,11.016949152542374,47414.0,False,False
1242,939.8630136986301,170.013698630137,30.842500000000005,6.266569289371519,10.73972602739726,40594.0,False,False
1243,940.4461538461538,1212.9384615384615,27.462500000000002,5.913234393907399,32.38461538461539,98869.0,False,False
1244,944.5446428571429,790.3482142857143,94.64000000000001,10.977221438676356,12.066964285714286,59317.0,False,False
1245,941.1724137931035,820.4913793103449,49.010000000000005,7.8994601136704485,18.482758620689655,53870.0,False,False
1246,941.0,1110.5,12.675,4.017251701041172,14.966666666666667,65929.0,False,False
1247,942.1176470588235,1221.4558823529412,28.730000000000004,6.048154439185661,26.014705882352942,91822.0,False,False
1248,945.1354166666666,151.9375,40.56,7.186278309003779,8.854166666666666,36398.0,False,False
1249,945.425,466.8,50.7,8.034503402082343,11.575,36964.0,False,False
1250,945.4907407407408,198.2037037037037,45.63,7.622199185685551,9.898148148148149,31106.0,False,False
1251,945.0297029702971,447.9306930693069,42.67250000000001,7.371045683803026,14.782178217821782,39271.0,False,True
1252,942.925925925926,1078.4074074074074,11.4075,3.8110995928427753,26.444444444444443,96954.0,False,False
1253,945.26,178.98,21.125000000000004,5.186249645218625,13.24,33122.0,False,False
1254,948.6494845360825,210.5257731958763,40.9825,7.22360987610134,8.29896907216495,30481.0,False,False
1255,948.7410714285714,1125.9107142857142,47.32000000000001,7.762067717874401,19.919642857142858,61617.0,False,False
1256,946.5681818181819,756.3181818181819,18.590000000000003,4.865133414062422,15.409090909090908,66878.0,False,False
1257,948.7590361445783,833.5180722891566,35.0675,6.682015245043993,14.975903614457831,55188.0,False,False
1258,951.9202898550725,394.10869565217394,58.30500000000001,8.616045012404687,10.03623188405797,37485.0,False,False
1259,949.6122448979592,1093.6530612244899,20.7025,5.134125210284583,19.183673469387756,99119.0,False,False
1260,951.6528925619834,414.8595041322314,51.1225,8.067911044732915,12.694214876033058,36956.0,False,False
1261,952.1022727272727,1163.1704545454545,37.18000000000001,6.880337656921596,26.272727272727273,93010.0,False,False
1262,952.5365853658536,1116.1097560975609,34.645,6.641640160935379,16.804878048780488,61732.0,False,False
1263,953.82,350.03,42.25000000000001,7.3344645861208315,8.29,40294.0,False,False
1264,956.0076923076923,450.7230769230769,54.925000000000004,8.362576277354894,9.669230769230769,34091.0,False,False
1265,952.9454545454546,742.1818181818181,23.2375,5.439384516724603,12.072727272727272,59919.0,False,False
1266,954.1388888888889,1154.3333333333333,30.42,6.223499574262349,26.11111111111111,86039.0,False,False
1267,955.9302325581396,1135.1627906976744,36.335,6.801702644040839,16.023255813953487,65781.0,False,False
1268,955.578125,1235.9375,27.040000000000003,5.867571668896666,21.71875,64687.0,False,False
1269,958.3387096774194,476.28225806451616,52.39000000000001,8.167314108608483,8.959677419354838,32106.0,False,False
1270,955.7368421052631,1193.859649122807,24.082500000000003,5.537399329656889,46.05263157894737,99008.0,False,False
1271,956.0655737704918,1242.8524590163934,25.7725,5.728399965669906,15.59016393442623,56309.0,False,False
1272,956.622641509434,728.1698113207547,22.392500000000002,5.3395708165996005,16.150943396226417,41620.0,False,False
1273,958.7111111111111,406.85555555555555,38.025000000000006,6.958084052995808,9.188888888888888,33020.0,False,False
1274,961.1397849462365,302.31182795698925,39.292500000000004,7.073101498742004,9.548387096774194,34846.0,False,False
1275,965.4634146341464,427.4512195121951,69.29,9.392697591996637,8.048780487804878,31023.0,False,False
1276,962.4615384615385,1078.0615384615385,27.462500000000002,5.913234393907399,95.58461538461539,109218.0,False,False
1277,961.5409836065573,1154.7868852459017,25.7725,5.728399965669906,21.0327868852459,80898.0,False,False
1278,962.3469387755102,335.6938775510204,20.7025,5.134125210284583,8.795918367346939,31666.0,False,False
1279,963.5806451612904,359.59139784946234,39.292500000000004,7.073101498742004,9.559139784946236,31932.0,False,False
1280,963.75,193.82142857142858,23.660000000000004,5.488610719338178,8.517857142857142,28324.0,False,False
1281,963.5846153846154,1146.6461538461538,27.462500000000002,5.913234393907399,18.0,72017.0,False,False
1282,966.2395833333334,412.7916666666667,40.56,7.186278309003779,9.697916666666666,29782.0,False,False
1283,967.2605042016806,161.78991596638656,50.2775,8.000956268498294,7.848739495798319,24992.0,False,False
1284,965.7872340425532,351.1914893617021,19.8575,5.028255588131782,8.659574468085106,29564.0,False,False
1285,966.6792452830189,284.41509433962267,22.392500000000002,5.3395708165996005,9.264150943396226,34568.0,False,False
1286,966.2716049382716,1108.641975308642,34.222500000000004,6.601018127508749,16.691358024691358,76775.0,False,False
1287,971.5151515151515,1175.8686868686868,41.82750000000001,7.297700121093632,21.98989898989899,84655.0,False,False
1288,969.9230769230769,1230.4102564102564,16.477500000000003,4.5803716659648535,21.256410256410255,68630.0,False,False
1289,970.21875,1223.21875,13.520000000000001,4.148999716174901,15.53125,72805.0,False,False
1290,973.0843373493976,173.87951807228916,35.0675,6.682015245043993,8.25301204819277,26039.0,False,False
1291,972.1162790697674,734.1162790697674,18.1675,4.809530063215748,11.395348837209303,52587.0,False,False
1292,974.7424242424242,346.1515151515151,27.885,5.958547197508803,6.4393939393939394,25147.0,False,False
1293,976.5642857142857,461.0785714285714,59.150000000000006,8.67825553156191,7.15,27220.0,False,False
1294,973.5405405405405,1257.3243243243244,15.632500000000002,4.4613806364255035,18.43243243243243,38446.0,False,False
1295,977.5714285714286,188.14285714285714,50.2775,8.000956268498294,8.873949579831933,26264.0,False,False
1296,975.044776119403,407.8805970149254,28.307500000000005,6.003518003020447,8.671641791044776,26195.0,False,False
1297,974.9795918367347,1058.0816326530612,20.7025,5.134125210284583,31.612244897959183,93950.0,False,False
1298,978.2727272727273,205.2207792207792,32.532500000000006,6.4359665543799,9.38961038961039,26410.0,False,False
1299,979.5567010309278,382.29896907216494,40.9825,7.22360987610134,9.22680412371134,25972.0,False,False
1300,980.5871559633027,442.302752293578,46.0525,7.6574058357851245,7.458715596330276,24938.0,False,False
1301,977.9268292682926,1234.8536585365853,17.3225,4.696348795998318,15.926829268292684,65214.0,False,False
1302,980.6119402985074,304.95522388059703,28.307500000000005,6.003518003020447,7.746268656716418,26680.0,False,False
1303,980.3333333333334,478.75757575757575,27.885,5.958547197508803,7.9393939393939394,28287.0,False,False
1304,980.140625,1114.140625,27.040000000000003,5.867571668896666,25.578125,66245.0,False,False
1305,983.2093023255813,1242.4651162790697,36.335,6.801702644040839,21.41860465116279,56828.0,False,False
1306,982.9716981132076,1141.0754716981132,44.785000000000004,7.5512934660867375,17.669811320754718,63692.0,False,False
1307,984.1769911504425,1162.575221238938,47.74250000000001,7.796642800880295,24.672566371681416,66417.0,False,True
1308,988.5585585585585,361.5045045045045,46.89750000000001,7.727337934192946,8.135135135135135,23795.0,False,False
1309,987.8255813953489,1182.2558139534883,36.335,6.801702644040839,16.325581395348838,70313.0,False,False
1310,988.561403508772,717.0350877192982,24.082500000000003,5.537399329656889,8.24561403508772,32494.0,False,False
1311,989.972602739726,420.7671232876712,30.842500000000005,6.266569289371519,7.123287671232877,22868.0,False,False
1312,990.8676470588235,1110.6323529411766,28.730000000000004,6.048154439185661,22.455882352941178,69528.0,False,False
1313,990.1836734693877,1232.1632653061224,20.7025,5.134125210284583,21.367346938775512,73537.0,False,False
1314,995.9588235294118,432.7,71.825,9.562971834142516,6.405882352941177,22571.0,False,False
1315,997.6829268292682,1124.4634146341464,34.645,6.641640160935379,21.463414634146343,62596.0,False,False
1316,996.3142857142857,269.0857142857143,14.787500000000001,4.339127765780955,7.628571428571429,36714.0,False,False
1317,996.6666666666666,445.46666666666664,12.675,4.017251701041172,6.966666666666667,22441.0,False,False
1318,999.3939393939394,720.020202020202,41.82750000000001,7.297700121093632,8.797979797979798,29709.0,False,False
1319,997.5714285714286,1232.1020408163265,20.7025,5.134125210284583,16.93877551020408,73888.0,False,False
1320,1000.2921348314607,307.9550561797753,37.602500000000006,6.919320051920128,7.629213483146067,21057.0,False,False
1321,998.8275862068965,316.2758620689655,24.505000000000003,5.58576181408903,4.568965517241379,21065.0,False,False
1322,1000.9166666666666,704.8214285714286,35.49,6.722147829574334,8.535714285714286,29185.0,False,False
1323,1000.4406779661017,1076.9661016949153,24.927500000000002,5.633709146857493,18.23728813559322,84584.0,False,False
1324,1003.4360902255639,1150.248120300752,56.1925,8.458517193783473,14.18796992481203,62690.0,False,False
1325,1001.5185185185185,1257.962962962963,11.4075,3.8110995928427753,26.037037037037038,36830.0,False,False
1326,1002.6842105263158,375.13157894736844,32.11000000000001,6.394037987175715,6.184210526315789,21527.0,False,False
1327,1003.0181818181818,459.77272727272725,46.475,7.692451354514157,7.790909090909091,22284.0,False,False
1328,1002.3584905660377,1103.4150943396226,22.392500000000002,5.3395708165996005,19.037735849056602,73068.0,False,False
1329,1004.3225806451613,353.1774193548387,26.195000000000004,5.775163190277621,6.709677419354839,20420.0,False,False
1330,1008.25,1125.7236842105262,32.11000000000001,6.394037987175715,19.11842105263158,67815.0,False,False
1331,1011.2446808510638,1174.2553191489362,39.715,7.1110272478142695,14.148936170212766,56386.0,False,False
1332,1013.7604166666666,428.4270833333333,40.56,7.186278309003779,6.760416666666667,19706.0,False,False
1333,1012.78,315.76,21.125000000000004,5.186249645218625,5.56,18483.0,False,False
1334,1012.8450704225352,711.1408450704225,29.997500000000002,6.180129710871209,7.647887323943662,26468.0,False,False
1335,1017.4545454545455,222.77272727272728,46.475,7.692451354514157,5.818181818181818,25238.0,False,False
1336,1015.6219512195122,265.5,34.645,6.641640160935379,5.902439024390244,24563.0,False,False
1337,1014.6923076923077,353.5,10.985000000000001,3.7398578046385347,7.384615384615385,19411.0,False,False
1338,1021.6133333333333,235.45333333333335,31.687500000000004,6.351832654737959,7.933333333333334,25546.0,False,False
1339,1026.765306122449,214.89795918367346,41.405,7.260749503306075,5.479591836734694,20489.0,False,False
1340,1025.2673267326732,258.5049504950495,42.67250000000001,7.371045683803026,6.7227722772277225,22122.0,False,False
1341,1026.232142857143,449.2857142857143,47.32000000000001,7.762067717874401,5.839285714285714,19188.0,False,False
1342,1024.676923076923,482.67692307692306,27.462500000000002,5.913234393907399,7.2,20826.0,False,False
1343,1029.076923076923,789.0769230769231,16.477500000000003,4.5803716659648535,10.282051282051283,35219.0,False,False
1344,1031.1,574.02,21.125000000000004,5.186249645218625,8.92,23397.0,False,False
1345,1035.5955056179776,166.62921348314606,37.602500000000006,6.919320051920128,5.056179775280899,18696.0,False,False
1346,1035.9074074074074,684.0555555555555,45.63,7.622199185685551,6.064814814814815,24035.0,False,False
1347,1035.6326530612246,64.79591836734694,20.7025,5.134125210284583,4.816326530612245,18076.0,False,False
1348,1039.3779527559054,254.13385826771653,53.657500000000006,8.265521814841879,5.181102362204724,19300.0,False,False
1349,1040.0526315789473,342.2631578947368,24.082500000000003,5.537399329656889,6.578947368421052,18087.0,False,False
1350,1040.7288135593221,434.2881355932203,24.927500000000002,5.633709146857493,5.694915254237288,17862.0,False,False
1351,1044.129213483146,216.61797752808988,75.20500000000001,9.785396259825553,5.707865168539326,19080.0,False,False
1352,1043.9716981132076,231.0188679245283,44.785000000000004,7.5512934660867375,5.80188679245283,18979.0,False,False
1353,1040.921568627451,454.8627450980392,21.547500000000003,5.237855390346407,5.745098039215686,17630.0,False,False
1354,1044.56,65.44,31.687500000000004,6.351832654737959,7.653333333333333,18616.0,False,False
1355,1047.1592920353983,272.6194690265487,47.74250000000001,7.796642800880295,5.132743362831858,18481.0,False,False
1356,1042.2307692307693,706.5,10.985000000000001,3.7398578046385347,6.961538461538462,22333.0,False,False
1357,1042.5757575757575,748.4242424242424,13.9425,4.2133291293785735,6.424242424242424,28061.0,False,False
1358,1046.1875,51.84375,27.040000000000003,5.867571668896666,4.921875,18269.0,False,False
1359,1050.4,248.37391304347827,48.587500000000006,7.8653370162898755,5.191304347826087,18737.0,False,False
1360,1048.1904761904761,527.7619047619048,26.617500000000003,5.8215507884058,7.619047619047619,20633.0,False,False
1361,1048.3617021276596,1231.063829787234,19.8575,5.028255588131782,19.74468085106383,58678.0,False,False
1362,1050.103448275862,440.32758620689657,24.505000000000003,5.58576181408903,5.189655172413793,17159.0,False,False
1363,1052.4657534246576,679.3972602739726,30.842500000000005,6.266569289371519,6.136986301369863,22380.0,False,False
1364,1052.075,653.65,16.900000000000002,4.638722701997206,6.275,21869.0,False,False
1365,1051.7560975609756,758.0,17.3225,4.696348795998318,11.829268292682928,33087.0,False,False
1366,1053.952380952381,151.5595238095238,35.49,6.722147829574334,6.309523809523809,17188.0,False,False
1367,1054.2153846153847,236.2923076923077,27.462500000000002,5.913234393907399,5.569230769230769,18600.0,False,False
1368,1055.5377358490566,257.10377358490564,44.785000000000004,7.5512934660867375,6.39622641509434,18324.0,False,False
1369,1056.0756302521008,424.12605042016804,50.2775,8.000956268498294,5.361344537815126,16946.0,False,False
1370,1058.72131147541,467.3606557377049,25.7725,5.728399965669906,5.508196721311475,17576.0,False,False
1371,1061.328,157.44,52.81250000000001,8.200180696565521,5.056,17334.0,False,False
1372,1061.1846153846154,272.8538461538462,54.925000000000004,8.362576277354894,5.776923076923077,18676.0,False,False
1373,1060.9016393442623,476.327868852459,25.7725,5.728399965669906,5.836065573770492,18149.0,False,False
1374,1064.4222222222222,53.166666666666664,38.025000000000006,6.958084052995808,6.033333333333333,20628.0,False,False
1375,1060.4545454545455,338.030303030303,13.9425,4.2133291293785735,6.575757575757576,18661.0,False,False
1376,1062.8522727272727,542.2613636363636,37.18000000000001,6.880337656921596,5.295454545454546,19965.0,False,False
1377,1062.921052631579,1232.5263157894738,16.055000000000003,4.5212676198963315,17.973684210526315,54560.0,False,False
1378,1073.6745562130177,221.20118343195267,71.4025,9.534803961957083,5.781065088757397,15730.0,False,False
1379,1069.5208333333333,41.75,20.28,5.081466123790367,6.229166666666667,19236.0,False,False
1380,1070.0,71.0754716981132,22.392500000000002,5.3395708165996005,6.943396226415095,19769.0,False,False
1381,1069.78125,434.765625,27.040000000000003,5.867571668896666,5.859375,15222.0,False,False
1382,1071.5853658536585,272.9756097560976,17.3225,4.696348795998318,6.414634146341464,16727.0,False,False
1383,1072.8181818181818,26.0,23.2375,5.439384516724603,8.218181818181819,18602.0,False,False
1384,1073.8064516129032,425.73118279569894,39.292500000000004,7.073101498742004,4.709677419354839,14108.0,False,False
1385,1073.3623188405797,498.17391304347825,29.152500000000003,6.092463855279885,5.927536231884058,15878.0,False,False
1386,1073.2857142857142,761.6285714285714,14.787500000000001,4.339127765780955,6.9714285714285715,23707.0,False,False
1387,1075.7125,245.1375,33.800000000000004,6.560144557252417,5.9375,14996.0,False,False
1388,1074.4375,401.0625,13.520000000000001,4.148999716174901,5.8125,14254.0,False,False
1389,1076.7291666666667,552.25,20.28,5.081466123790367,6.229166666666667,15675.0,False,False
1390,1076.6,1237.5142857142857,14.787500000000001,4.339127765780955,17.62857142857143,41737.0,False,False
1391,1078.875,388.65,33.800000000000004,6.560144557252417,5.55,13109.0,False,False
1392,1081.25,171.0,20.28,5.081466123790367,6.166666666666667,12809.0,False,False
1393,1082.7894736842106,263.64912280701753,24.082500000000003,5.537399329656889,6.56140350877193,12819.0,False,False
1394,1084.0253164556962,541.2405063291139,33.377500000000005,6.519014718835807,6.417721518987341,12735.0,False,False
1395,1084.655737704918,271.91803278688525,25.7725,5.728399965669906,6.754098360655738,12307.0,False,False
1396,1085.392857142857,422.1607142857143,23.660000000000004,5.488610719338178,5.464285714285714,10502.0,False,False
1397,1087.1818181818182,285.97727272727275,18.590000000000003,4.865133414062422,6.7272727272727275,11551.0,False,False
1398,1087.8987341772151,250.9746835443038,33.377500000000005,6.519014718835807,6.556962025316456,10789.0,False,False
1399,1087.6060606060605,27.515151515151516,13.9425,4.2133291293785735,6.878787878787879,14312.0,False,False
