label,centroid_y,centroid_x,area_um2,diameter_um,dapi_mean_intensity,wfa_sum_intensity,is_pnn_plus,is_pv_plus
1,1.8125,336.5,13.520000000000001,4.148999716174901,11.15625,17885.0,False,False
2,2.0344827586206895,574.5,24.505000000000003,5.58576181408903,10.46551724137931,17393.0,False,False
3,5.807228915662651,850.3855421686746,70.135,9.449796583524995,10.620481927710843,21233.0,False,False
4,5.145985401459854,864.3503649635037,57.88250000000001,8.584770698634475,7.54014598540146,21445.0,False,False
5,3.675213675213675,934.7350427350427,49.432500000000005,7.933436443000028,8.931623931623932,20298.0,False,False
6,4.208695652173913,966.4956521739131,48.587500000000006,7.8653370162898755,6.826086956521739,18233.0,False,False
7,7.406666666666666,1168.6466666666668,63.37500000000001,8.982847886254723,10.526666666666667,22895.0,False,False
8,2.7419354838709675,173.4516129032258,13.097500000000002,4.083657054304242,9.870967741935484,15200.0,False,False
9,4.5,311.5,20.28,5.081466123790367,10.291666666666666,17310.0,False,False
10,9.572916666666666,782.3541666666666,81.12,10.162932247580734,8.291666666666666,20697.0,False,False
11,4.147286821705427,813.2170542635658,54.502500000000005,8.33035043001963,6.186046511627907,16563.0,False,False
12,4.891304347826087,323.2391304347826,19.435000000000002,4.974475907261778,10.652173913043478,18653.0,False,False
13,6.05,604.5375,33.800000000000004,6.560144557252417,8.0625,18236.0,False,False
14,8.755,914.74,84.50000000000001,10.37249929043725,11.79,26186.0,False,False
15,7.91743119266055,837.651376146789,46.0525,7.6574058357851245,11.247706422018348,20882.0,False,False
16,10.074766355140186,441.5607476635514,45.2075,7.586829161027343,9.280373831775702,24006.0,False,False
17,11.116666666666667,1155.9333333333334,50.7,8.034503402082343,14.1,27886.0,False,True
18,12.681818181818182,359.53636363636366,46.475,7.692451354514157,9.927272727272728,27698.0,False,False
19,10.018518518518519,216.90740740740742,22.815,5.389708731752834,8.555555555555555,17696.0,False,False
20,11.451612903225806,584.0645161290323,39.292500000000004,7.073101498742004,11.279569892473118,22882.0,False,False
21,13.511627906976743,617.1472868217054,54.502500000000005,8.33035043001963,7.9147286821705425,23711.0,False,False
22,11.71264367816092,627.9425287356322,36.7575,6.8411331346205175,8.126436781609195,22691.0,False,False
23,13.97080291970803,961.6642335766423,57.88250000000001,8.584770698634475,9.86861313868613,25391.0,False,False
24,13.282352941176471,246.42352941176472,35.9125,6.762042232218129,7.6117647058823525,20152.0,False,False
25,15.732758620689655,879.5689655172414,49.010000000000005,7.8994601136704485,10.275862068965518,29994.0,False,False
26,13.545454545454545,172.72727272727272,9.295000000000002,3.440168828460798,7.5,20424.0,False,False
27,22.524886877828056,1137.9638009049775,93.3725,10.903465476204527,12.90950226244344,38499.0,False,False
28,19.216,474.424,52.81250000000001,8.200180696565521,8.448,25025.0,False,False
29,21.736334405144696,1116.4147909967846,131.3975,12.93446918428965,15.315112540192926,34867.0,False,True
30,17.652173913043477,1190.0217391304348,19.435000000000002,4.974475907261778,8.282608695652174,25488.0,False,False
31,19.585365853658537,332.3780487804878,34.645,6.641640160935379,9.609756097560975,32061.0,False,False
32,22.757731958762886,949.3814432989691,81.965,10.215727056074748,10.164948453608247,32510.0,False,False
33,22.366336633663366,624.8514851485148,42.67250000000001,7.371045683803026,9.089108910891088,28928.0,False,False
34,23.895652173913042,784.4782608695652,48.587500000000006,7.8653370162898755,8.556521739130435,27549.0,False,False
35,24.388535031847134,1155.1337579617834,66.33250000000001,9.190057785517194,11.101910828025478,36658.0,False,False
36,24.746153846153845,459.2153846153846,54.925000000000004,8.362576277354894,9.938461538461539,28978.0,False,False
37,26.10843373493976,224.27710843373495,35.0675,6.682015245043993,7.337349397590361,25117.0,False,False
38,25.45,974.31,42.25000000000001,7.3344645861208315,11.69,30827.0,False,False
39,30.361386138613863,1172.920792079208,85.34500000000001,10.424232774905905,8.207920792079207,33067.0,False,False
40,26.386666666666667,192.16,31.687500000000004,6.351832654737959,7.226666666666667,24810.0,False,False
41,27.772727272727273,442.06363636363636,46.475,7.692451354514157,13.318181818181818,31358.0,False,False
42,29.426966292134832,309.34831460674155,37.602500000000006,6.919320051920128,7.573033707865169,31455.0,False,False
43,29.09259259259259,583.324074074074,45.63,7.622199185685551,8.685185185185185,32332.0,False,False
44,28.950617283950617,799.7037037037037,34.222500000000004,6.601018127508749,8.938271604938272,26916.0,False,False
45,29.047619047619047,666.4444444444445,26.617500000000003,5.8215507884058,5.682539682539683,29946.0,False,False
46,28.966666666666665,926.6,25.35,5.681251839078812,10.25,42100.0,False,False
47,30.5,386.14285714285717,41.405,7.260749503306075,9.846938775510203,36418.0,False,False
48,33.201550387596896,908.5271317829457,54.502500000000005,8.33035043001963,14.015503875968992,43729.0,False,False
49,33.76923076923077,779.7692307692307,43.940000000000005,7.479715609277069,6.798076923076923,30041.0,False,False
50,36.24,846.64,52.81250000000001,8.200180696565521,11.424,33131.0,False,False
51,39.62692307692308,862.0230769230769,109.85000000000001,11.826468787814798,8.430769230769231,33992.0,False,False
52,35.114285714285714,917.7428571428571,29.575000000000003,6.136453335237093,19.485714285714284,44184.0,False,False
53,35.31111111111111,825.5333333333333,38.025000000000006,6.958084052995808,10.555555555555555,30513.0,False,False
54,40.111111111111114,450.5833333333333,76.05000000000001,9.840216835878625,7.205555555555556,30896.0,False,False
55,37.072463768115945,601.3913043478261,29.152500000000003,6.092463855279885,11.318840579710145,32646.0,False,False
56,37.666666666666664,301.5,12.675,4.017251701041172,10.633333333333333,30525.0,False,False
57,40.99375,345.66875,67.60000000000001,9.277445403994411,22.23125,44142.0,False,True
58,39.950980392156865,1064.1764705882354,43.095000000000006,7.407446130776911,8.509803921568627,31268.0,False,False
59,40.45454545454545,802.5454545454545,32.532500000000006,6.4359665543799,9.272727272727273,28108.0,False,False
60,40.34782608695652,834.9710144927536,29.152500000000003,6.092463855279885,11.565217391304348,31224.0,False,False
61,41.7828947368421,968.4671052631579,64.22000000000001,9.042535239792663,8.875,34828.0,False,False
62,43.18857142857143,1155.702857142857,73.93750000000001,9.702584647343,9.942857142857143,35533.0,False,False
63,43.390243902439025,278.609756097561,51.96750000000001,8.134314724734013,8.154471544715447,29763.0,False,False
64,44.554545454545455,404.59090909090907,46.475,7.692451354514157,10.481818181818182,37170.0,False,False
65,44.23762376237624,1132.8415841584158,42.67250000000001,7.371045683803026,10.584158415841584,39187.0,False,False
66,46.879629629629626,293.8796296296296,45.63,7.622199185685551,7.925925925925926,30143.0,False,False
67,45.16949152542373,620.6779661016949,24.927500000000002,5.633709146857493,11.525423728813559,34888.0,False,False
68,45.85344827586207,926.9655172413793,49.010000000000005,7.8994601136704485,12.224137931034482,44324.0,False,False
69,49.699367088607595,1115.3544303797469,133.51000000000002,13.038029437671614,12.55379746835443,36532.0,False,False
70,47.03370786516854,790.1573033707865,37.602500000000006,6.919320051920128,9.280898876404494,27152.0,False,False
71,49.05,904.0928571428572,59.150000000000006,8.67825553156191,17.014285714285716,44770.0,False,False
72,47.26548672566372,914.70796460177,47.74250000000001,7.796642800880295,22.194690265486727,45417.0,False,False
73,47.28455284552845,942.3658536585366,51.96750000000001,8.134314724734013,13.796747967479675,39581.0,False,False
74,46.78048780487805,631.7073170731708,34.645,6.641640160935379,10.012195121951219,34072.0,False,False
75,48.292857142857144,1056.4857142857143,59.150000000000006,8.67825553156191,9.185714285714285,32136.0,False,False
76,51.941520467836256,1094.3216374269007,72.2475,9.591056980763573,12.409356725146198,34059.0,False,False
77,49.69642857142857,610.625,47.32000000000001,7.762067717874401,11.821428571428571,35784.0,False,False
78,50.71900826446281,479.801652892562,51.1225,8.067911044732915,10.330578512396695,28822.0,False,False
79,55.5,568.0154639175257,81.965,10.215727056074748,10.778350515463918,37071.0,False,False
80,55.27507163323782,1075.4412607449856,147.45250000000001,13.701910595608979,10.593123209169054,32260.0,False,False
81,51.83076923076923,314.2076923076923,54.925000000000004,8.362576277354894,10.815384615384616,34960.0,False,False
82,52.126315789473686,956.2947368421053,40.1375,7.148751795020415,12.68421052631579,34657.0,False,False
83,54.47727272727273,1168.3939393939395,55.77,8.426658258757147,12.037878787878787,32727.0,False,False
84,54.50354609929078,583.7021276595744,59.572500000000005,8.709194152086374,9.035460992907801,34837.0,False,False
85,58.520930232558136,1185.3116279069768,90.8375,10.754436161179271,8.581395348837209,31467.0,False,False
86,56.30718954248366,344.37908496732024,64.64250000000001,9.072231658778492,13.88888888888889,47581.0,False,False
87,55.708333333333336,846.3958333333334,60.84,8.801357503344999,9.909722222222221,31371.0,False,False
88,55.71296296296296,451.35185185185185,45.63,7.622199185685551,8.583333333333334,30649.0,False,False
89,56.285714285714285,234.54285714285714,29.575000000000003,6.136453335237093,10.271428571428572,30193.0,False,False
90,56.62376237623762,254.2871287128713,42.67250000000001,7.371045683803026,9.405940594059405,31699.0,False,False
91,56.48780487804878,375.2317073170732,34.645,6.641640160935379,19.036585365853657,51997.0,False,False
92,58.76433121019108,894.2738853503184,66.33250000000001,9.190057785517194,13.305732484076433,42032.0,False,False
93,60.766129032258064,606.3951612903226,52.39000000000001,8.167314108608483,11.89516129032258,38014.0,False,False
94,59.333333333333336,620.3650793650794,26.617500000000003,5.8215507884058,11.777777777777779,38436.0,False,False
95,67.04639175257732,429.0670103092784,81.965,10.215727056074748,10.54639175257732,33457.0,False,False
96,62.01298701298701,316.2857142857143,32.532500000000006,6.4359665543799,13.922077922077921,35270.0,False,False
97,64.05645161290323,388.8306451612903,52.39000000000001,8.167314108608483,11.71774193548387,49590.0,False,False
98,65.38524590163935,939.0983606557377,51.545,8.101180922147954,9.278688524590164,38678.0,False,False
99,65.125,953.8416666666667,50.7,8.034503402082343,9.9,33360.0,False,False
100,65.55844155844156,654.2857142857143,32.532500000000006,6.4359665543799,8.753246753246753,31261.0,False,False
101,66.78985507246377,844.072463768116,58.30500000000001,8.616045012404687,9.021739130434783,30480.0,False,False
102,67.88636363636364,233.79545454545453,37.18000000000001,6.880337656921596,8.863636363636363,30520.0,False,False
103,69.23214285714286,212.55357142857142,47.32000000000001,7.762067717874401,9.205357142857142,28901.0,False,False
104,69.23684210526316,346.39473684210526,32.11000000000001,6.394037987175715,14.631578947368421,51238.0,False,False
105,70.91304347826087,854.1304347826087,48.587500000000006,7.8653370162898755,9.582608695652175,30280.0,False,False
106,69.7956204379562,1134.6569343065694,57.88250000000001,8.584770698634475,8.058394160583942,31540.0,False,False
107,69.6969696969697,1167.378787878788,55.77,8.426658258757147,8.333333333333334,32233.0,False,False
108,71.58227848101266,302.56962025316454,33.377500000000005,6.519014718835807,9.974683544303797,33593.0,False,False
109,70.80346820809248,1152.78612716763,73.0925,9.646981985240508,9.329479768786127,31380.0,False,False
110,72.04444444444445,251.67777777777778,38.025000000000006,6.958084052995808,11.11111111111111,35514.0,False,False
111,73.4074074074074,824.7555555555556,57.03750000000001,8.521877758618217,9.696296296296296,30367.0,False,False
112,72.13461538461539,972.4038461538462,21.970000000000002,5.288957628666685,9.173076923076923,31375.0,False,False
113,76.73006134969326,193.66257668711657,68.8675,9.364017532397558,7.380368098159509,32666.0,False,False
114,72.0,591.8723404255319,19.8575,5.028255588131782,10.48936170212766,36045.0,False,False
115,73.11111111111111,865.4603174603175,26.617500000000003,5.8215507884058,10.587301587301587,30442.0,False,False
116,72.89473684210526,1196.7894736842106,24.082500000000003,5.537399329656889,9.666666666666666,31335.0,False,False
117,75.51694915254237,948.3898305084746,49.855000000000004,7.967267881951225,9.177966101694915,32781.0,False,False
118,77.37974683544304,329.3544303797468,66.75500000000001,9.219279028687428,10.012658227848101,39213.0,False,False
119,79.26344086021506,1182.8870967741937,78.58500000000001,10.002876067562408,8.596774193548388,34053.0,False,False
120,75.75,226.0625,20.28,5.081466123790367,10.479166666666666,30162.0,False,False
121,79.37162162162163,285.6756756756757,62.53000000000001,8.922761272851007,8.97972972972973,37068.0,False,False
122,78.08910891089108,959.0990099009902,42.67250000000001,7.371045683803026,9.485148514851485,30548.0,False,False
123,79.15533980582525,1222.4368932038835,43.517500000000005,7.443668577254932,8.74757281553398,29199.0,False,False
124,80.96551724137932,256.69827586206895,49.010000000000005,7.8994601136704485,9.327586206896552,37859.0,False,False
125,81.67826086956522,274.76521739130436,48.587500000000006,7.8653370162898755,13.478260869565217,38566.0,False,False
126,81.69918699186992,299.0975609756098,51.96750000000001,8.134314724734013,8.991869918699187,34743.0,False,False
127,80.54022988505747,650.9540229885057,36.7575,6.8411331346205175,9.724137931034482,35947.0,False,False
128,80.36206896551724,68.22413793103448,24.505000000000003,5.58576181408903,7.086206896551724,24431.0,False,False
129,83.84563758389261,315.8523489932886,62.95250000000001,8.952854988211321,11.476510067114093,34733.0,False,False
130,79.73809523809524,593.0952380952381,17.745,4.753276314430444,11.0,36842.0,False,False
131,81.24050632911393,921.1772151898734,33.377500000000005,6.519014718835807,11.822784810126583,38204.0,False,False
132,83.71969696969697,347.34090909090907,55.77,8.426658258757147,15.606060606060606,47508.0,False,False
133,82.82857142857142,972.8571428571429,29.575000000000003,6.136453335237093,6.614285714285714,29611.0,False,False
134,85.34343434343434,107.04040404040404,41.82750000000001,7.297700121093632,6.545454545454546,23382.0,False,False
135,84.23148148148148,825.675925925926,45.63,7.622199185685551,8.601851851851851,33140.0,False,False
136,84.48571428571428,1199.3857142857144,29.575000000000003,6.136453335237093,9.714285714285714,33805.0,False,False
137,84.45454545454545,1214.969696969697,27.885,5.958547197508803,6.53030303030303,29224.0,False,False
138,83.6923076923077,81.61538461538461,10.985000000000001,3.7398578046385347,7.115384615384615,23662.0,False,False
139,88.55045871559633,230.77981651376146,46.0525,7.6574058357851245,9.990825688073395,31616.0,False,False
140,85.85882352941177,804.8588235294118,35.9125,6.762042232218129,8.91764705882353,32092.0,False,False
141,87.87640449438203,90.4494382022472,37.602500000000006,6.919320051920128,6.887640449438202,23583.0,False,False
142,86.0,1130.5,16.055000000000003,4.5212676198963315,7.157894736842105,29728.0,False,False
143,88.46268656716418,3.8955223880597014,28.307500000000005,6.003518003020447,8.850746268656716,15012.0,False,False
144,90.66379310344827,205.25862068965517,49.010000000000005,7.8994601136704485,8.258620689655173,33925.0,False,False
145,91.44628099173553,951.5206611570248,51.1225,8.067911044732915,9.570247933884298,29162.0,False,False
146,94.3913043478261,170.56521739130434,77.74000000000001,9.948951814523555,15.608695652173912,37039.0,False,False
147,90.44680851063829,259.0,19.8575,5.028255588131782,13.851063829787234,39274.0,False,False
148,93.35172413793103,273.75172413793103,61.2625,8.831864899857669,16.46206896551724,39576.0,False,False
149,94.14285714285714,298.1512605042017,50.2775,8.000956268498294,11.512605042016807,35018.0,False,False
150,94.1264367816092,246.183908045977,36.7575,6.8411331346205175,10.068965517241379,36999.0,False,False
151,93.44318181818181,1200.9545454545455,37.18000000000001,6.880337656921596,7.5227272727272725,35251.0,False,False
152,95.11224489795919,784.2551020408164,41.405,7.260749503306075,8.183673469387756,30682.0,False,False
153,97.81111111111112,872.9222222222222,38.025000000000006,6.958084052995808,8.077777777777778,31395.0,False,False
154,99.24299065420561,641.0841121495328,45.2075,7.586829161027343,13.25233644859813,41403.0,False,False
155,100.62043795620438,683.7372262773723,57.88250000000001,8.584770698634475,9.255474452554745,47093.0,False,False
156,101.05128205128206,83.5042735042735,49.432500000000005,7.933436443000028,6.632478632478633,24338.0,False,False
157,101.0677966101695,114.47457627118644,24.927500000000002,5.633709146857493,8.084745762711865,24638.0,False,False
158,103.08333333333333,653.6666666666666,40.56,7.186278309003779,9.3125,50588.0,False,False
159,101.37837837837837,958.0,31.265000000000004,6.309345002941657,8.716216216216216,29126.0,False,False
160,102.75268817204301,190.32258064516128,39.292500000000004,7.073101498742004,17.913978494623656,38237.0,False,False
161,102.68539325842697,247.86516853932585,37.602500000000006,6.919320051920128,10.617977528089888,37717.0,False,False
162,104.64077669902913,829.5339805825242,87.03500000000001,10.526937055764364,9.388349514563107,42793.0,False,False
163,102.12698412698413,929.8253968253969,26.617500000000003,5.8215507884058,7.634920634920635,31210.0,False,False
164,104.40983606557377,101.18032786885246,51.545,8.101180922147954,7.483606557377049,24062.0,False,False
165,105.96808510638297,35.8936170212766,39.715,7.1110272478142695,7.723404255319149,25816.0,False,False
166,104.10280373831776,133.9532710280374,45.2075,7.586829161027343,6.850467289719626,27595.0,False,False
167,105.24050632911393,238.58227848101265,33.377500000000005,6.519014718835807,9.468354430379748,35315.0,False,False
168,108.55,322.45416666666665,101.4,11.362503678157625,9.779166666666667,34519.0,False,False
169,107.13812154696133,791.0994475138122,76.47250000000001,9.867512912824576,7.922651933701657,35016.0,False,False
170,103.72972972972973,8.945945945945946,15.632500000000002,4.4613806364255035,8.432432432432432,17333.0,False,False
171,107.52136752136752,50.717948717948715,49.432500000000005,7.933436443000028,7.777777777777778,25490.0,False,False
172,110.48587570621469,343.59887005649716,74.78250000000001,9.75787047742269,12.11864406779661,38960.0,False,False
173,106.37662337662337,939.2207792207793,32.532500000000006,6.4359665543799,9.753246753246753,30200.0,False,False
174,109.39516129032258,1185.3306451612902,52.39000000000001,8.167314108608483,20.620967741935484,40897.0,False,True
175,106.91304347826087,145.5,19.435000000000002,4.974475907261778,7.956521739130435,31892.0,False,False
176,110.26315789473684,157.75438596491227,48.165000000000006,7.831065232276457,9.710526315789474,34695.0,False,False
177,109.13698630136986,645.2876712328767,30.842500000000005,6.266569289371519,11.972602739726028,47826.0,False,False
178,111.08,71.33,42.25000000000001,7.3344645861208315,9.94,25487.0,False,False
179,113.17391304347827,1201.1521739130435,58.30500000000001,8.616045012404687,9.434782608695652,38284.0,False,False
180,110.61111111111111,874.6111111111111,22.815,5.389708731752834,10.407407407407407,32220.0,False,False
181,112.61061946902655,1165.3628318584072,47.74250000000001,7.796642800880295,11.991150442477876,40535.0,False,False
182,113.0,813.042735042735,49.432500000000005,7.933436443000028,21.675213675213676,43390.0,False,False
183,113.45205479452055,848.7808219178082,30.842500000000005,6.266569289371519,16.643835616438356,42101.0,False,False
184,115.28846153846153,90.5576923076923,21.970000000000002,5.288957628666685,8.73076923076923,24681.0,False,False
185,118.06060606060606,235.46212121212122,55.77,8.426658258757147,10.848484848484848,34000.0,False,False
186,116.33870967741936,905.7903225806451,26.195000000000004,5.775163190277621,9.193548387096774,30849.0,False,False
187,118.7156862745098,136.12745098039215,43.095000000000006,7.407446130776911,8.196078431372548,28993.0,False,False
188,120.79661016949153,107.30508474576271,49.855000000000004,7.967267881951225,8.169491525423728,25403.0,False,False
189,119.63636363636364,638.7545454545455,46.475,7.692451354514157,10.445454545454545,42724.0,False,True
190,118.21153846153847,830.4038461538462,21.970000000000002,5.288957628666685,12.73076923076923,51922.0,False,False
191,118.48611111111111,918.7361111111111,30.42,6.223499574262349,8.555555555555555,30646.0,False,False
192,119.62337662337663,670.4805194805194,32.532500000000006,6.4359665543799,44.12987012987013,55246.0,True,False
193,125.68205128205128,30.143589743589743,82.3875,10.24202240731137,6.712820512820513,27828.0,False,False
194,119.825,44.95,33.800000000000004,6.560144557252417,8.35,27835.0,False,False
195,121.4245283018868,287.9339622641509,44.785000000000004,7.5512934660867375,11.89622641509434,38790.0,False,False
196,119.07692307692308,577.4358974358975,16.477500000000003,4.5803716659648535,8.974358974358974,31692.0,False,False
197,121.66,783.0,42.25000000000001,7.3344645861208315,8.56,33568.0,False,False
198,123.93181818181819,268.3333333333333,55.77,8.426658258757147,8.803030303030303,40436.0,False,False
199,124.37662337662337,87.6103896103896,32.532500000000006,6.4359665543799,6.363636363636363,25057.0,False,False
200,125.48,277.12,31.687500000000004,6.351832654737959,17.84,39804.0,False,False
201,126.3936170212766,1203.840425531915,39.715,7.1110272478142695,7.946808510638298,36500.0,False,False
202,127.33333333333333,192.2450980392157,43.095000000000006,7.407446130776911,12.333333333333334,37352.0,False,False
203,127.21527777777777,344.375,60.84,8.801357503344999,9.118055555555555,36573.0,False,False
204,125.82352941176471,836.6617647058823,28.730000000000004,6.048154439185661,24.205882352941178,53993.0,False,False
205,125.41025641025641,1245.4871794871794,16.477500000000003,4.5803716659648535,7.794871794871795,21900.0,False,False
206,125.4074074074074,67.48148148148148,11.4075,3.8110995928427753,6.962962962962963,25917.0,False,False
207,128.35576923076923,233.5,43.940000000000005,7.479715609277069,11.221153846153847,34185.0,False,False
208,129.32,632.568,52.81250000000001,8.200180696565521,9.152,37075.0,False,False
209,128.3780487804878,123.6829268292683,34.645,6.641640160935379,9.829268292682928,28247.0,False,False
210,132.24137931034483,320.6666666666667,73.515,9.6748232609803,8.873563218390805,33188.0,False,False
211,129.45454545454547,645.305785123967,51.1225,8.067911044732915,10.859504132231406,46526.0,False,True
212,128.27027027027026,857.4459459459459,31.265000000000004,6.309345002941657,11.797297297297296,45170.0,False,False
213,129.875,97.46428571428571,47.32000000000001,7.762067717874401,6.5625,25038.0,False,False
214,133.14074074074074,53.34074074074074,57.03750000000001,8.521877758618217,8.214814814814815,28156.0,False,False
215,132.05882352941177,1231.7411764705882,35.9125,6.762042232218129,8.364705882352942,27306.0,False,False
216,131.8148148148148,308.537037037037,22.815,5.389708731752834,11.592592592592593,34370.0,False,False
217,133.71844660194174,967.2038834951456,43.517500000000005,7.443668577254932,11.563106796116505,33645.0,False,False
218,135.02654867256638,270.2566371681416,47.74250000000001,7.796642800880295,8.778761061946902,39147.0,False,False
219,136.71681415929203,181.21238938053096,47.74250000000001,7.796642800880295,10.283185840707965,35761.0,False,False
220,135.90322580645162,211.5483870967742,13.097500000000002,4.083657054304242,10.612903225806452,34562.0,False,False
221,141.2434210526316,18.57236842105263,64.22000000000001,9.042535239792663,9.736842105263158,24285.0,False,False
222,140.858407079646,29.221238938053098,47.74250000000001,7.796642800880295,16.58407079646018,27927.0,False,False
223,139.584,146.232,52.81250000000001,8.200180696565521,10.528,32452.0,False,False
224,137.08510638297872,232.85106382978722,19.8575,5.028255588131782,10.808510638297872,34691.0,False,False
225,138.0204081632653,254.6530612244898,20.7025,5.134125210284583,11.16326530612245,36200.0,False,False
226,141.9009900990099,758.1584158415842,42.67250000000001,7.371045683803026,9.801980198019802,33664.0,False,False
227,141.99367088607596,303.39240506329116,66.75500000000001,9.219279028687428,9.841772151898734,36325.0,False,False
228,142.20491803278688,634.2213114754098,51.545,8.101180922147954,9.48360655737705,36226.0,False,False
229,142.140625,197.171875,27.040000000000003,5.867571668896666,10.296875,34348.0,False,False
230,143.77611940298507,1145.6044776119404,56.61500000000001,8.490256581822557,8.402985074626866,32756.0,False,False
231,142.65625,1.46875,13.520000000000001,4.148999716174901,7.125,15145.0,False,False
232,145.4320987654321,46.39506172839506,34.222500000000004,6.601018127508749,10.604938271604938,28266.0,False,False
233,145.12264150943398,929.7264150943396,44.785000000000004,7.5512934660867375,9.141509433962264,31825.0,False,False
234,146.72832369942196,82.8728323699422,73.0925,9.646981985240508,7.202312138728324,25711.0,False,False
235,144.96153846153845,875.9615384615385,43.940000000000005,7.479715609277069,10.759615384615385,41202.0,False,False
236,147.328125,66.2578125,54.080000000000005,8.297999432349801,7.9609375,26469.0,False,False
237,148.03296703296704,38.043956043956044,38.447500000000005,6.996633290104976,15.835164835164836,28277.0,False,False
238,149.35915492957747,171.64084507042253,59.995000000000005,8.740023254338977,9.338028169014084,34100.0,False,False
239,150.15384615384616,917.1153846153846,54.925000000000004,8.362576277354894,8.453846153846154,35125.0,False,False
240,149.81052631578947,188.0421052631579,40.1375,7.148751795020415,13.610526315789473,34984.0,False,False
241,147.66666666666666,712.8888888888889,15.21,4.4006787516724994,14.833333333333334,55375.0,False,False
242,152.20338983050848,738.6271186440678,49.855000000000004,7.967267881951225,13.61864406779661,48079.0,False,False
243,151.0,963.208,52.81250000000001,8.200180696565521,9.92,34528.0,False,False
244,151.1627906976744,146.88372093023256,36.335,6.801702644040839,9.686046511627907,33920.0,False,False
245,152.2,317.3257142857143,73.93750000000001,9.702584647343,8.228571428571428,33435.0,False,False
246,150.96875,646.6979166666666,40.56,7.186278309003779,10.739583333333334,40133.0,False,False
247,152.4296875,991.9453125,54.080000000000005,8.297999432349801,8.3515625,34921.0,False,False
248,151.36206896551724,1030.5,49.010000000000005,7.8994601136704485,9.362068965517242,32515.0,False,False
249,150.7,951.04,21.125000000000004,5.186249645218625,8.26,33674.0,False,False
250,157.44303797468353,7.042194092827004,100.13250000000001,11.291264708312957,7.265822784810126,19117.0,False,False
251,151.625,28.734375,27.040000000000003,5.867571668896666,13.046875,28176.0,False,False
252,154.22727272727272,347.61038961038963,65.06500000000001,9.101831188183693,9.941558441558442,37554.0,False,False
253,154.8,1015.7523809523809,44.362500000000004,7.51558975086544,9.81904761904762,33002.0,False,False
254,155.6701030927835,658.9484536082474,40.9825,7.22360987610134,13.639175257731958,46877.0,False,False
255,157.4015748031496,871.4015748031496,53.657500000000006,8.265521814841879,11.763779527559056,50128.0,False,False
256,161.2357723577236,940.0162601626016,51.96750000000001,8.134314724734013,11.40650406504065,35747.0,False,False
257,157.97029702970298,46.722772277227726,42.67250000000001,7.371045683803026,9.405940594059405,28207.0,False,False
258,159.744,672.736,52.81250000000001,8.200180696565521,13.176,53037.0,False,False
259,159.83969465648855,953.7328244274809,55.347500000000004,8.394678415652944,7.1679389312977095,35105.0,False,False
260,160.10576923076923,84.76923076923077,43.940000000000005,7.479715609277069,8.057692307692308,26408.0,False,False
261,159.11940298507463,153.0,28.307500000000005,6.003518003020447,10.597014925373134,34325.0,False,False
262,159.66153846153847,758.6615384615385,27.462500000000002,5.913234393907399,7.861538461538461,37657.0,False,True
263,161.37190082644628,137.06611570247935,51.1225,8.067911044732915,11.049586776859504,35704.0,False,False
264,161.09259259259258,1168.3055555555557,45.63,7.622199185685551,14.00925925925926,41645.0,False,False
265,162.93076923076924,294.6,54.925000000000004,8.362576277354894,10.307692307692308,37051.0,False,False
266,162.3764705882353,743.435294117647,35.9125,6.762042232218129,13.952941176470588,51991.0,False,True
267,162.7171717171717,1185.6262626262626,41.82750000000001,7.297700121093632,11.0,44759.0,False,False
268,164.83783783783784,59.513513513513516,62.53000000000001,8.922761272851007,7.756756756756757,26228.0,False,True
269,161.13888888888889,623.6111111111111,15.21,4.4006787516724994,12.36111111111111,38799.0,False,False
270,163.52884615384616,885.375,43.940000000000005,7.479715609277069,11.490384615384615,48072.0,False,False
271,164.4391891891892,904.5,62.53000000000001,8.922761272851007,13.18918918918919,44477.0,False,False
272,162.91397849462365,931.8064516129032,39.292500000000004,7.073101498742004,11.236559139784946,37560.0,False,False
273,166.1869918699187,36.47154471544715,51.96750000000001,8.134314724734013,7.065040650406504,28093.0,False,False
274,165.76404494382024,1004.6067415730337,37.602500000000006,6.919320051920128,10.719101123595506,34681.0,False,False
275,170.38285714285715,650.1542857142857,73.93750000000001,9.702584647343,11.474285714285715,46855.0,False,False
276,166.82828282828282,1137.4848484848485,41.82750000000001,7.297700121093632,7.363636363636363,37950.0,False,True
277,168.78070175438597,914.5964912280701,48.165000000000006,7.831065232276457,13.87719298245614,44293.0,False,False
278,169.15454545454546,320.1545454545454,46.475,7.692451354514157,9.8,33476.0,False,False
279,170.90265486725664,975.6991150442478,47.74250000000001,7.796642800880295,9.858407079646017,35935.0,False,False
280,171.48387096774192,345.43548387096774,52.39000000000001,8.167314108608483,9.443548387096774,37900.0,False,False
281,169.09230769230768,759.9846153846154,27.462500000000002,5.913234393907399,8.76923076923077,38564.0,False,True
282,171.94444444444446,169.8148148148148,45.63,7.622199185685551,11.268518518518519,35961.0,False,False
283,171.36065573770492,1018.8852459016393,25.7725,5.728399965669906,8.344262295081966,34743.0,False,False
284,172.81012658227849,15.0,33.377500000000005,6.519014718835807,9.227848101265822,22349.0,False,False
285,174.36633663366337,633.7029702970297,42.67250000000001,7.371045683803026,13.029702970297029,43587.0,False,False
286,177.09774436090225,995.1278195488721,56.1925,8.458517193783473,11.323308270676693,36882.0,False,False
287,175.07142857142858,34.107142857142854,35.49,6.722147829574334,9.214285714285714,27332.0,False,False
288,173.98529411764707,61.470588235294116,28.730000000000004,6.048154439185661,8.558823529411764,25667.0,False,False
289,176.37373737373738,272.19191919191917,41.82750000000001,7.297700121093632,10.393939393939394,38150.0,False,False
290,175.02857142857144,956.4,14.787500000000001,4.339127765780955,11.628571428571428,37555.0,False,False
291,177.289156626506,1170.3493975903614,35.0675,6.682015245043993,12.108433734939759,51052.0,False,False
292,179.58260869565217,9.504347826086956,48.587500000000006,7.8653370162898755,8.08695652173913,19371.0,False,False
293,177.46236559139786,238.69892473118279,39.292500000000004,7.073101498742004,8.344086021505376,33531.0,False,False
294,181.4494382022472,300.5168539325843,75.20500000000001,9.785396259825553,11.089887640449438,37882.0,False,False
295,181.1595744680851,862.4734042553191,79.43,10.056511176263564,38.351063829787236,67218.0,True,True
296,179.16949152542372,661.9491525423729,49.855000000000004,7.967267881951225,16.923728813559322,59467.0,False,False
297,181.1639344262295,190.68852459016392,51.545,8.101180922147954,9.163934426229508,34714.0,False,False
298,180.03225806451613,874.9354838709677,39.292500000000004,7.073101498742004,18.956989247311828,63056.0,False,False
299,179.31428571428572,739.3142857142857,14.787500000000001,4.339127765780955,14.742857142857142,65266.0,False,False
300,182.4878048780488,1014.0487804878048,51.96750000000001,8.134314724734013,10.967479674796747,38163.0,False,False
301,181.66363636363636,1155.418181818182,46.475,7.692451354514157,12.290909090909091,53232.0,False,False
302,182.68367346938774,888.265306122449,41.405,7.260749503306075,13.418367346938776,62728.0,False,False
303,179.76923076923077,975.9230769230769,16.477500000000003,4.5803716659648535,13.41025641025641,37825.0,False,False
304,180.2173913043478,1194.8695652173913,19.435000000000002,4.974475907261778,16.32608695652174,48023.0,False,True
305,182.93577981651376,27.65137614678899,46.0525,7.6574058357851245,8.376146788990825,26505.0,False,False
306,183.58260869565217,50.426086956521736,48.587500000000006,7.8653370162898755,6.252173913043478,25404.0,False,False
307,183.60176991150442,162.10619469026548,47.74250000000001,7.796642800880295,8.619469026548673,43763.0,False,False
308,183.89915966386553,172.6386554621849,50.2775,8.000956268498294,9.126050420168067,38017.0,False,False
309,182.65217391304347,1143.054347826087,38.870000000000005,7.034971293747812,10.684782608695652,56761.0,False,False
310,184.2842105263158,696.1473684210526,40.1375,7.148751795020415,19.74736842105263,89270.0,False,False
311,184.04,641.7466666666667,31.687500000000004,6.351832654737959,16.493333333333332,53589.0,False,False
312,183.66666666666666,686.047619047619,26.617500000000003,5.8215507884058,19.50793650793651,74925.0,False,False
313,187.31297709923663,918.8167938931298,55.347500000000004,8.394678415652944,21.48854961832061,57412.0,False,True
314,185.13636363636363,728.9090909090909,18.590000000000003,4.865133414062422,29.5,77748.0,False,False
315,188.81632653061226,59.88775510204081,41.405,7.260749503306075,6.816326530612245,26089.0,False,False
316,190.98265895953756,649.5491329479769,73.0925,9.646981985240508,14.722543352601155,64851.0,False,False
317,189.0487804878049,258.9390243902439,34.645,6.641640160935379,11.378048780487806,35851.0,False,False
318,190.79775280898878,3.662921348314607,37.602500000000006,6.919320051920128,12.07865168539326,16179.0,False,False
319,190.4488188976378,78.98425196850394,53.657500000000006,8.265521814841879,9.007874015748031,28695.0,False,False
320,191.29347826086956,211.65217391304347,38.870000000000005,7.034971293747812,9.83695652173913,35875.0,False,False
321,194.61349693251535,675.3374233128834,68.8675,9.364017532397558,38.4601226993865,74362.0,False,False
322,189.94444444444446,737.0555555555555,22.815,5.389708731752834,24.61111111111111,69104.0,False,False
323,192.31297709923663,928.8931297709923,55.347500000000004,8.394678415652944,14.17557251908397,57140.0,False,False
324,192.7094017094017,189.51282051282053,49.432500000000005,7.933436443000028,11.008547008547009,34495.0,False,True
325,193.16666666666666,274.62820512820514,65.91000000000001,9.160743331929707,10.224358974358974,38827.0,False,False
326,191.49397590361446,472.66265060240966,35.0675,6.682015245043993,12.289156626506024,52551.0,False,False
327,192.1590909090909,746.125,37.18000000000001,6.880337656921596,9.272727272727273,55907.0,False,False
328,193.31764705882352,453.16470588235296,35.9125,6.762042232218129,17.41176470588235,51438.0,False,False
329,195.3978494623656,761.8064516129032,39.292500000000004,7.073101498742004,11.118279569892474,46871.0,False,False
330,195.92465753424656,901.6164383561644,61.68500000000001,8.86226727857993,25.5,75449.0,False,False
331,195.04545454545453,90.24545454545455,46.475,7.692451354514157,10.754545454545454,31349.0,False,False
332,193.86075949367088,967.9873417721519,33.377500000000005,6.519014718835807,12.265822784810126,41861.0,False,False
333,194.24358974358975,237.53846153846155,32.955000000000005,6.477623730716943,11.153846153846153,37268.0,False,False
334,197.1196581196581,329.38461538461536,49.432500000000005,7.933436443000028,10.760683760683762,38498.0,False,False
335,196.75,957.3014705882352,57.46000000000001,8.553382035223404,9.227941176470589,44903.0,False,False
336,195.65384615384616,1155.3846153846155,32.955000000000005,6.477623730716943,37.243589743589745,65296.0,False,False
337,196.2972972972973,423.47297297297297,31.265000000000004,6.309345002941657,11.0,43952.0,False,False
338,199.78947368421052,72.82456140350877,48.165000000000006,7.831065232276457,10.06140350877193,28332.0,False,False
339,198.96610169491527,662.4745762711865,49.855000000000004,7.967267881951225,28.923728813559322,73010.0,False,False
340,202.159793814433,27.587628865979383,81.965,10.215727056074748,8.371134020618557,27637.0,False,False
341,198.7608695652174,910.6630434782609,38.870000000000005,7.034971293747812,15.16304347826087,76695.0,False,False
342,200.26923076923077,978.8076923076923,54.925000000000004,8.362576277354894,10.007692307692308,43852.0,False,False
343,200.44230769230768,692.8846153846154,21.970000000000002,5.288957628666685,24.615384615384617,90712.0,False,False
344,201.17142857142858,746.8,44.362500000000004,7.51558975086544,7.79047619047619,54756.0,False,False
345,201.93333333333334,940.1714285714286,44.362500000000004,7.51558975086544,18.895238095238096,55686.0,False,False
346,200.27397260273972,1138.2739726027398,30.842500000000005,6.266569289371519,18.424657534246574,79648.0,False,False
347,203.25984251968504,159.48031496062993,53.657500000000006,8.265521814841879,14.26771653543307,46105.0,False,False
348,202.5188679245283,865.9905660377359,44.785000000000004,7.5512934660867375,20.132075471698112,76017.0,False,False
349,207.3148148148148,176.34567901234567,68.44500000000001,9.335249361393526,9.771604938271604,40436.0,False,False
350,205.76956521739132,316.2913043478261,97.17500000000001,11.123266281072276,10.717391304347826,39559.0,False,False
351,204.0672268907563,1027.7899159663866,50.2775,8.000956268498294,11.512605042016807,53689.0,False,False
352,205.72222222222223,252.17777777777778,38.025000000000006,6.958084052995808,9.722222222222221,38024.0,False,False
353,208.6986301369863,647.3630136986301,61.68500000000001,8.86226727857993,20.17808219178082,76031.0,False,False
354,206.22772277227722,683.2871287128713,42.67250000000001,7.371045683803026,28.03960396039604,82219.0,False,False
355,204.27906976744185,1202.7209302325582,18.1675,4.809530063215748,18.11627906976744,56696.0,False,False
356,208.93506493506493,270.02597402597405,65.06500000000001,9.101831188183693,11.551948051948052,38969.0,False,False
357,206.08510638297872,436.36170212765956,19.8575,5.028255588131782,16.085106382978722,49156.0,False,False
358,207.91946308724832,730.4362416107383,62.95250000000001,8.952854988211321,16.973154362416107,71603.0,False,False
359,209.64462809917356,580.099173553719,51.1225,8.067911044732915,30.15702479338843,69710.0,False,False
360,208.1237113402062,991.8969072164948,40.9825,7.22360987610134,15.783505154639176,52199.0,False,False
361,206.25,1008.3055555555555,15.21,4.4006787516724994,13.63888888888889,57259.0,False,False
362,209.44444444444446,234.00925925925927,45.63,7.622199185685551,14.231481481481481,40649.0,False,False
363,209.52380952380952,919.8,44.362500000000004,7.51558975086544,25.333333333333332,81422.0,False,False
364,208.32911392405063,974.8101265822785,33.377500000000005,6.519014718835807,12.278481012658228,47464.0,False,False
365,210.72380952380954,199.16190476190476,44.362500000000004,7.51558975086544,9.123809523809523,37831.0,False,False
366,210.4367816091954,220.82758620689654,36.7575,6.8411331346205175,12.954022988505747,40711.0,False,False
367,210.0891089108911,692.6138613861386,42.67250000000001,7.371045683803026,23.673267326732674,86434.0,False,False
368,211.4712643678161,875.5862068965517,36.7575,6.8411331346205175,26.620689655172413,88096.0,False,False
369,212.62841530054644,500.1256830601093,77.31750000000001,9.92187978661609,20.743169398907103,85677.0,False,False
370,210.37037037037038,592.5432098765432,34.222500000000004,6.601018127508749,24.11111111111111,70368.0,False,False
371,211.5818181818182,849.0,46.475,7.692451354514157,20.227272727272727,75495.0,False,False
372,213.05405405405406,146.1891891891892,46.89750000000001,7.727337934192946,12.945945945945946,48148.0,False,False
373,211.61764705882354,340.3529411764706,28.730000000000004,6.048154439185661,12.161764705882353,46265.0,False,False
374,214.93529411764706,672.6176470588235,71.825,9.562971834142516,20.405882352941177,82314.0,False,False
375,216.43258426966293,518.5280898876405,75.20500000000001,9.785396259825553,26.51685393258427,102513.0,False,False
376,216.88028169014083,184.71830985915494,59.995000000000005,8.740023254338977,10.070422535211268,37588.0,False,False
377,217.48333333333332,534.7722222222222,76.05000000000001,9.840216835878625,20.322222222222223,91915.0,False,False
378,216.7171717171717,708.030303030303,41.82750000000001,7.297700121093632,25.03030303030303,85688.0,False,True
379,221.7171717171717,759.0252525252525,83.65500000000002,10.320506485382394,17.04040404040404,63063.0,False,False
380,216.375,438.4861111111111,30.42,6.223499574262349,14.416666666666666,52624.0,False,False
381,219.28571428571428,554.5755102040816,103.51250000000002,11.480252975191728,19.20408163265306,74632.0,False,False
382,216.94623655913978,1123.9462365591398,39.292500000000004,7.073101498742004,33.81720430107527,89828.0,False,False
383,220.26896551724138,426.82758620689657,61.2625,8.831864899857669,11.462068965517242,53312.0,False,False
384,219.80357142857142,1064.8214285714287,47.32000000000001,7.762067717874401,23.508928571428573,83714.0,False,False
385,218.8877551020408,915.0816326530612,41.405,7.260749503306075,37.173469387755105,94693.0,False,False
386,224.0,1002.0490196078431,86.19000000000001,10.475710780692815,21.102941176470587,72592.0,False,False
387,222.8695652173913,629.195652173913,77.74000000000001,9.948951814523555,25.119565217391305,80261.0,False,False
388,221.43571428571428,805.8428571428572,59.150000000000006,8.67825553156191,20.821428571428573,79344.0,False,False
389,220.56302521008402,816.6806722689075,50.2775,8.000956268498294,24.235294117647058,76771.0,False,True
390,217.73076923076923,1105.5192307692307,21.970000000000002,5.288957628666685,22.557692307692307,79656.0,False,True
391,219.98888888888888,1184.3333333333333,38.025000000000006,6.958084052995808,15.88888888888889,63113.0,False,False
392,219.97101449275362,345.8985507246377,29.152500000000003,6.092463855279885,15.391304347826088,53030.0,False,False
393,220.87022900763358,656.9694656488549,55.347500000000004,8.394678415652944,27.564885496183205,86324.0,False,False
394,222.04347826086956,862.8550724637681,58.30500000000001,8.616045012404687,22.355072463768117,83021.0,False,False
395,221.10256410256412,981.9358974358975,32.955000000000005,6.477623730716943,15.653846153846153,57755.0,False,False
396,221.54700854700855,1051.4273504273503,49.432500000000005,7.933436443000028,23.085470085470085,79430.0,False,False
397,220.2207792207792,202.2207792207792,32.532500000000006,6.4359665543799,11.376623376623376,41992.0,False,False
398,223.92537313432837,495.32835820895525,56.61500000000001,8.490256581822557,22.619402985074625,109337.0,False,False
399,223.1578947368421,607.3157894736842,48.165000000000006,7.831065232276457,12.780701754385966,76214.0,False,False
400,222.4512195121951,961.829268292683,69.29,9.392697591996637,14.054878048780488,57661.0,False,False
401,224.16666666666666,775.4202898550725,58.30500000000001,8.616045012404687,45.268115942028984,75496.0,True,True
402,225.16666666666666,314.00757575757575,55.77,8.426658258757147,12.393939393939394,48121.0,False,False
403,225.7112676056338,727.0915492957746,59.995000000000005,8.740023254338977,24.204225352112676,67295.0,False,True
404,226.35164835164835,474.0,38.447500000000005,6.996633290104976,24.934065934065934,78189.0,False,False
405,225.35,643.34,42.25000000000001,7.3344645861208315,28.09,86808.0,False,False
406,225.8968253968254,1104.9603174603174,53.23500000000001,8.232916079007266,20.0,82747.0,False,False
407,224.3913043478261,1138.2391304347825,19.435000000000002,4.974475907261778,24.52173913043478,94726.0,True,False
408,227.98260869565217,239.59130434782608,48.587500000000006,7.8653370162898755,14.965217391304348,51110.0,False,False
409,227.48333333333332,266.60833333333335,50.7,8.034503402082343,11.475,46685.0,False,False
410,227.88970588235293,330.1102941176471,57.46000000000001,8.553382035223404,15.279411764705882,52162.0,False,False
411,231.39370078740157,936.1889763779527,53.657500000000006,8.265521814841879,17.64566929133858,76850.0,False,False
412,230.91935483870967,599.7177419354839,52.39000000000001,8.167314108608483,21.508064516129032,79063.0,False,False
413,231.327868852459,1186.5081967213114,51.545,8.101180922147954,21.508196721311474,65996.0,False,False
414,230.60162601626016,563.9186991869918,51.96750000000001,8.134314724734013,21.8130081300813,79677.0,False,False
415,230.55223880597015,615.4104477611941,56.61500000000001,8.490256581822557,22.21641791044776,81757.0,False,False
416,231.26717557251908,141.6412213740458,55.347500000000004,8.394678415652944,9.641221374045802,44401.0,False,False
417,232.79190751445086,519.2832369942197,73.0925,9.646981985240508,84.95375722543352,141680.0,True,True
418,229.3653846153846,877.8846153846154,21.970000000000002,5.288957628666685,21.134615384615383,110095.0,False,False
419,234.0427807486631,902.4385026737968,79.00750000000001,10.029729474450614,51.98395721925134,118257.0,True,True
420,230.26315789473685,927.280701754386,24.082500000000003,5.537399329656889,18.49122807017544,90079.0,False,False
421,231.0581395348837,1080.546511627907,36.335,6.801702644040839,22.1046511627907,99346.0,False,False
422,230.869918699187,1115.8536585365853,51.96750000000001,8.134314724734013,23.121951219512194,86499.0,False,False
423,229.9268292682927,1149.6463414634147,34.645,6.641640160935379,31.634146341463413,89326.0,False,True
424,235.00625,532.60625,67.60000000000001,9.277445403994411,32.51875,137050.0,False,False
425,236.21604938271605,781.9629629629629,68.44500000000001,9.335249361393526,31.47530864197531,86939.0,False,False
426,235.7642276422764,663.9349593495934,51.96750000000001,8.134314724734013,26.16260162601626,108815.0,False,False
427,239.60245901639345,801.9631147540983,103.09,11.456799931339813,24.401639344262296,85834.0,False,False
428,235.76666666666668,1016.3066666666666,63.37500000000001,8.982847886254723,48.553333333333335,93562.0,False,False
429,237.1897810218978,674.4671532846716,57.88250000000001,8.584770698634475,20.48175182481752,102606.0,False,False
430,236.0531914893617,202.74468085106383,39.715,7.1110272478142695,11.5,54463.0,False,False
431,237.35135135135135,287.64864864864865,46.89750000000001,7.727337934192946,12.315315315315315,68496.0,False,False
432,235.54651162790697,553.8255813953489,36.335,6.801702644040839,27.093023255813954,91659.0,False,False
433,236.62809917355372,625.694214876033,51.1225,8.067911044732915,27.446280991735538,92170.0,False,False
434,236.81196581196582,1056.931623931624,49.432500000000005,7.933436443000028,35.38461538461539,109768.0,True,True
435,238.0655737704918,749.7213114754098,51.545,8.101180922147954,9.39344262295082,77898.0,False,False
436,237.9925925925926,845.1925925925926,57.03750000000001,8.521877758618217,21.14074074074074,79763.0,False,False
437,236.96899224806202,1101.5813953488373,54.502500000000005,8.33035043001963,19.72093023255814,85814.0,False,True
438,237.74468085106383,876.8191489361702,39.715,7.1110272478142695,32.138297872340424,112381.0,False,False
439,242.54088050314465,314.6792452830189,67.17750000000001,9.24840794496255,19.40880503144654,66191.0,False,False
440,240.1578947368421,434.1127819548872,56.1925,8.458517193783473,15.796992481203008,64656.0,False,False
441,239.90076335877862,578.412213740458,55.347500000000004,8.394678415652944,24.946564885496183,82578.0,False,False
442,241.06976744186048,168.94573643410854,54.502500000000005,8.33035043001963,11.782945736434108,43677.0,False,False
443,244.4,502.04186046511626,90.8375,10.754436161179271,65.6,159120.0,False,False
444,241.61739130434782,991.6260869565217,48.587500000000006,7.8653370162898755,18.713043478260868,91176.0,False,False
445,243.28571428571428,652.9022556390977,56.1925,8.458517193783473,36.714285714285715,130087.0,False,False
446,247.4726368159204,740.0099502487562,84.92250000000001,10.39839820538586,14.427860696517413,95474.0,False,False
447,243.13492063492063,834.6746031746031,53.23500000000001,8.232916079007266,23.896825396825395,79451.0,False,True
448,240.4,1151.6571428571428,14.787500000000001,4.339127765780955,32.628571428571426,85190.0,False,False
449,243.4746835443038,267.27848101265823,66.75500000000001,9.219279028687428,17.29113924050633,74932.0,False,False
450,243.7047619047619,927.9619047619047,44.362500000000004,7.51558975086544,18.704761904761906,91694.0,False,False
451,243.70138888888889,1081.5625,60.84,8.801357503344999,48.048611111111114,109806.0,False,False
452,244.21052631578948,1127.2105263157894,40.1375,7.148751795020415,21.757894736842104,78456.0,False,False
453,244.14285714285714,1173.580357142857,47.32000000000001,7.762067717874401,19.741071428571427,82941.0,False,False
454,244.92391304347825,222.25,38.870000000000005,7.034971293747812,19.07608695652174,65968.0,False,False
455,245.55,886.7166666666667,50.7,8.034503402082343,59.61666666666667,121973.0,True,True
456,243.06,1200.78,21.125000000000004,5.186249645218625,17.52,81423.0,False,False
457,247.71653543307087,247.21259842519686,53.657500000000006,8.265521814841879,19.37795275590551,62953.0,False,False
458,248.5609756097561,543.0975609756098,86.61250000000001,10.501355153901534,31.24390243902439,132486.0,False,False
459,247.955,815.015,84.50000000000001,10.37249929043725,26.525,82526.0,False,False
460,247.0079365079365,974.1825396825396,53.23500000000001,8.232916079007266,20.928571428571427,79413.0,False,False
461,249.84444444444443,516.1222222222223,76.05000000000001,9.840216835878625,132.25555555555556,162232.0,True,True
462,248.68627450980392,871.7352941176471,43.095000000000006,7.407446130776911,32.55882352941177,104997.0,False,False
463,250.41666666666666,936.6025641025641,65.91000000000001,9.160743331929707,27.403846153846153,82376.0,False,False
464,249.16842105263157,1060.1894736842105,40.1375,7.148751795020415,50.084210526315786,127061.0,False,False
465,249.71666666666667,1149.2333333333333,50.7,8.034503402082343,31.825,81489.0,True,False
466,250.40677966101694,467.8474576271187,49.855000000000004,7.967267881951225,33.728813559322035,95531.0,False,False
467,251.40196078431373,329.80392156862746,43.095000000000006,7.407446130776911,18.852941176470587,78177.0,False,False
468,251.50387596899225,955.4883720930233,54.502500000000005,8.33035043001963,24.3953488372093,81128.0,False,False
469,253.8732394366197,1003.1830985915493,59.995000000000005,8.740023254338977,31.197183098591548,114296.0,False,False
470,255.84883720930233,184.61046511627907,72.67,9.619060126431496,14.988372093023257,63773.0,False,False
471,254.21374045801528,670.9083969465648,55.347500000000004,8.394678415652944,42.74045801526717,138961.0,False,False
472,256.01960784313724,780.4656862745098,86.19000000000001,10.475710780692815,26.20098039215686,100321.0,False,False
473,252.73684210526315,909.1578947368421,40.1375,7.148751795020415,40.252631578947366,110133.0,False,True
474,254.2377049180328,1043.1311475409836,51.545,8.101180922147954,30.270491803278688,127416.0,True,True
475,254.8768115942029,564.427536231884,58.30500000000001,8.616045012404687,31.079710144927535,103241.0,False,False
476,255.31007751937983,645.2713178294574,54.502500000000005,8.33035043001963,62.84496124031008,149260.0,False,False
477,254.33035714285714,858.4375,47.32000000000001,7.762067717874401,30.089285714285715,93383.0,False,False
478,255.13829787234042,455.20212765957444,39.715,7.1110272478142695,20.372340425531913,89068.0,False,False
479,256.3984962406015,633.4511278195489,56.1925,8.458517193783473,25.32330827067669,147002.0,False,False
480,255.11881188118812,1014.8811881188119,42.67250000000001,7.371045683803026,53.57425742574257,114406.0,False,True
481,255.71681415929203,1110.6991150442477,47.74250000000001,7.796642800880295,18.76991150442478,71217.0,False,False
482,254.02439024390245,1233.4146341463415,17.3225,4.696348795998318,24.609756097560975,64098.0,False,False
483,256.8532110091743,436.6605504587156,46.0525,7.6574058357851245,26.504587155963304,82242.0,False,False
484,257.9384615384615,592.8538461538461,54.925000000000004,8.362576277354894,24.23076923076923,92361.0,False,False
485,255.16666666666666,879.5119047619048,35.49,6.722147829574334,48.976190476190474,111616.0,False,False
486,256.89247311827955,900.9247311827957,39.292500000000004,7.073101498742004,39.086021505376344,113100.0,False,False
487,258.685,1171.475,84.50000000000001,10.37249929043725,22.03,98694.0,False,False
488,257.12605042016804,478.7142857142857,50.2775,8.000956268498294,41.39495798319328,110869.0,False,True
489,257.3359375,840.9375,54.080000000000005,8.297999432349801,24.5625,87890.0,False,True
490,259.1764705882353,575.7647058823529,50.2775,8.000956268498294,27.84873949579832,103530.0,False,False
491,258.0206896551724,686.2344827586207,61.2625,8.831864899857669,34.41379310344828,133199.0,True,False
492,258.9230769230769,702.4674556213017,71.4025,9.534803961957083,69.68047337278107,143354.0,True,False
493,258.8645833333333,987.0104166666666,40.56,7.186278309003779,21.614583333333332,105541.0,True,False
494,259.19,1085.22,42.25000000000001,7.3344645861208315,21.65,110340.0,False,False
495,258.984126984127,1102.6349206349207,26.617500000000003,5.8215507884058,25.746031746031747,77460.0,False,False
496,260.7156862745098,150.2058823529412,43.095000000000006,7.407446130776911,15.676470588235293,42655.0,False,False
497,261.77,159.86,42.25000000000001,7.3344645861208315,10.93,46746.0,False,False
498,261.0485436893204,245.62135922330097,43.517500000000005,7.443668577254932,23.864077669902912,67023.0,False,False
499,260.468253968254,490.94444444444446,53.23500000000001,8.232916079007266,39.611111111111114,140774.0,False,True
500,260.7232142857143,616.7946428571429,47.32000000000001,7.762067717874401,33.142857142857146,109441.0,False,False
501,259.6595744680851,1127.0425531914893,39.715,7.1110272478142695,13.680851063829786,72888.0,False,False
502,264.58490566037733,517.4037735849057,111.9625,11.93964331659077,47.80754716981132,185604.0,False,False
503,262.45,462.62,42.25000000000001,7.3344645861208315,28.06,98415.0,False,False
504,264.2685714285714,538.24,73.93750000000001,9.702584647343,36.41142857142857,176579.0,False,False
505,263.4555555555556,811.5444444444445,38.025000000000006,6.958084052995808,21.844444444444445,100066.0,False,False
506,264.34615384615387,823.0494505494505,76.89500000000001,9.894733689817546,26.37912087912088,95811.0,False,False
507,263.64761904761906,963.8666666666667,44.362500000000004,7.51558975086544,27.885714285714286,92417.0,False,False
508,264.59090909090907,416.1136363636364,37.18000000000001,6.880337656921596,20.022727272727273,91002.0,False,False
509,269.1168831168831,661.1558441558442,97.59750000000001,11.147421067999991,61.59307359307359,156998.0,False,False
510,263.45283018867923,605.433962264151,22.392500000000002,5.3395708165996005,32.22641509433962,97722.0,False,False
511,266.7,674.3285714285714,59.150000000000006,8.67825553156191,37.85,150398.0,True,False
512,266.60550458715596,864.6146788990826,46.0525,7.6574058357851245,25.10091743119266,101211.0,False,False
513,265.1509433962264,200.89622641509433,44.785000000000004,7.5512934660867375,34.18867924528302,97262.0,False,False
514,266.936,429.528,52.81250000000001,8.200180696565521,26.176,93903.0,False,False
515,266.8290598290598,649.3247863247864,49.432500000000005,7.933436443000028,125.08547008547009,156884.0,True,False
516,265.8979591836735,888.9795918367347,41.405,7.260749503306075,27.357142857142858,110915.0,False,False
517,268.568345323741,480.59712230215825,58.727500000000006,8.647206217237697,38.34532374100719,115147.0,False,False
518,269.08092485549133,569.3583815028902,73.0925,9.646981985240508,33.90173410404624,117048.0,False,False
519,268.096,710.44,52.81250000000001,8.200180696565521,58.064,167139.0,False,False
520,270.65367965367966,839.3809523809524,97.59750000000001,11.147421067999991,30.038961038961038,101842.0,False,True
521,263.95238095238096,1034.8095238095239,8.8725,3.361073914787167,29.142857142857142,128731.0,True,True
522,266.87179487179486,1082.076923076923,32.955000000000005,6.477623730716943,26.192307692307693,116300.0,False,False
523,266.76363636363635,1122.9636363636364,23.2375,5.439384516724603,14.89090909090909,68015.0,False,False
524,267.63461538461536,1137.7403846153845,43.940000000000005,7.479715609277069,18.278846153846153,74122.0,False,False
525,272.29906542056074,592.892523364486,90.415,10.72939669493256,26.766355140186917,101011.0,False,False
526,267.79761904761904,879.6428571428571,35.49,6.722147829574334,33.38095238095238,106642.0,False,False
527,267.73333333333335,1108.388888888889,38.025000000000006,6.958084052995808,20.544444444444444,65882.0,False,False
528,272.03864734299515,286.71014492753625,87.45750000000001,10.552456940621719,66.27536231884058,112268.0,True,True
529,268.1162790697674,391.9767441860465,18.1675,4.809530063215748,23.209302325581394,132998.0,False,False
530,269.68,635.936,52.81250000000001,8.200180696565521,54.032,152156.0,False,False
531,269.5940594059406,901.3267326732673,42.67250000000001,7.371045683803026,28.633663366336634,103732.0,False,False
532,270.5875,1023.9875,67.60000000000001,9.277445403994411,35.29375,123796.0,False,True
533,271.5821917808219,174.45205479452054,61.68500000000001,8.86226727857993,16.102739726027398,71159.0,False,False
534,268.48,325.68,31.687500000000004,6.351832654737959,25.52,104256.0,False,False
535,271.8615384615385,689.7,54.925000000000004,8.362576277354894,42.07692307692308,147627.0,True,False
536,275.75694444444446,924.9930555555555,60.84,8.801357503344999,24.680555555555557,85334.0,False,False
537,272.2173913043478,947.3188405797101,58.30500000000001,8.616045012404687,22.869565217391305,86734.0,False,False
538,272.3738317757009,455.93457943925233,45.2075,7.586829161027343,27.364485981308412,106306.0,False,False
539,273.38028169014086,1144.725352112676,59.995000000000005,8.740023254338977,20.007042253521128,81615.0,False,False
540,277.0670103092784,560.4278350515464,81.965,10.215727056074748,52.18041237113402,140829.0,False,False
541,271.7543859649123,1070.9122807017543,24.082500000000003,5.537399329656889,46.0,133158.0,False,False
542,273.44554455445547,1116.8217821782177,42.67250000000001,7.371045683803026,17.722772277227723,63309.0,False,False
543,274.9032258064516,1159.6387096774195,65.48750000000001,9.131334770220834,30.141935483870967,98797.0,False,False
544,274.8224299065421,720.1682242990654,45.2075,7.586829161027343,69.5607476635514,173080.0,False,False
545,275.4266666666667,1002.9466666666667,63.37500000000001,8.982847886254723,56.5,139578.0,True,False
546,277.55,534.5136363636364,92.95,10.878769033449206,50.9,191914.0,False,False
547,275.60919540229884,1037.1149425287356,36.7575,6.8411331346205175,24.39080459770115,130868.0,False,False
548,277.1578947368421,858.9078947368421,64.22000000000001,9.042535239792663,27.93421052631579,107262.0,False,False
549,276.0,873.063829787234,39.715,7.1110272478142695,33.92553191489362,101998.0,False,True
550,279.26143790849676,1049.3333333333333,64.64250000000001,9.072231658778492,56.83660130718954,129355.0,True,False
551,278.968,240.736,52.81250000000001,8.200180696565521,17.224,81417.0,False,False
552,275.0,611.5,20.28,5.081466123790367,24.395833333333332,107213.0,False,False
553,279.1677419354839,831.1806451612903,65.48750000000001,9.131334770220834,40.76774193548387,122625.0,False,False
554,279.0,1077.2086330935251,58.727500000000006,8.647206217237697,33.48201438848921,117831.0,False,False
555,277.3411764705882,1100.4,35.9125,6.762042232218129,20.44705882352941,67361.0,False,False
556,278.09375,1178.59375,27.040000000000003,5.867571668896666,38.640625,107764.0,True,False
557,279.6,260.05,33.800000000000004,6.560144557252417,13.45,88155.0,False,False
558,280.6689189189189,354.30405405405406,62.53000000000001,8.922761272851007,40.777027027027025,153315.0,False,False
559,280.0243902439024,794.390243902439,51.96750000000001,8.134314724734013,75.00813008130082,117913.0,True,False
560,281.0128205128205,907.1474358974359,65.91000000000001,9.160743331929707,24.96153846153846,88598.0,False,False
561,280.0625,191.29166666666666,40.56,7.186278309003779,16.90625,107207.0,False,False
562,279.8222222222222,515.8777777777777,38.025000000000006,6.958084052995808,45.65555555555556,192171.0,False,False
563,280.3478260869565,624.1391304347826,48.587500000000006,7.8653370162898755,38.76521739130435,133898.0,False,False
564,281.42748091603056,7.251908396946565,55.347500000000004,8.394678415652944,10.16030534351145,25403.0,False,False
565,281.9621212121212,93.25757575757575,55.77,8.426658258757147,10.666666666666666,42828.0,False,False
566,285.0691823899371,494.82389937106916,67.17750000000001,9.24840794496255,34.22012578616352,131641.0,False,False
567,285.4894736842105,637.1894736842105,80.275,10.109861742556879,58.95263157894737,164897.0,False,False
568,282.218487394958,739.7647058823529,50.2775,8.000956268498294,47.33613445378151,148961.0,False,False
569,283.3045977011494,776.8390804597701,73.515,9.6748232609803,34.78735632183908,117775.0,False,False
570,281.0869565217391,969.3804347826087,38.870000000000005,7.034971293747812,31.57608695652174,111976.0,False,False
571,282.6642857142857,1091.4142857142858,59.150000000000006,8.67825553156191,16.957142857142856,81639.0,False,False
572,284.45,554.7,42.25000000000001,7.3344645861208315,62.27,172549.0,False,False
573,286.6842105263158,651.3397129186603,88.30250000000001,10.603312449370561,39.45454545454545,204553.0,False,False
574,285.59763313609466,958.094674556213,71.4025,9.534803961957083,26.497041420118343,99546.0,False,False
575,284.46666666666664,978.0370370370371,57.03750000000001,8.521877758618217,42.785185185185185,136314.0,False,False
576,285.61621621621623,1060.1459459459459,78.16250000000001,9.9759503765487,69.21621621621621,122581.0,True,True
577,286.59411764705885,439.8058823529412,71.825,9.562971834142516,48.99411764705882,123338.0,False,False
578,287.6459143968872,711.3891050583658,108.58250000000001,11.758041200225733,87.50194552529183,172611.0,True,False
579,285.4596774193548,730.5725806451613,52.39000000000001,8.167314108608483,47.346774193548384,169383.0,False,False
580,286.187134502924,763.5672514619883,72.2475,9.591056980763573,40.1812865497076,116476.0,False,False
581,284.62992125984255,1162.6692913385828,53.657500000000006,8.265521814841879,46.40157480314961,98777.0,False,True
582,286.8181818181818,483.1233766233766,65.06500000000001,9.101831188183693,35.896103896103895,113675.0,False,True
583,285.99342105263156,664.7631578947369,64.22000000000001,9.042535239792663,33.44078947368421,202022.0,False,False
584,286.5405405405405,24.71171171171171,46.89750000000001,7.727337934192946,15.036036036036036,35113.0,False,False
585,286.74825174825173,280.34965034965035,60.417500000000004,8.770743993187619,33.66433566433567,104820.0,False,False
586,285.80263157894734,418.7105263157895,32.11000000000001,6.394037987175715,39.53947368421053,130554.0,False,False
587,286.1566265060241,931.5542168674699,35.0675,6.682015245043993,23.10843373493976,84016.0,False,False
588,285.3720930232558,1018.7674418604652,54.502500000000005,8.33035043001963,38.92248062015504,132318.0,False,False
589,285.7641509433962,1037.632075471698,44.785000000000004,7.5512934660867375,37.0188679245283,125939.0,False,False
590,286.24590163934425,1115.9344262295083,51.545,8.101180922147954,14.270491803278688,57848.0,False,False
591,288.26573426573424,382.61538461538464,60.417500000000004,8.770743993187619,50.13286713286713,145754.0,False,False
592,288.11570247933884,574.0495867768595,51.1225,8.067911044732915,39.01652892561984,127056.0,False,False
593,288.21854304635764,614.0728476821192,63.79750000000001,9.01274097349089,32.397350993377486,114876.0,False,False
594,289.56306306306305,683.6576576576576,93.79500000000002,10.928106107575758,32.86486486486486,167799.0,False,True
595,289.5064935064935,1001.8961038961039,97.59750000000001,11.147421067999991,47.515151515151516,156576.0,False,False
596,287.17857142857144,1148.75,35.49,6.722147829574334,23.095238095238095,84003.0,False,False
597,291.06467661691545,846.3681592039801,84.92250000000001,10.39839820538586,44.61194029850746,144243.0,False,False
598,290.42231075697214,861.8286852589641,106.04750000000001,11.619977221161072,35.52191235059761,119435.0,False,False
599,290.91011235955057,504.91011235955057,37.602500000000006,6.919320051920128,44.28089887640449,163739.0,False,False
600,292.9555555555556,361.9166666666667,76.05000000000001,9.840216835878625,39.76111111111111,150500.0,True,False
601,291.11805555555554,535.4791666666666,60.84,8.801357503344999,149.01388888888889,194185.0,True,False
602,290.45544554455444,599.3366336633663,42.67250000000001,7.371045683803026,33.78217821782178,104141.0,False,False
603,292.0833333333333,984.4916666666667,50.7,8.034503402082343,47.858333333333334,157456.0,False,False
604,294.6282722513089,877.5445026178011,80.6975,10.136431727253225,33.026178010471206,96634.0,False,False
605,295.3631284916201,902.2513966480446,75.62750000000001,9.812844830601293,29.11173184357542,85523.0,False,False
606,290.0945945945946,946.2432432432432,31.265000000000004,6.309345002941657,22.594594594594593,92132.0,False,False
607,296.859872611465,795.6210191082803,132.66500000000002,12.996704359270868,44.02229299363057,151518.0,False,False
608,292.0112359550562,925.2584269662922,37.602500000000006,6.919320051920128,23.584269662921347,82860.0,False,False
609,293.60176991150445,1123.3628318584072,47.74250000000001,7.796642800880295,15.52212389380531,57977.0,False,False
610,292.61971830985914,262.8169014084507,29.997500000000002,6.180129710871209,13.71830985915493,82875.0,False,False
611,294.3931623931624,514.957264957265,49.432500000000005,7.933436443000028,54.111111111111114,181721.0,False,True
612,297.55367231638417,1047.1468926553673,74.78250000000001,9.75787047742269,38.440677966101696,111823.0,False,False
613,293.19565217391306,1177.1521739130435,38.870000000000005,7.034971293747812,47.95652173913044,99492.0,False,True
614,295.5378787878788,408.57575757575756,55.77,8.426658258757147,30.484848484848484,156239.0,False,False
615,298.14659685863876,743.3507853403141,80.6975,10.136431727253225,28.49214659685864,144196.0,False,False
616,296.0979020979021,754.986013986014,60.417500000000004,8.770743993187619,33.7972027972028,119531.0,False,False
617,295.030303030303,233.16161616161617,41.82750000000001,7.297700121093632,21.292929292929294,93951.0,False,False
618,295.24418604651163,828.1860465116279,36.335,6.801702644040839,44.03488372093023,174629.0,False,False
619,297.2913907284768,1086.9933774834437,63.79750000000001,9.01274097349089,14.887417218543046,101200.0,False,False
620,293.20512820512823,1105.025641025641,16.477500000000003,4.5803716659648535,18.564102564102566,63386.0,False,False
621,297.75897435897434,425.37948717948717,82.3875,10.24202240731137,43.87179487179487,161297.0,True,False
622,298.0359712230216,473.6115107913669,58.727500000000006,8.647206217237697,31.884892086330936,118936.0,False,True
623,298.31724137931036,778.9241379310345,61.2625,8.831864899857669,43.186206896551724,130219.0,False,False
624,298.2391304347826,114.58695652173913,38.870000000000005,7.034971293747812,10.934782608695652,43492.0,False,False
625,300.0759493670886,352.76582278481015,66.75500000000001,9.219279028687428,36.5,148714.0,False,False
626,299.4076923076923,491.2923076923077,54.925000000000004,8.362576277354894,36.37692307692308,125698.0,False,False
627,299.73825503355704,728.2885906040268,62.95250000000001,8.952854988211321,37.04026845637584,163020.0,False,False
628,299.5483870967742,934.1290322580645,52.39000000000001,8.167314108608483,27.70967741935484,87962.0,False,False
629,298.9674796747967,1015.6829268292682,51.96750000000001,8.134314724734013,35.609756097560975,135993.0,False,False
630,296.93055555555554,1138.1527777777778,30.42,6.223499574262349,21.166666666666668,64309.0,False,False
631,300.4583333333333,677.8333333333334,60.84,8.801357503344999,51.826388888888886,192713.0,False,True
632,302.6614583333333,1030.7760416666667,81.12,10.162932247580734,27.328125,103389.0,False,False
633,298.4047619047619,1165.75,35.49,6.722147829574334,35.416666666666664,88196.0,False,False
634,299.0810810810811,201.51351351351352,31.265000000000004,6.309345002941657,20.22972972972973,118242.0,True,False
635,300.0916030534351,563.4656488549618,55.347500000000004,8.394678415652944,31.31297709923664,177967.0,False,False
636,300.60185185185185,603.4629629629629,45.63,7.622199185685551,32.22222222222222,107054.0,False,False
637,300.3272727272727,921.5545454545454,46.475,7.692451354514157,23.672727272727272,81074.0,False,False
638,300.71590909090907,264.5,37.18000000000001,6.880337656921596,17.40909090909091,78300.0,False,False
639,302.23333333333335,369.59166666666664,50.7,8.034503402082343,40.40833333333333,139441.0,False,False
640,303.00581395348837,586.3837209302326,72.67,9.619060126431496,31.575581395348838,126678.0,False,False
641,304.0597826086956,636.3315217391304,77.74000000000001,9.948951814523555,42.505434782608695,177776.0,False,False
642,302.5,665.0933333333334,63.37500000000001,8.982847886254723,100.2,213955.0,False,True
643,302.3191489361702,764.8510638297872,59.572500000000005,8.709194152086374,27.74468085106383,116160.0,False,False
644,301.01408450704224,70.85915492957747,29.997500000000002,6.180129710871209,9.95774647887324,34200.0,False,False
645,305.1437908496732,704.1307189542483,64.64250000000001,9.072231658778492,43.73856209150327,158637.0,False,True
646,304.07142857142856,946.4155844155844,65.06500000000001,9.101831188183693,26.474025974025974,98338.0,False,False
647,304.8838709677419,1113.458064516129,65.48750000000001,9.131334770220834,16.606451612903225,59701.0,False,False
648,304.9237288135593,466.635593220339,49.855000000000004,7.967267881951225,34.91525423728814,130108.0,False,True
649,304.88321167883214,443.3065693430657,57.88250000000001,8.584770698634475,55.839416058394164,152789.0,False,False
650,305.0537634408602,648.8709677419355,39.292500000000004,7.073101498742004,67.78494623655914,217823.0,False,False
651,304.86538461538464,15.240384615384615,43.940000000000005,7.479715609277069,16.01923076923077,32091.0,False,False
652,306.0934579439252,231.82242990654206,45.2075,7.586829161027343,18.38317757009346,97465.0,True,False
653,306.44525547445255,253.54014598540147,57.88250000000001,8.584770698634475,19.956204379562045,74945.0,False,False
654,306.3008130081301,382.6260162601626,51.96750000000001,8.134314724734013,33.52845528455285,137558.0,False,False
655,305.0,505.949494949495,41.82750000000001,7.297700121093632,36.5959595959596,163742.0,False,True
656,307.58,1057.5066666666667,63.37500000000001,8.982847886254723,35.446666666666665,113646.0,False,False
657,304.3050847457627,1174.5084745762713,24.927500000000002,5.633709146857493,32.13559322033898,81730.0,False,False
658,308.2113821138211,720.8861788617886,51.96750000000001,8.134314724734013,62.048780487804876,153590.0,False,False
659,306.76020408163265,989.5,82.81,10.268250420569165,126.46428571428571,151685.0,True,False
660,307.8231707317073,1069.2926829268292,69.29,9.392697591996637,34.68292682926829,120585.0,False,False
661,311.3776824034335,279.6480686695279,98.44250000000001,11.195574298917911,24.909871244635195,88789.0,False,False
662,306.5851063829787,404.0,39.715,7.1110272478142695,44.361702127659576,169308.0,False,False
663,309.2634730538922,539.7844311377246,70.5575,9.47821708854842,51.81437125748503,227637.0,False,False
664,307.14285714285717,622.4505494505495,38.447500000000005,6.996633290104976,34.21978021978022,129309.0,True,False
665,308.7096774193548,820.9354838709677,65.48750000000001,9.131334770220834,84.14838709677419,205594.0,False,False
666,310.7063492063492,849.0238095238095,106.47000000000001,11.6431015768116,61.61904761904762,169354.0,False,False
667,306.1011235955056,964.8651685393259,37.602500000000006,6.919320051920128,38.21348314606742,133788.0,False,False
668,306.49411764705883,1190.270588235294,35.9125,6.762042232218129,14.047058823529412,70493.0,False,False
669,311.1954022988506,835.471264367816,73.515,9.6748232609803,110.39080459770115,196271.0,True,False
670,309.4051724137931,523.4051724137931,49.010000000000005,7.8994601136704485,71.28448275862068,209140.0,False,False
671,307.5111111111111,1121.9555555555555,19.012500000000003,4.920108417939312,19.955555555555556,56630.0,False,False
672,308.87931034482756,266.6551724137931,24.505000000000003,5.58576181408903,25.103448275862068,81078.0,False,False
673,311.74603174603175,553.1349206349206,53.23500000000001,8.232916079007266,68.42857142857143,216852.0,False,False
674,310.80405405405406,755.9797297297297,62.53000000000001,8.922761272851007,25.18243243243243,117345.0,False,False
675,312.62992125984255,1020.4488188976378,53.657500000000006,8.265521814841879,24.606299212598426,108550.0,False,False
676,312.21176470588233,612.5529411764705,35.9125,6.762042232218129,37.07058823529412,110892.0,False,False
677,312.2950819672131,974.983606557377,51.545,8.101180922147954,40.78688524590164,148279.0,False,False
678,312.9569892473118,782.5376344086021,39.292500000000004,7.073101498742004,47.473118279569896,132588.0,False,False
679,315.22929936305735,1046.031847133758,66.33250000000001,9.190057785517194,18.127388535031848,93211.0,False,False
680,316.1617647058824,1081.5,57.46000000000001,8.553382035223404,70.28676470588235,117227.0,True,False
681,316.92090395480227,1132.3446327683616,74.78250000000001,9.75787047742269,14.853107344632768,55193.0,False,False
682,316.72972972972974,432.94594594594594,78.16250000000001,9.9759503765487,61.2972972972973,178250.0,False,False
683,318.7509578544061,588.9540229885057,110.27250000000001,11.849190170505672,32.337164750957854,127012.0,False,False
684,315.6625,659.65625,67.60000000000001,9.277445403994411,188.73125,219429.0,True,True
685,315.0075187969925,86.9172932330827,56.1925,8.458517193783473,11.105263157894736,39449.0,False,False
686,315.8,354.3,54.925000000000004,8.362576277354894,46.7,164755.0,False,False
687,316.0071942446043,645.431654676259,58.727500000000006,8.647206217237697,107.43884892086331,212685.0,True,False
688,315.6470588235294,735.6323529411765,57.46000000000001,8.553382035223404,82.86029411764706,129014.0,True,False
689,314.8048780487805,405.1707317073171,34.645,6.641640160935379,88.08536585365853,168448.0,False,False
690,319.640350877193,670.7894736842105,96.33000000000001,11.074798659313778,118.85526315789474,216579.0,False,True
691,316.0258620689655,964.2931034482758,49.010000000000005,7.8994601136704485,56.456896551724135,132284.0,True,True
692,318.0,60.62015503875969,54.502500000000005,8.33035043001963,9.984496124031008,38484.0,False,False
693,315.7894736842105,491.80263157894734,32.11000000000001,6.394037987175715,31.38157894736842,163241.0,False,False
694,318.0111731843575,709.2178770949721,75.62750000000001,9.812844830601293,36.720670391061454,138558.0,False,False
695,317.32307692307694,263.3692307692308,27.462500000000002,5.913234393907399,21.49230769230769,87090.0,False,False
696,318.22680412371136,395.78350515463916,40.9825,7.22360987610134,37.54639175257732,163233.0,False,False
697,318.23364485981307,626.6822429906542,45.2075,7.586829161027343,52.97196261682243,138036.0,True,False
698,321.72972972972974,860.8513513513514,93.79500000000002,10.928106107575758,31.06756756756757,125530.0,False,False
699,318.4597701149425,1102.8850574712644,36.7575,6.8411331346205175,22.137931034482758,97351.0,False,False
700,316.7564102564103,1169.871794871795,32.955000000000005,6.477623730716943,16.423076923076923,64663.0,False,False
701,318.4,509.93333333333334,25.35,5.681251839078812,49.88333333333333,172450.0,False,False
702,320.1,793.1066666666667,63.37500000000001,8.982847886254723,63.18,146030.0,False,False
703,318.0,1160.7931034482758,24.505000000000003,5.58576181408903,14.120689655172415,62101.0,False,False
704,320.06722689075633,1183.8487394957983,50.2775,8.000956268498294,12.512605042016807,54568.0,False,False
705,321.7142857142857,754.1020408163265,82.81,10.268250420569165,28.647959183673468,112244.0,False,False
706,320.82307692307694,768.7923076923076,54.925000000000004,8.362576277354894,31.93076923076923,111510.0,False,False
707,321.45323741007195,819.568345323741,58.727500000000006,8.647206217237697,109.46762589928058,195944.0,False,True
708,324.2435233160622,1029.761658031088,81.5425,10.18936384552868,22.321243523316063,73349.0,False,False
709,320.4230769230769,214.2153846153846,54.925000000000004,8.362576277354894,35.223076923076924,99772.0,False,False
710,322.7244094488189,234.26771653543307,53.657500000000006,8.265521814841879,27.125984251968504,98523.0,True,True
711,323.295,372.635,84.50000000000001,10.37249929043725,31.945,141825.0,False,False
712,323.3169014084507,727.1901408450705,59.995000000000005,8.740023254338977,48.021126760563384,130369.0,False,False
713,320.7073170731707,809.9878048780488,34.645,6.641640160935379,83.64634146341463,182899.0,True,True
714,324.73267326732673,834.1732673267327,85.34500000000001,10.424232774905905,77.11386138613861,187481.0,False,False
715,321.8854961832061,1062.0229007633588,55.347500000000004,8.394678415652944,25.412213740458014,117483.0,False,False
716,322.1904761904762,463.63492063492066,53.23500000000001,8.232916079007266,45.79365079365079,164046.0,False,False
717,321.39285714285717,545.8035714285714,23.660000000000004,5.488610719338178,83.48214285714286,225442.0,False,True
718,324.63120567375887,636.6170212765958,59.572500000000005,8.709194152086374,32.248226950354606,178435.0,False,False
719,323.344,913.632,52.81250000000001,8.200180696565521,21.232,81683.0,False,True
720,323.86547085201795,1009.0358744394618,94.21750000000002,10.952691304245054,24.582959641255606,115965.0,False,False
721,325.3181818181818,249.53896103896105,65.06500000000001,9.101831188183693,27.175324675324674,93509.0,False,False
722,329.3567251461988,456.00584795321635,72.2475,9.591056980763573,49.30409356725146,180384.0,False,False
723,324.54128440366975,527.2201834862385,46.0525,7.6574058357851245,63.30275229357798,203875.0,False,False
724,324.9468085106383,605.0851063829788,39.715,7.1110272478142695,28.648936170212767,103913.0,False,False
725,326.13286713286715,651.972027972028,60.417500000000004,8.770743993187619,63.88111888111888,217144.0,False,False
726,324.1020408163265,780.6224489795918,41.405,7.260749503306075,50.43877551020408,116230.0,True,True
727,325.8181818181818,931.0909090909091,60.417500000000004,8.770743993187619,22.664335664335663,102811.0,False,True
728,323.84615384615387,992.5576923076923,43.940000000000005,7.479715609277069,37.375,132189.0,False,False
729,325.25531914893617,402.5744680851064,39.715,7.1110272478142695,88.79787234042553,168344.0,False,False
730,324.63492063492066,494.07936507936506,26.617500000000003,5.8215507884058,38.80952380952381,188407.0,False,False
731,328.70238095238096,1110.25,70.98,9.506552628860888,13.779761904761905,90005.0,False,False
732,324.94444444444446,1171.9888888888888,38.025000000000006,6.958084052995808,15.066666666666666,53634.0,False,False
733,326.7079646017699,99.20353982300885,47.74250000000001,7.796642800880295,12.070796460176991,43391.0,False,False
734,327.8323699421965,315.9248554913295,73.0925,9.646981985240508,38.809248554913296,167387.0,False,False
735,327.5625,612.7625,33.800000000000004,6.560144557252417,28.9875,102578.0,False,False
736,327.10526315789474,946.4342105263158,32.11000000000001,6.394037987175715,39.46052631578947,116698.0,False,False
737,325.9718309859155,1151.6760563380283,29.997500000000002,6.180129710871209,12.746478873239436,54039.0,False,False
738,329.5,1084.1759259259259,45.63,7.622199185685551,112.14814814814815,119513.0,True,True
739,329.3917525773196,111.09278350515464,40.9825,7.22360987610134,12.721649484536082,44679.0,False,False
740,331.9846153846154,300.7128205128205,82.3875,10.24202240731137,31.964102564102564,135590.0,False,True
741,328.59550561797755,963.943820224719,37.602500000000006,6.919320051920128,34.48314606741573,121846.0,False,False
742,329.36764705882354,266.63235294117646,28.730000000000004,6.048154439185661,28.41176470588235,102960.0,False,False
743,329.5,421.5,28.730000000000004,6.048154439185661,61.85294117647059,181485.0,False,False
744,331.60869565217394,446.17391304347825,48.587500000000006,7.8653370162898755,46.504347826086956,179786.0,False,False
745,332.8484848484849,508.1151515151515,69.7125,9.421290344870497,55.32121212121212,196556.0,False,False
746,332.37404580152673,543.0763358778626,55.347500000000004,8.394678415652944,62.81679389312977,226273.0,False,False
747,331.7142857142857,628.030612244898,41.405,7.260749503306075,28.897959183673468,122920.0,False,False
748,331.23762376237624,1058.5346534653465,42.67250000000001,7.371045683803026,23.594059405940595,107117.0,False,False
749,331.93243243243245,392.9864864864865,31.265000000000004,6.309345002941657,43.7027027027027,158363.0,False,False
750,332.7986111111111,708.8472222222222,60.84,8.801357503344999,33.55555555555556,135951.0,False,False
751,333.09090909090907,76.23863636363636,37.18000000000001,6.880337656921596,15.125,43376.0,False,False
752,334.2543859649123,208.93859649122808,48.165000000000006,7.831065232276457,28.596491228070175,94244.0,False,False
753,333.75652173913045,378.7130434782609,48.587500000000006,7.8653370162898755,47.63478260869565,149069.0,False,False
754,332.83516483516485,466.3956043956044,38.447500000000005,6.996633290104976,53.0,211072.0,False,False
755,333.5731707317073,485.0,34.645,6.641640160935379,52.8780487804878,217403.0,False,False
756,334.06060606060606,584.3030303030303,55.77,8.426658258757147,37.734848484848484,145808.0,False,False
757,333.3138686131387,738.4087591240876,57.88250000000001,8.584770698634475,32.01459854014598,118861.0,False,False
758,334.4390243902439,766.079268292683,69.29,9.392697591996637,24.963414634146343,92444.0,False,False
759,334.6554054054054,991.4864864864865,62.53000000000001,8.922761272851007,22.22972972972973,106628.0,False,False
760,334.7142857142857,55.56190476190476,44.362500000000004,7.51558975086544,10.695238095238095,44291.0,False,False
761,333.5925925925926,227.45679012345678,34.222500000000004,6.601018127508749,28.246913580246915,107127.0,True,True
762,333.8478260869565,277.8152173913044,38.870000000000005,7.034971293747812,35.48913043478261,113063.0,False,False
763,335.1029411764706,351.8602941176471,57.46000000000001,8.553382035223404,54.5514705882353,184332.0,False,False
764,335.09302325581393,564.953488372093,54.502500000000005,8.33035043001963,59.41860465116279,213147.0,False,False
765,336.437125748503,679.6107784431138,70.5575,9.47821708854842,32.455089820359284,193958.0,False,False
766,336.5,879.58203125,108.16000000000001,11.735143337793332,27.63671875,87214.0,False,False
767,333.5,955.7843137254902,43.095000000000006,7.407446130776911,36.745098039215684,118356.0,False,False
768,333.77064220183485,1094.3119266055046,46.0525,7.6574058357851245,55.77064220183486,117687.0,False,True
769,335.30645161290323,367.38709677419354,52.39000000000001,8.167314108608483,43.37096774193548,163101.0,False,False
770,335.67676767676767,406.9191919191919,41.82750000000001,7.297700121093632,42.74747474747475,175283.0,False,False
771,335.7676767676768,597.2828282828283,41.82750000000001,7.297700121093632,33.4040404040404,107911.0,False,False
772,336.4029850746269,662.8731343283582,56.61500000000001,8.490256581822557,82.8731343283582,210091.0,False,False
773,335.51937984496124,754.1782945736434,54.502500000000005,8.33035043001963,34.55038759689923,96525.0,False,False
774,335.5877192982456,1007.3333333333334,48.165000000000006,7.831065232276457,20.81578947368421,87727.0,False,False
775,335.7846153846154,217.55384615384617,27.462500000000002,5.913234393907399,31.49230769230769,103062.0,True,True
776,337.136690647482,532.68345323741,58.727500000000006,8.647206217237697,68.10071942446044,212684.0,False,False
777,336.311320754717,719.4811320754717,44.785000000000004,7.5512934660867375,43.16981132075472,132199.0,False,False
778,336.14130434782606,794.0652173913044,38.870000000000005,7.034971293747812,26.152173913043477,118774.0,False,False
779,341.11486486486484,123.62837837837837,62.53000000000001,8.922761272851007,14.121621621621621,50362.0,False,False
780,337.94214876033055,176.9090909090909,51.1225,8.067911044732915,21.206611570247933,69578.0,False,False
781,336.59322033898303,1130.2372881355932,24.927500000000002,5.633709146857493,14.932203389830509,57076.0,False,False
782,340.4418604651163,651.9147286821706,54.502500000000005,8.33035043001963,53.27131782945737,185187.0,False,False
783,339.7763157894737,946.2631578947369,32.11000000000001,6.394037987175715,80.8157894736842,112151.0,True,False
784,340.2358490566038,618.5943396226415,44.785000000000004,7.5512934660867375,30.29245283018868,94460.0,False,False
785,340.55128205128204,966.0897435897435,32.955000000000005,6.477623730716943,24.743589743589745,112780.0,False,False
786,342.8805031446541,434.40880503144655,67.17750000000001,9.24840794496255,45.893081761006286,190164.0,False,False
787,343.7516339869281,469.88235294117646,64.64250000000001,9.072231658778492,68.75816993464052,244435.0,False,False
788,344.268115942029,576.6376811594203,58.30500000000001,8.616045012404687,49.768115942028984,178077.0,False,False
789,342.20526315789476,693.0421052631579,80.275,10.109861742556879,30.326315789473686,156065.0,False,False
790,343.14179104477614,422.4029850746269,56.61500000000001,8.490256581822557,39.73134328358209,182717.0,False,False
791,345.3478260869565,18.545454545454547,106.89250000000001,11.666180096141298,9.956521739130435,33207.0,False,False
792,344.568,603.528,52.81250000000001,8.200180696565521,21.92,91407.0,False,False
793,346.037037037037,637.5925925925926,79.8525,10.0832217443615,28.253968253968253,117037.0,False,False
794,346.6453201970443,198.5960591133005,85.76750000000001,10.450003476223014,31.123152709359605,89110.0,False,False
795,343.81666666666666,375.69166666666666,50.7,8.034503402082343,40.88333333333333,169893.0,False,False
796,344.5,481.375,47.32000000000001,7.762067717874401,190.98214285714286,237949.0,True,False
797,344.9259259259259,910.4666666666667,57.03750000000001,8.521877758618217,15.02962962962963,84280.0,False,False
798,346.8060606060606,409.93333333333334,69.7125,9.421290344870497,34.00606060606061,168039.0,False,False
799,346.46456692913387,459.90551181102364,53.657500000000006,8.265521814841879,66.88188976377953,245522.0,False,False
800,348.7953216374269,80.67836257309942,72.2475,9.591056980763573,12.602339181286549,48391.0,False,False
801,346.1313131313131,448.2121212121212,41.82750000000001,7.297700121093632,45.09090909090909,202519.0,False,False
802,347.2344827586207,520.7241379310345,61.2625,8.831864899857669,55.07586206896552,196768.0,False,False
803,345.7362637362637,934.032967032967,38.447500000000005,6.996633290104976,38.32967032967033,101438.0,False,True
804,346.3804347826087,1001.1739130434783,38.870000000000005,7.034971293747812,18.782608695652176,70313.0,False,False
805,345.7809523809524,1069.5904761904762,44.362500000000004,7.51558975086544,22.333333333333332,127271.0,False,False
806,345.38461538461536,235.66153846153847,27.462500000000002,5.913234393907399,36.86153846153846,118971.0,True,True
807,347.6203703703704,271.72222222222223,45.63,7.622199185685551,47.44444444444444,132311.0,False,False
808,347.97478991596637,281.327731092437,50.2775,8.000956268498294,51.588235294117645,133080.0,False,False
809,348.1666666666667,361.1449275362319,58.30500000000001,8.616045012404687,53.29710144927536,185441.0,False,False
810,349.48,540.8114285714286,73.93750000000001,9.702584647343,71.47428571428571,224279.0,False,False
811,344.80357142857144,1167.1964285714287,23.660000000000004,5.488610719338178,13.696428571428571,43179.0,False,False
812,353.411575562701,338.0739549839228,131.3975,12.93446918428965,41.12861736334405,186815.0,False,False
813,348.2980769230769,958.0865384615385,43.940000000000005,7.479715609277069,23.971153846153847,105681.0,False,False
814,347.1449275362319,1086.536231884058,29.152500000000003,6.092463855279885,37.73913043478261,128459.0,False,False
815,350.744,508.112,52.81250000000001,8.200180696565521,40.912,222569.0,False,False
816,352.13903743315507,655.1122994652407,79.00750000000001,10.029729474450614,31.62566844919786,146715.0,False,False
817,349.5,782.2307692307693,43.940000000000005,7.479715609277069,21.932692307692307,77136.0,False,False
818,349.7906976744186,892.5658914728682,54.502500000000005,8.33035043001963,25.147286821705425,86162.0,False,False
819,351.6807228915663,182.80722891566265,70.135,9.449796583524995,24.783132530120483,84623.0,False,False
820,350.2741935483871,291.1693548387097,52.39000000000001,8.167314108608483,54.82258064516129,143757.0,False,False
821,351.17931034482757,385.46206896551723,61.2625,8.831864899857669,51.213793103448275,177130.0,False,False
822,354.84971098265896,319.4161849710983,73.0925,9.646981985240508,50.69942196531792,167845.0,False,False
823,351.3032786885246,618.7868852459017,51.545,8.101180922147954,22.016393442622952,84258.0,False,False
824,353.1310344827586,160.4551724137931,61.2625,8.831864899857669,23.572413793103447,74227.0,False,False
825,354.16,595.808,52.81250000000001,8.200180696565521,25.176,96450.0,False,False
826,355.1295336787565,94.78756476683938,81.5425,10.18936384552868,13.098445595854923,49998.0,False,False
827,354.99152542372883,120.9957627118644,99.71000000000001,11.267418293714986,16.944915254237287,55192.0,False,False
828,352.6578947368421,260.88157894736844,32.11000000000001,6.394037987175715,45.93421052631579,140746.0,False,True
829,352.75,301.525,33.800000000000004,6.560144557252417,35.6125,157737.0,False,False
830,356.77872340425535,485.34893617021277,99.28750000000001,11.24352130330585,159.11489361702127,239327.0,True,False
831,356.5,60.321917808219176,61.68500000000001,8.86226727857993,15.684931506849315,48407.0,False,False
832,354.0875,562.725,33.800000000000004,6.560144557252417,118.225,196577.0,True,False
833,358.61764705882354,607.8455882352941,57.46000000000001,8.553382035223404,19.801470588235293,81434.0,False,False
834,360.01149425287355,694.4885057471264,73.515,9.6748232609803,78.44827586206897,151780.0,True,False
835,356.1682242990654,1099.588785046729,45.2075,7.586829161027343,21.457943925233646,108649.0,False,False
836,358.55913978494624,202.44086021505376,78.58500000000001,10.002876067562408,34.20967741935484,102550.0,False,False
837,354.8863636363636,235.20454545454547,18.590000000000003,4.865133414062422,61.54545454545455,126931.0,False,True
838,357.57,549.26,42.25000000000001,7.3344645861208315,97.33,210830.0,False,False
839,359.7054794520548,357.0342465753425,61.68500000000001,8.86226727857993,65.95890410958904,197118.0,False,False
840,358.780303030303,377.7878787878788,55.77,8.426658258757147,50.333333333333336,199354.0,False,False
841,359.0948905109489,584.9124087591241,57.88250000000001,8.584770698634475,31.131386861313867,122804.0,False,False
842,359.58181818181816,219.6,46.475,7.692451354514157,28.272727272727273,121585.0,False,False
843,359.5979381443299,265.4226804123711,40.9825,7.22360987610134,40.75257731958763,154114.0,False,True
844,360.85064935064935,401.6818181818182,65.06500000000001,9.101831188183693,41.15584415584416,165931.0,False,False
845,359.7368421052632,414.1929824561403,48.165000000000006,7.831065232276457,57.81578947368421,164553.0,False,False
846,358.95180722891564,680.7710843373494,35.0675,6.682015245043993,59.57831325301205,153003.0,True,False
847,360.88495575221236,572.29203539823,47.74250000000001,7.796642800880295,50.68141592920354,164690.0,False,False
848,360.0,642.5972222222222,30.42,6.223499574262349,29.375,105704.0,False,False
849,359.9259259259259,885.25,45.63,7.622199185685551,31.63888888888889,88413.0,False,False
850,361.6283783783784,82.45945945945945,62.53000000000001,8.922761272851007,14.89864864864865,50369.0,False,False
851,363.68992248062017,660.2403100775193,54.502500000000005,8.33035043001963,41.1937984496124,131545.0,False,False
852,366.0047846889952,157.82296650717703,88.30250000000001,10.603312449370561,35.49282296650718,90900.0,False,False
853,366.9270833333333,562.0572916666666,81.12,10.162932247580734,68.078125,180550.0,False,False
854,366.18848167539267,618.0785340314136,80.6975,10.136431727253225,19.853403141361255,73669.0,False,False
855,363.0769230769231,1085.4769230769232,27.462500000000002,5.913234393907399,65.76923076923077,110956.0,True,True
856,370.7361809045226,106.17587939698493,168.15500000000003,14.632210893947,18.693467336683415,57700.0,False,False
857,364.5,246.41071428571428,47.32000000000001,7.762067717874401,58.482142857142854,143562.0,False,True
858,365.787037037037,279.6296296296296,45.63,7.622199185685551,47.824074074074076,158208.0,False,False
859,367.7525773195876,528.7835051546392,81.965,10.215727056074748,50.44329896907217,182061.0,False,False
860,363.6595744680851,724.6489361702128,39.715,7.1110272478142695,35.46808510638298,112303.0,False,False
861,364.44444444444446,958.4333333333333,38.025000000000006,6.958084052995808,19.066666666666666,84016.0,False,False
862,366.3649635036496,48.00729927007299,57.88250000000001,8.584770698634475,16.21167883211679,47941.0,False,False
863,367.2950819672131,551.1639344262295,51.545,8.101180922147954,78.45901639344262,195065.0,False,False
864,366.3157894736842,843.6736842105263,40.1375,7.148751795020415,17.442105263157895,74672.0,False,False
865,368.6702702702703,213.1891891891892,78.16250000000001,9.9759503765487,33.09189189189189,131121.0,False,False
866,367.0978260869565,256.80434782608694,38.870000000000005,7.034971293747812,42.70652173913044,159949.0,False,False
867,371.1826923076923,294.34134615384613,87.88000000000001,10.57791525733337,46.91826923076923,160543.0,False,False
868,368.78740157480314,591.2047244094488,53.657500000000006,8.265521814841879,27.881889763779526,93999.0,False,False
869,368.63247863247864,601.3247863247864,49.432500000000005,7.933436443000028,16.00854700854701,79819.0,False,False
870,369.84615384615387,675.2027972027972,60.417500000000004,8.770743993187619,35.26573426573427,141042.0,False,False
871,369.55445544554453,314.6732673267327,42.67250000000001,7.371045683803026,50.693069306930695,154253.0,False,False
872,368.81904761904764,429.83809523809526,44.362500000000004,7.51558975086544,54.65714285714286,203603.0,True,False
873,369.69620253164555,62.620253164556964,33.377500000000005,6.519014718835807,14.329113924050633,50641.0,False,False
874,368.99038461538464,413.2019230769231,43.940000000000005,7.479715609277069,61.63461538461539,180896.0,False,False
875,371.7950819672131,642.4590163934427,51.545,8.101180922147954,28.90983606557377,88429.0,False,False
876,372.27932960893855,181.9608938547486,75.62750000000001,9.812844830601293,31.681564245810055,120214.0,False,False
877,371.8364779874214,390.0817610062893,67.17750000000001,9.24840794496255,48.55974842767296,222033.0,False,False
878,373.9938271604938,28.074074074074073,68.44500000000001,9.335249361393526,13.716049382716049,45300.0,False,False
879,374.3565891472868,92.13953488372093,54.502500000000005,8.33035043001963,13.077519379844961,54324.0,False,False
880,374.05625,341.9125,67.60000000000001,9.277445403994411,36.8,180258.0,False,False
881,372.9406779661017,454.5508474576271,49.855000000000004,7.967267881951225,98.11016949152543,213176.0,False,True
882,374.825,658.84375,67.60000000000001,9.277445403994411,38.575,106523.0,False,False
883,372.35185185185185,919.4444444444445,22.815,5.389708731752834,17.814814814814813,79174.0,False,False
884,376.7531380753138,131.48535564853557,100.9775,11.338807085778242,22.263598326359833,86519.0,False,False
885,377.4381443298969,267.36082474226805,81.965,10.215727056074748,46.98969072164948,167978.0,False,True
886,375.70093457943926,304.89719626168227,45.2075,7.586829161027343,57.794392523364486,161744.0,False,False
887,379.6576086956522,380.67391304347825,77.74000000000001,9.948951814523555,128.9076086956522,233740.0,False,False
888,374.50943396226415,1053.5849056603774,22.392500000000002,5.3395708165996005,28.90566037735849,100730.0,True,False
889,377.5147058823529,579.2279411764706,57.46000000000001,8.553382035223404,31.41176470588235,117415.0,False,False
890,375.9,1115.3833333333334,25.35,5.681251839078812,16.916666666666668,78639.0,False,False
891,378.5040650406504,320.5121951219512,51.96750000000001,8.134314724734013,49.699186991869915,152968.0,False,False
892,378.5,428.87254901960785,43.095000000000006,7.407446130776911,67.93137254901961,216993.0,False,False
893,378.58490566037733,568.6037735849056,44.785000000000004,7.5512934660867375,35.25471698113208,144425.0,False,False
894,379.94871794871796,608.8141025641025,65.91000000000001,9.160743331929707,22.294871794871796,69049.0,False,False
895,376.34090909090907,1137.9772727272727,18.590000000000003,4.865133414062422,7.545454545454546,58961.0,False,True
896,381.8967391304348,368.2608695652174,77.74000000000001,9.948951814523555,138.16847826086956,229418.0,True,True
897,379.72049689440996,411.0621118012422,68.02250000000001,9.306392261867519,62.15527950310559,200181.0,False,False
898,380.5098039215686,220.86274509803923,43.095000000000006,7.407446130776911,46.088235294117645,157625.0,False,False
899,381.2317880794702,548.158940397351,63.79750000000001,9.01274097349089,58.33774834437086,160669.0,False,False
900,378.5192307692308,936.8269230769231,21.970000000000002,5.288957628666685,19.115384615384617,77791.0,False,False
901,379.2567567567568,1125.8918918918919,31.265000000000004,6.309345002941657,21.972972972972972,67288.0,False,False
902,380.9591836734694,51.53061224489796,41.405,7.260749503306075,13.846938775510203,50132.0,False,False
903,380.3529411764706,726.3294117647059,35.9125,6.762042232218129,19.105882352941176,84391.0,False,False
904,385.9865470852018,16.73542600896861,94.21750000000002,10.952691304245054,14.188340807174887,41456.0,False,False
905,383.19642857142856,357.70535714285717,47.32000000000001,7.762067717874401,64.14285714285714,224258.0,False,False
906,386.83720930232556,627.7596899224807,109.00500000000001,11.780894557454303,19.13953488372093,71196.0,False,False
907,383.64462809917353,439.0495867768595,51.1225,8.067911044732915,65.6198347107438,222864.0,False,False
908,382.5,1082.5,27.885,5.958547197508803,16.166666666666668,109257.0,False,False
909,387.565,167.71,84.50000000000001,10.37249929043725,40.545,185076.0,False,False
910,385.7647058823529,230.61764705882354,57.46000000000001,8.553382035223404,47.69117647058823,178060.0,False,False
911,386.62987012987014,335.4025974025974,65.06500000000001,9.101831188183693,37.05844155844156,164934.0,False,False
912,387.3130081300813,453.2886178861789,103.93500000000002,11.50365820433001,56.28861788617886,200793.0,False,False
913,385.2269503546099,597.7801418439716,59.572500000000005,8.709194152086374,22.326241134751772,72348.0,False,False
914,386.2857142857143,968.6521739130435,68.02250000000001,9.306392261867519,20.652173913043477,66306.0,False,False
915,386.859872611465,88.77070063694268,66.33250000000001,9.190057785517194,15.363057324840764,54973.0,False,False
916,388.0829694323144,195.67248908296943,96.75250000000001,11.099058926413035,47.9825327510917,153229.0,False,False
917,385.47457627118644,243.4322033898305,49.855000000000004,7.967267881951225,67.08474576271186,183367.0,False,False
918,384.9263157894737,286.53684210526313,40.1375,7.148751795020415,53.44210526315789,171603.0,False,False
919,385.6216216216216,418.54954954954957,46.89750000000001,7.727337934192946,72.27927927927928,205952.0,False,False
920,385.9183673469388,530.4081632653061,41.405,7.260749503306075,60.69387755102041,149898.0,False,False
921,384.8205128205128,684.5,32.955000000000005,6.477623730716943,29.025641025641026,117441.0,False,False
922,391.48736462093865,114.37545126353791,117.03250000000001,12.206981896407397,23.028880866425993,75541.0,False,False
923,387.27131782945736,491.70542635658916,54.502500000000005,8.33035043001963,36.76744186046512,151114.0,False,False
924,388.0,556.3490566037735,44.785000000000004,7.5512934660867375,68.75471698113208,139353.0,False,False
925,384.87931034482756,742.5689655172414,24.505000000000003,5.58576181408903,22.24137931034483,57051.0,False,False
926,387.9555555555556,42.13333333333333,38.025000000000006,6.958084052995808,18.244444444444444,50003.0,False,False
927,391.24242424242425,872.4141414141415,83.65500000000002,10.320506485382394,17.12121212121212,100385.0,False,False
928,392.70454545454544,135.73863636363637,111.54,11.917094395017607,28.924242424242426,157727.0,False,False
929,389.77653631284915,319.4245810055866,75.62750000000001,9.812844830601293,49.262569832402235,160610.0,False,False
930,391.21857923497265,474.42622950819674,77.31750000000001,9.92187978661609,46.377049180327866,153587.0,True,False
931,389.21875,641.4921875,54.080000000000005,8.297999432349801,22.2890625,76886.0,False,False
932,391.62142857142857,56.392857142857146,59.150000000000006,8.67825553156191,15.17142857142857,51479.0,False,False
933,388.0875,667.4,33.800000000000004,6.560144557252417,30.4375,94483.0,False,False
934,389.57471264367814,724.1149425287356,36.7575,6.8411331346205175,14.310344827586206,75682.0,False,False
935,389.22222222222223,750.0833333333334,30.42,6.223499574262349,18.36111111111111,50359.0,False,False
936,390.39130434782606,951.1652173913044,48.587500000000006,7.8653370162898755,13.834782608695653,67781.0,False,False
937,393.6134969325153,33.45398773006135,68.8675,9.364017532397558,17.380368098159508,52055.0,False,False
938,393.030303030303,177.25757575757575,55.77,8.426658258757147,57.333333333333336,192588.0,False,False
939,394.02762430939225,506.7790055248619,76.47250000000001,9.867512912824576,32.71270718232044,124652.0,False,False
940,392.9537037037037,257.212962962963,45.63,7.622199185685551,64.31481481481481,189371.0,False,True
941,391.73809523809524,268.45238095238096,35.49,6.722147829574334,63.04761904761905,183165.0,False,True
942,395.73298429319374,305.1151832460733,80.6975,10.136431727253225,51.05759162303665,171185.0,False,False
943,398.2,205.98928571428573,118.30000000000001,12.272906670474185,59.517857142857146,181177.0,False,False
944,393.8581560283688,413.6595744680851,59.572500000000005,8.709194152086374,79.56028368794327,211958.0,False,False
945,393.0659340659341,931.021978021978,38.447500000000005,6.996633290104976,18.439560439560438,77736.0,False,False
946,396.23312883435585,79.48466257668711,68.8675,9.364017532397558,17.63803680981595,56633.0,False,False
947,395.67910447761193,658.6865671641791,56.61500000000001,8.490256581822557,22.35820895522388,77371.0,False,False
948,398.46382978723403,440.5702127659574,99.28750000000001,11.24352130330585,59.94468085106383,197578.0,False,False
949,397.2991452991453,220.23076923076923,49.432500000000005,7.933436443000028,81.86324786324786,189000.0,True,False
950,395.3296703296703,242.16483516483515,38.447500000000005,6.996633290104976,64.14285714285714,196557.0,True,True
951,396.4166666666667,285.56481481481484,45.63,7.622199185685551,55.601851851851855,186509.0,False,False
952,397.4222222222222,391.9037037037037,57.03750000000001,8.521877758618217,78.29629629629629,217998.0,False,False
953,399.07042253521126,565.1737089201878,89.9925,10.704298656594888,33.051643192488264,110008.0,False,False
954,397.0,232.27450980392157,43.095000000000006,7.407446130776911,67.1470588235294,197069.0,True,False
955,397.755905511811,523.6614173228346,53.657500000000006,8.265521814841879,38.031496062992126,122899.0,False,False
956,397.6694214876033,588.5454545454545,51.1225,8.067911044732915,19.165289256198346,79751.0,False,False
957,396.7901234567901,608.358024691358,34.222500000000004,6.601018127508749,20.11111111111111,65473.0,False,False
958,399.2894736842105,425.86842105263156,48.165000000000006,7.831065232276457,122.63157894736842,204513.0,True,False
959,401.953125,489.86328125,108.16000000000001,11.735143337793332,26.75390625,118371.0,False,False
960,398.9809523809524,536.3809523809524,44.362500000000004,7.51558975086544,39.19047619047619,128912.0,False,False
961,398.3636363636364,677.2929292929293,41.82750000000001,7.297700121093632,24.96969696969697,83835.0,False,False
962,398.82300884955754,976.566371681416,47.74250000000001,7.796642800880295,44.64601769911504,64725.0,True,True
963,400.9492753623188,353.8623188405797,58.30500000000001,8.616045012404687,62.11594202898551,196735.0,False,False
964,399.93333333333334,713.8666666666667,38.025000000000006,6.958084052995808,24.4,93212.0,False,False
965,404.5730337078652,270.41011235955057,75.20500000000001,9.785396259825553,46.89325842696629,200459.0,False,False
966,405.25,110.51785714285714,70.98,9.506552628860888,21.773809523809526,87942.0,False,False
967,403.42857142857144,256.9714285714286,44.362500000000004,7.51558975086544,64.37142857142857,205328.0,False,False
968,402.1578947368421,700.2236842105264,32.11000000000001,6.394037987175715,39.39473684210526,103379.0,False,False
969,405.9244444444444,8.822222222222223,95.06250000000001,11.001696879181248,17.61777777777778,42521.0,False,False
970,405.025,378.3,67.60000000000001,9.277445403994411,57.21875,215279.0,False,False
971,406.4577777777778,179.18666666666667,95.06250000000001,11.001696879181248,60.24,235519.0,False,False
972,405.4818181818182,337.2818181818182,46.475,7.692451354514157,39.54545454545455,167329.0,False,False
973,404.60869565217394,415.1666666666667,58.30500000000001,8.616045012404687,80.43478260869566,214765.0,False,True
974,405.7590361445783,737.1807228915662,35.0675,6.682015245043993,2.6506024096385543,54077.0,False,False
975,406.24778761061947,905.5221238938053,47.74250000000001,7.796642800880295,104.22123893805309,119511.0,True,True
976,408.0983606557377,45.22950819672131,51.545,8.101180922147954,18.475409836065573,60582.0,False,False
977,407.9672131147541,291.0245901639344,51.545,8.101180922147954,58.28688524590164,187398.0,False,False
978,408.1748251748252,584.5454545454545,60.417500000000004,8.770743993187619,22.6013986013986,80341.0,False,False
979,408.0232558139535,620.5038759689922,54.502500000000005,8.33035043001963,17.06201550387597,64809.0,False,False
980,408.81102362204723,661.8740157480315,53.657500000000006,8.265521814841879,16.062992125984252,69052.0,False,False
981,408.17857142857144,56.892857142857146,47.32000000000001,7.762067717874401,12.758928571428571,61184.0,False,False
982,409.5390070921986,236.78014184397162,59.572500000000005,8.709194152086374,83.29787234042553,223185.0,True,True
983,409.15671641791045,541.4850746268656,56.61500000000001,8.490256581822557,31.87313432835821,117111.0,False,False
984,408.87394957983196,849.4201680672269,50.2775,8.000956268498294,15.983193277310924,76203.0,False,False
985,411.0993377483444,361.25165562913907,63.79750000000001,9.01274097349089,55.735099337748345,194788.0,False,False
986,412.1459854014599,35.77372262773723,57.88250000000001,8.584770698634475,18.576642335766422,63306.0,False,False
987,409.8611111111111,65.65277777777777,30.42,6.223499574262349,16.86111111111111,67500.0,False,False
988,412.66169154228857,92.75621890547264,84.92250000000001,10.39839820538586,21.53731343283582,84759.0,False,False
989,411.96315789473687,142.3421052631579,80.275,10.109861742556879,120.96842105263158,223398.0,False,False
990,410.70588235294116,155.77777777777777,64.64250000000001,9.072231658778492,193.12418300653596,245643.0,True,True
991,413.219696969697,330.74242424242425,55.77,8.426658258757147,47.59090909090909,162493.0,False,False
992,415.2967032967033,249.4065934065934,76.89500000000001,9.894733689817546,84.41758241758242,224839.0,True,False
993,411.2077922077922,675.2077922077922,32.532500000000006,6.4359665543799,17.532467532467532,74942.0,False,False
994,411.2962962962963,695.0462962962963,45.63,7.622199185685551,22.98148148148148,103070.0,False,False
995,410.7641509433962,756.5566037735849,44.785000000000004,7.5512934660867375,10.632075471698114,37453.0,False,False
996,411.1261261261261,942.6666666666666,46.89750000000001,7.727337934192946,14.036036036036036,67305.0,False,False
997,413.8011049723757,125.51933701657458,76.47250000000001,9.867512912824576,36.005524861878456,157684.0,False,False
998,416.5165876777251,320.1943127962085,89.14750000000001,10.653925206902757,38.502369668246445,158036.0,False,False
999,414.1970802919708,209.43065693430657,57.88250000000001,8.584770698634475,70.2919708029197,200291.0,False,False
1000,412.1923076923077,1231.7948717948718,32.955000000000005,6.477623730716943,8.948717948717949,47051.0,False,False
1001,415.95522388059703,192.60696517412936,84.92250000000001,10.39839820538586,48.16417910447761,217585.0,False,False
1002,416.43220338983053,259.7457627118644,49.855000000000004,7.967267881951225,57.95762711864407,233484.0,False,False
1003,419.6140350877193,307.5701754385965,96.33000000000001,11.074798659313778,57.57017543859649,174795.0,False,False
1004,415.13793103448273,568.735632183908,36.7575,6.8411331346205175,33.94252873563219,98194.0,False,False
1005,414.25757575757575,1184.621212121212,27.885,5.958547197508803,15.969696969696969,45903.0,False,False
1006,416.5507246376812,221.68115942028984,58.30500000000001,8.616045012404687,63.78260869565217,218039.0,True,False
1007,416.26050420168065,178.35294117647058,50.2775,8.000956268498294,61.05042016806723,265677.0,False,False
1008,417.1875,277.25,33.800000000000004,6.560144557252417,71.025,214301.0,False,False
1009,418.82978723404256,901.7234042553191,39.715,7.1110272478142695,24.9468085106383,156624.0,False,False
1010,420.09941520467834,59.02923976608187,72.2475,9.591056980763573,17.567251461988302,75440.0,False,False
1011,417.76666666666665,1178.3,12.675,4.017251701041172,15.566666666666666,48992.0,False,False
1012,422.57142857142856,4.428571428571429,50.2775,8.000956268498294,28.57983193277311,44532.0,False,False
1013,419.40384615384613,1167.4038461538462,21.970000000000002,5.288957628666685,15.51923076923077,52228.0,False,False
1014,423.0378787878788,148.37121212121212,55.77,8.426658258757147,120.32575757575758,249263.0,False,False
1015,423.69117647058823,270.19117647058823,57.46000000000001,8.553382035223404,46.463235294117645,233202.0,False,False
1016,425.9362745098039,291.61764705882354,86.19000000000001,10.475710780692815,75.6470588235294,208911.0,True,False
1017,424.7579617834395,337.2738853503185,66.33250000000001,9.190057785517194,39.45859872611465,164698.0,False,False
1018,424.1693548387097,133.93548387096774,52.39000000000001,8.167314108608483,65.85483870967742,199652.0,False,False
1019,421.49122807017545,1194.421052631579,24.082500000000003,5.537399329656889,14.473684210526315,44392.0,False,False
1020,425.28476821192055,1243.0198675496688,63.79750000000001,9.01274097349089,13.19205298013245,39214.0,False,False
1021,426.0098039215686,235.07843137254903,86.19000000000001,10.475710780692815,69.3921568627451,232433.0,False,True
1022,425.56382978723406,975.031914893617,39.715,7.1110272478142695,14.074468085106384,58788.0,False,False
1023,423.75555555555553,1122.5333333333333,19.012500000000003,4.920108417939312,18.733333333333334,92829.0,False,False
1024,426.8888888888889,649.875,60.84,8.801357503344999,20.17361111111111,68438.0,False,False
1025,425.47777777777776,1136.7666666666667,38.025000000000006,6.958084052995808,19.41111111111111,71210.0,False,False
1026,427.52100840336135,198.58823529411765,50.2775,8.000956268498294,103.6218487394958,223182.0,True,False
1027,429.9580152671756,105.75954198473282,110.69500000000001,11.87186806717708,43.29007633587786,115083.0,False,False
1028,432.7169811320755,125.06037735849057,111.9625,11.93964331659077,36.283018867924525,166636.0,False,False
1029,426.5,712.8620689655172,24.505000000000003,5.58576181408903,65.75862068965517,96177.0,True,True
1030,428.9130434782609,761.5434782608696,38.870000000000005,7.034971293747812,7.5,36186.0,False,False
1031,435.76681614349775,342.60538116591925,94.21750000000002,10.952691304245054,63.51569506726457,173307.0,False,False
1032,432.34594594594597,39.26486486486486,78.16250000000001,9.9759503765487,22.63243243243243,80701.0,False,False
1033,432.4322916666667,161.58854166666666,81.12,10.162932247580734,70.46354166666667,312023.0,False,False
1034,433.2485549132948,207.8092485549133,73.0925,9.646981985240508,52.3757225433526,209823.0,True,False
1035,430.2843137254902,630.9803921568628,43.095000000000006,7.407446130776911,25.901960784313726,67567.0,False,False
1036,430.8067226890756,58.319327731092436,50.2775,8.000956268498294,25.34453781512605,87473.0,False,False
1037,433.8156028368794,284.87943262411346,59.572500000000005,8.709194152086374,82.26241134751773,220781.0,False,False
1038,431.0457516339869,323.06535947712416,64.64250000000001,9.072231658778492,49.27450980392157,158091.0,False,False
1039,432.5408163265306,23.948979591836736,41.405,7.260749503306075,23.989795918367346,78196.0,False,False
1040,432.14912280701753,174.49122807017545,48.165000000000006,7.831065232276457,70.9298245614035,296882.0,False,False
1041,432.03361344537814,692.1512605042017,50.2775,8.000956268498294,22.605042016806724,101548.0,False,False
1042,431.03333333333336,729.2,25.35,5.681251839078812,15.9,80459.0,False,False
1043,433.6131386861314,1228.3430656934306,57.88250000000001,8.584770698634475,12.547445255474452,49210.0,False,False
1044,434.55725190839695,69.41984732824427,55.347500000000004,8.394678415652944,38.030534351145036,101862.0,False,False
1045,438.94880546075086,92.1296928327645,123.79250000000002,12.554581089850336,50.69965870307167,121529.0,True,True
1046,434.63529411764705,750.0705882352942,35.9125,6.762042232218129,6.658823529411765,39296.0,False,False
1047,432.8181818181818,1130.0151515151515,27.885,5.958547197508803,20.53030303030303,79922.0,False,False
1048,438.7772277227723,264.44554455445547,85.34500000000001,10.424232774905905,72.13366336633663,239519.0,False,False
1049,435.91089108910893,575.1287128712871,42.67250000000001,7.371045683803026,27.336633663366335,94538.0,False,False
1050,438.5394736842105,189.48026315789474,64.22000000000001,9.042535239792663,103.63157894736842,272193.0,True,False
1051,438.84120171673817,231.86695278969958,98.44250000000001,11.195574298917911,77.91845493562232,213153.0,False,False
1052,440.1967213114754,647.811475409836,51.545,8.101180922147954,15.918032786885245,77020.0,False,True
1053,441.8826815642458,6.284916201117318,75.62750000000001,9.812844830601293,29.363128491620113,56181.0,False,False
1054,441.14150943396226,312.3207547169811,89.57000000000001,10.679141633199201,38.424528301886795,165536.0,False,False
1055,440.02150537634407,327.9462365591398,39.292500000000004,7.073101498742004,41.86021505376344,149549.0,False,False
1056,438.8607594936709,768.367088607595,33.377500000000005,6.519014718835807,10.835443037974683,40045.0,False,False
1057,443.9130434782609,78.89673913043478,77.74000000000001,9.948951814523555,34.58152173913044,120681.0,True,False
1058,438.125,1161.6666666666667,10.14,3.5931391545018894,17.833333333333332,58347.0,False,False
1059,440.5774647887324,22.887323943661972,29.997500000000002,6.180129710871209,26.253521126760564,82139.0,False,False
1060,442.15,106.925,50.7,8.034503402082343,47.36666666666667,143181.0,False,False
1061,442.65,661.86,42.25000000000001,7.3344645861208315,20.74,76753.0,False,False
1062,444.8273381294964,944.589928057554,58.727500000000006,8.647206217237697,11.553956834532373,53080.0,False,False
1063,444.985401459854,33.67153284671533,57.88250000000001,8.584770698634475,27.854014598540147,90721.0,False,False
1064,445.0240963855422,216.46987951807228,35.0675,6.682015245043993,63.75903614457831,202986.0,False,False
1065,446.72857142857146,277.62142857142857,59.150000000000006,8.67825553156191,98.6,227227.0,False,False
1066,444.21666666666664,698.3166666666667,25.35,5.681251839078812,23.15,101071.0,False,False
1067,446.3185840707965,195.5929203539823,47.74250000000001,7.796642800880295,63.415929203539825,265278.0,True,False
1068,449.48523206751054,62.36286919831224,100.13250000000001,11.291264708312957,36.16877637130802,104442.0,True,False
1069,451.327868852459,331.4863387978142,77.31750000000001,9.92187978661609,36.01092896174863,141200.0,False,False
1070,446.8269230769231,1158.5576923076924,21.970000000000002,5.288957628666685,21.173076923076923,59906.0,False,False
1071,451.0184049079755,165.29447852760737,68.8675,9.364017532397558,132.3435582822086,282772.0,False,False
1072,455.86309523809524,243.00595238095238,141.96,13.444295659148668,48.05059523809524,196731.0,False,False
1073,449.6178861788618,930.7073170731708,51.96750000000001,8.134314724734013,14.959349593495935,71736.0,False,False
1074,448.54761904761904,1139.3333333333333,17.745,4.753276314430444,13.785714285714286,67243.0,False,False
1075,455.99658703071674,108.45392491467577,123.79250000000002,12.554581089850336,53.55290102389078,203799.0,False,False
1076,449.0731707317073,711.2926829268292,17.3225,4.696348795998318,28.78048780487805,98355.0,False,False
1077,453.0691823899371,150.9685534591195,67.17750000000001,9.24840794496255,60.911949685534594,243750.0,False,False
1078,451.08196721311475,763.8852459016393,25.7725,5.728399965669906,12.80327868852459,41469.0,False,False
1079,451.1842105263158,1238.2763157894738,32.11000000000001,6.394037987175715,15.710526315789474,55213.0,False,False
1080,453.4795918367347,1201.591836734694,41.405,7.260749503306075,15.306122448979592,48048.0,False,False
1081,455.2910447761194,20.925373134328357,56.61500000000001,8.490256581822557,33.62686567164179,81679.0,False,False
1082,459.7491961414791,90.80385852090032,131.3975,12.93446918428965,45.231511254019296,182639.0,False,True
1083,452.2,1174.8666666666666,19.012500000000003,4.920108417939312,15.244444444444444,53656.0,False,False
1084,457.43697478991595,215.73949579831933,50.2775,8.000956268498294,46.57983193277311,180130.0,False,False
1085,457.9947643979058,281.32460732984293,80.6975,10.136431727253225,78.49738219895288,199168.0,False,False
1086,455.8288288288288,673.1621621621622,46.89750000000001,7.727337934192946,20.405405405405407,84015.0,False,False
1087,456.99,4.6,42.25000000000001,7.3344645861208315,29.76,55573.0,False,False
1088,458.28767123287673,76.91780821917808,61.68500000000001,8.86226727857993,34.56849315068493,137161.0,False,False
1089,455.9710144927536,702.2753623188406,29.152500000000003,6.092463855279885,17.797101449275363,91536.0,False,False
1090,457.76146788990826,940.2844036697247,46.0525,7.6574058357851245,12.311926605504587,59794.0,False,False
1091,459.45185185185187,174.42962962962963,57.03750000000001,8.521877758618217,204.14814814814815,282261.0,False,False
1092,456.56140350877195,920.9473684210526,24.082500000000003,5.537399329656889,23.210526315789473,89538.0,False,False
1093,458.09090909090907,970.2386363636364,37.18000000000001,6.880337656921596,11.25,52646.0,False,False
1094,460.1111111111111,40.32275132275132,79.8525,10.0832217443615,29.444444444444443,97418.0,False,False
1095,460.2456140350877,1210.2543859649122,48.165000000000006,7.831065232276457,13.93859649122807,54744.0,False,False
1096,464.73262032085563,206.4331550802139,79.00750000000001,10.029729474450614,51.93048128342246,211415.0,False,False
1097,460.22289156626505,263.2048192771084,70.135,9.449796583524995,50.69277108433735,208827.0,False,False
1098,463.56043956043953,57.7032967032967,76.89500000000001,9.894733689817546,33.010989010989015,108586.0,True,False
1099,461.8767123287671,193.0068493150685,61.68500000000001,8.86226727857993,86.12328767123287,274915.0,False,False
1100,462.0990099009901,226.4257425742574,42.67250000000001,7.371045683803026,47.04950495049505,170239.0,False,False
1101,463.28901734104045,321.29479768786126,73.0925,9.646981985240508,32.959537572254334,113505.0,False,False
1102,461.09589041095893,628.1232876712329,30.842500000000005,6.266569289371519,24.465753424657535,79636.0,False,False
1103,459.0,1035.0,9.717500000000001,3.517485646873906,22.47826086956522,74920.0,False,True
1104,464.92075471698115,138.8,111.9625,11.93964331659077,52.094339622641506,201773.0,False,False
1105,465.55555555555554,338.3333333333333,68.44500000000001,9.335249361393526,26.555555555555557,151946.0,False,False
1106,464.1653543307087,645.7165354330708,53.657500000000006,8.265521814841879,36.511811023622045,87511.0,True,False
1107,465.7022471910112,116.74157303370787,75.20500000000001,9.785396259825553,108.21348314606742,216235.0,True,True
1108,461.2173913043478,1163.391304347826,9.717500000000001,3.517485646873906,18.130434782608695,56308.0,False,False
1109,467.2897196261682,742.9065420560747,45.2075,7.586829161027343,13.177570093457945,59954.0,False,False
1110,472.6313559322034,7.220338983050848,99.71000000000001,11.267418293714986,30.54237288135593,62249.0,False,False
1111,468.53521126760563,162.69014084507043,29.997500000000002,6.180129710871209,65.29577464788733,256034.0,False,False
1112,470.72477064220186,170.05504587155963,46.0525,7.6574058357851245,119.43119266055047,266042.0,False,False
1113,468.3414634146341,179.3170731707317,34.645,6.641640160935379,91.8780487804878,278127.0,False,False
1114,468.27027027027026,721.4864864864865,46.89750000000001,7.727337934192946,23.585585585585587,85450.0,False,False
1115,474.14181818181817,72.25090909090909,116.18750000000001,12.162833535156055,39.96,130194.0,False,False
1116,471.7391304347826,31.900621118012424,68.02250000000001,9.306392261867519,27.96894409937888,95923.0,False,False
1117,472.92452830188677,45.735849056603776,67.17750000000001,9.24840794496255,28.89937106918239,99109.0,False,False
1118,474.1764705882353,94.27941176470588,86.19000000000001,10.475710780692815,97.52450980392157,201689.0,True,True
1119,470.40677966101697,664.7796610169491,24.927500000000002,5.633709146857493,27.677966101694917,99618.0,False,False
1120,474.2116788321168,256.75182481751824,57.88250000000001,8.584770698634475,60.7007299270073,151270.0,False,False
1121,471.8679245283019,707.9056603773585,22.392500000000002,5.3395708165996005,23.641509433962263,91432.0,False,False
1122,477.10132158590307,217.21145374449338,95.90750000000001,11.050485131282139,43.370044052863435,165919.0,False,False
1123,475.0933333333333,272.11333333333334,63.37500000000001,8.982847886254723,44.89333333333333,154894.0,False,False
1124,474.7692307692308,909.6923076923077,32.955000000000005,6.477623730716943,26.82051282051282,87120.0,False,False
1125,476.3,154.93,42.25000000000001,7.3344645861208315,44.64,206806.0,False,False
1126,480.76190476190476,23.391534391534393,79.8525,10.0832217443615,28.333333333333332,86991.0,False,False
1127,480.47058823529414,55.22549019607843,86.19000000000001,10.475710780692815,32.27450980392157,105796.0,True,False
1128,477.54794520547944,667.2739726027397,30.842500000000005,6.266569289371519,32.43835616438356,106833.0,False,False
1129,482.2125,133.9625,67.60000000000001,9.277445403994411,41.6,191857.0,False,False
1130,480.80172413793105,167.7844827586207,49.010000000000005,7.8994601136704485,61.76724137931034,226136.0,False,False
1131,483.5348837209302,186.03488372093022,72.67,9.619060126431496,79.83720930232558,230756.0,False,False
1132,484.5187969924812,279.9248120300752,56.1925,8.458517193783473,30.67669172932331,126720.0,False,False
1133,482.59322033898303,380.40677966101697,49.855000000000004,7.967267881951225,32.83898305084746,157370.0,False,False
1134,483.45098039215685,244.61764705882354,43.095000000000006,7.407446130776911,53.68627450980392,129342.0,False,False
1135,483.61870503597123,308.7769784172662,58.727500000000006,8.647206217237697,22.028776978417266,97167.0,False,False
1136,488.3034482758621,10.924137931034483,61.2625,8.831864899857669,34.08965517241379,65595.0,False,False
1137,487.233918128655,93.05263157894737,72.2475,9.591056980763573,67.92397660818713,179941.0,False,True
1138,485.0625,230.95833333333334,40.56,7.186278309003779,45.041666666666664,132767.0,False,False
1139,485.3780487804878,721.6463414634146,34.645,6.641640160935379,39.76829268292683,102236.0,False,False
1140,489.0658682634731,65.83832335329342,70.5575,9.47821708854842,36.209580838323355,115050.0,False,False
1141,490.02777777777777,255.98333333333332,76.05000000000001,9.840216835878625,28.016666666666666,129912.0,False,False
1142,487.18888888888887,679.9555555555555,38.025000000000006,6.958084052995808,51.74444444444445,120743.0,True,False
1143,485.4423076923077,1004.8653846153846,21.970000000000002,5.288957628666685,22.53846153846154,77639.0,False,False
1144,490.7111111111111,103.97777777777777,57.03750000000001,8.521877758618217,60.80740740740741,187730.0,False,False
1145,488.35114503816794,145.34351145038167,55.347500000000004,8.394678415652944,35.786259541984734,152838.0,False,False
1146,491.2260869565217,170.57391304347826,48.587500000000006,7.8653370162898755,60.0,185636.0,False,False
1147,491.4347826086956,195.51304347826087,48.587500000000006,7.8653370162898755,85.55652173913043,185552.0,True,False
1148,490.8641975308642,740.5802469135803,34.222500000000004,6.601018127508749,18.419753086419753,100670.0,False,False
1149,492.1294117647059,754.4823529411765,35.9125,6.762042232218129,10.611764705882353,85077.0,False,False
1150,491.48275862068965,992.1264367816092,36.7575,6.8411331346205175,20.310344827586206,74878.0,False,False
1151,491.08196721311475,1016.344262295082,25.7725,5.728399965669906,22.491803278688526,80948.0,False,False
1152,495.1046511627907,49.97093023255814,72.67,9.619060126431496,29.686046511627907,96274.0,False,False
1153,494.54545454545456,207.86713286713288,60.417500000000004,8.770743993187619,63.01398601398601,160204.0,False,False
1154,497.6027397260274,244.95890410958904,92.5275,10.854016398342266,39.15068493150685,123906.0,False,False
1155,492.55128205128204,490.56410256410254,32.955000000000005,6.477623730716943,18.807692307692307,90548.0,False,False
1156,493.9,520.09,42.25000000000001,7.3344645861208315,36.19,153162.0,False,False
1157,497.1917808219178,23.292237442922374,92.5275,10.854016398342266,26.767123287671232,87179.0,False,False
1158,495.41322314049586,924.5371900826447,51.1225,8.067911044732915,14.107438016528926,66022.0,False,False
1159,495.875,35.76923076923077,43.940000000000005,7.479715609277069,32.04807692307692,95837.0,False,False
1160,499.2266009852217,232.51231527093597,85.76750000000001,10.450003476223014,28.31527093596059,124185.0,False,False
1161,495.17,545.59,42.25000000000001,7.3344645861208315,27.93,167895.0,False,False
1162,494.46666666666664,638.32,31.687500000000004,6.351832654737959,19.0,90967.0,False,False
1163,493.3333333333333,1078.4492753623188,29.152500000000003,6.092463855279885,18.869565217391305,66301.0,False,False
1164,495.13793103448273,693.2413793103449,24.505000000000003,5.58576181408903,27.189655172413794,132547.0,False,False
1165,498.82442748091603,87.82442748091603,55.347500000000004,8.394678415652944,27.52671755725191,137699.0,False,False
1166,495.07894736842104,1206.6315789473683,16.055000000000003,4.5212676198963315,20.789473684210527,56131.0,False,False
1167,502.6559139784946,2.6989247311827955,39.292500000000004,7.073101498742004,20.634408602150536,46521.0,False,False
1168,498.575,217.1875,33.800000000000004,6.560144557252417,37.1,143607.0,False,False
1169,505.83554376657827,116.0159151193634,159.28250000000003,14.240954244160697,27.06100795755968,133510.0,False,False
1170,497.32,501.98,21.125000000000004,5.186249645218625,32.94,122266.0,False,False
1171,498.64367816091954,730.7816091954023,36.7575,6.8411331346205175,43.50574712643678,129680.0,True,False
1172,502.9947368421053,63.17894736842105,80.275,10.109861742556879,27.010526315789473,94530.0,False,False
1173,500.0,315.712962962963,45.63,7.622199185685551,19.333333333333332,74161.0,False,False
1174,500.23376623376623,198.32467532467533,32.532500000000006,6.4359665543799,96.63636363636364,161178.0,True,False
1175,499.72972972972974,993.2972972972973,15.632500000000002,4.4613806364255035,28.35135135135135,75349.0,False,False
1176,501.2962962962963,1021.0,34.222500000000004,6.601018127508749,25.37037037037037,83194.0,False,False
1177,504.8724489795918,98.63265306122449,82.81,10.268250420569165,26.566326530612244,134642.0,False,False
1178,507.5450450450451,43.572072072072075,93.79500000000002,10.928106107575758,51.78378378378378,89411.0,True,True
1179,501.8490566037736,674.8679245283018,22.392500000000002,5.3395708165996005,93.84905660377359,136531.0,True,False
1180,502.23809523809524,696.8412698412699,26.617500000000003,5.8215507884058,48.57142857142857,136626.0,False,False
1181,504.27777777777777,224.26388888888889,30.42,6.223499574262349,37.47222222222222,128654.0,False,False
1182,506.39195979899495,266.35175879396985,84.07750000000001,10.346535546861599,31.2964824120603,113307.0,True,False
1183,503.1081081081081,634.9054054054054,31.265000000000004,6.309345002941657,18.324324324324323,92898.0,False,False
1184,506.546875,153.5625,54.080000000000005,8.297999432349801,35.5078125,101067.0,False,False
1185,506.010989010989,175.30769230769232,38.447500000000005,6.996633290104976,33.043956043956044,142873.0,False,False
1186,504.7230769230769,494.0153846153846,27.462500000000002,5.913234393907399,28.415384615384614,103144.0,False,False
1187,509.0927152317881,12.370860927152318,63.79750000000001,9.01274097349089,23.91390728476821,65270.0,False,False
1188,508.4451612903226,166.49032258064517,65.48750000000001,9.131334770220834,23.193548387096776,115180.0,False,False
1189,506.1089108910891,1059.039603960396,42.67250000000001,7.371045683803026,19.722772277227723,71381.0,False,False
1190,510.8457943925234,27.8411214953271,90.415,10.72939669493256,27.19158878504673,87890.0,False,False
1191,508.7567567567568,141.72972972972974,62.53000000000001,8.922761272851007,24.52027027027027,92291.0,False,False
1192,508.98581560283685,194.06382978723406,59.572500000000005,8.709194152086374,58.97872340425532,138697.0,False,False
1193,509.10869565217394,300.7391304347826,38.870000000000005,7.034971293747812,24.032608695652176,76573.0,False,False
1194,507.1449275362319,681.6521739130435,29.152500000000003,6.092463855279885,78.2463768115942,139139.0,True,False
1195,511.65034965034965,1033.055944055944,60.417500000000004,8.770743993187619,16.503496503496503,90270.0,False,False
1196,511.87116564417175,84.079754601227,68.8675,9.364017532397558,30.87730061349693,83491.0,False,True
1197,509.36708860759495,524.2405063291139,66.75500000000001,9.219279028687428,121.78481012658227,164579.0,True,True
1198,507.3030303030303,1247.939393939394,13.9425,4.2133291293785735,19.666666666666668,61038.0,False,False
1199,513.0060606060606,281.8121212121212,69.7125,9.421290344870497,26.0,98758.0,False,False
1200,507.90909090909093,1205.090909090909,9.295000000000002,3.440168828460798,22.136363636363637,57203.0,False,True
1201,514.0215053763441,351.18279569892474,39.292500000000004,7.073101498742004,20.892473118279568,92106.0,False,False
1202,514.6267605633802,221.17605633802816,59.995000000000005,8.740023254338977,29.43661971830986,118138.0,False,False
1203,512.1573033707865,557.0449438202247,37.602500000000006,6.919320051920128,36.40449438202247,136640.0,False,False
1204,515.0597014925373,183.76119402985074,56.61500000000001,8.490256581822557,28.33582089552239,123027.0,False,False
1205,514.4444444444445,236.9059829059829,49.432500000000005,7.933436443000028,29.735042735042736,119091.0,False,False
1206,521.5153846153846,2.4153846153846152,54.925000000000004,8.362576277354894,24.184615384615384,44792.0,False,False
1207,513.4032258064516,688.8870967741935,26.195000000000004,5.775163190277621,77.38709677419355,135272.0,True,False
1208,514.2527472527472,1055.8461538461538,38.447500000000005,6.996633290104976,24.153846153846153,74855.0,False,False
1209,515.5930232558139,494.93023255813955,36.335,6.801702644040839,22.709302325581394,109451.0,False,False
1210,519.6374269005848,125.00584795321637,72.2475,9.591056980763573,21.83625730994152,76941.0,False,False
1211,515.4,674.8222222222222,19.012500000000003,4.920108417939312,46.24444444444445,148125.0,True,False
1212,515.6271186440678,1101.6271186440679,24.927500000000002,5.633709146857493,16.338983050847457,57311.0,False,False
1213,519.8397435897435,145.89102564102564,65.91000000000001,9.160743331929707,19.423076923076923,74997.0,False,False
1214,518.2815533980582,317.0388349514563,43.517500000000005,7.443668577254932,22.0,73090.0,False,False
1215,516.5135135135135,1194.6216216216217,15.632500000000002,4.4613806364255035,19.16216216216216,64379.0,False,False
1216,522.4470198675497,52.87748344370861,127.59500000000001,12.74594051886651,21.635761589403973,75497.0,False,True
1217,519.0,339.24,31.687500000000004,6.351832654737959,24.6,83966.0,False,False
1218,523.9702380952381,21.160714285714285,70.98,9.506552628860888,25.50595238095238,72166.0,False,False
1219,523.5526315789474,273.0394736842105,64.22000000000001,9.042535239792663,31.17105263157895,114199.0,False,False
1220,522.2232142857143,962.7589285714286,47.32000000000001,7.762067717874401,15.25,58778.0,False,False
1221,520.027027027027,1046.2972972972973,15.632500000000002,4.4613806364255035,20.10810810810811,89794.0,False,False
1222,524.2515723270441,201.47798742138366,67.17750000000001,9.24840794496255,29.635220125786162,107141.0,False,False
1223,524.8011695906433,241.4093567251462,72.2475,9.591056980763573,32.08771929824562,119970.0,False,False
1224,524.0,299.9569892473118,39.292500000000004,7.073101498742004,21.473118279569892,74978.0,False,False
1225,522.4782608695652,512.6231884057971,29.152500000000003,6.092463855279885,36.89855072463768,155957.0,False,False
1226,523.3411764705883,552.5176470588235,35.9125,6.762042232218129,35.43529411764706,142887.0,False,False
1227,524.7619047619048,745.1809523809524,44.362500000000004,7.51558975086544,112.47619047619048,160569.0,True,True
1228,521.2272727272727,1242.6363636363637,9.295000000000002,3.440168828460798,41.36363636363637,68851.0,False,False
1229,524.8076923076923,37.55769230769231,43.940000000000005,7.479715609277069,22.884615384615383,78053.0,False,False
1230,527.0898203592815,86.61676646706587,70.5575,9.47821708854842,20.706586826347305,65318.0,False,False
1231,528.6,262.1575757575758,69.7125,9.421290344870497,63.654545454545456,123527.0,False,True
1232,524.4594594594595,452.1621621621622,31.265000000000004,6.309345002941657,14.675675675675675,67043.0,False,False
1233,524.0909090909091,1194.4848484848485,13.9425,4.2133291293785735,19.21212121212121,71175.0,False,True
1234,528.9136690647482,537.705035971223,58.727500000000006,8.647206217237697,40.8705035971223,169756.0,False,False
1235,527.3814432989691,758.4742268041238,40.9825,7.22360987610134,34.20618556701031,134946.0,False,False
1236,526.08,1086.38,21.125000000000004,5.186249645218625,22.78,67130.0,False,True
1237,525.5833333333334,1243.7777777777778,15.21,4.4006787516724994,47.388888888888886,67547.0,False,False
1238,528.84,224.832,52.81250000000001,8.200180696565521,29.16,102505.0,False,False
1239,528.9473684210526,709.0701754385965,48.165000000000006,7.831065232276457,31.95614035087719,149742.0,False,False
1240,528.5494505494505,319.4725274725275,38.447500000000005,6.996633290104976,19.626373626373628,76820.0,False,False
1241,527.5774647887324,387.77464788732397,29.997500000000002,6.180129710871209,27.816901408450704,97121.0,False,False
1242,527.3469387755102,647.6530612244898,20.7025,5.134125210284583,68.63265306122449,115874.0,True,False
1243,532.141935483871,9.716129032258065,65.48750000000001,9.131334770220834,26.335483870967742,52821.0,False,False
1244,532.0,251.5125,67.60000000000001,9.277445403994411,51.36875,126405.0,False,False
1245,531.2824427480916,162.1679389312977,55.347500000000004,8.394678415652944,16.954198473282442,65660.0,False,False
1246,532.5597014925373,181.2462686567164,56.61500000000001,8.490256581822557,20.067164179104477,74719.0,False,False
1247,530.7301587301587,732.3174603174604,26.617500000000003,5.8215507884058,104.66666666666667,181088.0,True,False
1248,531.2068965517242,1051.0689655172414,24.505000000000003,5.58576181408903,18.70689655172414,89204.0,False,False
1249,532.9473684210526,29.021052631578947,40.1375,7.148751795020415,25.6,73017.0,False,False
1250,535.152,148.336,52.81250000000001,8.200180696565521,20.4,60453.0,False,False
1251,536.8202247191011,77.67977528089888,75.20500000000001,9.785396259825553,15.415730337078651,59452.0,False,False
1252,535.6929824561404,695.1666666666666,48.165000000000006,7.831065232276457,31.45614035087719,116395.0,False,False
1253,535.8469387755102,557.3163265306123,41.405,7.260749503306075,22.520408163265305,128566.0,False,False
1254,535.8227848101266,740.620253164557,33.377500000000005,6.519014718835807,78.32911392405063,174985.0,True,False
1255,537.2056074766355,724.3457943925233,45.2075,7.586829161027343,42.6822429906542,172799.0,False,False
1256,539.2105263157895,22.394736842105264,32.11000000000001,6.394037987175715,26.82894736842105,64027.0,False,False
1257,539.6344086021505,62.44086021505376,39.292500000000004,7.073101498742004,16.440860215053764,56678.0,False,False
1258,539.525641025641,1018.6666666666666,32.955000000000005,6.477623730716943,90.55128205128206,115537.0,True,True
1259,540.6063829787234,203.2659574468085,39.715,7.1110272478142695,21.72340425531915,82180.0,False,False
1260,542.2773722627737,306.91970802919707,57.88250000000001,8.584770698634475,17.065693430656935,76082.0,False,False
1261,540.9888888888889,1051.4777777777779,38.025000000000006,6.958084052995808,19.855555555555554,89975.0,False,False
1262,542.6455696202531,1087.3164556962026,33.377500000000005,6.519014718835807,19.556962025316455,63892.0,False,False
1263,544.6170212765958,237.4964539007092,59.572500000000005,8.709194152086374,35.46099290780142,115509.0,False,True
1264,543.9496402877697,278.0,58.727500000000006,8.647206217237697,26.8705035971223,125479.0,False,False
1265,544.6181818181818,638.1545454545454,46.475,7.692451354514157,29.181818181818183,104398.0,False,True
1266,545.3456790123457,55.80246913580247,34.222500000000004,6.601018127508749,14.82716049382716,53871.0,False,False
1267,545.7297297297297,161.05405405405406,46.89750000000001,7.727337934192946,17.135135135135137,59653.0,False,False
1268,546.2430555555555,212.41666666666666,60.84,8.801357503344999,24.21527777777778,84986.0,False,False
1269,544.7702702702703,714.581081081081,31.265000000000004,6.309345002941657,27.45945945945946,137033.0,False,False
1270,546.0258064516129,740.4258064516129,65.48750000000001,9.131334770220834,41.85806451612903,164037.0,False,False
1271,544.8484848484849,537.939393939394,27.885,5.958547197508803,41.303030303030305,140054.0,False,False
1272,550.0049019607843,117.20098039215686,86.19000000000001,10.475710780692815,16.61764705882353,62526.0,False,False
1273,546.3111111111111,150.61111111111111,38.025000000000006,6.958084052995808,13.833333333333334,59838.0,False,False
1274,547.1923076923077,248.7948717948718,32.955000000000005,6.477623730716943,34.41025641025641,138387.0,False,False
1275,548.7692307692307,75.92307692307692,54.925000000000004,8.362576277354894,16.623076923076923,54557.0,False,False
1276,547.3424657534247,1204.7671232876712,30.842500000000005,6.266569289371519,19.17808219178082,79951.0,False,True
1277,553.4066666666666,906.52,126.75000000000001,12.703665309475918,11.44,48780.0,False,True
1278,555.0082987551867,959.4190871369294,101.8225,11.386150953847226,13.921161825726141,50054.0,False,False
1279,549.439024390244,882.4634146341464,17.3225,4.696348795998318,16.853658536585368,54410.0,False,True
1280,550.4893617021277,1048.787234042553,39.715,7.1110272478142695,18.52127659574468,95656.0,False,False
1281,551.625,1071.0865384615386,43.940000000000005,7.479715609277069,13.663461538461538,67024.0,False,False
1282,550.375,976.2142857142857,23.660000000000004,5.488610719338178,15.5,53969.0,False,False
1283,551.3953488372093,1025.0,54.502500000000005,8.33035043001963,81.13178294573643,113367.0,True,True
1284,550.8461538461538,1140.8131868131868,38.447500000000005,6.996633290104976,14.32967032967033,52916.0,False,False
1285,552.2352941176471,627.8725490196078,43.095000000000006,7.407446130776911,22.441176470588236,88800.0,False,False
1286,551.3478260869565,726.9565217391304,29.152500000000003,6.092463855279885,89.95652173913044,142523.0,True,True
1287,552.2611111111111,1185.9055555555556,76.05000000000001,9.840216835878625,49.138888888888886,86931.0,True,False
1288,551.2739726027397,170.32876712328766,30.842500000000005,6.266569289371519,19.28767123287671,61893.0,False,False
1289,551.34,1241.96,21.125000000000004,5.186249645218625,23.22,62967.0,False,False
1290,551.5,499.0,10.985000000000001,3.7398578046385347,33.80769230769231,114548.0,False,False
1291,553.3376623376623,1086.0,32.532500000000006,6.4359665543799,19.4025974025974,65958.0,False,False
1292,554.4027777777778,1126.638888888889,30.42,6.223499574262349,10.333333333333334,52000.0,False,False
1293,555.7948717948718,200.28205128205127,32.955000000000005,6.477623730716943,20.358974358974358,76016.0,False,False
1294,556.6263736263736,220.86813186813185,38.447500000000005,6.996633290104976,27.703296703296704,91898.0,False,False
1295,555.86,607.35,42.25000000000001,7.3344645861208315,29.96,83759.0,False,False
1296,557.5421686746988,148.16867469879517,35.0675,6.682015245043993,14.578313253012048,61263.0,False,False
1297,555.2903225806451,527.9677419354839,13.097500000000002,4.083657054304242,58.58064516129032,134947.0,True,False
1298,555.5087719298245,734.8070175438596,24.082500000000003,5.537399329656889,95.21052631578948,135183.0,True,True
1299,555.5254237288135,782.9322033898305,24.927500000000002,5.633709146857493,18.779661016949152,68303.0,False,False
1300,554.875,1234.2708333333333,20.28,5.081466123790367,16.979166666666668,66802.0,False,False
1301,556.2,1160.925,16.900000000000002,4.638722701997206,23.1,72003.0,False,False
1302,558.0181818181818,854.4181818181818,23.2375,5.439384516724603,15.49090909090909,58165.0,False,False
1303,560.0542635658915,986.3720930232558,54.502500000000005,8.33035043001963,15.496124031007753,62028.0,False,False
1304,560.4519230769231,137.79807692307693,43.940000000000005,7.479715609277069,16.89423076923077,61156.0,False,False
1305,561.3941605839416,669.1532846715329,57.88250000000001,8.584770698634475,18.145985401459853,88952.0,False,False
1306,560.4380952380952,192.65714285714284,44.362500000000004,7.51558975086544,21.580952380952382,71983.0,False,False
1307,562.4923076923077,880.0230769230769,54.925000000000004,8.362576277354894,12.276923076923078,52638.0,False,False
1308,564.1322314049587,1211.8181818181818,51.1225,8.067911044732915,13.62809917355372,81110.0,False,True
1309,561.3370786516854,1221.5168539325844,37.602500000000006,6.919320051920128,16.528089887640448,71288.0,False,True
1310,563.2647058823529,680.1666666666666,43.095000000000006,7.407446130776911,21.764705882352942,83013.0,False,False
1311,561.6764705882352,1254.2941176470588,28.730000000000004,6.048154439185661,18.735294117647058,41514.0,False,False
1312,561.8448275862069,1183.103448275862,24.505000000000003,5.58576181408903,57.8448275862069,89981.0,True,False
1313,562.6119402985074,1230.4626865671642,28.307500000000005,6.003518003020447,14.537313432835822,64555.0,False,False
1314,563.5,499.0,21.125000000000004,5.186249645218625,31.16,115827.0,False,False
1315,564.1549295774648,587.5915492957746,29.997500000000002,6.180129710871209,23.95774647887324,92150.0,False,False
1316,566.0,514.725,16.900000000000002,4.638722701997206,35.15,129968.0,False,False
1317,567.6060606060606,891.5757575757576,27.885,5.958547197508803,15.818181818181818,49108.0,False,False
1318,568.8067226890756,1032.0,50.2775,8.000956268498294,21.470588235294116,100728.0,False,True
1319,570.0952380952381,100.51587301587301,53.23500000000001,8.232916079007266,18.53968253968254,65111.0,False,False
1320,568.7473684210527,1050.7263157894736,40.1375,7.148751795020415,13.621052631578948,76368.0,False,True
1321,569.2941176470588,1085.9705882352941,43.095000000000006,7.407446130776911,27.65686274509804,69079.0,False,False
1322,567.6111111111111,1110.6666666666667,22.815,5.389708731752834,16.537037037037038,56266.0,False,False
1323,569.4142857142857,227.28571428571428,29.575000000000003,6.136453335237093,28.114285714285714,94580.0,False,False
1324,570.2222222222222,757.8104575163399,64.64250000000001,9.072231658778492,14.254901960784315,79370.0,False,False
1325,569.8673469387755,1160.091836734694,41.405,7.260749503306075,14.755102040816327,70497.0,False,False
1326,569.126582278481,1195.6455696202531,33.377500000000005,6.519014718835807,22.49367088607595,91977.0,False,True
1327,571.1052631578947,836.9912280701755,48.165000000000006,7.831065232276457,17.850877192982455,83856.0,False,False
1328,571.65625,865.8125,40.56,7.186278309003779,15.03125,56297.0,False,False
1329,572.8823529411765,1019.1764705882352,50.2775,8.000956268498294,26.831932773109244,98546.0,False,True
1330,572.8674698795181,713.277108433735,35.0675,6.682015245043993,16.53012048192771,96182.0,False,False
1331,573.6082474226804,853.3917525773196,40.9825,7.22360987610134,14.463917525773196,65708.0,False,False
1332,575.3014705882352,929.1985294117648,57.46000000000001,8.553382035223404,13.375,47206.0,False,False
1333,571.75,206.875,10.14,3.5931391545018894,23.583333333333332,80740.0,False,False
1334,573.9724770642201,627.2110091743119,46.0525,7.6574058357851245,19.660550458715598,77339.0,False,False
1335,575.0,644.9785714285714,59.150000000000006,8.67825553156191,19.428571428571427,72479.0,False,False
1336,575.5902777777778,906.1111111111111,60.84,8.801357503344999,14.54861111111111,47066.0,False,False
1337,576.2846153846153,60.83846153846154,54.925000000000004,8.362576277354894,14.423076923076923,55757.0,False,False
1338,575.2517985611511,968.0863309352518,58.727500000000006,8.647206217237697,15.597122302158274,53472.0,False,True
1339,576.0564516129032,989.8387096774194,52.39000000000001,8.167314108608483,19.048387096774192,70786.0,False,True
1340,574.5074626865671,1117.686567164179,28.307500000000005,6.003518003020447,11.611940298507463,56288.0,False,False
1341,575.2061855670103,1181.2061855670104,40.9825,7.22360987610134,26.4020618556701,86168.0,False,False
1342,576.588785046729,1142.411214953271,45.2075,7.586829161027343,15.598130841121495,62636.0,False,False
1343,578.7155172413793,85.68103448275862,49.010000000000005,7.8994601136704485,15.129310344827585,62443.0,False,False
1344,575.7272727272727,738.0151515151515,27.885,5.958547197508803,20.40909090909091,93865.0,False,False
1345,575.8709677419355,1096.7096774193549,13.097500000000002,4.083657054304242,14.096774193548388,69123.0,False,False
1346,579.2564102564103,1108.3846153846155,49.432500000000005,7.933436443000028,17.23931623931624,62703.0,False,False
1347,578.4705882352941,1240.6941176470589,35.9125,6.762042232218129,19.870588235294118,55258.0,False,True
1348,579.8245614035088,127.33333333333333,24.082500000000003,5.537399329656889,17.87719298245614,66684.0,False,False
1349,580.7916666666666,757.6875,40.56,7.186278309003779,11.96875,71200.0,False,True
1350,582.3333333333334,775.3645833333334,40.56,7.186278309003779,14.770833333333334,78921.0,False,True
1351,581.3877551020408,1077.6530612244899,41.405,7.260749503306075,41.36734693877551,68832.0,True,True
1352,581.5421686746988,99.95180722891567,35.0675,6.682015245043993,18.83132530120482,67705.0,False,False
1353,582.271186440678,600.7796610169491,24.927500000000002,5.633709146857493,29.203389830508474,78176.0,False,False
1354,582.0754716981132,706.9056603773585,22.392500000000002,5.3395708165996005,13.79245283018868,75941.0,False,False
1355,584.6120689655172,1052.7327586206898,49.010000000000005,7.8994601136704485,19.448275862068964,65463.0,False,False
1356,584.3821138211382,1062.7317073170732,51.96750000000001,8.134314724734013,16.089430894308943,67132.0,False,False
1357,582.8695652173913,1088.4492753623188,29.152500000000003,6.092463855279885,17.18840579710145,70864.0,False,False
1358,586.5035971223022,142.0,58.727500000000006,8.647206217237697,15.510791366906474,63794.0,False,False
1359,583.8505747126437,204.95402298850576,36.7575,6.8411331346205175,20.620689655172413,81914.0,False,False
1360,584.7168141592921,160.0796460176991,47.74250000000001,7.796642800880295,19.938053097345133,65383.0,False,False
1361,584.9113924050633,190.37974683544303,33.377500000000005,6.519014718835807,22.443037974683545,72208.0,False,False
1362,582.3142857142857,529.0857142857143,14.787500000000001,4.339127765780955,25.97142857142857,112693.0,False,False
1363,583.5581395348837,833.8372093023256,18.1675,4.809530063215748,26.511627906976745,99446.0,False,False
1364,585.7913669064748,880.6330935251799,58.727500000000006,8.647206217237697,14.266187050359711,55383.0,False,False
1365,585.9756097560976,1155.4146341463415,51.96750000000001,8.134314724734013,13.772357723577235,78697.0,False,False
1366,587.8521126760563,1217.2323943661972,59.995000000000005,8.740023254338977,19.8943661971831,74879.0,False,True
1367,584.3584905660377,566.8679245283018,22.392500000000002,5.3395708165996005,22.58490566037736,90085.0,False,False
1368,585.1794871794872,853.3846153846154,32.955000000000005,6.477623730716943,24.666666666666668,69535.0,False,False
1369,588.1792452830189,740.3018867924528,44.785000000000004,7.5512934660867375,26.028301886792452,76307.0,False,False
1370,590.4117647058823,125.94117647058823,57.46000000000001,8.553382035223404,14.029411764705882,68948.0,False,False
1371,588.6413043478261,1104.9239130434783,38.870000000000005,7.034971293747812,22.032608695652176,66641.0,False,True
1372,587.0,1123.6041666666667,20.28,5.081466123790367,16.6875,63516.0,False,True
1373,590.8867924528302,74.5,44.785000000000004,7.5512934660867375,14.830188679245284,61312.0,False,False
1374,591.0184049079754,641.6932515337423,68.8675,9.364017532397558,19.8159509202454,71347.0,False,False
1375,590.1132075471698,731.2830188679245,22.392500000000002,5.3395708165996005,26.30188679245283,75632.0,False,False
1376,589.625,759.1875,27.040000000000003,5.867571668896666,21.3125,66720.0,False,False
1377,588.8965517241379,866.2586206896551,24.505000000000003,5.58576181408903,18.20689655172414,62612.0,False,False
1378,589.6666666666666,615.7619047619048,8.8725,3.361073914787167,16.714285714285715,72563.0,False,False
1379,591.525,166.7,16.900000000000002,4.638722701997206,15.1,71780.0,False,False
1380,592.1578947368421,1076.6315789473683,24.082500000000003,5.537399329656889,31.894736842105264,67997.0,False,False
1381,595.0666666666667,562.9142857142857,44.362500000000004,7.51558975086544,17.552380952380954,89081.0,False,False
1382,596.0113636363636,1055.9886363636363,37.18000000000001,6.880337656921596,13.625,62547.0,False,False
1383,596.2133333333334,679.0666666666667,31.687500000000004,6.351832654737959,16.746666666666666,74648.0,False,False
1384,595.5,791.1481481481482,22.815,5.389708731752834,34.925925925925924,111738.0,False,True
1385,595.8108108108108,1142.8648648648648,31.265000000000004,6.309345002941657,20.783783783783782,87742.0,False,False
1386,599.8450704225352,1182.4647887323943,59.995000000000005,8.740023254338977,21.697183098591548,83681.0,False,False
1387,597.8,701.6,33.800000000000004,6.560144557252417,20.2875,76462.0,False,False
1388,607.1488673139158,942.6537216828478,130.5525,12.89281217050948,13.022653721682849,56883.0,False,False
1389,599.7850467289719,1026.4485981308412,90.415,10.72939669493256,20.210280373831775,70993.0,False,True
1390,598.1904761904761,742.8412698412699,26.617500000000003,5.8215507884058,34.285714285714285,73487.0,False,False
1391,600.792899408284,866.8047337278107,71.4025,9.534803961957083,17.82248520710059,70520.0,False,False
1392,600.6545454545454,1122.2545454545455,46.475,7.692451354514157,23.818181818181817,75061.0,False,False
1393,599.5411764705882,1247.6117647058823,35.9125,6.762042232218129,16.223529411764705,51123.0,False,False
1394,600.9247311827957,92.34408602150538,39.292500000000004,7.073101498742004,22.408602150537636,73721.0,False,False
1395,600.2553191489362,168.0212765957447,19.8575,5.028255588131782,20.914893617021278,76634.0,False,False
1396,604.824427480916,1052.648854961832,55.347500000000004,8.394678415652944,15.725190839694656,57357.0,False,False
1397,602.5816326530612,1158.1530612244899,41.405,7.260749503306075,15.346938775510203,97073.0,False,False
1398,603.2049180327868,986.9098360655738,51.545,8.101180922147954,14.229508196721312,67388.0,False,False
1399,602.0847457627119,557.5932203389831,24.927500000000002,5.633709146857493,22.23728813559322,93564.0,False,False
1400,601.9642857142857,591.0535714285714,23.660000000000004,5.488610719338178,14.107142857142858,78206.0,False,False
1401,604.9298245614035,909.3947368421053,48.165000000000006,7.831065232276457,12.24561403508772,83059.0,False,False
1402,605.8045112781955,649.3233082706766,56.1925,8.458517193783473,18.81203007518797,76766.0,False,False
1403,606.7549019607843,1201.5882352941176,43.095000000000006,7.407446130776911,30.186274509803923,80556.0,False,True
1404,604.4666666666667,122.85333333333334,31.687500000000004,6.351832654737959,17.226666666666667,73548.0,False,False
1405,607.3032258064516,757.4774193548387,65.48750000000001,9.131334770220834,20.26451612903226,77349.0,False,False
1406,606.6138613861386,1191.8910891089108,42.67250000000001,7.371045683803026,21.73267326732673,81798.0,False,True
1407,607.6521739130435,75.70434782608696,48.587500000000006,7.8653370162898755,17.956521739130434,66189.0,False,False
1408,607.5294117647059,727.4215686274509,43.095000000000006,7.407446130776911,25.686274509803923,79794.0,False,False
1409,606.1643835616438,1221.6438356164383,30.842500000000005,6.266569289371519,17.328767123287673,78624.0,False,False
1410,607.632911392405,318.63291139240505,33.377500000000005,6.519014718835807,25.21518987341772,91260.0,False,True
1411,607.7142857142857,1238.1298701298701,32.532500000000006,6.4359665543799,15.116883116883116,70103.0,False,False
1412,610.9717514124294,692.8022598870057,74.78250000000001,9.75787047742269,24.2090395480226,86389.0,False,True
1413,608.75,740.2380952380952,35.49,6.722147829574334,21.952380952380953,80489.0,False,False
1414,609.5324675324675,537.9480519480519,32.532500000000006,6.4359665543799,16.337662337662337,111486.0,True,True
1415,612.020618556701,655.7628865979382,40.9825,7.22360987610134,24.0,81559.0,False,False
1416,610.5633802816901,712.7183098591549,29.997500000000002,6.180129710871209,19.859154929577464,85883.0,False,False
1417,611.94,1002.2,42.25000000000001,7.3344645861208315,18.17,72049.0,False,False
1418,609.5,1142.655172413793,24.505000000000003,5.58576181408903,59.58620689655172,97523.0,True,True
1419,613.3229166666666,898.8229166666666,40.56,7.186278309003779,39.833333333333336,95423.0,False,False
1420,613.2717391304348,989.25,38.870000000000005,7.034971293747812,15.706521739130435,66468.0,False,False
1421,614.4047619047619,609.9285714285714,35.49,6.722147829574334,20.63095238095238,69981.0,False,False
1422,614.253164556962,851.3291139240506,33.377500000000005,6.519014718835807,17.620253164556964,92562.0,False,False
1423,616.0288461538462,622.8942307692307,43.940000000000005,7.479715609277069,23.10576923076923,73132.0,False,False
1424,617.1487603305785,1097.2727272727273,51.1225,8.067911044732915,16.75206611570248,59414.0,False,False
1425,616.7678571428571,648.5892857142857,23.660000000000004,5.488610719338178,30.196428571428573,83348.0,False,False
1426,619.0245901639345,1040.049180327869,51.545,8.101180922147954,12.811475409836065,56446.0,False,False
1427,620.0348837209302,744.1860465116279,36.335,6.801702644040839,29.197674418604652,82153.0,False,False
1428,619.5652173913044,1110.7826086956522,29.152500000000003,6.092463855279885,18.391304347826086,67719.0,False,False
1429,620.435294117647,42.07058823529412,35.9125,6.762042232218129,14.705882352941176,54454.0,False,False
1430,621.6893203883495,878.4854368932039,43.517500000000005,7.443668577254932,26.660194174757283,109853.0,False,False
1431,622.136690647482,959.4748201438849,58.727500000000006,8.647206217237697,11.251798561151078,53903.0,False,False
1432,621.0934579439253,1018.9158878504672,45.2075,7.586829161027343,20.925233644859812,64954.0,False,False
1433,621.7678571428571,717.5714285714286,47.32000000000001,7.762067717874401,20.357142857142858,89926.0,False,False
1434,624.1639344262295,841.2049180327868,51.545,8.101180922147954,27.40983606557377,97561.0,False,False
1435,625.4705882352941,907.7549019607843,43.095000000000006,7.407446130776911,72.73529411764706,101727.0,True,False
1436,625.125,2.225,16.900000000000002,4.638722701997206,42.375,54553.0,False,True
1437,624.3695652173913,553.5652173913044,19.435000000000002,4.974475907261778,32.52173913043478,145565.0,True,False
1438,625.9431818181819,684.7159090909091,37.18000000000001,6.880337656921596,33.84090909090909,93160.0,False,True
1439,627.1238938053098,989.6637168141593,47.74250000000001,7.796642800880295,13.221238938053098,66260.0,False,False
1440,628.3900709219859,532.8014184397163,59.572500000000005,8.709194152086374,33.219858156028366,149291.0,True,False
1441,628.7473684210527,1035.378947368421,40.1375,7.148751795020415,17.50526315789474,58986.0,False,False
1442,628.9583333333334,1089.0833333333333,50.7,8.034503402082343,12.45,59631.0,False,False
1443,630.9716312056737,1053.1489361702127,59.572500000000005,8.709194152086374,12.453900709219859,51757.0,False,False
1444,630.7361111111111,852.2638888888889,30.42,6.223499574262349,30.86111111111111,101735.0,False,False
1445,630.5744680851063,60.04255319148936,19.8575,5.028255588131782,14.148936170212766,55504.0,False,False
1446,631.9861111111111,506.3888888888889,30.42,6.223499574262349,32.458333333333336,120327.0,True,False
1447,633.265625,633.953125,27.040000000000003,5.867571668896666,23.921875,84989.0,False,True
1448,633.9493670886076,693.6835443037975,33.377500000000005,6.519014718835807,50.65822784810127,92597.0,True,True
1449,633.9367088607595,723.379746835443,33.377500000000005,6.519014718835807,29.658227848101266,87262.0,True,True
1450,633.3148148148148,545.7222222222222,22.815,5.389708731752834,42.96296296296296,171256.0,False,False
1451,634.0,878.2741935483871,26.195000000000004,5.775163190277621,77.12903225806451,121972.0,True,True
1452,636.3296703296703,573.0989010989011,38.447500000000005,6.996633290104976,51.32967032967033,141608.0,False,False
1453,635.92,741.9066666666666,31.687500000000004,6.351832654737959,25.333333333333332,83036.0,False,False
1454,635.6206896551724,902.5,24.505000000000003,5.58576181408903,29.396551724137932,123295.0,False,False
1455,639.916129032258,46.41935483870968,65.48750000000001,9.131334770220834,8.44516129032258,51185.0,False,False
1456,638.7525773195877,701.8453608247422,40.9825,7.22360987610134,37.36082474226804,90467.0,True,False
1457,638.6238532110092,892.2660550458716,46.0525,7.6574058357851245,27.91743119266055,136842.0,False,False
1458,638.927927927928,917.8198198198198,46.89750000000001,7.727337934192946,18.61261261261261,96197.0,False,True
1459,638.4125,172.5875,33.800000000000004,6.560144557252417,28.2,116225.0,True,True
1460,638.9705882352941,864.5686274509804,43.095000000000006,7.407446130776911,38.450980392156865,111192.0,False,False
1461,637.1428571428571,1028.4571428571428,14.787500000000001,4.339127765780955,16.285714285714285,66209.0,False,False
1462,641.5098039215686,6.176470588235294,21.547500000000003,5.237855390346407,20.607843137254903,50444.0,False,False
1463,640.675,528.175,16.900000000000002,4.638722701997206,53.9,160728.0,False,False
1464,642.62,664.06,21.125000000000004,5.186249645218625,30.6,100133.0,False,True
1465,647.0198675496689,874.8344370860927,63.79750000000001,9.01274097349089,62.86092715231788,129730.0,True,True
1466,642.9333333333333,501.06666666666666,12.675,4.017251701041172,33.266666666666666,111421.0,True,False
1467,643.6486486486486,680.6756756756756,31.265000000000004,6.309345002941657,23.58108108108108,100163.0,False,True
1468,644.3384615384615,709.4153846153846,27.462500000000002,5.913234393907399,27.215384615384615,89412.0,True,False
1469,645.0,571.0853658536586,34.645,6.641640160935379,51.76829268292683,148315.0,True,False
1470,647.061403508772,742.578947368421,48.165000000000006,7.831065232276457,21.07894736842105,80396.0,False,False
1471,647.7583333333333,849.45,50.7,8.034503402082343,21.166666666666668,107481.0,False,True
1472,646.1444444444444,985.8666666666667,38.025000000000006,6.958084052995808,27.41111111111111,73400.0,False,True
1473,649.6075949367089,668.3291139240506,33.377500000000005,6.519014718835807,22.31645569620253,103395.0,False,True
1474,649.6666666666666,4.509803921568627,21.547500000000003,5.237855390346407,18.49019607843137,44495.0,False,False
1475,651.5,639.4318181818181,37.18000000000001,6.880337656921596,27.147727272727273,93811.0,False,False
1476,653.2297297297297,65.94594594594595,31.265000000000004,6.309345002941657,21.986486486486488,73329.0,False,False
1477,652.1904761904761,610.1111111111111,26.617500000000003,5.8215507884058,18.158730158730158,80119.0,False,False
1478,656.8723404255319,729.9308510638298,79.43,10.056511176263564,17.675531914893618,75368.0,False,False
1479,654.6222222222223,903.1777777777778,38.025000000000006,6.958084052995808,39.44444444444444,111700.0,False,False
1480,654.2375,946.475,33.800000000000004,6.560144557252417,9.9625,57535.0,False,True
1481,656.4893617021277,41.840425531914896,39.715,7.1110272478142695,11.893617021276595,52441.0,False,False
1482,655.439024390244,564.2317073170732,34.645,6.641640160935379,59.46341463414634,156802.0,False,False
1483,657.9302325581396,866.2945736434109,54.502500000000005,8.33035043001963,32.10077519379845,132769.0,False,True
1484,659.9285714285714,889.7467532467532,65.06500000000001,9.101831188183693,46.96103896103896,127284.0,True,True
1485,656.0833333333334,985.3166666666667,25.35,5.681251839078812,23.783333333333335,82065.0,False,True
1486,656.9285714285714,533.7428571428571,29.575000000000003,6.136453335237093,61.67142857142857,167221.0,False,False
1487,660.5194805194806,1053.8376623376623,65.06500000000001,9.101831188183693,9.590909090909092,58999.0,False,False
1488,656.060606060606,521.7878787878788,13.9425,4.2133291293785735,51.60606060606061,144886.0,False,False
1489,659.5350877192982,716.1666666666666,48.165000000000006,7.831065232276457,23.50877192982456,78482.0,False,False
1490,659.5975609756098,916.329268292683,34.645,6.641640160935379,17.71951219512195,78048.0,False,False
1491,659.6760563380282,1013.4507042253521,29.997500000000002,6.180129710871209,39.563380281690144,98166.0,False,True
1492,662.2,995.85,67.60000000000001,9.277445403994411,24.45,96387.0,False,False
1493,661.797619047619,495.6190476190476,35.49,6.722147829574334,24.404761904761905,97628.0,False,False
1494,660.6785714285714,507.89285714285717,23.660000000000004,5.488610719338178,31.875,114731.0,True,False
1495,664.8933333333333,959.1666666666666,63.37500000000001,8.982847886254723,23.2,64506.0,False,False
1496,661.8139534883721,4.604651162790698,18.1675,4.809530063215748,14.232558139534884,38219.0,False,False
1497,663.6219512195122,630.829268292683,34.645,6.641640160935379,26.23170731707317,86216.0,False,False
1498,664.3529411764706,643.9411764705883,35.9125,6.762042232218129,17.36470588235294,101644.0,False,False
1499,662.5862068965517,694.9310344827586,12.252500000000001,3.9497300568352243,26.344827586206897,86527.0,False,False
1500,667.046875,941.265625,54.080000000000005,8.297999432349801,11.2734375,61833.0,False,False
1501,667.6,31.2125,33.800000000000004,6.560144557252417,17.7,54380.0,False,False
1502,667.16,563.0,31.687500000000004,6.351832654737959,34.61333333333334,143876.0,False,False
1503,667.4888888888889,865.4333333333333,38.025000000000006,6.958084052995808,38.18888888888889,127308.0,False,False
1504,667.9879518072289,1098.6265060240964,35.0675,6.682015245043993,15.80722891566265,63238.0,False,False
1505,667.1594202898551,684.536231884058,29.152500000000003,6.092463855279885,31.884057971014492,99767.0,False,False
1506,668.7027027027027,14.792792792792794,46.89750000000001,7.727337934192946,15.018018018018019,46964.0,False,False
1507,669.8095238095239,56.507936507936506,26.617500000000003,5.8215507884058,16.6984126984127,62676.0,False,False
1508,671.5784313725491,761.5,43.095000000000006,7.407446130776911,17.264705882352942,72089.0,False,False
1509,670.3898305084746,497.79661016949154,24.927500000000002,5.633709146857493,27.88135593220339,101808.0,False,False
1510,671.7083333333334,513.9166666666666,30.42,6.223499574262349,28.180555555555557,124093.0,False,False
1511,671.1481481481482,615.5061728395061,34.222500000000004,6.601018127508749,28.37037037037037,77557.0,False,True
1512,672.9677419354839,904.6854838709677,52.39000000000001,8.167314108608483,25.701612903225808,96796.0,False,False
1513,672.716049382716,369.5925925925926,34.222500000000004,6.601018127508749,27.765432098765434,78643.0,False,False
1514,673.6173913043478,715.6869565217391,48.587500000000006,7.8653370162898755,19.88695652173913,73428.0,False,True
1515,672.72,552.86,21.125000000000004,5.186249645218625,25.46,140550.0,False,False
1516,672.2352941176471,626.6274509803922,21.547500000000003,5.237855390346407,27.098039215686274,79388.0,False,False
1517,673.2133333333334,1015.8133333333334,31.687500000000004,6.351832654737959,47.13333333333333,95421.0,True,True
1518,672.875,641.9791666666666,20.28,5.081466123790367,18.833333333333332,99016.0,False,False
1519,673.9811320754717,664.9811320754717,22.392500000000002,5.3395708165996005,55.264150943396224,105689.0,True,True
1520,674.6865671641791,869.7014925373135,28.307500000000005,6.003518003020447,40.95522388059702,125540.0,False,False
1521,676.3877551020408,543.2857142857143,20.7025,5.134125210284583,30.285714285714285,136492.0,False,False
1522,677.4485981308411,754.2897196261682,45.2075,7.586829161027343,15.457943925233645,67815.0,False,False
1523,676.2083333333334,841.0,30.42,6.223499574262349,15.569444444444445,93526.0,False,False
1524,677.5280898876405,37.0,37.602500000000006,6.919320051920128,20.696629213483146,56563.0,False,False
1525,677.1290322580645,679.2741935483871,26.195000000000004,5.775163190277621,26.177419354838708,117259.0,False,False
1526,682.6583850931677,917.3913043478261,68.02250000000001,9.306392261867519,15.267080745341614,79883.0,False,False
1527,680.797619047619,973.6547619047619,35.49,6.722147829574334,23.785714285714285,76014.0,False,False
1528,683.8101265822785,936.8101265822785,33.377500000000005,6.519014718835807,17.0126582278481,72960.0,False,False
1529,685.8550724637681,551.8695652173913,29.152500000000003,6.092463855279885,22.057971014492754,113458.0,False,False
1530,688.078125,50.96875,27.040000000000003,5.867571668896666,14.3125,64029.0,False,False
1531,687.1935483870968,528.3709677419355,26.195000000000004,5.775163190277621,44.08064516129032,123762.0,False,False
1532,689.6161616161617,942.5050505050505,41.82750000000001,7.297700121093632,25.545454545454547,77786.0,False,False
1533,691.6344086021505,1252.6129032258063,39.292500000000004,7.073101498742004,23.752688172043012,48341.0,False,False
1534,691.75,568.6153846153846,21.970000000000002,5.288957628666685,21.71153846153846,88576.0,False,False
1535,692.1388888888889,1093.3055555555557,15.21,4.4006787516724994,12.416666666666666,56649.0,False,False
1536,693.8021978021978,506.3076923076923,38.447500000000005,6.996633290104976,49.065934065934066,111597.0,False,False
1537,693.4347826086956,926.8478260869565,19.435000000000002,4.974475907261778,23.08695652173913,77580.0,False,False
1538,694.8032786885246,154.70491803278688,25.7725,5.728399965669906,26.672131147540984,79638.0,False,False
1539,694.9310344827586,720.2413793103449,24.505000000000003,5.58576181408903,18.275862068965516,93339.0,False,True
1540,699.12,676.4,21.125000000000004,5.186249645218625,37.6,152889.0,False,False
1541,698.7368421052631,539.3684210526316,16.055000000000003,4.5212676198963315,36.078947368421055,112939.0,True,False
1542,702.5725806451613,1245.3870967741937,52.39000000000001,8.167314108608483,12.185483870967742,47611.0,False,False
1543,702.6333333333333,1236.4166666666667,25.35,5.681251839078812,15.216666666666667,55359.0,False,False
1544,705.9319727891157,949.1904761904761,62.10750000000001,8.892565716633143,13.979591836734693,80361.0,False,False
1545,704.3166666666667,503.01666666666665,25.35,5.681251839078812,33.03333333333333,103671.0,False,False
1546,706.8571428571429,747.8,29.575000000000003,6.136453335237093,16.428571428571427,61322.0,False,False
1547,705.9069767441861,53.72093023255814,18.1675,4.809530063215748,21.74418604651163,69254.0,False,False
1548,706.7222222222222,577.7222222222222,22.815,5.389708731752834,26.574074074074073,85247.0,False,False
1549,705.875,785.1875,13.520000000000001,4.148999716174901,15.34375,52784.0,False,False
1550,711.4426229508197,974.5245901639345,51.545,8.101180922147954,16.80327868852459,63404.0,False,True
1551,708.8717948717949,185.12820512820514,16.477500000000003,4.5803716659648535,25.94871794871795,82103.0,False,False
1552,710.4142857142857,963.6714285714286,29.575000000000003,6.136453335237093,22.771428571428572,73259.0,False,False
1553,711.1666666666666,740.0833333333334,25.35,5.681251839078812,28.083333333333332,66608.0,False,False
1554,712.0526315789474,510.7368421052632,32.11000000000001,6.394037987175715,47.98684210526316,108403.0,False,False
1555,712.9734513274336,1195.424778761062,47.74250000000001,7.796642800880295,19.01769911504425,63052.0,False,True
1556,714.6704545454545,1255.5681818181818,37.18000000000001,6.880337656921596,17.011363636363637,29451.0,False,False
1557,717.4202898550725,1241.6521739130435,58.30500000000001,8.616045012404687,12.77536231884058,42146.0,False,False
1558,715.9,1222.0285714285715,29.575000000000003,6.136453335237093,18.9,51920.0,False,False
1559,716.4920634920635,548.6666666666666,26.617500000000003,5.8215507884058,31.58730158730159,97934.0,True,False
1560,716.9078947368421,1209.8684210526317,32.11000000000001,6.394037987175715,16.07894736842105,52153.0,False,False
1561,717.5652173913044,234.32608695652175,19.435000000000002,4.974475907261778,18.652173913043477,76670.0,False,False
1562,717.5116279069767,656.3488372093024,18.1675,4.809530063215748,27.72093023255814,97475.0,False,False
1563,717.4833333333333,754.1,25.35,5.681251839078812,19.683333333333334,56207.0,False,False
1564,717.6101694915254,803.0508474576271,24.927500000000002,5.633709146857493,18.8135593220339,47933.0,False,False
1565,721.4666666666667,762.3,12.675,4.017251701041172,15.7,51161.0,False,False
1566,725.9325842696629,689.6179775280899,37.602500000000006,6.919320051920128,26.910112359550563,145376.0,False,False
1567,727.4615384615385,1211.553846153846,54.925000000000004,8.362576277354894,14.76923076923077,49494.0,False,False
1568,725.2307692307693,56.15384615384615,16.477500000000003,4.5803716659648535,20.794871794871796,72009.0,False,False
1569,726.3815789473684,804.1052631578947,32.11000000000001,6.394037987175715,11.68421052631579,44290.0,False,False
1570,729.0,214.375,23.660000000000004,5.488610719338178,17.0,97824.0,False,False
1571,729.1904761904761,230.71428571428572,26.617500000000003,5.8215507884058,15.253968253968255,87806.0,False,False
1572,730.3684210526316,1196.4736842105262,40.1375,7.148751795020415,10.936842105263159,56262.0,False,False
1573,731.1413043478261,646.0434782608696,38.870000000000005,7.034971293747812,13.130434782608695,65982.0,False,False
1574,730.8108108108108,810.2972972972973,15.632500000000002,4.4613806364255035,11.594594594594595,43965.0,False,False
1575,731.9904761904762,1230.4761904761904,44.362500000000004,7.51558975086544,11.942857142857143,44751.0,False,False
1576,733.4954128440367,1250.651376146789,46.0525,7.6574058357851245,10.98165137614679,28297.0,False,False
1577,733.4166666666666,470.8611111111111,30.42,6.223499574262349,23.23611111111111,86137.0,False,False
1578,734.9509803921569,665.0784313725491,43.095000000000006,7.407446130776911,16.91176470588235,83657.0,False,False
1579,735.109375,526.625,27.040000000000003,5.867571668896666,19.796875,86985.0,False,False
1580,738.1975308641976,518.1851851851852,34.222500000000004,6.601018127508749,22.691358024691358,80036.0,False,False
1581,739.6608695652174,548.6434782608695,48.587500000000006,7.8653370162898755,23.921739130434784,86186.0,False,False
1582,738.5384615384615,939.3653846153846,21.970000000000002,5.288957628666685,20.326923076923077,63110.0,False,False
1583,741.0384615384615,1224.6666666666667,32.955000000000005,6.477623730716943,13.487179487179487,42116.0,False,False
1584,740.7532467532468,931.7792207792207,32.532500000000006,6.4359665543799,20.285714285714285,58882.0,False,False
1585,741.6962025316456,12.645569620253164,33.377500000000005,6.519014718835807,20.139240506329113,49949.0,False,False
1586,742.2831858407079,635.3185840707964,47.74250000000001,7.796642800880295,15.858407079646017,56856.0,False,False
1587,744.3157894736842,670.021052631579,40.1375,7.148751795020415,16.557894736842105,67230.0,False,False
1588,745.19,956.72,42.25000000000001,7.3344645861208315,15.55,60891.0,False,False
1589,745.8932038834952,512.8834951456311,43.517500000000005,7.443668577254932,22.980582524271846,72575.0,False,False
1590,744.6,744.7555555555556,19.012500000000003,4.920108417939312,11.644444444444444,52766.0,False,False
1591,749.9281437125749,314.76047904191614,70.5575,9.47821708854842,21.449101796407184,85770.0,False,False
1592,748.6774193548387,647.3387096774194,52.39000000000001,8.167314108608483,19.548387096774192,55835.0,False,False
1593,747.6769230769231,269.32307692307694,27.462500000000002,5.913234393907399,77.72307692307692,103408.0,True,False
1594,750.7358490566038,698.7987421383648,67.17750000000001,9.24840794496255,17.132075471698112,80383.0,False,False
1595,749.36,207.5,21.125000000000004,5.186249645218625,63.9,96863.0,True,False
1596,751.2461538461539,972.6307692307693,27.462500000000002,5.913234393907399,22.153846153846153,56015.0,False,False
1597,752.1219512195122,1199.6341463414635,51.96750000000001,8.134314724734013,11.536585365853659,45131.0,False,False
1598,751.8222222222222,30.733333333333334,19.012500000000003,4.920108417939312,20.533333333333335,73794.0,False,False
1599,753.32,364.78,21.125000000000004,5.186249645218625,16.16,67197.0,False,False
1600,753.8645833333334,529.34375,40.56,7.186278309003779,20.166666666666668,81229.0,False,False
1601,754.9465648854962,999.3435114503817,55.347500000000004,8.394678415652944,14.603053435114504,56932.0,False,False
1602,752.4927536231884,1163.7246376811595,29.152500000000003,6.092463855279885,39.21739130434783,62795.0,True,False
1603,754.7340425531914,233.60638297872342,39.715,7.1110272478142695,22.585106382978722,89455.0,False,False
1604,755.2093023255813,242.47674418604652,36.335,6.801702644040839,16.837209302325583,92183.0,False,False
1605,752.8421052631579,1.8421052631578947,8.027500000000002,3.1970189935878577,15.894736842105264,41888.0,False,False
1606,757.3969465648855,160.94656488549617,55.347500000000004,8.394678415652944,18.580152671755727,62682.0,False,False
1607,753.9268292682926,184.2439024390244,17.3225,4.696348795998318,18.878048780487806,86020.0,False,False
1608,754.38,192.56,21.125000000000004,5.186249645218625,31.8,92168.0,False,False
1609,756.0975609756098,259.8536585365854,34.645,6.641640160935379,36.51219512195122,105031.0,False,False
1610,754.7808219178082,1248.5890410958905,30.842500000000005,6.266569289371519,8.301369863013699,26793.0,False,False
1611,756.1818181818181,506.32954545454544,37.18000000000001,6.880337656921596,19.113636363636363,69751.0,False,False
1612,757.9072164948453,173.06185567010309,40.9825,7.22360987610134,17.072164948453608,70027.0,False,False
1613,759.9015151515151,211.31060606060606,55.77,8.426658258757147,23.53030303030303,97160.0,False,False
1614,758.5783132530121,290.86746987951807,35.0675,6.682015245043993,14.939759036144578,105300.0,False,False
1615,758.2537313432836,379.65671641791045,28.307500000000005,6.003518003020447,16.19402985074627,62291.0,False,False
1616,758.8645833333334,1078.75,40.56,7.186278309003779,14.479166666666666,51946.0,False,False
1617,756.4054054054054,1113.2432432432433,15.632500000000002,4.4613806364255035,13.243243243243244,43156.0,False,False
1618,759.2666666666667,64.90666666666667,31.687500000000004,6.351832654737959,16.706666666666667,65151.0,False,True
1619,759.4285714285714,270.5,41.405,7.260749503306075,81.37755102040816,109070.0,True,False
1620,760.1891891891892,894.3873873873874,46.89750000000001,7.727337934192946,11.153153153153154,35612.0,False,False
1621,762.8076923076923,1033.5641025641025,65.91000000000001,9.160743331929707,12.711538461538462,55186.0,False,False
1622,760.1212121212121,1182.2121212121212,27.885,5.958547197508803,14.909090909090908,52476.0,False,False
1623,762.2315789473685,906.0631578947368,40.1375,7.148751795020415,8.357894736842105,36848.0,False,False
1624,759.53125,952.34375,13.520000000000001,4.148999716174901,15.5,52552.0,False,False
1625,762.1188118811881,1045.8613861386139,42.67250000000001,7.371045683803026,12.712871287128714,52868.0,False,False
1626,760.3913043478261,314.17391304347825,19.435000000000002,4.974475907261778,20.652173913043477,78744.0,False,False
1627,767.0163043478261,323.26630434782606,77.74000000000001,9.948951814523555,18.27173913043478,74367.0,False,False
1628,763.1294117647059,498.09411764705885,35.9125,6.762042232218129,20.03529411764706,76770.0,False,False
1629,760.5952380952381,654.6904761904761,17.745,4.753276314430444,17.023809523809526,68445.0,False,False
1630,762.75,737.6388888888889,45.63,7.622199185685551,12.472222222222221,50947.0,False,False
1631,763.5,1226.4130434782608,38.870000000000005,7.034971293747812,8.83695652173913,38503.0,False,False
1632,767.1223404255319,619.0,79.43,10.056511176263564,21.99468085106383,68101.0,False,False
1633,764.2282608695652,995.4021739130435,38.870000000000005,7.034971293747812,23.130434782608695,58170.0,False,False
1634,763.5444444444445,1069.6444444444444,38.025000000000006,6.958084052995808,16.6,50678.0,False,False
1635,765.5873015873016,1096.420634920635,53.23500000000001,8.232916079007266,12.119047619047619,47468.0,False,False
1636,764.9824561403509,411.2280701754386,24.082500000000003,5.537399329656889,9.456140350877194,74942.0,False,False
1637,765.4772727272727,858.9659090909091,37.18000000000001,6.880337656921596,12.761363636363637,41497.0,False,False
1638,764.0526315789474,977.7631578947369,16.055000000000003,4.5212676198963315,16.57894736842105,56759.0,False,False
1639,767.054347826087,1199.5326086956522,77.74000000000001,9.948951814523555,10.358695652173912,41648.0,False,False
1640,768.0814814814814,1217.2296296296297,57.03750000000001,8.521877758618217,8.755555555555556,37750.0,False,False
1641,770.2608695652174,348.98136645962734,68.02250000000001,9.306392261867519,16.31055900621118,70033.0,False,False
1642,767.7142857142857,289.8061224489796,41.405,7.260749503306075,25.010204081632654,104298.0,False,False
1643,772.126582278481,514.1962025316456,66.75500000000001,9.219279028687428,26.70886075949367,74508.0,False,True
1644,768.1317365269462,641.4850299401197,70.5575,9.47821708854842,16.197604790419163,73815.0,False,False
1645,769.1538461538462,44.8,27.462500000000002,5.913234393907399,18.923076923076923,78216.0,False,False
1646,769.8266666666667,166.65333333333334,31.687500000000004,6.351832654737959,15.28,67439.0,False,False
1647,770.4885496183206,1023.3893129770993,55.347500000000004,8.394678415652944,23.572519083969464,57655.0,False,False
1648,769.5263157894736,923.7105263157895,16.055000000000003,4.5212676198963315,9.078947368421053,40969.0,False,False
1649,771.7735849056604,935.4811320754717,44.785000000000004,7.5512934660867375,12.018867924528301,45333.0,False,False
1650,769.5454545454545,1127.2272727272727,27.885,5.958547197508803,8.969696969696969,47787.0,False,False
1651,770.4255319148937,3.127659574468085,19.8575,5.028255588131782,23.914893617021278,50468.0,False,False
1652,772.248,654.296,52.81250000000001,8.200180696565521,17.424,89265.0,False,False
1653,771.010101010101,703.1515151515151,41.82750000000001,7.297700121093632,18.98989898989899,56829.0,False,False
1654,772.6904761904761,1002.0952380952381,53.23500000000001,8.232916079007266,27.126984126984127,59958.0,False,False
1655,771.5505617977528,1079.426966292135,37.602500000000006,6.919320051920128,14.955056179775282,52149.0,False,False
1656,771.820895522388,545.4029850746268,28.307500000000005,6.003518003020447,42.46268656716418,83911.0,True,False
1657,773.925,209.3875,33.800000000000004,6.560144557252417,22.05,84083.0,False,False
1658,774.7623762376238,895.9009900990098,42.67250000000001,7.371045683803026,9.029702970297029,32548.0,False,False
1659,774.4132231404959,1054.099173553719,51.1225,8.067911044732915,13.49586776859504,53340.0,False,False
1660,775.2523364485982,490.74766355140184,45.2075,7.586829161027343,27.177570093457945,90693.0,False,False
1661,779.5085714285714,563.5828571428572,73.93750000000001,9.702584647343,18.874285714285715,81276.0,False,False
1662,777.072072072072,153.84684684684686,46.89750000000001,7.727337934192946,24.16216216216216,69351.0,False,False
1663,778.7924528301887,581.5786163522013,67.17750000000001,9.24840794496255,17.861635220125788,71018.0,False,False
1664,776.7530864197531,1121.7530864197531,34.222500000000004,6.601018127508749,11.074074074074074,54690.0,False,False
1665,775.7608695652174,372.6521739130435,19.435000000000002,4.974475907261778,14.456521739130435,72257.0,False,False
1666,778.3253968253969,907.7619047619048,53.23500000000001,8.232916079007266,6.73015873015873,33894.0,False,False
1667,779.5434782608696,295.4021739130435,38.870000000000005,7.034971293747812,19.73913043478261,90843.0,False,False
1668,782.1327433628319,232.69911504424778,47.74250000000001,7.796642800880295,18.097345132743364,70464.0,False,False
1669,779.4814814814815,546.1234567901234,34.222500000000004,6.601018127508749,42.25925925925926,81294.0,True,True
1670,780.8301886792453,530.433962264151,22.392500000000002,5.3395708165996005,12.150943396226415,78022.0,False,False
1671,782.1875,945.8625,33.800000000000004,6.560144557252417,12.35,46183.0,False,False
1672,781.2682926829268,955.3780487804878,34.645,6.641640160935379,13.170731707317072,47413.0,False,False
1673,784.0432098765432,1195.0432098765432,68.44500000000001,9.335249361393526,6.5246913580246915,38646.0,False,False
1674,782.9886363636364,65.56818181818181,37.18000000000001,6.880337656921596,22.522727272727273,62455.0,False,False
1675,782.46,256.94,21.125000000000004,5.186249645218625,21.28,96768.0,False,False
1676,783.8395061728395,1044.5925925925926,34.222500000000004,6.601018127508749,17.074074074074073,60584.0,False,False
1677,782.0645161290323,1151.3064516129032,26.195000000000004,5.775163190277621,9.903225806451612,63148.0,False,False
1678,783.0,32.5,29.575000000000003,6.136453335237093,18.685714285714287,84996.0,False,False
1679,782.3804347826087,1210.25,38.870000000000005,7.034971293747812,10.945652173913043,34309.0,False,False
1680,784.3047619047619,1247.9619047619049,44.362500000000004,7.51558975086544,11.447619047619048,30580.0,False,False
1681,783.7118644067797,3.457627118644068,24.927500000000002,5.633709146857493,19.440677966101696,56236.0,False,False
1682,785.9519230769231,54.60576923076923,43.940000000000005,7.479715609277069,18.98076923076923,68082.0,False,False
1683,786.5809523809523,265.247619047619,44.362500000000004,7.51558975086544,37.63809523809524,99178.0,False,False
1684,786.03125,1108.3333333333333,40.56,7.186278309003779,19.927083333333332,61546.0,False,False
1685,787.6771653543307,520.3070866141733,53.657500000000006,8.265521814841879,26.992125984251967,72902.0,False,False
1686,787.25,1096.462962962963,45.63,7.622199185685551,16.51851851851852,65678.0,False,False
1687,791.2388059701492,301.228855721393,84.92250000000001,10.39839820538586,17.90049751243781,88348.0,False,False
1688,786.2888888888889,344.8666666666667,19.012500000000003,4.920108417939312,30.755555555555556,65322.0,False,False
1689,790.5757575757576,156.54545454545453,55.77,8.426658258757147,31.96212121212121,76327.0,False,False
1690,787.76,501.9866666666667,31.687500000000004,6.351832654737959,15.346666666666666,78413.0,False,False
1691,789.5,1027.111111111111,45.63,7.622199185685551,24.694444444444443,64430.0,False,False
1692,789.392523364486,1080.2056074766356,45.2075,7.586829161027343,14.149532710280374,61835.0,False,False
1693,786.7567567567568,1235.5405405405406,15.632500000000002,4.4613806364255035,7.0,36501.0,False,False
1694,791.9761904761905,977.2539682539683,53.23500000000001,8.232916079007266,13.801587301587302,47864.0,False,False
1695,790.0533333333333,888.6533333333333,31.687500000000004,6.351832654737959,7.533333333333333,30836.0,False,False
1696,792.1452991452992,1065.7863247863247,49.432500000000005,7.933436443000028,14.128205128205128,60170.0,False,False
1697,791.7,673.1428571428571,29.575000000000003,6.136453335237093,21.914285714285715,109960.0,False,False
1698,792.0862068965517,687.1206896551724,24.505000000000003,5.58576181408903,14.53448275862069,92511.0,False,False
1699,793.8018867924528,536.8490566037735,44.785000000000004,7.5512934660867375,15.69811320754717,72645.0,False,False
1700,797.452229299363,177.36305732484075,66.33250000000001,9.190057785517194,20.8343949044586,69004.0,False,False
1701,792.8913043478261,414.5869565217391,19.435000000000002,4.974475907261778,29.76086956521739,97553.0,False,False
1702,798.9704641350211,626.2742616033755,100.13250000000001,11.291264708312957,43.18143459915612,84646.0,True,True
1703,794.3,283.12,21.125000000000004,5.186249645218625,41.62,90668.0,True,False
1704,796.8686868686868,918.9090909090909,41.82750000000001,7.297700121093632,9.737373737373737,41685.0,False,False
1705,798.9625,999.65,67.60000000000001,9.277445403994411,12.78125,54459.0,False,False
1706,795.8076923076923,1222.8333333333333,32.955000000000005,6.477623730716943,8.525641025641026,37381.0,False,False
1707,796.6944444444445,1235.2037037037037,45.63,7.622199185685551,8.027777777777779,38122.0,False,False
1708,795.5172413793103,1256.1724137931035,24.505000000000003,5.58576181408903,7.017241379310345,26118.0,False,False
1709,797.3417721518987,146.45569620253164,33.377500000000005,6.519014718835807,21.27848101265823,83271.0,False,False
1710,800.1764705882352,578.7320261437909,64.64250000000001,9.072231658778492,22.73856209150327,63129.0,False,False
1711,798.4905660377359,1049.3867924528302,44.785000000000004,7.5512934660867375,19.17924528301887,63077.0,False,False
1712,795.575,1114.65,16.900000000000002,4.638722701997206,40.175,64936.0,False,False
1713,798.7411764705882,1101.870588235294,35.9125,6.762042232218129,58.129411764705885,66045.0,True,False
1714,799.8481012658228,50.63291139240506,33.377500000000005,6.519014718835807,12.10126582278481,71307.0,False,False
1715,799.6666666666666,932.5172413793103,36.7575,6.8411331346205175,15.28735632183908,51424.0,False,False
1716,800.4705882352941,1217.0235294117647,35.9125,6.762042232218129,7.3882352941176475,36025.0,False,False
1717,799.8870967741935,523.4032258064516,26.195000000000004,5.775163190277621,19.596774193548388,64776.0,False,False
1718,803.467032967033,661.3626373626373,76.89500000000001,9.894733689817546,111.41758241758242,117837.0,True,False
1719,801.0983606557377,11.901639344262295,25.7725,5.728399965669906,28.704918032786885,72912.0,False,False
1720,804.2777777777778,211.03968253968253,53.23500000000001,8.232916079007266,15.261904761904763,58105.0,False,False
1721,805.081081081081,307.69594594594594,62.53000000000001,8.922761272851007,24.195945945945947,105022.0,False,False
1722,805.2844827586207,1201.8706896551723,49.010000000000005,7.8994601136704485,10.39655172413793,35876.0,False,False
1723,804.0666666666667,358.25,25.35,5.681251839078812,18.1,69099.0,False,False
1724,805.8994413407821,501.22346368715085,75.62750000000001,9.812844830601293,13.988826815642458,69897.0,False,False
1725,805.1846153846154,18.676923076923078,27.462500000000002,5.913234393907399,40.53846153846154,80582.0,False,False
1726,806.8263888888889,332.84027777777777,60.84,8.801357503344999,18.708333333333332,85488.0,False,False
1727,806.17,956.78,42.25000000000001,7.3344645861208315,11.37,58726.0,False,False
1728,806.258064516129,398.01612903225805,26.195000000000004,5.775163190277621,27.20967741935484,84293.0,False,False
1729,807.8560606060606,1061.75,55.77,8.426658258757147,15.68939393939394,68461.0,False,False
1730,806.5166666666667,1154.6333333333334,25.35,5.681251839078812,83.06666666666666,87768.0,True,False
1731,808.4713375796179,543.0636942675159,66.33250000000001,9.190057785517194,17.15286624203822,62082.0,False,False
1732,808.3939393939394,1080.1919191919192,41.82750000000001,7.297700121093632,28.060606060606062,67385.0,False,False
1733,806.0,1137.5,18.590000000000003,4.865133414062422,17.795454545454547,93728.0,False,False
1734,808.3269230769231,1247.923076923077,43.940000000000005,7.479715609277069,32.19230769230769,30612.0,True,True
1735,808.506329113924,26.379746835443036,33.377500000000005,6.519014718835807,29.632911392405063,88132.0,False,False
1736,808.367088607595,50.08860759493671,33.377500000000005,6.519014718835807,24.17721518987342,72698.0,False,False
1737,807.859375,907.8125,27.040000000000003,5.867571668896666,8.140625,39119.0,False,False
1738,809.8257575757576,968.9772727272727,55.77,8.426658258757147,11.121212121212121,56957.0,False,False
1739,807.2530120481928,1107.421686746988,35.0675,6.682015245043993,29.301204819277107,65971.0,False,False
1740,808.9262295081967,1123.3524590163934,51.545,8.101180922147954,12.721311475409836,79654.0,False,False
1741,810.0796460176991,1189.858407079646,47.74250000000001,7.796642800880295,18.079646017699115,42506.0,False,False
1742,810.7741935483871,265.21774193548384,52.39000000000001,8.167314108608483,22.024193548387096,82576.0,False,False
1743,813.9350649350649,237.7077922077922,65.06500000000001,9.101831188183693,15.006493506493506,65896.0,False,False
1744,809.3584905660377,253.32075471698113,22.392500000000002,5.3395708165996005,27.962264150943398,75487.0,False,False
1745,809.4285714285714,368.46938775510205,20.7025,5.134125210284583,17.979591836734695,72398.0,False,False
1746,815.0149253731344,674.7276119402985,113.23000000000002,12.007036006040893,33.291044776119406,110020.0,False,False
1747,810.1954887218045,1043.8796992481202,56.1925,8.458517193783473,33.16541353383459,61439.0,False,False
1748,812.3239436619718,1093.605633802817,59.995000000000005,8.740023254338977,21.746478873239436,69944.0,False,False
1749,812.448275862069,178.7816091954023,36.7575,6.8411331346205175,17.25287356321839,66065.0,False,False
1750,812.5876288659794,935.5051546391752,40.9825,7.22360987610134,19.412371134020617,60629.0,False,False
1751,814.5169491525423,985.6355932203389,49.855000000000004,7.967267881951225,12.059322033898304,48783.0,False,False
1752,814.5,999.0,37.18000000000001,6.880337656921596,15.420454545454545,48007.0,False,False
1753,817.9624060150376,390.6616541353383,56.1925,8.458517193783473,15.165413533834586,74514.0,False,False
1754,814.6744186046511,918.8139534883721,18.1675,4.809530063215748,10.279069767441861,51696.0,False,False
1755,817.8796296296297,340.3333333333333,45.63,7.622199185685551,20.87962962962963,83330.0,False,False
1756,818.4009433962265,490.04716981132077,89.57000000000001,10.679141633199201,20.85377358490566,78160.0,False,False
1757,818.6711409395973,1039.3825503355704,62.95250000000001,8.952854988211321,20.100671140939596,59467.0,False,False
1758,818.8766233766233,1055.1753246753246,65.06500000000001,9.101831188183693,21.805194805194805,70161.0,False,False
1759,818.4351851851852,1154.8148148148148,45.63,7.622199185685551,106.1574074074074,87686.0,True,False
1760,818.0645161290323,1230.217741935484,52.39000000000001,8.167314108608483,8.362903225806452,38294.0,False,False
1761,819.8190476190476,223.95238095238096,44.362500000000004,7.51558975086544,13.39047619047619,57907.0,False,False
1762,819.9925373134329,944.7985074626865,56.61500000000001,8.490256581822557,37.82835820895522,67406.0,True,True
1763,820.928,1138.808,52.81250000000001,8.200180696565521,20.08,89849.0,False,False
1764,819.655737704918,1251.311475409836,25.7725,5.728399965669906,14.852459016393443,28423.0,False,False
1765,820.7625,1198.4625,33.800000000000004,6.560144557252417,12.1125,36630.0,False,False
1766,822.8867924528302,213.11320754716982,44.785000000000004,7.5512934660867375,9.88679245283019,52971.0,False,False
1767,821.2950819672132,269.6393442622951,25.7725,5.728399965669906,21.24590163934426,83774.0,False,False
1768,823.930817610063,586.1572327044025,67.17750000000001,9.24840794496255,17.836477987421382,54380.0,False,False
1769,825.1773399014778,692.0788177339901,85.76750000000001,10.450003476223014,26.123152709359605,72085.0,False,False
1770,821.8137254901961,778.1666666666666,43.095000000000006,7.407446130776911,56.068627450980394,73307.0,True,False
1771,823.8256880733945,74.35779816513761,46.0525,7.6574058357851245,22.440366972477065,66054.0,False,False
1772,822.6395348837209,254.15116279069767,36.335,6.801702644040839,34.48837209302326,70560.0,False,True
1773,823.0973451327434,364.283185840708,47.74250000000001,7.796642800880295,25.61946902654867,63832.0,False,False
1774,823.063063063063,929.918918918919,46.89750000000001,7.727337934192946,27.64864864864865,61861.0,False,False
1775,827.0890410958904,603.7260273972603,61.68500000000001,8.86226727857993,12.773972602739725,54219.0,False,False
1776,825.936170212766,418.468085106383,39.715,7.1110272478142695,16.627659574468087,90263.0,False,False
1777,828.4293193717277,509.74869109947645,80.6975,10.136431727253225,16.146596858638745,57019.0,False,False
1778,828.7179487179487,546.9230769230769,65.91000000000001,9.160743331929707,14.506410256410257,52864.0,False,False
1779,829.4013605442177,309.8503401360544,62.10750000000001,8.892565716633143,96.9047619047619,115310.0,True,False
1780,829.8085106382979,524.936170212766,59.572500000000005,8.709194152086374,17.382978723404257,52595.0,False,False
1781,830.2056074766355,1111.6448598130842,90.415,10.72939669493256,11.299065420560748,55672.0,False,False
1782,829.6764705882352,1205.3382352941176,57.46000000000001,8.553382035223404,11.808823529411764,32728.0,False,False
1783,827.2666666666667,408.6666666666667,25.35,5.681251839078812,20.166666666666668,74105.0,False,False
1784,829.7329192546584,627.3975155279503,68.02250000000001,9.306392261867519,15.639751552795031,78500.0,False,False
1785,829.425925925926,983.9351851851852,45.63,7.622199185685551,16.444444444444443,50963.0,False,False
1786,829.1034482758621,1009.4252873563219,36.7575,6.8411331346205175,13.689655172413794,46544.0,False,False
1787,830.5895522388059,1019.9402985074627,56.61500000000001,8.490256581822557,13.440298507462687,46401.0,False,False
1788,828.3870967741935,62.91935483870968,26.195000000000004,5.775163190277621,17.774193548387096,72680.0,False,False
1789,829.1904761904761,242.28571428571428,26.617500000000003,5.8215507884058,18.96825396825397,62955.0,False,False
1790,830.6545454545454,536.6,46.475,7.692451354514157,14.118181818181819,51840.0,False,False
1791,829.044776119403,1093.402985074627,28.307500000000005,6.003518003020447,11.686567164179104,74678.0,False,False
1792,831.2736842105263,1185.1315789473683,80.275,10.109861742556879,7.2105263157894735,42894.0,False,False
1793,830.2395833333334,292.25,40.56,7.186278309003779,28.0,117372.0,False,False
1794,831.319587628866,1238.3298969072166,40.9825,7.22360987610134,9.22680412371134,32266.0,False,False
1795,832.9589041095891,124.70547945205479,61.68500000000001,8.86226727857993,19.30821917808219,69846.0,False,False
1796,833.0512820512821,820.5470085470085,49.432500000000005,7.933436443000028,12.264957264957266,45541.0,False,False
1797,831.933962264151,1247.9528301886792,44.785000000000004,7.5512934660867375,9.084905660377359,27709.0,False,False
1798,832.9753086419753,72.38271604938272,34.222500000000004,6.601018127508749,18.641975308641975,68993.0,False,False
1799,834.0555555555555,22.15277777777778,30.42,6.223499574262349,48.47222222222222,123998.0,False,False
1800,835.3985507246376,325.04347826086956,58.30500000000001,8.616045012404687,34.8768115942029,106060.0,True,False
1801,834.6640625,339.7890625,54.080000000000005,8.297999432349801,23.1171875,86123.0,False,False
1802,834.8116883116883,786.3311688311688,65.06500000000001,9.101831188183693,15.051948051948052,70578.0,False,False
1803,835.1071428571429,999.8142857142857,59.150000000000006,8.67825553156191,10.114285714285714,52415.0,False,False
1804,834.5666666666667,353.1666666666667,38.025000000000006,6.958084052995808,20.744444444444444,69594.0,False,False
1805,838.1368421052632,956.478947368421,80.275,10.109861742556879,33.59473684210526,65024.0,True,True
1806,834.875,969.3392857142857,23.660000000000004,5.488610719338178,15.571428571428571,59186.0,False,False
1807,834.3676470588235,1135.6323529411766,28.730000000000004,6.048154439185661,23.985294117647058,73802.0,False,False
1808,835.4875,103.6125,33.800000000000004,6.560144557252417,13.8875,62028.0,False,False
1809,838.8045977011494,675.8448275862069,73.515,9.6748232609803,17.99425287356322,76113.0,False,False
1810,837.0751879699249,1032.0075187969924,56.1925,8.458517193783473,13.1203007518797,50786.0,False,False
1811,838.5213675213676,240.05128205128204,49.432500000000005,7.933436443000028,16.316239316239315,59121.0,False,False
1812,839.0222222222222,517.2888888888889,57.03750000000001,8.521877758618217,18.79259259259259,58636.0,False,False
1813,837.6477272727273,364.96590909090907,37.18000000000001,6.880337656921596,32.30681818181818,67484.0,False,False
1814,840.1792452830189,913.4811320754717,89.57000000000001,10.679141633199201,16.514150943396228,59217.0,False,False
1815,840.4675324675325,115.20779220779221,32.532500000000006,6.4359665543799,18.948051948051948,64122.0,False,False
1816,841.0421052631579,650.5526315789474,80.275,10.109861742556879,32.10526315789474,81909.0,False,False
1817,836.3214285714286,1217.4285714285713,11.830000000000002,3.8810338589372004,8.857142857142858,30562.0,False,False
1818,840.0972222222222,92.29166666666667,30.42,6.223499574262349,18.625,63754.0,False,False
1819,843.3566878980891,548.9426751592357,66.33250000000001,9.190057785517194,16.21656050955414,55343.0,False,False
1820,841.9122807017544,252.75438596491227,48.165000000000006,7.831065232276457,13.342105263157896,66118.0,False,False
1821,843.7349397590361,1144.3373493975903,35.0675,6.682015245043993,14.63855421686747,61437.0,False,False
1822,844.6711409395973,793.1744966442953,62.95250000000001,8.952854988211321,13.651006711409396,61304.0,False,False
1823,847.7470930232558,1072.1511627906978,145.34,13.603405288081678,80.43895348837209,87834.0,True,False
1824,848.4610778443114,1152.5389221556886,70.5575,9.47821708854842,10.383233532934131,52610.0,False,False
1825,844.4022988505748,1231.448275862069,36.7575,6.8411331346205175,7.275862068965517,27202.0,False,False
1826,845.8314606741573,226.0561797752809,37.602500000000006,6.919320051920128,16.213483146067414,49145.0,False,False
1827,845.05,341.875,33.800000000000004,6.560144557252417,19.95,78626.0,False,False
1828,846.2033898305085,1163.084745762712,49.855000000000004,7.967267881951225,7.822033898305085,51228.0,False,False
1829,848.4362416107383,738.1342281879195,62.95250000000001,8.952854988211321,21.25503355704698,83262.0,False,False
1830,847.375,106.26388888888889,30.42,6.223499574262349,22.48611111111111,61504.0,False,False
1831,848.125,389.88392857142856,47.32000000000001,7.762067717874401,22.044642857142858,59603.0,False,False
1832,850.0526315789474,523.5555555555555,72.2475,9.591056980763573,18.19298245614035,69753.0,False,False
1833,850.4126984126984,586.5026455026455,79.8525,10.0832217443615,13.677248677248677,61251.0,False,False
1834,851.2024539877301,640.4171779141104,68.8675,9.364017532397558,58.0920245398773,75394.0,True,False
1835,848.8333333333334,820.7166666666667,50.7,8.034503402082343,13.033333333333333,61903.0,False,False
1836,849.827380952381,1004.3690476190476,70.98,9.506552628860888,10.94047619047619,49516.0,False,False
1837,849.3360655737705,1023.7213114754098,51.545,8.101180922147954,12.188524590163935,45754.0,False,False
1838,850.9741379310345,280.58620689655174,49.010000000000005,7.8994601136704485,34.043103448275865,77988.0,False,False
1839,851.2529411764706,504.01176470588234,71.825,9.562971834142516,21.04705882352941,89599.0,False,False
1840,851.4462809917355,935.3388429752066,51.1225,8.067911044732915,12.512396694214877,59597.0,False,False
1841,852.38125,1183.0125,67.60000000000001,9.277445403994411,6.9875,28419.0,False,False
1842,853.1322751322751,20.82010582010582,79.8525,10.0832217443615,79.7936507936508,134889.0,False,True
1843,852.0737704918033,137.9016393442623,51.545,8.101180922147954,21.139344262295083,58077.0,False,True
1844,850.725,374.175,33.800000000000004,6.560144557252417,18.9375,65893.0,False,False
1845,850.88,778.12,42.25000000000001,7.3344645861208315,11.44,58733.0,False,False
1846,851.8532110091743,968.5871559633027,46.0525,7.6574058357851245,16.880733944954127,57967.0,False,False
1847,851.7590361445783,296.5421686746988,35.0675,6.682015245043993,29.698795180722893,98579.0,False,False
1848,852.3932584269663,44.50561797752809,37.602500000000006,6.919320051920128,35.41573033707865,121674.0,False,False
1849,853.25,414.3875,33.800000000000004,6.560144557252417,20.475,69609.0,False,False
1850,854.4414414414415,983.6036036036036,46.89750000000001,7.727337934192946,10.954954954954955,54754.0,False,False
1851,854.9694656488549,1040.2213740458014,55.347500000000004,8.394678415652944,12.396946564885496,58095.0,False,False
1852,852.38,156.32,21.125000000000004,5.186249645218625,14.2,54891.0,False,True
1853,855.4538461538461,664.0461538461539,54.925000000000004,8.362576277354894,14.453846153846154,76639.0,False,False
1854,858.2429378531074,945.2542372881356,74.78250000000001,9.75787047742269,10.096045197740112,53713.0,False,False
1855,854.990099009901,1125.90099009901,42.67250000000001,7.371045683803026,10.584158415841584,39036.0,False,True
1856,856.1826086956522,264.88695652173914,48.587500000000006,7.8653370162898755,16.713043478260868,64507.0,False,False
1857,858.9122807017544,322.5730994152047,72.2475,9.591056980763573,17.555555555555557,78274.0,False,False
1858,856.4297520661157,335.8595041322314,51.1225,8.067911044732915,16.876033057851238,72833.0,False,False
1859,857.4117647058823,287.0470588235294,35.9125,6.762042232218129,32.470588235294116,75952.0,False,True
1860,856.9090909090909,606.2467532467532,32.532500000000006,6.4359665543799,17.727272727272727,59035.0,False,True
1861,857.1298701298701,218.01298701298703,32.532500000000006,6.4359665543799,13.87012987012987,45126.0,False,False
1862,857.825,229.96666666666667,50.7,8.034503402082343,15.533333333333333,47436.0,False,False
1863,862.5492957746479,576.7464788732394,59.995000000000005,8.740023254338977,32.352112676056336,59636.0,False,True
1864,859.0510204081633,771.1632653061224,41.405,7.260749503306075,17.928571428571427,50168.0,False,False
1865,859.5522388059702,241.67164179104478,28.307500000000005,6.003518003020447,15.402985074626866,48389.0,False,False
1866,860.7786885245902,254.94262295081967,51.545,8.101180922147954,16.204918032786885,54944.0,False,False
1867,861.8203125,962.2421875,54.080000000000005,8.297999432349801,14.8984375,49533.0,False,False
1868,860.5,96.5,28.730000000000004,6.048154439185661,22.264705882352942,112000.0,False,False
1869,860.1904761904761,1141.888888888889,26.617500000000003,5.8215507884058,7.650793650793651,36031.0,False,True
1870,865.3757575757576,49.78787878787879,69.7125,9.421290344870497,27.69090909090909,127260.0,False,False
1871,866.2211538461538,83.59615384615384,43.940000000000005,7.479715609277069,37.04807692307692,132081.0,False,False
1872,869.9649122807018,660.2690058479532,144.495,13.563802859688995,14.774853801169591,67913.0,False,False
1873,866.2427745664739,693.9479768786127,73.0925,9.646981985240508,37.73410404624278,65542.0,False,False
1874,865.4609375,741.140625,54.080000000000005,8.297999432349801,17.2578125,61494.0,False,False
1875,866.8514851485148,1202.7029702970297,42.67250000000001,7.371045683803026,6.287128712871287,24399.0,False,False
1876,867.0514285714286,1214.0914285714287,73.93750000000001,9.702584647343,6.811428571428571,23795.0,False,False
1877,863.6041666666666,1237.2708333333333,20.28,5.081466123790367,5.8125,20898.0,False,False
1878,864.9491525423729,185.6271186440678,24.927500000000002,5.633709146857493,16.54237288135593,47106.0,False,False
1879,865.1184210526316,213.69736842105263,32.11000000000001,6.394037987175715,13.276315789473685,42992.0,False,False
1880,869.0423076923076,492.4730769230769,109.85000000000001,11.826468787814798,27.04230769230769,109782.0,False,False
1881,866.463768115942,977.1594202898551,29.152500000000003,6.092463855279885,13.884057971014492,50481.0,False,False
1882,868.0261437908497,337.70588235294116,64.64250000000001,9.072231658778492,16.764705882352942,63137.0,False,False
1883,870.9470588235295,905.8529411764706,71.825,9.562971834142516,17.029411764705884,71299.0,False,False
1884,867.4455445544554,1036.2178217821781,42.67250000000001,7.371045683803026,12.663366336633663,44028.0,False,False
1885,873.075,441.41785714285714,118.30000000000001,12.272906670474185,21.425,83480.0,False,False
1886,871.1535269709543,847.1867219917012,101.8225,11.386150953847226,15.066390041493776,62136.0,False,False
1887,865.6315789473684,1249.5263157894738,16.055000000000003,4.5212676198963315,6.421052631578948,15670.0,False,False
1888,871.1988950276243,561.9723756906077,76.47250000000001,9.867512912824576,17.099447513812155,57951.0,False,False
1889,870.738255033557,773.5503355704698,62.95250000000001,8.952854988211321,11.630872483221477,43403.0,False,False
1890,869.744827586207,807.1586206896552,61.2625,8.831864899857669,24.26206896551724,67761.0,False,False
1891,870.7521367521367,829.2307692307693,98.86500000000001,11.219573413915606,39.22222222222222,68502.0,True,False
1892,869.1025641025641,1022.991452991453,49.432500000000005,7.933436443000028,9.846153846153847,44464.0,False,True
1893,870.433628318584,933.433628318584,47.74250000000001,7.796642800880295,11.221238938053098,42498.0,False,False
1894,870.4621848739496,1139.6806722689075,50.2775,8.000956268498294,7.042016806722689,29564.0,False,True
1895,870.5666666666667,231.84444444444443,38.025000000000006,6.958084052995808,11.822222222222223,45275.0,False,False
1896,877.1428571428571,421.48214285714283,118.30000000000001,12.272906670474185,16.12857142857143,66385.0,False,False
1897,872.096,999.384,52.81250000000001,8.200180696565521,10.168,44956.0,False,False
1898,871.2584269662922,245.3932584269663,37.602500000000006,6.919320051920128,13.314606741573034,46702.0,False,False
1899,871.0491803278688,371.8688524590164,25.7725,5.728399965669906,18.721311475409838,64887.0,False,False
1900,873.3787878787879,922.3257575757576,55.77,8.426658258757147,10.916666666666666,50105.0,False,False
1901,873.3888888888889,1122.638888888889,60.84,8.801357503344999,7.756944444444445,30256.0,False,True
1902,872.7525773195877,1193.979381443299,40.9825,7.22360987610134,7.804123711340206,23754.0,False,False
1903,873.2478632478633,114.11111111111111,49.432500000000005,7.933436443000028,18.623931623931625,91845.0,False,False
1904,871.5882352941177,1160.6666666666667,21.547500000000003,5.237855390346407,8.96078431372549,25378.0,False,False
1905,874.4027777777778,187.19444444444446,30.42,6.223499574262349,17.194444444444443,48039.0,False,False
1906,873.2,221.25714285714287,29.575000000000003,6.136453335237093,11.414285714285715,43144.0,False,False
1907,874.7142857142857,271.6054421768707,62.10750000000001,8.892565716633143,10.952380952380953,58036.0,False,False
1908,878.1428571428571,636.969111969112,109.42750000000001,11.803703667980955,18.945945945945947,58610.0,False,False
1909,878.5311203319502,758.2365145228216,101.8225,11.386150953847226,10.46058091286307,42663.0,False,False
1910,874.5826771653543,792.2047244094488,53.657500000000006,8.265521814841879,11.338582677165354,54553.0,False,False
1911,875.0350877192982,1184.9561403508771,48.165000000000006,7.831065232276457,4.798245614035087,23692.0,False,False
1912,875.0,129.3768115942029,29.152500000000003,6.092463855279885,16.420289855072465,69738.0,False,True
1913,879.246511627907,516.0558139534884,90.8375,10.754436161179271,106.53023255813953,98853.0,True,True
1914,880.6869158878504,291.5700934579439,90.415,10.72939669493256,15.649532710280374,61208.0,False,False
1915,875.9705882352941,1235.9117647058824,14.365000000000002,4.276691017611702,6.5588235294117645,20314.0,False,False
1916,880.3978494623656,239.61290322580646,39.292500000000004,7.073101498742004,13.365591397849462,44442.0,False,False
1917,880.016,677.232,52.81250000000001,8.200180696565521,18.384,58416.0,False,False
1918,882.359756097561,1014.8658536585366,69.29,9.392697591996637,10.890243902439025,41981.0,False,False
1919,881.0738636363636,227.63636363636363,74.36000000000001,9.730266828124844,12.727272727272727,42829.0,False,False
1920,879.7931034482758,981.3218390804598,36.7575,6.8411331346205175,9.080459770114942,42979.0,False,False
1921,882.6633663366337,5.98019801980198,42.67250000000001,7.371045683803026,22.782178217821784,79614.0,False,False
1922,882.0,47.043103448275865,49.010000000000005,7.8994601136704485,28.603448275862068,124178.0,True,False
1923,880.8888888888889,84.75925925925925,45.63,7.622199185685551,121.95370370370371,139047.0,True,False
1924,880.1428571428571,587.3116883116883,32.532500000000006,6.4359665543799,13.103896103896103,61402.0,False,False
1925,882.5238095238095,895.2789115646259,62.10750000000001,8.892565716633143,23.666666666666668,72395.0,False,False
1926,884.8663793103449,545.5,98.02000000000001,11.17152362817806,12.008620689655173,70769.0,False,False
1927,882.7714285714286,1151.142857142857,44.362500000000004,7.51558975086544,6.923809523809524,26585.0,False,False
1928,883.6041666666666,131.45833333333334,40.56,7.186278309003779,22.177083333333332,71518.0,False,False
1929,884.3767123287671,325.73972602739724,61.68500000000001,8.86226727857993,20.28767123287671,62923.0,False,False
1930,884.3541666666666,402.6111111111111,60.84,8.801357503344999,8.32638888888889,58922.0,False,False
1931,884.664739884393,493.23121387283237,73.0925,9.646981985240508,21.497109826589597,102189.0,False,False
1932,883.8455284552846,648.3252032520326,51.96750000000001,8.134314724734013,14.544715447154472,52390.0,False,False
1933,882.6375,772.6625,33.800000000000004,6.560144557252417,9.8375,40149.0,False,False
1934,884.9323308270676,1179.360902255639,56.1925,8.458517193783473,6.7218045112781954,23500.0,False,False
1935,886.4197530864197,27.746913580246915,68.44500000000001,9.335249361393526,46.401234567901234,110214.0,False,False
1936,884.4285714285714,967.2857142857143,44.362500000000004,7.51558975086544,9.8,35419.0,False,False
1937,885.2391304347826,1164.391304347826,58.30500000000001,8.616045012404687,6.942028985507246,25254.0,False,False
1938,886.625641025641,614.7076923076924,82.3875,10.24202240731137,18.651282051282053,52760.0,False,False
1939,884.1282051282051,1257.2564102564102,16.477500000000003,4.5803716659648535,5.871794871794871,10803.0,False,False
1940,886.5087719298245,372.4035087719298,48.165000000000006,7.831065232276457,16.666666666666668,69133.0,False,False
1941,887.889400921659,446.33640552995394,91.6825,10.804341005363613,24.483870967741936,78548.0,False,True
1942,888.1216216216217,599.4662162162163,62.53000000000001,8.922761272851007,22.533783783783782,57441.0,False,False
1943,888.2796610169491,998.0169491525423,49.855000000000004,7.967267881951225,7.466101694915254,39935.0,False,False
1944,887.4791666666666,70.11458333333333,40.56,7.186278309003779,41.5,153488.0,True,False
1945,889.3053435114504,108.14503816793894,55.347500000000004,8.394678415652944,34.87022900763359,109211.0,False,True
1946,887.5164835164835,274.5934065934066,38.447500000000005,6.996633290104976,15.164835164835164,54792.0,False,False
1947,889.1267605633802,569.6338028169014,59.995000000000005,8.740023254338977,13.288732394366198,54475.0,False,False
1948,893.0128755364807,699.0600858369098,98.44250000000001,11.195574298917911,11.072961373390559,57444.0,False,False
1949,887.7808219178082,913.5068493150685,30.842500000000005,6.266569289371519,15.04109589041096,58698.0,False,False
1950,889.8449612403101,430.9612403100775,54.502500000000005,8.33035043001963,25.72093023255814,73030.0,False,False
1951,890.0245398773006,681.963190184049,68.8675,9.364017532397558,12.134969325153374,56395.0,False,False
1952,890.3,1245.1642857142858,59.150000000000006,8.67825553156191,5.3428571428571425,16141.0,False,False
1953,890.5263157894736,251.69473684210527,40.1375,7.148751795020415,13.726315789473684,45678.0,False,False
1954,889.8613861386139,828.7128712871287,42.67250000000001,7.371045683803026,11.05940594059406,63001.0,False,False
1955,890.1607142857143,844.5714285714286,23.660000000000004,5.488610719338178,13.25,57848.0,False,False
1956,889.9639639639639,1224.900900900901,46.89750000000001,7.727337934192946,7.585585585585585,21629.0,False,False
1957,890.7222222222222,259.6296296296296,22.815,5.389708731752834,17.09259259259259,48061.0,False,False
1958,891.66,937.98,63.37500000000001,8.982847886254723,9.946666666666667,34073.0,False,False
1959,892.7631578947369,587.219298245614,48.165000000000006,7.831065232276457,17.210526315789473,57430.0,False,False
1960,890.5,1034.409090909091,27.885,5.958547197508803,8.818181818181818,34629.0,False,False
1961,893.3689839572193,1055.8181818181818,79.00750000000001,10.029729474450614,9.641711229946525,34900.0,False,False
1962,897.4191919191919,48.40909090909091,83.65500000000002,10.320506485382394,42.388888888888886,113347.0,True,False
1963,894.448275862069,397.0431034482759,49.010000000000005,7.8994601136704485,21.46551724137931,61999.0,False,False
1964,893.5144927536232,923.6884057971015,58.30500000000001,8.616045012404687,11.094202898550725,48135.0,False,False
1965,893.4555555555555,362.4,38.025000000000006,6.958084052995808,17.31111111111111,72189.0,False,False
1966,892.7636363636364,881.8727272727273,23.2375,5.439384516724603,36.92727272727273,64426.0,False,False
1967,894.1826923076923,897.3461538461538,43.940000000000005,7.479715609277069,60.97115384615385,62313.0,True,False
1968,894.4335664335664,970.5734265734266,60.417500000000004,8.770743993187619,9.531468531468532,32028.0,False,False
1969,895.3586956521739,136.18478260869566,38.870000000000005,7.034971293747812,21.369565217391305,69787.0,False,False
1970,895.1648351648352,173.8131868131868,38.447500000000005,6.996633290104976,17.296703296703296,52366.0,False,False
1971,894.6224489795918,774.0714285714286,41.405,7.260749503306075,10.295918367346939,35637.0,False,False
1972,895.2428571428571,3.7,29.575000000000003,6.136453335237093,17.771428571428572,47342.0,False,False
1973,898.1818181818181,238.42613636363637,74.36000000000001,9.730266828124844,17.085227272727273,47696.0,False,False
1974,900.3260188087775,480.2163009404389,134.7775,13.099772621711548,18.53291536050157,63801.0,False,False
1975,897.4262295081967,623.0491803278688,51.545,8.101180922147954,12.672131147540984,48619.0,False,False
1976,898.304347826087,88.1376811594203,58.30500000000001,8.616045012404687,31.39855072463768,133027.0,False,True
1977,898.4545454545455,322.3363636363636,46.475,7.692451354514157,30.572727272727274,72590.0,False,False
1978,898.95,200.05,42.25000000000001,7.3344645861208315,23.68,64534.0,False,False
1979,901.3897637795276,443.31889763779526,107.31500000000001,11.689213050640065,26.440944881889763,79284.0,False,False
1980,900.9154228855722,460.3134328358209,84.92250000000001,10.39839820538586,14.865671641791044,74718.0,False,False
1981,897.4239130434783,711.4130434782609,38.870000000000005,7.034971293747812,14.967391304347826,49206.0,False,False
1982,896.4285714285714,721.265306122449,20.7025,5.134125210284583,17.122448979591837,48638.0,False,False
1983,898.6696428571429,857.6428571428571,47.32000000000001,7.762067717874401,13.294642857142858,48305.0,False,False
1984,898.6363636363636,100.98484848484848,27.885,5.958547197508803,29.333333333333332,115084.0,False,True
1985,898.6493506493506,832.7402597402597,32.532500000000006,6.4359665543799,9.974025974025974,57557.0,False,False
1986,897.0545454545454,1178.2545454545455,23.2375,5.439384516724603,8.345454545454546,24292.0,False,False
1987,900.4672897196261,67.14953271028037,45.2075,7.586829161027343,25.514018691588785,136551.0,True,False
1988,902.5428571428571,110.00952380952381,44.362500000000004,7.51558975086544,19.428571428571427,91662.0,False,False
1989,899.2826086956521,213.42391304347825,38.870000000000005,7.034971293747812,13.847826086956522,69513.0,False,False
1990,898.4920634920635,341.92063492063494,26.617500000000003,5.8215507884058,11.142857142857142,76038.0,False,False
1991,900.3103448275862,668.9827586206897,49.010000000000005,7.8994601136704485,22.07758620689655,51155.0,False,False
1992,899.6641791044776,742.1492537313433,56.61500000000001,8.490256581822557,11.223880597014926,43047.0,False,False
1993,900.5044247787611,763.7699115044247,47.74250000000001,7.796642800880295,9.902654867256636,35699.0,False,False
1994,901.8767123287671,812.0958904109589,61.68500000000001,8.86226727857993,9.095890410958905,50186.0,False,False
1995,903.6868131868132,158.2967032967033,76.89500000000001,9.894733689817546,12.89010989010989,57815.0,False,False
1996,900.9140625,381.2578125,54.080000000000005,8.297999432349801,18.78125,74687.0,False,False
1997,903.0995850622406,503.9668049792531,101.8225,11.386150953847226,23.04564315352697,86460.0,False,False
1998,900.5157894736842,518.8526315789474,40.1375,7.148751795020415,30.263157894736842,91353.0,False,False
1999,901.7206703910615,553.1731843575419,75.62750000000001,9.812844830601293,13.050279329608939,48747.0,False,False
2000,904.2047244094488,609.2007874015748,107.31500000000001,11.689213050640065,16.125984251968504,50250.0,False,False
2001,900.7319587628866,645.659793814433,40.9825,7.22360987610134,12.195876288659793,45212.0,False,False
2002,900.961038961039,1026.6363636363637,32.532500000000006,6.4359665543799,11.142857142857142,33061.0,False,False
2003,902.8540145985402,1253.4525547445255,57.88250000000001,8.584770698634475,5.474452554744525,12398.0,False,False
2004,903.059405940594,304.7524752475247,42.67250000000001,7.371045683803026,17.099009900990097,69979.0,False,False
2005,903.4791666666666,592.0364583333334,81.12,10.162932247580734,26.828125,51501.0,False,False
2006,903.0962962962963,1113.7851851851851,57.03750000000001,8.521877758618217,7.177777777777778,26556.0,False,False
2007,903.8823529411765,224.65441176470588,57.46000000000001,8.553382035223404,14.279411764705882,71035.0,False,False
2008,906.2110552763819,955.5075376884422,84.07750000000001,10.346535546861599,7.331658291457287,28424.0,False,False
2009,903.5131578947369,169.92105263157896,32.11000000000001,6.394037987175715,13.381578947368421,53561.0,False,False
2010,902.1578947368421,1219.0263157894738,16.055000000000003,4.5212676198963315,6.184210526315789,22066.0,False,False
2011,906.5070422535211,179.59154929577466,59.995000000000005,8.740023254338977,17.359154929577464,54351.0,False,False
2012,906.8758620689655,191.18620689655174,61.2625,8.831864899857669,17.779310344827586,67910.0,False,False
2013,906.5576923076923,410.88461538461536,43.940000000000005,7.479715609277069,17.048076923076923,76323.0,False,False
2014,905.3396226415094,1126.572327044025,67.17750000000001,9.24840794496255,8.08805031446541,30326.0,False,False
2015,906.2016129032259,1176.274193548387,52.39000000000001,8.167314108608483,7.354838709677419,26576.0,False,False
2016,906.2038834951456,1018.7669902912621,43.517500000000005,7.443668577254932,9.184466019417476,31967.0,False,False
2017,906.1944444444445,1153.898148148148,45.63,7.622199185685551,11.38888888888889,36104.0,False,False
2018,909.1324786324786,1193.7094017094016,98.86500000000001,11.219573413915606,6.829059829059829,22867.0,False,False
2019,908.1804511278195,251.57142857142858,56.1925,8.458517193783473,13.451127819548873,47544.0,False,False
2020,908.0222222222222,348.9111111111111,57.03750000000001,8.521877758618217,21.007407407407406,80574.0,False,False
2021,907.9242424242424,942.9848484848485,55.77,8.426658258757147,8.545454545454545,29014.0,False,False
2022,908.921052631579,294.0701754385965,48.165000000000006,7.831065232276457,21.359649122807017,66838.0,False,False
2023,909.4591836734694,565.6122448979592,41.405,7.260749503306075,11.459183673469388,46870.0,False,False
2024,908.5806451612904,695.989247311828,39.292500000000004,7.073101498742004,15.67741935483871,50990.0,False,False
2025,906.2833333333333,777.1166666666667,25.35,5.681251839078812,11.183333333333334,34921.0,False,False
2026,909.9326923076923,313.53846153846155,43.940000000000005,7.479715609277069,35.82692307692308,74692.0,False,False
2027,909.2222222222222,1165.7592592592594,45.63,7.622199185685551,8.037037037037036,34323.0,False,False
2028,910.352,35.608,52.81250000000001,8.200180696565521,22.776,90646.0,False,False
2029,911.2980769230769,137.56730769230768,43.940000000000005,7.479715609277069,27.692307692307693,68980.0,False,False
2030,911.324074074074,147.27777777777777,45.63,7.622199185685551,17.52777777777778,64051.0,False,False
2031,909.1063829787234,237.87234042553192,39.715,7.1110272478142695,11.319148936170214,59452.0,False,False
2032,911.6615384615385,324.7153846153846,54.925000000000004,8.362576277354894,38.8,78646.0,True,True
2033,912.728,387.744,52.81250000000001,8.200180696565521,35.192,87262.0,False,False
2034,915.6880733944954,516.6376146788991,92.105,10.829207185562208,18.371559633027523,64991.0,False,False
2035,912.7128205128205,532.3384615384615,82.3875,10.24202240731137,18.784615384615385,62161.0,False,False
2036,910.741935483871,645.4274193548387,52.39000000000001,8.167314108608483,10.314516129032258,44184.0,False,False
2037,912.0747663551402,375.89719626168227,45.2075,7.586829161027343,34.495327102803735,86655.0,False,False
2038,912.3152173913044,682.9347826086956,38.870000000000005,7.034971293747812,16.934782608695652,52156.0,False,True
2039,910.7735849056604,1237.2264150943397,22.392500000000002,5.3395708165996005,5.867924528301887,18621.0,False,False
2040,911.3253012048193,126.66265060240964,35.0675,6.682015245043993,20.06024096385542,71456.0,False,False
2041,914.9277108433735,76.37349397590361,35.0675,6.682015245043993,33.08433734939759,98796.0,False,False
2042,914.25,104.23611111111111,30.42,6.223499574262349,17.125,76463.0,False,False
2043,917.6666666666666,550.542372881356,74.78250000000001,9.75787047742269,14.915254237288135,45876.0,False,False
2044,914.8951048951049,792.7342657342657,60.417500000000004,8.770743993187619,8.713286713286713,32477.0,False,False
2045,914.3426573426574,1220.944055944056,60.417500000000004,8.770743993187619,6.734265734265734,21373.0,False,False
2046,915.70796460177,264.3274336283186,47.74250000000001,7.796642800880295,14.327433628318584,49029.0,False,False
2047,913.1940298507462,1046.2388059701493,28.307500000000005,6.003518003020447,8.313432835820896,31994.0,False,False
2048,915.6629213483146,1160.5393258426966,37.602500000000006,6.919320051920128,10.123595505617978,47103.0,False,False
2049,915.9076923076923,25.16923076923077,27.462500000000002,5.913234393907399,18.50769230769231,68906.0,False,False
2050,915.8913043478261,52.59782608695652,38.870000000000005,7.034971293747812,34.16304347826087,93344.0,False,False
2051,916.0289855072464,299.2173913043478,29.152500000000003,6.092463855279885,20.347826086956523,71750.0,False,False
2052,919.9812734082396,478.561797752809,112.8075,11.984613883755783,12.767790262172285,54601.0,False,False
2053,916.0758620689655,897.8344827586207,61.2625,8.831864899857669,8.606896551724137,54107.0,False,False
2054,913.3571428571429,1251.357142857143,17.745,4.753276314430444,5.095238095238095,13136.0,False,False
2055,917.2962962962963,629.5,45.63,7.622199185685551,12.601851851851851,40983.0,False,False
2056,920.4179104477612,667.3681592039801,84.92250000000001,10.39839820538586,13.407960199004975,51744.0,False,False
2057,917.2585034013606,766.5170068027211,62.10750000000001,8.892565716633143,8.680272108843537,34145.0,False,False
2058,916.1538461538462,1116.2923076923078,27.462500000000002,5.913234393907399,8.953846153846154,28128.0,False,False
2059,917.5849056603773,93.62264150943396,44.785000000000004,7.5512934660867375,17.50943396226415,77842.0,False,False
2060,920.1567567567567,183.7027027027027,78.16250000000001,9.9759503765487,10.627027027027028,77477.0,False,False
2061,918.5193798449612,280.95348837209303,54.502500000000005,8.33035043001963,24.54263565891473,54022.0,False,False
2062,917.5714285714286,700.1428571428571,35.49,6.722147829574334,14.392857142857142,49184.0,False,False
2063,919.4391891891892,1145.1418918918919,62.53000000000001,8.922761272851007,19.486486486486488,57355.0,False,False
2064,918.2465753424658,605.917808219178,30.842500000000005,6.266569289371519,16.041095890410958,46624.0,False,False
2065,922.1013215859031,198.7444933920705,95.90750000000001,11.050485131282139,42.85022026431718,93975.0,False,False
2066,922.2832369942197,427.1791907514451,73.0925,9.646981985240508,31.23121387283237,83651.0,False,True
2067,920.1354166666666,725.3229166666666,40.56,7.186278309003779,11.78125,40033.0,False,False
2068,921.4827586206897,739.2873563218391,73.515,9.6748232609803,11.626436781609195,38306.0,False,False
2069,921.7881355932203,1109.6101694915253,49.855000000000004,7.967267881951225,5.872881355932203,26769.0,False,False
2070,920.6521739130435,2.9855072463768115,29.152500000000003,6.092463855279885,17.82608695652174,30732.0,False,False
2071,920.1967213114754,38.09836065573771,25.7725,5.728399965669906,28.34426229508197,80111.0,False,False
2072,919.7818181818182,824.5272727272727,23.2375,5.439384516724603,13.054545454545455,46828.0,False,False
2073,920.1904761904761,864.7380952380952,53.23500000000001,8.232916079007266,8.293650793650794,53351.0,False,False
2074,920.7746478873239,981.0704225352113,29.997500000000002,6.180129710871209,7.690140845070423,26511.0,False,False
2075,922.8111888111888,925.2797202797203,60.417500000000004,8.770743993187619,9.216783216783217,27947.0,False,False
2076,924.987012987013,494.6168831168831,65.06500000000001,9.101831188183693,15.441558441558442,51535.0,False,False
2077,923.801724137931,638.6810344827586,49.010000000000005,7.8994601136704485,9.551724137931034,40607.0,False,False
2078,927.4306784660766,942.3834808259587,143.22750000000002,13.504181459590786,7.755162241887906,25120.0,False,False
2079,924.3577235772358,993.7642276422764,51.96750000000001,8.134314724734013,8.365853658536585,28097.0,False,False
2080,925.875,592.1842105263158,64.22000000000001,9.042535239792663,13.625,44075.0,False,False
2081,924.8,65.82222222222222,38.025000000000006,6.958084052995808,35.48888888888889,88746.0,False,False
2082,926.6558441558442,148.85064935064935,65.06500000000001,9.101831188183693,19.623376623376622,60597.0,False,False
2083,925.063063063063,256.86486486486484,46.89750000000001,7.727337934192946,11.936936936936936,45419.0,False,False
2084,927.4473684210526,415.2684210526316,80.275,10.109861742556879,25.621052631578948,88498.0,False,False
2085,925.5,438.5175438596491,48.165000000000006,7.831065232276457,33.14035087719298,83742.0,False,False
2086,923.219512195122,1181.3170731707316,17.3225,4.696348795998318,4.926829268292683,28200.0,False,False
2087,925.0,1257.061224489796,20.7025,5.134125210284583,6.938775510204081,10470.0,False,False
2088,926.635294117647,136.34117647058824,35.9125,6.762042232218129,22.50588235294118,63746.0,False,False
2089,929.9906103286385,269.84037558685446,89.9925,10.704298656594888,13.647887323943662,46294.0,False,False
2090,925.0,337.6521739130435,38.870000000000005,7.034971293747812,22.66304347826087,95029.0,False,False
2091,925.6727272727272,451.6636363636364,46.475,7.692451354514157,32.19090909090909,75955.0,False,False
2092,927.4161073825503,607.3758389261745,62.95250000000001,8.952854988211321,10.691275167785236,41782.0,False,False
2093,926.2280701754386,685.1666666666666,48.165000000000006,7.831065232276457,37.333333333333336,49839.0,True,False
2094,925.8888888888889,816.5833333333334,30.42,6.223499574262349,8.125,41060.0,False,False
2095,927.9612068965517,965.6379310344828,98.02000000000001,11.17152362817806,7.741379310344827,24280.0,False,False
2096,926.9166666666666,1135.7954545454545,55.77,8.426658258757147,12.219696969696969,61696.0,False,False
2097,928.6502732240438,1190.8142076502731,77.31750000000001,9.92187978661609,5.48087431693989,22293.0,False,False
2098,929.0252100840336,617.4117647058823,50.2775,8.000956268498294,10.638655462184873,39185.0,False,False
2099,927.55,696.5625,33.800000000000004,6.560144557252417,19.8875,47228.0,False,False
2100,925.7843137254902,1175.5882352941176,21.547500000000003,5.237855390346407,8.235294117647058,43028.0,False,False
2101,928.1206896551724,73.03448275862068,24.505000000000003,5.58576181408903,31.96551724137931,84373.0,False,False
2102,927.7925925925925,240.11851851851853,57.03750000000001,8.521877758618217,14.059259259259258,65880.0,False,False
2103,928.0169491525423,306.6271186440678,49.855000000000004,7.967267881951225,17.627118644067796,80570.0,False,True
2104,929.3841463414634,385.7378048780488,69.29,9.392697591996637,50.298780487804876,112695.0,False,False
2105,927.2315789473685,654.3578947368421,40.1375,7.148751795020415,14.16842105263158,45256.0,False,False
2106,933.1193181818181,1237.0625,74.36000000000001,9.730266828124844,5.392045454545454,18136.0,False,False
2107,927.796875,1250.515625,27.040000000000003,5.867571668896666,5.875,13204.0,False,False
2108,931.1651376146789,38.39449541284404,46.0525,7.6574058357851245,19.862385321100916,67227.0,False,False
2109,929.86,285.04,21.125000000000004,5.186249645218625,17.84,54854.0,False,False
2110,932.7894736842105,531.1961722488038,88.30250000000001,10.603312449370561,13.37799043062201,47327.0,False,False
2111,930.639344262295,1161.9098360655737,51.545,8.101180922147954,14.524590163934427,64711.0,False,False
2112,930.8318584070796,57.849557522123895,47.74250000000001,7.796642800880295,15.584070796460177,81991.0,False,False
2113,931.8152866242038,565.0700636942676,66.33250000000001,9.190057785517194,13.585987261146498,41403.0,False,False
2114,935.506329113924,1017.0253164556962,66.75500000000001,9.219279028687428,12.044303797468354,41224.0,False,False
2115,931.7011494252873,21.885057471264368,36.7575,6.8411331346205175,14.298850574712644,50972.0,False,False
2116,934.5612903225806,446.7548387096774,65.48750000000001,9.131334770220834,27.580645161290324,75972.0,False,False
2117,938.2461538461539,478.37538461538463,137.3125,13.222394071666713,15.116923076923078,51165.0,False,False
2118,933.655737704918,507.2295081967213,51.545,8.101180922147954,15.836065573770492,46678.0,False,False
2119,934.1415094339623,101.13207547169812,44.785000000000004,7.5512934660867375,17.91509433962264,67464.0,False,False
2120,937.2642857142857,349.3142857142857,59.150000000000006,8.67825553156191,23.228571428571428,119749.0,True,False
2121,934.0571428571428,781.0642857142857,59.150000000000006,8.67825553156191,7.121428571428571,31060.0,False,True
2122,934.3461538461538,859.4519230769231,43.940000000000005,7.479715609277069,21.240384615384617,52195.0,False,False
2123,934.9466666666667,1067.26,63.37500000000001,8.982847886254723,6.966666666666667,28185.0,False,False
2124,935.5642857142857,1126.942857142857,59.150000000000006,8.67825553156191,8.942857142857143,57621.0,False,False
2125,934.2962962962963,252.62962962962962,34.222500000000004,6.601018127508749,10.765432098765432,42986.0,False,False
2126,939.0689655172414,460.6939655172414,98.02000000000001,11.17152362817806,22.689655172413794,63233.0,False,False
2127,935.8969072164948,11.288659793814434,40.9825,7.22360987610134,13.948453608247423,38166.0,False,False
2128,939.6455696202531,436.7848101265823,66.75500000000001,9.219279028687428,21.79746835443038,77523.0,False,False
2129,939.1472392638037,518.2883435582822,68.8675,9.364017532397558,13.43558282208589,44618.0,False,False
2130,937.4227642276422,667.959349593496,51.96750000000001,8.134314724734013,12.1869918699187,44947.0,False,False
2131,936.5803571428571,838.1875,47.32000000000001,7.762067717874401,59.776785714285715,49125.0,False,False
2132,938.30081300813,990.9918699186992,51.96750000000001,8.134314724734013,7.373983739837398,25690.0,False,False
2133,939.4328358208955,368.0,56.61500000000001,8.490256581822557,29.0,145819.0,True,False
2134,941.3493150684932,683.7808219178082,61.68500000000001,8.86226727857993,14.123287671232877,43409.0,False,False
2135,937.536231884058,895.4782608695652,29.152500000000003,6.092463855279885,18.753623188405797,33119.0,False,False
2136,940.9225352112676,496.03521126760563,59.995000000000005,8.740023254338977,14.366197183098592,42357.0,False,False
2137,939.4307692307692,650.9846153846154,27.462500000000002,5.913234393907399,15.538461538461538,39579.0,False,False
2138,940.6454545454545,694.9636363636364,46.475,7.692451354514157,8.727272727272727,41928.0,False,False
2139,938.7368421052631,719.3947368421053,32.11000000000001,6.394037987175715,12.56578947368421,36041.0,False,False
2140,941.7333333333333,883.68,63.37500000000001,8.982847886254723,11.38,34123.0,False,False
2141,940.3308270676691,1105.03007518797,56.1925,8.458517193783473,8.593984962406015,26120.0,False,False
2142,940.7446808510638,49.59574468085106,39.715,7.1110272478142695,19.340425531914892,68131.0,False,False
2143,942.3972602739726,612.082191780822,61.68500000000001,8.86226727857993,10.150684931506849,36525.0,False,False
2144,942.5154639175257,38.618556701030926,40.9825,7.22360987610134,14.814432989690722,57402.0,False,False
2145,943.6273291925465,579.416149068323,68.02250000000001,9.306392261867519,14.645962732919255,40627.0,False,False
2146,942.015625,71.765625,27.040000000000003,5.867571668896666,26.46875,80767.0,False,False
2147,944.744827586207,1172.2896551724139,61.2625,8.831864899857669,6.993103448275862,58608.0,False,False
2148,943.0674157303371,1191.7078651685392,37.602500000000006,6.919320051920128,6.52808988764045,21173.0,False,False
2149,944.1643835616438,105.35616438356165,30.842500000000005,6.266569289371519,19.958904109589042,77862.0,False,False
2150,945.6766467065868,116.72455089820359,70.5575,9.47821708854842,20.0,69243.0,False,False
2151,945.3970588235294,143.4485294117647,57.46000000000001,8.553382035223404,18.904411764705884,61270.0,False,False
2152,945.0625,274.9765625,54.080000000000005,8.297999432349801,10.0703125,46852.0,False,False
2153,945.331081081081,968.5,62.53000000000001,8.922761272851007,6.006756756756757,22616.0,False,False
2154,942.5,1226.0,18.590000000000003,4.865133414062422,7.590909090909091,19233.0,False,False
2155,948.5314685314685,306.5244755244755,60.417500000000004,8.770743993187619,21.02097902097902,71469.0,False,False
2156,945.8468468468468,568.8108108108108,46.89750000000001,7.727337934192946,8.684684684684685,43868.0,False,False
2157,945.546218487395,734.0588235294117,50.2775,8.000956268498294,10.016806722689076,34756.0,False,False
2158,945.0166666666667,86.6,25.35,5.681251839078812,28.716666666666665,82852.0,False,False
2159,946.065934065934,97.95604395604396,38.447500000000005,6.996633290104976,12.747252747252746,85482.0,False,False
2160,948.969387755102,259.3775510204082,82.81,10.268250420569165,9.290816326530612,41744.0,False,False
2161,947.7540983606557,595.7377049180328,77.31750000000001,9.92187978661609,9.21311475409836,36092.0,False,False
2162,949.312101910828,1082.5414012738854,66.33250000000001,9.190057785517194,7.67515923566879,24561.0,False,False
2163,946.0442477876106,1151.8230088495575,47.74250000000001,7.796642800880295,99.21238938053098,66458.0,True,False
2164,949.5702479338843,430.495867768595,51.1225,8.067911044732915,16.198347107438018,68257.0,False,False
2165,947.1949152542373,637.9406779661017,49.855000000000004,7.967267881951225,12.822033898305085,35986.0,False,True
2166,946.981981981982,1129.2342342342342,46.89750000000001,7.727337934192946,9.954954954954955,62163.0,False,False
2167,948.7307692307693,79.59615384615384,43.940000000000005,7.479715609277069,27.83653846153846,83484.0,False,False
2168,947.6867469879518,1092.4698795180723,35.0675,6.682015245043993,7.662650602409639,24913.0,False,False
2169,947.8387096774194,1140.6881720430108,39.292500000000004,7.073101498742004,51.31182795698925,66234.0,False,False
2170,950.6666666666666,1218.3095238095239,53.23500000000001,8.232916079007266,5.714285714285714,18727.0,False,False
2171,950.3488372093024,132.88372093023256,54.502500000000005,8.33035043001963,19.94573643410853,61857.0,False,False
2172,950.1748633879781,242.39344262295083,77.31750000000001,9.92187978661609,11.775956284153006,45101.0,False,False
2173,951.0054644808744,654.9016393442623,77.31750000000001,9.92187978661609,10.229508196721312,36405.0,False,False
2174,951.8333333333334,958.8181818181819,55.77,8.426658258757147,6.1893939393939394,22026.0,False,False
2175,947.578947368421,1258.2631578947369,8.027500000000002,3.1970189935878577,5.052631578947368,9929.0,False,False
2176,952.0335195530727,15.541899441340782,75.62750000000001,9.812844830601293,13.067039106145252,38875.0,False,False
2177,951.3391812865497,180.19883040935673,72.2475,9.591056980763573,20.853801169590643,66204.0,False,False
2178,950.9350649350649,873.9480519480519,65.06500000000001,9.101831188183693,9.363636363636363,35397.0,False,False
2179,949.9882352941177,1009.4,35.9125,6.762042232218129,9.24705882352941,41598.0,False,False
2180,952.3818181818182,1202.3454545454545,46.475,7.692451354514157,4.718181818181818,19035.0,False,False
2181,951.2393162393163,54.05128205128205,49.432500000000005,7.933436443000028,16.52991452991453,67833.0,False,False
2182,951.6960784313726,538.1372549019608,43.095000000000006,7.407446130776911,17.235294117647058,41816.0,False,False
2183,949.4117647058823,756.6862745098039,21.547500000000003,5.237855390346407,18.80392156862745,33616.0,False,True
2184,955.8971193415638,194.17283950617283,102.6675,11.433298778528327,22.255144032921812,76812.0,False,False
2185,953.6380952380953,445.4952380952381,44.362500000000004,7.51558975086544,28.123809523809523,62190.0,False,False
2186,953.3116883116883,524.2597402597403,65.06500000000001,9.101831188183693,14.694805194805195,40559.0,False,False
2187,953.0211267605633,550.1830985915493,59.995000000000005,8.740023254338977,12.316901408450704,46047.0,False,False
2188,954.0625,563.7625,67.60000000000001,9.277445403994411,11.21875,45482.0,False,False
2189,950.5,782.75,28.730000000000004,6.048154439185661,8.632352941176471,28668.0,False,False
2190,951.9172932330827,1048.1353383458647,56.1925,8.458517193783473,13.421052631578947,40318.0,False,False
2191,951.0243902439024,283.5853658536585,17.3225,4.696348795998318,10.512195121951219,50062.0,False,False
2192,953.910569105691,340.9674796747967,51.96750000000001,8.134314724734013,30.902439024390244,108153.0,False,False
2193,953.9741379310345,419.1034482758621,49.010000000000005,7.8994601136704485,21.146551724137932,67986.0,False,False
2194,952.9021739130435,1241.7282608695652,38.870000000000005,7.034971293747812,4.826086956521739,15751.0,False,False
2195,956.25,222.55625,67.60000000000001,9.277445403994411,17.86875,69472.0,False,False
2196,954.2410714285714,712.6964285714286,47.32000000000001,7.762067717874401,7.669642857142857,30655.0,False,False
2197,953.7542372881356,850.6355932203389,49.855000000000004,7.967267881951225,11.067796610169491,44336.0,False,False
2198,955.0133333333333,471.36,31.687500000000004,6.351832654737959,13.106666666666667,50646.0,False,False
2199,957.2,672.45,67.60000000000001,9.277445403994411,7.64375,33130.0,False,True
2200,954.6129032258065,806.1290322580645,39.292500000000004,7.073101498742004,5.956989247311828,24058.0,False,False
2201,955.5245901639345,994.9180327868852,51.545,8.101180922147954,5.344262295081967,31154.0,False,False
2202,954.864,1152.048,52.81250000000001,8.200180696565521,54.648,64129.0,True,False
2203,954.6,1248.6363636363637,23.2375,5.439384516724603,6.6,13477.0,False,False
2204,955.890243902439,63.329268292682926,34.645,6.641640160935379,21.20731707317073,73513.0,False,False
2205,957.0992907801418,751.9148936170212,59.572500000000005,8.709194152086374,12.695035460992909,32323.0,False,True
2206,955.5425531914893,1068.372340425532,39.715,7.1110272478142695,9.46808510638298,26488.0,False,False
2207,957.2564102564103,689.2905982905983,49.432500000000005,7.933436443000028,8.794871794871796,31346.0,False,False
2208,957.3455882352941,905.0441176470588,57.46000000000001,8.553382035223404,10.080882352941176,24997.0,False,False
2209,957.7340425531914,1126.9574468085107,39.715,7.1110272478142695,8.74468085106383,49048.0,False,False
2210,956.2558139534884,1138.5116279069769,18.1675,4.809530063215748,17.488372093023255,63188.0,False,False
2211,955.5,1258.0,10.14,3.5931391545018894,4.333333333333333,10013.0,False,False
2212,957.3589743589744,455.1794871794872,32.955000000000005,6.477623730716943,19.743589743589745,54368.0,False,False
2213,960.5243243243243,929.5243243243243,78.16250000000001,9.9759503765487,6.518918918918919,22474.0,False,False
2214,958.8320610687023,1030.7328244274809,55.347500000000004,8.394678415652944,50.58015267175573,44234.0,False,True
2215,959.9538461538461,97.12307692307692,54.925000000000004,8.362576277354894,26.361538461538462,95173.0,False,False
2216,960.3926380368098,144.31901840490798,68.8675,9.364017532397558,16.613496932515336,60884.0,False,False
2217,960.5430463576159,274.9801324503311,63.79750000000001,9.01274097349089,12.516556291390728,43682.0,False,False
2218,960.7179487179487,1005.0192307692307,65.91000000000001,9.160743331929707,7.814102564102564,41165.0,False,False
2219,958.9733333333334,326.56,31.687500000000004,6.351832654737959,22.653333333333332,78003.0,False,True
2220,961.3662790697674,510.0639534883721,72.67,9.619060126431496,10.011627906976743,37153.0,False,False
2221,962.419540229885,782.8793103448276,73.515,9.6748232609803,5.925287356321839,25176.0,False,False
2222,964.8238095238095,968.2904761904762,88.72500000000001,10.628648954906136,6.20952380952381,21285.0,False,False
2223,961.75,49.111111111111114,45.63,7.622199185685551,19.75925925925926,57453.0,False,False
2224,961.6896551724138,83.44137931034483,61.2625,8.831864899857669,59.37241379310345,95523.0,False,False
2225,963.4868421052631,212.06578947368422,64.22000000000001,9.042535239792663,16.664473684210527,67886.0,False,False
2226,964.1219512195122,478.6524390243902,69.29,9.392697591996637,9.012195121951219,40735.0,False,False
2227,960.7733333333333,495.9066666666667,31.687500000000004,6.351832654737959,10.146666666666667,36557.0,False,False
2228,961.8217054263566,639.2325581395348,54.502500000000005,8.33035043001963,11.232558139534884,31540.0,False,False
2229,960.2307692307693,795.8681318681319,38.447500000000005,6.996633290104976,6.967032967032967,22968.0,False,False
2230,961.1639344262295,835.0081967213115,51.545,8.101180922147954,8.467213114754099,37327.0,False,False
2231,963.7083333333334,112.54166666666667,81.12,10.162932247580734,25.984375,85196.0,False,False
2232,961.45,764.3,42.25000000000001,7.3344645861208315,8.26,29723.0,False,False
2233,961.0714285714286,1179.7142857142858,17.745,4.753276314430444,6.309523809523809,33581.0,False,False
2234,963.1880341880342,254.991452991453,49.432500000000005,7.933436443000028,12.444444444444445,38326.0,False,False
2235,963.4166666666666,424.5208333333333,40.56,7.186278309003779,18.822916666666668,59798.0,False,False
2236,964.2753623188406,818.3840579710145,58.30500000000001,8.616045012404687,4.333333333333333,26546.0,False,False
2237,966.2424242424242,523.4545454545455,69.7125,9.421290344870497,10.175757575757576,37806.0,False,False
2238,965.3308270676691,1069.1052631578948,56.1925,8.458517193783473,5.203007518796992,24217.0,False,False
2239,965.0721649484536,404.92783505154637,40.9825,7.22360987610134,18.536082474226806,79755.0,False,False
2240,966.4076923076923,611.2923076923076,54.925000000000004,8.362576277354894,8.538461538461538,29522.0,False,False
2241,965.4285714285714,897.4732142857143,47.32000000000001,7.762067717874401,6.883928571428571,24029.0,False,False
2242,964.4848484848485,1097.5656565656566,41.82750000000001,7.297700121093632,7.292929292929293,24885.0,False,False
2243,964.6615384615385,63.90769230769231,27.462500000000002,5.913234393907399,20.83076923076923,74668.0,False,False
2244,968.0287769784172,946.5755395683453,58.727500000000006,8.647206217237697,6.201438848920863,20608.0,False,False
2245,965.8241758241758,956.5494505494505,38.447500000000005,6.996633290104976,5.538461538461538,20844.0,False,False
2246,966.7251908396946,1116.8778625954199,55.347500000000004,8.394678415652944,9.618320610687023,28070.0,False,False
2247,966.7446808510638,1145.276595744681,39.715,7.1110272478142695,7.23404255319149,57196.0,False,False
2248,966.7477477477478,1173.5315315315315,46.89750000000001,7.727337934192946,8.423423423423424,37151.0,False,False
2249,967.2051282051282,1205.7948717948718,49.432500000000005,7.933436443000028,4.555555555555555,18948.0,False,False
2250,970.276836158192,164.77401129943502,74.78250000000001,9.75787047742269,19.062146892655367,82957.0,False,False
2251,967.054347826087,853.9021739130435,38.870000000000005,7.034971293747812,6.586956521739131,32531.0,False,False
2252,968.6,917.28125,67.60000000000001,9.277445403994411,7.08125,21885.0,False,False
2253,965.9464285714286,1081.392857142857,23.660000000000004,5.488610719338178,7.767857142857143,22925.0,False,False
2254,964.4516129032259,1188.5806451612902,13.097500000000002,4.083657054304242,6.774193548387097,22513.0,False,False
2255,970.3854961832061,581.5229007633587,110.69500000000001,11.87186806717708,12.007633587786259,38509.0,False,False
2256,965.820895522388,715.4477611940298,28.307500000000005,6.003518003020447,8.447761194029852,27315.0,False,False
2257,969.1111111111111,223.17777777777778,38.025000000000006,6.958084052995808,16.9,53423.0,False,False
2258,971.7008928571429,656.9464285714286,94.64000000000001,10.977221438676356,8.392857142857142,27260.0,False,False
2259,969.2,731.1263157894737,40.1375,7.148751795020415,8.43157894736842,28076.0,False,False
2260,973.4940476190476,120.75595238095238,70.98,9.506552628860888,17.166666666666668,76404.0,False,False
2261,972.3821138211382,155.6341463414634,51.96750000000001,8.134314724734013,18.121951219512194,79701.0,False,False
2262,971.944099378882,501.3354037267081,68.02250000000001,9.306392261867519,10.944099378881987,33083.0,False,False
2263,973.5490196078431,557.8274509803922,107.73750000000001,11.712200709128265,23.529411764705884,42393.0,False,True
2264,969.8425925925926,742.3518518518518,45.63,7.622199185685551,7.898148148148148,28981.0,False,False
2265,973.9483870967742,102.99354838709678,65.48750000000001,9.131334770220834,71.65806451612903,92071.0,True,True
2266,974.1299435028249,145.2316384180791,74.78250000000001,9.75787047742269,15.977401129943503,66843.0,False,False
2267,971.9754098360655,324.1967213114754,51.545,8.101180922147954,15.770491803278688,65276.0,False,False
2268,970.927536231884,877.0,58.30500000000001,8.616045012404687,5.5,23222.0,False,False
2269,971.9508196721312,1001.0573770491803,51.545,8.101180922147954,6.844262295081967,36197.0,False,False
2270,976.1525423728814,24.453389830508474,99.71000000000001,11.267418293714986,11.966101694915254,45762.0,False,False
2271,973.2836879432624,176.20567375886526,59.572500000000005,8.709194152086374,29.04964539007092,95194.0,False,True
2272,971.59375,429.265625,27.040000000000003,5.867571668896666,17.03125,53019.0,False,False
2273,973.3983050847457,721.7033898305085,49.855000000000004,7.967267881951225,7.127118644067797,25932.0,False,False
2274,971.2209302325581,1013.546511627907,36.335,6.801702644040839,18.046511627906977,42994.0,False,False
2275,974.5442176870748,1026.142857142857,62.10750000000001,8.892565716633143,15.4421768707483,43632.0,False,False
2276,971.6774193548387,60.62903225806452,26.195000000000004,5.775163190277621,20.580645161290324,72193.0,False,False
2277,973.925925925926,86.0,57.03750000000001,8.521877758618217,47.71851851851852,96607.0,False,False
2278,974.6527777777778,263.6388888888889,60.84,8.801357503344999,10.784722222222221,36809.0,False,False
2279,973.9009009009009,690.4234234234234,46.89750000000001,7.727337934192946,7.2342342342342345,24352.0,False,False
2280,975.5307692307692,1039.0923076923077,54.925000000000004,8.362576277354894,7.661538461538462,41497.0,False,True
2281,976.7435897435897,336.2564102564103,65.91000000000001,9.160743331929707,18.814102564102566,71960.0,False,False
2282,971.925925925926,445.537037037037,22.815,5.389708731752834,13.648148148148149,51914.0,False,False
2283,975.062015503876,679.3875968992248,54.502500000000005,8.33035043001963,6.744186046511628,24829.0,False,False
2284,976.2452830188679,933.6477987421383,67.17750000000001,9.24840794496255,7.30188679245283,20348.0,False,False
2285,973.6235294117647,71.70588235294117,35.9125,6.762042232218129,16.458823529411763,87634.0,False,False
2286,975.8405797101449,129.94202898550725,29.152500000000003,6.092463855279885,16.44927536231884,65765.0,False,False
2287,976.4257425742575,250.85148514851485,42.67250000000001,7.371045683803026,9.782178217821782,41004.0,False,False
2288,975.8390804597701,904.080459770115,36.7575,6.8411331346205175,4.482758620689655,21458.0,False,False
2289,979.3945578231293,242.48299319727892,62.10750000000001,8.892565716633143,10.816326530612244,46032.0,False,False
2290,978.936,610.64,52.81250000000001,8.200180696565521,6.552,26363.0,False,False
2291,976.670731707317,1243.0365853658536,34.645,6.641640160935379,4.634146341463414,15721.0,False,False
2292,980.2849740932643,201.95336787564767,81.5425,10.18936384552868,15.404145077720207,80545.0,False,False
2293,978.2950819672132,280.8524590163934,51.545,8.101180922147954,10.62295081967213,41452.0,False,False
2294,977.6491228070175,1077.0701754385964,48.165000000000006,7.831065232276457,7.254385964912281,20465.0,False,False
2295,978.7352941176471,1176.8823529411766,43.095000000000006,7.407446130776911,8.303921568627452,24833.0,False,False
2296,979.8307692307692,214.2846153846154,54.925000000000004,8.362576277354894,17.26153846153846,60911.0,False,False
2297,979.6932773109244,309.79831932773106,100.555,11.315060866864318,15.579831932773109,53519.0,False,False
2298,979.5785123966942,542.6280991735537,51.1225,8.067911044732915,11.165289256198347,40660.0,False,False
2299,981.5209580838323,896.245508982036,70.5575,9.47821708854842,5.18562874251497,20232.0,False,False
2300,976.6923076923077,1218.9615384615386,10.985000000000001,3.7398578046385347,4.576923076923077,18233.0,False,False
2301,981.8785046728972,602.018691588785,45.2075,7.586829161027343,7.336448598130841,26910.0,False,False
2302,979.6838235294117,853.875,57.46000000000001,8.553382035223404,5.426470588235294,24869.0,False,False
2303,981.2,1231.1692307692308,54.925000000000004,8.362576277354894,5.184615384615385,18420.0,False,False
2304,983.0507246376811,91.92028985507247,58.30500000000001,8.616045012404687,46.30434782608695,94896.0,True,True
2305,979.9397590361446,227.3734939759036,35.0675,6.682015245043993,20.819277108433734,51290.0,False,False
2306,980.3108108108108,455.0,31.265000000000004,6.309345002941657,14.85135135135135,44760.0,False,False
2307,981.8411764705883,968.8176470588236,71.825,9.562971834142516,4.911764705882353,21401.0,False,False
2308,981.5040650406504,1097.8861788617887,51.96750000000001,8.134314724734013,6.747967479674797,23929.0,False,False
2309,980.6279069767442,73.25581395348837,36.335,6.801702644040839,15.174418604651162,91706.0,False,False
2310,981.8878504672897,466.7196261682243,45.2075,7.586829161027343,11.962616822429906,39635.0,False,False
2311,983.5555555555555,81.26388888888889,30.42,6.223499574262349,32.34722222222222,97348.0,False,False
2312,987.0140845070423,182.7981220657277,89.9925,10.704298656594888,38.57746478873239,110296.0,False,False
2313,982.5185185185185,401.55555555555554,34.222500000000004,6.601018127508749,11.518518518518519,58101.0,False,False
2314,986.311475409836,508.21311475409834,77.31750000000001,9.92187978661609,8.28415300546448,29932.0,False,False
2315,984.4186046511628,529.1162790697674,54.502500000000005,8.33035043001963,12.077519379844961,34565.0,False,False
2316,984.0307692307692,700.1461538461539,54.925000000000004,8.362576277354894,7.053846153846154,22980.0,False,False
2317,982.1547619047619,919.5833333333334,35.49,6.722147829574334,6.392857142857143,19697.0,False,False
2318,982.8028169014085,422.5774647887324,29.997500000000002,6.180129710871209,15.084507042253522,45785.0,False,False
2319,986.4093567251462,668.8771929824561,72.2475,9.591056980763573,7.894736842105263,23336.0,False,False
2320,985.0703125,1058.0234375,54.080000000000005,8.297999432349801,6.65625,21072.0,False,False
2321,984.8787878787879,38.666666666666664,27.885,5.958547197508803,14.318181818181818,54845.0,False,False
2322,990.880701754386,158.1263157894737,120.41250000000001,12.382001319674572,37.40701754385965,93311.0,False,False
2323,988.4463276836158,273.2542372881356,74.78250000000001,9.75787047742269,8.59322033898305,37119.0,False,False
2324,985.5602836879433,568.0354609929078,59.572500000000005,8.709194152086374,9.893617021276595,38114.0,False,False
2325,986.320895522388,820.8432835820895,56.61500000000001,8.490256581822557,5.074626865671642,21753.0,False,False
2326,985.144,834.672,52.81250000000001,8.200180696565521,8.688,22698.0,False,False
2327,985.9823529411765,874.2529411764706,71.825,9.562971834142516,6.047058823529412,19780.0,False,False
2328,985.1034482758621,1203.6436781609195,36.7575,6.8411331346205175,5.402298850574713,19353.0,False,False
2329,986.7777777777778,235.83333333333334,45.63,7.622199185685551,15.731481481481481,46973.0,False,False
2330,986.1111111111111,386.2037037037037,45.63,7.622199185685551,17.037037037037038,74346.0,False,False
2331,987.4424778761062,549.8849557522124,47.74250000000001,7.796642800880295,13.451327433628318,38848.0,False,False
2332,986.1735537190083,786.9256198347107,51.1225,8.067911044732915,5.231404958677686,20328.0,False,False
2333,991.3456221198156,123.15207373271889,91.6825,10.804341005363613,15.603686635944701,69368.0,False,False
2334,988.1904761904761,146.17460317460316,53.23500000000001,8.232916079007266,18.738095238095237,75910.0,False,False
2335,987.8014184397163,492.50354609929076,59.572500000000005,8.709194152086374,7.26241134751773,30855.0,False,False
2336,986.0508474576271,994.2203389830509,24.927500000000002,5.633709146857493,7.491525423728813,27091.0,False,False
2337,987.2833333333333,1004.775,50.7,8.034503402082343,12.308333333333334,30790.0,False,False
2338,989.5757575757576,477.5,55.77,8.426658258757147,8.93939393939394,34485.0,False,False
2339,990.5322580645161,584.7258064516129,52.39000000000001,8.167314108608483,9.459677419354838,31186.0,False,False
2340,988.0526315789474,651.4526315789474,40.1375,7.148751795020415,5.978947368421053,23937.0,False,False
2341,988.797619047619,60.642857142857146,35.49,6.722147829574334,19.666666666666668,72365.0,False,False
2342,986.7826086956521,765.5217391304348,19.435000000000002,4.974475907261778,6.326086956521739,21371.0,False,False
2343,992.3537414965987,920.3809523809524,62.10750000000001,8.892565716633143,5.653061224489796,18733.0,False,False
2344,990.1228070175439,943.9035087719299,48.165000000000006,7.831065232276457,5.43859649122807,19510.0,False,False
2345,989.2372881355932,1030.8135593220338,24.927500000000002,5.633709146857493,6.6440677966101696,34235.0,False,False
2346,990.7105263157895,284.19736842105266,32.11000000000001,6.394037987175715,9.421052631578947,39887.0,False,False
2347,989.5,713.8636363636364,18.590000000000003,4.865133414062422,7.9772727272727275,22099.0,False,False
2348,995.3510638297872,170.64361702127658,79.43,10.056511176263564,93.06914893617021,110045.0,True,True
2349,992.5104166666666,812.2291666666666,40.56,7.186278309003779,5.78125,20316.0,False,False
2350,995.6875,1255.875,47.32000000000001,7.762067717874401,5.946428571428571,11664.0,False,False
2351,994.7792207792207,111.27922077922078,65.06500000000001,9.101831188183693,16.214285714285715,79501.0,False,False
2352,996.7486910994764,139.19895287958116,80.6975,10.136431727253225,14.832460732984293,64415.0,False,False
2353,995.0344827586207,206.81034482758622,49.010000000000005,7.8994601136704485,19.560344827586206,83708.0,False,True
2354,994.2171428571429,225.09142857142857,73.93750000000001,9.702584647343,29.228571428571428,51724.0,False,True
2355,993.9915254237288,451.85593220338984,49.855000000000004,7.967267881951225,9.415254237288135,39844.0,False,False
2356,993.6701030927835,677.1237113402062,40.9825,7.22360987610134,7.484536082474227,22919.0,False,False
2357,995.2035398230089,100.02654867256638,47.74250000000001,7.796642800880295,25.778761061946902,85964.0,False,False
2358,996.6307692307693,262.174358974359,82.3875,10.24202240731137,10.912820512820513,34414.0,False,False
2359,994.0769230769231,438.8076923076923,43.940000000000005,7.479715609277069,11.26923076923077,41155.0,False,False
2360,996.2138728323699,562.820809248555,73.0925,9.646981985240508,8.306358381502891,35099.0,False,False
2361,994.1714285714286,687.7714285714286,44.362500000000004,7.51558975086544,7.390476190476191,22989.0,False,False
2362,992.8153846153846,893.1076923076923,27.462500000000002,5.913234393907399,6.153846153846154,18064.0,False,False
2363,992.9,1079.3777777777777,38.025000000000006,6.958084052995808,5.955555555555556,19505.0,False,False
2364,993.1616161616162,1091.4545454545455,41.82750000000001,7.297700121093632,7.414141414141414,21508.0,False,False
2365,991.7096774193549,1175.1612903225807,13.097500000000002,4.083657054304242,6.870967741935484,22036.0,False,False
2366,995.8061224489796,78.07142857142857,41.405,7.260749503306075,19.887755102040817,87722.0,False,False
2367,995.1081081081081,789.5405405405405,31.265000000000004,6.309345002941657,4.662162162162162,20301.0,False,False
2368,997.6983240223464,1019.1620111731844,75.62750000000001,9.812844830601293,6.787709497206704,28589.0,False,False
2369,994.2261904761905,1128.5238095238096,35.49,6.722147829574334,7.154761904761905,25524.0,False,False
2370,997.6438356164383,89.5958904109589,61.68500000000001,8.86226727857993,25.684931506849313,88488.0,False,False
2371,996.3093525179856,312.0,58.727500000000006,8.647206217237697,13.503597122302159,42946.0,False,False
2372,995.0,421.92857142857144,29.575000000000003,6.136453335237093,17.428571428571427,40463.0,False,False
2373,996.6822429906542,610.1028037383178,45.2075,7.586829161027343,6.102803738317757,22310.0,False,False
2374,998.9515151515152,710.369696969697,69.7125,9.421290344870497,6.2303030303030305,22696.0,False,False
2375,994.7571428571429,797.8714285714286,29.575000000000003,6.136453335237093,6.9714285714285715,20335.0,False,False
2376,997.7064220183486,466.0550458715596,46.0525,7.6574058357851245,15.440366972477063,34170.0,False,True
2377,997.396694214876,953.00826446281,51.1225,8.067911044732915,7.31404958677686,19749.0,False,False
2378,996.848,981.264,52.81250000000001,8.200180696565521,7.4,23019.0,False,False
2379,997.0972222222222,43.05555555555556,30.42,6.223499574262349,20.333333333333332,62596.0,False,False
2380,997.5211267605633,65.4225352112676,29.997500000000002,6.180129710871209,29.056338028169016,78453.0,False,False
2381,998.7154471544716,1045.7560975609756,51.96750000000001,8.134314724734013,8.341463414634147,20298.0,False,False
2382,997.3529411764706,1230.9327731092437,50.2775,8.000956268498294,5.722689075630252,19366.0,False,False
2383,998.9809523809524,655.1047619047619,44.362500000000004,7.51558975086544,5.59047619047619,22543.0,False,False
2384,998.5833333333334,1108.9791666666667,40.56,7.186278309003779,5.375,25110.0,False,False
2385,998.1571428571428,1187.9285714285713,29.575000000000003,6.136453335237093,5.557142857142857,19532.0,False,False
2386,999.1666666666666,25.0,38.025000000000006,6.958084052995808,12.744444444444444,51104.0,False,False
2387,1002.4549549549549,186.21621621621622,93.79500000000002,10.928106107575758,74.65765765765765,109630.0,True,True
2388,1001.5371900826447,244.43801652892563,51.1225,8.067911044732915,10.62809917355372,41628.0,False,False
2389,999.1363636363636,696.6060606060606,27.885,5.958547197508803,6.4393939393939394,23200.0,False,False
2390,1000.6034482758621,1199.594827586207,49.010000000000005,7.8994601136704485,5.844827586206897,18975.0,False,False
2391,1000.8333333333334,298.51190476190476,35.49,6.722147829574334,14.333333333333334,38911.0,False,False
2392,1002.4016393442623,969.9672131147541,51.545,8.101180922147954,5.729508196721311,20887.0,False,False
2393,1004.0542635658915,518.6666666666666,54.502500000000005,8.33035043001963,8.286821705426357,27699.0,False,False
2394,1003.168918918919,624.0675675675676,62.53000000000001,8.922761272851007,6.3175675675675675,21154.0,False,False
2395,1005.0729166666666,734.2986111111111,121.68,12.446999148524698,6.434027777777778,20133.0,False,False
2396,1003.3533834586466,766.624060150376,56.1925,8.458517193783473,4.578947368421052,19584.0,False,False
2397,1002.4228187919463,854.6577181208054,62.95250000000001,8.952854988211321,7.053691275167785,21241.0,False,False
2398,1002.3518518518518,872.7222222222222,45.63,7.622199185685551,5.018518518518518,20233.0,False,False
2399,1002.5,883.5818181818182,46.475,7.692451354514157,5.336363636363636,19488.0,False,False
2400,1000.4,1064.4117647058824,35.9125,6.762042232218129,1.6470588235294117,19621.0,False,False
2401,1001.8607594936709,1092.8227848101267,33.377500000000005,6.519014718835807,7.30379746835443,21751.0,False,False
2402,1001.9677419354839,1147.9247311827958,39.292500000000004,7.073101498742004,4.602150537634409,22808.0,False,False
2403,1003.2110091743119,356.58715596330273,46.0525,7.6574058357851245,11.174311926605505,48515.0,False,False
2404,1003.1965811965812,500.2564102564103,49.432500000000005,7.933436443000028,8.683760683760683,26552.0,False,False
2405,1002.5795454545455,669.7272727272727,37.18000000000001,6.880337656921596,7.545454545454546,23494.0,False,False
2406,1003.4842105263158,779.0631578947368,40.1375,7.148751795020415,6.11578947368421,20073.0,False,False
2407,1002.1780821917808,1000.9589041095891,30.842500000000005,6.266569289371519,9.849315068493151,24770.0,False,False
2408,1003.8333333333334,1134.439393939394,27.885,5.958547197508803,8.363636363636363,24333.0,False,False
2409,1005.6386554621848,378.6890756302521,50.2775,8.000956268498294,10.949579831932773,45680.0,False,False
2410,1006.8380281690141,454.49295774647885,59.995000000000005,8.740023254338977,8.54225352112676,33135.0,False,False
2411,1005.5405405405405,1.7837837837837838,15.632500000000002,4.4613806364255035,19.37837837837838,35731.0,False,False
2412,1007.2137096774194,575.8508064516129,104.78000000000002,11.550326380555243,8.040322580645162,25391.0,False,False
2413,1008.5802919708029,608.1204379562043,115.76500000000001,12.140699151872026,5.12043795620438,21292.0,False,False
2414,1008.0579710144928,933.328502415459,87.45750000000001,10.552456940621719,4.8019323671497585,19259.0,False,False
2415,1006.4141414141415,946.1212121212121,41.82750000000001,7.297700121093632,6.393939393939394,19671.0,False,False
2416,1005.7872340425532,1212.2340425531916,39.715,7.1110272478142695,4.5,18824.0,False,False
2417,1007.4341085271318,71.75968992248062,54.502500000000005,8.33035043001963,31.108527131782946,86118.0,False,True
2418,1006.1320754716982,751.8679245283018,22.392500000000002,5.3395708165996005,6.90566037735849,19618.0,False,False
2419,1006.9591836734694,796.5918367346939,41.405,7.260749503306075,5.642857142857143,20074.0,False,False
2420,1007.5384615384615,1050.5164835164835,38.447500000000005,6.996633290104976,5.087912087912088,19679.0,False,False
2421,1006.6265060240963,1124.3734939759036,35.0675,6.682015245043993,11.27710843373494,24377.0,False,False
2422,1008.7089947089947,171.11640211640213,79.8525,10.0832217443615,37.91005291005291,107258.0,False,False
2423,1008.5776699029126,214.55339805825244,87.03500000000001,10.526937055764364,16.475728155339805,69444.0,False,False
2424,1007.3846153846154,439.6923076923077,27.462500000000002,5.913234393907399,9.692307692307692,35702.0,False,False
2425,1008.5980392156863,916.2450980392157,43.095000000000006,7.407446130776911,5.127450980392157,18225.0,False,False
2426,1007.1935483870968,1080.5698924731182,39.292500000000004,7.073101498742004,6.516129032258065,19110.0,False,False
2427,1009.5043478260869,1241.8695652173913,48.587500000000006,7.8653370162898755,5.71304347826087,17665.0,False,False
2428,1008.6966292134831,110.04494382022472,37.602500000000006,6.919320051920128,17.629213483146067,65071.0,False,False
2429,1007.75,287.375,30.42,6.223499574262349,12.13888888888889,35393.0,False,False
2430,1009.0989010989011,395.3736263736264,38.447500000000005,6.996633290104976,11.857142857142858,39254.0,False,False
2431,1011.4744186046512,527.2232558139535,90.8375,10.754436161179271,8.06046511627907,26576.0,False,False
2432,1008.7088607594936,811.5189873417721,33.377500000000005,6.519014718835807,5.3924050632911396,19416.0,False,False
2433,1007.6101694915254,1060.5254237288136,24.927500000000002,5.633709146857493,4.372881355932203,19458.0,False,False
2434,1010.525974025974,48.0,65.06500000000001,9.101831188183693,25.636363636363637,71747.0,False,False
2435,1008.7142857142857,122.45714285714286,29.575000000000003,6.136453335237093,23.114285714285714,56122.0,False,False
2436,1012.2970297029703,233.17821782178217,85.34500000000001,10.424232774905905,10.599009900990099,44389.0,False,False
2437,1013.56875,629.7625,67.60000000000001,9.277445403994411,5.65,20270.0,False,False
2438,1009.7333333333333,1033.0111111111112,38.025000000000006,6.958084052995808,7.611111111111111,22016.0,False,False
2439,1007.5555555555555,1226.5,15.21,4.4006787516724994,5.555555555555555,19757.0,False,False
2440,1013.8315789473684,197.61052631578949,80.275,10.109861742556879,24.342105263157894,88933.0,False,False
2441,1012.1190476190476,551.0873015873016,53.23500000000001,8.232916079007266,6.357142857142857,27681.0,False,False
2442,1011.4583333333334,590.9791666666666,40.56,7.186278309003779,7.458333333333333,22481.0,False,False
2443,1011.09375,830.28125,40.56,7.186278309003779,4.729166666666667,20157.0,False,False
2444,1009.4464285714286,1180.767857142857,23.660000000000004,5.488610719338178,6.321428571428571,19356.0,False,False
2445,1013.896,716.064,52.81250000000001,8.200180696565521,6.296,21704.0,False,False
2446,1013.8767123287671,978.8698630136986,61.68500000000001,8.86226727857993,5.410958904109589,20591.0,False,False
2447,1016.2851239669421,157.13636363636363,102.245,11.409749219480977,11.954545454545455,80282.0,False,False
2448,1013.7412587412588,315.7972027972028,60.417500000000004,8.770743993187619,9.888111888111888,35535.0,False,False
2449,1013.1627906976744,657.2635658914729,54.502500000000005,8.33035043001963,6.922480620155039,22207.0,False,False
2450,1013.2782608695652,892.104347826087,48.587500000000006,7.8653370162898755,5.165217391304348,18768.0,False,False
2451,1016.0272727272727,55.82727272727273,46.475,7.692451354514157,27.80909090909091,79982.0,True,True
2452,1013.3793103448276,142.70114942528735,36.7575,6.8411331346205175,21.229885057471265,56757.0,False,False
2453,1015.3641304347826,334.5869565217391,77.74000000000001,9.948951814523555,9.244565217391305,34992.0,False,False
2454,1014.6953642384105,682.615894039735,63.79750000000001,9.01274097349089,7.52317880794702,24126.0,False,False
2455,1014.6756756756756,785.0360360360361,46.89750000000001,7.727337934192946,6.441441441441442,19977.0,False,False
2456,1013.5949367088608,882.3924050632911,33.377500000000005,6.519014718835807,4.860759493670886,19402.0,False,False
2457,1012.4444444444445,1089.2777777777778,22.815,5.389708731752834,6.351851851851852,20867.0,False,False
2458,1012.5,1134.5,21.970000000000002,5.288957628666685,7.230769230769231,23664.0,False,False
2459,1015.4245283018868,640.1320754716982,44.785000000000004,7.5512934660867375,7.018867924528302,20763.0,False,False
2460,1016.8768115942029,701.463768115942,58.30500000000001,8.616045012404687,5.86231884057971,22945.0,False,False
2461,1015.8348623853211,839.6880733944954,46.0525,7.6574058357851245,6.247706422018348,20291.0,False,False
2462,1017.5539568345324,499.1726618705036,58.727500000000006,8.647206217237697,6.172661870503597,23821.0,False,False
2463,1016.938596491228,725.2982456140351,48.165000000000006,7.831065232276457,7.0701754385964914,19898.0,False,False
2464,1018.8671875,10.640625,54.080000000000005,8.297999432349801,24.2890625,61630.0,False,False
2465,1017.2755102040817,74.87755102040816,41.405,7.260749503306075,35.86734693877551,89027.0,False,True
2466,1018.4583333333334,132.97222222222223,60.84,8.801357503344999,15.541666666666666,53404.0,False,False
2467,1017.4505494505495,280.38461538461536,38.447500000000005,6.996633290104976,12.065934065934066,32257.0,False,False
2468,1019.6960784313726,299.9019607843137,86.19000000000001,10.475710780692815,9.647058823529411,32772.0,False,False
2469,1015.8666666666667,666.1777777777778,19.012500000000003,4.920108417939312,7.0,23754.0,False,False
2470,1019.9148936170212,753.5797872340426,79.43,10.056511176263564,5.51063829787234,18516.0,False,False
2471,1016.986301369863,1082.7397260273972,30.842500000000005,6.266569289371519,8.027397260273972,19806.0,False,True
2472,1017.21875,1150.0416666666667,40.56,7.186278309003779,5.78125,21590.0,False,False
2473,1016.8305084745763,83.77966101694915,24.927500000000002,5.633709146857493,24.25423728813559,85418.0,False,False
2474,1018.1666666666666,474.3452380952381,35.49,6.722147829574334,6.571428571428571,27692.0,False,False
2475,1018.8771929824561,559.4912280701755,48.165000000000006,7.831065232276457,6.456140350877193,26137.0,False,False
2476,1019.3469387755102,581.5510204081633,62.10750000000001,8.892565716633143,7.068027210884353,23261.0,False,False
2477,1019.4741379310345,269.87931034482756,49.010000000000005,7.8994601136704485,8.551724137931034,31393.0,False,False
2478,1020.2436974789916,741.1512605042017,50.2775,8.000956268498294,5.579831932773109,18854.0,False,False
2479,1018.7171717171717,1172.2424242424242,41.82750000000001,7.297700121093632,4.212121212121212,19804.0,False,False
2480,1019.64,96.75,42.25000000000001,7.3344645861208315,16.93,77094.0,False,False
2481,1021.1160220994475,254.91160220994476,76.47250000000001,9.867512912824576,8.43646408839779,31028.0,False,False
2482,1018.3333333333334,484.93333333333334,44.362500000000004,7.51558975086544,7.038095238095238,26307.0,False,False
2483,1019.4558823529412,571.8235294117648,28.730000000000004,6.048154439185661,6.602941176470588,24303.0,False,False
2484,1018.8311688311688,775.1948051948052,32.532500000000006,6.4359665543799,5.974025974025974,19036.0,False,False
2485,1020.305785123967,1055.8595041322315,51.1225,8.067911044732915,5.8429752066115705,18877.0,False,False
2486,1019.9255319148937,1160.2659574468084,39.715,7.1110272478142695,4.829787234042553,20161.0,False,False
2487,1019.078947368421,37.21052631578947,16.055000000000003,4.5212676198963315,11.657894736842104,77955.0,False,False
2488,1022.4761904761905,1043.7619047619048,35.49,6.722147829574334,8.297619047619047,19483.0,False,False
2489,1022.0515463917526,1103.680412371134,40.9825,7.22360987610134,6.072164948453608,23807.0,False,False
2490,1021.3142857142857,1134.5142857142857,29.575000000000003,6.136453335237093,7.285714285714286,23100.0,False,False
2491,1024.1239669421489,532.4958677685951,51.1225,8.067911044732915,7.016528925619835,24136.0,False,False
2492,1022.3827160493827,918.0246913580247,34.222500000000004,6.601018127508749,6.160493827160494,17840.0,False,False
2493,1021.8913043478261,1179.891304347826,19.435000000000002,4.974475907261778,5.586956521739131,19523.0,False,False
2494,1022.7037037037037,511.1111111111111,22.815,5.389708731752834,6.833333333333333,22484.0,False,False
2495,1024.9179104477612,623.0597014925373,56.61500000000001,8.490256581822557,6.477611940298507,19690.0,False,False
2496,1022.7916666666666,879.8541666666666,20.28,5.081466123790367,6.645833333333333,18823.0,False,False
2497,1025.5,1027.0,53.23500000000001,8.232916079007266,6.436507936507937,19654.0,False,False
2498,1025.7835051546392,235.1443298969072,40.9825,7.22360987610134,9.670103092783505,35931.0,False,False
2499,1024.3918918918919,952.2972972972973,31.265000000000004,6.309345002941657,6.77027027027027,18841.0,False,False
2500,1024.5652173913043,1092.304347826087,38.870000000000005,7.034971293747812,6.304347826086956,22466.0,False,False
2501,1025.2962962962963,1142.5277777777778,45.63,7.622199185685551,6.157407407407407,22341.0,False,False
2502,1025.5740740740741,357.4074074074074,45.63,7.622199185685551,8.25,31066.0,False,False
2503,1024.0,448.0,21.547500000000003,5.237855390346407,8.333333333333334,28444.0,False,False
2504,1028.0484848484848,687.1878787878788,69.7125,9.421290344870497,9.56969696969697,23444.0,False,True
2505,1025.65625,867.8020833333334,40.56,7.186278309003779,7.09375,19161.0,False,False
2506,1025.5360824742268,1077.5051546391753,40.9825,7.22360987610134,5.546391752577319,19826.0,False,False
2507,1026.7272727272727,17.363636363636363,32.532500000000006,6.4359665543799,26.935064935064936,75283.0,False,False
2508,1027.247191011236,178.65168539325842,37.602500000000006,6.919320051920128,17.98876404494382,74150.0,False,False
2509,1028.1634615384614,563.375,43.940000000000005,7.479715609277069,10.096153846153847,23732.0,False,False
2510,1027.4893617021276,817.531914893617,39.715,7.1110272478142695,5.638297872340425,19069.0,False,False
2511,1025.6,800.76,10.562500000000002,3.6672322930604158,6.72,19608.0,False,False
2512,1025.7878787878788,1128.2121212121212,13.9425,4.2133291293785735,7.03030303030303,23628.0,False,False
2513,1029.28125,145.39583333333334,40.56,7.186278309003779,13.625,48586.0,False,False
2514,1029.601851851852,324.18518518518516,45.63,7.622199185685551,8.38888888888889,28794.0,False,False
2515,1030.2905982905984,434.64102564102564,49.432500000000005,7.933436443000028,6.760683760683761,28415.0,False,False
2516,1030.6375,192.2,33.800000000000004,6.560144557252417,15.8625,64458.0,False,False
2517,1032.3818181818183,1177.9545454545455,46.475,7.692451354514157,5.118181818181818,19686.0,False,False
2518,1031.2394366197184,60.309859154929576,29.997500000000002,6.180129710871209,26.35211267605634,84790.0,False,False
2519,1030.6875,919.5625,20.28,5.081466123790367,5.333333333333333,17760.0,False,False
2520,1033.486111111111,37.826388888888886,60.84,8.801357503344999,15.854166666666666,83638.0,False,True
2521,1034.3968253968253,156.03968253968253,53.23500000000001,8.232916079007266,11.34920634920635,43462.0,False,False
2522,1033.2608695652175,1167.6521739130435,38.870000000000005,7.034971293747812,5.478260869565218,20097.0,False,False
2523,1033.530612244898,167.79591836734693,41.405,7.260749503306075,12.928571428571429,54295.0,False,False
2524,1034.725,456.43333333333334,50.7,8.034503402082343,8.241666666666667,25885.0,False,False
2525,1033.3714285714286,510.73333333333335,44.362500000000004,7.51558975086544,5.647619047619048,21702.0,False,False
2526,1032.765625,832.625,27.040000000000003,5.867571668896666,7.125,18012.0,False,False
2527,1034.0240963855422,984.7710843373494,35.0675,6.682015245043993,5.9879518072289155,18235.0,False,False
2528,1036.3636363636363,235.34710743801654,51.1225,8.067911044732915,11.570247933884298,30479.0,False,False
2529,1034.9705882352941,342.3014705882353,57.46000000000001,8.553382035223404,8.242647058823529,26927.0,False,False
2530,1034.3214285714287,850.5,35.49,6.722147829574334,5.642857142857143,18956.0,False,False
2531,1033.9354838709678,896.9677419354839,26.195000000000004,5.775163190277621,5.483870967741935,17813.0,False,False
2532,1035.1491228070176,1063.2719298245613,48.165000000000006,7.831065232276457,5.2894736842105265,20743.0,False,False
2533,1035.3879310344828,1080.405172413793,49.010000000000005,7.8994601136704485,6.5,21766.0,False,False
2534,1036.310606060606,500.25757575757575,55.77,8.426658258757147,6.25,22018.0,False,False
2535,1037.560975609756,755.310975609756,69.29,9.392697591996637,5.152439024390244,17806.0,False,False
2536,1040.5227272727273,184.42613636363637,74.36000000000001,9.730266828124844,9.982954545454545,50570.0,False,False
2537,1037.313253012048,574.2349397590361,70.135,9.449796583524995,7.156626506024097,21991.0,False,False
2538,1035.054054054054,731.918918918919,15.632500000000002,4.4613806364255035,4.675675675675675,18155.0,False,False
2539,1034.8,780.08,10.562500000000002,3.6672322930604158,5.28,19226.0,False,False
2540,1037.209090909091,887.3272727272728,46.475,7.692451354514157,4.709090909090909,18129.0,False,False
2541,1040.8487804878048,293.5609756097561,86.61250000000001,10.501355153901534,7.097560975609756,25864.0,False,False
2542,1038.8074074074075,330.7037037037037,57.03750000000001,8.521877758618217,7.474074074074074,25759.0,False,False
2543,1038.34,704.4733333333334,63.37500000000001,8.982847886254723,5.18,21154.0,False,False
2544,1036.388888888889,798.9444444444445,22.815,5.389708731752834,6.444444444444445,18981.0,False,False
2545,1037.759493670886,826.5696202531645,33.377500000000005,6.519014718835807,4.89873417721519,17751.0,False,False
2546,1036.2280701754387,1093.140350877193,24.082500000000003,5.537399329656889,8.403508771929825,23515.0,False,False
2547,1041.239263803681,10.705521472392638,68.8675,9.364017532397558,57.441717791411044,72181.0,False,True
2548,1038.231884057971,307.3623188405797,29.152500000000003,6.092463855279885,6.884057971014493,26151.0,False,False
2549,1039.3984962406016,487.6691729323308,56.1925,8.458517193783473,6.157894736842105,22223.0,False,False
2550,1038.047619047619,556.8452380952381,35.49,6.722147829574334,10.571428571428571,21916.0,False,False
2551,1039.3716814159293,841.4778761061947,47.74250000000001,7.796642800880295,5.230088495575221,17479.0,False,False
2552,1041.264705882353,275.2720588235294,57.46000000000001,8.553382035223404,7.301470588235294,25058.0,False,False
2553,1041.8222222222223,632.7833333333333,76.05000000000001,9.840216835878625,5.788888888888889,19751.0,False,False
2554,1042.6723163841807,1009.7401129943503,74.78250000000001,9.75787047742269,4.875706214689266,18016.0,False,False
2555,1040.3483146067415,1121.561797752809,37.602500000000006,6.919320051920128,7.044943820224719,24513.0,False,False
2556,1040.5681818181818,931.9772727272727,37.18000000000001,6.880337656921596,5.159090909090909,18189.0,False,False
2557,1039.6153846153845,1028.1538461538462,16.477500000000003,4.5803716659648535,6.384615384615385,19323.0,False,False
2558,1041.125,320.85714285714283,23.660000000000004,5.488610719338178,6.982142857142857,25345.0,False,False
2559,1042.0340136054422,531.4149659863946,62.10750000000001,8.892565716633143,5.428571428571429,21401.0,False,False
2560,1042.5897435897436,1052.076923076923,49.432500000000005,7.933436443000028,4.3760683760683765,20962.0,False,False
2561,1047.2124352331607,261.9481865284974,81.5425,10.18936384552868,6.932642487046632,23799.0,False,False
2562,1042.5471698113208,615.433962264151,22.392500000000002,5.3395708165996005,6.3584905660377355,19550.0,False,False
2563,1043.0298507462687,811.4925373134329,28.307500000000005,6.003518003020447,5.537313432835821,18287.0,False,False
2564,1046.857142857143,923.8074534161491,68.02250000000001,9.306392261867519,5.875776397515528,17640.0,False,False
2565,1043.4752475247524,944.2178217821782,42.67250000000001,7.371045683803026,4.554455445544554,18250.0,False,False
2566,1046.936305732484,595.3821656050956,66.33250000000001,9.190057785517194,6.853503184713376,19955.0,False,False
2567,1044.8181818181818,782.5151515151515,41.82750000000001,7.297700121093632,4.737373737373737,18561.0,False,False
2568,1044.56,900.46,42.25000000000001,7.3344645861208315,4.98,17962.0,False,False
2569,1045.723404255319,1.872340425531915,19.8575,5.028255588131782,14.851063829787234,63582.0,False,True
2570,1044.225806451613,517.5,26.195000000000004,5.775163190277621,4.887096774193548,20991.0,False,False
2571,1046.5206611570247,712.3305785123966,51.1225,8.067911044732915,5.87603305785124,19443.0,False,False
2572,1046.142857142857,880.3061224489796,41.405,7.260749503306075,5.1938775510204085,18428.0,False,False
2573,1045.025641025641,865.8717948717949,16.477500000000003,4.5803716659648535,5.128205128205129,18106.0,False,False
2574,1047.091836734694,1140.3979591836735,41.405,7.260749503306075,6.387755102040816,25814.0,False,False
2575,1046.7121212121212,578.439393939394,27.885,5.958547197508803,5.878787878787879,21016.0,False,False
2576,1046.86,681.04,21.125000000000004,5.186249645218625,6.06,21932.0,False,False
2577,1047.5869565217392,792.1413043478261,38.870000000000005,7.034971293747812,6.206521739130435,18316.0,False,False
2578,1053.6346153846155,1165.9538461538461,109.85000000000001,11.826468787814798,6.084615384615384,29621.0,False,False
2579,1049.1530612244899,161.08163265306123,41.405,7.260749503306075,12.612244897959183,36058.0,False,False
2580,1048.9633027522937,499.5963302752294,46.0525,7.6574058357851245,5.73394495412844,21494.0,False,False
2581,1050.3135593220338,908.6864406779661,49.855000000000004,7.967267881951225,5.864406779661017,17810.0,False,False
2582,1049.4566929133857,1030.1102362204724,53.657500000000006,8.265521814841879,5.338582677165355,19927.0,False,False
2583,1046.6857142857143,1152.9142857142858,14.787500000000001,4.339127765780955,6.428571428571429,25786.0,False,False
2584,1048.7272727272727,333.97727272727275,18.590000000000003,4.865133414062422,8.25,24334.0,False,False
2585,1050.15625,466.2890625,54.080000000000005,8.297999432349801,6.671875,24063.0,False,False
2586,1050.5288461538462,658.1634615384615,43.940000000000005,7.479715609277069,5.75,20577.0,False,False
2587,1051.5859375,1075.9296875,54.080000000000005,8.297999432349801,7.3828125,24172.0,False,False
2588,1051.7642857142857,230.92857142857142,59.150000000000006,8.67825553156191,7.014285714285714,27579.0,False,False
2589,1049.9857142857143,279.4714285714286,29.575000000000003,6.136453335237093,7.814285714285714,23428.0,False,False
2590,1051.2777777777778,508.6,38.025000000000006,6.958084052995808,6.066666666666666,21107.0,False,False
2591,1050.5632183908046,833.9425287356322,36.7575,6.8411331346205175,5.471264367816092,16615.0,False,False
2592,1051.514705882353,976.8676470588235,28.730000000000004,6.048154439185661,6.735294117647059,17831.0,False,False
2593,1052.0,995.5259259259259,57.03750000000001,8.521877758618217,4.562962962962963,18348.0,False,False
2594,1050.9342105263158,1129.8947368421052,32.11000000000001,6.394037987175715,6.671052631578948,27736.0,False,False
2595,1051.921052631579,172.27631578947367,32.11000000000001,6.394037987175715,11.776315789473685,35250.0,False,False
2596,1050.2238805970148,312.7313432835821,28.307500000000005,6.003518003020447,9.149253731343284,23252.0,False,False
2597,1052.33,1105.95,42.25000000000001,7.3344645861208315,10.22,26750.0,False,False
2598,1053.9574468085107,248.56028368794327,59.572500000000005,8.709194152086374,6.049645390070922,24051.0,False,False
2599,1052.378048780488,556.7317073170732,34.645,6.641640160935379,5.329268292682927,20882.0,False,False
2600,1053.1451612903227,735.8387096774194,52.39000000000001,8.167314108608483,4.991935483870968,17040.0,False,False
2601,1052.8473282442749,847.4274809160305,55.347500000000004,8.394678415652944,5.625954198473282,17217.0,False,False
2602,1052.2345679012346,966.716049382716,34.222500000000004,6.601018127508749,5.864197530864198,18016.0,False,False
2603,1054.3979591836735,984.7142857142857,41.405,7.260749503306075,5.408163265306122,18255.0,False,False
2604,1054.7087378640776,546.4757281553398,43.517500000000005,7.443668577254932,4.922330097087379,20804.0,False,False
2605,1053.55,691.925,16.900000000000002,4.638722701997206,5.9,20349.0,False,False
2606,1053.8103448275863,896.2068965517242,24.505000000000003,5.58576181408903,5.603448275862069,18599.0,False,False
2607,1053.8870967741937,1091.5967741935483,26.195000000000004,5.775163190277621,7.129032258064516,27729.0,False,False
2608,1057.770731707317,36.72682926829268,86.61250000000001,10.501355153901534,12.926829268292684,72736.0,False,False
2609,1054.245283018868,861.1509433962265,22.392500000000002,5.3395708165996005,5.981132075471698,18248.0,False,False
2610,1054.9846153846154,297.6461538461538,27.462500000000002,5.913234393907399,7.3076923076923075,22188.0,False,False
2611,1057.1020408163265,621.0918367346939,41.405,7.260749503306075,5.785714285714286,18615.0,False,False
2612,1059.5823529411764,192.8235294117647,71.825,9.562971834142516,10.694117647058823,31779.0,False,False
2613,1059.046511627907,339.49612403100775,54.502500000000005,8.33035043001963,7.75968992248062,22706.0,False,False
2614,1057.5604395604396,572.7692307692307,38.447500000000005,6.996633290104976,6.175824175824176,20037.0,False,False
2615,1056.5876288659795,684.020618556701,40.9825,7.22360987610134,5.742268041237113,19941.0,False,False
2616,1060.0212765957447,727.1347517730496,59.572500000000005,8.709194152086374,4.0638297872340425,17116.0,False,False
2617,1058.921052631579,1141.2631578947369,48.165000000000006,7.831065232276457,9.675438596491228,31570.0,False,False
2618,1059.4910714285713,51.169642857142854,47.32000000000001,7.762067717874401,20.008928571428573,61571.0,False,False
2619,1057.7631578947369,823.5131578947369,32.11000000000001,6.394037987175715,5.0,17274.0,False,False
2620,1062.8988764044943,583.0955056179776,75.20500000000001,9.785396259825553,5.359550561797753,18847.0,False,False
2621,1062.9894736842105,1126.8,80.275,10.109861742556879,6.757894736842105,32788.0,False,False
2622,1062.4661654135339,289.8872180451128,56.1925,8.458517193783473,5.631578947368421,20711.0,False,False
2623,1061.14,963.72,42.25000000000001,7.3344645861208315,5.19,18917.0,False,False
2624,1062.1214953271028,163.7570093457944,45.2075,7.586829161027343,7.728971962616822,31679.0,False,False
2625,1064.4366197183099,217.85915492957747,59.995000000000005,8.740023254338977,7.71830985915493,27392.0,False,False
2626,1062.1384615384616,231.57692307692307,54.925000000000004,8.362576277354894,7.376923076923077,24967.0,False,False
2627,1063.5642857142857,477.9714285714286,59.150000000000006,8.67825553156191,7.335714285714285,22403.0,False,False
2628,1063.1805555555557,927.4305555555555,60.84,8.801357503344999,4.722222222222222,18875.0,False,False
2629,1061.232142857143,491.07142857142856,23.660000000000004,5.488610719338178,9.5,22024.0,False,False
2630,1063.0254237288136,608.4237288135594,49.855000000000004,7.967267881951225,4.8559322033898304,18277.0,False,False
2631,1061.9791666666667,627.4583333333334,20.28,5.081466123790367,6.041666666666667,18222.0,False,False
2632,1066.24043715847,916.8743169398907,77.31750000000001,9.92187978661609,4.939890710382514,19244.0,False,False
2633,1062.9135802469136,978.2222222222222,34.222500000000004,6.601018127508749,5.679012345679013,19965.0,False,False
2634,1060.2083333333333,1084.5833333333333,10.14,3.5931391545018894,8.583333333333334,29090.0,False,False
2635,1064.326923076923,24.567307692307693,43.940000000000005,7.479715609277069,27.03846153846154,70739.0,False,False
2636,1066.3190184049079,263.2822085889571,68.8675,9.364017532397558,6.245398773006135,19768.0,False,False
2637,1064.4736842105262,299.10526315789474,32.11000000000001,6.394037987175715,6.9605263157894735,20191.0,False,False
2638,1063.844155844156,551.025974025974,32.532500000000006,6.4359665543799,6.12987012987013,19438.0,False,False
2639,1064.9268292682927,796.3577235772358,51.96750000000001,8.134314724734013,4.7560975609756095,17035.0,False,False
2640,1063.6915887850466,838.2336448598131,45.2075,7.586829161027343,4.644859813084112,17179.0,False,False
2641,1061.1951219512196,893.7560975609756,17.3225,4.696348795998318,7.439024390243903,19590.0,False,False
2642,1063.344827586207,1031.3620689655172,24.505000000000003,5.58576181408903,7.120689655172414,23368.0,False,False
2643,1062.622641509434,1093.0754716981132,22.392500000000002,5.3395708165996005,7.754716981132075,29361.0,False,False
2644,1063.2,498.26,21.125000000000004,5.186249645218625,9.26,21207.0,False,False
2645,1064.7037037037037,780.7037037037037,45.63,7.622199185685551,5.0092592592592595,17610.0,False,False
2646,1065.1782945736434,323.69767441860466,54.502500000000005,8.33035043001963,6.503875968992248,21585.0,False,False
2647,1066.3980582524273,464.59223300970876,43.517500000000005,7.443668577254932,6.757281553398058,22673.0,False,False
2648,1062.896551724138,703.8275862068965,12.252500000000001,3.9497300568352243,5.793103448275862,17344.0,False,False
2649,1066.1100917431193,862.5688073394496,46.0525,7.6574058357851245,4.844036697247707,18332.0,False,False
2650,1066.0632911392406,900.5569620253165,33.377500000000005,6.519014718835807,6.936708860759493,19088.0,False,False
2651,1066.2837837837837,179.95945945945945,31.265000000000004,6.309345002941657,10.297297297297296,29007.0,False,False
2652,1064.7222222222222,453.81481481481484,22.815,5.389708731752834,5.314814814814815,23379.0,False,False
2653,1065.15625,1081.78125,13.520000000000001,4.148999716174901,8.53125,28822.0,False,False
2654,1069.3975903614457,57.08433734939759,35.0675,6.682015245043993,17.313253012048193,50047.0,False,False
2655,1068.402985074627,509.53731343283584,28.307500000000005,6.003518003020447,5.7611940298507465,19341.0,False,False
2656,1070.4,145.58823529411765,35.9125,6.762042232218129,8.964705882352941,30923.0,False,False
2657,1070.7545454545455,8.218181818181819,46.475,7.692451354514157,20.69090909090909,45908.0,False,False
2658,1068.5405405405406,78.91891891891892,15.632500000000002,4.4613806364255035,13.27027027027027,51074.0,False,False
2659,1070.125,529.3035714285714,23.660000000000004,5.488610719338178,6.375,17716.0,False,False
2660,1069.72131147541,1074.655737704918,25.7725,5.728399965669906,8.262295081967213,27152.0,False,False
2661,1069.2553191489362,1089.723404255319,19.8575,5.028255588131782,8.27659574468085,28545.0,False,False
2662,1073.1627906976744,212.6627906976744,36.335,6.801702644040839,6.127906976744186,22403.0,False,False
2663,1074.2255639097743,613.4586466165414,56.1925,8.458517193783473,5.488721804511278,15074.0,False,False
2664,1069.6764705882354,766.4117647058823,14.365000000000002,4.276691017611702,6.0,16518.0,False,False
2665,1074.5107913669065,194.80575539568346,58.727500000000006,8.647206217237697,7.906474820143885,23305.0,False,False
2666,1070.3863636363637,729.3863636363636,18.590000000000003,4.865133414062422,5.25,15545.0,False,False
2667,1074.8508771929824,44.43859649122807,48.165000000000006,7.831065232276457,16.614035087719298,44374.0,False,False
2668,1074.1588785046729,489.0841121495327,45.2075,7.586829161027343,6.345794392523365,18854.0,False,False
2669,1073.9021739130435,570.7173913043479,38.870000000000005,7.034971293747812,6.271739130434782,15597.0,False,False
2670,1071.8135593220338,650.7627118644068,24.927500000000002,5.633709146857493,6.813559322033898,16186.0,False,False
2671,1075.530303030303,946.2676767676768,83.65500000000002,10.320506485382394,5.732323232323233,16438.0,False,False
2672,1074.859375,1012.1875,27.040000000000003,5.867571668896666,8.546875,19552.0,False,False
2673,1075.3826086956522,312.5913043478261,48.587500000000006,7.8653370162898755,5.678260869565217,17363.0,False,False
2674,1073.5111111111112,707.2666666666667,19.012500000000003,4.920108417939312,5.022222222222222,14795.0,False,False
2675,1075.6078431372548,777.8235294117648,43.095000000000006,7.407446130776911,6.735294117647059,14841.0,False,False
2676,1074.472,843.2,52.81250000000001,8.200180696565521,5.184,15500.0,False,False
2677,1077.9465648854962,794.3206106870228,55.347500000000004,8.394678415652944,4.885496183206107,13751.0,False,False
2678,1076.0283687943263,962.7375886524823,59.572500000000005,8.709194152086374,6.148936170212766,16894.0,False,False
2679,1076.1935483870968,297.48387096774195,39.292500000000004,7.073101498742004,4.67741935483871,16121.0,False,False
2680,1077.5438596491229,921.9035087719299,48.165000000000006,7.831065232276457,5.254385964912281,16509.0,False,False
2681,1078.5714285714287,31.168067226890756,50.2775,8.000956268498294,17.159663865546218,42875.0,False,False
2682,1080.28125,62.40625,54.080000000000005,8.297999432349801,14.84375,37114.0,False,False
2683,1080.4747474747476,250.65656565656565,83.65500000000002,10.320506485382394,5.53030303030303,14913.0,False,False
2684,1075.9,459.55,16.900000000000002,4.638722701997206,6.275,18642.0,False,False
2685,1077.7549019607843,725.8627450980392,43.095000000000006,7.407446130776911,5.549019607843137,13152.0,False,False
2686,1078.8351648351647,182.97802197802199,38.447500000000005,6.996633290104976,6.9010989010989015,20987.0,False,False
2687,1079.2695652173913,325.5304347826087,48.587500000000006,7.8653370162898755,7.217391304347826,15883.0,False,False
2688,1079.8208955223881,535.0,56.61500000000001,8.490256581822557,5.597014925373134,14056.0,False,False
2689,1077.7608695652175,622.4347826086956,19.435000000000002,4.974475907261778,5.739130434782608,13769.0,False,False
2690,1077.9,1062.6,29.575000000000003,6.136453335237093,12.485714285714286,23604.0,False,False
2691,1080.8916666666667,16.175,50.7,8.034503402082343,15.608333333333333,37166.0,False,False
2692,1080.621212121212,693.0681818181819,55.77,8.426658258757147,5.21969696969697,12960.0,False,False
2693,1083.189349112426,736.8579881656805,71.4025,9.534803961957083,4.905325443786983,11631.0,False,False
2694,1080.423611111111,902.4097222222222,60.84,8.801357503344999,8.82638888888889,15650.0,False,False
2695,1081.0357142857142,504.6190476190476,35.49,6.722147829574334,6.5476190476190474,15321.0,False,False
2696,1078.6153846153845,752.5,10.985000000000001,3.7398578046385347,5.538461538461538,13960.0,False,False
2697,1080.6410256410256,1031.5555555555557,49.432500000000005,7.933436443000028,8.495726495726496,19832.0,False,False
2698,1080.9724770642201,1152.9816513761468,46.0525,7.6574058357851245,14.935779816513762,29836.0,False,False
2699,1081.2375,444.025,33.800000000000004,6.560144557252417,6.1,16395.0,False,False
2700,1084.6027397260275,2.547945205479452,30.842500000000005,6.266569289371519,10.945205479452055,22837.0,False,False
2701,1081.446153846154,879.8,27.462500000000002,5.913234393907399,6.292307692307692,15415.0,False,False
2702,1081.4520547945206,1109.0958904109589,30.842500000000005,6.266569289371519,10.534246575342467,24793.0,False,False
2703,1084.2698412698412,168.984126984127,53.23500000000001,8.232916079007266,6.833333333333333,17571.0,False,False
2704,1083.659090909091,604.6931818181819,37.18000000000001,6.880337656921596,5.420454545454546,11697.0,False,False
2705,1085.5945945945946,828.0472972972973,62.53000000000001,8.922761272851007,6.47972972972973,11201.0,False,False
2706,1083.835616438356,838.6575342465753,30.842500000000005,6.266569289371519,5.726027397260274,12322.0,False,False
2707,1083.2884615384614,50.96153846153846,21.970000000000002,5.288957628666685,16.192307692307693,33901.0,False,False
2708,1084.6363636363637,285.64335664335664,60.417500000000004,8.770743993187619,5.846153846153846,12407.0,False,False
2709,1083.7142857142858,463.8095238095238,26.617500000000003,5.8215507884058,7.142857142857143,14792.0,False,False
2710,1085.9527027027027,1006.5878378378378,62.53000000000001,8.922761272851007,10.20945945945946,15552.0,False,False
2711,1083.8369565217392,1135.0,38.870000000000005,7.034971293747812,14.184782608695652,26512.0,False,False
2712,1085.8314606741574,558.1685393258427,37.602500000000006,6.919320051920128,5.685393258426966,11487.0,False,False
2713,1085.2566371681417,590.5840707964602,47.74250000000001,7.796642800880295,6.469026548672566,11185.0,False,False
2714,1086.2625,964.5,33.800000000000004,6.560144557252417,8.7875,13547.0,False,False
2715,1083.6521739130435,1164.4565217391305,19.435000000000002,4.974475907261778,13.869565217391305,29020.0,False,False
2716,1086.6736842105263,269.9789473684211,40.1375,7.148751795020415,5.473684210526316,11612.0,False,False
2717,1086.989247311828,497.10752688172045,39.292500000000004,7.073101498742004,6.591397849462366,12986.0,False,False
2718,1087.3076923076924,816.5512820512821,32.955000000000005,6.477623730716943,4.153846153846154,10038.0,False,False
2719,1087.4014598540145,886.8248175182482,57.88250000000001,8.584770698634475,6.328467153284672,13758.0,False,False
2720,1087.5194805194806,515.8571428571429,32.532500000000006,6.4359665543799,4.805194805194805,11958.0,False,False
2721,1086.5555555555557,1121.7142857142858,26.617500000000003,5.8215507884058,14.587301587301587,24018.0,False,False
2722,1087.9024390243903,298.8292682926829,34.645,6.641640160935379,5.2439024390243905,11025.0,False,False
2723,1086.8823529411766,750.0392156862745,21.547500000000003,5.237855390346407,5.03921568627451,11066.0,False,False
2724,1088.5942028985507,219.30434782608697,29.152500000000003,6.092463855279885,5.608695652173913,13063.0,False,False
2725,1088.0555555555557,656.3777777777777,38.025000000000006,6.958084052995808,4.544444444444444,10581.0,False,False
2726,1088.057142857143,975.7142857142857,14.787500000000001,4.339127765780955,11.314285714285715,13550.0,False,False
2727,1088.3947368421052,621.1052631578947,16.055000000000003,4.5212676198963315,4.447368421052632,9764.0,False,False
2728,1088.3461538461538,637.0769230769231,21.970000000000002,5.288957628666685,4.903846153846154,10076.0,False,False
2729,1088.597014925373,785.5671641791045,28.307500000000005,6.003518003020447,6.656716417910448,10264.0,False,False
2730,1088.6808510638298,938.7446808510638,19.8575,5.028255588131782,7.617021276595745,12309.0,False,False
2731,1089.0,1159.84,10.562500000000002,3.6672322930604158,13.28,25847.0,False,False
2732,1089.4769230769232,155.1846153846154,27.462500000000002,5.913234393907399,7.015384615384615,14631.0,False,False
2733,1089.2978723404256,328.0,19.8575,5.028255588131782,6.702127659574468,11381.0,False,False
2734,1089.3392857142858,675.0714285714286,23.660000000000004,5.488610719338178,5.5,9981.0,False,False
2735,1089.1346153846155,798.8076923076923,21.970000000000002,5.288957628666685,4.788461538461538,9761.0,False,False
2736,1089.6666666666667,700.6923076923077,16.477500000000003,4.5803716659648535,5.128205128205129,9475.0,False,False
