label,centroid_y,centroid_x,area_um2,diameter_um,wfa_sum_intensity,wfa_mean_intensity,wfa_pericellular_intensity,wfa_intensity_norm,wfa_pericellular_norm,pv_intensity_norm,is_pnn_plus,is_pv_plus,pv_label,cell_type,pv_area_um2,pv_diameter_um,pnn_area_um2,pnn_diameter_um,score,is_in_roi,roi_region
1,560,739,296.31705237,19.42376350908454,15295.0,41.0053619302949,32.08870967741935,2.244576238328103,1.756491148230344,1.8810505194230387,True,True,154,PV+/PNN+,200.19275388,15.965379131403353,296.31705237,19.42376350908454,1.6117089986801147,False,NONE
2,536,819,296.31705237,19.42376350908454,12902.0,34.58981233243968,32.024193548387096,1.8933980141817055,1.75295962543923,2.676179798887283,True,True,146,PV+/PNN+,252.62418942,17.93463431258665,296.31705237,19.42376350908454,1.3188955783843994,False,NONE
3,430,980,296.31705237,19.42376350908454,9088.0,24.364611260053618,16.862903225806452,1.3336847894034523,0.9230517695274314,1.6544179267214678,True,True,71,PV+/PNN+,227.20288734,17.008342095551114,296.31705237,19.42376350908454,0.4599165618419647,False,NONE
4,451,1133,296.31705237,19.42376350908454,12589.0,33.75067024128686,28.25,1.847464548173422,1.546365542159059,4.256543131937251,True,True,84,PV+/PNN+,241.50236976,17.53540325529143,296.31705237,19.42376350908454,0.6184048056602478,False,NONE
5,320,1700,296.31705237,19.42376350908454,17371.0,46.571045576407506,31.75,2.5492339873159517,1.7379506535769953,1.7153852861665384,True,True,33,PV+/PNN+,137.43391437,13.228238528376714,296.31705237,19.42376350908454,1.430760145187378,False,NONE
6,483,1239,296.31705237,19.42376350908454,32030.0,85.87131367292226,99.84677419354838,4.700475770751824,5.465472959597861,3.572814943815047,True,True,107,PV+/PNN+,264.54042477,18.352747205751005,296.31705237,19.42376350908454,2.481419324874878,True,C
7,493,1561,296.31705237,19.42376350908454,52004.0,139.42091152815013,101.0,7.631705962603117,5.528598929489025,2.0550149743841035,True,False,-1,PV-/PNN+,0.0,0.0,296.31705237,19.42376350908454,2.114739179611206,True,C
8,470,1315,296.31705237,19.42376350908454,28502.0,76.41286863270777,77.15322580645162,4.182733700217561,4.223259817823499,4.395076294236522,True,True,100,PV+/PNN+,217.66989906,16.647700237020825,296.31705237,19.42376350908454,3.0435569286346436,True,C
9,515,1690,296.31705237,19.42376350908454,69309.0,185.81501340482575,152.59677419354838,10.171254298939687,8.352934281682476,2.181099304126527,True,True,129,PV+/PNN+,179.53794594000001,15.11935225303425,296.31705237,19.42376350908454,2.081305742263794,True,C
10,533,1360,296.31705237,19.42376350908454,45391.0,121.6916890080429,108.25806451612904,6.661233084926508,5.925895243489355,2.627022870329477,True,True,148,PV+/PNN+,142.9948242,13.493208101259413,296.31705237,19.42376350908454,2.080491542816162,True,C
11,522,1443,296.31705237,19.42376350908454,44802.0,120.11260053619303,111.00806451612904,6.574795987549897,6.07642640246059,3.6870888426702058,True,True,135,PV+/PNN+,211.31457354,16.40286778005525,296.31705237,19.42376350908454,2.5179855823516846,True,C
12,448,1544,296.31705237,19.42376350908454,44030.0,118.04289544235925,94.69354838709677,6.461503221548636,5.183392576657627,3.150831440221418,True,True,87,PV+/PNN+,200.19275388,15.965379131403353,296.31705237,19.42376350908454,2.8673183917999268,True,C
13,468,1404,296.31705237,19.42376350908454,41811.0,112.09383378016086,78.66129032258064,6.135859895438792,4.305809163065789,2.241109061067225,True,False,-1,PV-/PNN+,0.0,0.0,296.31705237,19.42376350908454,2.0999510288238525,True,C
14,466,1679,296.31705237,19.42376350908454,42360.0,113.5656836461126,84.35483870967742,6.2164269013127464,4.617466049381603,2.0374589284706017,True,True,98,PV+/PNN+,145.37807127,13.605186852016802,296.31705237,19.42376350908454,1.4612442255020142,True,C
15,552,1513,296.31705237,19.42376350908454,65623.0,175.9329758713137,132.57258064516128,9.630325366969933,7.256837895390456,2.2162113959535312,True,False,-1,PV-/PNN+,0.0,0.0,296.31705237,19.42376350908454,1.7169164419174194,True,C
16,243,1376,296.31705237,19.42376350908454,8286.0,22.214477211796247,18.629032258064516,1.2159894547751986,1.0197272059341782,2.232490638527869,True,True,9,PV+/PNN+,139.81716144,13.342441267550267,296.31705237,19.42376350908454,0.20854681730270386,False,NONE
17,496,1460,296.31705237,19.42376350908454,21609.0,57.93297587131367,71.0,3.171170182022359,3.8864408316209977,2.637875698712369,True,False,-1,PV-/PNN+,0.0,0.0,296.31705237,19.42376350908454,0.660537600517273,True,C
18,378,1478,296.31705237,19.42376350908454,8807.0,23.611260053619304,20.774193548387096,1.2924473965972936,1.1371503387387198,2.820139375377999,True,True,50,PV+/PNN+,181.92119301,15.21937110940298,296.31705237,19.42376350908454,0.05650579556822777,True,C
19,562,1722,296.31705237,19.42376350908454,30143.0,80.81233243967829,79.84677419354838,4.4235542041140254,4.37070089435251,2.052142166870985,True,True,160,PV+/PNN+,115.98469074,12.152213577535832,296.31705237,19.42376350908454,0.9954021573066711,False,NONE
20,301,2125,296.31705237,19.42376350908454,8832.0,23.67828418230563,21.588709677419356,1.2961162037864538,1.1817358139765346,3.2114795988316978,True,True,26,PV+/PNN+,212.10898923,16.4336713147562,296.31705237,19.42376350908454,1.1130434274673462,True,B
21,509,2022,296.31705237,19.42376350908454,43009.0,115.30563002680965,78.6774193548387,6.31166913594334,4.306692043763568,1.9685115481557578,True,True,126,PV+/PNN+,123.13443195,12.521167201073585,296.31705237,19.42376350908454,2.2428791522979736,True,B
22,483,2089,296.31705237,19.42376350908454,27394.0,73.44235924932975,68.30645161290323,4.020132165593989,3.738999755091987,4.17833892741347,True,True,112,PV+/PNN+,247.85769528,17.76463394211696,296.31705237,19.42376350908454,2.018430709838867,True,B
23,310,2213,296.31705237,19.42376350908454,8770.0,23.512064343163537,20.669354838709676,1.2870175619573365,1.1314116142031594,3.230312448084363,True,True,28,PV+/PNN+,170.79937335,14.746813769937054,296.31705237,19.42376350908454,1.3248156309127808,False,NONE
24,500,2287,296.31705237,19.42376350908454,18626.0,49.93565683646113,32.524193548387096,2.733408108211785,1.7803289270703637,1.8845617286057392,True,True,124,PV+/PNN+,150.14456541,13.82642390884524,296.31705237,19.42376350908454,1.1781352758407593,True,A
25,531,2114,296.31705237,19.42376350908454,36255.0,97.19839142091153,69.41129032258064,5.3205041857198685,3.799477082889814,2.199293751709611,True,True,145,PV+/PNN+,127.90092609,12.761211420003875,296.31705237,19.42376350908454,2.156721830368042,True,B
26,177,1985,296.31705237,19.42376350908454,10037.0,26.908847184986595,17.782258064516128,1.4729527103039668,0.9733759693008064,1.1791278837177508,True,True,1,PV+/PNN+,124.72326333,12.60169000650996,296.31705237,19.42376350908454,0.613207221031189,False,NONE
27,551,1974,296.31705237,19.42376350908454,24292.0,65.1260053619303,54.42741935483871,3.564906569563013,2.9792809146535792,1.9132898037369241,True,True,153,PV+/PNN+,132.66742023,12.996822909266468,296.31705237,19.42376350908454,1.0336685180664062,True,B
28,450,2101,296.31705237,19.42376350908454,27973.0,74.99463806970509,54.25806451612903,4.105101740094935,2.970010667326905,2.2727099437115283,True,True,90,PV+/PNN+,172.38820473,14.815244827816286,296.31705237,19.42376350908454,1.000795841217041,True,B
29,425,1803,296.31705237,19.42376350908454,16988.0,45.54423592493298,37.064516129032256,2.49302786117802,2.028859843495014,2.5089185614568277,True,True,69,PV+/PNN+,154.91105955,14.044176264056347,296.31705237,19.42376350908454,1.5951406955718994,True,B
30,481,1822,296.31705237,19.42376350908454,22559.0,60.479892761394105,42.79032258064516,3.31058485521044,2.342282491206385,1.8577488584833,True,True,114,PV+/PNN+,84.20806314000001,10.3545659481894,296.31705237,19.42376350908454,0.9793845415115356,True,B
31,383,1892,296.31705237,19.42376350908454,12992.0,34.83109919571046,28.282258064516128,1.9066057200626818,1.5481313035546158,2.5890379709893545,True,True,57,PV+/PNN+,104.06845539,11.511041341340722,296.31705237,19.42376350908454,0.42573118209838867,True,B
32,565,2115,296.31705237,19.42376350908454,22702.0,60.86327077747989,42.29838709677419,3.3315704323324353,2.31535462992414,1.9078633895454782,True,True,159,PV+/PNN+,132.66742023,12.996822909266468,296.31705237,19.42376350908454,0.6274491548538208,True,B
33,429,1927,296.31705237,19.42376350908454,23021.0,61.71849865951743,51.33870967741935,3.3783844120661173,2.810209261028995,1.8350855992131427,True,False,-1,PV-/PNN+,0.0,0.0,296.31705237,19.42376350908454,0.425016313791275,True,B
34,519,1850,296.31705237,19.42376350908454,39155.0,104.97319034852546,96.35483870967742,5.74608581966243,5.274329288528814,2.6672421755131364,True,False,-1,PV-/PNN+,0.0,0.0,296.31705237,19.42376350908454,0.7310516834259033,True,B
35,470,2228,296.31705237,19.42376350908454,19147.0,51.33243967828418,57.17741935483871,2.8098660500338797,3.1298120736248154,1.6346274749644294,True,False,-1,PV-/PNN+,0.0,0.0,296.31705237,19.42376350908454,2.011573076248169,True,A
36,517,1992,296.31705237,19.42376350908454,20872.0,55.957104557640754,48.064516129032256,3.0630137460859217,2.6309844793799573,1.972980359842831,True,True,133,PV+/PNN+,122.34001626,12.48071098158173,296.31705237,19.42376350908454,0.16925297677516937,True,B
37,436,2043,296.31705237,19.42376350908454,17486.0,46.879356568364614,41.774193548387096,2.566110500386088,2.2866610072463387,1.735814139593159,True,True,76,PV+/PNN+,116.77910643,12.19375972805403,296.31705237,19.42376350908454,0.07674813270568848,True,B
38,383,2788,296.31705237,19.42376350908454,31070.0,83.2975871313673,72.54838709677419,4.559593574688079,3.971197378607734,2.9289868600417113,True,True,55,PV+/PNN+,177.94911456,15.05230379737267,296.31705237,19.42376350908454,2.416733980178833,False,NONE
39,295,2583,296.31705237,19.42376350908454,10428.0,27.95710455764075,26.919354838709676,1.5303328547424295,1.4735278845923319,1.003886625417522,True,False,-1,PV-/PNN+,0.0,0.0,296.31705237,19.42376350908454,2.3263537883758545,False,NONE
40,382,2510,296.31705237,19.42376350908454,12884.0,34.54155495978552,34.49193548387097,1.8907564730055104,1.888040372199342,2.9781437885995166,True,True,54,PV+/PNN+,141.40599282,13.418036440588484,296.31705237,19.42376350908454,1.650192379951477,True,A
41,537,2556,296.31705237,19.42376350908454,24166.0,64.78820375335121,54.564516129032256,3.546415781329647,2.9867854005846963,2.1785456974482,True,True,149,PV+/PNN+,198.6039225,15.90189824726965,296.31705237,19.42376350908454,2.0210723876953125,True,A
42,447,2635,296.31705237,19.42376350908454,18878.0,50.611260053619304,37.056451612903224,2.770389684678518,2.0284184031461248,1.7955046956990655,True,True,86,PV+/PNN+,171.59378904,14.781068900342463,296.31705237,19.42376350908454,2.2685863971710205,False,NONE
43,434,2677,296.31705237,19.42376350908454,17298.0,46.375335120643435,36.20161290322581,2.5385210703236045,1.981625726163864,2.465507247925259,True,True,77,PV+/PNN+,146.17248696000001,13.642308849668993,296.31705237,19.42376350908454,1.7176271677017212,False,NONE
44,335,2406,296.31705237,19.42376350908454,8975.0,24.06166219839142,20.669354838709676,1.3171017809084489,1.1314116142031594,1.6103682115203175,True,True,37,PV+/PNN+,142.20040851,13.455674765407588,296.31705237,19.42376350908454,0.6100530028343201,True,A
45,574,2694,296.31705237,19.42376350908454,27730.0,74.343163538874,50.274193548387096,4.069440934216299,2.751939134975613,1.5513160570839928,True,False,-1,PV-/PNN+,0.0,0.0,296.31705237,19.42376350908454,0.09240059554576874,False,NONE
46,525,2818,296.31705237,19.42376350908454,16748.0,44.90080428954423,36.92741935483871,2.4578073121620836,2.021355357563897,1.7508165788283332,True,True,144,PV+/PNN+,124.72326333,12.60169000650996,296.31705237,19.42376350908454,0.6624147891998291,False,NONE
47,560,2829,296.31705237,19.42376350908454,22447.0,60.179624664879356,48.16935483870968,3.294148599003003,2.6367232039155177,1.7246421103754757,True,True,156,PV+/PNN+,84.20806314000001,10.3545659481894,296.31705237,19.42376350908454,0.30629050731658936,False,NONE
48,758,272,296.31705237,19.42376350908454,27814.0,74.56836461126005,65.08870967741936,4.081768126371877,3.562865055885174,3.8642453059791797,True,True,296,PV+/PNN+,166.03287921,14.539588286344586,296.31705237,19.42376350908454,2.664776086807251,False,NONE
49,674,340,296.31705237,19.42376350908454,16053.0,43.03753351206434,36.62096774193548,2.355814472303435,2.004580624306105,1.8960529586582133,True,True,235,PV+/PNN+,148.55573403,13.753073662427433,296.31705237,19.42376350908454,2.132154941558838,False,NONE
50,1135,257,296.31705237,19.42376350908454,66653.0,178.69436997319036,159.58870967741936,9.781480223163326,8.73566306416946,2.1581168440215794,True,True,512,PV+/PNN+,153.32222817,13.97196922387648,296.31705237,19.42376350908454,2.9615232944488525,False,NONE
51,981,326,296.31705237,19.42376350908454,59398.0,159.24396782841822,129.55645161290323,8.716792376869085,7.091739204905876,2.2085505759185486,True,True,429,PV+/PNN+,159.67755369,14.258603569939101,296.31705237,19.42376350908454,1.8300174474716187,False,NONE
52,798,446,296.31705237,19.42376350908454,41087.0,110.15281501340482,84.04838709677419,6.029611239240717,4.600691316123811,3.551747688718845,True,True,320,PV+/PNN+,193.83742836,15.709916582774115,296.31705237,19.42376350908454,1.9522367715835571,False,NONE
53,850,276,296.31705237,19.42376350908454,20029.0,53.6970509383378,52.82258064516129,2.9393015676674454,2.8914342852246175,3.7327345620453105,True,True,355,PV+/PNN+,237.53029131,17.39059975873043,296.31705237,19.42376350908454,2.245938539505005,False,NONE
54,1047,305,296.31705237,19.42376350908454,77113.0,206.7372654155496,187.3951612903226,11.31650915110788,10.25774938713961,1.6726123743045518,True,False,-1,PV-/PNN+,0.0,0.0,296.31705237,19.42376350908454,2.4416043758392334,False,NONE
55,797,40,296.31705237,19.42376350908454,14414.0,38.64343163538874,27.274193548387096,2.1152874729821036,1.4929512599434591,1.8136991432821494,True,True,319,PV+/PNN+,135.84508299,13.151552441468574,296.31705237,19.42376350908454,0.8053306341171265,False,NONE
56,904,247,296.31705237,19.42376350908454,33649.0,90.21179624664879,78.55645161290323,4.938067724321827,4.30007043853023,3.9552175438945993,True,True,389,PV+/PNN+,208.93132647000002,16.3101081233564,296.31705237,19.42376350908454,2.9803473949432373,False,NONE
57,826,510,296.31705237,19.42376350908454,36839.0,98.76407506702412,73.50806451612904,5.406207521658646,4.023728780125556,2.7875808902293224,True,True,333,PV+/PNN+,152.52781248,13.935725403490322,296.31705237,19.42376350908454,1.0634719133377075,False,NONE
58,756,373,296.31705237,19.42376350908454,18311.0,49.0911528150134,48.87096774193548,2.6871811376283685,2.6751285142688825,4.049381790157928,True,True,294,PV+/PNN+,192.24859698,15.645399198959066,296.31705237,19.42376350908454,1.724229097366333,False,NONE
59,933,149,296.31705237,19.42376350908454,45471.0,121.90616621983914,87.41129032258064,6.67297326793182,4.7847719416106305,1.4482141874465173,True,False,-1,PV-/PNN+,0.0,0.0,296.31705237,19.42376350908454,1.9909148216247559,False,NONE
60,904,351,296.31705237,19.42376350908454,22519.0,60.37265415549598,61.75,3.304714763707784,3.3801087514450225,3.7094329011055716,True,True,390,PV+/PNN+,189.86534991,15.548121162390997,296.31705237,19.42376350908454,2.4914116859436035,False,NONE
61,951,483,296.31705237,19.42376350908454,60722.0,162.7935656836461,127.7258064516129,8.911092405607,6.991532245708014,1.7370909429323225,True,False,-1,PV-/PNN+,0.0,0.0,296.31705237,19.42376350908454,1.8268661499023438,False,NONE
62,1146,327,296.31705237,19.42376350908454,29699.0,79.62198391420911,66.4274193548387,4.358396188434543,3.6361441538007897,2.657346949634617,True,True,514,PV+/PNN+,184.30444008,15.318736938146314,296.31705237,19.42376350908454,2.159045457839966,False,NONE
63,976,281,296.31705237,19.42376350908454,53010.0,142.11796246648794,113.00806451612904,7.779338763894917,6.185903608985125,1.816252749960477,True,False,-1,PV-/PNN+,0.0,0.0,296.31705237,19.42376350908454,1.0812163352966309,False,NONE
64,900,65,296.31705237,19.42376350908454,33701.0,90.35120643431635,63.33870967741935,4.94569884327528,3.4670725001762057,2.2618571153286364,True,False,-1,PV-/PNN+,0.0,0.0,296.31705237,19.42376350908454,1.7841734886169434,False,NONE
65,788,513,296.31705237,19.42376350908454,20706.0,55.51206434316354,47.92741935483871,3.038652866349899,2.62347999344884,3.0885872774371834,True,True,313,PV+/PNN+,166.03287921,14.539588286344586,296.31705237,19.42376350908454,1.1243661642074585,False,NONE
66,854,112,296.31705237,19.42376350908454,16270.0,43.61930294906166,31.95967741935484,2.3876597187053443,1.749428102648116,1.815295147456104,True,False,-1,PV-/PNN+,0.0,0.0,296.31705237,19.42376350908454,0.9502794146537781,False,NONE
67,1050,168,296.31705237,19.42376350908454,50269.0,134.76943699731905,131.88709677419354,7.377090743675412,7.219315465734869,2.2257874209972592,True,True,460,PV+/PNN+,186.68768715,15.417462365594622,296.31705237,19.42376350908454,1.198525071144104,False,NONE
68,974,158,296.31705237,19.42376350908454,47914.0,128.45576407506704,120.76612903225806,7.031489106456538,6.6105692246165875,1.6451611025125306,True,False,-1,PV-/PNN+,0.0,0.0,296.31705237,19.42376350908454,2.2499868869781494,False,NONE
69,723,370,296.31705237,19.42376350908454,10845.0,29.075067024128685,22.983870967741936,1.5915285586576187,1.2581049943343756,2.096191882072136,True,True,271,PV+/PNN+,135.05066730000001,13.113041224263421,296.31705237,19.42376350908454,0.36247140169143677,False,NONE
70,902,559,296.31705237,19.42376350908454,25985.0,69.66487935656836,72.39516129032258,3.8133581924129296,3.9628100119788385,2.81375535868218,True,True,391,PV+/PNN+,153.32222817,13.97196922387648,296.31705237,19.42376350908454,0.07894711196422577,False,NONE
71,922,475,296.31705237,19.42376350908454,45838.0,122.89008042895442,116.90322580645162,6.726831357468688,6.399119297498635,2.0451197485055848,True,False,-1,PV-/PNN+,0.0,0.0,296.31705237,19.42376350908454,0.4756067395210266,False,NONE
72,879,516,296.31705237,19.42376350908454,29068.0,77.93029490616622,85.61290322580645,4.265795494980145,4.686330743808327,1.9171202137544159,True,False,-1,PV-/PNN+,0.0,0.0,296.31705237,19.42376350908454,0.23833322525024414,False,NONE
73,852,155,296.31705237,19.42376350908454,14140.0,37.9088471849866,44.53225806451613,2.0750773461889103,2.4376336065664637,1.972341958173249,True,False,-1,PV-/PNN+,0.0,0.0,296.31705237,19.42376350908454,0.351443350315094,False,NONE
74,984,457,296.31705237,19.42376350908454,31831.0,85.33780160857908,49.0,4.67127206552611,2.682191559851111,1.6397346883210844,True,False,-1,PV-/PNN+,0.0,0.0,296.31705237,19.42376350908454,1.0878868103027344,False,NONE
75,719,480,296.31705237,19.42376350908454,11738.0,31.469168900804288,28.637096774193548,1.7225783514544148,1.567554678905743,3.105504921681104,True,True,269,PV+/PNN+,216.08106768,16.586830928142092,296.31705237,19.42376350908454,0.385223925113678,False,NONE
76,1118,15,296.31705237,19.42376350908454,30087.0,80.66219839142092,69.5725806451613,4.415336076010307,3.8083058898676,1.7712454322549538,True,False,-1,PV-/PNN+,0.0,0.0,296.31705237,19.42376350908454,0.5746921896934509,False,NONE
77,923,1127,296.31705237,19.42376350908454,31728.0,85.06166219839142,78.68548387096774,4.656156579906771,4.307133484112457,2.4195423277153627,True,True,407,PV+/PNN+,208.13691078,16.279070781961433,296.31705237,19.42376350908454,2.411517381668091,True,C
78,705,951,296.31705237,19.42376350908454,39323.0,105.42359249329759,87.21774193548387,5.7707402039735864,4.774177373237289,2.924198847519847,True,True,257,PV+/PNN+,208.93132647000002,16.3101081233564,296.31705237,19.42376350908454,2.0128958225250244,True,C
79,1082,1113,296.31705237,19.42376350908454,45835.0,122.88203753351206,87.8225806451613,6.72639110060599,4.807285399403983,1.681230796843907,True,False,-1,PV-/PNN+,0.0,0.0,296.31705237,19.42376350908454,2.084972858428955,True,C
80,928,877,296.31705237,19.42376350908454,26746.0,71.70509383378015,54.32258064516129,3.9250366832509607,2.973542190118019,2.3027148221818767,True,True,408,PV+/PNN+,147.76131834,13.716251444643651,296.31705237,19.42376350908454,2.6792995929718018,True,C
81,862,1128,296.31705237,19.42376350908454,38216.0,102.45576407506702,72.83064516129032,5.60828542163758,3.986647790818858,2.066825405271369,True,True,367,PV+/PNN+,158.08872231,14.187487896796528,296.31705237,19.42376350908454,1.7457540035247803,True,C
82,1124,938,296.31705237,19.42376350908454,19096.0,51.19571045576407,44.00806451612903,2.8023816833679933,2.4089399838886623,1.7418789554541867,True,True,504,PV+/PNN+,149.35014972,13.789797556005714,296.31705237,19.42376350908454,1.566426157951355,False,NONE
83,698,755,296.31705237,19.42376350908454,55661.0,149.22520107238606,121.70967741935483,8.168379078233446,6.66221774543663,1.8603024651616276,True,True,250,PV+/PNN+,160.47196938,14.29402872657482,296.31705237,19.42376350908454,1.4297698736190796,False,NONE
84,1039,883,296.31705237,19.42376350908454,26974.0,72.31635388739946,65.63709677419355,3.9584962048161003,3.5928829996096434,2.7594912167677195,True,True,455,PV+/PNN+,129.48975747,12.84022896403991,296.31705237,19.42376350908454,1.3169280290603638,False,NONE
85,682,1142,296.31705237,19.42376350908454,58988.0,158.14477211796248,105.87903225806451,8.656623938966863,5.795670340567024,2.239832257728061,True,True,243,PV+/PNN+,176.36028318,14.984955344126575,296.31705237,19.42376350908454,2.3973026275634766,True,C
86,1053,843,296.31705237,19.42376350908454,18123.0,48.58713136729222,37.516129032258064,2.6595917075658853,2.0535805030328125,1.741240553784605,True,False,-1,PV-/PNN+,0.0,0.0,296.31705237,19.42376350908454,1.5230075120925903,False,NONE
87,828,664,296.31705237,19.42376350908454,59878.0,160.53083109919572,105.9274193548387,8.78723347490096,5.7983189826603585,2.205996969240221,True,True,338,PV+/PNN+,155.70547524,14.080140922851225,296.31705237,19.42376350908454,1.8549271821975708,False,NONE
88,830,762,296.31705237,19.42376350908454,58429.0,156.64611260053618,126.48387096774194,8.574589410217243,6.923550431979069,2.501576942256636,True,True,339,PV+/PNN+,172.38820473,14.815244827816286,296.31705237,19.42376350908454,1.3471274375915527,False,NONE
89,826,1032,296.31705237,19.42376350908454,21647.0,58.03485254691689,51.36290322580645,3.176746768949882,2.811533582075662,2.994423031173855,True,True,334,PV+/PNN+,187.48210284,15.45023065413564,296.31705237,19.42376350908454,2.4083306789398193,True,C
90,903,653,296.31705237,19.42376350908454,34632.0,92.84718498659518,88.04032258064517,5.082325222999599,4.819204288823993,3.5613237137625733,True,True,392,PV+/PNN+,79.441569,10.057243516322304,296.31705237,19.42376350908454,1.1463122367858887,False,NONE
91,643,967,296.31705237,19.42376350908454,23371.0,62.656836461126005,58.87903225806452,3.4297477127143576,3.222955987240448,2.1893985258310917,True,True,211,PV+/PNN+,212.10898923,16.4336713147562,296.31705237,19.42376350908454,0.07228529453277588,True,C
92,814,922,296.31705237,19.42376350908454,42090.0,112.84182305630027,67.91935483870968,6.176803783669818,3.7178106183453026,1.5254607894659262,True,False,-1,PV-/PNN+,0.0,0.0,296.31705237,19.42376350908454,0.7266937494277954,True,C
93,849,702,296.31705237,19.42376350908454,34631.0,92.84450402144772,69.88709677419355,5.082178470712033,3.8255220634742804,2.2184458017970674,True,True,356,PV+/PNN+,110.42378091,11.857315232959937,296.31705237,19.42376350908454,1.1577003002166748,False,NONE
94,840,800,296.31705237,19.42376350908454,54214.0,145.34584450402144,91.25,7.956028518124863,4.994897547681916,1.8028463148992573,True,False,-1,PV-/PNN+,0.0,0.0,296.31705237,19.42376350908454,0.9290691614151001,False,NONE
95,893,755,296.31705237,19.42376350908454,22706.0,60.8739946380697,48.28225806451613,3.3321574414827007,2.6429033687999675,1.787524674829292,True,True,384,PV+/PNN+,128.69534178,12.800781162784691,296.31705237,19.42376350908454,0.4568144679069519,False,NONE
96,710,1075,296.31705237,19.42376350908454,18158.0,48.68096514745308,36.153225806451616,2.664728037630709,1.9789770840705285,1.9305266488156354,True,True,265,PV+/PNN+,123.92884764,12.56149312576761,296.31705237,19.42376350908454,0.19250020384788513,True,C
97,790,746,296.31705237,19.42376350908454,74572.0,199.92493297587131,147.51612903225808,10.943611588401655,8.074826861882245,1.6968716377486635,True,False,-1,PV-/PNN+,0.0,0.0,296.31705237,19.42376350908454,1.2040349245071411,False,NONE
98,858,932,296.31705237,19.42376350908454,27804.0,74.54155495978553,61.225806451612904,4.080300603496213,3.351415128767221,2.582653954293536,True,True,365,PV+/PNN+,164.44404783,14.469853647963289,296.31705237,19.42376350908454,0.5670156478881836,True,C
99,731,871,296.31705237,19.42376350908454,43645.0,117.0107238605898,74.50806451612904,6.405003590835571,4.0784673833878236,2.7652368317939566,True,True,278,PV+/PNN+,139.02274575,13.304482609502795,296.31705237,19.42376350908454,0.9498760104179382,True,C
100,977,1046,296.31705237,19.42376350908454,16388.0,43.93565683646113,36.645161290322584,2.4049764886381797,2.005904945352773,2.1504560239865964,True,True,427,PV+/PNN+,167.62171059,14.608990056788347,296.31705237,19.42376350908454,0.11567482352256775,True,C
101,1082,713,296.31705237,19.42376350908454,14721.0,39.466487935656836,26.241935483870968,2.160340425264989,1.4364468952856344,1.8829657244317846,True,False,-1,PV-/PNN+,0.0,0.0,296.31705237,19.42376350908454,0.3641875982284546,False,NONE
102,1041,807,296.31705237,19.42376350908454,13230.0,35.46916890080429,33.87096774193548,1.9415327645034852,1.8540494653348691,2.080551041167379,True,True,456,PV+/PNN+,138.22833006,13.266415342325756,296.31705237,19.42376350908454,0.20421895384788513,False,NONE
103,1035,942,296.31705237,19.42376350908454,22254.0,59.66219839142091,50.00806451612903,3.2658254075026876,2.7373716034622677,1.7051708594532282,True,False,-1,PV-/PNN+,0.0,0.0,296.31705237,19.42376350908454,0.4424952566623688,True,C
104,857,1226,296.31705237,19.42376350908454,43416.0,116.39678284182305,119.54032258064517,6.371397316982866,6.543470291585422,3.0027222528784194,True,True,361,PV+/PNN+,211.31457354,16.40286778005525,296.31705237,19.42376350908454,2.540069341659546,True,C
105,1081,1546,296.31705237,19.42376350908454,33473.0,89.73994638069705,56.82258064516129,4.912239321710141,3.1103886982736877,1.8596640634920456,True,True,484,PV+/PNN+,170.79937335,14.746813769937054,296.31705237,19.42376350908454,2.33966326713562,True,C
106,1128,1239,296.31705237,19.42376350908454,36612.0,98.15549597855228,54.71774193548387,5.3728947523810735,2.9951727672135924,1.8491304359439442,True,True,506,PV+/PNN+,194.63184405,15.742076118135982,296.31705237,19.42376350908454,2.8994009494781494,True,C
107,710,1555,296.31705237,19.42376350908454,44661.0,119.73458445040214,94.79838709677419,6.554103915003035,5.189131301193187,2.5839307576326993,True,True,264,PV+/PNN+,164.44404783,14.469853647963289,296.31705237,19.42376350908454,2.56567120552063,True,C
108,1003,1691,296.31705237,19.42376350908454,38843.0,104.1367292225201,73.16935483870968,5.700299105941713,4.005188285472207,1.4201245139849141,True,False,-1,PV-/PNN+,0.0,0.0,296.31705237,19.42376350908454,3.056243658065796,True,C
109,977,1486,296.31705237,19.42376350908454,40140.0,107.61394101876675,80.91935483870968,5.890636822915336,4.429412460754781,1.6161138265465544,True,False,-1,PV-/PNN+,0.0,0.0,296.31705237,19.42376350908454,1.582025408744812,True,C
110,777,1299,296.31705237,19.42376350908454,46590.0,124.90616621983914,98.15322580645162,6.837189077718622,5.372770486331118,2.425607143576391,True,True,304,PV+/PNN+,178.74353025,15.085865274483455,296.31705237,19.42376350908454,2.6227707862854004,True,C
111,1028,1337,296.31705237,19.42376350908454,31182.0,83.59785522788204,66.9758064516129,4.576029830895516,3.666162097525259,1.444383777429026,True,False,-1,PV-/PNN+,0.0,0.0,296.31705237,19.42376350908454,1.8984497785568237,True,C
112,915,1719,296.31705237,19.42376350908454,41994.0,112.58445040214477,87.11290322580645,6.1627155640634435,4.768438648701728,2.2886699854510755,True,False,-1,PV-/PNN+,0.0,0.0,296.31705237,19.42376350908454,2.1219520568847656,True,C
113,948,1236,296.31705237,19.42376350908454,28834.0,77.3029490616622,65.74193548387096,4.231455459689607,3.598621724145203,2.240789860232434,True,True,414,PV+/PNN+,176.36028318,14.984955344126575,296.31705237,19.42376350908454,2.022109270095825,True,C
114,709,1712,296.31705237,19.42376350908454,31067.0,83.28954423592494,60.935483870967744,4.55915331782538,3.335523276207208,2.0460773510099575,True,True,261,PV+/PNN+,169.21054197,14.678063680958498,296.31705237,19.42376350908454,1.5568913221359253,True,C
115,803,1421,296.31705237,19.42376350908454,26872.0,72.04289544235925,59.46774193548387,3.9435274714843276,3.2551811327093634,2.7435311750281723,True,True,322,PV+/PNN+,203.37041664,16.091589626115688,296.31705237,19.42376350908454,2.586033582687378,True,C
116,852,1577,296.31705237,19.42376350908454,40678.0,109.05630026809652,118.41129032258064,5.96958955362606,6.481668642740925,3.5731341446498384,True,True,357,PV+/PNN+,250.24094235,17.849836512187224,296.31705237,19.42376350908454,2.6365978717803955,True,C
117,754,1380,296.31705237,19.42376350908454,28375.0,76.07238605898124,66.58870967741936,4.164096159696628,3.6449729607785755,2.426564746080764,True,True,298,PV+/PNN+,130.28417316,12.879555944225542,296.31705237,19.42376350908454,2.9851043224334717,True,C
118,752,1557,296.31705237,19.42376350908454,27576.0,73.93029490616622,69.58870967741936,4.046841081931074,3.8091887705653784,2.4690184571079596,True,False,-1,PV-/PNN+,0.0,0.0,296.31705237,19.42376350908454,0.7780953049659729,True,C
119,957,1301,296.31705237,19.42376350908454,28618.0,76.72386058981233,53.895161290322584,4.199756965575264,2.9501458516268886,1.9898980040867509,True,False,-1,PV-/PNN+,0.0,0.0,296.31705237,19.42376350908454,2.7061173915863037,True,C
120,1065,1604,296.31705237,19.42376350908454,13561.0,36.35656836461126,32.63709677419355,1.990107771687964,1.7865090919548134,2.0770398319846795,True,True,476,PV+/PNN+,171.59378904,14.781068900342463,296.31705237,19.42376350908454,1.3209052085876465,True,C
121,1049,1667,296.31705237,19.42376350908454,19928.0,53.42627345844504,39.274193548387096,2.9244795866232387,2.14981449909067,2.2768595545638104,True,True,459,PV+/PNN+,169.21054197,14.678063680958498,296.31705237,19.42376350908454,1.0980603694915771,True,C
122,728,1685,296.31705237,19.42376350908454,28379.0,76.08310991957104,56.08064516129032,4.164683168846894,3.0697761861758766,3.193285151248614,True,True,273,PV+/PNN+,207.34249509,16.24797415226416,296.31705237,19.42376350908454,1.3289304971694946,True,C
123,1047,1501,296.31705237,19.42376350908454,28235.0,75.6970509383378,58.895161290322584,4.1435508394373315,3.2238388679382264,2.0096884558437895,True,True,458,PV+/PNN+,127.1065104,12.721518597815718,296.31705237,19.42376350908454,2.0059492588043213,True,C
124,995,1651,296.31705237,19.42376350908454,18488.0,49.5656836461126,37.11290322580645,2.713156292527622,2.0315084855883496,2.002027635808807,True,True,439,PV+/PNN+,165.23846352,14.504762875171128,296.31705237,19.42376350908454,1.6306034326553345,True,C
125,875,1693,296.31705237,19.42376350908454,24656.0,66.10187667560322,48.04032258064516,3.618324402237183,2.6296601583332895,2.483382494673552,True,True,377,PV+/PNN+,158.08872231,14.187487896796528,296.31705237,19.42376350908454,1.8823031187057495,True,C
126,859,1453,296.31705237,19.42376350908454,29513.0,79.12332439678285,74.90322580645162,4.331100262947193,4.100097960483397,3.5785605588412843,True,True,363,PV+/PNN+,152.52781248,13.935725403490322,296.31705237,19.42376350908454,1.6388441324234009,True,C
127,832,1724,296.31705237,19.42376350908454,19782.0,53.03485254691689,41.42741935483871,2.9030537526385443,2.267679072244101,2.3403805206872086,True,True,343,PV+/PNN+,165.23846352,14.504762875171128,296.31705237,19.42376350908454,1.854400634765625,True,C
128,994,1422,296.31705237,19.42376350908454,21833.0,58.533512064343164,41.435483870967744,3.204042694437233,2.2681205125929904,1.9420178788681095,True,True,438,PV+/PNN+,168.41612628000001,14.643567596416077,296.31705237,19.42376350908454,1.0834143161773682,True,C
129,668,1395,296.31705237,19.42376350908454,54657.0,146.53351206434317,95.15322580645162,8.02103978151678,5.208554676544315,1.8890305402928125,True,False,-1,PV-/PNN+,0.0,0.0,296.31705237,19.42376350908454,2.07761549949646,True,C
130,696,1224,296.31705237,19.42376350908454,33860.0,90.77747989276139,84.11290322580645,4.969032456998337,4.604222838914925,2.186525718317973,True,False,-1,PV-/PNN+,0.0,0.0,296.31705237,19.42376350908454,1.163542628288269,True,C
131,642,1316,296.31705237,19.42376350908454,40163.0,107.67560321715818,100.21774193548387,5.894012125529364,5.485779215646767,1.7677342230722533,True,False,-1,PV-/PNN+,0.0,0.0,296.31705237,19.42376350908454,0.404106080532074,True,C
132,795,1377,296.31705237,19.42376350908454,17098.0,45.839142091152816,44.96774193548387,2.5091706128103244,2.4614713854064836,3.250102899841402,True,True,317,PV+/PNN+,208.13691078,16.279070781961433,296.31705237,19.42376350908454,0.919710099697113,True,C
133,907,1633,296.31705237,19.42376350908454,17890.0,47.96246648793566,42.57258064516129,2.625398424562914,2.330363601786375,2.923560445850265,True,True,398,PV+/PNN+,195.42625974,15.774170088491289,296.31705237,19.42376350908454,1.4838900566101074,True,C
134,702,1410,296.31705237,19.42376350908454,23337.0,62.5656836461126,52.12096774193548,3.4247581349371004,2.8530289748712523,2.310056441382069,True,True,254,PV+/PNN+,173.97703611,14.883361255142246,296.31705237,19.42376350908454,1.6217252016067505,True,C
135,980,1575,296.31705237,19.42376350908454,16269.0,43.61662198391421,30.846774193548388,2.387512966417778,1.6885093345013988,1.699425244426991,True,True,430,PV+/PNN+,144.58365558,13.56796328882212,296.31705237,19.42376350908454,0.07234106957912445,True,C
136,897,1535,296.31705237,19.42376350908454,18453.0,49.47184986595174,45.443548387096776,2.708019962462797,2.48751636599095,2.1437528064559865,True,False,-1,PV-/PNN+,0.0,0.0,296.31705237,19.42376350908454,0.6201308965682983,True,C
137,779,1471,296.31705237,19.42376350908454,16695.0,44.75871313672922,45.49193548387097,2.4500294409210643,2.4901650080842854,2.5242402015267933,True,True,308,PV+/PNN+,126.31209471,12.681701540530954,296.31705237,19.42376350908454,0.06436826288700104,True,C
138,1051,2101,296.31705237,19.42376350908454,32200.0,86.32707774798928,63.20967741935484,4.725423659638112,3.4600094545939775,1.1449733943951197,True,False,-1,PV-/PNN+,0.0,0.0,296.31705237,19.42376350908454,2.6352856159210205,True,B
139,747,2055,296.31705237,19.42376350908454,35121.0,94.15817694369973,93.37096774193549,5.154087091619569,5.11099635943979,2.6777758030612375,True,True,287,PV+/PNN+,200.98716957,15.99702510721652,296.31705237,19.42376350908454,3.154628038406372,True,B
140,856,2272,296.31705237,19.42376350908454,40950.0,109.78552278820375,70.99193548387096,6.009506175844121,3.885999391272108,1.8140183441169404,True,True,364,PV+/PNN+,115.98469074,12.152213577535832,296.31705237,19.42376350908454,1.6001205444335938,True,A
141,1147,2180,296.31705237,19.42376350908454,29695.0,79.6112600536193,46.29032258064516,4.357809179284278,2.5338676026243214,1.3642643678964987,True,True,517,PV+/PNN+,196.22067543,15.806198893222852,296.31705237,19.42376350908454,1.9270304441452026,False,NONE
142,1075,1850,296.31705237,19.42376350908454,24217.0,64.92493297587131,54.153225806451616,3.5539001479955328,2.9642719427913446,1.8596640634920456,True,True,482,PV+/PNN+,224.81964027,16.91890234101781,296.31705237,19.42376350908454,2.41680908203125,True,B
143,824,1937,296.31705237,19.42376350908454,29316.0,78.59517426273459,57.50806451612903,4.302190062296612,3.1479111279292744,2.437417574463656,True,True,331,PV+/PNN+,227.20288734,17.008342095551114,296.31705237,19.42376350908454,2.1165592670440674,True,B
144,1096,1924,296.31705237,19.42376350908454,24874.0,66.68632707774799,43.766129032258064,3.650316400926658,2.3956967734219847,1.4778998650820754,True,True,491,PV+/PNN+,185.89327146,15.384624282804582,296.31705237,19.42376350908454,2.218608856201172,False,NONE
145,874,2045,296.31705237,19.42376350908454,21993.0,58.96246648793566,55.24193548387097,3.227523060447857,3.0238663898913942,2.5759507367629264,True,True,376,PV+/PNN+,200.98716957,15.99702510721652,296.31705237,19.42376350908454,1.2894829511642456,True,B
146,1017,2183,296.31705237,19.42376350908454,34161.0,91.58445040214477,53.08064516129032,5.013204895555824,2.9055603763890736,1.648033910025649,True,True,446,PV+/PNN+,100.89079263,11.333937836259334,296.31705237,19.42376350908454,2.1904237270355225,True,B
147,925,2095,296.31705237,19.42376350908454,27033.0,72.4745308310992,50.79838709677419,3.9671545897825182,2.7806327576534144,1.9404218746941548,True,False,-1,PV-/PNN+,0.0,0.0,296.31705237,19.42376350908454,2.2494261264801025,True,B
148,1022,1807,296.31705237,19.42376350908454,21081.0,56.51742627345845,37.596774193548384,3.0936849741872994,2.0579949065217047,1.4306581415330153,True,True,450,PV+/PNN+,166.03287921,14.539588286344586,296.31705237,19.42376350908454,1.8743817806243896,False,NONE
149,645,1915,296.31705237,19.42376350908454,52427.0,140.55495978552278,101.29838709677419,7.693782180243705,5.544932222397927,2.0393741334793476,True,False,-1,PV-/PNN+,0.0,0.0,296.31705237,19.42376350908454,2.0606911182403564,True,B
150,832,1822,296.31705237,19.42376350908454,28486.0,76.36997319034853,63.556451612903224,4.180385663616499,3.4789913895962155,1.838916009230634,True,False,-1,PV-/PNN+,0.0,0.0,296.31705237,19.42376350908454,1.6487518548965454,True,B
151,756,2217,296.31705237,19.42376350908454,21243.0,56.951742627345844,51.903225806451616,3.1174588447730565,2.8411100854512426,1.65856753757375,True,False,-1,PV-/PNN+,0.0,0.0,296.31705237,19.42376350908454,1.7711893320083618,False,NONE
152,780,2106,296.31705237,19.42376350908454,16721.0,44.828418230563,37.00806451612903,2.453845000397791,2.025769761052789,2.3643205832965295,True,True,307,PV+/PNN+,174.7714518,14.917302830020427,296.31705237,19.42376350908454,2.5918874740600586,True,B
153,1008,2276,296.31705237,19.42376350908454,10695.0,28.672922252010725,19.379032258064516,1.5695157155226587,1.0607811583808788,1.6282434582686103,True,True,442,PV+/PNN+,203.37041664,16.091589626115688,296.31705237,19.42376350908454,1.6466825008392334,True,A
154,791,1832,296.31705237,19.42376350908454,30171.0,80.88739946380697,52.854838709677416,4.427663268165884,2.8932000466201746,2.401028679297488,True,True,316,PV+/PNN+,146.17248696000001,13.642308849668993,296.31705237,19.42376350908454,1.4760682582855225,True,B
155,842,1906,296.31705237,19.42376350908454,26904.0,72.12868632707774,57.67741935483871,3.948223544686452,3.157181375255949,2.40837029849768,True,True,349,PV+/PNN+,295.52263668,19.39770881793461,296.31705237,19.42376350908454,1.930009126663208,True,B
156,650,2104,296.31705237,19.42376350908454,18050.0,48.39142091152815,41.62903225806452,2.648878790573538,2.2787150809663324,2.246535475258671,True,True,219,PV+/PNN+,180.33236163,15.152765226941185,296.31705237,19.42376350908454,2.0299723148345947,True,B
157,667,1834,296.31705237,19.42376350908454,18986.0,50.90080428954423,41.193548387096776,2.786238931735689,2.2548773021263124,2.2082313750837574,True,True,231,PV+/PNN+,129.48975747,12.84022896403991,296.31705237,19.42376350908454,1.598960280418396,True,B
158,820,2178,296.31705237,19.42376350908454,28782.0,77.16353887399464,53.83064516129032,4.2238243407361535,2.9466143288357745,2.1791840991177813,True,False,-1,PV-/PNN+,0.0,0.0,296.31705237,19.42376350908454,2.047424554824829,True,B
159,647,2300,296.31705237,19.42376350908454,15703.0,42.09919571045577,28.39516129032258,2.3044511716551948,1.5543114684390653,1.451086994959636,True,False,-1,PV-/PNN+,0.0,0.0,296.31705237,19.42376350908454,0.19658203423023224,True,A
160,1000,2137,296.31705237,19.42376350908454,16309.0,43.72386058981233,24.201612903225808,2.393383057920434,1.3247624870166532,1.653141123382304,True,True,441,PV+/PNN+,96.91871418,11.10858854755457,296.31705237,19.42376350908454,0.06688059866428375,True,B
161,1021,1972,296.31705237,19.42376350908454,13235.0,35.48257372654155,29.048387096774192,1.942266525941317,1.590068136699095,2.5619059000321243,True,True,449,PV+/PNN+,235.14704424,17.303136003451996,296.31705237,19.42376350908454,0.8007422089576721,True,B
162,896,1901,296.31705237,19.42376350908454,15767.0,42.270777479892764,53.17741935483871,2.3138433180594444,2.910857660575745,1.815614348290895,True,False,-1,PV-/PNN+,0.0,0.0,296.31705237,19.42376350908454,0.552567720413208,True,B
163,1051,1917,296.31705237,19.42376350908454,16645.0,44.624664879356565,39.056451612903224,2.4426918265427444,2.13789560967066,1.0472979389490906,True,False,-1,PV-/PNN+,0.0,0.0,296.31705237,19.42376350908454,1.7577162981033325,True,B
164,750,2480,296.31705237,19.42376350908454,22889.0,61.36461126005362,55.653225806451616,3.3590131101073526,3.0463798476847463,2.3876222442362685,True,True,291,PV+/PNN+,202.57600095,16.06012998776311,296.31705237,19.42376350908454,3.014448404312134,True,A
165,913,2798,296.31705237,19.42376350908454,54892.0,147.16353887399464,119.80645161290323,8.055526569094884,6.558037823098767,2.469656858777541,True,True,403,PV+/PNN+,88.97455728,10.643586087602236,296.31705237,19.42376350908454,2.283949613571167,False,NONE
166,767,2637,296.31705237,19.42376350908454,53741.0,144.07774798927613,107.99193548387096,7.886614686105956,5.911327711976008,2.0163916733744,True,True,300,PV+/PNN+,170.79937335,14.746813769937054,296.31705237,19.42376350908454,2.6185245513916016,False,NONE
167,987,2527,296.31705237,19.42376350908454,12752.0,34.187667560321714,25.161290322580644,1.8713851710467453,1.3772938885344743,2.0049004433219255,True,True,431,PV+/PNN+,227.99730303,17.038051012682235,296.31705237,19.42376350908454,0.7428950071334839,True,A
168,1074,2780,296.31705237,19.42376350908454,48508.0,130.04825737265415,120.30645161290323,7.118659965270979,6.5854071247299,1.9943668157738241,True,True,479,PV+/PNN+,192.24859698,15.645399198959066,296.31705237,19.42376350908454,1.683026909828186,False,NONE
169,699,2651,296.31705237,19.42376350908454,21932.0,58.79892761394102,52.37096774193548,3.2185711709063067,2.866713625686819,2.7818352752030853,True,True,253,PV+/PNN+,175.56586749,14.951167352217066,296.31705237,19.42376350908454,2.390195846557617,False,NONE
170,961,2790,296.31705237,19.42376350908454,30300.0,81.23324396782841,65.37903225806451,4.44659431326195,3.578756908445187,2.743850375862963,True,True,421,PV+/PNN+,134.25625161,13.074416571218995,296.31705237,19.42376350908454,2.500943422317505,False,NONE
171,1115,2812,296.31705237,19.42376350908454,44721.0,119.89544235924933,116.01612903225806,6.562909052257019,6.350560859120817,2.3924102567581325,True,True,499,PV+/PNN+,200.98716957,15.99702510721652,296.31705237,19.42376350908454,2.5571467876434326,False,NONE
172,813,2806,296.31705237,19.42376350908454,50198.0,134.57908847184987,125.79838709677419,7.366671331258197,6.886028002323482,1.9688307489905486,True,False,-1,PV-/PNN+,0.0,0.0,296.31705237,19.42376350908454,2.2043349742889404,False,NONE
173,693,2712,296.31705237,19.42376350908454,62384.0,167.24932975871315,121.89516129032258,9.15499470754236,6.672370873461083,1.5359944170140274,True,False,-1,PV-/PNN+,0.0,0.0,296.31705237,19.42376350908454,1.4005926847457886,False,NONE
174,1036,2782,296.31705237,19.42376350908454,31938.0,85.62466487935657,59.62903225806452,4.686974560295715,3.2640099396871487,1.6330314707904745,True,True,454,PV+/PNN+,155.70547524,14.080140922851225,296.31705237,19.42376350908454,1.1137081384658813,False,NONE
175,901,2665,296.31705237,19.42376350908454,17610.0,47.211796246648795,47.556451612903224,2.5843077840443214,2.6031737373999344,1.9474442930595552,True,True,396,PV+/PNN+,113.60144367,12.026714032504806,296.31705237,19.42376350908454,0.3254329264163971,False,NONE
176,981,2647,296.31705237,19.42376350908454,10571.0,28.34048257372654,23.032258064516128,1.5513184318644249,1.260753636427711,2.489766511369371,True,True,428,PV+/PNN+,220.05314613000002,16.73858917579679,296.31705237,19.42376350908454,0.24033686518669128,False,NONE
177,1147,2811,296.31705237,19.42376350908454,46744.0,125.31903485254692,94.43548387096774,6.859788930003848,5.169266485493171,2.0974686854113,True,False,-1,PV-/PNN+,0.0,0.0,296.31705237,19.42376350908454,1.3378797769546509,False,NONE
178,841,2648,296.31705237,19.42376350908454,13901.0,37.26809651474531,31.056451612903224,2.04000354946054,1.6999867835725193,2.6174468452857487,True,True,352,PV+/PNN+,155.70547524,14.080140922851225,296.31705237,19.42376350908454,1.026047706604004,False,NONE
179,1107,2738,296.31705237,19.42376350908454,18024.0,48.32171581769437,42.36290322580645,2.6450632310968114,2.3188861527152542,1.6094106090159448,True,True,494,PV+/PNN+,143.78923989,13.53063732184699,296.31705237,19.42376350908454,0.09158588945865631,False,NONE
180,853,2846,296.31705237,19.42376350908454,50708.0,135.94638069705093,121.70967741935483,7.441514997917061,6.66221774543663,2.1989745508748197,True,False,-1,PV-/PNN+,0.0,0.0,296.31705237,19.42376350908454,1.5448569059371948,False,NONE
181,809,2482,296.31705237,19.42376350908454,15552.0,41.69436997319035,40.32258064516129,2.282291576232668,2.207201744446273,1.4226781206632417,True,False,-1,PV-/PNN+,0.0,0.0,296.31705237,19.42376350908454,0.8775076866149902,True,A
182,1004,2836,296.31705237,19.42376350908454,43532.0,116.70777479892762,103.55645161290323,6.388420582340568,5.668535520086919,3.595478203085204,True,True,445,PV+/PNN+,239.11912269,17.448665361891926,296.31705237,19.42376350908454,1.542204737663269,False,NONE
183,990,2591,296.31705237,19.42376350908454,10950.0,29.35656836461126,28.096774193548388,1.606937548852091,1.5379781755301631,1.2656313099460967,True,False,-1,PV-/PNN+,0.0,0.0,296.31705237,19.42376350908454,0.2822040915489197,False,NONE
184,1373,445,296.31705237,19.42376350908454,59109.0,158.46916890080428,137.78225806451613,8.674380965762396,7.542008360772915,1.7457093654716782,True,False,-1,PV-/PNN+,0.0,0.0,296.31705237,19.42376350908454,3.196831226348877,False,NONE
185,1720,88,296.31705237,19.42376350908454,54065.0,144.94638069705093,107.79032258064517,7.934162427277469,5.900291703253777,2.163543258213025,True,True,674,PV+/PNN+,200.98716957,15.99702510721652,296.31705237,19.42376350908454,2.717956781387329,False,NONE
186,1473,364,296.31705237,19.42376350908454,60840.0,163.10991957104557,153.6451612903226,8.928409175539835,8.410321527038079,2.2535578936240714,True,True,639,PV+/PNN+,204.95924802,16.154325106244645,296.31705237,19.42376350908454,2.5875461101531982,False,NONE
187,1591,331,296.31705237,19.42376350908454,55400.0,148.5254691689008,126.45967741935483,8.130076731178615,6.922226110932401,1.9576587197728657,True,False,-1,PV-/PNN+,0.0,0.0,296.31705237,19.42376350908454,2.349323034286499,False,NONE
188,1637,23,296.31705237,19.42376350908454,59312.0,159.01340482573727,123.38709677419355,8.704171680138376,6.754037338005595,1.775395043107236,True,False,-1,PV-/PNN+,0.0,0.0,296.31705237,19.42376350908454,1.8727749586105347,False,NONE
189,1691,130,296.31705237,19.42376350908454,38931.0,104.37265415549598,96.61290322580645,5.713213307247557,5.28845537969327,2.2752635503898557,True,True,669,PV+/PNN+,170.00495766,14.712478883374446,296.31705237,19.42376350908454,1.6931673288345337,False,NONE
190,1310,70,296.31705237,19.42376350908454,44568.0,119.48525469168901,87.75,6.540455952259359,4.80331243626398,1.6157946257117635,True,False,-1,PV-/PNN+,0.0,0.0,296.31705237,19.42376350908454,1.8252202272415161,False,NONE
191,1271,349,296.31705237,19.42376350908454,53564.0,143.60321715817693,96.65322580645162,7.860639531206703,5.290662581437717,2.06714460610616,True,False,-1,PV-/PNN+,0.0,0.0,296.31705237,19.42376350908454,1.8858438730239868,False,NONE
192,1450,508,296.31705237,19.42376350908454,31390.0,84.15549597855228,50.28225806451613,4.606554306709327,2.7523805753245023,1.9362722638418723,True,True,634,PV+/PNN+,209.72574216,16.34108651427568,296.31705237,19.42376350908454,2.31563401222229,False,NONE
193,1328,179,296.31705237,19.42376350908454,43752.0,117.2975871313673,111.75806451612904,6.420706085605176,6.117480354907291,1.635585077468802,True,False,-1,PV-/PNN+,0.0,0.0,296.31705237,19.42376350908454,2.618974447250366,False,NONE
194,1584,558,296.31705237,19.42376350908454,10415.0,27.92225201072386,22.508064516129032,1.5284250750040662,1.2320600137499096,1.6643131525999872,True,True,657,PV+/PNN+,174.7714518,14.917302830020427,296.31705237,19.42376350908454,0.18240264058113098,False,NONE
195,1260,201,296.31705237,19.42376350908454,54695.0,146.6353887399464,96.73387096774194,8.026616368444303,5.295076984926609,1.7524125830022879,True,False,-1,PV-/PNN+,0.0,0.0,296.31705237,19.42376350908454,1.365721344947815,False,NONE
196,1474,256,296.31705237,19.42376350908454,50742.0,136.03753351206436,109.86290322580645,7.44650457569432,6.013741872918315,1.9576587197728657,True,False,-1,PV-/PNN+,0.0,0.0,296.31705237,19.42376350908454,1.9552702903747559,False,NONE
197,1365,23,296.31705237,19.42376350908454,49881.0,133.72922252010724,93.3225806451613,7.320150856099648,5.108347717346454,1.653141123382304,True,False,-1,PV-/PNN+,0.0,0.0,296.31705237,19.42376350908454,1.17856764793396,False,NONE
198,1305,327,296.31705237,19.42376350908454,33323.0,89.33780160857908,61.016129032258064,4.89022647857518,3.3399376796961002,2.397198269279997,True,True,595,PV+/PNN+,162.85521645,14.399781305649903,296.31705237,19.42376350908454,1.9392116069793701,False,NONE
199,1446,172,296.31705237,19.42376350908454,38562.0,103.38337801608579,83.46774193548387,5.6590617131355545,4.568907611003786,1.9487210963987192,True,False,-1,PV-/PNN+,0.0,0.0,296.31705237,19.42376350908454,0.9576138257980347,False,NONE
200,1500,396,296.31705237,19.42376350908454,33310.0,89.3029490616622,64.91935483870968,4.888318698836818,3.5535948085584996,1.6451611025125306,True,False,-1,PV-/PNN+,0.0,0.0,296.31705237,19.42376350908454,1.1032767295837402,False,NONE
201,1552,323,296.31705237,19.42376350908454,42928.0,115.08847184986595,103.48387096774194,6.299782200650462,5.664562556946915,2.2685603328592463,True,True,651,PV+/PNN+,263.74600908,18.3251698089468,296.31705237,19.42376350908454,2.3731884956359863,False,NONE
202,1491,19,296.31705237,19.42376350908454,39551.0,106.0348525469169,126.64516129032258,5.804199725538726,6.932379238956854,2.2312138351887056,True,False,-1,PV-/PNN+,0.0,0.0,296.31705237,19.42376350908454,1.0343683958053589,False,NONE
203,1249,80,296.31705237,19.42376350908454,37567.0,100.71581769436997,56.806451612903224,5.5130431870069865,3.109505817575909,1.5146079610830339,True,False,-1,PV-/PNN+,0.0,0.0,296.31705237,19.42376350908454,1.4455262422561646,False,NONE
204,1364,261,296.31705237,19.42376350908454,73753.0,197.72922252010724,184.58064516129033,10.823421464884772,10.10368670537726,2.287073981277121,True,False,-1,PV-/PNN+,0.0,0.0,296.31705237,19.42376350908454,2.5959765911102295,False,NONE
205,1253,123,296.31705237,19.42376350908454,39333.0,105.45040214477211,93.25806451612904,5.77220772684925,5.10481619455534,1.6167522282161364,True,False,-1,PV-/PNN+,0.0,0.0,296.31705237,19.42376350908454,2.351793050765991,False,NONE
206,1416,186,296.31705237,19.42376350908454,32829.0,88.01340482573727,80.39516129032258,4.817730848517378,4.400718838076979,2.5660555108844068,True,True,626,PV+/PNN+,172.38820473,14.815244827816286,296.31705237,19.42376350908454,1.7449270486831665,False,NONE
207,1569,94,296.31705237,19.42376350908454,35909.0,96.27077747989276,81.03225806451613,5.2697278942218935,4.43559262563923,2.2723907428767376,True,True,656,PV+/PNN+,169.21054197,14.678063680958498,296.31705237,19.42376350908454,1.6017873287200928,False,NONE
208,1284,88,296.31705237,19.42376350908454,36382.0,97.53887399463807,72.29838709677419,5.3391417262408005,3.9575127277921673,1.5797249313803867,True,False,-1,PV-/PNN+,0.0,0.0,296.31705237,19.42376350908454,0.4101545512676239,False,NONE
209,1235,407,296.31705237,19.42376350908454,28905.0,77.49329758713137,63.483870967741936,4.241874872106821,3.475018426456212,2.356340562426756,True,True,563,PV+/PNN+,82.61923176,10.25641618853639,296.31705237,19.42376350908454,1.3401366472244263,False,NONE
210,1401,512,296.31705237,19.42376350908454,24144.0,64.72922252010724,58.475806451612904,3.543187231003186,3.200883969795985,2.332719700652226,True,True,622,PV+/PNN+,268.51250322,18.490017235133443,296.31705237,19.42376350908454,1.4080160856246948,False,NONE
211,1379,492,296.31705237,19.42376350908454,29796.0,79.88203753351206,54.66935483870968,4.372631160328484,2.9925241251202572,2.5440306532838317,True,True,616,PV+/PNN+,184.30444008,15.318736938146314,296.31705237,19.42376350908454,0.5558521747589111,False,NONE
212,1354,116,296.31705237,19.42376350908454,30990.0,83.08310991957104,60.29032258064516,4.547853391682767,3.300208048296067,1.9806411798778139,True,False,-1,PV-/PNN+,0.0,0.0,296.31705237,19.42376350908454,0.6640673279762268,False,NONE
213,1339,358,296.31705237,19.42376350908454,24567.0,65.8632707774799,57.25806451612903,3.6052634486437736,3.1342264771137076,2.048950158523076,True,True,608,PV+/PNN+,89.76897297000001,10.690996505268624,296.31705237,19.42376350908454,0.5447003841400146,False,NONE
214,1377,97,296.31705237,19.42376350908454,27551.0,73.8632707774799,54.483870967741936,4.043172274741914,2.982370997095804,1.8287015825173238,True,False,-1,PV-/PNN+,0.0,0.0,296.31705237,19.42376350908454,0.7397966980934143,False,NONE
215,1275,227,296.31705237,19.42376350908454,33623.0,90.14209115281501,68.20967741935483,4.934252164845101,3.7337024709053153,1.4421493715854896,True,False,-1,PV-/PNN+,0.0,0.0,296.31705237,19.42376350908454,1.3939117193222046,False,NONE
216,1338,478,296.31705237,19.42376350908454,29187.0,78.24932975871313,63.104838709677416,4.283259017200545,3.454270730058417,1.6556947300606315,True,False,-1,PV-/PNN+,0.0,0.0,296.31705237,19.42376350908454,0.4741375744342804,False,NONE
217,1466,336,296.31705237,19.42376350908454,46007.0,123.343163538874,116.3225806451613,6.751632494067411,6.367335592378609,2.92196444167631,True,True,637,PV+/PNN+,204.95924802,16.154325106244645,296.31705237,19.42376350908454,0.6008678674697876,False,NONE
218,1248,154,296.31705237,19.42376350908454,23692.0,63.51742627345845,52.54032258064516,3.4768551970231725,2.8759838730134937,1.8922225486407218,True,True,569,PV+/PNN+,94.53546711,10.971157418634661,296.31705237,19.42376350908454,1.771462082862854,False,NONE
219,1561,211,296.31705237,19.42376350908454,33756.0,90.49865951742628,56.25806451612903,4.953770219091432,3.07948787385144,1.8657288793530733,True,False,-1,PV-/PNN+,0.0,0.0,296.31705237,19.42376350908454,0.959254264831543,False,NONE
220,1594,245,296.31705237,19.42376350908454,17644.0,47.3029490616622,52.88709677419355,2.589297361821579,2.8949658080157317,1.683146001852653,True,False,-1,PV-/PNN+,0.0,0.0,296.31705237,19.42376350908454,0.905267059803009,False,NONE
221,1240,1044,296.31705237,19.42376350908454,24363.0,65.31635388739946,60.314516129032256,3.575325981980227,3.301532369342735,1.8928609503103038,True,True,562,PV+/PNN+,222.4363932,16.828987254451757,296.31705237,19.42376350908454,2.063455581665039,True,C
222,1250,968,296.31705237,19.42376350908454,29144.0,78.13404825737265,66.10483870967742,4.276948668835191,3.6184865398452204,2.181099304126527,True,True,567,PV+/PNN+,318.56069169,20.139614446604835,296.31705237,19.42376350908454,2.1000821590423584,False,NONE
223,1240,1104,296.31705237,19.42376350908454,16867.0,45.21983914209115,45.07258064516129,2.4752708343824854,2.467210109942044,2.132580777238304,True,True,564,PV+/PNN+,220.84756182,16.76877601578504,296.31705237,19.42376350908454,1.4097121953964233,True,C
224,1245,830,296.31705237,19.42376350908454,45783.0,122.74262734584451,105.9758064516129,6.718759981652537,5.800967624753694,1.7048516586184372,True,False,-1,PV-/PNN+,0.0,0.0,296.31705237,19.42376350908454,1.8726365566253662,False,NONE
225,1403,865,296.31705237,19.42376350908454,10132.0,27.16353887399464,19.733870967741936,1.4868941776227749,1.080204533732006,1.6655899559391512,True,True,619,PV+/PNN+,236.73587562,17.361494132040853,296.31705237,19.42376350908454,0.6159723997116089,False,NONE
226,1323,717,296.31705237,19.42376350908454,24802.0,66.49329758713137,45.645161290322584,3.6397502362218774,2.498552374713181,2.021818087565846,True,True,606,PV+/PNN+,157.29430662000001,14.151796046802042,296.31705237,19.42376350908454,2.590810775756836,False,NONE
227,1250,1146,296.31705237,19.42376350908454,13725.0,36.79624664879356,27.370967741935484,2.0141751468488533,1.49824854413013,2.1954633416921197,True,True,568,PV+/PNN+,162.06080076,14.364616952048472,296.31705237,19.42376350908454,1.6446110010147095,True,C
228,1263,857,296.31705237,19.42376350908454,47058.0,126.16085790884719,83.26612903225806,6.905869148299698,4.557871602281554,1.6809115960091163,True,False,-1,PV-/PNN+,0.0,0.0,296.31705237,19.42376350908454,1.8410261869430542,False,NONE
229,1298,655,296.31705237,19.42376350908454,29111.0,78.0455764075067,75.12903225806451,4.272105843345499,4.112458290252295,2.163543258213025,True,True,590,PV+/PNN+,192.24859698,15.645399198959066,296.31705237,19.42376350908454,1.856475591659546,False,NONE
230,1459,702,296.31705237,19.42376350908454,10767.0,28.865951742627345,25.903225806451612,1.5800818802274395,1.4179064006322857,1.9136090045717153,True,True,636,PV+/PNN+,228.79171872,17.067708217046253,296.31705237,19.42376350908454,1.0884329080581665,False,NONE
231,1216,909,296.31705237,19.42376350908454,16762.0,44.938337801608576,37.21774193548387,2.4598618441880133,2.03724721012391,1.822636766656296,True,True,549,PV+/PNN+,171.59378904,14.781068900342463,296.31705237,19.42376350908454,0.46291542053222656,False,NONE
232,1321,851,296.31705237,19.42376350908454,10348.0,27.742627345844504,20.04032258064516,1.5185926717371174,1.0969792669897975,2.1795032999525725,True,True,602,PV+/PNN+,194.63184405,15.742076118135982,296.31705237,19.42376350908454,0.17671296000480652,False,NONE
233,1294,773,296.31705237,19.42376350908454,10167.0,27.257372654155496,20.274193548387096,1.4920305076875988,1.109781037107586,2.204720165901057,True,True,588,PV+/PNN+,142.20040851,13.455674765407588,296.31705237,19.42376350908454,0.14031150937080383,False,NONE
234,1325,1652,296.31705237,19.42376350908454,9025.0,24.195710455764075,20.18548387096774,1.324439395286769,1.104925193269804,1.9238234312850255,True,True,607,PV+/PNN+,251.03535804,17.87814713507186,296.31705237,19.42376350908454,1.2743765115737915,False,NONE
235,1600,2266,296.31705237,19.42376350908454,30256.0,81.11528150134048,82.94354838709677,4.440137212609028,4.540213988325983,2.3336773031565987,True,True,658,PV+/PNN+,499.68746901000003,25.223438416523592,296.31705237,19.42376350908454,1.9246854782104492,False,NONE
236,1683,2573,296.31705237,19.42376350908454,34073.0,91.3485254691689,72.11290322580645,5.000290694249982,3.9473595997677147,1.6285626591034013,True,False,-1,PV-/PNN+,0.0,0.0,296.31705237,19.42376350908454,1.7666398286819458,False,NONE
237,1244,2773,296.31705237,19.42376350908454,59701.0,160.05630026809652,144.31451612903226,8.761258320001707,7.899575043373211,1.8829657244317846,True,False,-1,PV-/PNN+,0.0,0.0,296.31705237,19.42376350908454,1.3611687421798706,False,NONE
238,1256,2551,296.31705237,19.42376350908454,10545.0,28.27077747989276,19.096774193548388,1.5475028723876985,1.045330746169755,1.5736601155193588,True,True,573,PV+/PNN+,142.9948242,13.493208101259413,296.31705237,19.42376350908454,1.4541901350021362,False,NONE
239,1262,2664,296.31705237,19.42376350908454,45460.0,121.87667560321715,80.54838709677419,6.671358992768589,4.409106204705875,1.7613502063764346,True,True,577,PV+/PNN+,139.02274575,13.304482609502795,296.31705237,19.42376350908454,2.8811898231506348,False,NONE
240,1394,2834,296.31705237,19.42376350908454,65151.0,174.66756032171583,167.78225806451613,9.561058287238591,9.184166458640941,1.6633555500956143,True,False,-1,PV-/PNN+,0.0,0.0,296.31705237,19.42376350908454,1.7011607885360718,False,NONE
241,1305,2748,296.31705237,19.42376350908454,48744.0,130.6809651474531,91.95967741935483,7.15329350513665,5.03374429838417,1.5592960779537661,True,False,-1,PV-/PNN+,0.0,0.0,296.31705237,19.42376350908454,0.8301552534103394,False,NONE
242,1715,2470,296.31705237,19.42376350908454,17943.0,48.10455764075067,47.016129032258064,2.633176295803933,2.5735972340243545,1.6110066131898995,True,True,675,PV+/PNN+,314.58861324000003,20.0136619013254,296.31705237,19.42376350908454,0.7642362117767334,False,NONE
243,1219,2816,296.31705237,19.42376350908454,28188.0,75.57104557640751,73.44354838709677,4.136653481921711,4.020197257334441,2.0486309576882853,True,False,-1,PV-/PNN+,0.0,0.0,296.31705237,19.42376350908454,0.7313684225082397,False,NONE
244,1833,24,296.31705237,19.42376350908454,38204.0,102.42359249329759,82.33870967741936,5.606524394186784,4.50710596215929,1.879135314414293,True,True,701,PV+/PNN+,177.94911456,15.05230379737267,296.31705237,19.42376350908454,2.2775826454162598,False,NONE
245,1889,77,296.31705237,19.42376350908454,11118.0,29.80697050938338,19.806451612903224,1.6315919331632462,1.0841774968720093,1.5331216095009088,True,False,-1,PV-/PNN+,0.0,0.0,296.31705237,19.42376350908454,0.7180967330932617,False,NONE
246,1869,2392,296.31705237,19.42376350908454,28196.0,75.59249329758713,45.62096774193548,4.137827500222242,2.4972280536665132,1.682507600183071,True,False,-1,PV-/PNN+,0.0,0.0,296.31705237,19.42376350908454,2.004117488861084,False,NONE
247,1916,2558,296.31705237,19.42376350908454,46441.0,124.50670241286863,127.95967741935483,6.815322986871228,7.004334015825802,1.7878438756640829,True,False,-1,PV-/PNN+,0.0,0.0,296.31705237,19.42376350908454,2.74662446975708,False,NONE
248,1826,2682,296.31705237,19.42376350908454,15782.0,42.310991957104555,27.669354838709676,2.31604460237294,1.5145818370390325,1.3269178702259583,True,True,699,PV+/PNN+,132.66742023,12.996822909266468,296.31705237,19.42376350908454,1.0976840257644653,False,NONE
249,1916,2384,296.31705237,19.42376350908454,10151.0,27.214477211796247,27.919354838709676,1.4896824710865364,1.5282664878545993,2.06044138857555,True,False,-1,PV-/PNN+,0.0,0.0,296.31705237,19.42376350908454,0.11550042033195496,False,NONE
250,1765,2397,296.31705237,19.42376350908454,45390.0,121.68900804289544,126.95161290322581,6.6610863326389405,6.949153972214646,1.875304904396802,True,True,689,PV+/PNN+,265.33484046,18.380283226045986,296.31705237,19.42376350908454,3.906017780303955,False,NONE
251,1191,400,296.31705237,19.42376350908454,38992.0,104.53619302949062,93.11290322580645,5.722165196789108,5.0968702682753335,1.8701976910401468,True,False,-1,PV-/PNN+,0.0,0.0,296.31705237,19.42376350908454,1.9583017826080322,False,NONE
252,1159,1399,296.31705237,19.42376350908454,45969.0,123.24128686327077,88.12903225806451,6.746055907139887,4.824060132661774,2.007454050000253,True,True,524,PV+/PNN+,212.10898923,16.4336713147562,296.31705237,19.42376350908454,2.3733713626861572,True,C
253,613,2134,296.31705237,19.42376350908454,23912.0,64.10723860589812,53.29838709677419,3.50914070028778,2.917479265809084,2.437736775298447,True,True,186,PV+/PNN+,196.22067543,15.806198893222852,296.31705237,19.42376350908454,1.7785933017730713,True,B
254,1427,612,296.31705237,19.42376350908454,20309.0,54.447721179624665,49.056451612903224,2.980392208186038,2.6852816422933357,2.064910200262623,True,True,631,PV+/PNN+,203.37041664,16.091589626115688,296.31705237,19.42376350908454,3.19700288772583,False,NONE
255,1008,631,296.31705237,19.42376350908454,35879.0,96.19034852546918,69.0725806451613,5.265325325594902,3.780936588236466,1.3725635896010635,True,False,-1,PV-/PNN+,0.0,0.0,296.31705237,19.42376350908454,1.7965693473815918,False,NONE
256,1757,2520,296.31705237,19.42376350908454,36822.0,98.71849865951742,91.08064516129032,5.403712732770017,4.985627300355241,1.5411016303706824,True,True,683,PV+/PNN+,241.50236976,17.53540325529143,296.31705237,19.42376350908454,1.2814229726791382,False,NONE
257,749,576,296.31705237,19.42376350908454,37844.0,101.45844504021447,85.36290322580645,5.553693570662879,4.67264609299276,2.8252465887346543,True,True,285,PV+/PNN+,221.64197751,16.798908611544785,296.31705237,19.42376350908454,1.7670063972473145,False,NONE
258,611,1184,296.31705237,19.42376350908454,69544.0,186.44504021447722,168.51612903225808,10.205741086517792,9.224337530389866,3.9338310879636063,True,True,185,PV+/PNN+,193.04301267,15.67769107892661,296.31705237,19.42376350908454,1.4228161573410034,True,C
259,424,2324,296.31705237,19.42376350908454,12905.0,34.597855227882036,23.862903225806452,1.8938382710444048,1.3062219923633045,2.3177172614170516,True,True,70,PV+/PNN+,138.22833006,13.266415342325756,296.31705237,19.42376350908454,1.438015103340149,True,A
260,577,2515,296.31705237,19.42376350908454,16540.0,44.343163538873995,38.86290322580645,2.4272828363482724,2.1273010412973177,2.3059068305297865,True,True,165,PV+/PNN+,190.65976560000001,15.580614658987523,296.31705237,19.42376350908454,2.8417749404907227,True,A
261,599,2093,296.31705237,19.42376350908454,20918.0,56.080428954423596,42.62096774193548,3.0697643513139763,2.3330122438797103,2.1367303880905855,True,True,174,PV+/PNN+,220.84756182,16.76877601578504,296.31705237,19.42376350908454,1.2539098262786865,True,B
262,484,2349,296.31705237,19.42376350908454,15458.0,41.44235924932976,30.120967741935484,2.268496861201427,1.648779703101366,1.6697395667914332,True,True,116,PV+/PNN+,127.1065104,12.721518597815718,296.31705237,19.42376350908454,1.156957983970642,True,A
263,1757,2763,296.31705237,19.42376350908454,43091.0,115.5254691689008,78.80645161290323,6.323702823523785,4.313755089345796,1.6729315751393428,True,True,686,PV+/PNN+,97.71312987,11.154022637162193,296.31705237,19.42376350908454,1.366174578666687,False,NONE
264,523,615,296.31705237,19.42376350908454,6027.0,16.158176943699733,14.443548387096774,0.8844760371626988,0.7906196648606549,2.460400034568604,True,True,137,PV+/PNN+,165.23846352,14.504762875171128,296.31705237,19.42376350908454,0.775604248046875,False,NONE
265,610,2627,296.31705237,19.42376350908454,35023.0,93.89544235924933,87.87903225806451,5.139705367438062,4.810375481846207,2.9443085001116764,True,True,183,PV+/PNN+,231.17496579000002,17.156372232981727,296.31705237,19.42376350908454,2.789095640182495,False,NONE
266,725,1771,296.31705237,19.42376350908454,46554.0,124.80965147453082,136.79032258064515,6.831905995366231,7.487711197859536,2.68862863144413,True,True,274,PV+/PNN+,222.4363932,16.828987254451757,296.31705237,19.42376350908454,2.6816718578338623,False,NONE
267,1898,2352,296.31705237,19.42376350908454,33451.0,89.68096514745308,95.8225806451613,4.909010771383679,5.245194225502123,2.037139727635811,True,False,-1,PV-/PNN+,0.0,0.0,296.31705237,19.42376350908454,2.907090425491333,False,NONE
268,618,1742,296.31705237,19.42376350908454,25072.0,67.2171581769437,55.766129032258064,3.6793733538648055,3.0525600125691956,2.417307921871826,True,False,-1,PV-/PNN+,0.0,0.0,296.31705237,19.42376350908454,2.6396896839141846,False,NONE
269,581,1398,296.31705237,19.42376350908454,54578.0,146.32171581769438,129.7016129032258,8.009446350799035,7.099685131185881,3.596755006424368,True,True,167,PV+/PNN+,178.74353025,15.085865274483455,296.31705237,19.42376350908454,2.536668539047241,True,C
270,607,1933,296.31705237,19.42376350908454,31788.0,85.22252010723861,62.53225806451613,4.664961717160755,3.42292846528728,2.1945057391877465,True,True,182,PV+/PNN+,123.92884764,12.56149312576761,296.31705237,19.42376350908454,2.288090229034424,True,B
271,1178,1131,296.31705237,19.42376350908454,22577.0,60.52815013404826,52.774193548387096,3.3132263963866353,2.888785643131282,2.993465428669482,True,True,529,PV+/PNN+,167.62171059,14.608990056788347,296.31705237,19.42376350908454,2.11918044090271,True,C
272,1344,587,296.31705237,19.42376350908454,28361.0,76.0348525469169,59.32258064516129,4.162041627670699,3.2472352064293566,2.3576173657659196,True,True,609,PV+/PNN+,158.883138,14.223090180871878,296.31705237,19.42376350908454,2.3521928787231445,False,NONE
273,1209,581,296.31705237,19.42376350908454,52104.0,139.68900804289544,106.88709677419355,7.646381191359757,5.85085038417818,1.9053097828671504,True,False,-1,PV-/PNN+,0.0,0.0,296.31705237,19.42376350908454,2.275343656539917,False,NONE
274,608,2718,296.31705237,19.42376350908454,37447.0,100.3941018766756,97.39516129032258,5.495432912499018,5.3312750935355275,2.0511845643666122,True,True,184,PV+/PNN+,141.40599282,13.418036440588484,296.31705237,19.42376350908454,1.70698082447052,False,NONE
275,1159,2761,296.31705237,19.42376350908454,26396.0,70.76675603217159,65.34677419354838,3.8736733826027208,3.57699114704963,2.110875120472519,True,True,526,PV+/PNN+,170.79937335,14.746813769937054,296.31705237,19.42376350908454,2.001189947128296,False,NONE
276,526,2337,296.31705237,19.42376350908454,11656.0,31.249329758713138,23.951612903225808,1.71054466387397,1.3110778362010862,2.4358215702897015,True,True,141,PV+/PNN+,153.32222817,13.97196922387648,296.31705237,19.42376350908454,1.0101344585418701,True,A
277,1782,2286,296.31705237,19.42376350908454,9908.0,26.56300268096515,29.362903225806452,1.454021665207901,1.6072843103057761,2.2944156004773126,True,True,693,PV+/PNN+,285.9896484,19.08227789672358,296.31705237,19.42376350908454,0.6693339347839355,False,NONE
278,1030,1762,296.31705237,19.42376350908454,20141.0,53.997319034852545,42.16129032258065,2.955737823874882,2.307850143993023,1.5905777597632789,True,False,-1,PV-/PNN+,0.0,0.0,296.31705237,19.42376350908454,1.4402953386306763,True,C
279,386,1753,296.31705237,19.42376350908454,19742.0,52.92761394101877,51.266129032258064,2.8971836611358888,2.8062362978889914,3.1019937124984036,True,True,58,PV+/PNN+,153.32222817,13.97196922387648,296.31705237,19.42376350908454,0.993119478225708,True,B
280,1170,2056,296.31705237,19.42376350908454,10005.0,26.823056300268096,24.911290322580644,1.468256637101842,1.3636092377189075,1.0820908299413035,True,False,-1,PV-/PNN+,0.0,0.0,296.31705237,19.42376350908454,0.9183642864227295,False,NONE
281,704,588,296.31705237,19.42376350908454,22225.0,59.584450402144775,41.88709677419355,3.261569591163262,2.2928411721307884,2.0349053217922743,True,True,256,PV+/PNN+,143.78923989,13.53063732184699,296.31705237,19.42376350908454,1.3918784856796265,False,NONE
282,850,635,296.31705237,19.42376350908454,40058.0,107.3941018766756,75.62096774193549,5.878603135334891,4.1393861515345405,2.3474029390526097,True,True,358,PV+/PNN+,139.81716144,13.342441267550267,296.31705237,19.42376350908454,1.1463230848312378,False,NONE
283,655,1204,296.31705237,19.42376350908454,72960.0,195.60321715817693,155.70967741935485,10.707046900844617,8.523330256353729,2.431671959437419,True,True,223,PV+/PNN+,171.59378904,14.781068900342463,296.31705237,19.42376350908454,1.6026026010513306,True,C
284,1183,260,296.31705237,19.42376350908454,25030.0,67.10455764075067,55.99193548387097,3.673209757787017,3.0649203423380946,2.0984262879156725,True,True,535,PV+/PNN+,177.15469887,15.0186673222671,296.31705237,19.42376350908454,0.9425391554832458,False,NONE
285,619,1022,296.31705237,19.42376350908454,13223.0,35.45040214477212,31.612903225806452,1.9405054984905206,1.730446167645878,1.7910358840119924,True,True,198,PV+/PNN+,212.90340492,16.464417218744998,296.31705237,19.42376350908454,0.15405084192752838,True,C
286,622,2684,296.31705237,19.42376350908454,36083.0,96.7372654155496,70.41129032258064,5.295262792258447,3.8542156861520818,2.9985726420261374,True,True,196,PV+/PNN+,142.9948242,13.493208101259413,296.31705237,19.42376350908454,1.5119285583496094,False,NONE
287,1194,1213,296.31705237,19.42376350908454,23219.0,62.24932975871314,64.66129032258064,3.4074413650042645,3.539468717394043,1.8887113394580215,True,False,-1,PV-/PNN+,0.0,0.0,296.31705237,19.42376350908454,3.0906283855438232,True,C
288,1754,2627,296.31705237,19.42376350908454,12237.0,32.806970509383376,31.903225806451612,1.7958077429500487,1.7463380202058911,1.543336036214219,True,True,681,PV+/PNN+,142.20040851,13.455674765407588,296.31705237,19.42376350908454,1.0178042650222778,False,NONE
289,1153,429,296.31705237,19.42376350908454,23187.0,62.16353887399464,53.153225806451616,3.4027452918021397,2.9095333395290774,3.726350545349492,True,True,522,PV+/PNN+,192.24859698,15.645399198959066,296.31705237,19.42376350908454,1.0942169427871704,False,NONE
290,599,2043,296.31705237,19.42376350908454,15773.0,42.28686327077748,35.78225806451613,2.314723831784843,1.9586708280216225,2.0990646895852545,True,True,175,PV+/PNN+,142.9948242,13.493208101259413,296.31705237,19.42376350908454,2.0523698329925537,True,B
291,752,1759,296.31705237,19.42376350908454,34566.0,92.67024128686327,64.51612903225806,5.072639572020217,3.5315227911140368,3.1259337751077245,True,True,293,PV+/PNN+,205.75366371,16.185601660417575,296.31705237,19.42376350908454,1.6243342161178589,False,NONE
292,1170,592,296.31705237,19.42376350908454,55552.0,148.9329758713137,81.28225806451613,8.15238307888871,4.449277276454797,1.7198540978536117,True,False,-1,PV-/PNN+,0.0,0.0,296.31705237,19.42376350908454,1.679348349571228,False,NONE
293,829,1188,296.31705237,19.42376350908454,17886.0,47.951742627345844,50.38709677419355,2.624811415412648,2.7581192998600628,2.470614461281914,True,True,336,PV+/PNN+,202.57600095,16.06012998776311,296.31705237,19.42376350908454,1.4257298707962036,True,C
294,602,2004,296.31705237,19.42376350908454,15231.0,40.833780160857906,32.45161290322581,2.2351840919238533,1.7763559639303605,2.366235788305275,True,True,178,PV+/PNN+,110.42378091,11.857315232959937,296.31705237,19.42376350908454,0.27383774518966675,True,B
295,486,1751,296.31705237,19.42376350908454,31732.0,85.07238605898124,76.15322580645162,4.656743589057037,4.168521214561231,2.048950158523076,True,True,115,PV+/PNN+,141.40599282,13.418036440588484,296.31705237,19.42376350908454,0.5224282741546631,True,B
296,1017,1171,296.31705237,19.42376350908454,13526.0,36.2627345844504,35.12903225806452,1.9849714416231397,1.9229141597615933,1.6151562240421815,True,False,-1,PV-/PNN+,0.0,0.0,296.31705237,19.42376350908454,0.41990214586257935,True,C
297,1195,1254,296.31705237,19.42376350908454,10721.0,28.742627345844504,25.161290322580644,1.573331274999385,1.3772938885344743,2.1909945300050464,True,True,539,PV+/PNN+,233.55821286,17.244580383732874,296.31705237,19.42376350908454,1.022598147392273,True,C
298,602,2456,296.31705237,19.42376350908454,11246.0,30.15013404825737,25.903225806451612,1.6503762259717454,1.4179064006322857,3.486311517586701,True,True,179,PV+/PNN+,189.07093422,15.515559616363333,296.31705237,19.42376350908454,0.6411747336387634,True,A
299,603,1455,296.31705237,19.42376350908454,38396.0,102.93833780160858,82.04838709677419,5.634700833399533,4.491214109599277,2.1277927647164394,True,False,-1,PV-/PNN+,0.0,0.0,296.31705237,19.42376350908454,0.8349141478538513,True,C
300,638,1274,296.31705237,19.42376350908454,43935.0,117.78820375335121,95.76612903225806,6.447561754229828,5.2421041430598985,2.188440923326719,True,True,210,PV+/PNN+,100.89079263,11.333937836259334,296.31705237,19.42376350908454,0.44060420989990234,True,C
301,516,1763,296.31705237,19.42376350908454,26310.0,70.53619302949062,54.91935483870968,3.8610526858720102,3.006208775935824,2.191952132509419,True,True,132,PV+/PNN+,81.82481607,10.206987389088184,296.31705237,19.42376350908454,0.35150206089019775,True,B
302,619,1594,296.31705237,19.42376350908454,14571.0,39.06434316353887,37.58870967741935,2.138327582130029,2.0575534661728154,2.654154941286708,True,False,-1,PV-/PNN+,0.0,0.0,296.31705237,19.42376350908454,1.14262056350708,True,C
303,1164,18,296.31705237,19.42376350908454,34170.0,91.60857908847186,94.19354838709677,5.014525666143922,5.156023275026493,1.6965524369138725,True,False,-1,PV-/PNN+,0.0,0.0,296.31705237,19.42376350908454,1.2249571084976196,False,NONE
304,1178,1589,296.31705237,19.42376350908454,8721.0,23.380697050938338,22.45967741935484,1.279826699866583,1.2294113716565742,1.9889404015823782,True,True,530,PV+/PNN+,213.69782061,16.495105814282397,296.31705237,19.42376350908454,0.11092466115951538,False,NONE
305,578,2634,296.31705237,19.42376350908454,15043.0,40.32975871313673,50.516129032258064,2.20759466186137,2.765182345442291,2.0920422712198534,True,True,168,PV+/PNN+,134.25625161,13.074416571218995,296.31705237,19.42376350908454,0.5234354138374329,False,NONE
306,621,496,296.31705237,19.42376350908454,11395.0,30.549597855227884,22.25,1.6722423168191394,1.2179339225854535,1.73964454961065,True,False,-1,PV-/PNN+,0.0,0.0,296.31705237,19.42376350908454,0.45200541615486145,False,NONE
307,594,2832,296.31705237,19.42376350908454,20990.0,56.27345844504021,49.983870967741936,3.0803305160187566,2.7360472824156,2.1881217224919283,True,True,177,PV+/PNN+,113.60144367,12.026714032504806,296.31705237,19.42376350908454,0.7950851917266846,False,NONE
308,622,1890,296.31705237,19.42376350908454,17355.0,46.52815013404826,41.064516129032256,2.5468859507148895,2.247814256544084,2.1645008607173977,True,False,-1,PV-/PNN+,0.0,0.0,296.31705237,19.42376350908454,0.0742490291595459,True,B
309,578,2802,296.31705237,19.42376350908454,24757.0,66.37265415549598,64.44354838709677,3.6331463832813893,3.5275498279740334,3.2983022258948345,True,True,166,PV+/PNN+,196.22067543,15.806198893222852,296.31705237,19.42376350908454,0.48910191655158997,False,NONE
310,635,1387,296.31705237,19.42376350908454,25513.0,68.39946380697052,95.85483870967742,3.744091112681589,5.24695998689768,2.5673323142235707,True,False,-1,PV-/PNN+,0.0,0.0,296.31705237,19.42376350908454,1.5505956411361694,True,C
311,459,1745,296.31705237,19.42376350908454,21404.0,57.38337801608579,52.814516129032256,3.141085963071247,2.8909928448757283,1.8181679549692227,True,False,-1,PV-/PNN+,0.0,0.0,296.31705237,19.42376350908454,0.22121788561344147,True,B
312,623,1440,296.31705237,19.42376350908454,28969.0,77.66487935656836,78.94354838709677,4.25126701851107,4.321259575276913,2.268241132024455,True,False,-1,PV-/PNN+,0.0,0.0,296.31705237,19.42376350908454,0.4357873499393463,True,C
313,700,1759,296.31705237,19.42376350908454,18797.0,50.394101876675606,47.895161290322584,2.7585027493856398,2.621714232053283,2.0448005476707936,True,False,-1,PV-/PNN+,0.0,0.0,296.31705237,19.42376350908454,0.35372039675712585,False,NONE
314,1381,627,296.31705237,19.42376350908454,20690.0,55.46916890080429,52.13709677419355,3.0363048297488366,2.8539118555690313,1.5098199485611699,True,False,-1,PV-/PNN+,0.0,0.0,296.31705237,19.42376350908454,1.1992324590682983,False,NONE
315,1167,2180,296.31705237,19.42376350908454,4187.0,11.225201072386058,12.379032258064516,0.6144518280405209,0.6776109355450058,0.8021516978296448,True,False,-1,PV-/PNN+,0.0,0.0,296.31705237,19.42376350908454,1.1033296585083008,False,NONE
316,928,1743,296.31705237,19.42376350908454,17128.0,45.919571045576404,52.88709677419355,2.513573181437316,2.8949658080157317,1.5254607894659262,True,False,-1,PV-/PNN+,0.0,0.0,296.31705237,19.42376350908454,0.1946064531803131,True,C
317,1743,2463,296.31705237,19.42376350908454,5640.0,15.120643431635388,18.733870967741936,0.8276829018745016,1.0254659304697384,1.392354041358102,True,False,-1,PV-/PNN+,0.0,0.0,296.31705237,19.42376350908454,0.05889910086989403,False,NONE
318,194,1806,96.91871418,11.108588547554572,1306.0,10.704918032786885,0.0,0.0,0.0,1.5565881036586136,False,True,2,PV+/PNN-,96.91871418,11.108588547554572,0.0,0.0,0.0,False,NONE
319,195,2091,94.53546711,10.971157418634661,2478.0,20.823529411764707,0.0,0.0,0.0,1.9980389665538985,False,True,3,PV+/PNN-,94.53546711,10.971157418634661,0.0,0.0,0.0,False,NONE
320,211,2183,112.01261229,11.942314996545514,2123.0,15.056737588652481,0.0,0.0,0.0,1.552871312215208,False,True,4,PV+/PNN-,112.01261229,11.942314996545514,0.0,0.0,0.0,False,NONE
321,219,1559,137.43391437,13.228238528376714,2475.0,14.306358381502891,0.0,0.0,0.0,1.5491812861831076,False,True,5,PV+/PNN-,137.43391437,13.228238528376714,0.0,0.0,0.0,False,NONE
322,225,2149,165.23846352,14.504762875171126,3703.0,17.802884615384617,0.0,0.0,0.0,1.7910803879745352,False,True,6,PV+/PNN-,165.23846352,14.504762875171126,0.0,0.0,0.0,False,NONE
323,237,2254,152.52781248,13.93572540349032,4885.0,25.442708333333332,0.0,0.0,0.0,2.803535944455826,False,True,7,PV+/PNN-,152.52781248,13.93572540349032,0.0,0.0,0.0,False,NONE
324,244,2510,195.42625974,15.774170088491289,5432.0,22.08130081300813,0.0,0.0,0.0,1.9049905820323596,False,True,8,PV+/PNN-,195.42625974,15.774170088491289,0.0,0.0,0.0,False,NONE
325,244,2036,136.63949868,13.189951216443678,2636.0,15.325581395348838,0.0,0.0,0.0,2.6262842544443217,False,True,10,PV+/PNN-,136.63949868,13.189951216443678,0.0,0.0,0.0,False,NONE
326,250,2383,109.62936522,11.814586030086609,1228.0,8.898550724637682,0.0,0.0,0.0,1.6073358035898035,False,True,11,PV+/PNN-,109.62936522,11.814586030086609,0.0,0.0,0.0,False,NONE
327,253,2320,146.17248696000001,13.642308849668991,2066.0,11.228260869565217,0.0,0.0,0.0,2.0214641909881426,False,True,12,PV+/PNN-,146.17248696000001,13.642308849668991,0.0,0.0,0.0,False,NONE
328,255,2278,124.72326333,12.60169000650996,1536.0,9.78343949044586,0.0,0.0,0.0,1.8352218186776712,False,True,13,PV+/PNN-,124.72326333,12.60169000650996,0.0,0.0,0.0,False,NONE
329,263,2548,147.76131834,13.716251444643651,2349.0,12.629032258064516,0.0,0.0,0.0,1.89666905059203,False,True,14,PV+/PNN-,147.76131834,13.716251444643651,0.0,0.0,0.0,False,NONE
330,267,1926,261.36276201,18.242187481558705,5035.0,15.303951367781155,0.0,0.0,0.0,3.6283122293800223,False,True,15,PV+/PNN-,261.36276201,18.242187481558705,0.0,0.0,0.0,False,NONE
331,270,2296,147.76131834,13.716251444643651,3207.0,17.241935483870968,0.0,0.0,0.0,3.070645101481596,False,True,16,PV+/PNN-,147.76131834,13.716251444643651,0.0,0.0,0.0,False,NONE
332,270,2307,62.75883951,8.93907356753593,1539.0,19.481012658227847,0.0,0.0,0.0,1.8401847315360058,False,True,17,PV+/PNN-,62.75883951,8.93907356753593,0.0,0.0,0.0,False,NONE
333,279,1407,200.98716957,15.99702510721652,7224.0,28.553359683794465,0.0,0.0,0.0,2.713952738779797,False,True,18,PV+/PNN-,200.98716957,15.99702510721652,0.0,0.0,0.0,False,NONE
334,286,1926,107.24611815,11.68546099424064,1837.0,13.607407407407408,0.0,0.0,0.0,2.8451387118687,False,True,19,PV+/PNN-,107.24611815,11.68546099424064,0.0,0.0,0.0,False,NONE
335,288,1654,126.31209471,12.681701540530954,3878.0,24.38993710691824,0.0,0.0,0.0,1.786677487708023,False,True,20,PV+/PNN-,126.31209471,12.681701540530954,0.0,0.0,0.0,False,NONE
336,290,2365,170.00495766,14.712478883374446,5449.0,25.462616822429908,0.0,0.0,0.0,3.2135588790358964,False,True,21,PV+/PNN-,170.00495766,14.712478883374446,0.0,0.0,0.0,False,NONE
337,291,1382,165.23846352,14.504762875171126,4968.0,23.884615384615383,0.0,0.0,0.0,2.099038601055488,False,True,22,PV+/PNN-,165.23846352,14.504762875171126,0.0,0.0,0.0,False,NONE
338,292,1582,119.95676919,12.358547737957586,2371.0,15.701986754966887,0.0,0.0,0.0,2.019321556533474,False,True,23,PV+/PNN-,119.95676919,12.358547737957586,0.0,0.0,0.0,False,NONE
339,293,2521,154.11664386,14.008119269352957,2626.0,13.536082474226804,0.0,0.0,0.0,1.5582381081765984,False,True,24,PV+/PNN-,154.11664386,14.008119269352957,0.0,0.0,0.0,False,NONE
340,296,1196,125.51767902,12.64175907426016,3003.0,19.00632911392405,0.0,0.0,0.0,1.7135872561477792,False,True,25,PV+/PNN-,125.51767902,12.64175907426016,0.0,0.0,0.0,False,NONE
341,309,1751,146.96690265,13.679330108642857,2599.0,14.04864864864865,0.0,0.0,0.0,2.9952115435062843,False,True,27,PV+/PNN-,146.96690265,13.679330108642857,0.0,0.0,0.0,False,NONE
342,313,1087,220.05314613000002,16.73858917579679,2619.0,9.454873646209386,0.0,0.0,0.0,3.181574974775164,False,True,29,PV+/PNN-,220.05314613000002,16.73858917579679,0.0,0.0,0.0,False,NONE
343,312,2821,86.59131021,10.500070494515816,1827.0,16.761467889908257,0.0,0.0,0.0,3.6439498748050183,False,True,30,PV+/PNN-,86.59131021,10.500070494515816,0.0,0.0,0.0,False,NONE
344,314,1475,116.77910643,12.193759728054031,1713.0,11.653061224489797,0.0,0.0,0.0,2.177132093751268,False,True,31,PV+/PNN-,116.77910643,12.193759728054031,0.0,0.0,0.0,False,NONE
345,317,1448,152.52781248,13.93572540349032,2064.0,10.75,0.0,0.0,0.0,2.0680805960540103,False,True,32,PV+/PNN-,152.52781248,13.93572540349032,0.0,0.0,0.0,False,NONE
346,330,2440,266.92367184,18.435231878460318,4366.0,12.994047619047619,0.0,0.0,0.0,2.0265329498964033,False,True,34,PV+/PNN-,266.92367184,18.435231878460318,0.0,0.0,0.0,True,A
347,323,2637,68.31974934,9.326703948667076,865.0,10.05813953488372,0.0,0.0,0.0,2.462920236508407,False,True,35,PV+/PNN-,68.31974934,9.326703948667076,0.0,0.0,0.0,True,A
348,331,2016,115.98469074,12.152213577535832,2195.0,15.034246575342467,0.0,0.0,0.0,2.5704324976738007,False,True,36,PV+/PNN-,115.98469074,12.152213577535832,0.0,0.0,0.0,True,B
349,333,1645,81.03040038,10.157318055940708,1129.0,11.068627450980392,0.0,0.0,0.0,19.191145930878694,False,True,38,PV+/PNN-,81.03040038,10.157318055940708,0.0,0.0,0.0,True,C
350,340,1849,211.31457354,16.40286778005525,7345.0,27.612781954887218,0.0,0.0,0.0,4.0857034851483505,False,True,39,PV+/PNN-,211.31457354,16.40286778005525,0.0,0.0,0.0,True,B
351,342,1412,81.82481607,10.206987389088184,3131.0,30.398058252427184,0.0,0.0,0.0,2.4390352718982276,False,True,40,PV+/PNN-,81.82481607,10.206987389088184,0.0,0.0,0.0,False,NONE
352,352,2420,187.48210284,15.45023065413564,7660.0,32.45762711864407,0.0,0.0,0.0,2.5482276032429687,False,True,41,PV+/PNN-,187.48210284,15.45023065413564,0.0,0.0,0.0,True,A
353,356,1538,197.01509112,15.838162927675212,5390.0,21.733870967741936,0.0,0.0,0.0,3.9045585694730804,False,True,42,PV+/PNN-,197.01509112,15.838162927675212,0.0,0.0,0.0,False,NONE
354,352,1216,53.22585123,8.232208609372499,995.0,14.850746268656716,0.0,0.0,0.0,2.761525526565566,False,True,43,PV+/PNN-,53.22585123,8.232208609372499,0.0,0.0,0.0,False,NONE
355,355,2342,152.52781248,13.93572540349032,2318.0,12.072916666666666,0.0,0.0,0.0,3.4044265284367365,False,True,44,PV+/PNN-,152.52781248,13.93572540349032,0.0,0.0,0.0,True,A
356,356,1432,100.89079263,11.333937836259333,1239.0,9.755905511811024,0.0,0.0,0.0,2.1721767611067806,False,True,45,PV+/PNN-,100.89079263,11.333937836259333,0.0,0.0,0.0,False,NONE
357,358,1577,185.09885577,15.351715957885437,4562.0,19.5793991416309,0.0,0.0,0.0,3.5488625515597474,False,True,46,PV+/PNN-,185.09885577,15.351715957885437,0.0,0.0,0.0,True,C
358,364,1086,129.48975747,12.84022896403991,1285.0,7.883435582822086,0.0,0.0,0.0,1.5237002891562508,False,True,47,PV+/PNN-,129.48975747,12.84022896403991,0.0,0.0,0.0,False,NONE
359,367,1752,157.29430662000001,14.151796046802042,7910.0,39.94949494949495,0.0,0.0,0.0,3.467828499551963,False,True,48,PV+/PNN-,157.29430662000001,14.151796046802042,0.0,0.0,0.0,True,B
360,368,2290,104.86287108,11.554893086200376,2461.0,18.643939393939394,0.0,0.0,0.0,1.7570651769881802,False,True,49,PV+/PNN-,104.86287108,11.554893086200376,0.0,0.0,0.0,True,A
361,376,2132,60.37559244,8.767701627645716,2026.0,26.657894736842106,0.0,0.0,0.0,3.7191181264348865,False,True,52,PV+/PNN-,60.37559244,8.767701627645716,0.0,0.0,0.0,True,B
362,380,2379,141.40599282,13.418036440588484,2276.0,12.786516853932584,0.0,0.0,0.0,1.985257039140465,False,True,53,PV+/PNN-,141.40599282,13.418036440588484,0.0,0.0,0.0,True,A
363,381,2223,120.75118488,12.39940255265723,3486.0,22.93421052631579,0.0,0.0,0.0,3.5749905495048067,False,True,56,PV+/PNN-,120.75118488,12.39940255265723,0.0,0.0,0.0,True,A
364,384,1934,116.77910643,12.193759728054031,3697.0,25.14965986394558,0.0,0.0,0.0,2.9514394901895917,False,True,59,PV+/PNN-,116.77910643,12.193759728054031,0.0,0.0,0.0,True,B
365,387,1707,93.74105142,10.924962866435578,4707.0,39.889830508474574,0.0,0.0,0.0,2.914998830239135,False,True,60,PV+/PNN-,93.74105142,10.924962866435578,0.0,0.0,0.0,False,NONE
366,392,2256,146.96690265,13.679330108642857,5551.0,30.005405405405405,0.0,0.0,0.0,2.68243268442935,False,True,61,PV+/PNN-,146.96690265,13.679330108642857,0.0,0.0,0.0,True,A
367,391,1032,159.67755369,14.258603569939103,2402.0,11.950248756218905,0.0,0.0,0.0,1.7841516272019489,False,True,62,PV+/PNN-,159.67755369,14.258603569939103,0.0,0.0,0.0,False,NONE
368,393,1216,191.45418129,15.613040531021587,2881.0,11.95435684647303,0.0,0.0,0.0,2.500794171744763,False,True,63,PV+/PNN-,191.45418129,15.613040531021587,0.0,0.0,0.0,False,NONE
369,396,1161,216.08106768,16.586830928142092,6183.0,22.731617647058822,0.0,0.0,0.0,2.0061056611797574,False,True,64,PV+/PNN-,216.08106768,16.586830928142092,0.0,0.0,0.0,False,NONE
370,394,2722,123.92884764,12.56149312576761,4459.0,28.583333333333332,0.0,0.0,0.0,3.252832476210704,False,True,65,PV+/PNN-,123.92884764,12.56149312576761,0.0,0.0,0.0,False,NONE
371,397,777,128.69534178,12.800781162784691,2617.0,16.15432098765432,0.0,0.0,0.0,2.2298385130733718,False,True,66,PV+/PNN-,128.69534178,12.800781162784691,0.0,0.0,0.0,False,NONE
372,404,2178,169.21054197,14.678063680958497,10391.0,48.78403755868545,0.0,0.0,0.0,3.190635634460302,False,True,67,PV+/PNN-,169.21054197,14.678063680958497,0.0,0.0,0.0,True,B
373,408,2144,224.02522458,16.888983834246268,13532.0,47.98581560283688,0.0,0.0,0.0,2.9942804095242677,False,True,68,PV+/PNN-,224.02522458,16.888983834246268,0.0,0.0,0.0,True,B
374,430,1398,182.7156087,15.252564978953412,5936.0,25.808695652173913,0.0,0.0,0.0,3.827581620529149,False,True,72,PV+/PNN-,182.7156087,15.252564978953412,0.0,0.0,0.0,True,C
375,429,2179,131.07858885,12.91876320674319,5697.0,34.527272727272724,0.0,0.0,0.0,1.9627175693666736,False,True,74,PV+/PNN-,131.07858885,12.91876320674319,0.0,0.0,0.0,True,B
376,432,1550,166.03287921,14.539588286344586,17119.0,81.9090909090909,0.0,0.0,0.0,4.318700239948361,False,True,75,PV+/PNN-,166.03287921,14.539588286344586,0.0,0.0,0.0,True,C
377,437,2388,164.44404783,14.469853647963289,3315.0,16.014492753623188,0.0,0.0,0.0,3.1571537755965045,False,True,78,PV+/PNN-,164.44404783,14.469853647963289,0.0,0.0,0.0,True,A
378,437,995,200.98716957,15.99702510721652,2891.0,11.42687747035573,0.0,0.0,0.0,1.466861572182526,False,True,79,PV+/PNN-,200.98716957,15.99702510721652,0.0,0.0,0.0,False,NONE
379,437,2086,182.7156087,15.252564978953412,9940.0,43.21739130434783,0.0,0.0,0.0,2.9713711795830826,False,True,80,PV+/PNN-,182.7156087,15.252564978953412,0.0,0.0,0.0,True,B
380,442,2353,144.58365558,13.56796328882212,3195.0,17.554945054945055,0.0,0.0,0.0,2.6507629939543684,False,True,81,PV+/PNN-,144.58365558,13.56796328882212,0.0,0.0,0.0,True,A
381,442,2717,114.39585936,12.068692219586765,2633.0,18.28472222222222,0.0,0.0,0.0,2.26713722913747,False,True,82,PV+/PNN-,114.39585936,12.068692219586765,0.0,0.0,0.0,False,NONE
382,445,768,153.32222817,13.97196922387648,2331.0,12.077720207253886,0.0,0.0,0.0,2.726085939767162,False,True,83,PV+/PNN-,153.32222817,13.97196922387648,0.0,0.0,0.0,False,NONE
383,444,1914,96.91871418,11.108588547554572,7264.0,59.540983606557376,0.0,0.0,0.0,2.5149388985130074,False,True,85,PV+/PNN-,96.91871418,11.108588547554572,0.0,0.0,0.0,True,B
384,448,2170,164.44404783,14.469853647963289,8729.0,42.169082125603865,0.0,0.0,0.0,2.710240224195797,False,True,88,PV+/PNN-,164.44404783,14.469853647963289,0.0,0.0,0.0,True,B
385,448,2777,155.70547524,14.080140922851225,9707.0,49.525510204081634,0.0,0.0,0.0,2.3174550607313305,False,True,89,PV+/PNN-,155.70547524,14.080140922851225,0.0,0.0,0.0,False,NONE
386,454,1939,122.34001626,12.48071098158173,6426.0,41.72727272727273,0.0,0.0,0.0,3.2324535809566948,False,True,92,PV+/PNN-,122.34001626,12.48071098158173,0.0,0.0,0.0,True,B
387,459,957,213.69782061,16.495105814282393,4733.0,17.594795539033456,0.0,0.0,0.0,1.676604164669744,False,True,93,PV+/PNN-,213.69782061,16.495105814282393,0.0,0.0,0.0,False,NONE
388,460,1373,171.59378904,14.781068900342463,9141.0,42.31944444444444,0.0,0.0,0.0,6.1394054116540575,False,True,94,PV+/PNN-,171.59378904,14.781068900342463,0.0,0.0,0.0,True,C
389,459,1512,186.68768715,15.41746236559462,9917.0,42.2,0.0,0.0,0.0,4.862792448496433,False,True,95,PV+/PNN-,186.68768715,15.41746236559462,0.0,0.0,0.0,True,C
390,459,1733,112.01261229,11.942314996545514,11091.0,78.65957446808511,0.0,0.0,0.0,2.5425206748667706,False,True,96,PV+/PNN-,112.01261229,11.942314996545514,0.0,0.0,0.0,False,NONE
391,462,1326,200.19275388,15.965379131403353,11832.0,46.95238095238095,0.0,0.0,0.0,3.9252633322234236,False,True,97,PV+/PNN-,200.19275388,15.965379131403353,0.0,0.0,0.0,True,C
392,463,2056,112.80702798,11.984588810142046,7058.0,49.70422535211268,0.0,0.0,0.0,2.683923790970767,False,True,99,PV+/PNN-,112.80702798,11.984588810142046,0.0,0.0,0.0,True,B
393,469,2553,171.59378904,14.781068900342463,4618.0,21.37962962962963,0.0,0.0,0.0,3.1882134046513797,False,True,101,PV+/PNN-,171.59378904,14.781068900342463,0.0,0.0,0.0,True,A
394,472,987,272.48458167,18.62627565330391,7683.0,22.399416909620992,0.0,0.0,0.0,3.7301437307798353,False,True,102,PV+/PNN-,272.48458167,18.62627565330391,0.0,0.0,0.0,False,NONE
395,472,844,191.45418129,15.613040531021587,3773.0,15.655601659751037,0.0,0.0,0.0,2.574899095838345,False,True,103,PV+/PNN-,191.45418129,15.613040531021587,0.0,0.0,0.0,False,NONE
396,471,1768,163.64963214,14.434859996619657,14588.0,70.81553398058253,0.0,0.0,0.0,2.5742803556954277,False,True,104,PV+/PNN-,163.64963214,14.434859996619657,0.0,0.0,0.0,True,B
397,473,891,189.86534991,15.548121162390995,4099.0,17.15062761506276,0.0,0.0,0.0,1.6225298968826871,False,True,105,PV+/PNN-,189.86534991,15.548121162390995,0.0,0.0,0.0,False,NONE
398,474,2031,182.7156087,15.252564978953412,13720.0,59.65217391304348,0.0,0.0,0.0,2.2668352605216584,False,True,106,PV+/PNN-,182.7156087,15.252564978953412,0.0,0.0,0.0,True,B
399,471,1891,100.09637694,11.289227848029503,3139.0,24.91269841269841,0.0,0.0,0.0,3.0030059869537893,False,True,108,PV+/PNN-,100.09637694,11.289227848029503,0.0,0.0,0.0,True,B
400,472,1901,58.78676106,8.651568001725998,2987.0,40.36486486486486,0.0,0.0,0.0,2.511562752155839,False,True,110,PV+/PNN-,58.78676106,8.651568001725998,0.0,0.0,0.0,True,B
401,476,952,162.85521645,14.3997813056499,2594.0,12.653658536585366,0.0,0.0,0.0,2.101878328163143,False,True,111,PV+/PNN-,162.85521645,14.3997813056499,0.0,0.0,0.0,False,NONE
402,486,766,185.09885577,15.351715957885437,2446.0,10.49785407725322,0.0,0.0,0.0,2.025585479392777,False,True,113,PV+/PNN-,185.09885577,15.351715957885437,0.0,0.0,0.0,False,NONE
403,486,2195,150.9389811,13.862953494062992,10627.0,55.93157894736842,0.0,0.0,0.0,3.57436390786598,False,True,117,PV+/PNN-,150.9389811,13.862953494062992,0.0,0.0,0.0,False,NONE
404,490,1043,182.7156087,15.252564978953412,4661.0,20.265217391304347,0.0,0.0,0.0,3.030384474787346,False,True,118,PV+/PNN-,182.7156087,15.252564978953412,0.0,0.0,0.0,True,C
405,495,2205,135.84508299,13.151552441468574,8866.0,51.84795321637427,0.0,0.0,0.0,3.080988057563301,False,True,119,PV+/PNN-,135.84508299,13.151552441468574,0.0,0.0,0.0,False,NONE
406,495,2499,92.15222004,10.83198276817611,1768.0,15.241379310344827,0.0,0.0,0.0,1.7910606495940018,False,True,120,PV+/PNN-,92.15222004,10.83198276817611,0.0,0.0,0.0,True,A
407,497,2695,104.06845539,11.51104134134072,2788.0,21.282442748091604,0.0,0.0,0.0,3.4200761260437833,False,True,121,PV+/PNN-,104.06845539,11.51104134134072,0.0,0.0,0.0,False,NONE
408,498,2602,124.72326333,12.60169000650996,3916.0,24.94267515923567,0.0,0.0,0.0,2.865069434282745,False,True,122,PV+/PNN-,124.72326333,12.60169000650996,0.0,0.0,0.0,True,A
409,501,1006,189.86534991,15.548121162390995,7906.0,33.07949790794979,0.0,0.0,0.0,2.260681815183799,False,True,123,PV+/PNN-,189.86534991,15.548121162390995,0.0,0.0,0.0,True,C
410,504,662,134.25625161,13.074416571218995,1712.0,10.1301775147929,0.0,0.0,0.0,2.7560366704551003,False,True,125,PV+/PNN-,134.25625161,13.074416571218995,0.0,0.0,0.0,False,NONE
411,510,2628,127.90092609,12.761211420003875,2117.0,13.149068322981366,0.0,0.0,0.0,2.0129597687469265,False,True,127,PV+/PNN-,127.90092609,12.761211420003875,0.0,0.0,0.0,False,NONE
412,509,1861,101.68520832,11.378472144697502,14406.0,112.546875,0.0,0.0,0.0,2.4035623359236413,False,True,128,PV+/PNN-,101.68520832,11.378472144697502,0.0,0.0,0.0,True,B
413,515,506,140.61157713,13.380292240810528,2910.0,16.440677966101696,0.0,0.0,0.0,1.504754213279092,False,True,130,PV+/PNN-,140.61157713,13.380292240810528,0.0,0.0,0.0,False,NONE
414,515,2772,119.95676919,12.358547737957586,6836.0,45.271523178807946,0.0,0.0,0.0,3.351080287101626,False,True,131,PV+/PNN-,119.95676919,12.358547737957586,0.0,0.0,0.0,False,NONE
415,520,1838,146.96690265,13.679330108642857,18799.0,101.61621621621622,0.0,0.0,0.0,3.8749825318975804,False,True,134,PV+/PNN-,146.96690265,13.679330108642857,0.0,0.0,0.0,True,B
416,521,1579,144.58365558,13.56796328882212,18469.0,101.47802197802197,0.0,0.0,0.0,3.5875578131406116,False,True,136,PV+/PNN-,144.58365558,13.56796328882212,0.0,0.0,0.0,True,C
417,523,1599,160.47196938,14.294028726574819,19748.0,97.76237623762377,0.0,0.0,0.0,4.4070589671584015,False,True,138,PV+/PNN-,160.47196938,14.294028726574819,0.0,0.0,0.0,True,C
418,522,1810,121.54560057,12.440123196106569,8269.0,54.04575163398693,0.0,0.0,0.0,2.4606128351251315,False,True,139,PV+/PNN-,121.54560057,12.440123196106569,0.0,0.0,0.0,True,B
419,523,733,125.51767902,12.64175907426016,2251.0,14.246835443037975,0.0,0.0,0.0,1.8545023031572931,False,True,140,PV+/PNN-,125.51767902,12.64175907426016,0.0,0.0,0.0,False,NONE
420,525,579,155.70547524,14.080140922851225,1423.0,7.260204081632653,0.0,0.0,0.0,2.041668796623329,False,True,142,PV+/PNN-,155.70547524,14.080140922851225,0.0,0.0,0.0,False,NONE
421,529,854,232.76379717,17.215227885205547,6009.0,20.50853242320819,0.0,0.0,0.0,3.462547941445763,False,True,143,PV+/PNN-,232.76379717,17.215227885205547,0.0,0.0,0.0,False,NONE
422,537,2006,94.53546711,10.971157418634661,3926.0,32.99159663865546,0.0,0.0,0.0,3.1916596411151406,False,True,150,PV+/PNN-,94.53546711,10.971157418634661,0.0,0.0,0.0,True,B
423,547,1783,116.77910643,12.193759728054031,4891.0,33.27210884353742,0.0,0.0,0.0,3.646372279043233,False,True,151,PV+/PNN-,116.77910643,12.193759728054031,0.0,0.0,0.0,True,B
424,550,431,137.43391437,13.228238528376714,3379.0,19.53179190751445,0.0,0.0,0.0,2.6744195815671064,False,True,152,PV+/PNN-,137.43391437,13.228238528376714,0.0,0.0,0.0,False,NONE
425,562,1267,179.53794594000001,15.119352253034252,14722.0,65.14159292035399,0.0,0.0,0.0,4.312043117791721,False,True,155,PV+/PNN-,179.53794594000001,15.119352253034252,0.0,0.0,0.0,True,C
426,562,1899,125.51767902,12.64175907426016,8459.0,53.537974683544306,0.0,0.0,0.0,4.655471446121803,False,True,157,PV+/PNN-,125.51767902,12.64175907426016,0.0,0.0,0.0,True,B
427,563,2477,139.02274575,13.304482609502793,2927.0,16.725714285714286,0.0,0.0,0.0,2.514587568282715,False,True,158,PV+/PNN-,139.02274575,13.304482609502793,0.0,0.0,0.0,True,A
428,566,1482,186.68768715,15.41746236559462,27337.0,116.32765957446809,0.0,0.0,0.0,4.4600085355401236,False,True,161,PV+/PNN-,186.68768715,15.41746236559462,0.0,0.0,0.0,True,C
429,566,2148,141.40599282,13.418036440588484,8666.0,48.68539325842696,0.0,0.0,0.0,2.844777017339756,False,True,162,PV+/PNN-,141.40599282,13.418036440588484,0.0,0.0,0.0,True,B
430,574,854,239.91353838,17.477625822254954,10819.0,35.824503311258276,0.0,0.0,0.0,3.2000845518122234,False,True,163,PV+/PNN-,239.91353838,17.477625822254954,0.0,0.0,0.0,True,C
431,569,1684,73.08624348000001,9.646569098642193,4765.0,51.79347826086956,0.0,0.0,0.0,2.4213569150696634,False,True,164,PV+/PNN-,73.08624348000001,9.646569098642193,0.0,0.0,0.0,True,C
432,584,765,169.21054197,14.678063680958497,3815.0,17.910798122065728,0.0,0.0,0.0,2.1352887392498867,False,True,169,PV+/PNN-,169.21054197,14.678063680958497,0.0,0.0,0.0,True,C
433,582,827,135.05066730000001,13.113041224263421,4821.0,28.358823529411765,0.0,0.0,0.0,2.4715852073500724,False,True,170,PV+/PNN-,135.05066730000001,13.113041224263421,0.0,0.0,0.0,True,C
434,581,2276,129.48975747,12.84022896403991,4702.0,28.846625766871167,0.0,0.0,0.0,2.2943157278234825,False,True,171,PV+/PNN-,129.48975747,12.84022896403991,0.0,0.0,0.0,True,A
435,581,2785,85.79689452,10.451794052617739,5607.0,51.916666666666664,0.0,0.0,0.0,2.8144912939401703,False,True,172,PV+/PNN-,85.79689452,10.451794052617739,0.0,0.0,0.0,False,NONE
436,587,2397,154.11664386,14.008119269352957,4582.0,23.61855670103093,0.0,0.0,0.0,2.796113753782033,False,True,173,PV+/PNN-,154.11664386,14.008119269352957,0.0,0.0,0.0,True,A
437,595,2726,155.70547524,14.080140922851225,14453.0,73.73979591836735,0.0,0.0,0.0,4.122214952063646,False,True,176,PV+/PNN-,155.70547524,14.080140922851225,0.0,0.0,0.0,False,NONE
438,603,364,143.78923989,13.53063732184699,2388.0,13.193370165745856,0.0,0.0,0.0,2.8140710324359235,False,True,180,PV+/PNN-,143.78923989,13.53063732184699,0.0,0.0,0.0,False,NONE
439,605,2354,151.73339679,13.899387074616612,3007.0,15.743455497382199,0.0,0.0,0.0,2.7240866634428706,False,True,181,PV+/PNN-,151.73339679,13.899387074616612,0.0,0.0,0.0,True,A
440,614,743,150.9389811,13.862953494062992,4842.0,25.48421052631579,0.0,0.0,0.0,2.7973282757212017,False,True,187,PV+/PNN-,150.9389811,13.862953494062992,0.0,0.0,0.0,True,C
441,613,1336,88.97455728,10.643586087602236,8832.0,78.85714285714286,0.0,0.0,0.0,2.6937757449051336,False,True,188,PV+/PNN-,88.97455728,10.643586087602236,0.0,0.0,0.0,True,C
442,617,533,153.32222817,13.97196922387648,4506.0,23.34715025906736,0.0,0.0,0.0,2.643421193007986,False,True,189,PV+/PNN-,153.32222817,13.97196922387648,0.0,0.0,0.0,False,NONE
443,618,899,220.05314613000002,16.73858917579679,10085.0,36.40794223826715,0.0,0.0,0.0,3.66469984260106,False,True,190,PV+/PNN-,220.05314613000002,16.73858917579679,0.0,0.0,0.0,True,C
444,615,2391,127.1065104,12.72151859781572,1203.0,7.51875,0.0,0.0,0.0,1.4131160606560356,False,True,191,PV+/PNN-,127.1065104,12.72151859781572,0.0,0.0,0.0,True,A
445,619,2319,184.30444008,15.318736938146312,4223.0,18.20258620689655,0.0,0.0,0.0,2.381751425434316,False,True,193,PV+/PNN-,184.30444008,15.318736938146312,0.0,0.0,0.0,True,A
446,621,1279,130.28417316,12.879555944225542,15081.0,91.95731707317073,0.0,0.0,0.0,2.6578393753126788,False,True,194,PV+/PNN-,130.28417316,12.879555944225542,0.0,0.0,0.0,True,C
447,624,2490,200.19275388,15.965379131403353,10257.0,40.70238095238095,0.0,0.0,0.0,3.038913547527812,False,True,195,PV+/PNN-,200.19275388,15.965379131403353,0.0,0.0,0.0,True,A
448,623,343,142.20040851,13.455674765407588,5068.0,28.312849162011172,0.0,0.0,0.0,3.9376900298992914,False,True,197,PV+/PNN-,142.20040851,13.455674765407588,0.0,0.0,0.0,False,NONE
449,630,1451,221.64197751,16.798908611544785,30566.0,109.55555555555556,0.0,0.0,0.0,4.83971733665524,False,True,199,PV+/PNN-,221.64197751,16.798908611544785,0.0,0.0,0.0,True,C
450,627,2848,177.15469887,15.0186673222671,15605.0,69.97757847533633,0.0,0.0,0.0,3.3865906002890296,False,True,202,PV+/PNN-,177.15469887,15.0186673222671,0.0,0.0,0.0,False,NONE
451,628,1673,59.58117675,8.70982837718145,1923.0,25.64,0.0,0.0,0.0,2.470137788035293,False,True,203,PV+/PNN-,59.58117675,8.70982837718145,0.0,0.0,0.0,True,C
452,630,654,127.90092609,12.761211420003875,2140.0,13.29192546583851,0.0,0.0,0.0,2.7302892969190498,False,True,204,PV+/PNN-,127.90092609,12.761211420003875,0.0,0.0,0.0,False,NONE
453,635,1126,195.42625974,15.774170088491289,15559.0,63.2479674796748,0.0,0.0,0.0,5.2876072430649215,False,True,206,PV+/PNN-,195.42625974,15.774170088491289,0.0,0.0,0.0,True,C
454,630,1168,49.25377278,7.919081463837606,8129.0,131.11290322580646,0.0,0.0,0.0,3.677476778822549,False,True,207,PV+/PNN-,49.25377278,7.919081463837606,0.0,0.0,0.0,True,C
455,632,1879,80.23598469,10.107404643036364,3774.0,37.366336633663366,0.0,0.0,0.0,3.7097805455791066,False,True,208,PV+/PNN-,80.23598469,10.107404643036364,0.0,0.0,0.0,True,B
456,636,630,168.41612628000001,14.643567596416075,3988.0,18.81132075471698,0.0,0.0,0.0,2.2054534244224873,False,True,209,PV+/PNN-,168.41612628000001,14.643567596416075,0.0,0.0,0.0,False,NONE
457,639,2376,120.75118488,12.39940255265723,2257.0,14.848684210526315,0.0,0.0,0.0,2.428236350452432,False,True,212,PV+/PNN-,120.75118488,12.39940255265723,0.0,0.0,0.0,True,A
458,638,247,52.43143554,8.17054325713784,729.0,11.045454545454545,0.0,0.0,0.0,2.704148562941768,False,True,213,PV+/PNN-,52.43143554,8.17054325713784,0.0,0.0,0.0,False,NONE
459,645,2616,211.31457354,16.40286778005525,12260.0,46.090225563909776,0.0,0.0,0.0,3.3453711489919775,False,True,214,PV+/PNN-,211.31457354,16.40286778005525,0.0,0.0,0.0,False,NONE
460,645,521,225.61405596,16.948768034767717,12269.0,43.20070422535211,0.0,0.0,0.0,4.140755277010038,False,True,215,PV+/PNN-,225.61405596,16.948768034767717,0.0,0.0,0.0,False,NONE
461,641,1285,131.87300454,12.957851838301272,14763.0,88.93373493975903,0.0,0.0,0.0,2.875416883798091,False,True,216,PV+/PNN-,131.87300454,12.957851838301272,0.0,0.0,0.0,True,C
462,648,1098,221.64197751,16.798908611544785,11958.0,42.86021505376344,0.0,0.0,0.0,3.463464059985357,False,True,217,PV+/PNN-,221.64197751,16.798908611544785,0.0,0.0,0.0,True,C
463,646,338,140.61157713,13.380292240810528,2395.0,13.531073446327683,0.0,0.0,0.0,2.699409324045148,False,True,218,PV+/PNN-,140.61157713,13.380292240810528,0.0,0.0,0.0,False,NONE
464,654,1432,157.29430662000001,14.151796046802042,16023.0,80.92424242424242,0.0,0.0,0.0,3.891761062788331,False,True,220,PV+/PNN-,157.29430662000001,14.151796046802042,0.0,0.0,0.0,True,C
465,655,212,146.17248696000001,13.642308849668991,3460.0,18.804347826086957,0.0,0.0,0.0,2.5792433627652804,False,True,221,PV+/PNN-,146.17248696000001,13.642308849668991,0.0,0.0,0.0,False,NONE
466,656,981,247.06327959,17.736142129165177,23377.0,75.16720257234726,0.0,0.0,0.0,4.221912407285543,False,True,222,PV+/PNN-,247.06327959,17.736142129165177,0.0,0.0,0.0,True,C
467,656,1122,154.91105955,14.044176264056345,8723.0,44.733333333333334,0.0,0.0,0.0,2.8605387425710274,False,True,224,PV+/PNN-,154.91105955,14.044176264056345,0.0,0.0,0.0,True,C
468,659,1523,176.36028318,14.984955344126572,11101.0,50.0045045045045,0.0,0.0,0.0,2.7378876467554045,False,True,225,PV+/PNN-,176.36028318,14.984955344126572,0.0,0.0,0.0,True,C
469,657,1616,123.92884764,12.56149312576761,7456.0,47.794871794871796,0.0,0.0,0.0,3.0879775219963648,False,True,226,PV+/PNN-,123.92884764,12.56149312576761,0.0,0.0,0.0,True,C
470,660,2063,150.14456541,13.82642390884524,6217.0,32.89417989417989,0.0,0.0,0.0,4.204334373175915,False,True,227,PV+/PNN-,150.14456541,13.82642390884524,0.0,0.0,0.0,True,B
471,663,2181,200.19275388,15.965379131403353,8880.0,35.23809523809524,0.0,0.0,0.0,5.3814094070805,False,True,228,PV+/PNN-,200.19275388,15.965379131403353,0.0,0.0,0.0,True,B
472,664,1142,115.19027505,12.11052490037406,14300.0,98.62068965517241,0.0,0.0,0.0,4.018544788132055,False,True,229,PV+/PNN-,115.19027505,12.11052490037406,0.0,0.0,0.0,True,C
473,665,2757,146.17248696000001,13.642308849668991,11247.0,61.125,0.0,0.0,0.0,3.6708599089230898,False,True,230,PV+/PNN-,146.17248696000001,13.642308849668991,0.0,0.0,0.0,False,NONE
474,666,2433,102.47962401,11.422832828117684,2679.0,20.767441860465116,0.0,0.0,0.0,2.7135040267321404,False,True,232,PV+/PNN-,102.47962401,11.422832828117684,0.0,0.0,0.0,True,A
475,670,1737,123.13443195,12.521167201073583,4980.0,32.12903225806452,0.0,0.0,0.0,2.7814398780399894,False,True,233,PV+/PNN-,123.13443195,12.521167201073583,0.0,0.0,0.0,False,NONE
476,671,2813,138.22833006,13.266415342325757,6660.0,38.275862068965516,0.0,0.0,0.0,3.4514269022166744,False,True,234,PV+/PNN-,138.22833006,13.266415342325757,0.0,0.0,0.0,False,NONE
477,675,2256,199.39833819,15.933670303416713,10532.0,41.9601593625498,0.0,0.0,0.0,2.8285505081322113,False,True,236,PV+/PNN-,199.39833819,15.933670303416713,0.0,0.0,0.0,True,A
478,679,266,192.24859698,15.645399198959067,4668.0,19.289256198347108,0.0,0.0,0.0,4.167166898195787,False,True,237,PV+/PNN-,192.24859698,15.645399198959067,0.0,0.0,0.0,False,NONE
479,677,1344,91.35780435,10.78519212710641,3776.0,32.834782608695654,0.0,0.0,0.0,2.9724065005515783,False,True,238,PV+/PNN-,91.35780435,10.78519212710641,0.0,0.0,0.0,True,C
480,678,1482,158.883138,14.223090180871878,6712.0,33.56,0.0,0.0,0.0,2.7830721784379007,False,True,239,PV+/PNN-,158.883138,14.223090180871878,0.0,0.0,0.0,True,C
481,679,1122,136.63949868,13.189951216443678,19550.0,113.66279069767442,0.0,0.0,0.0,3.4714853811381845,False,True,240,PV+/PNN-,136.63949868,13.189951216443678,0.0,0.0,0.0,True,C
482,681,1451,109.62936522,11.814586030086609,5835.0,42.28260869565217,0.0,0.0,0.0,2.5028884413387114,False,True,241,PV+/PNN-,109.62936522,11.814586030086609,0.0,0.0,0.0,True,C
483,682,169,160.47196938,14.294028726574819,2974.0,14.722772277227723,0.0,0.0,0.0,2.337621487729065,False,True,242,PV+/PNN-,160.47196938,14.294028726574819,0.0,0.0,0.0,False,NONE
484,686,1579,299.49471513,19.52763464280066,22814.0,60.51458885941645,0.0,0.0,0.0,4.098951055072612,False,True,244,PV+/PNN-,299.49471513,19.52763464280066,0.0,0.0,0.0,True,C
485,686,846,189.86534991,15.548121162390995,9282.0,38.83682008368201,0.0,0.0,0.0,3.8049994941326264,False,True,245,PV+/PNN-,189.86534991,15.548121162390995,0.0,0.0,0.0,True,C
486,685,2681,159.67755369,14.258603569939103,7292.0,36.27860696517413,0.0,0.0,0.0,4.10852446423397,False,True,246,PV+/PNN-,159.67755369,14.258603569939103,0.0,0.0,0.0,False,NONE
487,688,915,123.13443195,12.521167201073583,7025.0,45.32258064516129,0.0,0.0,0.0,3.0034327321558574,False,True,247,PV+/PNN-,123.13443195,12.521167201073583,0.0,0.0,0.0,True,C
488,692,333,184.30444008,15.318736938146312,4715.0,20.323275862068964,0.0,0.0,0.0,2.974494992850096,False,True,248,PV+/PNN-,184.30444008,15.318736938146312,0.0,0.0,0.0,False,NONE
489,691,1050,135.05066730000001,13.113041224263421,5140.0,30.235294117647058,0.0,0.0,0.0,2.310501444898807,False,True,249,PV+/PNN-,135.05066730000001,13.113041224263421,0.0,0.0,0.0,True,C
490,698,246,169.21054197,14.678063680958497,6470.0,30.375586854460092,0.0,0.0,0.0,2.5997978864532,False,True,251,PV+/PNN-,169.21054197,14.678063680958497,0.0,0.0,0.0,False,NONE
491,698,1454,166.03287921,14.539588286344586,9849.0,47.1244019138756,0.0,0.0,0.0,3.613443559160065,False,True,252,PV+/PNN-,166.03287921,14.539588286344586,0.0,0.0,0.0,True,C
492,701,2794,106.45170246,11.642101063659146,4700.0,35.07462686567164,0.0,0.0,0.0,3.016531262126801,False,True,255,PV+/PNN-,106.45170246,11.642101063659146,0.0,0.0,0.0,False,NONE
493,703,189,164.44404783,14.469853647963289,2153.0,10.400966183574878,0.0,0.0,0.0,3.1652062720181386,False,True,258,PV+/PNN-,164.44404783,14.469853647963289,0.0,0.0,0.0,False,NONE
494,703,2099,66.73091796,9.217615939230159,3270.0,38.92857142857143,0.0,0.0,0.0,3.1806539182147437,False,True,259,PV+/PNN-,66.73091796,9.217615939230159,0.0,0.0,0.0,True,B
495,705,2699,123.13443195,12.521167201073583,12588.0,81.21290322580646,0.0,0.0,0.0,2.881298255323944,False,True,260,PV+/PNN-,123.13443195,12.521167201073583,0.0,0.0,0.0,False,NONE
496,706,2367,154.91105955,14.044176264056345,5231.0,26.825641025641026,0.0,0.0,0.0,2.62791008495746,False,True,262,PV+/PNN-,154.91105955,14.044176264056345,0.0,0.0,0.0,True,A
497,708,1446,100.09637694,11.289227848029503,8025.0,63.69047619047619,0.0,0.0,0.0,3.2553038467765276,False,True,263,PV+/PNN-,100.09637694,11.289227848029503,0.0,0.0,0.0,True,C
498,713,1113,118.36793781,12.276430232296539,4649.0,31.201342281879196,0.0,0.0,0.0,2.7272369364414613,False,True,266,PV+/PNN-,118.36793781,12.276430232296539,0.0,0.0,0.0,True,C
499,713,2735,145.37807127,13.6051868520168,11607.0,63.42622950819672,0.0,0.0,0.0,3.8503190793946396,False,True,267,PV+/PNN-,145.37807127,13.6051868520168,0.0,0.0,0.0,False,NONE
500,716,149,162.85521645,14.3997813056499,4570.0,22.29268292682927,0.0,0.0,0.0,2.612392572555352,False,True,268,PV+/PNN-,162.85521645,14.3997813056499,0.0,0.0,0.0,False,NONE
501,720,93,94.53546711,10.971157418634661,1431.0,12.025210084033613,0.0,0.0,0.0,2.0530675810558834,False,True,270,PV+/PNN-,94.53546711,10.971157418634661,0.0,0.0,0.0,False,NONE
502,726,2280,170.00495766,14.712478883374446,13884.0,64.8785046728972,0.0,0.0,0.0,2.656638443108796,False,True,272,PV+/PNN-,170.00495766,14.712478883374446,0.0,0.0,0.0,True,A
503,726,1291,132.66742023,12.996822909266468,11761.0,70.42514970059881,0.0,0.0,0.0,2.873170675744914,False,True,275,PV+/PNN-,132.66742023,12.996822909266468,0.0,0.0,0.0,True,C
504,730,1011,239.11912269,17.448665361891926,16837.0,55.93687707641196,0.0,0.0,0.0,4.180220197449747,False,True,276,PV+/PNN-,239.11912269,17.448665361891926,0.0,0.0,0.0,True,C
505,727,2115,176.36028318,14.984955344126572,5864.0,26.414414414414413,0.0,0.0,0.0,4.221871019639283,False,True,277,PV+/PNN-,176.36028318,14.984955344126572,0.0,0.0,0.0,True,B
506,731,882,129.48975747,12.84022896403991,10571.0,64.85276073619632,0.0,0.0,0.0,2.4287169038564405,False,True,279,PV+/PNN-,129.48975747,12.84022896403991,0.0,0.0,0.0,True,C
507,730,1600,134.25625161,13.074416571218995,8808.0,52.11834319526627,0.0,0.0,0.0,4.158008289628323,False,True,280,PV+/PNN-,134.25625161,13.074416571218995,0.0,0.0,0.0,True,C
508,734,2574,186.68768715,15.41746236559462,7027.0,29.902127659574468,0.0,0.0,0.0,3.0515314562715163,False,True,281,PV+/PNN-,186.68768715,15.41746236559462,0.0,0.0,0.0,True,A
509,737,7,125.51767902,12.64175907426016,2733.0,17.29746835443038,0.0,0.0,0.0,3.8423840893128967,False,True,282,PV+/PNN-,125.51767902,12.64175907426016,0.0,0.0,0.0,False,NONE
510,741,2852,125.51767902,12.64175907426016,7933.0,50.20886075949367,0.0,0.0,0.0,3.127259064649641,False,True,283,PV+/PNN-,125.51767902,12.64175907426016,0.0,0.0,0.0,False,NONE
511,743,48,166.03287921,14.539588286344586,6017.0,28.789473684210527,0.0,0.0,0.0,2.447320436725783,False,True,284,PV+/PNN-,166.03287921,14.539588286344586,0.0,0.0,0.0,False,NONE
512,745,304,178.74353025,15.085865274483455,4330.0,19.244444444444444,0.0,0.0,0.0,3.7623563995139104,False,True,286,PV+/PNN-,178.74353025,15.085865274483455,0.0,0.0,0.0,False,NONE
513,745,1267,130.28417316,12.879555944225542,5888.0,35.90243902439025,0.0,0.0,0.0,2.9279066377044614,False,True,288,PV+/PNN-,130.28417316,12.879555944225542,0.0,0.0,0.0,True,C
514,746,2442,88.97455728,10.643586087602236,3081.0,27.508928571428573,0.0,0.0,0.0,3.521893860643531,False,True,289,PV+/PNN-,88.97455728,10.643586087602236,0.0,0.0,0.0,True,A
515,749,807,167.62171059,14.608990056788349,7176.0,34.00947867298578,0.0,0.0,0.0,2.6746609475217373,False,True,290,PV+/PNN-,167.62171059,14.608990056788349,0.0,0.0,0.0,True,C
516,750,2860,119.95676919,12.358547737957586,10758.0,71.24503311258277,0.0,0.0,0.0,3.78553799020586,False,True,292,PV+/PNN-,119.95676919,12.358547737957586,0.0,0.0,0.0,False,NONE
517,752,1827,120.75118488,12.39940255265723,4282.0,28.17105263157895,0.0,0.0,0.0,2.645211017896085,False,True,295,PV+/PNN-,120.75118488,12.39940255265723,0.0,0.0,0.0,True,B
518,765,1009,212.90340492,16.464417218744998,12053.0,44.973880597014926,0.0,0.0,0.0,3.0551819572379983,False,True,299,PV+/PNN-,212.90340492,16.464417218744998,0.0,0.0,0.0,True,C
519,771,572,209.72574216,16.34108651427568,10939.0,41.43560606060606,0.0,0.0,0.0,4.278561944067471,False,True,301,PV+/PNN-,209.72574216,16.34108651427568,0.0,0.0,0.0,False,NONE
520,768,1319,81.03040038,10.157318055940708,2789.0,27.34313725490196,0.0,0.0,0.0,3.4096063052184573,False,True,302,PV+/PNN-,81.03040038,10.157318055940708,0.0,0.0,0.0,True,C
521,771,2658,141.40599282,13.418036440588484,9855.0,55.36516853932584,0.0,0.0,0.0,3.1116629872242054,False,True,303,PV+/PNN-,141.40599282,13.418036440588484,0.0,0.0,0.0,False,NONE
522,778,1369,132.66742023,12.996822909266468,5515.0,33.02395209580838,0.0,0.0,0.0,2.8909943151726116,False,True,305,PV+/PNN-,132.66742023,12.996822909266468,0.0,0.0,0.0,True,C
523,778,2269,131.87300454,12.957851838301272,3881.0,23.379518072289155,0.0,0.0,0.0,2.3697623806607364,False,True,306,PV+/PNN-,131.87300454,12.957851838301272,0.0,0.0,0.0,True,A
524,779,2465,131.87300454,12.957851838301272,7230.0,43.55421686746988,0.0,0.0,0.0,3.1278855151517773,False,True,309,PV+/PNN-,131.87300454,12.957851838301272,0.0,0.0,0.0,True,A
525,782,1631,124.72326333,12.60169000650996,5261.0,33.50955414012739,0.0,0.0,0.0,2.8044009444091027,False,True,310,PV+/PNN-,124.72326333,12.60169000650996,0.0,0.0,0.0,True,C
526,783,330,155.70547524,14.080140922851225,4750.0,24.23469387755102,0.0,0.0,0.0,4.615471442054167,False,True,311,PV+/PNN-,155.70547524,14.080140922851225,0.0,0.0,0.0,False,NONE
527,786,665,170.79937335,14.746813769937052,12011.0,55.86511627906977,0.0,0.0,0.0,3.879203205562989,False,True,312,PV+/PNN-,170.79937335,14.746813769937052,0.0,0.0,0.0,False,NONE
528,787,2447,128.69534178,12.800781162784691,4646.0,28.679012345679013,0.0,0.0,0.0,2.49148073807473,False,True,314,PV+/PNN-,128.69534178,12.800781162784691,0.0,0.0,0.0,True,A
529,788,2133,136.63949868,13.189951216443678,4006.0,23.290697674418606,0.0,0.0,0.0,4.645491204948825,False,True,315,PV+/PNN-,136.63949868,13.189951216443678,0.0,0.0,0.0,True,B
530,793,928,189.07093422,15.515559616363333,23702.0,99.58823529411765,0.0,0.0,0.0,4.302237133791569,False,True,318,PV+/PNN-,189.07093422,15.515559616363333,0.0,0.0,0.0,True,C
531,796,1843,127.90092609,12.761211420003875,9392.0,58.33540372670807,0.0,0.0,0.0,2.7509957162889664,False,True,321,PV+/PNN-,127.90092609,12.761211420003875,0.0,0.0,0.0,True,B
532,798,1336,75.46949055,9.802588422925686,4277.0,45.02105263157895,0.0,0.0,0.0,3.555564658701187,False,True,323,PV+/PNN-,75.46949055,9.802588422925686,0.0,0.0,0.0,True,C
533,803,422,136.63949868,13.189951216443678,6114.0,35.54651162790697,0.0,0.0,0.0,4.106943722092293,False,True,324,PV+/PNN-,136.63949868,13.189951216443678,0.0,0.0,0.0,False,NONE
534,805,669,154.11664386,14.008119269352957,12693.0,65.4278350515464,0.0,0.0,0.0,4.24265460489359,False,True,325,PV+/PNN-,154.11664386,14.008119269352957,0.0,0.0,0.0,False,NONE
535,807,1606,196.22067543,15.806198893222852,9113.0,36.89473684210526,0.0,0.0,0.0,3.670191875403438,False,True,326,PV+/PNN-,196.22067543,15.806198893222852,0.0,0.0,0.0,True,C
536,808,1036,190.65976560000001,15.580614658987523,13528.0,56.36666666666667,0.0,0.0,0.0,3.0063132622698174,False,True,327,PV+/PNN-,190.65976560000001,15.580614658987523,0.0,0.0,0.0,True,C
537,820,791,96.91871418,11.108588547554572,12317.0,100.95901639344262,0.0,0.0,0.0,2.9619090248300264,False,True,328,PV+/PNN-,96.91871418,11.108588547554572,0.0,0.0,0.0,False,NONE
538,823,1855,237.53029131,17.39059975873043,14351.0,47.99665551839465,0.0,0.0,0.0,2.528970565737357,False,True,329,PV+/PNN-,237.53029131,17.39059975873043,0.0,0.0,0.0,True,B
539,824,2426,157.29430662000001,14.151796046802042,3201.0,16.166666666666668,0.0,0.0,0.0,2.548405961696067,False,True,330,PV+/PNN-,157.29430662000001,14.151796046802042,0.0,0.0,0.0,True,A
540,824,2382,105.65728677,11.598579038183399,1219.0,9.165413533834586,0.0,0.0,0.0,1.958702722503197,False,True,332,PV+/PNN-,105.65728677,11.598579038183399,0.0,0.0,0.0,True,A
541,827,1554,150.14456541,13.82642390884524,9437.0,49.93121693121693,0.0,0.0,0.0,2.8360673281447366,False,True,335,PV+/PNN-,150.14456541,13.82642390884524,0.0,0.0,0.0,True,C
542,830,1400,214.4922363,16.525737420636904,10844.0,40.162962962962965,0.0,0.0,0.0,4.679133117116983,False,True,337,PV+/PNN-,214.4922363,16.525737420636904,0.0,0.0,0.0,True,C
543,830,1157,158.08872231,14.187487896796528,5004.0,25.14572864321608,0.0,0.0,0.0,2.9250938930766983,False,True,340,PV+/PNN-,158.08872231,14.187487896796528,0.0,0.0,0.0,True,C
544,829,2276,160.47196938,14.294028726574819,9112.0,45.10891089108911,0.0,0.0,0.0,2.354125119009048,False,True,341,PV+/PNN-,160.47196938,14.294028726574819,0.0,0.0,0.0,True,A
545,831,2322,177.15469887,15.0186673222671,9254.0,41.497757847533634,0.0,0.0,0.0,3.220010706344496,False,True,342,PV+/PNN-,177.15469887,15.0186673222671,0.0,0.0,0.0,True,A
546,838,2465,304.26120927,19.68241356062576,18664.0,48.731070496083554,0.0,0.0,0.0,4.051524519521498,False,True,344,PV+/PNN-,304.26120927,19.68241356062576,0.0,0.0,0.0,True,A
547,834,1753,201.78158526,16.028608603131524,8945.0,35.21653543307087,0.0,0.0,0.0,4.005917695385961,False,True,345,PV+/PNN-,201.78158526,16.028608603131524,0.0,0.0,0.0,True,C
548,835,72,174.7714518,14.917302830020427,6181.0,28.095454545454544,0.0,0.0,0.0,2.6788930059830056,False,True,346,PV+/PNN-,174.7714518,14.917302830020427,0.0,0.0,0.0,False,NONE
549,835,1658,151.73339679,13.899387074616612,5295.0,27.722513089005236,0.0,0.0,0.0,3.1997109481584105,False,True,347,PV+/PNN-,151.73339679,13.899387074616612,0.0,0.0,0.0,True,C
550,839,150,150.9389811,13.862953494062992,8538.0,44.93684210526316,0.0,0.0,0.0,3.1670468426287983,False,True,348,PV+/PNN-,150.9389811,13.862953494062992,0.0,0.0,0.0,False,NONE
551,840,2843,160.47196938,14.294028726574819,12903.0,63.87623762376238,0.0,0.0,0.0,4.219035453647162,False,True,350,PV+/PNN-,160.47196938,14.294028726574819,0.0,0.0,0.0,False,NONE
552,843,1845,241.50236976,17.53540325529143,13004.0,42.776315789473685,0.0,0.0,0.0,3.054094687230333,False,True,351,PV+/PNN-,241.50236976,17.53540325529143,0.0,0.0,0.0,True,B
553,845,1600,162.06080076,14.36461695204847,16949.0,83.08333333333333,0.0,0.0,0.0,4.243623321678091,False,True,353,PV+/PNN-,162.06080076,14.36461695204847,0.0,0.0,0.0,True,C
554,847,2013,170.00495766,14.712478883374446,6420.0,30.0,0.0,0.0,0.0,2.919798649096327,False,True,354,PV+/PNN-,170.00495766,14.712478883374446,0.0,0.0,0.0,True,B
555,852,850,122.34001626,12.48071098158173,3965.0,25.746753246753247,0.0,0.0,0.0,3.983935255362317,False,True,359,PV+/PNN-,122.34001626,12.48071098158173,0.0,0.0,0.0,True,C
556,853,2134,120.75118488,12.39940255265723,5414.0,35.61842105263158,0.0,0.0,0.0,7.008203428225133,False,True,360,PV+/PNN-,120.75118488,12.39940255265723,0.0,0.0,0.0,True,B
557,856,2417,166.8272949,14.574330482319752,4156.0,19.79047619047619,0.0,0.0,0.0,2.6981696963964286,False,True,362,PV+/PNN-,166.8272949,14.574330482319752,0.0,0.0,0.0,True,A
558,859,1146,158.08872231,14.187487896796528,5697.0,28.628140703517587,0.0,0.0,0.0,2.777313530714263,False,True,366,PV+/PNN-,158.08872231,14.187487896796528,0.0,0.0,0.0,True,C
559,862,1920,176.36028318,14.984955344126572,12334.0,55.55855855855856,0.0,0.0,0.0,2.504590658246374,False,True,368,PV+/PNN-,176.36028318,14.984955344126572,0.0,0.0,0.0,True,B
560,865,1901,202.57600095,16.06012998776311,12012.0,47.10588235294118,0.0,0.0,0.0,2.7575672493831167,False,True,370,PV+/PNN-,202.57600095,16.06012998776311,0.0,0.0,0.0,True,B
561,868,1353,242.29678545000002,17.56422069996706,15748.0,51.6327868852459,0.0,0.0,0.0,4.740225540495685,False,True,371,PV+/PNN-,242.29678545000002,17.56422069996706,0.0,0.0,0.0,True,C
562,868,780,161.26638507,14.329366305165495,8302.0,40.89655172413793,0.0,0.0,0.0,3.870978399449992,False,True,372,PV+/PNN-,161.26638507,14.329366305165495,0.0,0.0,0.0,False,NONE
563,870,1639,228.79171872,17.067708217046253,8130.0,28.229166666666668,0.0,0.0,0.0,3.4222031332603895,False,True,373,PV+/PNN-,228.79171872,17.067708217046253,0.0,0.0,0.0,True,C
564,870,1319,192.24859698,15.645399198959067,12229.0,50.53305785123967,0.0,0.0,0.0,3.83113679294576,False,True,374,PV+/PNN-,192.24859698,15.645399198959067,0.0,0.0,0.0,True,C
565,871,690,121.54560057,12.440123196106569,12187.0,79.65359477124183,0.0,0.0,0.0,3.6387810300585435,False,True,375,PV+/PNN-,121.54560057,12.440123196106569,0.0,0.0,0.0,False,NONE
566,879,2580,163.64963214,14.434859996619657,3617.0,17.558252427184467,0.0,0.0,0.0,2.478915232505094,False,True,378,PV+/PNN-,163.64963214,14.434859996619657,0.0,0.0,0.0,False,NONE
567,882,2490,208.13691078,16.279070781961433,6733.0,25.698473282442748,0.0,0.0,0.0,3.1855877814997235,False,True,379,PV+/PNN-,208.13691078,16.279070781961433,0.0,0.0,0.0,True,A
568,879,852,96.12429849,11.062967867954534,3378.0,27.917355371900825,0.0,0.0,0.0,2.6724971181817607,False,True,380,PV+/PNN-,96.12429849,11.062967867954534,0.0,0.0,0.0,True,C
569,884,2603,189.07093422,15.515559616363333,3785.0,15.903361344537815,0.0,0.0,0.0,3.6043742498800295,False,True,381,PV+/PNN-,189.07093422,15.515559616363333,0.0,0.0,0.0,False,NONE
570,884,1895,132.66742023,12.996822909266468,11266.0,67.46107784431138,0.0,0.0,0.0,2.74769225417392,False,True,382,PV+/PNN-,132.66742023,12.996822909266468,0.0,0.0,0.0,True,B
571,884,424,62.75883951,8.93907356753593,3684.0,46.63291139240506,0.0,0.0,0.0,4.574087354800801,False,True,383,PV+/PNN-,62.75883951,8.93907356753593,0.0,0.0,0.0,False,NONE
572,893,108,138.22833006,13.266415342325757,2989.0,17.17816091954023,0.0,0.0,0.0,1.8502494733532688,False,True,385,PV+/PNN-,138.22833006,13.266415342325757,0.0,0.0,0.0,False,NONE
573,895,868,108.04053384,11.728660627684029,4108.0,30.205882352941178,0.0,0.0,0.0,2.7865739993607543,False,True,386,PV+/PNN-,108.04053384,11.728660627684029,0.0,0.0,0.0,True,C
574,899,517,143.78923989,13.53063732184699,14950.0,82.59668508287292,0.0,0.0,0.0,3.5705417400799893,False,True,387,PV+/PNN-,143.78923989,13.53063732184699,0.0,0.0,0.0,False,NONE
575,901,119,164.44404783,14.469853647963289,4587.0,22.159420289855074,0.0,0.0,0.0,1.8578259601342155,False,True,388,PV+/PNN-,164.44404783,14.469853647963289,0.0,0.0,0.0,False,NONE
576,903,1039,187.48210284,15.45023065413564,6014.0,25.483050847457626,0.0,0.0,0.0,4.286228809572809,False,True,393,PV+/PNN-,187.48210284,15.45023065413564,0.0,0.0,0.0,True,C
577,904,1340,169.21054197,14.678063680958497,6086.0,28.572769953051644,0.0,0.0,0.0,3.312492426386081,False,True,394,PV+/PNN-,169.21054197,14.678063680958497,0.0,0.0,0.0,True,C
578,904,1720,186.68768715,15.41746236559462,22965.0,97.72340425531915,0.0,0.0,0.0,4.074957247682518,False,True,395,PV+/PNN-,186.68768715,15.41746236559462,0.0,0.0,0.0,True,C
579,905,1248,110.42378091,11.857315232959936,3235.0,23.27338129496403,0.0,0.0,0.0,3.3294507159891107,False,True,397,PV+/PNN-,110.42378091,11.857315232959936,0.0,0.0,0.0,True,C
580,910,1964,247.85769528,17.76463394211696,15346.0,49.18589743589744,0.0,0.0,0.0,3.657337687940332,False,True,399,PV+/PNN-,247.85769528,17.76463394211696,0.0,0.0,0.0,True,B
581,908,2002,171.59378904,14.781068900342463,4225.0,19.560185185185187,0.0,0.0,0.0,2.5295144042090563,False,True,401,PV+/PNN-,171.59378904,14.781068900342463,0.0,0.0,0.0,True,B
582,907,825,126.31209471,12.681701540530954,4414.0,27.761006289308177,0.0,0.0,0.0,2.981040686741676,False,True,402,PV+/PNN-,126.31209471,12.681701540530954,0.0,0.0,0.0,False,NONE
583,910,2815,72.29182779,9.593998848416254,8223.0,90.36263736263736,0.0,0.0,0.0,4.270528337742872,False,True,404,PV+/PNN-,72.29182779,9.593998848416254,0.0,0.0,0.0,False,NONE
584,916,1468,147.76131834,13.716251444643651,10186.0,54.763440860215056,0.0,0.0,0.0,3.1512999446724823,False,True,405,PV+/PNN-,147.76131834,13.716251444643651,0.0,0.0,0.0,True,C
585,917,1207,159.67755369,14.258603569939103,6148.0,30.587064676616915,0.0,0.0,0.0,2.905466046290026,False,True,406,PV+/PNN-,159.67755369,14.258603569939103,0.0,0.0,0.0,True,C
586,929,841,100.09637694,11.289227848029503,3075.0,24.404761904761905,0.0,0.0,0.0,2.489905845067097,False,True,409,PV+/PNN-,100.09637694,11.289227848029503,0.0,0.0,0.0,False,NONE
587,930,899,73.08624348000001,9.646569098642193,3227.0,35.07608695652174,0.0,0.0,0.0,2.323001423062558,False,True,410,PV+/PNN-,73.08624348000001,9.646569098642193,0.0,0.0,0.0,True,C
588,930,2662,52.43143554,8.17054325713784,1538.0,23.303030303030305,0.0,0.0,0.0,2.929644607216432,False,True,411,PV+/PNN-,52.43143554,8.17054325713784,0.0,0.0,0.0,False,NONE
589,938,2838,132.66742023,12.996822909266468,6954.0,41.64071856287425,0.0,0.0,0.0,3.6602625928720562,False,True,412,PV+/PNN-,132.66742023,12.996822909266468,0.0,0.0,0.0,False,NONE
590,939,624,127.1065104,12.72151859781572,6623.0,41.39375,0.0,0.0,0.0,3.3188507796345017,False,True,413,PV+/PNN-,127.1065104,12.72151859781572,0.0,0.0,0.0,False,NONE
591,951,1377,156.49989093,14.116013951495509,5919.0,30.04568527918782,0.0,0.0,0.0,4.1012900030683985,False,True,415,PV+/PNN-,156.49989093,14.116013951495509,0.0,0.0,0.0,True,C
592,949,1882,157.29430662000001,14.151796046802042,5666.0,28.616161616161616,0.0,0.0,0.0,2.6812982971219355,False,True,416,PV+/PNN-,157.29430662000001,14.151796046802042,0.0,0.0,0.0,True,B
593,949,894,130.28417316,12.879555944225542,3547.0,21.628048780487806,0.0,0.0,0.0,3.37874472895526,False,True,417,PV+/PNN-,130.28417316,12.879555944225542,0.0,0.0,0.0,True,C
594,955,925,156.49989093,14.116013951495509,4802.0,24.375634517766496,0.0,0.0,0.0,4.416169474273621,False,True,418,PV+/PNN-,156.49989093,14.116013951495509,0.0,0.0,0.0,True,C
595,956,2599,177.15469887,15.0186673222671,5020.0,22.51121076233184,0.0,0.0,0.0,2.1943697567693383,False,True,419,PV+/PNN-,177.15469887,15.0186673222671,0.0,0.0,0.0,False,NONE
596,956,684,119.1623535,12.317557416952052,2724.0,18.16,0.0,0.0,0.0,2.203439106550763,False,True,420,PV+/PNN-,119.1623535,12.317557416952052,0.0,0.0,0.0,False,NONE
597,961,2722,98.50754556,11.199272407696524,1839.0,14.830645161290322,0.0,0.0,0.0,2.1757604127446206,False,True,422,PV+/PNN-,98.50754556,11.199272407696524,0.0,0.0,0.0,False,NONE
598,967,95,151.73339679,13.899387074616612,12158.0,63.654450261780106,0.0,0.0,0.0,2.9266789210215736,False,True,423,PV+/PNN-,151.73339679,13.899387074616612,0.0,0.0,0.0,False,NONE
599,965,2750,112.80702798,11.984588810142046,3891.0,27.401408450704224,0.0,0.0,0.0,2.8390396614267472,False,True,424,PV+/PNN-,112.80702798,11.984588810142046,0.0,0.0,0.0,False,NONE
600,966,565,119.1623535,12.317557416952052,3214.0,21.426666666666666,0.0,0.0,0.0,4.003655206571342,False,True,425,PV+/PNN-,119.1623535,12.317557416952052,0.0,0.0,0.0,False,NONE
601,975,1544,144.58365558,13.56796328882212,5391.0,29.62087912087912,0.0,0.0,0.0,2.68281812394049,False,True,426,PV+/PNN-,144.58365558,13.56796328882212,0.0,0.0,0.0,True,C
602,983,2316,189.07093422,15.515559616363333,4141.0,17.399159663865547,0.0,0.0,0.0,2.9300235921647926,False,True,432,PV+/PNN-,189.07093422,15.515559616363333,0.0,0.0,0.0,True,A
603,984,1302,201.78158526,16.028608603131524,12335.0,48.56299212598425,0.0,0.0,0.0,3.1331095104095206,False,True,433,PV+/PNN-,201.78158526,16.028608603131524,0.0,0.0,0.0,True,C
604,989,1690,190.65976560000001,15.580614658987523,15845.0,66.02083333333333,0.0,0.0,0.0,1.9749394549663601,False,True,434,PV+/PNN-,190.65976560000001,15.580614658987523,0.0,0.0,0.0,True,C
605,988,1510,119.95676919,12.358547737957586,9194.0,60.88741721854305,0.0,0.0,0.0,2.013802130178248,False,True,435,PV+/PNN-,119.95676919,12.358547737957586,0.0,0.0,0.0,True,C
606,990,744,137.43391437,13.228238528376714,5066.0,29.283236994219653,0.0,0.0,0.0,2.864368064457616,False,True,436,PV+/PNN-,137.43391437,13.228238528376714,0.0,0.0,0.0,False,NONE
607,991,661,148.55573403,13.753073662427433,7942.0,42.470588235294116,0.0,0.0,0.0,2.5264046221605625,False,True,437,PV+/PNN-,148.55573403,13.753073662427433,0.0,0.0,0.0,False,NONE
608,995,732,141.40599282,13.418036440588484,6656.0,37.39325842696629,0.0,0.0,0.0,2.3912715346789626,False,True,440,PV+/PNN-,141.40599282,13.418036440588484,0.0,0.0,0.0,False,NONE
609,1004,357,162.06080076,14.36461695204847,7570.0,37.1078431372549,0.0,0.0,0.0,4.032930429486399,False,True,443,PV+/PNN-,162.06080076,14.36461695204847,0.0,0.0,0.0,False,NONE
610,1002,487,137.43391437,13.228238528376714,10204.0,58.982658959537574,0.0,0.0,0.0,2.2924579583633635,False,True,444,PV+/PNN-,137.43391437,13.228238528376714,0.0,0.0,0.0,False,NONE
611,1016,1159,141.40599282,13.418036440588484,9782.0,54.95505617977528,0.0,0.0,0.0,2.323713933279641,False,True,447,PV+/PNN-,141.40599282,13.418036440588484,0.0,0.0,0.0,True,C
612,1017,865,141.40599282,13.418036440588484,3211.0,18.03932584269663,0.0,0.0,0.0,1.6842578249850708,False,True,448,PV+/PNN-,141.40599282,13.418036440588484,0.0,0.0,0.0,False,NONE
613,1024,1283,204.95924802,16.154325106244645,9476.0,36.72868217054263,0.0,0.0,0.0,2.3087858241055947,False,True,451,PV+/PNN-,204.95924802,16.154325106244645,0.0,0.0,0.0,True,C
614,1034,192,205.75366371,16.185601660417575,23471.0,90.62162162162163,0.0,0.0,0.0,2.89564084850913,False,True,452,PV+/PNN-,205.75366371,16.185601660417575,0.0,0.0,0.0,False,NONE
615,1037,226,227.99730303,17.038051012682235,29937.0,104.31010452961672,0.0,0.0,0.0,2.9653468380590824,False,True,453,PV+/PNN-,227.99730303,17.038051012682235,0.0,0.0,0.0,False,NONE
616,1043,1986,166.8272949,14.574330482319752,7546.0,35.93333333333333,0.0,0.0,0.0,2.092654832821857,False,True,457,PV+/PNN-,166.8272949,14.574330482319752,0.0,0.0,0.0,True,B
617,1049,1490,89.76897297000001,10.690996505268625,6489.0,57.424778761061944,0.0,0.0,0.0,2.498192848450622,False,True,461,PV+/PNN-,89.76897297000001,10.690996505268625,0.0,0.0,0.0,True,C
618,1050,1726,142.20040851,13.455674765407588,4792.0,26.77094972067039,0.0,0.0,0.0,2.199652183931918,False,True,462,PV+/PNN-,142.20040851,13.455674765407588,0.0,0.0,0.0,True,C
619,1049,2813,140.61157713,13.380292240810528,13746.0,77.66101694915254,0.0,0.0,0.0,2.5473867705355033,False,True,463,PV+/PNN-,140.61157713,13.380292240810528,0.0,0.0,0.0,False,NONE
620,1052,867,166.8272949,14.574330482319752,4650.0,22.142857142857142,0.0,0.0,0.0,2.3715998823337383,False,True,464,PV+/PNN-,166.8272949,14.574330482319752,0.0,0.0,0.0,False,NONE
621,1053,1654,178.74353025,15.085865274483455,6497.0,28.875555555555554,0.0,0.0,0.0,2.7193740558511936,False,True,465,PV+/PNN-,178.74353025,15.085865274483455,0.0,0.0,0.0,True,C
622,1052,1041,143.78923989,13.53063732184699,14027.0,77.49723756906077,0.0,0.0,0.0,3.76327732037539,False,True,466,PV+/PNN-,143.78923989,13.53063732184699,0.0,0.0,0.0,True,C
623,1056,1314,173.97703611,14.883361255142246,7865.0,35.91324200913242,0.0,0.0,0.0,1.7881033174384793,False,True,467,PV+/PNN-,173.97703611,14.883361255142246,0.0,0.0,0.0,True,C
624,1054,2155,157.29430662000001,14.151796046802042,2565.0,12.954545454545455,0.0,0.0,0.0,1.7041487719317259,False,True,468,PV+/PNN-,157.29430662000001,14.151796046802042,0.0,0.0,0.0,True,B
625,1056,362,144.58365558,13.56796328882212,15328.0,84.21978021978022,0.0,0.0,0.0,2.1699360441625473,False,True,469,PV+/PNN-,144.58365558,13.56796328882212,0.0,0.0,0.0,False,NONE
626,1054,444,142.9948242,13.493208101259413,8720.0,48.44444444444444,0.0,0.0,0.0,2.9249542894955187,False,True,470,PV+/PNN-,142.9948242,13.493208101259413,0.0,0.0,0.0,False,NONE
627,1054,577,133.46183592,13.035677474005707,4186.0,24.916666666666668,0.0,0.0,0.0,3.1629363718788768,False,True,471,PV+/PNN-,133.46183592,13.035677474005707,0.0,0.0,0.0,False,NONE
628,1054,1792,111.2181966,11.899891008124815,2756.0,19.685714285714287,0.0,0.0,0.0,1.6056349191415604,False,True,472,PV+/PNN-,111.2181966,11.899891008124815,0.0,0.0,0.0,True,C
629,1058,335,191.45418129,15.613040531021587,12140.0,50.37344398340249,0.0,0.0,0.0,3.9759761940343443,False,True,473,PV+/PNN-,191.45418129,15.613040531021587,0.0,0.0,0.0,False,NONE
630,1061,1983,177.15469887,15.0186673222671,3449.0,15.466367713004484,0.0,0.0,0.0,1.6722058584432038,False,True,474,PV+/PNN-,177.15469887,15.0186673222671,0.0,0.0,0.0,True,B
631,1060,478,115.19027505,12.11052490037406,5558.0,38.33103448275862,0.0,0.0,0.0,2.670271281366049,False,True,475,PV+/PNN-,115.19027505,12.11052490037406,0.0,0.0,0.0,False,NONE
632,1069,2056,157.29430662000001,14.151796046802042,2411.0,12.176767676767676,0.0,0.0,0.0,2.0920019680841473,False,True,477,PV+/PNN-,157.29430662000001,14.151796046802042,0.0,0.0,0.0,True,B
633,1069,390,124.72326333,12.60169000650996,8957.0,57.05095541401274,0.0,0.0,0.0,2.385030008157552,False,True,478,PV+/PNN-,124.72326333,12.60169000650996,0.0,0.0,0.0,False,NONE
634,1072,1933,154.91105955,14.044176264056345,3975.0,20.384615384615383,0.0,0.0,0.0,1.6796888112727633,False,True,480,PV+/PNN-,154.91105955,14.044176264056345,0.0,0.0,0.0,True,B
635,1076,890,243.88561683,17.621714211168094,6424.0,20.925081433224754,0.0,0.0,0.0,1.8444900668049475,False,True,481,PV+/PNN-,243.88561683,17.621714211168094,0.0,0.0,0.0,False,NONE
636,1073,456,137.43391437,13.228238528376714,6083.0,35.16184971098266,0.0,0.0,0.0,3.322033793161199,False,True,483,PV+/PNN-,137.43391437,13.228238528376714,0.0,0.0,0.0,False,NONE
637,1078,494,104.06845539,11.51104134134072,2788.0,21.282442748091604,0.0,0.0,0.0,2.4085043141153406,False,True,485,PV+/PNN-,104.06845539,11.51104134134072,0.0,0.0,0.0,False,NONE
638,1084,2793,143.78923989,13.53063732184699,16264.0,89.85635359116021,0.0,0.0,0.0,2.9870725942710448,False,True,486,PV+/PNN-,143.78923989,13.53063732184699,0.0,0.0,0.0,False,NONE
639,1088,2415,146.96690265,13.679330108642857,2242.0,12.118918918918919,0.0,0.0,0.0,1.025219593641064,False,True,487,PV+/PNN-,146.96690265,13.679330108642857,0.0,0.0,0.0,False,NONE
640,1089,588,167.62171059,14.608990056788349,3849.0,18.24170616113744,0.0,0.0,0.0,2.5866341315273513,False,True,488,PV+/PNN-,167.62171059,14.608990056788349,0.0,0.0,0.0,False,NONE
641,1087,1472,154.91105955,14.044176264056345,4971.0,25.49230769230769,0.0,0.0,0.0,3.9656775097115946,False,True,489,PV+/PNN-,154.91105955,14.044176264056345,0.0,0.0,0.0,True,C
642,1096,1078,191.45418129,15.613040531021587,11539.0,47.87966804979253,0.0,0.0,0.0,2.388154687122517,False,True,490,PV+/PNN-,191.45418129,15.613040531021587,0.0,0.0,0.0,True,C
643,1102,788,119.95676919,12.358547737957586,7110.0,47.086092715231786,0.0,0.0,0.0,2.848023999296723,False,True,492,PV+/PNN-,119.95676919,12.358547737957586,0.0,0.0,0.0,False,NONE
644,1103,1627,159.67755369,14.258603569939103,6018.0,29.940298507462686,0.0,0.0,0.0,2.8391230906968596,False,True,493,PV+/PNN-,159.67755369,14.258603569939103,0.0,0.0,0.0,True,C
645,1109,492,173.18262042,14.84934209921784,4831.0,22.160550458715598,0.0,0.0,0.0,2.8957167620228126,False,True,495,PV+/PNN-,173.18262042,14.84934209921784,0.0,0.0,0.0,False,NONE
646,1110,2310,204.95924802,16.154325106244645,2522.0,9.775193798449612,0.0,0.0,0.0,1.4513554700803708,False,True,496,PV+/PNN-,204.95924802,16.154325106244645,0.0,0.0,0.0,False,NONE
647,1115,1353,198.6039225,15.90189824726965,11549.0,46.196,0.0,0.0,0.0,2.6050746209292517,False,True,497,PV+/PNN-,198.6039225,15.90189824726965,0.0,0.0,0.0,True,C
648,1115,1538,198.6039225,15.90189824726965,4749.0,18.996,0.0,0.0,0.0,1.9721415000490004,False,True,498,PV+/PNN-,198.6039225,15.90189824726965,0.0,0.0,0.0,True,C
649,1122,1454,177.15469887,15.0186673222671,7218.0,32.36771300448431,0.0,0.0,0.0,3.3529542755502297,False,True,500,PV+/PNN-,177.15469887,15.0186673222671,0.0,0.0,0.0,True,C
650,1121,256,149.35014972,13.789797556005714,28857.0,153.49468085106383,0.0,0.0,0.0,2.4787676655833297,False,True,501,PV+/PNN-,149.35014972,13.789797556005714,0.0,0.0,0.0,False,NONE
651,1126,1712,148.55573403,13.753073662427433,6704.0,35.850267379679146,0.0,0.0,0.0,2.399702374224587,False,True,502,PV+/PNN-,148.55573403,13.753073662427433,0.0,0.0,0.0,True,C
652,1123,346,100.89079263,11.333937836259333,3327.0,26.19685039370079,0.0,0.0,0.0,2.354050861950421,False,True,503,PV+/PNN-,100.89079263,11.333937836259333,0.0,0.0,0.0,False,NONE
653,1126,714,170.79937335,14.746813769937052,3380.0,15.720930232558139,0.0,0.0,0.0,2.4803641909659704,False,True,505,PV+/PNN-,170.79937335,14.746813769937052,0.0,0.0,0.0,False,NONE
654,1129,615,174.7714518,14.917302830020427,8536.0,38.8,0.0,0.0,0.0,4.53409406143952,False,True,507,PV+/PNN-,174.7714518,14.917302830020427,0.0,0.0,0.0,False,NONE
655,1133,378,200.98716957,15.99702510721652,7947.0,31.41106719367589,0.0,0.0,0.0,2.500300138917472,False,True,508,PV+/PNN-,200.98716957,15.99702510721652,0.0,0.0,0.0,False,NONE
656,1132,290,145.37807127,13.6051868520168,7258.0,39.66120218579235,0.0,0.0,0.0,2.3883949544538225,False,True,509,PV+/PNN-,145.37807127,13.6051868520168,0.0,0.0,0.0,False,NONE
657,1139,1357,266.12925615,18.40777805551592,12756.0,38.07761194029851,0.0,0.0,0.0,2.9605543933450664,False,True,510,PV+/PNN-,266.12925615,18.40777805551592,0.0,0.0,0.0,True,C
658,1134,1172,188.27651853,15.482929591568213,5569.0,23.49789029535865,0.0,0.0,0.0,3.1548894660240556,False,True,511,PV+/PNN-,188.27651853,15.482929591568213,0.0,0.0,0.0,True,C
659,1135,2503,101.68520832,11.378472144697502,2176.0,17.0,0.0,0.0,0.0,1.7589537063589806,False,True,513,PV+/PNN-,101.68520832,11.378472144697502,0.0,0.0,0.0,False,NONE
660,1141,1338,97.71312987,11.154022637162193,2705.0,21.991869918699187,0.0,0.0,0.0,2.186673640656047,False,True,515,PV+/PNN-,97.71312987,11.154022637162193,0.0,0.0,0.0,True,C
661,1145,219,134.25625161,13.074416571218995,15465.0,91.50887573964496,0.0,0.0,0.0,3.0399535360464616,False,True,516,PV+/PNN-,134.25625161,13.074416571218995,0.0,0.0,0.0,False,NONE
662,1146,1666,214.4922363,16.525737420636904,3948.0,14.622222222222222,0.0,0.0,0.0,2.3803562874561757,False,True,518,PV+/PNN-,214.4922363,16.525737420636904,0.0,0.0,0.0,False,NONE
663,1148,2829,176.36028318,14.984955344126572,15023.0,67.67117117117117,0.0,0.0,0.0,2.453104426299553,False,True,519,PV+/PNN-,176.36028318,14.984955344126572,0.0,0.0,0.0,False,NONE
664,1149,702,127.90092609,12.761211420003875,3220.0,20.0,0.0,0.0,0.0,2.799064189826274,False,True,520,PV+/PNN-,127.90092609,12.761211420003875,0.0,0.0,0.0,False,NONE
665,1151,1783,193.83742836,15.709916582774113,4419.0,18.110655737704917,0.0,0.0,0.0,2.0025823126692632,False,True,521,PV+/PNN-,193.83742836,15.709916582774113,0.0,0.0,0.0,False,NONE
666,1154,2530,139.81716144,13.342441267550265,3971.0,22.5625,0.0,0.0,0.0,2.6207150265601427,False,True,523,PV+/PNN-,139.81716144,13.342441267550265,0.0,0.0,0.0,False,NONE
667,1159,2054,206.5480794,16.216817893198968,12463.0,47.934615384615384,0.0,0.0,0.0,1.6096254557316694,False,True,525,PV+/PNN-,206.5480794,16.216817893198968,0.0,0.0,0.0,False,NONE
668,1168,2704,119.1623535,12.317557416952052,6701.0,44.67333333333333,0.0,0.0,0.0,2.479662740945455,False,True,527,PV+/PNN-,119.1623535,12.317557416952052,0.0,0.0,0.0,False,NONE
669,1173,1205,187.48210284,15.45023065413564,6970.0,29.533898305084747,0.0,0.0,0.0,3.4038589663591976,False,True,528,PV+/PNN-,187.48210284,15.45023065413564,0.0,0.0,0.0,True,C
670,1174,2731,82.61923176,10.256416188536388,2507.0,24.10576923076923,0.0,0.0,0.0,1.8202734527833244,False,True,531,PV+/PNN-,82.61923176,10.256416188536388,0.0,0.0,0.0,False,NONE
671,1182,1120,202.57600095,16.06012998776311,13703.0,53.73725490196078,0.0,0.0,0.0,3.405637574839224,False,True,532,PV+/PNN-,202.57600095,16.06012998776311,0.0,0.0,0.0,True,C
672,1179,83,110.42378091,11.857315232959936,12361.0,88.92805755395683,0.0,0.0,0.0,3.0604907147489304,False,True,533,PV+/PNN-,110.42378091,11.857315232959936,0.0,0.0,0.0,False,NONE
673,1183,1386,240.70795407,17.50653837439656,10431.0,34.42574257425743,0.0,0.0,0.0,2.7840054194924235,False,True,534,PV+/PNN-,240.70795407,17.50653837439656,0.0,0.0,0.0,True,C
674,1184,2725,162.06080076,14.36461695204847,6009.0,29.455882352941178,0.0,0.0,0.0,2.575005651938349,False,True,536,PV+/PNN-,162.06080076,14.36461695204847,0.0,0.0,0.0,False,NONE
675,1185,2776,115.98469074,12.152213577535832,6866.0,47.02739726027397,0.0,0.0,0.0,2.8305746191071575,False,True,537,PV+/PNN-,115.98469074,12.152213577535832,0.0,0.0,0.0,False,NONE
676,1192,1365,199.39833819,15.933670303416713,3875.0,15.43824701195219,0.0,0.0,0.0,1.756044605249949,False,True,538,PV+/PNN-,199.39833819,15.933670303416713,0.0,0.0,0.0,True,C
677,1192,2697,185.09885577,15.351715957885437,7046.0,30.240343347639485,0.0,0.0,0.0,2.728715050443348,False,True,540,PV+/PNN-,185.09885577,15.351715957885437,0.0,0.0,0.0,False,NONE
678,1196,1199,217.66989906,16.647700237020825,25681.0,93.72627737226277,0.0,0.0,0.0,2.714524672891458,False,True,541,PV+/PNN-,217.66989906,16.647700237020825,0.0,0.0,0.0,True,C
679,1198,1495,212.90340492,16.464417218744998,4458.0,16.634328358208954,0.0,0.0,0.0,2.77618613505602,False,True,542,PV+/PNN-,212.90340492,16.464417218744998,0.0,0.0,0.0,False,NONE
680,1197,1757,142.20040851,13.455674765407588,1383.0,7.726256983240224,0.0,0.0,0.0,1.4001414717800689,False,True,543,PV+/PNN-,142.20040851,13.455674765407588,0.0,0.0,0.0,False,NONE
681,1203,2497,145.37807127,13.6051868520168,613.0,3.349726775956284,0.0,0.0,0.0,6.280353172253541,False,True,544,PV+/PNN-,145.37807127,13.6051868520168,0.0,0.0,0.0,False,NONE
682,1209,2350,150.14456541,13.82642390884524,1497.0,7.920634920634921,0.0,0.0,0.0,0.6620850204087335,False,True,546,PV+/PNN-,150.14456541,13.82642390884524,0.0,0.0,0.0,False,NONE
683,1212,1097,134.25625161,13.074416571218995,5959.0,35.260355029585796,0.0,0.0,0.0,4.171393948303847,False,True,547,PV+/PNN-,134.25625161,13.074416571218995,0.0,0.0,0.0,True,C
684,1215,324,207.34249509,16.247974152264163,11298.0,43.28735632183908,0.0,0.0,0.0,3.7000427708008785,False,True,548,PV+/PNN-,207.34249509,16.247974152264163,0.0,0.0,0.0,False,NONE
685,1217,2366,301.08354651,19.57936356692016,3740.0,9.868073878627968,0.0,0.0,0.0,0.6377194725471125,False,True,550,PV+/PNN-,301.08354651,19.57936356692016,0.0,0.0,0.0,False,NONE
686,1217,1082,171.59378904,14.781068900342463,7197.0,33.31944444444444,0.0,0.0,0.0,2.8172473567035277,False,True,551,PV+/PNN-,171.59378904,14.781068900342463,0.0,0.0,0.0,True,C
687,1218,1309,198.6039225,15.90189824726965,3049.0,12.196,0.0,0.0,0.0,1.9288029643077642,False,True,552,PV+/PNN-,198.6039225,15.90189824726965,0.0,0.0,0.0,True,C
688,1217,2109,135.84508299,13.151552441468574,1310.0,7.6608187134502925,0.0,0.0,0.0,1.33126534826238,False,True,553,PV+/PNN-,135.84508299,13.151552441468574,0.0,0.0,0.0,False,NONE
689,1221,2298,164.44404783,14.469853647963289,1827.0,8.826086956521738,0.0,0.0,0.0,0.7925957192151545,False,True,554,PV+/PNN-,164.44404783,14.469853647963289,0.0,0.0,0.0,False,NONE
690,1221,1106,142.9948242,13.493208101259413,6459.0,35.88333333333333,0.0,0.0,0.0,4.191640735534397,False,True,555,PV+/PNN-,142.9948242,13.493208101259413,0.0,0.0,0.0,True,C
691,1219,104,65.14208658,9.10722134683339,1317.0,16.0609756097561,0.0,0.0,0.0,2.5975824323596735,False,True,556,PV+/PNN-,65.14208658,9.10722134683339,0.0,0.0,0.0,False,NONE
692,1224,273,235.14704424,17.303136003451996,15992.0,54.027027027027025,0.0,0.0,0.0,3.464862515546188,False,True,557,PV+/PNN-,235.14704424,17.303136003451996,0.0,0.0,0.0,False,NONE
693,1223,813,162.06080076,14.36461695204847,9276.0,45.470588235294116,0.0,0.0,0.0,2.4337655413832535,False,True,558,PV+/PNN-,162.06080076,14.36461695204847,0.0,0.0,0.0,False,NONE
694,1224,1836,104.86287108,11.554893086200376,1132.0,8.575757575757576,0.0,0.0,0.0,1.8238120060934808,False,True,559,PV+/PNN-,104.86287108,11.554893086200376,0.0,0.0,0.0,False,NONE
695,1229,1721,170.00495766,14.712478883374446,2785.0,13.014018691588785,0.0,0.0,0.0,2.0935980023912877,False,True,560,PV+/PNN-,170.00495766,14.712478883374446,0.0,0.0,0.0,False,NONE
696,1231,2784,163.64963214,14.434859996619657,10064.0,48.85436893203884,0.0,0.0,0.0,2.6193620502944945,False,True,561,PV+/PNN-,163.64963214,14.434859996619657,0.0,0.0,0.0,False,NONE
697,1237,348,18.271560870000002,4.823284549321096,1624.0,70.6086956521739,0.0,0.0,0.0,3.0490202522202714,False,True,565,PV+/PNN-,18.271560870000002,4.823284549321096,0.0,0.0,0.0,False,NONE
698,1244,623,173.97703611,14.883361255142246,9022.0,41.19634703196347,0.0,0.0,0.0,3.089085755453159,False,True,566,PV+/PNN-,173.97703611,14.883361255142246,0.0,0.0,0.0,False,NONE
699,1251,527,63.5532552,8.995472067506276,2513.0,31.4125,0.0,0.0,0.0,2.8426031341264117,False,True,570,PV+/PNN-,63.5532552,8.995472067506276,0.0,0.0,0.0,False,NONE
700,1254,1476,216.08106768,16.586830928142092,2948.0,10.838235294117647,0.0,0.0,0.0,2.7213525846726054,False,True,571,PV+/PNN-,216.08106768,16.586830928142092,0.0,0.0,0.0,False,NONE
701,1257,2275,153.32222817,13.97196922387648,2735.0,14.17098445595855,0.0,0.0,0.0,0.6107320842655557,False,True,572,PV+/PNN-,153.32222817,13.97196922387648,0.0,0.0,0.0,False,NONE
702,1257,2367,102.47962401,11.422832828117684,2115.0,16.3953488372093,0.0,0.0,0.0,0.7263699554551681,False,True,574,PV+/PNN-,102.47962401,11.422832828117684,0.0,0.0,0.0,False,NONE
703,1262,382,138.22833006,13.266415342325757,11333.0,65.13218390804597,0.0,0.0,0.0,2.7972706535015397,False,True,575,PV+/PNN-,138.22833006,13.266415342325757,0.0,0.0,0.0,False,NONE
704,1265,1018,285.19523271,19.055756302396375,11494.0,32.01671309192201,0.0,0.0,0.0,2.156048707136555,False,True,576,PV+/PNN-,285.19523271,19.055756302396375,0.0,0.0,0.0,False,NONE
705,1263,332,140.61157713,13.380292240810528,10809.0,61.067796610169495,0.0,0.0,0.0,3.392928141162155,False,True,578,PV+/PNN-,140.61157713,13.380292240810528,0.0,0.0,0.0,False,NONE
706,1273,2280,185.89327146,15.384624282804584,4040.0,17.264957264957264,0.0,0.0,0.0,0.5540958183315278,False,True,579,PV+/PNN-,185.89327146,15.384624282804584,0.0,0.0,0.0,False,NONE
707,1271,2368,159.67755369,14.258603569939103,2258.0,11.233830845771145,0.0,0.0,0.0,0.6480285126689681,False,True,580,PV+/PNN-,159.67755369,14.258603569939103,0.0,0.0,0.0,False,NONE
708,1271,404,161.26638507,14.329366305165495,9582.0,47.20197044334975,0.0,0.0,0.0,3.8874007320537194,False,True,581,PV+/PNN-,161.26638507,14.329366305165495,0.0,0.0,0.0,False,NONE
709,1269,430,119.95676919,12.358547737957586,5140.0,34.03973509933775,0.0,0.0,0.0,2.948162163170113,False,True,582,PV+/PNN-,119.95676919,12.358547737957586,0.0,0.0,0.0,False,NONE
710,1278,500,72.29182779,9.593998848416254,6081.0,66.82417582417582,0.0,0.0,0.0,2.627212286209463,False,True,583,PV+/PNN-,72.29182779,9.593998848416254,0.0,0.0,0.0,False,NONE
711,1285,2297,111.2181966,11.899891008124815,1918.0,13.7,0.0,0.0,0.0,0.6446352058841646,False,True,584,PV+/PNN-,111.2181966,11.899891008124815,0.0,0.0,0.0,False,NONE
712,1285,2390,117.57352212,12.235164803834003,2594.0,17.527027027027028,0.0,0.0,0.0,0.5542814658024898,False,True,585,PV+/PNN-,117.57352212,12.235164803834003,0.0,0.0,0.0,False,NONE
713,1289,2402,175.56586749,14.951167352217068,4048.0,18.316742081447963,0.0,0.0,0.0,0.5037234712104798,False,True,586,PV+/PNN-,175.56586749,14.951167352217068,0.0,0.0,0.0,False,NONE
714,1291,182,95.32988280000001,11.017158280424603,4726.0,39.38333333333333,0.0,0.0,0.0,2.3068245329298107,False,True,587,PV+/PNN-,95.32988280000001,11.017158280424603,0.0,0.0,0.0,False,NONE
715,1298,2285,198.6039225,15.90189824726965,3044.0,12.176,0.0,0.0,0.0,0.5743546604827564,False,True,589,PV+/PNN-,198.6039225,15.90189824726965,0.0,0.0,0.0,False,NONE
716,1297,1088,204.16483233,16.12298787963261,2688.0,10.459143968871595,0.0,0.0,0.0,1.956414209125159,False,True,591,PV+/PNN-,204.16483233,16.12298787963261,0.0,0.0,0.0,False,NONE
717,1297,2315,135.84508299,13.151552441468574,1992.0,11.649122807017545,0.0,0.0,0.0,0.5806879186458289,False,True,592,PV+/PNN-,135.84508299,13.151552441468574,0.0,0.0,0.0,False,NONE
718,1299,2300,161.26638507,14.329366305165495,2180.0,10.738916256157635,0.0,0.0,0.0,0.5589458204054306,False,True,593,PV+/PNN-,161.26638507,14.329366305165495,0.0,0.0,0.0,False,NONE
719,1303,427,152.52781248,13.93572540349032,16300.0,84.89583333333333,0.0,0.0,0.0,2.6745522071307186,False,True,594,PV+/PNN-,152.52781248,13.93572540349032,0.0,0.0,0.0,False,NONE
720,1307,2328,199.39833819,15.933670303416713,3289.0,13.103585657370518,0.0,0.0,0.0,0.5341183753407462,False,True,596,PV+/PNN-,199.39833819,15.933670303416713,0.0,0.0,0.0,False,NONE
721,1309,1326,243.88561683,17.621714211168094,3471.0,11.306188925081432,0.0,0.0,0.0,1.949590320821798,False,True,597,PV+/PNN-,243.88561683,17.621714211168094,0.0,0.0,0.0,False,NONE
722,1308,2313,128.69534178,12.800781162784691,2017.0,12.450617283950617,0.0,0.0,0.0,0.5622368037248284,False,True,598,PV+/PNN-,128.69534178,12.800781162784691,0.0,0.0,0.0,False,NONE
723,1312,883,181.12677732,15.186104684686724,3718.0,16.30701754385965,0.0,0.0,0.0,2.3953376644140443,False,True,599,PV+/PNN-,181.12677732,15.186104684686724,0.0,0.0,0.0,False,NONE
724,1316,2192,273.27899736,18.65340789733415,5492.0,15.965116279069768,0.0,0.0,0.0,1.574801444085617,False,True,600,PV+/PNN-,273.27899736,18.65340789733415,0.0,0.0,0.0,False,NONE
725,1316,482,101.68520832,11.378472144697502,5879.0,45.9296875,0.0,0.0,0.0,3.751380379558841,False,True,601,PV+/PNN-,101.68520832,11.378472144697502,0.0,0.0,0.0,False,NONE
726,1319,52,82.61923176,10.256416188536388,9499.0,91.33653846153847,0.0,0.0,0.0,2.4132933575265714,False,True,603,PV+/PNN-,82.61923176,10.256416188536388,0.0,0.0,0.0,False,NONE
727,1320,659,134.25625161,13.074416571218995,5680.0,33.6094674556213,0.0,0.0,0.0,2.867348989967346,False,True,604,PV+/PNN-,134.25625161,13.074416571218995,0.0,0.0,0.0,False,NONE
728,1322,2123,224.02522458,16.888983834246268,2852.0,10.113475177304965,0.0,0.0,0.0,1.1994854263195776,False,True,605,PV+/PNN-,224.02522458,16.888983834246268,0.0,0.0,0.0,False,NONE
729,1346,2739,86.59131021,10.500070494515816,5751.0,52.76146788990825,0.0,0.0,0.0,3.0497326290334565,False,True,610,PV+/PNN-,86.59131021,10.500070494515816,0.0,0.0,0.0,False,NONE
730,1347,2861,49.25377278,7.919081463837606,4999.0,80.62903225806451,0.0,0.0,0.0,4.535874752782695,False,True,611,PV+/PNN-,49.25377278,7.919081463837606,0.0,0.0,0.0,False,NONE
731,1354,435,170.00495766,14.712478883374446,10799.0,50.46261682242991,0.0,0.0,0.0,3.8166575329269823,False,True,612,PV+/PNN-,170.00495766,14.712478883374446,0.0,0.0,0.0,False,NONE
732,1368,227,88.18014159,10.595963539609496,4600.0,41.44144144144144,0.0,0.0,0.0,2.7244797738525866,False,True,614,PV+/PNN-,88.18014159,10.595963539609496,0.0,0.0,0.0,False,NONE
733,1366,375,59.58117675,8.70982837718145,4120.0,54.93333333333333,0.0,0.0,0.0,2.868598318110395,False,True,615,PV+/PNN-,59.58117675,8.70982837718145,0.0,0.0,0.0,False,NONE
734,1378,1182,37.33753743,6.894898778002857,260.0,5.531914893617022,0.0,0.0,0.0,0.5142461278624588,False,True,617,PV+/PNN-,37.33753743,6.894898778002857,0.0,0.0,0.0,False,NONE
735,1389,234,86.59131021,10.500070494515816,10706.0,98.22018348623853,0.0,0.0,0.0,2.4140075609469696,False,True,618,PV+/PNN-,86.59131021,10.500070494515816,0.0,0.0,0.0,False,NONE
736,1397,222,185.09885577,15.351715957885437,16065.0,68.94849785407726,0.0,0.0,0.0,2.6658626251241473,False,True,620,PV+/PNN-,185.09885577,15.351715957885437,0.0,0.0,0.0,False,NONE
737,1398,118,128.69534178,12.800781162784691,7386.0,45.592592592592595,0.0,0.0,0.0,2.8075092682729994,False,True,621,PV+/PNN-,128.69534178,12.800781162784691,0.0,0.0,0.0,False,NONE
738,1400,1189,60.37559244,8.767701627645716,375.0,4.934210526315789,0.0,0.0,0.0,0.4934802905758168,False,True,623,PV+/PNN-,60.37559244,8.767701627645716,0.0,0.0,0.0,False,NONE
739,1406,48,127.1065104,12.72151859781572,5317.0,33.23125,0.0,0.0,0.0,3.2533667283771392,False,True,624,PV+/PNN-,127.1065104,12.72151859781572,0.0,0.0,0.0,False,NONE
740,1415,983,289.16731116,19.187997696832507,3048.0,8.373626373626374,0.0,0.0,0.0,1.8928881349967832,False,True,625,PV+/PNN-,289.16731116,19.187997696832507,0.0,0.0,0.0,False,NONE
741,1417,323,125.51767902,12.64175907426016,6232.0,39.44303797468354,0.0,0.0,0.0,2.7128030440334236,False,True,627,PV+/PNN-,125.51767902,12.64175907426016,0.0,0.0,0.0,False,NONE
742,1416,1072,83.41364745,10.305607915302103,589.0,5.609523809523809,0.0,0.0,0.0,0.5420151775068262,False,True,628,PV+/PNN-,83.41364745,10.305607915302103,0.0,0.0,0.0,False,NONE
743,1417,1588,108.04053384,11.728660627684029,3304.0,24.294117647058822,0.0,0.0,0.0,0.5060131233523455,False,True,629,PV+/PNN-,108.04053384,11.728660627684029,0.0,0.0,0.0,False,NONE
744,1418,1143,78.64715331000001,10.006830950662698,541.0,5.4646464646464645,0.0,0.0,0.0,0.4762476455080899,False,True,630,PV+/PNN-,78.64715331000001,10.006830950662698,0.0,0.0,0.0,False,NONE
745,1427,166,115.19027505,12.11052490037406,6088.0,41.98620689655172,0.0,0.0,0.0,2.8870460717352486,False,True,632,PV+/PNN-,115.19027505,12.11052490037406,0.0,0.0,0.0,False,NONE
746,1446,681,200.19275388,15.965379131403353,6435.0,25.535714285714285,0.0,0.0,0.0,2.7228325208959547,False,True,633,PV+/PNN-,200.19275388,15.965379131403353,0.0,0.0,0.0,False,NONE
747,1451,73,194.63184405,15.74207611813598,17073.0,69.68571428571428,0.0,0.0,0.0,4.200698620175438,False,True,635,PV+/PNN-,194.63184405,15.74207611813598,0.0,0.0,0.0,False,NONE
748,1462,1081,67.52533365000001,9.272320371655413,882.0,10.376470588235295,0.0,0.0,0.0,0.4552367199709683,False,True,638,PV+/PNN-,67.52533365000001,9.272320371655413,0.0,0.0,0.0,False,NONE
749,1476,320,146.17248696000001,13.642308849668991,15798.0,85.8586956521739,0.0,0.0,0.0,2.480240795152865,False,True,640,PV+/PNN-,146.17248696000001,13.642308849668991,0.0,0.0,0.0,False,NONE
750,1481,144,224.02522458,16.888983834246268,14382.0,51.0,0.0,0.0,0.0,2.853686024813103,False,True,641,PV+/PNN-,224.02522458,16.888983834246268,0.0,0.0,0.0,False,NONE
751,1487,7,163.64963214,14.434859996619657,24699.0,119.89805825242719,0.0,0.0,0.0,3.225075075164007,False,True,642,PV+/PNN-,163.64963214,14.434859996619657,0.0,0.0,0.0,False,NONE
752,1488,945,216.08106768,16.586830928142092,3124.0,11.485294117647058,0.0,0.0,0.0,1.7425936367350239,False,True,643,PV+/PNN-,216.08106768,16.586830928142092,0.0,0.0,0.0,False,NONE
753,1488,271,85.00247883,10.403293586497956,3832.0,35.81308411214953,0.0,0.0,0.0,2.2688526850256903,False,True,644,PV+/PNN-,85.00247883,10.403293586497956,0.0,0.0,0.0,False,NONE
754,1503,1612,167.62171059,14.608990056788349,1009.0,4.781990521327014,0.0,0.0,0.0,0.6511727285738576,False,True,645,PV+/PNN-,167.62171059,14.608990056788349,0.0,0.0,0.0,False,NONE
755,1512,683,289.16731116,19.187997696832507,5842.0,16.04945054945055,0.0,0.0,0.0,3.3435463134503403,False,True,646,PV+/PNN-,289.16731116,19.187997696832507,0.0,0.0,0.0,False,NONE
756,1520,367,71.4974121,9.54113894836179,4969.0,55.21111111111111,0.0,0.0,0.0,3.0929638755497617,False,True,647,PV+/PNN-,71.4974121,9.54113894836179,0.0,0.0,0.0,False,NONE
757,1527,692,229.58613441,17.097313977747916,4852.0,16.78892733564014,0.0,0.0,0.0,1.8283625006616808,False,True,648,PV+/PNN-,229.58613441,17.097313977747916,0.0,0.0,0.0,False,NONE
758,1529,594,132.66742023,12.996822909266468,1758.0,10.52694610778443,0.0,0.0,0.0,2.5865665537475304,False,True,649,PV+/PNN-,132.66742023,12.996822909266468,0.0,0.0,0.0,False,NONE
759,1549,63,213.69782061,16.495105814282393,15874.0,59.01115241635688,0.0,0.0,0.0,3.4709424127085886,False,True,650,PV+/PNN-,213.69782061,16.495105814282393,0.0,0.0,0.0,False,NONE
760,1555,567,219.25873044,16.708347797572188,4405.0,15.960144927536232,0.0,0.0,0.0,2.2738236770590055,False,True,652,PV+/PNN-,219.25873044,16.708347797572188,0.0,0.0,0.0,False,NONE
761,1556,362,165.23846352,14.504762875171126,6278.0,30.182692307692307,0.0,0.0,0.0,2.9885684581703575,False,True,653,PV+/PNN-,165.23846352,14.504762875171126,0.0,0.0,0.0,False,NONE
762,1557,705,167.62171059,14.608990056788349,1960.0,9.289099526066352,0.0,0.0,0.0,1.9100690521858819,False,True,654,PV+/PNN-,167.62171059,14.608990056788349,0.0,0.0,0.0,False,NONE
763,1565,341,227.99730303,17.038051012682235,34041.0,118.60975609756098,0.0,0.0,0.0,2.969080486847909,False,True,655,PV+/PNN-,227.99730303,17.038051012682235,0.0,0.0,0.0,False,NONE
764,1590,2756,50.84260416,8.045794813057842,1076.0,16.8125,0.0,0.0,0.0,0.630656061825166,False,True,659,PV+/PNN-,50.84260416,8.045794813057842,0.0,0.0,0.0,False,NONE
765,1604,36,161.26638507,14.329366305165495,9059.0,44.6256157635468,0.0,0.0,0.0,2.624054145324131,False,True,660,PV+/PNN-,161.26638507,14.329366305165495,0.0,0.0,0.0,False,NONE
766,1603,102,170.79937335,14.746813769937052,8047.0,37.42790697674418,0.0,0.0,0.0,2.654249959209622,False,True,661,PV+/PNN-,170.79937335,14.746813769937052,0.0,0.0,0.0,False,NONE
767,1612,437,158.883138,14.223090180871878,2024.0,10.12,0.0,0.0,0.0,1.9978588729064373,False,True,662,PV+/PNN-,158.883138,14.223090180871878,0.0,0.0,0.0,False,NONE
768,1634,2261,251.03535804,17.87814713507186,8732.0,27.632911392405063,0.0,0.0,0.0,1.8507345211516912,False,True,663,PV+/PNN-,251.03535804,17.87814713507186,0.0,0.0,0.0,False,NONE
769,1650,2635,53.22585123,8.232208609372499,1864.0,27.82089552238806,0.0,0.0,0.0,1.3132351120540242,False,True,664,PV+/PNN-,53.22585123,8.232208609372499,0.0,0.0,0.0,False,NONE
770,1658,129,166.8272949,14.574330482319752,13419.0,63.9,0.0,0.0,0.0,2.862588526393269,False,True,665,PV+/PNN-,166.8272949,14.574330482319752,0.0,0.0,0.0,False,NONE
771,1672,346,202.57600095,16.06012998776311,4666.0,18.298039215686273,0.0,0.0,0.0,2.709008665919547,False,True,666,PV+/PNN-,202.57600095,16.06012998776311,0.0,0.0,0.0,False,NONE
772,1687,319,204.16483233,16.12298787963261,4020.0,15.642023346303501,0.0,0.0,0.0,3.469936638964585,False,True,667,PV+/PNN-,204.16483233,16.12298787963261,0.0,0.0,0.0,False,NONE
773,1690,113,169.21054197,14.678063680958497,14588.0,68.48826291079813,0.0,0.0,0.0,3.5830368635057,False,True,668,PV+/PNN-,169.21054197,14.678063680958497,0.0,0.0,0.0,False,NONE
774,1691,2095,115.19027505,12.11052490037406,2080.0,14.344827586206897,0.0,0.0,0.0,0.8490345956126982,False,True,670,PV+/PNN-,115.19027505,12.11052490037406,0.0,0.0,0.0,False,NONE
775,1700,309,174.7714518,14.917302830020427,2403.0,10.922727272727272,0.0,0.0,0.0,2.8482856344421332,False,True,671,PV+/PNN-,174.7714518,14.917302830020427,0.0,0.0,0.0,False,NONE
776,1702,18,221.64197751,16.798908611544785,9888.0,35.44086021505376,0.0,0.0,0.0,2.923631379369108,False,True,672,PV+/PNN-,221.64197751,16.798908611544785,0.0,0.0,0.0,False,NONE
777,1702,665,235.94145993,17.332339629300563,5342.0,17.986531986531986,0.0,0.0,0.0,1.1052312783382188,False,True,673,PV+/PNN-,235.94145993,17.332339629300563,0.0,0.0,0.0,False,NONE
778,1724,2463,314.58861324000003,20.013661901325396,18104.0,45.717171717171716,0.0,0.0,0.0,1.9816592370857455,False,True,675,PV+/PNN-,314.58861324000003,20.013661901325396,0.0,0.0,0.0,False,NONE
779,1727,2181,275.66224443,18.73456886610221,3571.0,10.291066282420749,0.0,0.0,0.0,1.612311013143022,False,True,676,PV+/PNN-,275.66224443,18.73456886610221,0.0,0.0,0.0,False,NONE
780,1728,271,169.21054197,14.678063680958497,2275.0,10.68075117370892,0.0,0.0,0.0,2.488002664502944,False,True,677,PV+/PNN-,169.21054197,14.678063680958497,0.0,0.0,0.0,False,NONE
781,1730,353,169.21054197,14.678063680958497,5471.0,25.685446009389672,0.0,0.0,0.0,2.129698978152374,False,True,678,PV+/PNN-,169.21054197,14.678063680958497,0.0,0.0,0.0,False,NONE
782,1729,2599,101.68520832,11.378472144697502,3278.0,25.609375,0.0,0.0,0.0,1.478972180386451,False,True,679,PV+/PNN-,101.68520832,11.378472144697502,0.0,0.0,0.0,False,NONE
783,1742,33,85.00247883,10.403293586497956,2576.0,24.074766355140188,0.0,0.0,0.0,2.193187171253377,False,True,680,PV+/PNN-,85.00247883,10.403293586497956,0.0,0.0,0.0,False,NONE
784,1751,2152,235.94145993,17.332339629300563,4819.0,16.225589225589225,0.0,0.0,0.0,1.4620161306127981,False,True,682,PV+/PNN-,235.94145993,17.332339629300563,0.0,0.0,0.0,False,NONE
785,1756,313,169.21054197,14.678063680958497,4027.0,18.906103286384976,0.0,0.0,0.0,2.4488743368203543,False,True,684,PV+/PNN-,169.21054197,14.678063680958497,0.0,0.0,0.0,False,NONE
786,1758,95,188.27651853,15.482929591568213,5529.0,23.329113924050635,0.0,0.0,0.0,2.2556454940203836,False,True,685,PV+/PNN-,188.27651853,15.482929591568213,0.0,0.0,0.0,False,NONE
787,1762,146,209.72574216,16.34108651427568,4912.0,18.606060606060606,0.0,0.0,0.0,2.953096195820997,False,True,687,PV+/PNN-,209.72574216,16.34108651427568,0.0,0.0,0.0,False,NONE
788,1760,169,205.75366371,16.185601660417575,6609.0,25.517374517374517,0.0,0.0,0.0,3.2252446726686865,False,True,688,PV+/PNN-,205.75366371,16.185601660417575,0.0,0.0,0.0,False,NONE
789,1767,831,94.53546711,10.971157418634661,1976.0,16.605042016806724,0.0,0.0,0.0,0.876455750977073,False,True,690,PV+/PNN-,94.53546711,10.971157418634661,0.0,0.0,0.0,False,NONE
790,1772,2479,155.70547524,14.080140922851225,6352.0,32.40816326530612,0.0,0.0,0.0,2.0009690616117966,False,True,691,PV+/PNN-,155.70547524,14.080140922851225,0.0,0.0,0.0,False,NONE
791,1773,5,123.13443195,12.521167201073583,6086.0,39.26451612903226,0.0,0.0,0.0,3.53114584903337,False,True,692,PV+/PNN-,123.13443195,12.521167201073583,0.0,0.0,0.0,False,NONE
792,1779,1022,23.832470700000002,5.508579140212301,232.0,7.733333333333333,0.0,0.0,0.0,2.5042688692967063,False,True,694,PV+/PNN-,23.832470700000002,5.508579140212301,0.0,0.0,0.0,False,NONE
793,1789,2223,146.17248696000001,13.642308849668991,2949.0,16.027173913043477,0.0,0.0,0.0,3.4366185398009046,False,True,695,PV+/PNN-,146.17248696000001,13.642308849668991,0.0,0.0,0.0,False,NONE
794,1792,2504,153.32222817,13.97196922387648,1707.0,8.844559585492227,0.0,0.0,0.0,1.307830321861594,False,True,696,PV+/PNN-,153.32222817,13.97196922387648,0.0,0.0,0.0,False,NONE
795,1817,2240,109.62936522,11.814586030086609,2212.0,16.028985507246375,0.0,0.0,0.0,3.3035366569755005,False,True,697,PV+/PNN-,109.62936522,11.814586030086609,0.0,0.0,0.0,False,NONE
796,1826,150,173.18262042,14.84934209921784,3562.0,16.339449541284402,0.0,0.0,0.0,2.0458987156803956,False,True,698,PV+/PNN-,173.18262042,14.84934209921784,0.0,0.0,0.0,False,NONE
797,1833,804,166.03287921,14.539588286344586,3303.0,15.803827751196172,0.0,0.0,0.0,1.8679617579198886,False,True,700,PV+/PNN-,166.03287921,14.539588286344586,0.0,0.0,0.0,False,NONE
798,1834,984,102.47962401,11.422832828117684,720.0,5.5813953488372094,0.0,0.0,0.0,0.9884907525952797,False,True,702,PV+/PNN-,102.47962401,11.422832828117684,0.0,0.0,0.0,False,NONE
799,1843,365,159.67755369,14.258603569939103,1991.0,9.90547263681592,0.0,0.0,0.0,1.9138757992993018,False,True,703,PV+/PNN-,159.67755369,14.258603569939103,0.0,0.0,0.0,False,NONE
800,1847,2846,69.90858072,9.434530697868027,2254.0,25.613636363636363,0.0,0.0,0.0,1.9306971310796712,False,True,704,PV+/PNN-,69.90858072,9.434530697868027,0.0,0.0,0.0,False,NONE
801,1855,2782,117.57352212,12.235164803834003,2755.0,18.614864864864863,0.0,0.0,0.0,1.6636488697816385,False,True,705,PV+/PNN-,117.57352212,12.235164803834003,0.0,0.0,0.0,False,NONE
802,1858,265,111.2181966,11.899891008124815,1418.0,10.128571428571428,0.0,0.0,0.0,1.6600632214853421,False,True,706,PV+/PNN-,111.2181966,11.899891008124815,0.0,0.0,0.0,False,NONE
803,1857,722,72.29182779,9.593998848416254,990.0,10.87912087912088,0.0,0.0,0.0,1.2246368027350885,False,True,707,PV+/PNN-,72.29182779,9.593998848416254,0.0,0.0,0.0,False,NONE
804,1874,2763,126.31209471,12.681701540530954,4723.0,29.70440251572327,0.0,0.0,0.0,1.765710610232824,False,True,708,PV+/PNN-,126.31209471,12.681701540530954,0.0,0.0,0.0,False,NONE
805,1894,595,192.24859698,15.645399198959067,3147.0,13.00413223140496,0.0,0.0,0.0,0.9736509198972212,False,True,709,PV+/PNN-,192.24859698,15.645399198959067,0.0,0.0,0.0,False,NONE
806,1908,590,182.7156087,15.252564978953412,5969.0,25.952173913043477,0.0,0.0,0.0,3.99685659887822,False,True,710,PV+/PNN-,182.7156087,15.252564978953412,0.0,0.0,0.0,False,NONE
807,1914,61,170.00495766,14.712478883374446,2533.0,11.836448598130842,0.0,0.0,0.0,2.3511945676602664,False,True,711,PV+/PNN-,170.00495766,14.712478883374446,0.0,0.0,0.0,False,NONE
808,1917,994,174.7714518,14.917302830020427,1986.0,9.027272727272727,0.0,0.0,0.0,1.8730603421630674,False,True,712,PV+/PNN-,174.7714518,14.917302830020427,0.0,0.0,0.0,False,NONE
809,1919,899,88.18014159,10.595963539609496,688.0,6.198198198198198,0.0,0.0,0.0,0.8066176338335217,False,True,713,PV+/PNN-,88.18014159,10.595963539609496,0.0,0.0,0.0,False,NONE
810,1932,581,165.23846352,14.504762875171126,1721.0,8.274038461538462,0.0,0.0,0.0,0.5953095568851124,False,True,714,PV+/PNN-,165.23846352,14.504762875171126,0.0,0.0,0.0,False,NONE
811,1940,61,174.7714518,14.917302830020427,6298.0,28.62727272727273,0.0,0.0,0.0,2.261635125657168,False,True,715,PV+/PNN-,174.7714518,14.917302830020427,0.0,0.0,0.0,False,NONE
