label,centroid_y,centroid_x,area_um2,diameter_um,wfa_sum_intensity,wfa_mean_intensity,wfa_pericellular_intensity,wfa_intensity_norm,wfa_pericellular_norm,pv_intensity_norm,is_pnn_plus,is_pv_plus,pv_label,cell_type,pv_area_um2,pv_diameter_um,pnn_area_um2,pnn_diameter_um,score,is_in_roi,roi_region
1,551,1027,296.31705237,19.42376350908454,30636.0,82.13404825737265,68.60483870967742,2.32529787398822,1.9422722851433047,1.5219019099104223,True,False,-1,PV-/PNN+,0.0,0.0,296.31705237,19.42376350908454,1.4214471578598022,False,NONE
2,564,861,296.31705237,19.42376350908454,19658.0,52.702412868632706,45.185483870967744,1.4920585457259572,1.2792466925658794,1.4286432531101747,True,True,75,PV+/PNN+,82.61923176,10.25641618853639,296.31705237,19.42376350908454,-0.045424047857522964,False,NONE
3,520,1046,296.31705237,19.42376350908454,27793.0,74.51206434316354,66.06451612903226,2.109511810019409,1.8703531867748855,1.498941571914009,True,False,-1,PV-/PNN+,0.0,0.0,296.31705237,19.42376350908454,0.8559206128120422,False,NONE
4,465,913,296.31705237,19.42376350908454,34685.0,92.9892761394102,67.10483870967742,2.6326203407521027,1.8998057699162383,1.5984363698984674,True,True,44,PV+/PNN+,106.45170246,11.642101063659146,296.31705237,19.42376350908454,2.071413993835449,False,NONE
5,392,952,296.31705237,19.42376350908454,13822.0,37.056300268096514,33.935483870967744,1.0491012930625792,0.9607478283628808,1.5479803184989414,True,True,21,PV+/PNN+,108.04053384,11.72866062768403,296.31705237,19.42376350908454,0.1665930300951004,False,NONE
6,501,866,296.31705237,19.42376350908454,18189.0,48.76407506702413,48.774193548387096,1.3805602242450625,1.380846688673646,1.9207314847370127,True,True,52,PV+/PNN+,137.43391437,13.228238528376714,296.31705237,19.42376350908454,-0.854878842830658,False,NONE
7,386,1553,296.31705237,19.42376350908454,28101.0,75.33780160857908,58.12903225806452,2.132889266122959,1.6456916223478242,1.521334987984585,True,True,20,PV+/PNN+,146.96690265,13.679330108642857,296.31705237,19.42376350908454,2.1795411109924316,False,NONE
8,308,1382,296.31705237,19.42376350908454,18749.0,50.265415549597854,37.54032258064516,1.4230646898878814,1.0628044536666372,1.667317383887708,True,True,5,PV+/PNN+,115.98469074,12.152213577535832,296.31705237,19.42376350908454,1.0378025770187378,False,NONE
9,480,1630,296.31705237,19.42376350908454,43172.0,115.74262734584451,93.23387096774194,3.2767906977353256,2.639545067419977,3.0052531288639033,True,True,47,PV+/PNN+,150.9389811,13.862953494062992,296.31705237,19.42376350908454,0.7497026920318604,False,NONE
10,440,1484,296.31705237,19.42376350908454,33099.0,88.7372654155496,70.10483870967742,2.512241621985119,1.9847388003703712,1.6795062052932113,True,True,31,PV+/PNN+,153.32222817,13.97196922387648,296.31705237,19.42376350908454,1.7835493087768555,False,NONE
11,510,1649,296.31705237,19.42376350908454,67720.0,181.55495978552278,140.1048387096774,5.140004309520899,3.9665095109668074,2.103280344856646,True,True,57,PV+/PNN+,264.54042477,18.352747205751005,296.31705237,19.42376350908454,1.2181274890899658,False,NONE
12,449,1285,296.31705237,19.42376350908454,26067.0,69.88471849865952,53.75806451612903,1.9785069748417201,1.5219451102345443,1.525870363391284,True,True,35,PV+/PNN+,146.96690265,13.679330108642857,296.31705237,19.42376350908454,1.4170440435409546,False,NONE
13,531,1608,296.31705237,19.42376350908454,53191.0,142.60321715817693,113.56451612903226,4.03724112858426,3.2151261689653245,2.4632757677633768,True,True,67,PV+/PNN+,145.37807127,13.605186852016802,296.31705237,19.42376350908454,1.88756263256073,False,NONE
14,529,1330,296.31705237,19.42376350908454,72326.0,193.9034852546917,179.4758064516129,5.4896035394330855,5.081141378378305,1.5349411142046818,True,False,-1,PV-/PNN+,0.0,0.0,296.31705237,19.42376350908454,0.9091905951499939,False,NONE
15,569,1611,296.31705237,19.42376350908454,73017.0,195.75603217158178,166.93548387096774,5.542051014003064,4.72611217849611,1.1837329811484305,True,False,-1,PV-/PNN+,0.0,0.0,296.31705237,19.42376350908454,1.5155366659164429,False,NONE
16,485,1268,296.31705237,19.42376350908454,35260.0,94.53083109919571,79.20967741935483,2.676263318867497,2.2425059815067048,1.7393164684690539,True,False,-1,PV-/PNN+,0.0,0.0,296.31705237,19.42376350908454,1.331307053565979,False,NONE
17,574,1284,296.31705237,19.42376350908454,56687.0,151.9758713136729,126.23387096774194,4.302590435525859,3.57380840241544,1.5686729687920054,True,False,-1,PV-/PNN+,0.0,0.0,296.31705237,19.42376350908454,1.4194191694259644,False,NONE
18,341,1278,296.31705237,19.42376350908454,14544.0,38.99195710455764,35.78225806451613,1.1039016934092138,1.0130318713037314,1.3124242583135137,True,False,-1,PV-/PNN+,0.0,0.0,296.31705237,19.42376350908454,-0.4627499580383301,False,NONE
19,350,1655,296.31705237,19.42376350908454,13839.0,37.101876675603215,34.266129032258064,1.0503916071981647,0.9701087268806748,1.799126731644897,True,True,12,PV+/PNN+,146.96690265,13.679330108642857,296.31705237,19.42376350908454,-0.5509417057037354,False,NONE
20,525,1273,296.31705237,19.42376350908454,47886.0,128.38069705093835,99.59677419354838,3.634587217450056,2.819685285238017,1.48788659436018,True,False,-1,PV-/PNN+,0.0,0.0,296.31705237,19.42376350908454,0.5987690687179565,False,NONE
21,572,1323,296.31705237,19.42376350908454,78590.0,210.6970509383378,179.71774193548387,5.965046347980619,5.087990816318155,1.6196959421173687,True,True,79,PV+/PNN+,96.12429849,11.062967867954534,296.31705237,19.42376350908454,1.113968014717102,False,NONE
22,522,1537,296.31705237,19.42376350908454,46530.0,124.74530831099196,101.6774193548387,3.5316656899292296,2.878590451520722,2.5247867967167315,True,True,63,PV+/PNN+,152.52781248,13.935725403490322,296.31705237,19.42376350908454,0.07449378073215485,False,NONE
23,450,1654,296.31705237,19.42376350908454,23481.0,62.951742627345844,51.233870967741936,1.782227424569702,1.4504826410621152,1.65824663307431,True,True,37,PV+/PNN+,142.20040851,13.455674765407588,296.31705237,19.42376350908454,-0.6842198371887207,False,NONE
24,507,1401,296.31705237,19.42376350908454,34898.0,93.5603217158177,87.66129032258064,2.6487872178626746,2.481779680205445,1.9777071382836686,True,True,54,PV+/PNN+,157.29430662000001,14.151796046802042,296.31705237,19.42376350908454,-0.7158188223838806,False,NONE
25,568,1561,296.31705237,19.42376350908454,43363.0,116.25469168900804,103.58064516129032,3.291287756552787,2.9324726966475376,1.4623751076974985,True,False,-1,PV-/PNN+,0.0,0.0,296.31705237,19.42376350908454,0.2923697829246521,False,NONE
26,565,1400,296.31705237,19.42376350908454,47151.0,126.41018766756032,105.5725806451613,3.5788001062938557,2.9888664023522984,1.5462795527214293,True,True,76,PV+/PNN+,83.41364745,10.305607915302103,296.31705237,19.42376350908454,0.4006940722465515,False,NONE
27,371,1808,296.31705237,19.42376350908454,28407.0,76.15817694369973,62.86290322580645,2.1561149205634993,1.779712291370878,1.4646427954008479,True,False,-1,PV-/PNN+,0.0,0.0,296.31705237,19.42376350908454,1.4436686038970947,False,NONE
28,529,2043,296.31705237,19.42376350908454,29853.0,80.0348525469169,74.75,2.2658675229197787,2.1162480088154805,1.484201601842237,True,False,-1,PV-/PNN+,0.0,0.0,296.31705237,19.42376350908454,0.606258749961853,False,NONE
29,543,1905,296.31705237,19.42376350908454,48246.0,129.34584450402144,117.37903225806451,3.661911516791868,3.3231189738169506,2.5364086961963976,True,True,70,PV+/PNN+,162.85521645,14.399781305649903,296.31705237,19.42376350908454,2.4856314659118652,False,NONE
30,548,1838,296.31705237,19.42376350908454,55491.0,148.76943699731905,140.28225806451613,4.211813041045839,3.971532432122697,1.3404868936424637,True,False,-1,PV-/PNN+,0.0,0.0,296.31705237,19.42376350908454,2.1082911491394043,False,NONE
31,445,1936,296.31705237,19.42376350908454,22083.0,59.20375335120644,48.016129032258064,1.6761180621256648,1.3593851164621178,1.430060557924768,True,True,32,PV+/PNN+,129.48975747,12.84022896403991,296.31705237,19.42376350908454,2.443192958831787,False,NONE
32,405,2125,296.31705237,19.42376350908454,16458.0,44.12332439678284,41.645161290322584,1.2491758849098487,1.1790165840460827,1.4127694391867285,True,False,-1,PV-/PNN+,0.0,0.0,296.31705237,19.42376350908454,-0.28933537006378174,False,NONE
33,554,2001,296.31705237,19.42376350908454,29052.0,77.88739946380697,72.33870967741936,2.205070956884246,2.047981944014981,1.3835729600061037,True,False,-1,PV-/PNN+,0.0,0.0,296.31705237,19.42376350908454,1.0206784009933472,False,NONE
34,363,2151,296.31705237,19.42376350908454,13514.0,36.23056300268097,28.20967741935484,1.025723836959029,0.798644463786444,1.6534277967046924,True,True,15,PV+/PNN+,110.42378091,11.857315232959937,296.31705237,19.42376350908454,-0.7443827390670776,False,NONE
35,497,2224,296.31705237,19.42376350908454,17315.0,46.420911528150135,40.895161290322584,1.3142228975096628,1.1577833264325494,1.1568041896711554,True,False,-1,PV-/PNN+,0.0,0.0,296.31705237,19.42376350908454,-0.20234963297843933,False,NONE
36,367,2225,296.31705237,19.42376350908454,11681.0,31.316353887399465,26.846774193548388,0.8865976128103016,0.7600592967252923,1.5074454008015694,True,True,17,PV+/PNN+,362.25355464,21.476395204701557,296.31705237,19.42376350908454,-0.09086863696575165,False,NONE
37,418,1887,296.31705237,19.42376350908454,15583.0,41.77747989276139,35.54032258064516,1.182762657342944,1.0061824333638818,1.5505314671652095,True,True,26,PV+/PNN+,155.70547524,14.080140922851225,296.31705237,19.42376350908454,0.29362189769744873,False,NONE
38,334,1791,296.31705237,19.42376350908454,13586.0,36.42359249329759,30.701612903225808,1.0311886968273913,0.8691936745668932,1.1043639115311985,True,False,-1,PV-/PNN+,0.0,0.0,296.31705237,19.42376350908454,-1.0865988731384277,False,NONE
39,567,2203,296.31705237,19.42376350908454,19815.0,53.12332439678284,45.33870967741935,1.5039749762722476,1.283584669927784,1.3691164508972506,True,False,-1,PV-/PNN+,0.0,0.0,296.31705237,19.42376350908454,-0.6458476781845093,False,NONE
40,529,2097,296.31705237,19.42376350908454,24032.0,64.42895442359249,63.71774193548387,1.8240487827289757,1.803913638758346,1.5913498458255002,True,False,-1,PV-/PNN+,0.0,0.0,296.31705237,19.42376350908454,0.18010960519313812,False,NONE
41,572,1802,296.31705237,19.42376350908454,31910.0,85.54959785522789,79.6774193548387,2.4219955333256333,2.2557482281904138,2.281293829569581,True,True,78,PV+/PNN+,215.28665199,16.556312354123577,296.31705237,19.42376350908454,-0.47911787033081055,False,NONE
42,449,2424,296.31705237,19.42376350908454,51303.0,137.54155495978551,103.9274193548387,3.8939403587027566,2.942290224361322,2.648942698475116,True,True,34,PV+/PNN+,177.15469887,15.0186673222671,296.31705237,19.42376350908454,1.483140468597412,False,NONE
43,547,2402,296.31705237,19.42376350908454,45808.0,122.80965147453082,99.29838709677419,3.476865289582595,2.811237645112203,1.6622150865551715,True,False,-1,PV-/PNN+,0.0,0.0,296.31705237,19.42376350908454,1.1096495389938354,False,NONE
44,559,2433,296.31705237,19.42376350908454,46135.0,123.68632707774799,94.51612903225806,3.5016848614847413,2.675847088501179,1.5579014522010952,True,False,-1,PV-/PNN+,0.0,0.0,296.31705237,19.42376350908454,0.23650924861431122,False,NONE
45,560,2751,296.31705237,19.42376350908454,53644.0,143.8176943699732,104.8225806451613,4.071624205256041,2.967633144738765,1.0879231756819148,True,False,-1,PV-/PNN+,0.0,0.0,296.31705237,19.42376350908454,1.3360923528671265,False,NONE
46,494,2565,296.31705237,19.42376350908454,52304.0,140.22520107238606,125.37096774193549,3.9699170910392954,3.5493787404299773,1.7118207550659414,True,False,-1,PV-/PNN+,0.0,0.0,296.31705237,19.42376350908454,1.344591498374939,False,NONE
47,515,2481,296.31705237,19.42376350908454,27729.0,74.34048257372655,69.20161290322581,2.1046541568030865,1.9591675653949332,1.5706571955324362,True,False,-1,PV-/PNN+,0.0,0.0,296.31705237,19.42376350908454,0.2585088908672333,False,NONE
48,565,2571,296.31705237,19.42376350908454,40841.0,109.49329758713137,89.26612903225806,3.0998658594970916,2.5272142852064463,1.664482774258521,True,False,-1,PV-/PNN+,0.0,0.0,296.31705237,19.42376350908454,0.47735705971717834,False,NONE
49,440,2642,296.31705237,19.42376350908454,25356.0,67.97855227882037,54.104838709677416,1.9245414836416408,1.5317626379483285,1.6015544404905728,True,False,-1,PV-/PNN+,0.0,0.0,296.31705237,19.42376350908454,0.6858677864074707,False,NONE
50,427,2406,296.31705237,19.42376350908454,24211.0,64.9088471849866,57.45161290322581,1.837635031568377,1.6265131961162458,1.7310961005444123,True,False,-1,PV-/PNN+,0.0,0.0,296.31705237,19.42376350908454,0.2663843035697937,False,NONE
51,670,369,296.31705237,19.42376350908454,32641.0,87.50938337801608,77.33064516129032,2.477479041155813,2.189308680173874,1.7367653198027857,True,True,129,PV+/PNN+,131.07858885,12.918763206743188,296.31705237,19.42376350908454,2.1741695404052734,False,NONE
52,652,319,296.31705237,19.42376350908454,40670.0,109.0348525469169,75.24193548387096,3.086886817309731,2.130175199293174,1.4677608659929535,True,False,-1,PV-/PNN+,0.0,0.0,296.31705237,19.42376350908454,1.8282777070999146,False,NONE
53,1138,347,296.31705237,19.42376350908454,52430.0,140.56300268096516,128.0241935483871,3.9794805958089303,3.624494243170326,1.7957252000898722,True,False,-1,PV-/PNN+,0.0,0.0,296.31705237,19.42376350908454,2.1157889366149902,False,NONE
54,950,355,296.31705237,19.42376350908454,47448.0,127.20643431635389,96.11290322580645,3.601342653250851,2.7210533789041853,1.4552885836245313,True,True,317,PV+/PNN+,123.13443195,12.521167201073585,296.31705237,19.42376350908454,2.1113803386688232,False,NONE
55,786,446,296.31705237,19.42376350908454,40924.0,109.71581769436997,93.65322580645162,3.1061656285120094,2.651417426515716,1.5369253409451127,True,False,-1,PV-/PNN+,0.0,0.0,296.31705237,19.42376350908454,1.1524962186813354,False,NONE
56,1044,520,296.31705237,19.42376350908454,32676.0,87.60321715817695,70.73387096774194,2.4801355702584895,2.00254733901398,1.4890204382118548,True,False,-1,PV-/PNN+,0.0,0.0,296.31705237,19.42376350908454,0.9355939626693726,False,NONE
57,911,31,296.31705237,19.42376350908454,45637.0,122.35120643431635,105.35483870967742,3.463886247395234,2.9827019082064337,1.8906846226676322,True,True,285,PV+/PNN+,91.35780435,10.78519212710641,296.31705237,19.42376350908454,2.2171382904052734,False,NONE
58,819,551,296.31705237,19.42376350908454,71403.0,191.4289544235925,149.33870967741936,5.419547071953939,4.2279297256710615,1.6486089603350746,True,True,224,PV+/PNN+,98.50754556,11.199272407696524,296.31705237,19.42376350908454,1.5858814716339111,False,NONE
59,1011,240,296.31705237,19.42376350908454,82816.0,222.02680965147454,203.6290322580645,6.285803261920892,5.764943599373274,1.5012092596173583,True,False,-1,PV-/PNN+,0.0,0.0,296.31705237,19.42376350908454,1.278687596321106,False,NONE
60,925,323,296.31705237,19.42376350908454,37079.0,99.40750670241287,72.58064516129032,2.8143269313751538,2.0548313819548305,1.6511601090013428,True,True,295,PV+/PNN+,152.52781248,13.935725403490322,296.31705237,19.42376350908454,1.068293571472168,False,NONE
61,1118,145,296.31705237,19.42376350908454,62185.0,166.71581769436997,149.56451612903226,4.719893207140536,4.23432253441492,1.9482271981401251,True,True,417,PV+/PNN+,200.19275388,15.965379131403353,296.31705237,19.42376350908454,1.9199150800704956,False,NONE
62,972,136,296.31705237,19.42376350908454,65589.0,175.84182305630026,143.6048387096774,4.978259637583672,4.065598046496629,1.4280763311843374,True,False,-1,PV-/PNN+,0.0,0.0,296.31705237,19.42376350908454,1.8274987936019897,False,NONE
63,948,483,296.31705237,19.42376350908454,36747.0,98.51742627345844,69.20967741935483,2.7891278553154826,1.959395879992928,1.4413989964415155,True,True,320,PV+/PNN+,100.09637694,11.289227848029503,296.31705237,19.42376350908454,1.7799391746520996,False,NONE
64,895,361,296.31705237,19.42376350908454,38527.0,103.28954423592494,83.58870967741936,2.924231335394443,2.36648080821798,1.513965002948699,True,False,-1,PV-/PNN+,0.0,0.0,296.31705237,19.42376350908454,0.9713883996009827,False,NONE
65,854,110,296.31705237,19.42376350908454,38511.0,103.24664879356568,93.0725806451613,2.9230169220903623,2.6349787754600777,1.6758212127752685,True,False,-1,PV-/PNN+,0.0,0.0,296.31705237,19.42376350908454,1.2348017692565918,False,NONE
66,1083,152,296.31705237,19.42376350908454,68781.0,184.39946380697052,153.8548387096774,5.22053509174774,4.35578590054825,1.4258086434809878,True,False,-1,PV-/PNN+,0.0,0.0,296.31705237,19.42376350908454,0.8655411601066589,False,NONE
67,894,513,296.31705237,19.42376350908454,76644.0,205.4798927613941,177.33870967741936,5.817343329871822,5.020638009909636,1.7656783380204917,True,True,271,PV+/PNN+,100.09637694,11.289227848029503,296.31705237,19.42376350908454,1.3489304780960083,False,NONE
68,1020,68,296.31705237,19.42376350908454,68597.0,183.90616621983915,169.8790322580645,5.206569338750814,4.809447006764278,1.3543764808254792,True,False,-1,PV-/PNN+,0.0,0.0,296.31705237,19.42376350908454,1.5728853940963745,False,NONE
69,1091,491,296.31705237,19.42376350908454,32147.0,86.18498659517427,68.5,2.4399840303923264,1.93930419536937,1.4243913386663944,True,False,-1,PV-/PNN+,0.0,0.0,296.31705237,19.42376350908454,0.5254480242729187,False,NONE
70,922,538,296.31705237,19.42376350908454,31447.0,84.3083109919571,93.6774193548387,2.3868534483388024,2.652102370309701,1.4601074199941488,True,False,-1,PV-/PNN+,0.0,0.0,296.31705237,19.42376350908454,0.7554922699928284,False,NONE
71,934,573,296.31705237,19.42376350908454,34743.0,93.14477211796246,75.75,2.637022588979394,2.144559018966858,1.5162326906520487,True,True,301,PV+/PNN+,82.61923176,10.25641618853639,296.31705237,19.42376350908454,0.15471239387989044,False,NONE
72,1104,25,296.31705237,19.42376350908454,71124.0,190.6809651474531,163.75806451612902,5.398370739964035,4.636156226886087,1.4442336060707024,True,False,-1,PV-/PNN+,0.0,0.0,296.31705237,19.42376350908454,1.1308088302612305,False,NONE
73,786,358,296.31705237,19.42376350908454,26268.0,70.42359249329759,52.29838709677419,1.9937630419742318,1.4806201679974527,1.5649879762740624,True,False,-1,PV-/PNN+,0.0,0.0,296.31705237,19.42376350908454,0.220284104347229,False,NONE
74,802,482,296.31705237,19.42376350908454,24088.0,64.57908847184987,51.67741935483871,1.8282992292932578,1.4630399439518393,1.6483254993721559,True,False,-1,PV-/PNN+,0.0,0.0,296.31705237,19.42376350908454,-0.3595304489135742,False,NONE
75,950,270,296.31705237,19.42376350908454,27828.0,74.6058981233244,65.95161290322581,2.1121683391220847,1.8671567824029558,1.2775585598745154,True,False,-1,PV-/PNN+,0.0,0.0,296.31705237,19.42376350908454,-0.4102228879928589,False,NONE
76,1019,185,296.31705237,19.42376350908454,67657.0,181.38605898123325,135.90322580645162,5.135222557136082,3.8475576054114224,1.4056829151137613,True,False,-1,PV-/PNN+,0.0,0.0,296.31705237,19.42376350908454,1.4248801469802856,False,NONE
77,1140,117,296.31705237,19.42376350908454,47121.0,126.32975871313673,105.0725806451613,3.5765230813487046,2.9747108972766094,1.691695026698715,True,True,438,PV+/PNN+,113.60144367,12.026714032504806,296.31705237,19.42376350908454,0.3955225944519043,False,NONE
78,804,164,296.31705237,19.42376350908454,18816.0,50.44504021447721,47.11290322580645,1.4281500455987186,1.3338138814866798,3.8397622036965133,True,True,211,PV+/PNN+,181.92119301,15.21937110940298,296.31705237,19.42376350908454,-0.2839092016220093,False,NONE
79,1127,65,296.31705237,19.42376350908454,86452.0,231.77479892761394,221.34677419354838,6.561778685273195,6.266550771168248,2.0652965758255424,True,True,425,PV+/PNN+,149.35014972,13.789797556005714,296.31705237,19.42376350908454,0.5220732688903809,False,NONE
80,1081,107,296.31705237,19.42376350908454,74393.0,199.44504021447722,172.86290322580646,5.646490558153991,4.893923408022421,1.367982607045576,True,False,-1,PV-/PNN+,0.0,0.0,296.31705237,19.42376350908454,1.361409068107605,False,NONE
81,942,100,296.31705237,19.42376350908454,35816.0,96.02144772117963,75.83870967741936,2.718464181184296,2.147070479544803,1.53749226287095,True,False,-1,PV-/PNN+,0.0,0.0,296.31705237,19.42376350908454,-0.14052195847034454,False,NONE
82,967,459,296.31705237,19.42376350908454,29739.0,79.72922252010724,62.225806451612904,2.2572148281282045,1.7616754381292745,2.0372339404965927,True,True,329,PV+/PNN+,120.75118488,12.39940255265723,296.31705237,19.42376350908454,0.22526009380817413,False,NONE
83,1076,182,296.31705237,19.42376350908454,43869.0,117.6112600536193,128.8790322580645,3.3296935772943344,3.648695590557794,1.7676625647609225,True,False,-1,PV-/PNN+,0.0,0.0,296.31705237,19.42376350908454,0.28272515535354614,False,NONE
84,1112,380,296.31705237,19.42376350908454,20069.0,53.80428954423593,50.943548387096776,1.5232537874745264,1.4422633155342959,1.4207063461484515,True,False,-1,PV-/PNN+,0.0,0.0,296.31705237,19.42376350908454,-0.9988468885421753,False,NONE
85,1070,212,296.31705237,19.42376350908454,33265.0,89.1823056300268,75.09677419354838,2.524841160014954,2.126065536529264,1.497807728062334,True,False,-1,PV-/PNN+,0.0,0.0,296.31705237,19.42376350908454,-0.46989917755126953,False,NONE
86,1050,38,296.31705237,19.42376350908454,40724.0,109.17962466487936,132.98387096774192,3.0909854622110027,3.764907720937239,1.4360132381460606,True,False,-1,PV-/PNN+,0.0,0.0,296.31705237,19.42376350908454,-0.8527112603187561,False,NONE
87,986,15,296.31705237,19.42376350908454,45092.0,120.89008042895442,119.5,3.4225202942249906,3.383165713089631,1.4309109408135243,True,False,-1,PV-/PNN+,0.0,0.0,296.31705237,19.42376350908454,-0.7582830786705017,False,NONE
88,808,281,296.31705237,19.42376350908454,16169.0,43.3485254691689,34.91129032258065,1.2272405446048937,0.9883738947202735,1.697647706920007,True,True,215,PV+/PNN+,119.95676919,12.358547737957588,296.31705237,19.42376350908454,-0.6132832765579224,False,NONE
89,1080,16,296.31705237,19.42376350908454,38248.0,102.54155495978553,99.87903225806451,2.9030550034045386,2.8276762961678417,1.486185828582668,True,False,-1,PV-/PNN+,0.0,0.0,296.31705237,19.42376350908454,-0.11184169352054596,False,NONE
90,839,157,296.31705237,19.42376350908454,21820.0,58.498659517426276,47.975806451612904,1.6561561434398409,1.358243543472143,2.1642244518841633,True,True,239,PV+/PNN+,146.96690265,13.679330108642857,296.31705237,19.42376350908454,-0.8561911582946777,False,NONE
91,906,1000,296.31705237,19.42376350908454,66811.0,179.11796246648794,147.24193548387098,5.071010453682823,4.168567930192366,1.9830928965791235,True,True,281,PV+/PNN+,190.65976560000001,15.580614658987523,296.31705237,19.42376350908454,2.6814749240875244,False,NONE
92,928,964,296.31705237,19.42376350908454,62501.0,167.56300268096516,143.0241935483871,4.743877869896127,4.049159395440991,1.240992095658005,True,False,-1,PV-/PNN+,0.0,0.0,296.31705237,19.42376350908454,1.8244035243988037,False,NONE
93,1128,1109,296.31705237,19.42376350908454,39069.0,104.74262734584451,81.09677419354838,2.9653695860701714,2.2959315974375305,1.452737434958263,True,True,428,PV+/PNN+,182.7156087,15.252564978953412,296.31705237,19.42376350908454,1.8412894010543823,False,NONE
94,1019,1141,296.31705237,19.42376350908454,45017.0,120.68900804289544,99.60483870967742,3.416827731862113,2.819913599836012,1.3949113985228512,True,False,-1,PV-/PNN+,0.0,0.0,296.31705237,19.42376350908454,1.3980604410171509,False,NONE
95,1127,1014,296.31705237,19.42376350908454,30450.0,81.63538873994638,67.68548387096774,2.3111803193282836,1.9162444209718767,1.161906487003692,True,False,-1,PV-/PNN+,0.0,0.0,296.31705237,19.42376350908454,1.659117341041565,False,NONE
96,1140,752,296.31705237,19.42376350908454,63871.0,171.23592493297588,147.80645161290323,4.847862009058024,4.184549952052015,1.7758829326855645,True,True,432,PV+/PNN+,206.5480794,16.216817893198968,296.31705237,19.42376350908454,2.6868135929107666,False,NONE
97,730,686,296.31705237,19.42376350908454,45000.0,120.64343163538874,100.54838709677419,3.4155374177265276,2.8466264078014247,2.4516538682837106,True,True,167,PV+/PNN+,167.62171059,14.608990056788347,296.31705237,19.42376350908454,1.5394940376281738,False,NONE
98,1041,748,296.31705237,19.42376350908454,52299.0,140.2117962466488,91.33064516129032,3.96953758688177,2.5856628222931612,2.718107173427275,True,True,374,PV+/PNN+,182.7156087,15.252564978953412,296.31705237,19.42376350908454,1.7492619752883911,False,NONE
99,1004,1085,296.31705237,19.42376350908454,35397.0,94.89812332439678,87.2258064516129,2.6866617327836866,2.469450691913716,1.2639524336544186,True,False,-1,PV-/PNN+,0.0,0.0,296.31705237,19.42376350908454,0.738839864730835,False,NONE
100,900,891,296.31705237,19.42376350908454,38473.0,103.14477211796246,77.19354838709677,2.920132690493171,2.1854273320079596,1.3467230348266745,True,False,-1,PV-/PNN+,0.0,0.0,296.31705237,19.42376350908454,1.3768621683120728,False,NONE
101,762,890,296.31705237,19.42376350908454,60426.0,162.0,148.13709677419354,4.586383644523181,4.193910850569808,1.6987815507716821,True,True,189,PV+/PNN+,99.30196125,11.244340084382843,296.31705237,19.42376350908454,1.613757610321045,False,NONE
102,1065,771,296.31705237,19.42376350908454,50701.0,135.92761394101876,104.9274193548387,3.848248058136726,2.9706012345126998,1.4065332980025174,True,False,-1,PV-/PNN+,0.0,0.0,296.31705237,19.42376350908454,1.045031189918518,False,NONE
103,772,727,296.31705237,19.42376350908454,50716.0,135.96782841823057,106.25,3.849386570609302,3.0080448285838766,1.4876031333972615,True,False,-1,PV-/PNN+,0.0,0.0,296.31705237,19.42376350908454,1.3129327297210693,False,NONE
104,768,774,296.31705237,19.42376350908454,50439.0,135.22520107238606,105.55645161290323,3.8283620402824075,2.9884097731563086,2.3484740777813093,True,True,188,PV+/PNN+,142.9948242,13.493208101259413,296.31705237,19.42376350908454,1.2050800323486328,False,NONE
105,646,1071,296.31705237,19.42376350908454,53823.0,144.2975871313673,139.26612903225808,4.085210454095442,3.9427647927753298,1.6548451015192858,True,True,114,PV+/PNN+,160.47196938,14.29402872657482,296.31705237,19.42376350908454,1.8803070783615112,False,NONE
106,656,914,296.31705237,19.42376350908454,37749.0,101.20375335120643,81.78225806451613,2.8651804884835266,2.315338338267104,1.4725797023625709,True,False,-1,PV-/PNN+,0.0,0.0,296.31705237,19.42376350908454,0.8659125566482544,False,NONE
107,938,717,296.31705237,19.42376350908454,32647.0,87.5254691689008,63.5,2.477934446144843,1.7977491446124816,1.298818132093417,True,True,305,PV+/PNN+,137.43391437,13.228238528376714,296.31705237,19.42376350908454,1.4216721057891846,False,NONE
108,1106,762,296.31705237,19.42376350908454,34296.0,91.94638069705094,80.30645161290323,2.6030949172966444,2.2735567668340226,1.5253034414654465,True,True,411,PV+/PNN+,64.34767089,9.051519164690074,296.31705237,19.42376350908454,0.29192277789115906,False,NONE
109,1072,800,296.31705237,19.42376350908454,36609.0,98.14745308310992,91.85483870967742,2.7786535405677877,2.6005032711628355,1.9292353136245732,True,True,392,PV+/PNN+,126.31209471,12.681701540530954,296.31705237,19.42376350908454,0.9843268990516663,False,NONE
110,666,972,296.31705237,19.42376350908454,60595.0,162.45308310991956,124.64516129032258,4.5992108850475315,3.5288304266104285,2.3907097612561934,True,True,124,PV+/PNN+,133.46183592,13.035677474005706,296.31705237,19.42376350908454,1.8292864561080933,False,NONE
111,877,677,296.31705237,19.42376350908454,62424.0,167.35656836461126,154.1048387096774,4.73803350587024,4.3628636530860945,1.613176339970239,True,False,-1,PV-/PNN+,0.0,0.0,296.31705237,19.42376350908454,1.1294951438903809,False,NONE
112,668,1098,296.31705237,19.42376350908454,66073.0,177.13941018766755,135.19354838709677,5.014995640032108,3.827465920787864,1.741867617135322,True,True,125,PV+/PNN+,108.04053384,11.72866062768403,296.31705237,19.42376350908454,1.8152967691421509,False,NONE
113,720,984,296.31705237,19.42376350908454,64633.0,173.27882037533513,125.85483870967742,4.9056984426648595,3.563077616309676,1.539193028648462,True,True,162,PV+/PNN+,126.31209471,12.681701540530954,296.31705237,19.42376350908454,0.6535955667495728,False,NONE
114,741,956,296.31705237,19.42376350908454,66711.0,178.84986595174263,140.86290322580646,5.06342037053232,3.987971083178336,1.7055846138817303,True,False,-1,PV-/PNN+,0.0,0.0,296.31705237,19.42376350908454,1.7731951475143433,False,NONE
115,1060,832,296.31705237,19.42376350908454,28925.0,77.54691689008042,57.12903225806452,2.195431551283107,1.6173806121964465,1.256298987655614,True,False,-1,PV-/PNN+,0.0,0.0,296.31705237,19.42376350908454,1.0761700868606567,False,NONE
116,789,799,296.31705237,19.42376350908454,85246.0,228.54155495978551,209.6290322580645,6.470242282478123,5.93480966028154,1.403131766447493,True,False,-1,PV-/PNN+,0.0,0.0,296.31705237,19.42376350908454,1.948783040046692,False,NONE
117,829,716,296.31705237,19.42376350908454,46676.0,125.1367292225201,86.94354838709677,3.5427472113289644,2.4614596809838916,1.7574579700958497,True,True,232,PV+/PNN+,119.95676919,12.358547737957588,296.31705237,19.42376350908454,0.6214727163314819,False,NONE
118,814,659,296.31705237,19.42376350908454,66109.0,177.23592493297588,170.1209677419355,5.01772806996629,4.816296444704127,1.4637924125120918,True,False,-1,PV-/PNN+,0.0,0.0,296.31705237,19.42376350908454,0.8474743366241455,False,NONE
119,1076,1072,296.31705237,19.42376350908454,25635.0,68.72654155495978,61.556451612903224,1.9457178156315451,1.742725326495691,1.9218653285886875,True,True,396,PV+/PNN+,148.55573403,13.753073662427433,296.31705237,19.42376350908454,0.11726997792720795,False,NONE
120,839,963,296.31705237,19.42376350908454,30162.0,80.8632707774799,65.40322580645162,2.289320879854834,1.8516313897392973,1.5057446350240573,True,True,240,PV+/PNN+,144.58365558,13.56796328882212,296.31705237,19.42376350908454,0.6136595010757446,False,NONE
121,685,862,296.31705237,19.42376350908454,28959.0,77.63806970509384,60.5,2.1980121795542784,1.7128161141583487,1.4827842970276437,True,False,-1,PV-/PNN+,0.0,0.0,296.31705237,19.42376350908454,0.13630206882953644,False,NONE
122,736,1110,296.31705237,19.42376350908454,81730.0,219.1152815013405,211.8951612903226,6.203374958906425,5.9989660623181305,1.6854588855145038,True,False,-1,PV-/PNN+,0.0,0.0,296.31705237,19.42376350908454,1.308914303779602,False,NONE
123,719,645,296.31705237,19.42376350908454,25092.0,67.27077747989276,74.31451612903226,1.9045036641243116,2.1039190205237515,2.118870697817174,True,True,161,PV+/PNN+,140.61157713,13.380292240810528,296.31705237,19.42376350908454,0.38011103868484497,False,NONE
124,998,673,296.31705237,19.42376350908454,35374.0,94.83646112600536,79.29032258064517,2.684916013659071,2.244789127486655,1.4056829151137613,True,True,348,PV+/PNN+,140.61157713,13.380292240810528,296.31705237,19.42376350908454,0.4336860775947571,False,NONE
125,741,1047,296.31705237,19.42376350908454,54598.0,146.37533512064343,172.8709677419355,4.144033598511843,4.894151722620416,1.4561389665132873,True,False,-1,PV-/PNN+,0.0,0.0,296.31705237,19.42376350908454,0.9482805728912354,False,NONE
126,980,806,296.31705237,19.42376350908454,21205.0,56.84986595174263,50.29032258064516,1.609477132064245,1.4237698330967024,1.3606126220096901,True,True,339,PV+/PNN+,119.1623535,12.317557416952052,296.31705237,19.42376350908454,-0.7128108739852905,False,NONE
127,777,1088,296.31705237,19.42376350908454,36345.0,97.4396782841823,75.73387096774194,2.7586157210504587,2.144102389770868,1.4737135462142459,True,True,197,PV+/PNN+,115.98469074,12.152213577535832,296.31705237,19.42376350908454,0.7250624895095825,False,NONE
128,1033,683,296.31705237,19.42376350908454,50697.0,135.91689008042894,106.89516129032258,3.8479444548107056,3.026309996423475,1.752922594689151,True,True,369,PV+/PNN+,154.91105955,14.044176264056347,296.31705237,19.42376350908454,-0.11156988143920898,False,NONE
129,1063,1096,296.31705237,19.42376350908454,21642.0,58.02144772117963,70.03225806451613,1.6426457954319447,1.9826839689884164,1.1689930110766589,True,False,-1,PV-/PNN+,0.0,0.0,296.31705237,19.42376350908454,-1.1312211751937866,False,NONE
130,710,1050,296.31705237,19.42376350908454,59505.0,159.53083109919572,132.93548387096774,4.516478978707045,3.7635378333492695,1.7109703721771856,True,False,-1,PV-/PNN+,0.0,0.0,296.31705237,19.42376350908454,-0.1385715752840042,False,NONE
131,704,711,296.31705237,19.42376350908454,24065.0,64.51742627345844,56.87096774193548,1.8265535101686419,1.6100745450606069,1.5023431034690329,True,False,-1,PV-/PNN+,0.0,0.0,296.31705237,19.42376350908454,-0.32553327083587646,False,NONE
132,718,1138,296.31705237,19.42376350908454,80250.0,215.14745308310992,204.33064516129033,6.091041728278975,5.784806969398837,2.289230736531304,True,True,159,PV+/PNN+,197.80950681,15.870062583211556,296.31705237,19.42376350908454,0.8634490370750427,False,NONE
133,780,669,296.31705237,19.42376350908454,41136.0,110.28418230563003,107.25,3.1222566047910765,3.0363558387352545,2.7373825189057457,True,True,195,PV+/PNN+,177.15469887,15.0186673222671,296.31705237,19.42376350908454,-0.15223997831344604,False,NONE
134,939,1149,296.31705237,19.42376350908454,30550.0,81.90348525469169,75.0725806451613,2.318770402478787,2.12538059273528,1.8561023851915524,True,True,307,PV+/PNN+,212.10898923,16.4336713147562,296.31705237,19.42376350908454,-0.5055932402610779,False,NONE
135,981,721,296.31705237,19.42376350908454,28111.0,75.36461126005362,63.056451612903224,2.133648274438009,1.7851918417227575,1.2327717277333632,True,False,-1,PV-/PNN+,0.0,0.0,296.31705237,19.42376350908454,0.001528169959783554,False,NONE
136,807,1077,296.31705237,19.42376350908454,28288.0,75.83914209115281,63.33870967741935,2.1470827216144,1.793182852652582,1.4788158435467822,True,True,212,PV+/PNN+,142.20040851,13.455674765407588,296.31705237,19.42376350908454,-0.3605279326438904,False,NONE
137,691,1026,296.31705237,19.42376350908454,71536.0,191.78552278820376,191.1290322580645,5.429641882544109,5.411055972481053,1.5964521431580365,True,False,-1,PV-/PNN+,0.0,0.0,296.31705237,19.42376350908454,0.12144589424133301,False,NONE
138,727,1016,296.31705237,19.42376350908454,43648.0,117.01876675603218,119.62096774193549,3.312919493531722,3.3865904320595557,1.3093061877214083,True,False,-1,PV-/PNN+,0.0,0.0,296.31705237,19.42376350908454,-0.8728190064430237,False,NONE
139,671,886,296.31705237,19.42376350908454,28476.0,76.343163538874,82.01612903225806,2.1613520779373467,2.3219594616089583,2.4060166532538023,True,True,132,PV+/PNN+,152.52781248,13.935725403490322,296.31705237,19.42376350908454,-0.29741576313972473,False,NONE
140,807,1695,296.31705237,19.42376350908454,59212.0,158.74530831099196,115.18548387096774,4.4942400350760705,3.261017403162316,1.4813669922130501,True,True,217,PV+/PNN+,109.62936522,11.81458603008661,296.31705237,19.42376350908454,2.6398231983184814,False,NONE
141,819,1424,296.31705237,19.42376350908454,50774.0,136.12332439678283,104.66129032258064,3.8537888188365934,2.9630668527788653,1.625081700412824,True,True,225,PV+/PNN+,101.68520832,11.378472144697502,296.31705237,19.42376350908454,1.9030168056488037,False,NONE
142,971,1460,296.31705237,19.42376350908454,67983.0,182.26005361930294,167.11290322580646,5.159966228206723,4.731135099652,1.2237009769199652,True,False,-1,PV-/PNN+,0.0,0.0,296.31705237,19.42376350908454,2.252603530883789,False,NONE
143,686,1671,296.31705237,19.42376350908454,55883.0,149.82037533512064,121.74193548387096,4.2415661669958125,3.4466371713322355,1.4209898071113702,True,True,139,PV+/PNN+,118.36793781,12.276430232296539,296.31705237,19.42376350908454,1.2526133060455322,False,NONE
144,1067,1387,296.31705237,19.42376350908454,55168.0,147.9034852546917,123.20161290322581,4.187297072469713,3.4879621135693273,1.678088900478618,True,True,385,PV+/PNN+,198.6039225,15.90189824726965,296.31705237,19.42376350908454,2.631934881210327,False,NONE
145,1070,1455,296.31705237,19.42376350908454,79203.0,212.34048257372655,178.28225806451613,6.011573557693204,5.047350817875048,1.391509866967827,True,True,388,PV+/PNN+,145.37807127,13.605186852016802,296.31705237,19.42376350908454,1.9267293214797974,False,NONE
146,1121,1327,296.31705237,19.42376350908454,55274.0,148.18766756032173,108.20967741935483,4.195342560609247,3.063525275896657,1.2829443181699705,True,True,422,PV+/PNN+,139.81716144,13.342441267550267,296.31705237,19.42376350908454,1.6830233335494995,False,NONE
147,974,1564,296.31705237,19.42376350908454,62886.0,168.5951742627346,136.83870967741936,4.773099690025565,3.8740420987788404,1.9425579788817515,True,True,333,PV+/PNN+,182.7156087,15.252564978953412,296.31705237,19.42376350908454,1.2341347932815552,False,NONE
148,1114,1394,296.31705237,19.42376350908454,44347.0,118.89276139410188,119.46774193548387,3.365974174753741,3.382252454697651,2.41083548962342,True,True,413,PV+/PNN+,240.70795407,17.506538374396555,296.31705237,19.42376350908454,2.53139328956604,False,NONE
149,835,1232,296.31705237,19.42376350908454,50634.0,135.7479892761394,103.19354838709677,3.843162702425889,2.921513595943779,1.7217418887680955,True,True,235,PV+/PNN+,154.91105955,14.044176264056347,296.31705237,19.42376350908454,1.9608968496322632,False,NONE
150,1146,1234,296.31705237,19.42376350908454,30023.0,80.49061662198392,72.90322580645162,2.2787706642756342,2.06396396587463,1.4657766392525224,True,True,440,PV+/PNN+,201.78158526,16.02860860313152,296.31705237,19.42376350908454,1.0987380743026733,False,NONE
151,877,1306,296.31705237,19.42376350908454,68738.0,184.28418230563003,148.03225806451613,5.217271355993024,4.190942760795874,1.7172065133613965,True,False,-1,PV-/PNN+,0.0,0.0,296.31705237,19.42376350908454,2.2960283756256104,False,NONE
152,737,1597,296.31705237,19.42376350908454,37702.0,101.07774798927613,65.41129032258064,2.86161314940279,1.851859704337292,1.587948314270476,True,True,170,PV+/PNN+,102.47962401,11.422832828117684,296.31705237,19.42376350908454,1.1712591648101807,False,NONE
153,814,1463,296.31705237,19.42376350908454,40686.0,109.07774798927613,98.28225806451613,3.088101230613811,2.7824700057648353,1.66901814966522,True,True,223,PV+/PNN+,110.42378091,11.857315232959937,296.31705237,19.42376350908454,0.40711379051208496,False,NONE
154,1030,1670,296.31705237,19.42376350908454,34762.0,93.19571045576407,81.50806451612904,2.63846470477799,2.3075756419352746,1.240992095658005,True,True,367,PV+/PNN+,89.76897297000001,10.690996505268624,296.31705237,19.42376350908454,1.349818468093872,False,NONE
155,851,1534,296.31705237,19.42376350908454,41666.0,111.70509383378015,88.04032258064517,3.1624840454887444,2.4925104663112094,1.3603291610467716,True,False,-1,PV-/PNN+,0.0,0.0,296.31705237,19.42376350908454,0.7159860134124756,False,NONE
156,958,1316,296.31705237,19.42376350908454,33360.0,89.43699731903486,72.41129032258064,2.5320517390079327,2.0500367753969355,1.2353228763996313,True,False,-1,PV-/PNN+,0.0,0.0,296.31705237,19.42376350908454,-0.06462958455085754,False,NONE
157,1030,1563,296.31705237,19.42376350908454,53200.0,142.62734584450402,124.99193548387096,4.037924236067806,3.5386479543242126,2.2305543172071363,True,True,368,PV+/PNN+,271.69016598,18.599103828985847,296.31705237,19.42376350908454,1.2997175455093384,False,NONE
158,671,1383,296.31705237,19.42376350908454,54379.0,145.7882037533512,109.8225806451613,4.127411316412241,3.1091881954956535,1.684325041662829,True,True,130,PV+/PNN+,145.37807127,13.605186852016802,296.31705237,19.42376350908454,2.2771153450012207,False,NONE
159,706,1576,296.31705237,19.42376350908454,39351.0,105.49865951742628,76.87096774193549,2.986773620554591,2.1762947480881603,1.4731466242884084,True,True,151,PV+/PNN+,108.04053384,11.72866062768403,296.31705237,19.42376350908454,0.584160566329956,False,NONE
160,745,1314,296.31705237,19.42376350908454,39053.0,104.69973190348526,65.86290322580645,2.964155172766091,1.864645321825011,1.5017761815431956,True,True,177,PV+/PNN+,104.86287108,11.554893086200376,296.31705237,19.42376350908454,1.0841859579086304,False,NONE
161,773,1246,296.31705237,19.42376350908454,76710.0,205.656836461126,163.80645161290323,5.822352784751154,4.637526114474057,1.5533660767943962,True,False,-1,PV-/PNN+,0.0,0.0,296.31705237,19.42376350908454,1.1981459856033325,False,NONE
162,1007,1239,296.31705237,19.42376350908454,39178.0,105.0348525469169,106.41129032258064,2.97364277670422,3.012611120543776,2.605289710185638,True,True,356,PV+/PNN+,173.97703611,14.883361255142246,296.31705237,19.42376350908454,1.1185117959976196,False,NONE
163,697,1232,296.31705237,19.42376350908454,57457.0,154.0402144772118,116.62096774193549,4.361034075784736,3.3016574016054223,1.9609829414714661,True,True,142,PV+/PNN+,127.1065104,12.721518597815718,296.31705237,19.42376350908454,1.1982824802398682,False,NONE
164,650,1444,296.31705237,19.42376350908454,65393.0,175.31635388739946,167.88709677419354,4.963383074608685,4.753053301059517,1.2843616229845638,True,False,-1,PV-/PNN+,0.0,0.0,296.31705237,19.42376350908454,1.7759590148925781,False,NONE
165,1017,1501,296.31705237,19.42376350908454,59895.0,160.57640750670242,136.32258064516128,4.5460803029940084,3.8594299645071612,1.2268190475120708,True,False,-1,PV-/PNN+,0.0,0.0,296.31705237,19.42376350908454,1.500195860862732,False,NONE
166,846,1279,296.31705237,19.42376350908454,41137.0,110.28686327077747,87.54032258064517,3.1223325056225812,2.4783549612355205,1.7075688406221612,True,False,-1,PV-/PNN+,0.0,0.0,296.31705237,19.42376350908454,1.0827337503433228,False,NONE
167,957,1239,296.31705237,19.42376350908454,36881.0,98.87667560321715,83.79838709677419,2.799298566737157,2.372416987765849,1.4768316168063513,True,True,323,PV+/PNN+,150.9389811,13.862953494062992,296.31705237,19.42376350908454,0.6037546992301941,False,NONE
168,1075,1578,296.31705237,19.42376350908454,31097.0,83.36997319034853,65.44354838709677,2.360288157312041,1.852772962729272,1.7305291786185748,True,True,394,PV+/PNN+,135.84508299,13.151552441468574,296.31705237,19.42376350908454,-0.24952369928359985,False,NONE
169,904,1469,296.31705237,19.42376350908454,34373.0,92.15281501340482,84.3225806451613,2.608939281322532,2.3872574366355233,1.6398216704845954,True,True,280,PV+/PNN+,123.92884764,12.56149312576761,296.31705237,19.42376350908454,0.920724630355835,False,NONE
170,849,1348,296.31705237,19.42376350908454,33940.0,90.99195710455764,83.16129032258064,2.576074221280852,2.3543801345242454,1.6865927293661784,True,False,-1,PV-/PNN+,0.0,0.0,296.31705237,19.42376350908454,0.05775892361998558,False,NONE
171,746,1235,296.31705237,19.42376350908454,34502.0,92.49865951742628,125.49193548387096,2.6187304885866816,3.5528034593999016,1.4116355953350535,True,False,-1,PV-/PNN+,0.0,0.0,296.31705237,19.42376350908454,1.1771429777145386,False,NONE
172,1120,1659,296.31705237,19.42376350908454,24760.0,66.38069705093834,62.274193548387096,1.8793045880646406,1.7630453257172445,1.2843616229845638,True,False,-1,PV-/PNN+,0.0,0.0,296.31705237,19.42376350908454,-0.16778235137462616,False,NONE
173,1068,1613,296.31705237,19.42376350908454,16866.0,45.2171581769437,62.57258064516129,1.2801434241639025,1.7714929658430587,1.0933089339773698,True,False,-1,PV-/PNN+,0.0,0.0,296.31705237,19.42376350908454,0.3060184419155121,False,NONE
174,965,1594,296.31705237,19.42376350908454,23562.0,63.16890080428954,75.71774193548387,1.7883753919216099,2.143645760574878,1.1171196548625393,True,False,-1,PV-/PNN+,0.0,0.0,296.31705237,19.42376350908454,0.2566770315170288,False,NONE
175,754,1623,296.31705237,19.42376350908454,25368.0,68.0107238605898,67.4274193548387,1.925452293619701,1.9089383538360372,1.9057080537023225,True,True,184,PV+/PNN+,145.37807127,13.605186852016802,296.31705237,19.42376350908454,-0.1656792312860489,False,NONE
176,912,1570,296.31705237,19.42376350908454,32410.0,86.89008042895442,78.23387096774194,2.45994594907815,2.214879915149312,1.9986832495396512,True,False,-1,PV-/PNN+,0.0,0.0,296.31705237,19.42376350908454,-0.33317989110946655,False,NONE
177,869,1691,296.31705237,19.42376350908454,24017.0,64.3887399463807,69.64516129032258,1.8229102702564004,1.971724868284657,1.4487689814774014,True,False,-1,PV-/PNN+,0.0,0.0,296.31705237,19.42376350908454,-0.4906439781188965,False,NONE
178,825,1324,296.31705237,19.42376350908454,30489.0,81.73994638069705,70.06451612903226,2.31414045175698,1.9835972273803961,1.7415841561724035,True,True,228,PV+/PNN+,139.81716144,13.342441267550267,296.31705237,19.42376350908454,0.48016664385795593,False,NONE
179,742,1663,296.31705237,19.42376350908454,24638.0,66.05361930294906,55.943548387096776,1.8700446866210263,1.5838183662911842,1.374502209192706,True,False,-1,PV-/PNN+,0.0,0.0,296.31705237,19.42376350908454,-0.2628691494464874,False,NONE
180,977,1354,296.31705237,19.42376350908454,23787.0,63.77211796246649,58.685483870967744,1.8054530790102425,1.661445329609478,1.2843616229845638,True,False,-1,PV-/PNN+,0.0,0.0,296.31705237,19.42376350908454,0.027895625680685043,False,NONE
181,800,1617,296.31705237,19.42376350908454,19398.0,52.0053619302949,59.516129032258064,1.4723243295346484,1.684961733202961,1.3651479974163891,True,False,-1,PV-/PNN+,0.0,0.0,296.31705237,19.42376350908454,-0.7491735816001892,False,NONE
182,877,1566,296.31705237,19.42376350908454,34419.0,92.27613941018767,80.78225806451613,2.6124307195717633,2.2870273281157263,1.5771767976795659,True,False,-1,PV-/PNN+,0.0,0.0,296.31705237,19.42376350908454,-0.45665058493614197,False,NONE
183,1079,1877,296.31705237,19.42376350908454,43470.0,116.54155495978553,83.37096774193549,3.2994091455238257,2.360316314072115,1.1443319073027332,True,False,-1,PV-/PNN+,0.0,0.0,296.31705237,19.42376350908454,1.951438546180725,False,NONE
184,758,2274,296.31705237,19.42376350908454,46640.0,125.04021447721179,132.23387096774192,3.5400147813947833,3.7436744633237056,1.5990032918243047,True,False,-1,PV-/PNN+,0.0,0.0,296.31705237,19.42376350908454,2.3642232418060303,False,NONE
185,717,1806,296.31705237,19.42376350908454,51422.0,137.86058981233245,94.9758064516129,3.902972557651856,2.688861020586893,1.4317613237022804,True,True,160,PV+/PNN+,148.55573403,13.753073662427433,296.31705237,19.42376350908454,2.038633108139038,False,NONE
186,911,2258,296.31705237,19.42376350908454,64063.0,171.75067024128685,131.16935483870967,4.86243496870699,3.713536936388368,1.6959469411424954,True,True,288,PV+/PNN+,124.72326333,12.60169000650996,296.31705237,19.42376350908454,2.1345374584198,False,NONE
187,939,2080,296.31705237,19.42376350908454,34720.0,93.08310991957104,67.53225806451613,2.6352768698547786,1.9119064436099722,1.8209532257896353,True,True,306,PV+/PNN+,200.98716957,15.99702510721652,296.31705237,19.42376350908454,2.3233869075775146,False,NONE
188,1000,2135,296.31705237,19.42376350908454,48377.0,129.6970509383378,100.95967741935483,3.6718545257190276,2.858270452299169,1.2361732592883872,True,False,-1,PV-/PNN+,0.0,0.0,296.31705237,19.42376350908454,2.319476842880249,False,NONE
189,866,2192,296.31705237,19.42376350908454,62497.0,167.55227882037534,114.4758064516129,4.743574266570107,3.240925718538757,1.4501862862919948,True,False,-1,PV-/PNN+,0.0,0.0,296.31705237,19.42376350908454,2.5168819427490234,False,NONE
190,804,2112,296.31705237,19.42376350908454,37441.0,100.37801608579089,82.54032258064517,2.841803032379976,2.336799910478632,1.553649537757315,True,False,-1,PV-/PNN+,0.0,0.0,296.31705237,19.42376350908454,1.2936930656433105,False,NONE
191,1066,2294,296.31705237,19.42376350908454,19459.0,52.16890080428954,44.395161290322584,1.4769542802564555,1.2568718619623713,1.2336221106221192,True,False,-1,PV-/PNN+,0.0,0.0,296.31705237,19.42376350908454,1.4509022235870361,False,NONE
192,772,1928,296.31705237,19.42376350908454,29119.0,78.06702412868633,69.5725806451613,2.2101563125950836,1.9696700369027025,1.8640392921532758,True,True,190,PV+/PNN+,157.29430662000001,14.151796046802042,296.31705237,19.42376350908454,1.298951268196106,False,NONE
193,836,2235,296.31705237,19.42376350908454,43647.0,117.01608579088472,93.29032258064517,3.312843592700217,2.641143269605942,2.8615384206641297,True,True,236,PV+/PNN+,139.81716144,13.342441267550267,296.31705237,19.42376350908454,1.677162766456604,False,NONE
194,665,2254,296.31705237,19.42376350908454,24370.0,65.33512064343164,54.096774193548384,1.8497032637776774,1.5315343233503336,2.1137684004846378,True,True,122,PV+/PNN+,149.35014972,13.789797556005714,296.31705237,19.42376350908454,0.9505002498626709,False,NONE
195,1073,2217,296.31705237,19.42376350908454,15396.0,41.27613941018767,38.443548387096776,1.1685692018515026,1.0883756886420752,1.6418058972250262,True,True,391,PV+/PNN+,154.91105955,14.044176264056347,296.31705237,19.42376350908454,0.9233219623565674,False,NONE
196,664,2044,296.31705237,19.42376350908454,27618.0,74.04289544235925,59.25,2.0962291645060276,1.6774273514691265,1.6026882843422476,True,False,-1,PV-/PNN+,0.0,0.0,296.31705237,19.42376350908454,1.51659095287323,False,NONE
197,962,1890,296.31705237,19.42376350908454,39950.0,107.10455764075067,88.58870967741936,3.032238218626106,2.508035858974868,1.5267207462800398,True,True,327,PV+/PNN+,277.25107581,18.788481405948126,296.31705237,19.42376350908454,0.9161241054534912,False,NONE
198,939,2280,296.31705237,19.42376350908454,21449.0,57.50402144772118,45.306451612903224,1.6279969349514731,1.282671411535804,1.540326872500137,True,True,304,PV+/PNN+,178.74353025,15.085865274483455,296.31705237,19.42376350908454,0.1723543256521225,False,NONE
199,795,1964,296.31705237,19.42376350908454,27058.0,72.54155495978553,56.83870967741935,2.053724698863209,1.6091612866686271,1.6542781795934485,True,True,207,PV+/PNN+,137.43391437,13.228238528376714,296.31705237,19.42376350908454,0.5530721545219421,False,NONE
200,867,1885,296.31705237,19.42376350908454,25944.0,69.55495978552278,67.58870967741936,1.9691711725666006,1.913504645795937,3.033315764192853,True,True,259,PV+/PNN+,183.51002439,15.28568676601291,296.31705237,19.42376350908454,-0.1875779926776886,False,NONE
201,849,2034,296.31705237,19.42376350908454,22472.0,60.24664879356568,61.96774193548387,1.7056434855811229,1.7543693709934352,1.7824025348326944,True,True,243,PV+/PNN+,132.66742023,12.996822909266468,296.31705237,19.42376350908454,1.0350016355514526,False,NONE
202,770,2165,296.31705237,19.42376350908454,28036.0,75.16353887399464,67.79032258064517,2.127955712075132,1.9192125107458118,1.5624368276077942,True,False,-1,PV-/PNN+,0.0,0.0,296.31705237,19.42376350908454,0.9675765037536621,False,NONE
203,1009,1799,296.31705237,19.42376350908454,22565.0,60.49597855227882,55.91129032258065,1.712702262911091,1.5829051078992045,1.223984437882884,True,True,354,PV+/PNN+,154.91105955,14.044176264056347,296.31705237,19.42376350908454,0.8752062320709229,False,NONE
204,787,1805,296.31705237,19.42376350908454,23743.0,63.65415549597855,55.16129032258065,1.802113442424021,1.5616718502856712,1.7038838481042184,True,True,199,PV+/PNN+,158.08872231,14.187487896796528,296.31705237,19.42376350908454,-0.5113775730133057,False,NONE
205,800,2151,296.31705237,19.42376350908454,29905.0,80.17426273458445,61.403225806451616,2.26981436615804,1.7383873491337865,2.037517401459511,True,True,208,PV+/PNN+,158.08872231,14.187487896796528,296.31705237,19.42376350908454,-0.3550053536891937,False,NONE
206,856,1945,296.31705237,19.42376350908454,19257.0,51.62734584450402,48.346774193548384,1.4616223122924388,1.368746014979912,2.2931991900121655,True,True,252,PV+/PNN+,135.84508299,13.151552441468574,296.31705237,19.42376350908454,-1.21747887134552,False,NONE
207,648,1828,296.31705237,19.42376350908454,28776.0,77.14745308310992,62.806451612903224,2.184122327388857,1.7781140891849132,1.39519485948577,True,True,117,PV+/PNN+,141.40599282,13.418036440588484,296.31705237,19.42376350908454,0.025227289646863937,False,NONE
208,1073,1977,296.31705237,19.42376350908454,11182.0,29.978552278820377,31.5,0.8487230978892897,0.8917968197683964,1.0570259307237782,True,False,-1,PV-/PNN+,0.0,0.0,296.31705237,19.42376350908454,-0.05202652886509895,False,NONE
209,984,2073,296.31705237,19.42376350908454,13683.0,36.683646112600535,37.153225806451616,1.0385510774833795,1.0518453529628782,2.0669973416030545,True,True,336,PV+/PNN+,218.46431475,16.67805158443783,296.31705237,19.42376350908454,-0.5073552131652832,False,NONE
210,904,1964,296.31705237,19.42376350908454,23921.0,64.1313672922252,60.556451612903224,1.8156237904319172,1.7144143163443135,1.5255869024283653,True,False,-1,PV-/PNN+,0.0,0.0,296.31705237,19.42376350908454,-1.0700095891952515,False,NONE
211,893,2107,296.31705237,19.42376350908454,22722.0,60.916890080428956,50.54032258064516,1.7246186934573815,1.4308475856345468,1.7072853796592427,True,False,-1,PV-/PNN+,0.0,0.0,296.31705237,19.42376350908454,0.1692897379398346,False,NONE
212,851,1991,296.31705237,19.42376350908454,20634.0,55.31903485254692,45.42741935483871,1.5661377572748705,1.2860961305057288,1.5508149281281283,True,False,-1,PV-/PNN+,0.0,0.0,296.31705237,19.42376350908454,-0.5393465757369995,False,NONE
213,725,2292,296.31705237,19.42376350908454,19886.0,53.31367292225201,61.83064516129032,1.509363935309105,1.7504880228275204,1.4314778627393616,True,False,-1,PV-/PNN+,0.0,0.0,296.31705237,19.42376350908454,-1.4737858772277832,False,NONE
214,987,2540,296.31705237,19.42376350908454,68154.0,182.71849865951742,187.82258064516128,5.1729452703940835,5.317446987303111,1.836543578750163,True,True,337,PV+/PNN+,183.51002439,15.28568676601291,296.31705237,19.42376350908454,2.2979390621185303,False,NONE
215,670,2404,296.31705237,19.42376350908454,83773.0,224.59249329758714,196.67741935483872,6.358440357671209,5.5681364159016,2.2914984242346534,True,True,126,PV+/PNN+,199.39833819,15.933670303416712,296.31705237,19.42376350908454,2.16035795211792,False,NONE
216,1139,2391,296.31705237,19.42376350908454,33020.0,88.5254691689008,71.38709677419355,2.5062454562962206,2.021040821451573,1.5638541324223878,True,True,435,PV+/PNN+,177.94911456,15.05230379737267,296.31705237,19.42376350908454,1.1702545881271362,False,NONE
217,1081,2423,296.31705237,19.42376350908454,31156.0,83.52815013404826,79.18548387096774,2.364766306370838,2.24182103771272,2.442583117470313,True,True,397,PV+/PNN+,227.99730303,17.038051012682235,296.31705237,19.42376350908454,1.5139905214309692,False,NONE
218,873,2653,296.31705237,19.42376350908454,59780.0,160.2680965147453,160.21774193548387,4.537351707370929,4.535926118366291,1.8269059060109276,True,False,-1,PV-/PNN+,0.0,0.0,296.31705237,19.42376350908454,1.7635164260864258,False,NONE
219,1145,2710,296.31705237,19.42376350908454,40911.0,109.68096514745308,94.99193548387096,3.105178917702444,2.6893176497828826,2.1035638058195647,True,True,441,PV+/PNN+,143.78923989,13.53063732184699,296.31705237,19.42376350908454,1.933509349822998,False,NONE
220,732,2477,296.31705237,19.42376350908454,69024.0,185.0509383378016,173.75,5.238978993803463,4.919038013801869,1.8339924300838948,True,True,168,PV+/PNN+,143.78923989,13.53063732184699,296.31705237,19.42376350908454,1.7495042085647583,False,NONE
221,1128,2462,296.31705237,19.42376350908454,29220.0,78.33780160857908,71.69354838709677,2.2178222965770917,2.0297167761753823,1.7027500042525436,True,True,427,PV+/PNN+,192.24859698,15.645399198959066,296.31705237,19.42376350908454,1.1296803951263428,False,NONE
222,1022,2490,296.31705237,19.42376350908454,39848.0,106.83109919571045,88.95967741935483,3.0244963338125928,2.5185383304826368,1.9802582869499368,True,True,358,PV+/PNN+,280.42873857,18.895845030787132,296.31705237,19.42376350908454,1.8806830644607544,False,NONE
223,813,2425,296.31705237,19.42376350908454,44511.0,119.33243967828419,83.13709677419355,3.3784219111205664,2.3536951907302606,2.5996204909272644,True,True,218,PV+/PNN+,215.28665199,16.556312354123577,296.31705237,19.42376350908454,1.7792859077453613,False,NONE
224,889,2374,296.31705237,19.42376350908454,28798.0,77.20643431635389,63.016129032258064,2.1857921456819676,1.7840502687327826,1.4938392745814724,True,False,-1,PV-/PNN+,0.0,0.0,296.31705237,19.42376350908454,0.9913495779037476,False,NONE
225,1147,2638,296.31705237,19.42376350908454,43560.0,116.7828418230563,96.00806451612904,3.3062402203592787,2.7180852891302507,1.8816138718542341,True,True,442,PV+/PNN+,131.87300454,12.957851838301272,296.31705237,19.42376350908454,0.9265897274017334,False,NONE
226,1045,2777,296.31705237,19.42376350908454,43249.0,115.94906166219839,98.31451612903226,3.282635061761213,2.7833832641568153,2.3371356392645617,True,True,375,PV+/PNN+,179.53794594000001,15.11935225303425,296.31705237,19.42376350908454,1.8184717893600464,False,NONE
227,1086,2609,296.31705237,19.42376350908454,31243.0,83.76139410187668,105.53225806451613,2.3713696787117757,2.9877248293623233,1.6154440276735884,True,False,-1,PV-/PNN+,0.0,0.0,296.31705237,19.42376350908454,0.558462381362915,False,NONE
228,946,2632,296.31705237,19.42376350908454,63247.0,169.56300268096516,141.49193548387098,4.800499890198882,4.005779621821945,1.8030951851257584,True,True,311,PV+/PNN+,96.12429849,11.062967867954534,296.31705237,19.42376350908454,2.994598388671875,False,NONE
229,982,2660,296.31705237,19.42376350908454,34031.0,91.23592493297588,80.76612903225806,2.5829811969478103,2.286570698919736,1.6446405068542131,True,False,-1,PV-/PNN+,0.0,0.0,296.31705237,19.42376350908454,0.45954787731170654,False,NONE
230,1134,2572,296.31705237,19.42376350908454,38081.0,102.09383378016086,91.29838709677419,2.8903795645431978,2.5847495639011817,2.457606548505003,True,True,431,PV+/PNN+,142.9948242,13.493208101259413,296.31705237,19.42376350908454,-0.5888780355453491,False,NONE
231,1094,2563,296.31705237,19.42376350908454,31819.0,85.30563002680965,76.93548387096774,2.415088557658675,2.17812126487212,1.5899325410109069,True,False,-1,PV-/PNN+,0.0,0.0,296.31705237,19.42376350908454,0.6111459136009216,False,NONE
232,949,2808,296.31705237,19.42376350908454,37253.0,99.8739946380697,93.80645161290323,2.8275336760570298,2.6557554038776208,2.1628071470695702,True,True,316,PV+/PNN+,173.18262042,14.849342099217841,296.31705237,19.42376350908454,1.6599814891815186,False,NONE
233,898,2668,296.31705237,19.42376350908454,41099.0,110.18498659517427,92.81451612903226,3.11944827402539,2.627672708324238,1.9904628816150096,True,True,278,PV+/PNN+,136.63949868,13.18995121644368,296.31705237,19.42376350908454,0.5207985639572144,False,NONE
234,929,2755,296.31705237,19.42376350908454,48996.0,131.35656836461126,106.24193548387096,3.7188371404206433,3.0078165139858815,2.1817990315851223,True,True,300,PV+/PNN+,183.51002439,15.28568676601291,296.31705237,19.42376350908454,0.9106813669204712,False,NONE
235,652,2740,296.31705237,19.42376350908454,50469.0,135.30563002680964,101.5,3.830639065227558,2.873567530364833,1.2378740250658995,True,False,-1,PV-/PNN+,0.0,0.0,296.31705237,19.42376350908454,0.8871315717697144,False,NONE
236,838,2580,296.31705237,19.42376350908454,34244.0,91.80697050938338,91.03225806451613,2.5991480740583826,2.5772151821673472,1.6902777218841216,True,False,-1,PV-/PNN+,0.0,0.0,296.31705237,19.42376350908454,0.6362157464027405,False,NONE
237,1044,2569,296.31705237,19.42376350908454,31998.0,85.78552278820375,99.58870967741936,2.4286748064980763,2.8194569706400223,2.6140770000361173,True,True,377,PV+/PNN+,190.65976560000001,15.580614658987523,296.31705237,19.42376350908454,-0.4723815321922302,False,NONE
238,761,2586,296.31705237,19.42376350908454,31860.0,85.41554959785523,93.29838709677419,2.418200491750382,2.6413715842039367,2.187184789880577,True,False,-1,PV-/PNN+,0.0,0.0,296.31705237,19.42376350908454,-0.208279088139534,False,NONE
239,717,2653,296.31705237,19.42376350908454,58208.0,156.05361930294907,111.03225806451613,4.418035600245016,3.1434353851949006,1.3852737257836159,True,False,-1,PV-/PNN+,0.0,0.0,296.31705237,19.42376350908454,1.2233803272247314,False,NONE
240,989,2830,296.31705237,19.42376350908454,69584.0,186.55227882037534,147.70967741935485,5.2814834594462825,4.181810176876075,2.1543033181820097,True,True,340,PV+/PNN+,213.69782061,16.495105814282397,296.31705237,19.42376350908454,1.3092166185379028,False,NONE
241,1060,2542,296.31705237,19.42376350908454,28762.0,77.10991957104558,73.40322580645162,2.1830597157477865,2.0781194709503183,1.653711257667611,True,False,-1,PV-/PNN+,0.0,0.0,296.31705237,19.42376350908454,0.7506392002105713,False,NONE
242,1101,2774,296.31705237,19.42376350908454,31025.0,83.17694369973191,72.08870967741936,2.3548232974436782,2.0409041914771366,2.167625983439188,True,True,409,PV+/PNN+,139.81716144,13.342441267550267,296.31705237,19.42376350908454,0.4790475368499756,False,NONE
243,768,2727,296.31705237,19.42376350908454,68025.0,182.37265415549598,165.30645161290323,5.163154063129935,4.679992629701124,1.4283597921472562,True,False,-1,PV-/PNN+,0.0,0.0,296.31705237,19.42376350908454,1.2553077936172485,False,NONE
244,785,2655,296.31705237,19.42376350908454,50056.0,134.19839142091152,99.3225806451613,3.799292021815979,2.811922588906188,1.37790374074773,True,False,-1,PV-/PNN+,0.0,0.0,296.31705237,19.42376350908454,0.2048720121383667,False,NONE
245,996,2395,296.31705237,19.42376350908454,18284.0,49.01876675603217,40.54838709677419,1.3877708032380407,1.1479657987187653,1.5970190650838738,True,True,347,PV+/PNN+,181.12677732,15.186104684686722,296.31705237,19.42376350908454,-0.36322489380836487,False,NONE
246,879,2582,296.31705237,19.42376350908454,34456.0,92.37533512064343,86.38709677419355,2.6152390503374496,2.445705973722238,1.5873813923446385,True,False,-1,PV-/PNN+,0.0,0.0,296.31705237,19.42376350908454,-0.7331231832504272,False,NONE
247,702,2759,296.31705237,19.42376350908454,50744.0,136.04289544235925,99.73387096774194,3.8515117938914427,2.823566633403932,1.2653697384690121,True,False,-1,PV-/PNN+,0.0,0.0,296.31705237,19.42376350908454,0.029350366443395615,False,NONE
248,1010,2521,296.31705237,19.42376350908454,38257.0,102.5656836461126,105.0241935483871,2.9037381108880838,2.9733410096886397,1.7259938032118758,True,False,-1,PV-/PNN+,0.0,0.0,296.31705237,19.42376350908454,-0.41166263818740845,False,NONE
249,871,2622,296.31705237,19.42376350908454,58272.0,156.22520107238606,134.54032258064515,4.422893253461338,3.80897243835027,2.331749880969107,True,True,261,PV+/PNN+,161.26638507,14.329366305165497,296.31705237,19.42376350908454,0.737952470779419,False,NONE
250,723,2808,296.31705237,19.42376350908454,92093.0,246.89812332439678,237.08064516129033,6.9899352757930915,6.711992551856456,1.3438884251974879,True,False,-1,PV-/PNN+,0.0,0.0,296.31705237,19.42376350908454,0.5614504814147949,False,NONE
251,639,2512,296.31705237,19.42376350908454,25669.0,68.8176943699732,83.62903225806451,1.9482984439027167,2.3676223812079544,1.7702137134271907,True,False,-1,PV-/PNN+,0.0,0.0,296.31705237,19.42376350908454,-1.85294508934021,False,NONE
252,741,2751,296.31705237,19.42376350908454,43665.0,117.06434316353888,113.70161290322581,3.3142098076673077,3.219007517131239,1.3373688230503582,True,False,-1,PV-/PNN+,0.0,0.0,296.31705237,19.42376350908454,-0.2602940499782562,False,NONE
253,1056,2847,296.31705237,19.42376350908454,69659.0,186.7533512064343,171.8709677419355,5.2871760218091595,4.865840712469039,1.5584683741269327,True,False,-1,PV-/PNN+,0.0,0.0,296.31705237,19.42376350908454,1.032507300376892,False,NONE
254,1296,216,296.31705237,19.42376350908454,71123.0,190.67828418230562,184.94354838709677,5.398294839132529,5.235938675818902,1.741867617135322,True,False,-1,PV-/PNN+,0.0,0.0,296.31705237,19.42376350908454,1.8260365724563599,False,NONE
255,1243,411,296.31705237,19.42376350908454,60249.0,161.5254691689008,131.96774193548387,4.57294919734679,3.7361400815898715,1.5352245751676006,True,False,-1,PV-/PNN+,0.0,0.0,296.31705237,19.42376350908454,1.2898718118667603,False,NONE
256,1455,496,296.31705237,19.42376350908454,34305.0,91.97050938337802,71.37096774193549,2.6037780247801896,2.0205841922555834,1.6403885924104329,True,True,582,PV+/PNN+,158.08872231,14.187487896796528,296.31705237,19.42376350908454,1.616578459739685,False,NONE
257,1687,51,296.31705237,19.42376350908454,58412.0,156.60053619302948,122.0,4.433519369872043,3.453943238468075,1.7452691486903467,True,False,-1,PV-/PNN+,0.0,0.0,296.31705237,19.42376350908454,2.09737229347229,False,NONE
258,1553,140,296.31705237,19.42376350908454,44691.0,119.81501340482573,112.5241935483871,3.392084060791472,3.185673585823972,3.434413026722793,True,True,612,PV+/PNN+,219.25873044,16.708347797572188,296.31705237,19.42376350908454,2.5784575939178467,False,NONE
259,1293,521,296.31705237,19.42376350908454,44050.0,118.09651474530831,89.48387096774194,3.3434316277967455,2.533378779352311,3.210195405054113,True,True,519,PV+/PNN+,143.78923989,13.53063732184699,296.31705237,19.42376350908454,2.3373100757598877,False,NONE
260,1450,322,296.31705237,19.42376350908454,52233.0,140.03485254691688,133.61290322580646,3.964528132002438,3.782716259580848,1.750087985059964,True,False,-1,PV-/PNN+,0.0,0.0,296.31705237,19.42376350908454,2.4841115474700928,False,NONE
261,1720,163,296.31705237,19.42376350908454,17552.0,47.056300268096514,39.403225806451616,1.3322113945763558,1.115545125803478,3.476365249234759,True,True,657,PV+/PNN+,155.70547524,14.080140922851225,296.31705237,19.42376350908454,0.4226682186126709,False,NONE
262,1354,530,296.31705237,19.42376350908454,42926.0,115.08310991957104,100.98387096774194,3.2581190931850874,2.858955396093154,2.418488935622224,True,True,545,PV+/PNN+,235.94145993,17.332339629300566,296.31705237,19.42376350908454,1.4935427904129028,False,NONE
263,1420,405,296.31705237,19.42376350908454,79038.0,211.89812332439678,171.2258064516129,5.999049920494873,4.847575544629439,2.0562258250121443,True,False,-1,PV-/PNN+,0.0,0.0,296.31705237,19.42376350908454,1.4992932081222534,False,NONE
264,1340,563,296.31705237,19.42376350908454,52042.0,139.52278820375335,94.74193548387096,3.950031073184977,2.6822398972450383,2.1066818764116704,True,True,537,PV+/PNN+,183.51002439,15.28568676601291,296.31705237,19.42376350908454,2.311004161834717,False,NONE
265,1545,496,296.31705237,19.42376350908454,19338.0,51.84450402144772,41.25,1.4677702796443464,1.1678291687443285,1.566405281088656,True,False,-1,PV-/PNN+,0.0,0.0,296.31705237,19.42376350908454,0.40076887607574463,False,NONE
266,1491,38,296.31705237,19.42376350908454,69209.0,185.54691689008044,157.81451612903226,5.253020647631895,4.467888368163786,1.6466247335946438,True,False,-1,PV-/PNN+,0.0,0.0,296.31705237,19.42376350908454,1.8606826066970825,False,NONE
267,1352,37,296.31705237,19.42376350908454,52285.0,140.17426273458446,139.11290322580646,3.9684749752407003,3.938426815413425,2.1798148048446913,True,True,547,PV+/PNN+,195.42625974,15.774170088491289,296.31705237,19.42376350908454,1.0166683197021484,False,NONE
268,1533,205,296.31705237,19.42376350908454,30061.0,80.59249329758713,78.7741935483871,2.2816548958728253,2.230176993214976,1.7744656278709712,True,True,608,PV+/PNN+,135.05066730000001,13.113041224263421,296.31705237,19.42376350908454,0.6489201784133911,False,NONE
269,1387,43,296.31705237,19.42376350908454,83266.0,223.23324396782843,211.66935483870967,6.319958636098157,5.99257325357427,1.9524791125839056,True,False,-1,PV-/PNN+,0.0,0.0,296.31705237,19.42376350908454,1.9638293981552124,False,NONE
270,1369,316,296.31705237,19.42376350908454,77195.0,206.95710455764075,179.59677419354838,5.859164688031096,5.0845660973482305,1.6202628640432062,True,True,558,PV+/PNN+,86.59131021,10.500070494515818,296.31705237,19.42376350908454,2.057943105697632,False,NONE
271,1681,117,296.31705237,19.42376350908454,25322.0,67.88739946380697,56.25806451612903,1.9219608553704697,1.5927226356129884,1.8388112664535128,True,True,648,PV+/PNN+,150.14456541,13.82642390884524,296.31705237,19.42376350908454,0.7927282452583313,False,NONE
272,1549,94,296.31705237,19.42376350908454,47849.0,128.28150134048258,102.96774193548387,3.6317788866843697,2.9151207871999194,1.848448939192748,True,False,-1,PV-/PNN+,0.0,0.0,296.31705237,19.42376350908454,1.4200801849365234,False,NONE
273,1372,159,296.31705237,19.42376350908454,61166.0,163.98391420911528,140.34677419354838,4.642550259836907,3.973358948906657,1.8218036086783918,True,True,561,PV+/PNN+,118.36793781,12.276430232296539,296.31705237,19.42376350908454,2.03464674949646,False,NONE
274,1232,277,296.31705237,19.42376350908454,34149.0,91.55227882037534,77.09677419354838,2.5919374950654044,2.1826875568320196,1.6831911978111544,True,False,-1,PV-/PNN+,0.0,0.0,296.31705237,19.42376350908454,0.8692271709442139,False,NONE
275,1538,336,296.31705237,19.42376350908454,49213.0,131.93833780160858,93.26612903225806,3.735307620857236,2.640458325811957,1.8342758910468138,True,False,-1,PV-/PNN+,0.0,0.0,296.31705237,19.42376350908454,1.534377098083496,False,NONE
276,1338,493,296.31705237,19.42376350908454,33589.0,90.05093833780161,76.05645161290323,2.5494330294225853,2.1532349736906675,2.1208549245576047,True,True,538,PV+/PNN+,181.12677732,15.186104684686722,296.31705237,19.42376350908454,0.5842220783233643,False,NONE
277,1306,16,296.31705237,19.42376350908454,34238.0,91.79088471849866,83.55645161290323,2.598692669069352,2.365567549826,1.5210515270216662,True,False,-1,PV-/PNN+,0.0,0.0,296.31705237,19.42376350908454,0.3328182101249695,False,NONE
278,1339,272,296.31705237,19.42376350908454,68053.0,182.44772117962466,169.11290322580646,5.165279286412075,4.787757119954755,2.6574465273626764,True,True,535,PV+/PNN+,194.63184405,15.742076118135982,296.31705237,19.42376350908454,1.3308814764022827,False,NONE
279,1248,348,296.31705237,19.42376350908454,38154.0,102.28954423592494,99.78225806451613,2.895920325243065,2.8249365209919017,1.8181186161604486,True,False,-1,PV-/PNN+,0.0,0.0,296.31705237,19.42376350908454,0.7564274668693542,False,NONE
280,1296,267,296.31705237,19.42376350908454,36945.0,99.04825737265415,90.09677419354838,2.804156219953479,2.5507306887999293,1.6848919635886663,True,False,-1,PV-/PNN+,0.0,0.0,296.31705237,19.42376350908454,0.017378266900777817,False,NONE
281,1612,74,296.31705237,19.42376350908454,29892.0,80.13941018766756,78.54838709677419,2.268827655348475,2.2237841844711164,4.017492227446529,True,True,626,PV+/PNN+,228.79171872,17.067708217046253,296.31705237,19.42376350908454,1.5610618591308594,False,NONE
282,1491,363,296.31705237,19.42376350908454,32864.0,88.10723860589812,77.20967741935483,2.4944049265814354,2.1858839612039493,1.6341524512262218,True,False,-1,PV-/PNN+,0.0,0.0,296.31705237,19.42376350908454,-0.442298024892807,False,NONE
283,1297,141,296.31705237,19.42376350908454,52932.0,141.9088471849866,121.70967741935483,4.017582813224457,3.4457239129402555,1.7007657775121128,True,False,-1,PV-/PNN+,0.0,0.0,296.31705237,19.42376350908454,0.5317292809486389,False,NONE
284,1602,17,296.31705237,19.42376350908454,31569.0,84.63538873994638,88.94354838709677,2.3961133497824165,2.518081701286647,1.4912881259152042,True,False,-1,PV-/PNN+,0.0,0.0,296.31705237,19.42376350908454,1.1779307126998901,False,NONE
285,1478,181,296.31705237,19.42376350908454,39151.0,104.96246648793566,90.41935483870968,2.971593454253584,2.5598632727197286,1.5638541324223878,True,False,-1,PV-/PNN+,0.0,0.0,296.31705237,19.42376350908454,0.641822874546051,False,NONE
286,1653,134,296.31705237,19.42376350908454,18142.0,48.638069705093834,63.08064516129032,1.3769928851643258,1.7858767855167426,1.7690798695755159,True,False,-1,PV-/PNN+,0.0,0.0,296.31705237,19.42376350908454,-0.16821426153182983,False,NONE
287,1479,63,296.31705237,19.42376350908454,39453.0,105.77211796246648,122.99193548387096,2.994515505368104,3.482025934021457,1.4983746499881714,True,False,-1,PV-/PNN+,0.0,0.0,296.31705237,19.42376350908454,0.4907527565956116,False,NONE
288,1413,328,296.31705237,19.42376350908454,32865.0,88.10991957104558,91.59677419354838,2.4944808274129406,2.5931972040269957,1.4768316168063513,True,False,-1,PV-/PNN+,0.0,0.0,296.31705237,19.42376350908454,0.26676464080810547,False,NONE
289,1277,84,296.31705237,19.42376350908454,26491.0,71.02144772117963,74.5241935483871,2.0106889273998543,2.109855200071621,2.9542301555385397,True,True,512,PV+/PNN+,241.50236976,17.53540325529143,296.31705237,19.42376350908454,0.6082173585891724,False,NONE
290,1310,242,296.31705237,19.42376350908454,49036.0,131.46380697050938,129.1451612903226,3.721873173680845,3.6562299722916283,1.8124493969020747,True,False,-1,PV-/PNN+,0.0,0.0,296.31705237,19.42376350908454,-0.9476183652877808,False,NONE
291,1464,528,296.31705237,19.42376350908454,17448.0,46.77747989276139,49.435483870967744,1.3243177080998323,1.3995684857092345,3.5203016984871547,True,True,586,PV+/PNN+,199.39833819,15.933670303416712,296.31705237,19.42376350908454,0.1684374362230301,False,NONE
292,1392,396,296.31705237,19.42376350908454,27078.0,72.59517426273459,77.65322580645162,2.0552427154933093,2.1984412640936735,1.5142484639116178,True,False,-1,PV-/PNN+,0.0,0.0,296.31705237,19.42376350908454,-1.237204909324646,False,NONE
293,1230,736,296.31705237,19.42376350908454,52876.0,141.75871313672923,113.08870967741936,4.013332366660175,3.201655607683621,1.4357297771831419,True,False,-1,PV-/PNN+,0.0,0.0,296.31705237,19.42376350908454,1.163361668586731,False,NONE
294,1274,993,296.31705237,19.42376350908454,33734.0,90.4396782841823,56.03225806451613,2.5604386499908154,1.586329826869129,1.144615368265652,True,False,-1,PV-/PNN+,0.0,0.0,296.31705237,19.42376350908454,1.2979027032852173,False,NONE
295,1267,1086,296.31705237,19.42376350908454,56807.0,152.2975871313673,108.38709677419355,4.311698535306464,3.0685481970525466,1.2341890325479565,True,False,-1,PV-/PNN+,0.0,0.0,296.31705237,19.42376350908454,1.18588387966156,False,NONE
296,1444,684,296.31705237,19.42376350908454,25076.0,67.22788203753352,54.314516129032256,1.9032892508202315,1.537698817496198,1.3651479974163891,True,False,-1,PV-/PNN+,0.0,0.0,296.31705237,19.42376350908454,1.0666277408599854,False,NONE
297,1215,1028,296.31705237,19.42376350908454,36489.0,97.82573726541555,90.12096774193549,2.769545440787184,2.5514156325939146,1.3640141535647146,True,True,480,PV+/PNN+,139.81716144,13.342441267550267,296.31705237,19.42376350908454,2.1549766063690186,False,NONE
298,1407,1051,296.31705237,19.42376350908454,12215.0,32.74798927613941,26.911290322580644,0.9271286568339896,0.7618858135092521,1.8544016194140405,True,True,572,PV+/PNN+,187.48210284,15.45023065413564,296.31705237,19.42376350908454,1.261038064956665,False,NONE
299,1309,836,296.31705237,19.42376350908454,30841.0,82.68364611260054,69.25806451612904,2.3408575444467523,1.9607657675808983,1.4164544317046712,True,False,-1,PV-/PNN+,0.0,0.0,296.31705237,19.42376350908454,1.394568920135498,False,NONE
300,1368,753,296.31705237,19.42376350908454,67423.0,180.75871313672923,133.48387096774192,5.117461762563904,3.7790632260129278,1.4056829151137613,True,False,-1,PV-/PNN+,0.0,0.0,296.31705237,19.42376350908454,0.8957777619361877,False,NONE
301,1300,792,296.31705237,19.42376350908454,32868.0,88.11796246648794,79.23387096774194,2.494708529907456,2.2431909253006896,1.541177255388893,True,False,-1,PV-/PNN+,0.0,0.0,296.31705237,19.42376350908454,1.784551739692688,False,NONE
302,1301,925,296.31705237,19.42376350908454,22754.0,61.002680965147455,49.70161290322581,1.7270475200655424,1.4071028674430688,1.2160475309211607,True,False,-1,PV-/PNN+,0.0,0.0,296.31705237,19.42376350908454,0.7043218016624451,False,NONE
303,1407,907,296.31705237,19.42376350908454,9637.0,25.83646112600536,22.306451612903224,0.7314563132140122,0.6315181780541178,1.4068167589654361,True,True,571,PV+/PNN+,138.22833006,13.266415342325756,296.31705237,19.42376350908454,-1.3814432621002197,False,NONE
304,1366,711,296.31705237,19.42376350908454,24615.0,65.99195710455764,62.42741935483871,1.8682989674964106,1.767383303079149,3.2113292489057876,True,True,554,PV+/PNN+,220.05314613000002,16.73858917579679,296.31705237,19.42376350908454,-0.739295244216919,False,NONE
305,1329,866,296.31705237,19.42376350908454,13462.0,36.0911528150134,40.596774193548384,1.021776993720767,1.149335686306735,1.3095896486843268,True,False,-1,PV-/PNN+,0.0,0.0,296.31705237,19.42376350908454,-0.889832615852356,False,NONE
306,1256,1509,296.31705237,19.42376350908454,52424.0,140.54691689008044,84.88709677419355,3.9790251908199,2.4032394584951717,1.2109452335886244,True,False,-1,PV-/PNN+,0.0,0.0,296.31705237,19.42376350908454,1.9360021352767944,False,NONE
307,1677,2043,296.31705237,19.42376350908454,41753.0,111.93833780160858,100.60483870967742,3.1690874178296826,2.84822460998739,1.7106869112142666,True,True,644,PV+/PNN+,296.31705237,19.42376350908454,296.31705237,19.42376350908454,3.223860502243042,False,NONE
308,1282,1807,296.31705237,19.42376350908454,15024.0,40.27882037533512,31.330645161290324,1.14033409253163,0.8870022132105018,1.5360749580563566,True,True,514,PV+/PNN+,189.07093422,15.515559616363333,296.31705237,19.42376350908454,0.5032363533973694,False,NONE
309,1529,2284,296.31705237,19.42376350908454,20603.0,55.23592493297587,48.57258064516129,1.5637848314982143,1.3751388237237714,1.820386303863798,True,True,607,PV+/PNN+,142.20040851,13.455674765407588,296.31705237,19.42376350908454,-0.3419851064682007,False,NONE
310,1256,1874,296.31705237,19.42376350908454,12278.0,32.916890080428956,30.112903225806452,0.9319104092188069,0.8525267089132597,1.8668739017824625,True,True,504,PV+/PNN+,193.04301267,15.67769107892661,296.31705237,19.42376350908454,-0.18198516964912415,False,NONE
311,1240,2302,296.31705237,19.42376350908454,15053.0,40.35656836461126,43.20161290322581,1.142535216645276,1.223081301459114,1.2795427866149462,True,False,-1,PV-/PNN+,0.0,0.0,296.31705237,19.42376350908454,-1.2177398204803467,False,NONE
312,1343,2438,296.31705237,19.42376350908454,71310.0,191.17962466487936,144.6290322580645,5.412488294623971,4.094594000441992,1.2854954668362386,True,False,-1,PV-/PNN+,0.0,0.0,296.31705237,19.42376350908454,2.1975839138031006,False,NONE
313,1219,2665,296.31705237,19.42376350908454,59124.0,158.50938337801608,144.2258064516129,4.487560761903627,4.083178270542243,1.7560406652812564,True,True,484,PV+/PNN+,131.07858885,12.918763206743188,296.31705237,19.42376350908454,2.780578851699829,False,NONE
314,1528,2550,296.31705237,19.42376350908454,58347.0,156.42627345844505,142.8790322580645,4.428585815824216,4.045049732677081,2.292915729049247,True,True,606,PV+/PNN+,193.04301267,15.67769107892661,296.31705237,19.42376350908454,2.5549519062042236,False,NONE
315,1441,2701,296.31705237,19.42376350908454,53494.0,143.41554959785523,129.24193548387098,4.060239080530287,3.658969747467568,1.9411406740671582,True,False,-1,PV-/PNN+,0.0,0.0,296.31705237,19.42376350908454,1.3682836294174194,False,NONE
316,1371,2591,296.31705237,19.42376350908454,71529.0,191.76675603217157,151.8709677419355,5.429110576723573,4.299620509441485,1.7537729775779072,True,False,-1,PV-/PNN+,0.0,0.0,296.31705237,19.42376350908454,2.1772267818450928,False,NONE
317,1586,2774,296.31705237,19.42376350908454,62617.0,167.87399463806972,139.66935483870967,4.752682366350711,3.9541805226750784,1.8002605754965713,True,True,618,PV+/PNN+,177.15469887,15.0186673222671,296.31705237,19.42376350908454,2.1347944736480713,False,NONE
318,1352,2764,296.31705237,19.42376350908454,36583.0,98.07774798927613,82.34677419354838,2.776680118948657,2.3313203601267523,2.4547719388758162,True,True,548,PV+/PNN+,187.48210284,15.45023065413564,296.31705237,19.42376350908454,1.3620271682739258,False,NONE
319,1686,2737,296.31705237,19.42376350908454,60701.0,162.7372654155496,134.42741935483872,4.607256373187066,3.805776033978341,2.041202393977454,True,True,651,PV+/PNN+,207.34249509,16.24797415226416,296.31705237,19.42376350908454,1.3151638507843018,False,NONE
320,1596,2726,296.31705237,19.42376350908454,62116.0,166.53083109919572,148.5483870967742,4.714656049766689,4.205554895067553,2.2849788220875236,True,True,621,PV+/PNN+,195.42625974,15.774170088491289,296.31705237,19.42376350908454,1.5900839567184448,False,NONE
321,1310,2415,296.31705237,19.42376350908454,31130.0,83.45844504021447,83.86290322580645,2.362792884751707,2.374243504549809,1.7515052898745573,True,True,525,PV+/PNN+,173.97703611,14.883361255142246,296.31705237,19.42376350908454,0.3680473566055298,False,NONE
322,1432,2633,296.31705237,19.42376350908454,50899.0,136.45844504021449,125.68548387096774,3.863276422774723,3.5582830097517815,2.022493970424821,True,False,-1,PV-/PNN+,0.0,0.0,296.31705237,19.42376350908454,2.0416595935821533,False,NONE
323,1565,2681,296.31705237,19.42376350908454,61130.0,163.88739946380696,145.2016129032258,4.639817829902725,4.110804336899635,1.8532677755623657,True,False,-1,PV-/PNN+,0.0,0.0,296.31705237,19.42376350908454,1.1231569051742554,False,NONE
324,1509,2808,296.31705237,19.42376350908454,37667.0,100.98391420911528,81.0241935483871,2.858956620300114,2.293876766055576,2.149201020849473,True,True,601,PV+/PNN+,162.85521645,14.399781305649903,296.31705237,19.42376350908454,2.41926646232605,False,NONE
325,1660,2704,296.31705237,19.42376350908454,74274.0,199.12600536193028,169.3548387096774,5.637458359204891,4.794606557894604,1.8807634889654778,True,False,-1,PV-/PNN+,0.0,0.0,296.31705237,19.42376350908454,0.5748763084411621,False,NONE
326,1506,2655,296.31705237,19.42376350908454,71182.0,190.83646112600536,173.66129032258064,5.402772988191327,4.916526553223924,2.866640717996666,True,True,600,PV+/PNN+,214.4922363,16.525737420636904,296.31705237,19.42376350908454,0.6537106037139893,False,NONE
327,1525,2609,296.31705237,19.42376350908454,88362.0,236.89544235924933,225.86290322580646,6.70674927344781,6.394406946045438,2.3402537098566674,True,True,605,PV+/PNN+,167.62171059,14.608990056788347,296.31705237,19.42376350908454,0.37431979179382324,False,NONE
328,1598,2691,296.31705237,19.42376350908454,53888.0,144.47184986595175,161.3951612903226,4.09014400814327,4.5692600496735585,3.381405826656999,True,True,620,PV+/PNN+,270.89575029,18.571892250654752,296.31705237,19.42376350908454,0.6245994567871094,False,NONE
329,1552,2636,296.31705237,19.42376350908454,68072.0,182.49865951742626,174.53225806451613,5.166721402210671,4.941184529807382,2.1140518614475563,True,False,-1,PV-/PNN+,0.0,0.0,296.31705237,19.42376350908454,-0.35829269886016846,False,NONE
330,1499,2765,296.31705237,19.42376350908454,26165.0,70.14745308310992,67.55645161290323,1.9859452563292133,1.9125913874039573,2.768563224826801,True,True,599,PV+/PNN+,181.12677732,15.186104684686722,296.31705237,19.42376350908454,0.7501446008682251,False,NONE
331,1501,2477,296.31705237,19.42376350908454,25908.0,69.45844504021447,55.78225806451613,1.9664387426324192,1.5792520743312846,1.575476031902054,True,False,-1,PV-/PNN+,0.0,0.0,296.31705237,19.42376350908454,0.7487689256668091,False,NONE
332,1483,2635,296.31705237,19.42376350908454,61225.0,164.14209115281503,135.05645161290323,4.647028408895704,3.8235845726219493,2.4221739281401673,True,True,591,PV+/PNN+,148.55573403,13.753073662427433,296.31705237,19.42376350908454,-0.13919991254806519,False,NONE
333,1452,2521,296.31705237,19.42376350908454,34360.0,92.11796246648794,94.33870967741936,2.6079525705129667,2.6708241673452897,2.030714338349463,True,True,581,PV+/PNN+,178.74353025,15.085865274483455,296.31705237,19.42376350908454,-0.302187442779541,False,NONE
334,1422,2795,296.31705237,19.42376350908454,31659.0,84.87667560321715,71.73387096774194,2.4029444246178695,2.0308583491653573,2.9610332186485886,True,True,576,PV+/PNN+,276.45666012,18.76154450119159,296.31705237,19.42376350908454,0.6783291101455688,False,NONE
335,1324,2739,296.31705237,19.42376350908454,24538.0,65.78552278820375,56.79032258064516,1.862454603470523,1.6077913990806572,1.7268441861006318,True,True,532,PV+/PNN+,109.62936522,11.81458603008661,296.31705237,19.42376350908454,-0.0018076039850711823,False,NONE
336,1540,2578,296.31705237,19.42376350908454,32874.0,88.13404825737265,81.81451612903226,2.4951639348964862,2.3162515966590838,1.84589779052648,True,False,-1,PV-/PNN+,0.0,0.0,296.31705237,19.42376350908454,-0.0525812990963459,False,NONE
337,1241,2580,296.31705237,19.42376350908454,30576.0,81.97319034852546,100.29032258064517,2.3207438240979177,2.839320340665586,1.83937818837935,True,False,-1,PV-/PNN+,0.0,0.0,296.31705237,19.42376350908454,-0.4367051124572754,False,NONE
338,1382,2392,296.31705237,19.42376350908454,15586.0,41.78552278820376,47.29838709677419,1.1829903598374591,1.3390651172405643,1.2897473812800189,True,False,-1,PV-/PNN+,0.0,0.0,296.31705237,19.42376350908454,0.5691635012626648,False,NONE
339,1538,2666,296.31705237,19.42376350908454,46967.0,125.91689008042896,114.54838709677419,3.5648343532969293,3.2429805499207123,2.7285952290552666,True,True,611,PV+/PNN+,176.36028318,14.984955344126575,296.31705237,19.42376350908454,-0.29000988602638245,False,NONE
340,1501,2572,296.31705237,19.42376350908454,32539.0,87.23592493297588,90.51612903225806,2.4697371563423,2.5626030478956685,1.6063732768601906,True,False,-1,PV-/PNN+,0.0,0.0,296.31705237,19.42376350908454,-0.16099415719509125,False,NONE
341,1452,2568,296.31705237,19.42376350908454,34771.0,93.21983914209115,106.01612903225806,2.6391478122615353,3.001423705242022,2.6548953786964082,True,True,583,PV+/PNN+,166.03287921,14.539588286344586,296.31705237,19.42376350908454,-0.6305301785469055,False,NONE
342,1478,2534,296.31705237,19.42376350908454,35509.0,95.19839142091153,100.83870967741936,2.6951626259122508,2.8548457333292445,1.5193507612441541,True,False,-1,PV-/PNN+,0.0,0.0,296.31705237,19.42376350908454,-0.8733129501342773,False,NONE
343,1394,2618,296.31705237,19.42376350908454,39177.0,105.03217158176943,92.12096774193549,2.9735668758727147,2.60803765289667,2.5298890940492678,True,True,564,PV+/PNN+,136.63949868,13.18995121644368,296.31705237,19.42376350908454,0.08916878700256348,False,NONE
344,1333,2705,296.31705237,19.42376350908454,31467.0,84.36193029490616,68.50806451612904,2.388371464968903,1.939532509967365,2.457606548505003,True,True,536,PV+/PNN+,142.9948242,13.493208101259413,296.31705237,19.42376350908454,0.1759459674358368,False,NONE
345,1424,2375,296.31705237,19.42376350908454,17289.0,46.35120643431635,40.443548387096776,1.3122494758905319,1.1449977089448304,1.4859023676197491,True,False,-1,PV-/PNN+,0.0,0.0,296.31705237,19.42376350908454,-0.16018511354923248,False,NONE
346,1591,2603,296.31705237,19.42376350908454,31359.0,84.07238605898124,112.88709677419355,2.38017417516636,3.1959477427337464,1.5601691399044448,True,False,-1,PV-/PNN+,0.0,0.0,296.31705237,19.42376350908454,-0.48855555057525635,False,NONE
347,1505,2517,296.31705237,19.42376350908454,22099.0,59.24664879356568,67.5241935483871,1.6773324754297452,1.9116781290119773,1.468044326955872,True,False,-1,PV-/PNN+,0.0,0.0,296.31705237,19.42376350908454,-1.278286337852478,False,NONE
348,1806,198,296.31705237,19.42376350908454,14637.0,39.24128686327078,30.653225806451612,1.110960470739182,0.8678237869789234,1.3098731096472456,True,False,-1,PV-/PNN+,0.0,0.0,296.31705237,19.42376350908454,-0.07454913854598999,False,NONE
349,1819,2135,296.31705237,19.42376350908454,40821.0,109.4396782841823,104.0,3.098347842866991,2.944345055743277,2.449386180580361,True,True,666,PV+/PNN+,222.4363932,16.828987254451757,296.31705237,19.42376350908454,2.533143997192383,False,NONE
350,1878,2021,296.31705237,19.42376350908454,40460.0,108.47184986595174,98.20161290322581,3.0709476426936733,2.7801868597848856,3.1790146991330577,True,True,671,PV+/PNN+,271.69016598,18.599103828985847,296.31705237,19.42376350908454,2.4949543476104736,False,NONE
351,1924,2186,296.31705237,19.42376350908454,31943.0,85.63806970509384,77.39516129032258,2.4245002607652997,2.191135196957834,2.168476366327944,True,False,-1,PV-/PNN+,0.0,0.0,296.31705237,19.42376350908454,1.9520246982574463,False,NONE
352,1924,2245,296.31705237,19.42376350908454,30595.0,82.02412868632707,67.60483870967742,2.3221859398965137,1.913961274991927,2.390142839330356,True,False,-1,PV-/PNN+,0.0,0.0,296.31705237,19.42376350908454,0.9297477006912231,False,NONE
353,1876,1988,296.31705237,19.42376350908454,31146.0,83.50134048257372,78.88709677419355,2.364007298055787,2.233373397586906,3.4140038373926482,True,True,670,PV+/PNN+,299.49471513,19.52763464280066,296.31705237,19.42376350908454,0.6398749351501465,False,NONE
354,1857,2225,296.31705237,19.42376350908454,20008.0,53.64075067024129,63.24193548387097,1.5186238367527194,1.7904430774766422,1.7288284128410627,True,False,-1,PV-/PNN+,0.0,0.0,296.31705237,19.42376350908454,-0.11677196621894836,False,NONE
355,1818,2187,296.31705237,19.42376350908454,39954.0,107.11528150134048,95.84677419354838,3.032541821952126,2.713518997170351,2.125106839001385,True,False,-1,PV-/PNN+,0.0,0.0,296.31705237,19.42376350908454,-0.41897839307785034,False,NONE
356,1864,2390,296.31705237,19.42376350908454,56605.0,151.75603217158178,145.30645161290323,4.296366567342447,4.11377242667357,3.326697860813693,True,True,669,PV+/PNN+,201.78158526,16.02860860313152,296.31705237,19.42376350908454,2.768187999725342,False,NONE
357,1812,2546,296.31705237,19.42376350908454,37272.0,99.92493297587131,93.51612903225806,2.8289757918556253,2.6475360783498014,2.0244781971652515,True,False,-1,PV-/PNN+,0.0,0.0,296.31705237,19.42376350908454,0.015392433851957321,False,NONE
358,600,1946,296.31705237,19.42376350908454,54463.0,146.01340482573727,132.59677419354838,4.133786986258664,3.75394862023348,1.3920767888936643,True,False,-1,PV-/PNN+,0.0,0.0,296.31705237,19.42376350908454,2.7657485008239746,False,NONE
359,1179,1819,296.31705237,19.42376350908454,22878.0,61.33512064343164,53.74193548387097,1.7364592231721667,1.5214884810385545,1.1576545725599114,True,True,456,PV+/PNN+,153.32222817,13.97196922387648,296.31705237,19.42376350908454,2.059814691543579,False,NONE
360,1764,2062,296.31705237,19.42376350908454,33699.0,90.34584450402144,90.23387096774194,2.557782120888139,2.5546120369658443,2.3890089954786813,True,True,662,PV+/PNN+,306.64445634,19.759348369465606,296.31705237,19.42376350908454,3.310216188430786,False,NONE
361,1189,2564,296.31705237,19.42376350908454,69398.0,186.05361930294907,182.86290322580646,5.267365904786346,5.177033509536198,1.9173299531819885,True,False,-1,PV-/PNN+,0.0,0.0,296.31705237,19.42376350908454,2.0633981227874756,False,NONE
362,1178,2158,296.31705237,19.42376350908454,18971.0,50.86058981233244,40.903225806451616,1.439914674481999,1.1580116410305445,1.0564590087979406,True,False,-1,PV-/PNN+,0.0,0.0,296.31705237,19.42376350908454,0.5629717111587524,False,NONE
363,1207,1747,296.31705237,19.42376350908454,26963.0,72.28686327077747,75.29838709677419,2.0465141198702304,2.1317734014791387,1.9298022355504107,True,True,476,PV+/PNN+,167.62171059,14.608990056788347,296.31705237,19.42376350908454,2.5418221950531006,False,NONE
364,1201,2746,296.31705237,19.42376350908454,59797.0,160.313672922252,127.93548387096774,4.538642021506515,3.621982782592381,1.6514435699642616,True,True,474,PV+/PNN+,131.07858885,12.918763206743188,296.31705237,19.42376350908454,1.9256000518798828,False,NONE
365,977,2340,296.31705237,19.42376350908454,27920.0,74.85254691689008,62.806451612903224,2.1191512156205476,1.7781140891849132,2.086272687081525,True,True,331,PV+/PNN+,284.40081702,19.029197744120825,296.31705237,19.42376350908454,1.6502304077148438,False,NONE
366,1188,286,296.31705237,19.42376350908454,42579.0,114.15281501340482,97.70161290322581,3.23178150465284,2.7660313547091966,1.7361983978769486,True,True,462,PV+/PNN+,181.92119301,15.21937110940298,296.31705237,19.42376350908454,2.3483316898345947,False,NONE
367,459,2366,296.31705237,19.42376350908454,39068.0,104.73994638069705,77.75,2.965293685238666,2.2011810392696134,1.6304674587082788,True,True,42,PV+/PNN+,109.62936522,11.81458603008661,296.31705237,19.42376350908454,1.6622895002365112,False,NONE
368,598,2046,296.31705237,19.42376350908454,36522.0,97.91420911528151,71.00806451612904,2.77205016822685,2.0103100353458094,1.9295187745874922,True,True,91,PV+/PNN+,179.53794594000001,15.11935225303425,296.31705237,19.42376350908454,1.6841074228286743,False,NONE
369,471,1152,296.31705237,19.42376350908454,65194.0,174.7828418230563,116.45967741935483,4.9482788091391825,3.2970911096455224,1.5190673002812354,True,False,-1,PV-/PNN+,0.0,0.0,296.31705237,19.42376350908454,1.6341396570205688,False,NONE
370,1195,1202,296.31705237,19.42376350908454,24339.0,65.2520107238606,68.20967741935483,1.8473503380010214,1.9310848698415504,1.3872579525240467,True,False,-1,PV-/PNN+,0.0,0.0,296.31705237,19.42376350908454,1.1426703929901123,False,NONE
371,1157,876,296.31705237,19.42376350908454,39071.0,104.7479892761394,98.30645161290323,2.9655213877331814,2.7831549495588206,1.4326117065910364,True,True,447,PV+/PNN+,115.19027505,12.110524900374061,296.31705237,19.42376350908454,1.7858902215957642,False,NONE
372,822,1754,296.31705237,19.42376350908454,43283.0,116.04021447721179,101.75806451612904,3.285215690032384,2.8808735975006723,1.824071296381741,True,True,227,PV+/PNN+,160.47196938,14.29402872657482,296.31705237,19.42376350908454,3.0371243953704834,False,NONE
373,1179,909,296.31705237,19.42376350908454,36970.0,99.11528150134048,87.0,2.806053740741105,2.463057883169857,1.3019362026855223,True,False,-1,PV-/PNN+,0.0,0.0,296.31705237,19.42376350908454,1.9104963541030884,False,NONE
374,592,2369,296.31705237,19.42376350908454,46750.0,125.33512064343164,100.84677419354838,3.548363872860337,2.855074047927239,1.5683895078290868,True,False,-1,PV-/PNN+,0.0,0.0,296.31705237,19.42376350908454,1.154417872428894,False,NONE
375,1190,599,296.31705237,19.42376350908454,29850.0,80.02680965147454,77.0,2.2656398204252635,2.17994778165608,2.5219521870875448,True,True,464,PV+/PNN+,170.00495766,14.712478883374446,296.31705237,19.42376350908454,0.6823638081550598,False,NONE
376,1195,471,296.31705237,19.42376350908454,33199.0,89.00536193029491,81.56451612903226,2.5198317051356223,2.3091738441212395,1.6389712875958393,True,False,-1,PV-/PNN+,0.0,0.0,296.31705237,19.42376350908454,1.8240410089492798,False,NONE
377,683,586,296.31705237,19.42376350908454,26557.0,71.19839142091153,64.50806451612904,2.0156983822791865,1.8262884693618544,1.9371722205862962,True,True,136,PV+/PNN+,170.00495766,14.712478883374446,296.31705237,19.42376350908454,1.0716875791549683,False,NONE
378,1173,733,296.31705237,19.42376350908454,55107.0,147.73994638069706,121.98387096774194,4.182667121747906,3.453486609272085,1.4079506028171107,True,False,-1,PV-/PNN+,0.0,0.0,296.31705237,19.42376350908454,1.1244378089904785,False,NONE
379,551,1163,296.31705237,19.42376350908454,63457.0,170.12600536193028,117.54032258064517,4.816439064814939,3.3276852657768505,1.699631933660438,True,False,-1,PV-/PNN+,0.0,0.0,296.31705237,19.42376350908454,1.9129767417907715,False,NONE
380,619,956,296.31705237,19.42376350908454,31767.0,85.16621983914209,73.5241935483871,2.4111417144204133,2.081544189920243,1.3555103246771538,True,False,-1,PV-/PNN+,0.0,0.0,296.31705237,19.42376350908454,0.801522970199585,False,NONE
381,1192,665,296.31705237,19.42376350908454,46175.0,123.79356568364611,119.44354838709677,3.5047208947449424,3.3815675109036656,1.6316013025599536,True,False,-1,PV-/PNN+,0.0,0.0,296.31705237,19.42376350908454,1.5152939558029175,False,NONE
382,1233,1209,296.31705237,19.42376350908454,51912.0,139.17426273458446,111.78225806451613,3.9401639650893228,3.164668642808434,1.2645193555802559,True,False,-1,PV-/PNN+,0.0,0.0,296.31705237,19.42376350908454,1.37693190574646,False,NONE
383,1209,124,296.31705237,19.42376350908454,47248.0,126.67024128686327,89.58064516129032,3.586162486949844,2.5361185545282505,1.5732083441987044,True,False,-1,PV-/PNN+,0.0,0.0,296.31705237,19.42376350908454,2.1272902488708496,False,NONE
384,1182,2492,296.31705237,19.42376350908454,51967.0,139.32171581769438,106.91935483870968,3.9443385108220994,3.02699494021746,1.7483872192824519,True,True,457,PV+/PNN+,216.87548337,16.617293453214252,296.31705237,19.42376350908454,1.6560274362564087,False,NONE
385,1153,1541,296.31705237,19.42376350908454,40162.0,107.67292225201072,86.35483870967742,3.048329194905173,2.444792715330258,1.2690547309869549,True,False,-1,PV-/PNN+,0.0,0.0,296.31705237,19.42376350908454,0.6424180865287781,False,NONE
386,1369,622,296.31705237,19.42376350908454,24980.0,66.97050938337802,60.04838709677419,1.896002770995748,1.7000304966706297,1.7560406652812564,True,True,559,PV+/PNN+,162.85521645,14.399781305649903,296.31705237,19.42376350908454,1.1998330354690552,False,NONE
387,597,2480,296.31705237,19.42376350908454,42368.0,113.58713136729223,101.4274193548387,3.2157664292052783,2.871512698982878,2.4485357976916053,True,True,92,PV+/PNN+,147.76131834,13.716251444643651,296.31705237,19.42376350908454,0.9274686574935913,False,NONE
388,1190,1160,296.31705237,19.42376350908454,27165.0,72.828418230563,73.39516129032258,2.061846087834247,2.0778911563523232,1.7132380598805348,True,True,465,PV+/PNN+,152.52781248,13.935725403490322,296.31705237,19.42376350908454,1.5149474143981934,False,NONE
389,1183,1106,296.31705237,19.42376350908454,60113.0,161.1608579088472,117.91935483870968,4.5626266842621055,3.3384160518826143,1.6667504619618705,True,True,460,PV+/PNN+,100.89079263,11.333937836259334,296.31705237,19.42376350908454,1.1835163831710815,False,NONE
390,1899,2360,296.31705237,19.42376350908454,32201.0,86.32975871313673,83.41129032258064,2.4440826752935982,2.3614578870620897,3.7201416773448286,True,True,673,PV+/PNN+,205.75366371,16.185601660417575,296.31705237,19.42376350908454,1.790999412536621,False,NONE
391,972,1756,296.31705237,19.42376350908454,22817.0,61.171581769437,57.13709677419355,1.7318292724503597,1.6176089267944416,1.237307103140062,True,True,330,PV+/PNN+,148.55573403,13.753073662427433,296.31705237,19.42376350908454,0.7306025624275208,False,NONE
392,582,1508,296.31705237,19.42376350908454,60922.0,163.32975871313673,119.0241935483871,4.624030456949678,3.369695151807927,1.5941844554546871,True,True,84,PV+/PNN+,100.89079263,11.333937836259334,296.31705237,19.42376350908454,1.3119029998779297,False,NONE
393,627,1275,296.31705237,19.42376350908454,75389.0,202.1152815013405,178.83870967741936,5.722087786333004,5.063104525136702,1.4737135462142459,True,False,-1,PV-/PNN+,0.0,0.0,296.31705237,19.42376350908454,1.5672942399978638,False,NONE
394,1191,517,296.31705237,19.42376350908454,26680.0,71.52815013404826,66.41935483870968,2.025034184554306,1.8803990290866648,1.8359766568243256,True,True,469,PV+/PNN+,110.42378091,11.857315232959937,296.31705237,19.42376350908454,0.8292204141616821,False,NONE
395,922,611,296.31705237,19.42376350908454,76647.0,205.48793565683647,188.5241935483871,5.817571032366337,5.337310357328675,1.7395999294319728,True,False,-1,PV-/PNN+,0.0,0.0,296.31705237,19.42376350908454,2.0676469802856445,False,NONE
396,622,1571,296.31705237,19.42376350908454,54901.0,147.18766756032173,127.98387096774194,4.167031550457869,3.623352670180351,1.4918550478410417,True,True,104,PV+/PNN+,50.84260416,8.045794813057844,296.31705237,19.42376350908454,0.914820671081543,False,NONE
397,582,1712,296.31705237,19.42376350908454,57067.0,152.9946380697051,118.86290322580645,4.331432751497773,3.365128859848027,1.2957000615013112,True,False,-1,PV-/PNN+,0.0,0.0,296.31705237,19.42376350908454,1.576420545578003,False,NONE
398,1288,585,296.31705237,19.42376350908454,32653.0,87.54155495978553,74.2258064516129,2.4783898511338736,2.101407559945806,1.536641879982194,True,False,-1,PV-/PNN+,0.0,0.0,296.31705237,19.42376350908454,1.5157508850097656,False,NONE
399,615,471,296.31705237,19.42376350908454,14530.0,38.9544235924933,34.25806451612903,1.1028390817681433,0.96988041228268,1.63018399774536,True,True,99,PV+/PNN+,131.07858885,12.918763206743188,296.31705237,19.42376350908454,-0.8596054911613464,False,NONE
400,438,1756,296.31705237,19.42376350908454,20367.0,54.603217158176946,46.20967741935484,1.5458722352630265,1.308242646511242,1.3807383503769168,True,True,30,PV+/PNN+,138.22833006,13.266415342325756,296.31705237,19.42376350908454,0.4120293855667114,False,NONE
401,1183,1435,296.31705237,19.42376350908454,37861.0,101.50402144772119,76.24193548387096,2.8736813816120903,2.1584862094445514,1.661931625592253,True,True,459,PV+/PNN+,216.08106768,16.586830928142092,296.31705237,19.42376350908454,1.8113398551940918,False,NONE
402,747,2343,296.31705237,19.42376350908454,31477.0,84.3887399463807,81.50806451612904,2.3891304732839536,2.3075756419352746,1.5556337644977458,True,True,181,PV+/PNN+,121.54560057,12.44012319610657,296.31705237,19.42376350908454,0.9108052253723145,False,NONE
403,1235,577,296.31705237,19.42376350908454,34168.0,91.60321715817695,67.58064516129032,2.593379610864,1.913276331197942,1.7733317840192964,True,True,492,PV+/PNN+,181.12677732,15.186104684686722,296.31705237,19.42376350908454,0.5912235975265503,False,NONE
404,704,2325,296.31705237,19.42376350908454,28021.0,75.12332439678285,68.29838709677419,2.1268171996025567,1.9335963304194954,2.4947399346473507,True,True,146,PV+/PNN+,174.7714518,14.917302830020427,296.31705237,19.42376350908454,0.3875963091850281,False,NONE
405,886,1759,296.31705237,19.42376350908454,35113.0,94.1367292225201,65.90322580645162,2.665105896636257,1.865786894814986,2.1922870872131135,True,True,268,PV+/PNN+,167.62171059,14.608990056788347,296.31705237,19.42376350908454,1.4543561935424805,False,NONE
406,1139,602,296.31705237,19.42376350908454,32886.0,88.16621983914209,83.45161290322581,2.496074744874546,2.362599460052065,1.8977711467405993,True,True,436,PV+/PNN+,158.883138,14.223090180871878,296.31705237,19.42376350908454,0.8006124496459961,False,NONE
407,538,1736,296.31705237,19.42376350908454,62567.0,167.73994638069706,159.6209677419355,4.74888732477546,4.519030838114662,1.316676172757294,True,False,-1,PV-/PNN+,0.0,0.0,296.31705237,19.42376350908454,1.2441651821136475,False,NONE
408,1098,614,296.31705237,19.42376350908454,31203.0,83.65415549597856,83.76612903225806,2.368333645451574,2.371503729373869,2.5454794470097952,True,True,405,PV+/PNN+,241.50236976,17.53540325529143,296.31705237,19.42376350908454,0.058358993381261826,False,NONE
409,1213,1308,296.31705237,19.42376350908454,24050.0,64.47721179624665,57.475806451612904,1.8254149976960665,1.6271981399102307,1.4722962413996523,True,True,479,PV+/PNN+,202.57600095,16.06012998776311,296.31705237,19.42376350908454,0.33582115173339844,False,NONE
410,642,1764,296.31705237,19.42376350908454,69333.0,185.8793565683646,144.75806451612902,5.262432350738519,4.098247034009911,1.297684288241742,True,False,-1,PV-/PNN+,0.0,0.0,296.31705237,19.42376350908454,1.4471279382705688,False,NONE
411,1021,577,296.31705237,19.42376350908454,24480.0,65.63002680965147,72.15322580645162,1.8580523552432309,2.0427307082610966,1.3949113985228512,True,False,-1,PV-/PNN+,0.0,0.0,296.31705237,19.42376350908454,0.4875602722167969,False,NONE
412,850,591,296.31705237,19.42376350908454,53653.0,143.84182305630026,113.29032258064517,4.072307312739586,3.2073634726334954,2.0156909073147724,True,True,248,PV+/PNN+,138.22833006,13.266415342325756,296.31705237,19.42376350908454,0.5878295302391052,False,NONE
413,581,1643,296.31705237,19.42376350908454,55677.0,149.2680965147453,119.21774193548387,4.225930595705775,3.375174702159806,1.7293953347669,True,True,82,PV+/PNN+,153.32222817,13.97196922387648,296.31705237,19.42376350908454,1.0582377910614014,False,NONE
414,620,2712,296.31705237,19.42376350908454,52649.0,141.15013404825737,141.70967741935485,3.996102877908532,4.011944115967809,1.231921344844607,True,False,-1,PV-/PNN+,0.0,0.0,296.31705237,19.42376350908454,0.6140623092651367,False,NONE
415,1076,1763,296.31705237,19.42376350908454,24618.0,66.0,53.774193548387096,1.8685266699909258,1.5224017394305343,1.186851051740536,True,True,395,PV+/PNN+,152.52781248,13.935725403490322,296.31705237,19.42376350908454,0.3196292519569397,False,NONE
416,593,778,296.31705237,19.42376350908454,15271.0,40.94101876675603,37.104838709677416,1.1590815979133733,1.0504754653749082,1.3555103246771538,True,False,-1,PV-/PNN+,0.0,0.0,296.31705237,19.42376350908454,-0.9656594395637512,False,NONE
417,855,1787,296.31705237,19.42376350908454,30653.0,82.17962466487936,77.11290322580645,2.3265881881238055,2.18314418602801,1.222000211142453,True,False,-1,PV-/PNN+,0.0,0.0,296.31705237,19.42376350908454,0.6677048206329346,False,NONE
418,974,1214,296.31705237,19.42376350908454,38594.0,103.46916890080429,77.36290322580645,2.92931669110528,2.190221938565854,1.187701434629292,True,False,-1,PV-/PNN+,0.0,0.0,296.31705237,19.42376350908454,0.985698938369751,False,NONE
419,1173,484,296.31705237,19.42376350908454,25499.0,68.36193029490616,57.0,1.9353953025468604,1.6137275786285268,1.7503714460228825,True,True,453,PV+/PNN+,99.30196125,11.244340084382843,296.31705237,19.42376350908454,0.3897446393966675,False,NONE
420,1200,1414,296.31705237,19.42376350908454,36669.0,98.3083109919571,77.81451612903226,2.7832075904580895,2.203007556053573,1.6344359121891403,True,True,472,PV+/PNN+,170.79937335,14.746813769937054,296.31705237,19.42376350908454,2.2124054431915283,False,NONE
421,605,1451,296.31705237,19.42376350908454,52957.0,141.9758713136729,89.12096774193549,4.019480334012083,2.5231046224425366,1.3617464658613652,True,False,-1,PV-/PNN+,0.0,0.0,296.31705237,19.42376350908454,0.9167948961257935,False,NONE
422,1124,1731,296.31705237,19.42376350908454,34346.0,92.0804289544236,64.55645161290323,2.606889958871896,1.8276583569498244,1.2602674411364756,True,True,424,PV+/PNN+,109.62936522,11.81458603008661,296.31705237,19.42376350908454,0.2664249539375305,False,NONE
423,750,1200,296.31705237,19.42376350908454,53784.0,144.19302949061662,103.24193548387096,4.082250321666746,2.9228834835317485,1.513114620059943,True,False,-1,PV-/PNN+,0.0,0.0,296.31705237,19.42376350908454,0.771126389503479,False,NONE
424,1179,70,296.31705237,19.42376350908454,49725.0,133.31099195710456,111.34677419354838,3.774168846587813,3.152339654516705,1.479666226435538,True,False,-1,PV-/PNN+,0.0,0.0,296.31705237,19.42376350908454,0.4520958662033081,False,NONE
425,636,1492,296.31705237,19.42376350908454,37985.0,101.83646112600536,77.91129032258064,2.8830930847187144,2.205747331229513,1.4649262563637666,True,True,106,PV+/PNN+,123.92884764,12.56149312576761,296.31705237,19.42376350908454,1.0863738059997559,False,NONE
426,805,2346,296.31705237,19.42376350908454,39738.0,106.53619302949062,92.9274193548387,3.016147242347039,2.6308691126961676,1.3943444765970139,True,False,-1,PV-/PNN+,0.0,0.0,296.31705237,19.42376350908454,0.9414585828781128,False,NONE
427,1188,1994,296.31705237,19.42376350908454,11952.0,32.042895442359246,29.733870967741936,0.9071667381481656,0.8417959228074955,1.4646427954008479,True,True,461,PV+/PNN+,171.59378904,14.781068900342463,296.31705237,19.42376350908454,-1.109073519706726,False,NONE
428,648,2348,296.31705237,19.42376350908454,20194.0,54.13941018766756,50.774193548387096,1.5327413914126555,1.4374687089764013,1.8325751252693014,True,False,-1,PV-/PNN+,0.0,0.0,296.31705237,19.42376350908454,-0.9448173642158508,False,NONE
429,621,1418,296.31705237,19.42376350908454,65556.0,175.7533512064343,168.93548387096774,4.975754910144005,4.782734198798865,1.4864692895455867,True,False,-1,PV-/PNN+,0.0,0.0,296.31705237,19.42376350908454,0.7398402094841003,False,NONE
430,1198,47,296.31705237,19.42376350908454,47652.0,127.75335120643432,113.29838709677419,3.6168264228778777,3.20759178723149,1.6477585774463188,True,True,468,PV+/PNN+,133.46183592,13.035677474005706,296.31705237,19.42376350908454,0.5317139029502869,False,NONE
431,591,2331,296.31705237,19.42376350908454,28184.0,75.5603217158177,61.395161290322584,2.1391890351378766,1.7381590345357916,1.642939741076701,True,False,-1,PV-/PNN+,0.0,0.0,296.31705237,19.42376350908454,-0.04109835997223854,False,NONE
432,1173,16,296.31705237,19.42376350908454,38293.0,102.66219839142092,100.00806451612904,2.9064705408222653,2.8313293297357616,1.509429627542,True,False,-1,PV-/PNN+,0.0,0.0,296.31705237,19.42376350908454,-0.8481560945510864,False,NONE
433,1755,262,296.31705237,19.42376350908454,10070.0,26.99731903485255,25.491935483870968,0.7643213732556919,0.7217024442621355,1.8796296451138035,True,True,660,PV+/PNN+,169.21054197,14.678063680958498,296.31705237,19.42376350908454,-0.9935897588729858,False,NONE
434,808,1171,296.31705237,19.42376350908454,30627.0,82.10991957104558,68.81451612903226,2.324614766504675,1.9482084646911741,1.5562006864235831,True,True,213,PV+/PNN+,157.29430662000001,14.151796046802042,296.31705237,19.42376350908454,0.08754102885723114,False,NONE
435,616,1380,296.31705237,19.42376350908454,73647.0,197.44504021447722,176.7983870967742,5.589868537851236,5.005340931843972,1.6440735849283756,True,True,97,PV+/PNN+,145.37807127,13.605186852016802,296.31705237,19.42376350908454,0.4011845588684082,False,NONE
436,675,1759,296.31705237,19.42376350908454,32171.0,86.24932975871313,89.44354838709677,2.441805650348447,2.532237206362336,1.2928654518721243,True,True,133,PV+/PNN+,114.39585936,12.068692219586765,296.31705237,19.42376350908454,-0.13833200931549072,False,NONE
437,1154,308,296.31705237,19.42376350908454,27216.0,72.9651474530831,59.83870967741935,2.0657170302410037,1.69409431712276,1.4929888916927163,True,True,445,PV+/PNN+,98.50754556,11.199272407696524,296.31705237,19.42376350908454,-0.29600000381469727,False,NONE
438,1808,2344,296.31705237,19.42376350908454,36153.0,96.92493297587131,94.09677419354838,2.7440427614014924,2.66397472940544,1.3665653022309827,True,False,-1,PV-/PNN+,0.0,0.0,296.31705237,19.42376350908454,0.2428804636001587,False,NONE
439,616,2673,296.31705237,19.42376350908454,84983.0,227.83646112600536,214.8709677419355,6.4502803637923,6.083214148978278,1.4396982306640036,True,False,-1,PV-/PNN+,0.0,0.0,296.31705237,19.42376350908454,1.0256586074829102,False,NONE
440,623,2156,296.31705237,19.42376350908454,15776.0,42.29490616621984,42.36290322580645,1.1974115178234155,1.199336583267636,1.451887052069507,True,False,-1,PV-/PNN+,0.0,0.0,296.31705237,19.42376350908454,-0.6444641351699829,False,NONE
441,622,341,296.31705237,19.42376350908454,11490.0,30.804289544235925,32.20967741935484,0.87210055399284,0.9118885043919548,1.4918550478410417,True,False,-1,PV-/PNN+,0.0,0.0,296.31705237,19.42376350908454,-0.8524439334869385,False,NONE
442,942,1183,296.31705237,19.42376350908454,26157.0,70.1260053619303,62.29032258064516,1.985338049677173,1.7635019549132345,1.6262155442644985,True,True,308,PV+/PNN+,181.92119301,15.21937110940298,296.31705237,19.42376350908454,-0.41313856840133667,False,NONE
443,1200,1027,296.31705237,19.42376350908454,23006.0,61.67828418230563,68.75,1.746174529604811,1.9463819479072144,1.1681426281879028,True,False,-1,PV-/PNN+,0.0,0.0,296.31705237,19.42376350908454,1.0880523920059204,False,NONE
444,591,2714,296.31705237,19.42376350908454,50908.0,136.48257372654155,112.19354838709677,3.863959530258268,3.1763126873061776,1.3070385000180587,True,False,-1,PV-/PNN+,0.0,0.0,296.31705237,19.42376350908454,0.22196634113788605,False,NONE
445,622,1078,296.31705237,19.42376350908454,27400.0,73.45844504021447,67.24193548387096,2.07968278323793,1.9036871180821526,1.6236643955982304,True,True,105,PV+/PNN+,193.04301267,15.67769107892661,296.31705237,19.42376350908454,-0.5626101493835449,False,NONE
446,848,2354,296.31705237,19.42376350908454,24401.0,65.41823056300268,57.45161290322581,1.8520561895543333,1.6265131961162458,1.4394147697010848,True,False,-1,PV-/PNN+,0.0,0.0,296.31705237,19.42376350908454,-1.7233651876449585,False,NONE
447,639,1236,296.31705237,19.42376350908454,63537.0,170.34048257372655,138.75,4.822511131335342,3.9281526585036506,2.619746219294491,True,True,110,PV+/PNN+,174.7714518,14.917302830020427,296.31705237,19.42376350908454,-0.10130569338798523,False,NONE
448,624,1658,296.31705237,19.42376350908454,42047.0,112.72654155495978,99.16129032258064,3.1914022622921623,2.807356296946288,1.8566693071173896,True,True,101,PV+/PNN+,189.86534991,15.548121162390997,296.31705237,19.42376350908454,1.2324565649032593,False,NONE
449,1232,2349,296.31705237,19.42376350908454,13487.0,36.15817694369973,33.41129032258065,1.0236745145083928,0.945907379493207,1.2171813747728355,True,False,-1,PV-/PNN+,0.0,0.0,296.31705237,19.42376350908454,-1.5811123847961426,False,NONE
450,510,1167,296.31705237,19.42376350908454,27321.0,73.24664879356568,74.78225806451613,2.0736866175490323,2.11716126720746,1.7072853796592427,True,False,-1,PV-/PNN+,0.0,0.0,296.31705237,19.42376350908454,-0.699828028678894,False,NONE
451,610,1042,296.31705237,19.42376350908454,28661.0,76.83914209115281,92.16935483870968,2.175393731765778,2.6094075404846397,1.4331786285168737,True,False,-1,PV-/PNN+,0.0,0.0,296.31705237,19.42376350908454,0.6720727682113647,False,NONE
452,1746,36,296.31705237,19.42376350908454,11982.0,32.12332439678284,27.717741935483872,0.9094437630933168,0.7847172733087502,1.4218401900001263,True,False,-1,PV-/PNN+,0.0,0.0,296.31705237,19.42376350908454,-1.025792121887207,False,NONE
453,638,2587,296.31705237,19.42376350908454,48241.0,129.33243967828417,129.76612903225808,3.6615320126343427,3.673810196337242,1.7228757326197703,True,True,112,PV+/PNN+,131.07858885,12.918763206743188,296.31705237,19.42376350908454,0.4567294120788574,False,NONE
454,721,1190,296.31705237,19.42376350908454,38063.0,102.0455764075067,107.80645161290323,2.889013349576107,3.0521095459969083,1.7336472492106805,True,True,158,PV+/PNN+,123.92884764,12.56149312576761,296.31705237,19.42376350908454,-0.2911945581436157,False,NONE
455,622,2511,296.31705237,19.42376350908454,31192.0,83.62466487935657,79.7741935483871,2.367498736305019,2.2584880033663537,1.4691781708075469,True,False,-1,PV-/PNN+,0.0,0.0,296.31705237,19.42376350908454,-1.8502260446548462,False,NONE
456,1169,354,296.31705237,19.42376350908454,21244.0,56.9544235924933,53.87903225806452,1.6124372644929412,1.525369829204469,1.7359149369140296,True,False,-1,PV-/PNN+,0.0,0.0,296.31705237,19.42376350908454,-1.8444548845291138,False,NONE
457,1199,1907,296.31705237,19.42376350908454,12192.0,32.68632707774799,32.20967741935484,0.9253829377093739,0.9118885043919548,0.9578145937022382,True,False,-1,PV-/PNN+,0.0,0.0,296.31705237,19.42376350908454,-0.8007534742355347,False,NONE
458,338,1776,296.31705237,19.42376350908454,10658.0,28.57372654155496,30.14516129032258,0.8089510621806518,0.8534399673052395,1.0989781532357434,True,False,-1,PV-/PNN+,0.0,0.0,296.31705237,19.42376350908454,-1.6771506071090698,False,NONE
459,601,1294,296.31705237,19.42376350908454,45095.0,120.89812332439678,108.15322580645162,3.422747996719506,3.0619270737106925,1.4963904232477407,True,False,-1,PV-/PNN+,0.0,0.0,296.31705237,19.42376350908454,-0.5920289754867554,False,NONE
460,1776,2202,296.31705237,19.42376350908454,25118.0,67.34048257372655,67.54838709677419,1.9064770857434428,1.9123630728059622,1.15368611907905,True,False,-1,PV-/PNN+,0.0,0.0,296.31705237,19.42376350908454,-1.944291353225708,False,NONE
461,1168,47,296.31705237,19.42376350908454,41425.0,111.05898123324397,107.10483870967742,3.1441919450960314,3.032246175971345,1.58057832923459,True,False,-1,PV-/PNN+,0.0,0.0,296.31705237,19.42376350908454,-0.3086888790130615,False,NONE
462,616,1218,296.31705237,19.42376350908454,37830.0,101.42091152815013,95.20161290322581,2.871328455835434,2.6952538293307526,1.771631018241784,True,True,103,PV+/PNN+,142.9948242,13.493208101259413,296.31705237,19.42376350908454,-1.0862561464309692,False,NONE
463,820,622,296.31705237,19.42376350908454,44932.0,120.46112600536193,128.6048387096774,3.4103761611841854,3.6409328942259642,1.486185828582668,True,False,-1,PV-/PNN+,0.0,0.0,296.31705237,19.42376350908454,-0.7006678581237793,False,NONE
464,1038,1766,296.31705237,19.42376350908454,17952.0,48.128686327077745,44.49193548387097,1.3625717271783693,1.259611637138311,1.6562624063338793,True,True,371,PV+/PNN+,176.36028318,14.984955344126575,296.31705237,19.42376350908454,-0.8862833976745605,False,NONE
465,624,2358,296.31705237,19.42376350908454,22863.0,61.29490616621984,61.096774193548384,1.7353207106995912,1.7297113944099771,1.4805166093242943,True,False,-1,PV-/PNN+,0.0,0.0,296.31705237,19.42376350908454,-1.6678143739700317,False,NONE
466,1445,613,296.31705237,19.42376350908454,16038.0,42.997319034852545,42.62096774193548,1.2172975356777345,1.2066426504034753,1.3424711203828943,True,False,-1,PV-/PNN+,0.0,0.0,296.31705237,19.42376350908454,-0.40295037627220154,False,NONE
467,889,612,296.31705237,19.42376350908454,49235.0,131.99731903485255,124.60483870967742,3.7369774391503467,3.527688853620454,1.5522322329427216,True,False,-1,PV-/PNN+,0.0,0.0,296.31705237,19.42376350908454,-0.4180505871772766,False,NONE
468,900,2332,296.31705237,19.42376350908454,18318.0,49.10991957104557,50.37903225806452,1.3903514315092118,1.4262812936746474,2.6628322856581312,True,True,275,PV+/PNN+,165.23846352,14.504762875171128,296.31705237,19.42376350908454,-1.3509358167648315,False,NONE
469,1199,1355,296.31705237,19.42376350908454,33110.0,88.76675603217159,67.80645161290323,2.513076531131674,1.9196691399418018,1.3532426369738044,True,False,-1,PV-/PNN+,0.0,0.0,296.31705237,19.42376350908454,0.4366389513015747,False,NONE
470,1101,1168,296.31705237,19.42376350908454,26664.0,71.48525469168901,66.30645161290323,2.023819771250225,1.877202624714735,1.1939375758135031,True,False,-1,PV-/PNN+,0.0,0.0,296.31705237,19.42376350908454,-0.4131866693496704,False,NONE
471,501,1732,296.31705237,19.42376350908454,33286.0,89.23860589812332,92.08064516129032,2.52643507747656,2.606896079906695,1.4357297771831419,True,False,-1,PV-/PNN+,0.0,0.0,296.31705237,19.42376350908454,0.32938671112060547,False,NONE
472,575,958,296.31705237,19.42376350908454,19184.0,51.43163538873995,45.87096774193548,1.4560815515925714,1.2986534333954527,1.5031934863577892,True,False,-1,PV-/PNN+,0.0,0.0,296.31705237,19.42376350908454,-1.0814074277877808,False,NONE
473,1663,590,296.31705237,19.42376350908454,7522.0,20.16621983914209,21.838709677419356,0.5709260545808653,0.618275931370409,1.300518897870929,True,False,-1,PV-/PNN+,0.0,0.0,296.31705237,19.42376350908454,-0.12511317431926727,False,NONE
474,227,1798,51.63701985,8.108408946599484,1642.0,25.26153846153846,0.0,0.0,0.0,1.1955729275226494,False,True,1,PV+/PNN-,51.63701985,8.108408946599484,0.0,0.0,0.0,False,NONE
475,275,1886,132.66742023,12.996822909266468,4424.0,26.491017964071855,0.0,0.0,0.0,1.8632703830742208,False,True,2,PV+/PNN-,132.66742023,12.996822909266468,0.0,0.0,0.0,False,NONE
476,292,1865,205.75366371,16.185601660417575,7172.0,27.69111969111969,0.0,0.0,0.0,3.0339472583071547,False,True,3,PV+/PNN-,205.75366371,16.185601660417575,0.0,0.0,0.0,False,NONE
477,291,1556,123.13443195,12.521167201073583,3654.0,23.574193548387097,0.0,0.0,0.0,2.8185821977093104,False,True,4,PV+/PNN-,123.13443195,12.521167201073583,0.0,0.0,0.0,False,NONE
478,315,1517,70.70299641,9.487984557348323,2615.0,29.382022471910112,0.0,0.0,0.0,1.8995929407944134,False,True,6,PV+/PNN-,70.70299641,9.487984557348323,0.0,0.0,0.0,False,NONE
479,328,676,614.87774406,27.98011184600123,9788.0,12.645994832041344,0.0,0.0,0.0,1.672980377259299,False,True,7,PV+/PNN-,614.87774406,27.98011184600123,0.0,0.0,0.0,False,NONE
480,334,1878,106.45170246,11.642101063659146,3532.0,26.35820895522388,0.0,0.0,0.0,1.5583477974486764,False,True,8,PV+/PNN-,106.45170246,11.642101063659146,0.0,0.0,0.0,False,NONE
481,342,668,473.47175124,24.552860464593078,5691.0,9.548657718120806,0.0,0.0,0.0,1.0919025680925534,False,True,9,PV+/PNN-,473.47175124,24.552860464593078,0.0,0.0,0.0,False,NONE
482,341,1473,134.25625161,13.074416571218995,4159.0,24.609467455621303,0.0,0.0,0.0,1.3938966418212784,False,True,10,PV+/PNN-,134.25625161,13.074416571218995,0.0,0.0,0.0,False,NONE
483,350,2285,222.4363932,16.828987254451757,5202.0,18.57857142857143,0.0,0.0,0.0,1.4806107588584065,False,True,11,PV+/PNN-,222.4363932,16.828987254451757,0.0,0.0,0.0,False,NONE
484,353,2096,121.54560057,12.440123196106569,3006.0,19.647058823529413,0.0,0.0,0.0,2.5271767616982026,False,True,13,PV+/PNN-,121.54560057,12.440123196106569,0.0,0.0,0.0,False,NONE
485,355,1807,119.1623535,12.317557416952052,6747.0,44.98,0.0,0.0,0.0,2.54247665054261,False,True,14,PV+/PNN-,119.1623535,12.317557416952052,0.0,0.0,0.0,False,NONE
486,363,1467,112.80702798,11.984588810142046,3710.0,26.12676056338028,0.0,0.0,0.0,1.8182743200696574,False,True,16,PV+/PNN-,112.80702798,11.984588810142046,0.0,0.0,0.0,False,NONE
487,379,1856,150.9389811,13.862953494062992,4557.0,23.98421052631579,0.0,0.0,0.0,1.6199092837894602,False,True,18,PV+/PNN-,150.9389811,13.862953494062992,0.0,0.0,0.0,False,NONE
488,383,2073,185.89327146,15.384624282804584,4459.0,19.055555555555557,0.0,0.0,0.0,1.6437998149385482,False,True,19,PV+/PNN-,185.89327146,15.384624282804584,0.0,0.0,0.0,False,NONE
489,394,2030,110.42378091,11.857315232959936,3778.0,27.179856115107913,0.0,0.0,0.0,1.7624358708907026,False,True,22,PV+/PNN-,110.42378091,11.857315232959936,0.0,0.0,0.0,False,NONE
490,394,1241,104.86287108,11.554893086200376,8004.0,60.63636363636363,0.0,0.0,0.0,2.861944285224672,False,True,23,PV+/PNN-,104.86287108,11.554893086200376,0.0,0.0,0.0,False,NONE
491,397,2116,111.2181966,11.899891008124815,5273.0,37.66428571428571,0.0,0.0,0.0,1.394137955038316,False,True,24,PV+/PNN-,111.2181966,11.899891008124815,0.0,0.0,0.0,False,NONE
492,401,1511,147.76131834,13.716251444643651,7958.0,42.784946236559136,0.0,0.0,0.0,3.695466857717858,False,True,25,PV+/PNN-,147.76131834,13.716251444643651,0.0,0.0,0.0,False,NONE
493,436,1469,148.55573403,13.753073662427433,10148.0,54.26737967914438,0.0,0.0,0.0,2.193210230135132,False,True,27,PV+/PNN-,148.55573403,13.753073662427433,0.0,0.0,0.0,False,NONE
494,434,2268,127.1065104,12.72151859781572,4274.0,26.7125,0.0,0.0,0.0,2.4390806029472487,False,True,28,PV+/PNN-,127.1065104,12.72151859781572,0.0,0.0,0.0,False,NONE
495,437,895,200.98716957,15.99702510721652,7776.0,30.73517786561265,0.0,0.0,0.0,2.100827791307915,False,True,29,PV+/PNN-,200.98716957,15.99702510721652,0.0,0.0,0.0,False,NONE
496,444,2340,112.80702798,11.984588810142046,6622.0,46.63380281690141,0.0,0.0,0.0,2.101960854036299,False,True,33,PV+/PNN-,112.80702798,11.984588810142046,0.0,0.0,0.0,False,NONE
497,446,2063,87.3857259,10.548125988120718,3177.0,28.881818181818183,0.0,0.0,0.0,1.7301426409418674,False,True,36,PV+/PNN-,87.3857259,10.548125988120718,0.0,0.0,0.0,False,NONE
498,449,1852,148.55573403,13.753073662427433,6317.0,33.780748663101605,0.0,0.0,0.0,2.559593377628704,False,True,38,PV+/PNN-,148.55573403,13.753073662427433,0.0,0.0,0.0,False,NONE
499,450,1516,102.47962401,11.422832828117684,6368.0,49.36434108527132,0.0,0.0,0.0,3.234219271004423,False,True,39,PV+/PNN-,102.47962401,11.422832828117684,0.0,0.0,0.0,False,NONE
500,454,2173,185.89327146,15.384624282804584,4784.0,20.444444444444443,0.0,0.0,0.0,1.63882955711438,False,True,40,PV+/PNN-,185.89327146,15.384624282804584,0.0,0.0,0.0,False,NONE
501,458,1348,173.97703611,14.883361255142246,11614.0,53.03196347031963,0.0,0.0,0.0,3.665822014190452,False,True,41,PV+/PNN-,173.97703611,14.883361255142246,0.0,0.0,0.0,False,NONE
502,464,2335,139.81716144,13.342441267550265,7478.0,42.48863636363637,0.0,0.0,0.0,3.9198544208839183,False,True,43,PV+/PNN-,139.81716144,13.342441267550265,0.0,0.0,0.0,False,NONE
503,466,1174,67.52533365000001,9.272320371655413,4771.0,56.129411764705885,0.0,0.0,0.0,4.028970729027307,False,True,45,PV+/PNN-,67.52533365000001,9.272320371655413,0.0,0.0,0.0,False,NONE
504,469,1804,131.07858885,12.91876320674319,10397.0,63.012121212121215,0.0,0.0,0.0,3.111052785841766,False,True,46,PV+/PNN-,131.07858885,12.91876320674319,0.0,0.0,0.0,False,NONE
505,483,2042,127.90092609,12.761211420003875,3605.0,22.391304347826086,0.0,0.0,0.0,2.091633796597596,False,True,48,PV+/PNN-,127.90092609,12.761211420003875,0.0,0.0,0.0,False,NONE
506,484,2146,107.24611815,11.68546099424064,2347.0,17.385185185185186,0.0,0.0,0.0,1.3290770649572774,False,True,49,PV+/PNN-,107.24611815,11.68546099424064,0.0,0.0,0.0,False,NONE
507,487,882,39.7207845,7.111545090435939,2438.0,48.76,0.0,0.0,0.0,2.116733402156767,False,True,50,PV+/PNN-,39.7207845,7.111545090435939,0.0,0.0,0.0,False,NONE
508,490,932,118.36793781,12.276430232296539,6206.0,41.651006711409394,0.0,0.0,0.0,1.8236812997549066,False,True,51,PV+/PNN-,118.36793781,12.276430232296539,0.0,0.0,0.0,False,NONE
509,496,1566,40.51520019,7.182308476024235,5684.0,111.45098039215686,0.0,0.0,0.0,2.429738445209429,False,True,53,PV+/PNN-,40.51520019,7.182308476024235,0.0,0.0,0.0,False,NONE
510,503,1328,116.77910643,12.193759728054031,32762.0,222.87074829931973,0.0,0.0,0.0,2.093760298775493,False,True,55,PV+/PNN-,116.77910643,12.193759728054031,0.0,0.0,0.0,False,NONE
511,506,1883,96.12429849,11.062967867954534,9487.0,78.40495867768595,0.0,0.0,0.0,3.327466250861935,False,True,56,PV+/PNN-,96.12429849,11.062967867954534,0.0,0.0,0.0,False,NONE
512,522,106,513.98695143,25.581800406510627,17738.0,27.415765069551778,0.0,0.0,0.0,1.1646745030218066,False,True,58,PV+/PNN-,513.98695143,25.581800406510627,0.0,0.0,0.0,False,NONE
513,513,1421,88.97455728,10.643586087602236,7008.0,62.57142857142857,0.0,0.0,0.0,1.8757801440013093,False,True,59,PV+/PNN-,88.97455728,10.643586087602236,0.0,0.0,0.0,False,NONE
514,518,2094,154.91105955,14.044176264056345,10733.0,55.04102564102564,0.0,0.0,0.0,1.8017636454230224,False,True,60,PV+/PNN-,154.91105955,14.044176264056345,0.0,0.0,0.0,False,NONE
515,520,1456,113.60144367,12.026714032504808,17021.0,119.02797202797203,0.0,0.0,0.0,2.140496985267823,False,True,61,PV+/PNN-,113.60144367,12.026714032504808,0.0,0.0,0.0,False,NONE
516,519,929,139.02274575,13.304482609502793,8079.0,46.16571428571429,0.0,0.0,0.0,3.047467755238685,False,True,62,PV+/PNN-,139.02274575,13.304482609502793,0.0,0.0,0.0,False,NONE
517,522,1500,121.54560057,12.440123196106569,12792.0,83.6078431372549,0.0,0.0,0.0,2.2162034112021156,False,True,64,PV+/PNN-,121.54560057,12.440123196106569,0.0,0.0,0.0,False,NONE
518,523,985,92.94663573,10.878572156378345,4417.0,37.75213675213675,0.0,0.0,0.0,2.282703866154356,False,True,65,PV+/PNN-,92.94663573,10.878572156378345,0.0,0.0,0.0,False,NONE
519,525,2150,49.25377278,7.919081463837606,3580.0,57.74193548387097,0.0,0.0,0.0,3.0798399377196364,False,True,66,PV+/PNN-,49.25377278,7.919081463837606,0.0,0.0,0.0,False,NONE
520,531,1830,106.45170246,11.642101063659146,15213.0,113.52985074626865,0.0,0.0,0.0,3.103281968286402,False,True,68,PV+/PNN-,106.45170246,11.642101063659146,0.0,0.0,0.0,False,NONE
521,539,345,96.91871418,11.108588547554572,2713.0,22.237704918032787,0.0,0.0,0.0,2.0652199019585233,False,True,69,PV+/PNN-,96.91871418,11.108588547554572,0.0,0.0,0.0,False,NONE
522,545,1659,148.55573403,13.753073662427433,22790.0,121.8716577540107,0.0,0.0,0.0,3.4082679214371168,False,True,71,PV+/PNN-,148.55573403,13.753073662427433,0.0,0.0,0.0,False,NONE
523,558,173,574.36254387,27.042579460361555,15251.0,21.09405255878285,0.0,0.0,0.0,1.2218284879035064,False,True,72,PV+/PNN-,574.36254387,27.042579460361555,0.0,0.0,0.0,False,NONE
524,555,935,182.7156087,15.252564978953412,10306.0,44.80869565217391,0.0,0.0,0.0,2.7126881392796514,False,True,73,PV+/PNN-,182.7156087,15.252564978953412,0.0,0.0,0.0,False,NONE
525,554,1732,162.06080076,14.36461695204847,34247.0,167.87745098039215,0.0,0.0,0.0,3.278695692063747,False,True,74,PV+/PNN-,162.06080076,14.36461695204847,0.0,0.0,0.0,False,NONE
526,569,1914,116.77910643,12.193759728054031,13432.0,91.37414965986395,0.0,0.0,0.0,2.0139226508318036,False,True,77,PV+/PNN-,116.77910643,12.193759728054031,0.0,0.0,0.0,False,NONE
527,577,841,127.1065104,12.72151859781572,5405.0,33.78125,0.0,0.0,0.0,1.7703324127054128,False,True,80,PV+/PNN-,127.1065104,12.72151859781572,0.0,0.0,0.0,False,NONE
528,575,2398,102.47962401,11.422832828117684,9245.0,71.66666666666667,0.0,0.0,0.0,4.032528842712052,False,True,81,PV+/PNN-,102.47962401,11.422832828117684,0.0,0.0,0.0,False,NONE
529,583,408,151.73339679,13.899387074616612,5801.0,30.3717277486911,0.0,0.0,0.0,2.069780008123853,False,True,83,PV+/PNN-,151.73339679,13.899387074616612,0.0,0.0,0.0,False,NONE
530,587,1230,136.63949868,13.189951216443678,14124.0,82.11627906976744,0.0,0.0,0.0,2.4459500404193992,False,True,85,PV+/PNN-,136.63949868,13.189951216443678,0.0,0.0,0.0,False,NONE
531,590,317,129.48975747,12.84022896403991,4648.0,28.515337423312882,0.0,0.0,0.0,3.457336845208647,False,True,86,PV+/PNN-,129.48975747,12.84022896403991,0.0,0.0,0.0,False,NONE
532,592,1371,184.30444008,15.318736938146312,26205.0,112.95258620689656,0.0,0.0,0.0,2.351146186082616,False,True,87,PV+/PNN-,184.30444008,15.318736938146312,0.0,0.0,0.0,False,NONE
533,590,523,106.45170246,11.642101063659146,4538.0,33.865671641791046,0.0,0.0,0.0,2.5951422307892136,False,True,88,PV+/PNN-,106.45170246,11.642101063659146,0.0,0.0,0.0,False,NONE
534,596,1958,188.27651853,15.482929591568213,29049.0,122.56962025316456,0.0,0.0,0.0,1.898249561867888,False,True,89,PV+/PNN-,188.27651853,15.482929591568213,0.0,0.0,0.0,False,NONE
535,597,887,144.58365558,13.56796328882212,6373.0,35.01648351648352,0.0,0.0,0.0,2.4335544185580074,False,True,90,PV+/PNN-,144.58365558,13.56796328882212,0.0,0.0,0.0,False,NONE
536,601,1055,191.45418129,15.613040531021587,20747.0,86.08713692946058,0.0,0.0,0.0,3.175876633369294,False,True,93,PV+/PNN-,191.45418129,15.613040531021587,0.0,0.0,0.0,False,NONE
537,610,1405,230.3805501,17.126868561566074,59033.0,203.56206896551726,0.0,0.0,0.0,3.6389672546292835,False,True,94,PV+/PNN-,230.3805501,17.126868561566074,0.0,0.0,0.0,False,NONE
538,602,1550,41.30961588,7.252381437585563,6171.0,118.67307692307692,0.0,0.0,0.0,2.236616020875705,False,True,95,PV+/PNN-,41.30961588,7.252381437585563,0.0,0.0,0.0,False,NONE
539,606,1394,100.89079263,11.333937836259333,20671.0,162.76377952755905,0.0,0.0,0.0,2.106293512572711,False,True,96,PV+/PNN-,100.89079263,11.333937836259333,0.0,0.0,0.0,False,NONE
540,614,1791,115.98469074,12.152213577535832,9326.0,63.87671232876713,0.0,0.0,0.0,2.0175780583829708,False,True,98,PV+/PNN-,115.98469074,12.152213577535832,0.0,0.0,0.0,False,NONE
541,619,590,109.62936522,11.814586030086609,4236.0,30.695652173913043,0.0,0.0,0.0,2.9650632940779107,False,True,100,PV+/PNN-,109.62936522,11.814586030086609,0.0,0.0,0.0,False,NONE
542,621,1862,117.57352212,12.235164803834003,9496.0,64.16216216216216,0.0,0.0,0.0,1.8488626389764673,False,True,102,PV+/PNN-,117.57352212,12.235164803834003,0.0,0.0,0.0,False,NONE
543,635,341,104.86287108,11.554893086200376,5951.0,45.083333333333336,0.0,0.0,0.0,2.129837630677975,False,True,107,PV+/PNN-,104.86287108,11.554893086200376,0.0,0.0,0.0,False,NONE
544,637,271,108.83494953,11.77170172875832,4137.0,30.197080291970803,0.0,0.0,0.0,1.921679113357573,False,True,109,PV+/PNN-,108.83494953,11.77170172875832,0.0,0.0,0.0,False,NONE
545,642,2358,203.37041664,16.091589626115685,18029.0,70.42578125,0.0,0.0,0.0,3.2458572301819335,False,True,111,PV+/PNN-,203.37041664,16.091589626115685,0.0,0.0,0.0,False,NONE
546,642,2556,212.10898923,16.433671314756197,15475.0,57.95880149812734,0.0,0.0,0.0,1.816829771182983,False,True,113,PV+/PNN-,212.10898923,16.433671314756197,0.0,0.0,0.0,False,NONE
547,645,1155,189.07093422,15.515559616363333,16722.0,70.26050420168067,0.0,0.0,0.0,2.295871821948256,False,True,115,PV+/PNN-,189.07093422,15.515559616363333,0.0,0.0,0.0,False,NONE
548,646,2050,135.84508299,13.151552441468574,12977.0,75.88888888888889,0.0,0.0,0.0,1.7968076562816029,False,True,116,PV+/PNN-,135.84508299,13.151552441468574,0.0,0.0,0.0,False,NONE
549,649,2420,140.61157713,13.380292240810528,14345.0,81.045197740113,0.0,0.0,0.0,2.2334914211957964,False,True,118,PV+/PNN-,140.61157713,13.380292240810528,0.0,0.0,0.0,False,NONE
550,652,1965,140.61157713,13.380292240810528,9468.0,53.49152542372882,0.0,0.0,0.0,3.012435741398877,False,True,119,PV+/PNN-,140.61157713,13.380292240810528,0.0,0.0,0.0,False,NONE
551,660,1777,155.70547524,14.080140922851225,10893.0,55.576530612244895,0.0,0.0,0.0,1.6625650740706122,False,True,120,PV+/PNN-,155.70547524,14.080140922851225,0.0,0.0,0.0,False,NONE
552,663,1857,124.72326333,12.60169000650996,7362.0,46.89171974522293,0.0,0.0,0.0,1.8593829493292802,False,True,121,PV+/PNN-,124.72326333,12.60169000650996,0.0,0.0,0.0,False,NONE
553,667,511,131.07858885,12.91876320674319,6019.0,36.47878787878788,0.0,0.0,0.0,2.29596336388693,False,True,123,PV+/PNN-,131.07858885,12.91876320674319,0.0,0.0,0.0,False,NONE
554,669,2500,181.92119301,15.21937110940298,33310.0,145.4585152838428,0.0,0.0,0.0,3.5260575652014423,False,True,127,PV+/PNN-,181.92119301,15.21937110940298,0.0,0.0,0.0,False,NONE
555,668,1706,149.35014972,13.789797556005714,13118.0,69.77659574468085,0.0,0.0,0.0,1.5696545277646654,False,True,128,PV+/PNN-,149.35014972,13.789797556005714,0.0,0.0,0.0,False,NONE
556,672,1354,129.48975747,12.84022896403991,24577.0,150.77914110429447,0.0,0.0,0.0,1.7539660092765816,False,True,131,PV+/PNN-,129.48975747,12.84022896403991,0.0,0.0,0.0,False,NONE
557,672,2546,81.03040038,10.157318055940708,7529.0,73.81372549019608,0.0,0.0,0.0,2.247300746251724,False,True,134,PV+/PNN-,81.03040038,10.157318055940708,0.0,0.0,0.0,False,NONE
558,679,1682,125.51767902,12.64175907426016,19061.0,120.63924050632912,0.0,0.0,0.0,1.9312625977264601,False,True,135,PV+/PNN-,125.51767902,12.64175907426016,0.0,0.0,0.0,False,NONE
559,681,2182,126.31209471,12.681701540530954,17696.0,111.29559748427673,0.0,0.0,0.0,2.8201566856247053,False,True,137,PV+/PNN-,126.31209471,12.681701540530954,0.0,0.0,0.0,False,NONE
560,683,1438,40.51520019,7.182308476024235,3954.0,77.52941176470588,0.0,0.0,0.0,3.1159529719707946,False,True,140,PV+/PNN-,40.51520019,7.182308476024235,0.0,0.0,0.0,False,NONE
561,689,1582,82.61923176,10.256416188536388,7513.0,72.24038461538461,0.0,0.0,0.0,1.7333774161786712,False,True,141,PV+/PNN-,82.61923176,10.256416188536388,0.0,0.0,0.0,False,NONE
562,699,1170,131.07858885,12.91876320674319,20081.0,121.7030303030303,0.0,0.0,0.0,2.1562703654701423,False,True,143,PV+/PNN-,131.07858885,12.91876320674319,0.0,0.0,0.0,False,NONE
563,699,2568,140.61157713,13.380292240810528,10594.0,59.85310734463277,0.0,0.0,0.0,2.271124467340577,False,True,144,PV+/PNN-,140.61157713,13.380292240810528,0.0,0.0,0.0,False,NONE
564,695,2812,34.15987467,6.594975608221839,4793.0,111.46511627906976,0.0,0.0,0.0,1.3794199272935743,False,True,145,PV+/PNN-,34.15987467,6.594975608221839,0.0,0.0,0.0,False,NONE
565,703,386,127.90092609,12.761211420003875,7043.0,43.745341614906835,0.0,0.0,0.0,4.051924811619204,False,True,147,PV+/PNN-,127.90092609,12.761211420003875,0.0,0.0,0.0,False,NONE
566,702,1957,119.1623535,12.317557416952052,6754.0,45.026666666666664,0.0,0.0,0.0,1.8918789381913963,False,True,148,PV+/PNN-,119.1623535,12.317557416952052,0.0,0.0,0.0,False,NONE
567,702,43,83.41364745,10.305607915302103,2750.0,26.19047619047619,0.0,0.0,0.0,3.478044417986524,False,True,149,PV+/PNN-,83.41364745,10.305607915302103,0.0,0.0,0.0,False,NONE
568,702,1119,42.89844726,7.390534450171232,11776.0,218.07407407407408,0.0,0.0,0.0,2.449433424074181,False,True,150,PV+/PNN-,42.89844726,7.390534450171232,0.0,0.0,0.0,False,NONE
569,710,1255,128.69534178,12.800781162784691,21239.0,131.10493827160494,0.0,0.0,0.0,2.654368701228269,False,True,153,PV+/PNN-,128.69534178,12.800781162784691,0.0,0.0,0.0,False,NONE
570,712,2466,189.07093422,15.515559616363333,28673.0,120.47478991596638,0.0,0.0,0.0,3.095517580366766,False,True,154,PV+/PNN-,189.07093422,15.515559616363333,0.0,0.0,0.0,False,NONE
571,711,2527,181.92119301,15.21937110940298,23252.0,101.53711790393012,0.0,0.0,0.0,3.462341977405476,False,True,155,PV+/PNN-,181.92119301,15.21937110940298,0.0,0.0,0.0,False,NONE
572,712,1169,120.75118488,12.39940255265723,21320.0,140.26315789473685,0.0,0.0,0.0,2.684313777973002,False,True,156,PV+/PNN-,120.75118488,12.39940255265723,0.0,0.0,0.0,False,NONE
573,723,1732,104.86287108,11.554893086200376,7622.0,57.74242424242424,0.0,0.0,0.0,2.0273106593629016,False,True,164,PV+/PNN-,104.86287108,11.554893086200376,0.0,0.0,0.0,False,NONE
574,731,1100,197.01509112,15.838162927675212,54608.0,220.19354838709677,0.0,0.0,0.0,2.1909326467249737,False,True,165,PV+/PNN-,197.01509112,15.838162927675212,0.0,0.0,0.0,False,NONE
575,728,481,138.22833006,13.266415342325757,9969.0,57.293103448275865,0.0,0.0,0.0,2.8760030752029517,False,True,166,PV+/PNN-,138.22833006,13.266415342325757,0.0,0.0,0.0,False,NONE
576,730,1844,63.5532552,8.995472067506276,4411.0,55.1375,0.0,0.0,0.0,1.7445604962830497,False,True,169,PV+/PNN-,63.5532552,8.995472067506276,0.0,0.0,0.0,False,NONE
577,737,1795,135.84508299,13.151552441468574,14671.0,85.7953216374269,0.0,0.0,0.0,1.8691498778180613,False,True,171,PV+/PNN-,135.84508299,13.151552441468574,0.0,0.0,0.0,False,NONE
578,743,222,140.61157713,13.380292240810528,6143.0,34.706214689265536,0.0,0.0,0.0,3.610980380082532,False,True,172,PV+/PNN-,140.61157713,13.380292240810528,0.0,0.0,0.0,False,NONE
579,744,1856,163.64963214,14.434859996619657,11834.0,57.44660194174757,0.0,0.0,0.0,2.4066620085528743,False,True,173,PV+/PNN-,163.64963214,14.434859996619657,0.0,0.0,0.0,False,NONE
580,744,2494,136.63949868,13.189951216443678,20295.0,117.99418604651163,0.0,0.0,0.0,2.8522764985036475,False,True,174,PV+/PNN-,136.63949868,13.189951216443678,0.0,0.0,0.0,False,NONE
581,743,1358,144.58365558,13.56796328882212,10305.0,56.620879120879124,0.0,0.0,0.0,2.01121160110953,False,True,175,PV+/PNN-,144.58365558,13.56796328882212,0.0,0.0,0.0,False,NONE
582,749,2256,206.5480794,16.216817893198968,22967.0,88.33461538461539,0.0,0.0,0.0,3.1442754678929,False,True,176,PV+/PNN-,206.5480794,16.216817893198968,0.0,0.0,0.0,False,NONE
583,746,1640,146.96690265,13.679330108642857,8165.0,44.13513513513514,0.0,0.0,0.0,1.7688500363623387,False,True,178,PV+/PNN-,146.96690265,13.679330108642857,0.0,0.0,0.0,False,NONE
584,747,2406,139.02274575,13.304482609502793,12985.0,74.2,0.0,0.0,0.0,2.3514560871112136,False,True,179,PV+/PNN-,139.02274575,13.304482609502793,0.0,0.0,0.0,False,NONE
585,750,947,169.21054197,14.678063680958497,26338.0,123.65258215962442,0.0,0.0,0.0,2.8472895167675554,False,True,180,PV+/PNN-,169.21054197,14.678063680958497,0.0,0.0,0.0,False,NONE
586,750,890,101.68520832,11.378472144697502,25149.0,196.4765625,0.0,0.0,0.0,2.1005763930150545,False,True,182,PV+/PNN-,101.68520832,11.378472144697502,0.0,0.0,0.0,False,NONE
587,752,730,101.68520832,11.378472144697502,10051.0,78.5234375,0.0,0.0,0.0,2.535890494123562,False,True,183,PV+/PNN-,101.68520832,11.378472144697502,0.0,0.0,0.0,False,NONE
588,756,2551,126.31209471,12.681701540530954,8652.0,54.41509433962264,0.0,0.0,0.0,1.9676594276735446,False,True,185,PV+/PNN-,126.31209471,12.681701540530954,0.0,0.0,0.0,False,NONE
589,761,2190,157.29430662000001,14.151796046802042,8475.0,42.803030303030305,0.0,0.0,0.0,2.121026719080586,False,True,186,PV+/PNN-,157.29430662000001,14.151796046802042,0.0,0.0,0.0,False,NONE
590,773,1649,115.98469074,12.152213577535832,10040.0,68.76712328767124,0.0,0.0,0.0,1.818427316798148,False,True,191,PV+/PNN-,115.98469074,12.152213577535832,0.0,0.0,0.0,False,NONE
591,774,918,91.35780435,10.78519212710641,13338.0,115.98260869565217,0.0,0.0,0.0,2.542139537403232,False,True,192,PV+/PNN-,91.35780435,10.78519212710641,0.0,0.0,0.0,False,NONE
592,775,1259,123.13443195,12.521167201073583,13477.0,86.9483870967742,0.0,0.0,0.0,2.3697373075610226,False,True,193,PV+/PNN-,123.13443195,12.521167201073583,0.0,0.0,0.0,False,NONE
593,775,2271,138.22833006,13.266415342325757,10904.0,62.666666666666664,0.0,0.0,0.0,2.9610739457984327,False,True,194,PV+/PNN-,138.22833006,13.266415342325757,0.0,0.0,0.0,False,NONE
594,778,228,135.84508299,13.151552441468574,6508.0,38.058479532163744,0.0,0.0,0.0,2.167793407750619,False,True,196,PV+/PNN-,135.84508299,13.151552441468574,0.0,0.0,0.0,False,NONE
595,781,2406,192.24859698,15.645399198959067,19243.0,79.51652892561984,0.0,0.0,0.0,2.4104032702212836,False,True,198,PV+/PNN-,192.24859698,15.645399198959067,0.0,0.0,0.0,False,NONE
596,787,1853,186.68768715,15.41746236559462,9569.0,40.719148936170214,0.0,0.0,0.0,2.454307545383375,False,True,200,PV+/PNN-,186.68768715,15.41746236559462,0.0,0.0,0.0,False,NONE
597,787,1529,97.71312987,11.154022637162193,5583.0,45.390243902439025,0.0,0.0,0.0,1.7613227183463755,False,True,201,PV+/PNN-,97.71312987,11.154022637162193,0.0,0.0,0.0,False,NONE
598,790,222,148.55573403,13.753073662427433,8589.0,45.93048128342246,0.0,0.0,0.0,2.3894061439935723,False,True,202,PV+/PNN-,148.55573403,13.753073662427433,0.0,0.0,0.0,False,NONE
599,789,1371,141.40599282,13.418036440588484,9556.0,53.68539325842696,0.0,0.0,0.0,2.9093828092592364,False,True,203,PV+/PNN-,141.40599282,13.418036440588484,0.0,0.0,0.0,False,NONE
600,789,830,77.05832193,9.90523612702942,14704.0,151.58762886597938,0.0,0.0,0.0,2.048128192762168,False,True,204,PV+/PNN-,77.05832193,9.90523612702942,0.0,0.0,0.0,False,NONE
601,794,642,178.74353025,15.085865274483455,36814.0,163.61777777777777,0.0,0.0,0.0,2.524854827347832,False,True,205,PV+/PNN-,178.74353025,15.085865274483455,0.0,0.0,0.0,False,NONE
602,793,2016,162.06080076,14.36461695204847,8192.0,40.15686274509804,0.0,0.0,0.0,2.6277248116919374,False,True,206,PV+/PNN-,162.06080076,14.36461695204847,0.0,0.0,0.0,False,NONE
603,802,556,190.65976560000001,15.580614658987523,23910.0,99.625,0.0,0.0,0.0,4.435412898125693,False,True,209,PV+/PNN-,190.65976560000001,15.580614658987523,0.0,0.0,0.0,False,NONE
604,800,1475,135.84508299,13.151552441468574,13117.0,76.70760233918129,0.0,0.0,0.0,2.522703109989312,False,True,210,PV+/PNN-,135.84508299,13.151552441468574,0.0,0.0,0.0,False,NONE
605,806,2250,95.32988280000001,11.017158280424603,7889.0,65.74166666666666,0.0,0.0,0.0,2.2309228164589303,False,True,214,PV+/PNN-,95.32988280000001,11.017158280424603,0.0,0.0,0.0,False,NONE
606,807,1483,88.18014159,10.595963539609496,5528.0,49.8018018018018,0.0,0.0,0.0,2.1089035974723847,False,True,216,PV+/PNN-,88.18014159,10.595963539609496,0.0,0.0,0.0,False,NONE
607,810,1039,136.63949868,13.189951216443678,8691.0,50.52906976744186,0.0,0.0,0.0,1.6382148423517715,False,True,219,PV+/PNN-,136.63949868,13.189951216443678,0.0,0.0,0.0,False,NONE
608,809,1928,81.03040038,10.157318055940708,6713.0,65.81372549019608,0.0,0.0,0.0,2.2618128359415413,False,True,220,PV+/PNN-,81.03040038,10.157318055940708,0.0,0.0,0.0,False,NONE
609,811,2751,138.22833006,13.266415342325757,12660.0,72.75862068965517,0.0,0.0,0.0,2.5563796613942147,False,True,221,PV+/PNN-,138.22833006,13.266415342325757,0.0,0.0,0.0,False,NONE
610,814,2124,123.92884764,12.56149312576761,9613.0,61.62179487179487,0.0,0.0,0.0,3.5887520698596536,False,True,222,PV+/PNN-,123.92884764,12.56149312576761,0.0,0.0,0.0,False,NONE
611,819,1710,63.5532552,8.995472067506276,4471.0,55.8875,0.0,0.0,0.0,1.745882133022658,False,True,226,PV+/PNN-,63.5532552,8.995472067506276,0.0,0.0,0.0,False,NONE
612,826,2578,219.25873044,16.708347797572188,19593.0,70.98913043478261,0.0,0.0,0.0,1.6480235518246993,False,True,229,PV+/PNN-,219.25873044,16.708347797572188,0.0,0.0,0.0,False,NONE
613,831,645,197.01509112,15.838162927675212,59144.0,238.48387096774192,0.0,0.0,0.0,2.509404467527378,False,True,230,PV+/PNN-,197.01509112,15.838162927675212,0.0,0.0,0.0,False,NONE
614,828,530,96.12429849,11.062967867954534,9468.0,78.24793388429752,0.0,0.0,0.0,2.1932616306889328,False,True,231,PV+/PNN-,96.12429849,11.062967867954534,0.0,0.0,0.0,False,NONE
615,828,1113,141.40599282,13.418036440588484,10341.0,58.09550561797753,0.0,0.0,0.0,1.8580133579752738,False,True,233,PV+/PNN-,141.40599282,13.418036440588484,0.0,0.0,0.0,False,NONE
616,826,1596,55.6090983,8.414493627225879,3112.0,44.457142857142856,0.0,0.0,0.0,2.1433171811477467,False,True,234,PV+/PNN-,55.6090983,8.414493627225879,0.0,0.0,0.0,False,NONE
617,832,834,58.78676106,8.651568001725998,10306.0,139.27027027027026,0.0,0.0,0.0,2.8161578527222697,False,True,237,PV+/PNN-,58.78676106,8.651568001725998,0.0,0.0,0.0,False,NONE
618,838,940,123.13443195,12.521167201073583,7330.0,47.29032258064516,0.0,0.0,0.0,1.7626370762054353,False,True,238,PV+/PNN-,123.13443195,12.521167201073583,0.0,0.0,0.0,False,NONE
619,840,1843,197.01509112,15.838162927675212,10349.0,41.729838709677416,0.0,0.0,0.0,3.393622079768591,False,True,241,PV+/PNN-,197.01509112,15.838162927675212,0.0,0.0,0.0,False,NONE
620,843,1659,117.57352212,12.235164803834003,7538.0,50.932432432432435,0.0,0.0,0.0,2.9990438015545626,False,True,242,PV+/PNN-,117.57352212,12.235164803834003,0.0,0.0,0.0,False,NONE
621,843,2622,126.31209471,12.681701540530954,9680.0,60.880503144654085,0.0,0.0,0.0,1.9723142488948069,False,True,244,PV+/PNN-,126.31209471,12.681701540530954,0.0,0.0,0.0,False,NONE
622,845,1807,130.28417316,12.879555944225542,7924.0,48.31707317073171,0.0,0.0,0.0,2.5059521984671895,False,True,245,PV+/PNN-,130.28417316,12.879555944225542,0.0,0.0,0.0,False,NONE
623,847,2234,187.48210284,15.45023065413564,22945.0,97.22457627118644,0.0,0.0,0.0,3.987758853984444,False,True,246,PV+/PNN-,187.48210284,15.45023065413564,0.0,0.0,0.0,False,NONE
624,848,2662,85.00247883,10.403293586497956,12986.0,121.3644859813084,0.0,0.0,0.0,2.567186728600036,False,True,249,PV+/PNN-,85.00247883,10.403293586497956,0.0,0.0,0.0,False,NONE
625,851,880,96.12429849,11.062967867954534,3869.0,31.975206611570247,0.0,0.0,0.0,1.5448950450430412,False,True,250,PV+/PNN-,96.12429849,11.062967867954534,0.0,0.0,0.0,False,NONE
626,853,2539,203.37041664,16.091589626115685,15953.0,62.31640625,0.0,0.0,0.0,1.6978901989156292,False,True,251,PV+/PNN-,203.37041664,16.091589626115685,0.0,0.0,0.0,False,NONE
627,859,6,152.52781248,13.93572540349032,9758.0,50.822916666666664,0.0,0.0,0.0,4.869130021507174,False,True,253,PV+/PNN-,152.52781248,13.93572540349032,0.0,0.0,0.0,False,NONE
628,858,1390,131.07858885,12.91876320674319,8545.0,51.78787878787879,0.0,0.0,0.0,2.1562703654701423,False,True,254,PV+/PNN-,131.07858885,12.91876320674319,0.0,0.0,0.0,False,NONE
629,859,2112,161.26638507,14.329366305165495,9601.0,47.29556650246305,0.0,0.0,0.0,2.1417025707466486,False,True,255,PV+/PNN-,161.26638507,14.329366305165495,0.0,0.0,0.0,False,NONE
630,857,2100,38.13195312,6.96786270174516,2479.0,51.645833333333336,0.0,0.0,0.0,2.3106615664153023,False,True,256,PV+/PNN-,38.13195312,6.96786270174516,0.0,0.0,0.0,False,NONE
631,863,2591,142.9948242,13.493208101259413,16622.0,92.34444444444445,0.0,0.0,0.0,1.8620393175815715,False,True,257,PV+/PNN-,142.9948242,13.493208101259413,0.0,0.0,0.0,False,NONE
632,864,1085,182.7156087,15.252564978953412,12445.0,54.108695652173914,0.0,0.0,0.0,2.0185415386505587,False,True,258,PV+/PNN-,182.7156087,15.252564978953412,0.0,0.0,0.0,False,NONE
633,864,2033,60.37559244,8.767701627645716,3200.0,42.10526315789474,0.0,0.0,0.0,2.1980905774539226,False,True,260,PV+/PNN-,60.37559244,8.767701627645716,0.0,0.0,0.0,False,NONE
634,871,1678,127.1065104,12.72151859781572,9154.0,57.2125,0.0,0.0,0.0,2.16616261621812,False,True,262,PV+/PNN-,127.1065104,12.72151859781572,0.0,0.0,0.0,False,NONE
635,868,2458,87.3857259,10.548125988120718,6419.0,58.35454545454545,0.0,0.0,0.0,2.0261892706141427,False,True,263,PV+/PNN-,87.3857259,10.548125988120718,0.0,0.0,0.0,False,NONE
636,871,1824,96.91871418,11.108588547554572,8677.0,71.12295081967213,0.0,0.0,0.0,1.8520247295364518,False,True,264,PV+/PNN-,96.91871418,11.108588547554572,0.0,0.0,0.0,False,NONE
637,873,1001,119.95676919,12.358547737957586,13859.0,91.78145695364239,0.0,0.0,0.0,1.4662290504582405,False,True,265,PV+/PNN-,119.95676919,12.358547737957586,0.0,0.0,0.0,False,NONE
638,881,1649,96.12429849,11.062967867954534,13136.0,108.56198347107438,0.0,0.0,0.0,1.9118949991822254,False,True,266,PV+/PNN-,96.12429849,11.062967867954534,0.0,0.0,0.0,False,NONE
639,880,1099,28.59896484,6.034346109793383,2556.0,71.0,0.0,0.0,0.0,2.555164363242851,False,True,267,PV+/PNN-,28.59896484,6.034346109793383,0.0,0.0,0.0,False,NONE
640,889,1966,134.25625161,13.074416571218995,7666.0,45.36094674556213,0.0,0.0,0.0,2.6889442399227357,False,True,270,PV+/PNN-,134.25625161,13.074416571218995,0.0,0.0,0.0,False,NONE
641,891,2641,74.67507486,9.75085936304132,9341.0,99.37234042553192,0.0,0.0,0.0,2.177607427984516,False,True,272,PV+/PNN-,74.67507486,9.75085936304132,0.0,0.0,0.0,False,NONE
642,897,1673,172.38820473,14.815244827816286,17379.0,80.08755760368663,0.0,0.0,0.0,2.0736906778887474,False,True,273,PV+/PNN-,172.38820473,14.815244827816286,0.0,0.0,0.0,False,NONE
643,900,1574,208.93132647000002,16.310108123356397,20669.0,78.5893536121673,0.0,0.0,0.0,3.2141401469715363,False,True,274,PV+/PNN-,208.93132647000002,16.310108123356397,0.0,0.0,0.0,False,NONE
644,895,2849,145.37807127,13.6051868520168,12330.0,67.37704918032787,0.0,0.0,0.0,2.848379945910063,False,True,276,PV+/PNN-,145.37807127,13.6051868520168,0.0,0.0,0.0,False,NONE
645,898,2256,157.29430662000001,14.151796046802042,21936.0,110.78787878787878,0.0,0.0,0.0,1.8518934193785175,False,True,277,PV+/PNN-,157.29430662000001,14.151796046802042,0.0,0.0,0.0,False,NONE
646,902,669,133.46183592,13.035677474005707,19284.0,114.78571428571429,0.0,0.0,0.0,3.2505970286082078,False,True,279,PV+/PNN-,133.46183592,13.035677474005707,0.0,0.0,0.0,False,NONE
647,909,700,218.46431475,16.67805158443783,19042.0,69.24363636363637,0.0,0.0,0.0,2.47141264354985,False,True,282,PV+/PNN-,218.46431475,16.67805158443783,0.0,0.0,0.0,False,NONE
648,909,880,153.32222817,13.97196922387648,14423.0,74.73056994818653,0.0,0.0,0.0,1.7716780169506618,False,True,284,PV+/PNN-,153.32222817,13.97196922387648,0.0,0.0,0.0,False,NONE
649,912,2458,249.44652666,17.821480916027884,18304.0,58.29299363057325,0.0,0.0,0.0,2.5314815307963654,False,True,286,PV+/PNN-,249.44652666,17.821480916027884,0.0,0.0,0.0,False,NONE
650,913,624,157.29430662000001,14.151796046802042,34167.0,172.56060606060606,0.0,0.0,0.0,3.2627072642453117,False,True,287,PV+/PNN-,157.29430662000001,14.151796046802042,0.0,0.0,0.0,False,NONE
651,912,1339,170.79937335,14.746813769937052,10675.0,49.651162790697676,0.0,0.0,0.0,1.9975770925727268,False,True,289,PV+/PNN-,170.79937335,14.746813769937052,0.0,0.0,0.0,False,NONE
652,913,1162,139.81716144,13.342441267550265,12729.0,72.32386363636364,0.0,0.0,0.0,1.81725051696151,False,True,290,PV+/PNN-,139.81716144,13.342441267550265,0.0,0.0,0.0,False,NONE
653,914,1642,126.31209471,12.681701540530954,11617.0,73.062893081761,0.0,0.0,0.0,2.3905831843482233,False,True,291,PV+/PNN-,126.31209471,12.681701540530954,0.0,0.0,0.0,False,NONE
654,919,745,143.78923989,13.53063732184699,9437.0,52.13812154696133,0.0,0.0,0.0,2.822023022783664,False,True,292,PV+/PNN-,143.78923989,13.53063732184699,0.0,0.0,0.0,False,NONE
655,916,270,55.6090983,8.414493627225879,6107.0,87.24285714285715,0.0,0.0,0.0,2.2399854683876734,False,True,293,PV+/PNN-,55.6090983,8.414493627225879,0.0,0.0,0.0,False,NONE
656,924,2532,343.98199377000003,20.927768087992767,39750.0,91.8013856812933,0.0,0.0,0.0,3.26667091038906,False,True,294,PV+/PNN-,343.98199377000003,20.927768087992767,0.0,0.0,0.0,False,NONE
657,924,1277,200.19275388,15.965379131403353,13989.0,55.51190476190476,0.0,0.0,0.0,2.599218921229796,False,True,296,PV+/PNN-,200.19275388,15.965379131403353,0.0,0.0,0.0,False,NONE
658,926,1653,173.97703611,14.883361255142246,11108.0,50.721461187214615,0.0,0.0,0.0,2.055235653155374,False,True,297,PV+/PNN-,173.97703611,14.883361255142246,0.0,0.0,0.0,False,NONE
659,927,1537,132.66742023,12.996822909266468,12369.0,74.06586826347305,0.0,0.0,0.0,1.7594388020942098,False,True,298,PV+/PNN-,132.66742023,12.996822909266468,0.0,0.0,0.0,False,NONE
660,930,697,135.84508299,13.151552441468574,7829.0,45.78362573099415,0.0,0.0,0.0,2.60246504655515,False,True,299,PV+/PNN-,135.84508299,13.151552441468574,0.0,0.0,0.0,False,NONE
661,933,2615,188.27651853,15.482929591568213,25255.0,106.56118143459915,0.0,0.0,0.0,1.9513380925053214,False,True,303,PV+/PNN-,188.27651853,15.482929591568213,0.0,0.0,0.0,False,NONE
662,947,2336,338.42108394,20.757916726987464,16485.0,38.69718309859155,0.0,0.0,0.0,2.1466358987554557,False,True,309,PV+/PNN-,338.42108394,20.757916726987464,0.0,0.0,0.0,False,NONE
663,945,2057,108.83494953,11.77170172875832,4375.0,31.934306569343065,0.0,0.0,0.0,1.8938958008752949,False,True,310,PV+/PNN-,108.83494953,11.77170172875832,0.0,0.0,0.0,False,NONE
664,948,981,178.74353025,15.085865274483455,13406.0,59.58222222222222,0.0,0.0,0.0,2.529084064914579,False,True,312,PV+/PNN-,178.74353025,15.085865274483455,0.0,0.0,0.0,False,NONE
665,945,2859,129.48975747,12.84022896403991,6258.0,38.392638036809814,0.0,0.0,0.0,2.4545145632775833,False,True,313,PV+/PNN-,129.48975747,12.84022896403991,0.0,0.0,0.0,False,NONE
666,951,1157,182.7156087,15.252564978953412,13042.0,56.70434782608696,0.0,0.0,0.0,1.5620597012832156,False,True,314,PV+/PNN-,182.7156087,15.252564978953412,0.0,0.0,0.0,False,NONE
667,947,2165,86.59131021,10.500070494515816,3031.0,27.807339449541285,0.0,0.0,0.0,1.9274071204417123,False,True,315,PV+/PNN-,86.59131021,10.500070494515816,0.0,0.0,0.0,False,NONE
668,947,1260,110.42378091,11.857315232959936,11276.0,81.12230215827338,0.0,0.0,0.0,2.4941852484465317,False,True,318,PV+/PNN-,110.42378091,11.857315232959936,0.0,0.0,0.0,False,NONE
669,948,1742,104.86287108,11.554893086200376,4892.0,37.06060606060606,0.0,0.0,0.0,1.3785071690097008,False,True,319,PV+/PNN-,104.86287108,11.554893086200376,0.0,0.0,0.0,False,NONE
670,953,1370,142.9948242,13.493208101259413,11458.0,63.65555555555556,0.0,0.0,0.0,1.754546196093424,False,True,321,PV+/PNN-,142.9948242,13.493208101259413,0.0,0.0,0.0,False,NONE
671,954,757,145.37807127,13.6051868520168,6119.0,33.43715846994535,0.0,0.0,0.0,1.535120794377898,False,True,322,PV+/PNN-,145.37807127,13.6051868520168,0.0,0.0,0.0,False,NONE
672,955,720,83.41364745,10.305607915302103,3596.0,34.24761904761905,0.0,0.0,0.0,1.7521127062236692,False,True,324,PV+/PNN-,83.41364745,10.305607915302103,0.0,0.0,0.0,False,NONE
673,961,1109,230.3805501,17.126868561566074,14083.0,48.56206896551724,0.0,0.0,0.0,1.8295098370633949,False,True,325,PV+/PNN-,230.3805501,17.126868561566074,0.0,0.0,0.0,False,NONE
674,963,766,173.97703611,14.883361255142246,8074.0,36.8675799086758,0.0,0.0,0.0,2.8204572905176635,False,True,326,PV+/PNN-,173.97703611,14.883361255142246,0.0,0.0,0.0,False,NONE
675,966,1262,224.02522458,16.888983834246268,19149.0,67.90425531914893,0.0,0.0,0.0,2.6279012504723607,False,True,328,PV+/PNN-,224.02522458,16.888983834246268,0.0,0.0,0.0,False,NONE
676,974,1132,224.02522458,16.888983834246268,12233.0,43.37943262411348,0.0,0.0,0.0,1.6879457026147195,False,True,332,PV+/PNN-,224.02522458,16.888983834246268,0.0,0.0,0.0,False,NONE
677,975,1734,154.91105955,14.044176264056345,8663.0,44.42564102564103,0.0,0.0,0.0,1.825078673034575,False,True,334,PV+/PNN-,154.91105955,14.044176264056345,0.0,0.0,0.0,False,NONE
678,977,2630,157.29430662000001,14.151796046802042,12285.0,62.04545454545455,0.0,0.0,0.0,1.9928680049367435,False,True,335,PV+/PNN-,157.29430662000001,14.151796046802042,0.0,0.0,0.0,False,NONE
679,980,921,107.24611815,11.68546099424064,6194.0,45.88148148148148,0.0,0.0,0.0,1.8397183415348524,False,True,338,PV+/PNN-,107.24611815,11.68546099424064,0.0,0.0,0.0,False,NONE
680,983,1891,156.49989093,14.116013951495509,11209.0,56.898477157360404,0.0,0.0,0.0,1.3235152080707586,False,True,341,PV+/PNN-,156.49989093,14.116013951495509,0.0,0.0,0.0,False,NONE
681,984,648,122.34001626,12.48071098158173,6766.0,43.935064935064936,0.0,0.0,0.0,1.6752174777373638,False,True,342,PV+/PNN-,122.34001626,12.48071098158173,0.0,0.0,0.0,False,NONE
682,991,2523,274.07341305,18.680500733540153,52271.0,151.51014492753623,0.0,0.0,0.0,2.692308117671777,False,True,343,PV+/PNN-,274.07341305,18.680500733540153,0.0,0.0,0.0,False,NONE
683,990,1333,211.31457354,16.40286778005525,15505.0,58.28947368421053,0.0,0.0,0.0,2.811012036845233,False,True,344,PV+/PNN-,211.31457354,16.40286778005525,0.0,0.0,0.0,False,NONE
684,991,2054,108.04053384,11.728660627684029,5245.0,38.56617647058823,0.0,0.0,0.0,2.24445015720551,False,True,345,PV+/PNN-,108.04053384,11.728660627684029,0.0,0.0,0.0,False,NONE
685,995,1238,220.05314613000002,16.73858917579679,28079.0,101.36823104693141,0.0,0.0,0.0,3.0635253349015987,False,True,346,PV+/PNN-,220.05314613000002,16.73858917579679,0.0,0.0,0.0,False,NONE
686,998,1902,252.62418942,17.93463431258665,15871.0,49.90880503144654,0.0,0.0,0.0,2.3081263512858645,False,True,349,PV+/PNN-,252.62418942,17.93463431258665,0.0,0.0,0.0,False,NONE
687,998,1406,100.89079263,11.333937836259333,4775.0,37.59842519685039,0.0,0.0,0.0,1.5460027876867686,False,True,350,PV+/PNN-,100.89079263,11.333937836259333,0.0,0.0,0.0,False,NONE
688,998,916,71.4974121,9.54113894836179,3853.0,42.81111111111111,0.0,0.0,0.0,1.837368765108882,False,True,351,PV+/PNN-,71.4974121,9.54113894836179,0.0,0.0,0.0,False,NONE
689,1001,1536,118.36793781,12.276430232296539,8780.0,58.92617449664429,0.0,0.0,0.0,2.3246614544735698,False,True,352,PV+/PNN-,118.36793781,12.276430232296539,0.0,0.0,0.0,False,NONE
690,1001,1817,173.97703611,14.883361255142246,16289.0,74.37899543378995,0.0,0.0,0.0,1.542513016638811,False,True,353,PV+/PNN-,173.97703611,14.883361255142246,0.0,0.0,0.0,False,NONE
691,1011,2830,256.59626787,18.075079952341586,53484.0,165.58513931888544,0.0,0.0,0.0,2.0350750737201837,False,True,355,PV+/PNN-,256.59626787,18.075079952341586,0.0,0.0,0.0,False,NONE
692,1013,1644,180.33236163,15.152765226941183,13129.0,57.83700440528634,0.0,0.0,0.0,1.5570860336601882,False,True,357,PV+/PNN-,180.33236163,15.152765226941183,0.0,0.0,0.0,False,NONE
693,1012,557,99.30196125,11.244340084382843,4778.0,38.224,0.0,0.0,0.0,1.937836653083378,False,True,359,PV+/PNN-,99.30196125,11.244340084382843,0.0,0.0,0.0,False,NONE
694,1021,2609,327.29926428,20.413974778176367,43680.0,106.01941747572816,0.0,0.0,0.0,2.456961193205931,False,True,361,PV+/PNN-,327.29926428,20.413974778176367,0.0,0.0,0.0,False,NONE
695,1019,1764,130.28417316,12.879555944225542,6102.0,37.207317073170735,0.0,0.0,0.0,1.4189865677453777,False,True,362,PV+/PNN-,130.28417316,12.879555944225542,0.0,0.0,0.0,False,NONE
696,1019,1520,85.79689452,10.451794052617739,13228.0,122.48148148148148,0.0,0.0,0.0,1.7533714078804388,False,True,363,PV+/PNN-,85.79689452,10.451794052617739,0.0,0.0,0.0,False,NONE
697,1024,244,159.67755369,14.258603569939103,33442.0,166.3781094527363,0.0,0.0,0.0,2.0336109991347113,False,True,364,PV+/PNN-,159.67755369,14.258603569939103,0.0,0.0,0.0,False,NONE
698,1032,1145,237.53029131,17.39059975873043,38135.0,127.54180602006689,0.0,0.0,0.0,2.10401032793841,False,True,365,PV+/PNN-,237.53029131,17.39059975873043,0.0,0.0,0.0,False,NONE
699,1025,1384,182.7156087,15.252564978953412,9014.0,39.19130434782609,0.0,0.0,0.0,2.395035622038126,False,True,366,PV+/PNN-,182.7156087,15.252564978953412,0.0,0.0,0.0,False,NONE
700,1032,2582,163.64963214,14.434859996619657,19339.0,93.87864077669903,0.0,0.0,0.0,2.8737258660455414,False,True,370,PV+/PNN-,163.64963214,14.434859996619657,0.0,0.0,0.0,False,NONE
701,1032,2455,77.85273762,9.956163126610313,8859.0,90.39795918367346,0.0,0.0,0.0,1.883736936617319,False,True,372,PV+/PNN-,77.85273762,9.956163126610313,0.0,0.0,0.0,False,NONE
702,1039,336,103.2740397,11.467021901548332,4499.0,34.60769230769231,0.0,0.0,0.0,1.6965749161988073,False,True,373,PV+/PNN-,103.2740397,11.467021901548332,0.0,0.0,0.0,False,NONE
703,1048,810,171.59378904,14.781068900342463,11309.0,52.35648148148148,0.0,0.0,0.0,1.94084802686933,False,True,376,PV+/PNN-,171.59378904,14.781068900342463,0.0,0.0,0.0,False,NONE
704,1049,972,132.66742023,12.996822909266468,6874.0,41.16167664670659,0.0,0.0,0.0,2.367866541861225,False,True,378,PV+/PNN-,132.66742023,12.996822909266468,0.0,0.0,0.0,False,NONE
705,1051,873,180.33236163,15.152765226941183,8680.0,38.23788546255506,0.0,0.0,0.0,1.7070656037584775,False,True,379,PV+/PNN-,180.33236163,15.152765226941183,0.0,0.0,0.0,False,NONE
706,1049,959,125.51767902,12.64175907426016,8207.0,51.94303797468354,0.0,0.0,0.0,2.257154796303309,False,True,380,PV+/PNN-,125.51767902,12.64175907426016,0.0,0.0,0.0,False,NONE
707,1052,1287,191.45418129,15.613040531021587,18340.0,76.09958506224066,0.0,0.0,0.0,1.6092161197953543,False,True,381,PV+/PNN-,191.45418129,15.613040531021587,0.0,0.0,0.0,False,NONE
708,1052,1979,65.93650227,9.1625849044734,2429.0,29.265060240963855,0.0,0.0,0.0,1.7477451631254795,False,True,382,PV+/PNN-,65.93650227,9.1625849044734,0.0,0.0,0.0,False,NONE
709,1054,2860,122.34001626,12.48071098158173,32947.0,213.94155844155844,0.0,0.0,0.0,2.376886437674899,False,True,383,PV+/PNN-,122.34001626,12.48071098158173,0.0,0.0,0.0,False,NONE
710,1063,1547,68.31974934,9.326703948667076,7243.0,84.22093023255815,0.0,0.0,0.0,2.5633605600776312,False,True,384,PV+/PNN-,68.31974934,9.326703948667076,0.0,0.0,0.0,False,NONE
711,1064,1728,117.57352212,12.235164803834003,5164.0,34.891891891891895,0.0,0.0,0.0,1.3244943325588756,False,True,386,PV+/PNN-,117.57352212,12.235164803834003,0.0,0.0,0.0,False,NONE
712,1070,1567,182.7156087,15.252564978953412,14343.0,62.36086956521739,0.0,0.0,0.0,2.4373279977055944,False,True,389,PV+/PNN-,182.7156087,15.252564978953412,0.0,0.0,0.0,False,NONE
713,1073,1929,204.95924802,16.154325106244645,11001.0,42.63953488372093,0.0,0.0,0.0,1.5359672868378835,False,True,390,PV+/PNN-,204.95924802,16.154325106244645,0.0,0.0,0.0,False,NONE
714,1074,1523,149.35014972,13.789797556005714,10298.0,54.776595744680854,0.0,0.0,0.0,1.8221715048217542,False,True,393,PV+/PNN-,149.35014972,13.789797556005714,0.0,0.0,0.0,False,NONE
715,1081,1356,104.06845539,11.51104134134072,7047.0,53.79389312977099,0.0,0.0,0.0,1.5633651081657494,False,True,398,PV+/PNN-,104.06845539,11.51104134134072,0.0,0.0,0.0,False,NONE
716,1084,1621,163.64963214,14.434859996619657,15378.0,74.6504854368932,0.0,0.0,0.0,1.4576498409661256,False,True,399,PV+/PNN-,163.64963214,14.434859996619657,0.0,0.0,0.0,False,NONE
717,1086,2376,155.70547524,14.080140922851225,12035.0,61.4030612244898,0.0,0.0,0.0,1.9004596872001187,False,True,400,PV+/PNN-,155.70547524,14.080140922851225,0.0,0.0,0.0,False,NONE
718,1087,546,127.90092609,12.761211420003875,8332.0,51.75155279503105,0.0,0.0,0.0,2.131036631070392,False,True,401,PV+/PNN-,127.90092609,12.761211420003875,0.0,0.0,0.0,False,NONE
719,1085,585,117.57352212,12.235164803834003,6432.0,43.45945945945946,0.0,0.0,0.0,2.5818352307808934,False,True,402,PV+/PNN-,117.57352212,12.235164803834003,0.0,0.0,0.0,False,NONE
720,1087,1277,137.43391437,13.228238528376714,8234.0,47.59537572254335,0.0,0.0,0.0,1.6091882244572675,False,True,403,PV+/PNN-,137.43391437,13.228238528376714,0.0,0.0,0.0,False,NONE
721,1092,2026,130.28417316,12.879555944225542,4614.0,28.134146341463413,0.0,0.0,0.0,1.7310217784626711,False,True,404,PV+/PNN-,130.28417316,12.879555944225542,0.0,0.0,0.0,False,NONE
722,1099,2432,216.87548337,16.61729345321425,9395.0,34.413919413919416,0.0,0.0,0.0,1.5158640875683997,False,True,406,PV+/PNN-,216.87548337,16.61729345321425,0.0,0.0,0.0,False,NONE
723,1097,728,166.8272949,14.574330482319752,13667.0,65.08095238095238,0.0,0.0,0.0,3.2414085065137876,False,True,407,PV+/PNN-,166.8272949,14.574330482319752,0.0,0.0,0.0,False,NONE
724,1098,399,94.53546711,10.971157418634661,6660.0,55.96638655462185,0.0,0.0,0.0,1.939585211808453,False,True,408,PV+/PNN-,94.53546711,10.971157418634661,0.0,0.0,0.0,False,NONE
725,1103,1764,197.80950681,15.870062583211556,31986.0,128.4578313253012,0.0,0.0,0.0,1.4471126132001055,False,True,410,PV+/PNN-,197.80950681,15.870062583211556,0.0,0.0,0.0,False,NONE
726,1111,1524,176.36028318,14.984955344126572,16427.0,73.99549549549549,0.0,0.0,0.0,2.857592950504586,False,True,412,PV+/PNN-,176.36028318,14.984955344126572,0.0,0.0,0.0,False,NONE
727,1114,616,123.13443195,12.521167201073583,12065.0,77.83870967741936,0.0,0.0,0.0,2.841774790817277,False,True,414,PV+/PNN-,123.13443195,12.521167201073583,0.0,0.0,0.0,False,NONE
728,1115,2593,197.01509112,15.838162927675212,28440.0,114.6774193548387,0.0,0.0,0.0,3.07344492123766,False,True,415,PV+/PNN-,197.01509112,15.838162927675212,0.0,0.0,0.0,False,NONE
729,1114,1724,140.61157713,13.380292240810528,7970.0,45.02824858757062,0.0,0.0,0.0,1.5339946428539195,False,True,416,PV+/PNN-,140.61157713,13.380292240810528,0.0,0.0,0.0,False,NONE
730,1120,1794,181.12677732,15.186104684686724,8678.0,38.06140350877193,0.0,0.0,0.0,2.20087297058994,False,True,418,PV+/PNN-,181.12677732,15.186104684686724,0.0,0.0,0.0,False,NONE
731,1119,800,126.31209471,12.681701540530954,13352.0,83.9748427672956,0.0,0.0,0.0,3.285638807750924,False,True,419,PV+/PNN-,126.31209471,12.681701540530954,0.0,0.0,0.0,False,NONE
732,1123,1632,182.7156087,15.252564978953412,12627.0,54.9,0.0,0.0,0.0,2.779804300664981,False,True,420,PV+/PNN-,182.7156087,15.252564978953412,0.0,0.0,0.0,False,NONE
733,1121,1952,202.57600095,16.06012998776311,8177.0,32.06666666666667,0.0,0.0,0.0,2.679346387874288,False,True,421,PV+/PNN-,202.57600095,16.06012998776311,0.0,0.0,0.0,False,NONE
734,1119,1590,84.20806314000001,10.354565948189398,7403.0,69.83962264150944,0.0,0.0,0.0,1.5420757731581447,False,True,423,PV+/PNN-,84.20806314000001,10.354565948189398,0.0,0.0,0.0,False,NONE
735,1125,1686,102.47962401,11.422832828117684,3802.0,29.472868217054263,0.0,0.0,0.0,1.3556509564727104,False,True,426,PV+/PNN-,102.47962401,11.422832828117684,0.0,0.0,0.0,False,NONE
736,1129,2519,144.58365558,13.56796328882212,11648.0,64.0,0.0,0.0,0.0,2.14076104855246,False,True,429,PV+/PNN-,144.58365558,13.56796328882212,0.0,0.0,0.0,False,NONE
737,1132,715,198.6039225,15.90189824726965,14133.0,56.532,0.0,0.0,0.0,2.2047015435451,False,True,430,PV+/PNN-,198.6039225,15.90189824726965,0.0,0.0,0.0,False,NONE
738,1137,2541,161.26638507,14.329366305165495,11419.0,56.251231527093594,0.0,0.0,0.0,2.0807640491568247,False,True,434,PV+/PNN-,161.26638507,14.329366305165495,0.0,0.0,0.0,False,NONE
739,1140,1399,153.32222817,13.97196922387648,15699.0,81.34196891191709,0.0,0.0,0.0,2.5698644333690646,False,True,437,PV+/PNN-,153.32222817,13.97196922387648,0.0,0.0,0.0,False,NONE
740,1138,1914,121.54560057,12.440123196106569,6906.0,45.13725490196079,0.0,0.0,0.0,1.3641364308428363,False,True,439,PV+/PNN-,121.54560057,12.440123196106569,0.0,0.0,0.0,False,NONE
741,1149,2602,166.8272949,14.574330482319752,16663.0,79.34761904761905,0.0,0.0,0.0,2.785255026100384,False,True,443,PV+/PNN-,166.8272949,14.574330482319752,0.0,0.0,0.0,False,NONE
742,1152,1713,162.06080076,14.36461695204847,6266.0,30.715686274509803,0.0,0.0,0.0,1.4055995442423146,False,True,444,PV+/PNN-,162.06080076,14.36461695204847,0.0,0.0,0.0,False,NONE
743,1154,741,204.95924802,16.154325106244645,35449.0,137.39922480620154,0.0,0.0,0.0,3.3415894495400487,False,True,446,PV+/PNN-,204.95924802,16.154325106244645,0.0,0.0,0.0,False,NONE
744,1162,1312,193.04301267,15.677691078926612,9911.0,40.78600823045267,0.0,0.0,0.0,2.2042507729567102,False,True,448,PV+/PNN-,193.04301267,15.677691078926612,0.0,0.0,0.0,False,NONE
745,1161,1580,183.51002439,15.285686766012908,13625.0,58.98268398268398,0.0,0.0,0.0,3.1009831725876067,False,True,449,PV+/PNN-,183.51002439,15.285686766012908,0.0,0.0,0.0,False,NONE
746,1161,2633,134.25625161,13.074416571218995,14927.0,88.32544378698225,0.0,0.0,0.0,2.1233775593992004,False,True,450,PV+/PNN-,134.25625161,13.074416571218995,0.0,0.0,0.0,False,NONE
747,1167,1779,187.48210284,15.45023065413564,8920.0,37.79661016949152,0.0,0.0,0.0,2.3207045122614787,False,True,451,PV+/PNN-,187.48210284,15.45023065413564,0.0,0.0,0.0,False,NONE
748,1168,2558,139.02274575,13.304482609502793,21150.0,120.85714285714286,0.0,0.0,0.0,2.9858417221232316,False,True,452,PV+/PNN-,139.02274575,13.304482609502793,0.0,0.0,0.0,False,NONE
749,1173,389,99.30196125,11.244340084382843,7126.0,57.008,0.0,0.0,0.0,2.2406500628624477,False,True,454,PV+/PNN-,99.30196125,11.244340084382843,0.0,0.0,0.0,False,NONE
750,1176,579,154.91105955,14.044176264056345,17565.0,90.07692307692308,0.0,0.0,0.0,2.1048590043732087,False,True,455,PV+/PNN-,154.91105955,14.044176264056345,0.0,0.0,0.0,False,NONE
751,1180,1938,184.30444008,15.318736938146312,8343.0,35.96120689655172,0.0,0.0,0.0,1.9241207981470834,False,True,458,PV+/PNN-,184.30444008,15.318736938146312,0.0,0.0,0.0,False,NONE
752,1190,361,163.64963214,14.434859996619657,11181.0,54.27669902912621,0.0,0.0,0.0,2.161838426108916,False,True,463,PV+/PNN-,163.64963214,14.434859996619657,0.0,0.0,0.0,False,NONE
753,1197,1471,220.84756182,16.76877601578504,19935.0,71.70863309352518,0.0,0.0,0.0,1.9818846187335888,False,True,466,PV+/PNN-,220.84756182,16.76877601578504,0.0,0.0,0.0,False,NONE
754,1199,1369,233.55821286,17.244580383732874,19514.0,66.37414965986395,0.0,0.0,0.0,2.638598301634454,False,True,467,PV+/PNN-,233.55821286,17.244580383732874,0.0,0.0,0.0,False,NONE
755,1196,1485,115.98469074,12.152213577535832,7035.0,48.18493150684932,0.0,0.0,0.0,1.7438363117681959,False,True,470,PV+/PNN-,115.98469074,12.152213577535832,0.0,0.0,0.0,False,NONE
756,1199,606,92.94663573,10.878572156378345,9764.0,83.45299145299145,0.0,0.0,0.0,2.81316592847922,False,True,471,PV+/PNN-,92.94663573,10.878572156378345,0.0,0.0,0.0,False,NONE
757,1209,2471,128.69534178,12.800781162784691,11546.0,71.27160493827161,0.0,0.0,0.0,1.865302618173197,False,True,477,PV+/PNN-,128.69534178,12.800781162784691,0.0,0.0,0.0,False,NONE
758,1210,2562,143.78923989,13.53063732184699,20989.0,115.96132596685082,0.0,0.0,0.0,2.776459413639155,False,True,478,PV+/PNN-,143.78923989,13.53063732184699,0.0,0.0,0.0,False,NONE
759,1212,1911,112.80702798,11.984588810142046,6726.0,47.36619718309859,0.0,0.0,0.0,1.2471783317431107,False,True,481,PV+/PNN-,112.80702798,11.984588810142046,0.0,0.0,0.0,False,NONE
760,1214,2536,228.79171872,17.067708217046253,27413.0,95.18402777777777,0.0,0.0,0.0,2.058449221940038,False,True,482,PV+/PNN-,228.79171872,17.067708217046253,0.0,0.0,0.0,False,NONE
761,1216,343,164.44404783,14.469853647963289,17679.0,85.40579710144928,0.0,0.0,0.0,2.6264178222478236,False,True,483,PV+/PNN-,164.44404783,14.469853647963289,0.0,0.0,0.0,False,NONE
762,1221,941,199.39833819,15.933670303416713,8384.0,33.40239043824701,0.0,0.0,0.0,2.038795799109009,False,True,485,PV+/PNN-,199.39833819,15.933670303416713,0.0,0.0,0.0,False,NONE
763,1224,315,91.35780435,10.78519212710641,7361.0,64.00869565217391,0.0,0.0,0.0,2.1256515770257765,False,True,486,PV+/PNN-,91.35780435,10.78519212710641,0.0,0.0,0.0,False,NONE
764,1225,416,73.88065917,9.698854408967303,9190.0,98.81720430107526,0.0,0.0,0.0,2.7080763129007654,False,True,487,PV+/PNN-,73.88065917,9.698854408967303,0.0,0.0,0.0,False,NONE
765,1225,396,111.2181966,11.899891008124815,15954.0,113.95714285714286,0.0,0.0,0.0,2.175036462898348,False,True,488,PV+/PNN-,111.2181966,11.899891008124815,0.0,0.0,0.0,False,NONE
766,1227,688,168.41612628000001,14.643567596416075,17375.0,81.95754716981132,0.0,0.0,0.0,2.1290819778823153,False,True,489,PV+/PNN-,168.41612628000001,14.643567596416075,0.0,0.0,0.0,False,NONE
767,1233,1239,243.88561683,17.621714211168094,16554.0,53.92182410423453,0.0,0.0,0.0,2.6618711036959217,False,True,490,PV+/PNN-,243.88561683,17.621714211168094,0.0,0.0,0.0,False,NONE
768,1230,2360,166.8272949,14.574330482319752,7743.0,36.871428571428574,0.0,0.0,0.0,1.55525176710486,False,True,491,PV+/PNN-,166.8272949,14.574330482319752,0.0,0.0,0.0,False,NONE
769,1233,1145,162.85521645,14.3997813056499,13745.0,67.04878048780488,0.0,0.0,0.0,3.00636899714232,False,True,493,PV+/PNN-,162.85521645,14.3997813056499,0.0,0.0,0.0,False,NONE
770,1237,1822,182.7156087,15.252564978953412,4682.0,20.356521739130436,0.0,0.0,0.0,1.7891513706280975,False,True,494,PV+/PNN-,182.7156087,15.252564978953412,0.0,0.0,0.0,False,NONE
771,1238,1077,204.95924802,16.154325106244645,19071.0,73.9186046511628,0.0,0.0,0.0,3.009643477731435,False,True,495,PV+/PNN-,204.95924802,16.154325106244645,0.0,0.0,0.0,False,NONE
772,1245,1727,224.02522458,16.888983834246268,7286.0,25.836879432624112,0.0,0.0,0.0,1.5023541604569484,False,True,496,PV+/PNN-,224.02522458,16.888983834246268,0.0,0.0,0.0,False,NONE
773,1241,382,126.31209471,12.681701540530954,17202.0,108.18867924528301,0.0,0.0,0.0,2.302806555604422,False,True,497,PV+/PNN-,126.31209471,12.681701540530954,0.0,0.0,0.0,False,NONE
774,1245,1119,170.00495766,14.712478883374446,13505.0,63.10747663551402,0.0,0.0,0.0,1.9510816765283954,False,True,498,PV+/PNN-,170.00495766,14.712478883374446,0.0,0.0,0.0,False,NONE
775,1245,2394,148.55573403,13.753073662427433,8352.0,44.663101604278076,0.0,0.0,0.0,1.942735331462829,False,True,499,PV+/PNN-,148.55573403,13.753073662427433,0.0,0.0,0.0,False,NONE
776,1244,447,93.74105142,10.924962866435578,8395.0,71.14406779661017,0.0,0.0,0.0,2.2230377972666906,False,True,500,PV+/PNN-,93.74105142,10.924962866435578,0.0,0.0,0.0,False,NONE
777,1252,440,139.81716144,13.342441267550265,10627.0,60.38068181818182,0.0,0.0,0.0,2.2389727856910904,False,True,501,PV+/PNN-,139.81716144,13.342441267550265,0.0,0.0,0.0,False,NONE
778,1250,2294,126.31209471,12.681701540530954,9799.0,61.62893081761006,0.0,0.0,0.0,1.7841264766637783,False,True,502,PV+/PNN-,126.31209471,12.681701540530954,0.0,0.0,0.0,False,NONE
779,1258,1551,220.84756182,16.76877601578504,9389.0,33.773381294964025,0.0,0.0,0.0,2.7680207743509997,False,True,503,PV+/PNN-,220.84756182,16.76877601578504,0.0,0.0,0.0,False,NONE
780,1261,470,185.09885577,15.351715957885437,21752.0,93.35622317596567,0.0,0.0,0.0,4.133489806383743,False,True,505,PV+/PNN-,185.09885577,15.351715957885437,0.0,0.0,0.0,False,NONE
781,1264,130,268.51250322,18.490017235133443,46773.0,138.38165680473372,0.0,0.0,0.0,2.6026077333826385,False,True,506,PV+/PNN-,268.51250322,18.490017235133443,0.0,0.0,0.0,False,NONE
782,1260,627,118.36793781,12.276430232296539,6810.0,45.70469798657718,0.0,0.0,0.0,2.302663742297538,False,True,507,PV+/PNN-,118.36793781,12.276430232296539,0.0,0.0,0.0,False,NONE
783,1265,154,265.33484046,18.380283226045986,21808.0,65.2934131736527,0.0,0.0,0.0,2.429595682992634,False,True,508,PV+/PNN-,265.33484046,18.380283226045986,0.0,0.0,0.0,False,NONE
784,1263,2707,127.90092609,12.761211420003875,8670.0,53.850931677018636,0.0,0.0,0.0,2.0404101117829607,False,True,509,PV+/PNN-,127.90092609,12.761211420003875,0.0,0.0,0.0,False,NONE
785,1271,434,111.2181966,11.899891008124815,7167.0,51.19285714285714,0.0,0.0,0.0,2.1372754131952516,False,True,510,PV+/PNN-,111.2181966,11.899891008124815,0.0,0.0,0.0,False,NONE
786,1269,1346,94.53546711,10.971157418634661,3194.0,26.840336134453782,0.0,0.0,0.0,1.6961375031343733,False,True,511,PV+/PNN-,94.53546711,10.971157418634661,0.0,0.0,0.0,False,NONE
787,1276,2352,134.25625161,13.074416571218995,5752.0,34.03550295857988,0.0,0.0,0.0,1.949453292601034,False,True,513,PV+/PNN-,134.25625161,13.074416571218995,0.0,0.0,0.0,False,NONE
788,1281,2622,156.49989093,14.116013951495509,13390.0,67.96954314720813,0.0,0.0,0.0,1.932675695159287,False,True,515,PV+/PNN-,156.49989093,14.116013951495509,0.0,0.0,0.0,False,NONE
789,1281,367,147.76131834,13.716251444643651,10451.0,56.18817204301075,0.0,0.0,0.0,2.2055701288948297,False,True,516,PV+/PNN-,147.76131834,13.716251444643651,0.0,0.0,0.0,False,NONE
790,1286,2287,207.34249509,16.247974152264163,6883.0,26.371647509578544,0.0,0.0,0.0,2.0024062540641157,False,True,517,PV+/PNN-,207.34249509,16.247974152264163,0.0,0.0,0.0,False,NONE
791,1291,902,187.48210284,15.45023065413564,12715.0,53.8771186440678,0.0,0.0,0.0,3.264218740605624,False,True,518,PV+/PNN-,187.48210284,15.45023065413564,0.0,0.0,0.0,False,NONE
792,1301,328,216.08106768,16.586830928142092,21461.0,78.90073529411765,0.0,0.0,0.0,3.5252716445612697,False,True,520,PV+/PNN-,216.08106768,16.586830928142092,0.0,0.0,0.0,False,NONE
793,1295,2693,139.02274575,13.304482609502793,8580.0,49.02857142857143,0.0,0.0,0.0,2.008887844204724,False,True,521,PV+/PNN-,139.02274575,13.304482609502793,0.0,0.0,0.0,False,NONE
794,1300,878,159.67755369,14.258603569939103,8649.0,43.02985074626866,0.0,0.0,0.0,2.2529632460667273,False,True,523,PV+/PNN-,159.67755369,14.258603569939103,0.0,0.0,0.0,False,NONE
795,1306,2362,189.86534991,15.548121162390995,10043.0,42.02092050209205,0.0,0.0,0.0,3.1130904557737593,False,True,524,PV+/PNN-,189.86534991,15.548121162390995,0.0,0.0,0.0,False,NONE
796,1306,304,44.48727864,7.526151898686336,4471.0,79.83928571428571,0.0,0.0,0.0,2.4846770704637375,False,True,526,PV+/PNN-,44.48727864,7.526151898686336,0.0,0.0,0.0,False,NONE
797,1309,641,97.71312987,11.154022637162193,4195.0,34.10569105691057,0.0,0.0,0.0,2.0828135415096476,False,True,527,PV+/PNN-,97.71312987,11.154022637162193,0.0,0.0,0.0,False,NONE
798,1311,207,113.60144367,12.026714032504808,15457.0,108.0909090909091,0.0,0.0,0.0,2.2048228014054057,False,True,528,PV+/PNN-,113.60144367,12.026714032504808,0.0,0.0,0.0,False,NONE
799,1318,741,181.12677732,15.186104684686724,10742.0,47.1140350877193,0.0,0.0,0.0,2.9043547018130624,False,True,529,PV+/PNN-,181.12677732,15.186104684686724,0.0,0.0,0.0,False,NONE
800,1323,191,195.42625974,15.774170088491289,21312.0,86.63414634146342,0.0,0.0,0.0,2.1876848795468646,False,True,530,PV+/PNN-,195.42625974,15.774170088491289,0.0,0.0,0.0,False,NONE
801,1321,893,81.82481607,10.206987389088184,5496.0,53.359223300970875,0.0,0.0,0.0,2.1536263143288252,False,True,531,PV+/PNN-,81.82481607,10.206987389088184,0.0,0.0,0.0,False,NONE
802,1326,717,134.25625161,13.074416571218995,15451.0,91.42603550295858,0.0,0.0,0.0,4.072205225141248,False,True,533,PV+/PNN-,134.25625161,13.074416571218995,0.0,0.0,0.0,False,NONE
803,1333,852,160.47196938,14.294028726574819,6953.0,34.42079207920792,0.0,0.0,0.0,1.7869575560487045,False,True,534,PV+/PNN-,160.47196938,14.294028726574819,0.0,0.0,0.0,False,NONE
804,1338,2554,240.70795407,17.50653837439656,24723.0,81.5940594059406,0.0,0.0,0.0,2.4674041942629152,False,True,539,PV+/PNN-,240.70795407,17.50653837439656,0.0,0.0,0.0,False,NONE
805,1339,2274,142.9948242,13.493208101259413,5892.0,32.733333333333334,0.0,0.0,0.0,2.0488306434462213,False,True,540,PV+/PNN-,142.9948242,13.493208101259413,0.0,0.0,0.0,False,NONE
806,1341,307,73.08624348000001,9.646569098642193,11735.0,127.55434782608695,0.0,0.0,0.0,2.395035622038126,False,True,541,PV+/PNN-,73.08624348000001,9.646569098642193,0.0,0.0,0.0,False,NONE
807,1350,168,243.88561683,17.621714211168094,49750.0,162.05211726384366,0.0,0.0,0.0,2.703199158094099,False,True,542,PV+/PNN-,243.88561683,17.621714211168094,0.0,0.0,0.0,False,NONE
808,1347,695,199.39833819,15.933670303416713,15941.0,63.50996015936255,0.0,0.0,0.0,4.190904835813126,False,True,543,PV+/PNN-,199.39833819,15.933670303416713,0.0,0.0,0.0,False,NONE
809,1348,281,158.08872231,14.187487896796528,34388.0,172.80402010050253,0.0,0.0,0.0,2.242133483878322,False,True,544,PV+/PNN-,158.08872231,14.187487896796528,0.0,0.0,0.0,False,NONE
810,1348,628,115.98469074,12.152213577535832,6141.0,42.06164383561644,0.0,0.0,0.0,1.964712588798636,False,True,546,PV+/PNN-,115.98469074,12.152213577535832,0.0,0.0,0.0,False,NONE
811,1350,487,66.73091796,9.217615939230159,5722.0,68.11904761904762,0.0,0.0,0.0,2.3965679544898464,False,True,549,PV+/PNN-,66.73091796,9.217615939230159,0.0,0.0,0.0,False,NONE
812,1350,2522,104.86287108,11.554893086200376,6243.0,47.29545454545455,0.0,0.0,0.0,2.0393255388138867,False,True,550,PV+/PNN-,104.86287108,11.554893086200376,0.0,0.0,0.0,False,NONE
813,1351,2814,208.13691078,16.279070781961433,22415.0,85.55343511450381,0.0,0.0,0.0,3.785329043519548,False,True,551,PV+/PNN-,208.13691078,16.279070781961433,0.0,0.0,0.0,False,NONE
814,1353,466,113.60144367,12.026714032504808,7293.0,51.0,0.0,0.0,0.0,3.475812203020393,False,True,552,PV+/PNN-,113.60144367,12.026714032504808,0.0,0.0,0.0,False,NONE
815,1356,136,123.92884764,12.56149312576761,11094.0,71.11538461538461,0.0,0.0,0.0,2.4216451644208767,False,True,553,PV+/PNN-,123.92884764,12.56149312576761,0.0,0.0,0.0,False,NONE
816,1359,2588,153.32222817,13.97196922387648,22725.0,117.74611398963731,0.0,0.0,0.0,2.1310536443840675,False,True,555,PV+/PNN-,153.32222817,13.97196922387648,0.0,0.0,0.0,False,NONE
817,1361,982,131.07858885,12.91876320674319,4155.0,25.181818181818183,0.0,0.0,0.0,1.682723916708646,False,True,556,PV+/PNN-,131.07858885,12.91876320674319,0.0,0.0,0.0,False,NONE
818,1364,200,186.68768715,15.41746236559462,32830.0,139.70212765957447,0.0,0.0,0.0,2.4097655752655096,False,True,557,PV+/PNN-,186.68768715,15.41746236559462,0.0,0.0,0.0,False,NONE
819,1365,16,75.46949055,9.802588422925686,17785.0,187.21052631578948,0.0,0.0,0.0,2.3416620632724316,False,True,560,PV+/PNN-,75.46949055,9.802588422925686,0.0,0.0,0.0,False,NONE
820,1370,775,175.56586749,14.951167352217068,13258.0,59.990950226244344,0.0,0.0,0.0,2.0131936290577466,False,True,562,PV+/PNN-,175.56586749,14.951167352217068,0.0,0.0,0.0,False,NONE
821,1376,691,67.52533365000001,9.272320371655413,7181.0,84.48235294117647,0.0,0.0,0.0,2.8485158905441597,False,True,563,PV+/PNN-,67.52533365000001,9.272320371655413,0.0,0.0,0.0,False,NONE
822,1398,936,183.51002439,15.285686766012908,4535.0,19.63203463203463,0.0,0.0,0.0,1.7754559005855832,False,True,565,PV+/PNN-,183.51002439,15.285686766012908,0.0,0.0,0.0,False,NONE
823,1397,357,127.90092609,12.761211420003875,8966.0,55.68944099378882,0.0,0.0,0.0,2.7483477044775317,False,True,566,PV+/PNN-,127.90092609,12.761211420003875,0.0,0.0,0.0,False,NONE
824,1400,2558,243.09120114,17.592990941526043,33095.0,108.15359477124183,0.0,0.0,0.0,2.68473659261622,False,True,567,PV+/PNN-,243.09120114,17.592990941526043,0.0,0.0,0.0,False,NONE
825,1399,251,77.85273762,9.956163126610313,11297.0,115.27551020408163,0.0,0.0,0.0,2.481440409060615,False,True,568,PV+/PNN-,77.85273762,9.956163126610313,0.0,0.0,0.0,False,NONE
826,1405,450,142.9948242,13.493208101259413,7949.0,44.16111111111111,0.0,0.0,0.0,2.5175711404273233,False,True,569,PV+/PNN-,142.9948242,13.493208101259413,0.0,0.0,0.0,False,NONE
827,1405,682,119.95676919,12.358547737957586,3951.0,26.165562913907284,0.0,0.0,0.0,2.394000536540938,False,True,570,PV+/PNN-,119.95676919,12.358547737957586,0.0,0.0,0.0,False,NONE
828,1409,574,127.1065104,12.72151859781572,5142.0,32.1375,0.0,0.0,0.0,1.9989755686576611,False,True,573,PV+/PNN-,127.1065104,12.72151859781572,0.0,0.0,0.0,False,NONE
829,1416,588,179.53794594000001,15.119352253034252,7753.0,34.30530973451327,0.0,0.0,0.0,2.699881636913242,False,True,575,PV+/PNN-,179.53794594000001,15.119352253034252,0.0,0.0,0.0,False,NONE
830,1444,798,129.48975747,12.84022896403991,2647.0,16.23926380368098,0.0,0.0,0.0,1.6339646366004843,False,True,577,PV+/PNN-,129.48975747,12.84022896403991,0.0,0.0,0.0,False,NONE
831,1443,2556,115.19027505,12.11052490037406,13501.0,93.1103448275862,0.0,0.0,0.0,2.4901459121448757,False,True,578,PV+/PNN-,115.19027505,12.11052490037406,0.0,0.0,0.0,False,NONE
832,1449,592,182.7156087,15.252564978953412,16037.0,69.72608695652174,0.0,0.0,0.0,3.3608647663571483,False,True,579,PV+/PNN-,182.7156087,15.252564978953412,0.0,0.0,0.0,False,NONE
833,1453,76,118.36793781,12.276430232296539,10759.0,72.20805369127517,0.0,0.0,0.0,3.5785310485073905,False,True,580,PV+/PNN-,118.36793781,12.276430232296539,0.0,0.0,0.0,False,NONE
834,1454,2553,127.1065104,12.72151859781572,21603.0,135.01875,0.0,0.0,0.0,3.5353782784523924,False,True,584,PV+/PNN-,127.1065104,12.72151859781572,0.0,0.0,0.0,False,NONE
835,1458,276,139.81716144,13.342441267550265,10852.0,61.65909090909091,0.0,0.0,0.0,2.3435022369146616,False,True,585,PV+/PNN-,139.81716144,13.342441267550265,0.0,0.0,0.0,False,NONE
836,1475,78,140.61157713,13.380292240810528,24654.0,139.28813559322035,0.0,0.0,0.0,4.2674679628303736,False,True,587,PV+/PNN-,140.61157713,13.380292240810528,0.0,0.0,0.0,False,NONE
837,1478,381,151.73339679,13.899387074616612,8774.0,45.93717277486911,0.0,0.0,0.0,1.5438931379131924,False,True,588,PV+/PNN-,151.73339679,13.899387074616612,0.0,0.0,0.0,False,NONE
838,1480,11,183.51002439,15.285686766012908,23529.0,101.85714285714286,0.0,0.0,0.0,4.199486436677681,False,True,589,PV+/PNN-,183.51002439,15.285686766012908,0.0,0.0,0.0,False,NONE
839,1483,2615,139.81716144,13.342441267550265,12942.0,73.5340909090909,0.0,0.0,0.0,2.387957290883307,False,True,590,PV+/PNN-,139.81716144,13.342441267550265,0.0,0.0,0.0,False,NONE
840,1485,483,151.73339679,13.899387074616612,7609.0,39.83769633507853,0.0,0.0,0.0,3.5195670745256638,False,True,592,PV+/PNN-,151.73339679,13.899387074616612,0.0,0.0,0.0,False,NONE
841,1488,551,180.33236163,15.152765226941183,6346.0,27.955947136563875,0.0,0.0,0.0,2.410385948008219,False,True,593,PV+/PNN-,180.33236163,15.152765226941183,0.0,0.0,0.0,False,NONE
842,1492,531,159.67755369,14.258603569939103,7119.0,35.417910447761194,0.0,0.0,0.0,2.795294580807516,False,True,594,PV+/PNN-,159.67755369,14.258603569939103,0.0,0.0,0.0,False,NONE
843,1493,2549,200.19275388,15.965379131403353,27263.0,108.18650793650794,0.0,0.0,0.0,2.455307365139107,False,True,595,PV+/PNN-,200.19275388,15.965379131403353,0.0,0.0,0.0,False,NONE
844,1492,3,59.58117675,8.70982837718145,12669.0,168.92,0.0,0.0,0.0,2.7602823852300697,False,True,596,PV+/PNN-,59.58117675,8.70982837718145,0.0,0.0,0.0,False,NONE
845,1494,386,134.25625161,13.074416571218995,8284.0,49.01775147928994,0.0,0.0,0.0,2.2697742444019737,False,True,597,PV+/PNN-,134.25625161,13.074416571218995,0.0,0.0,0.0,False,NONE
846,1497,2671,153.32222817,13.97196922387648,23527.0,121.90155440414507,0.0,0.0,0.0,3.6458000008678586,False,True,598,PV+/PNN-,153.32222817,13.97196922387648,0.0,0.0,0.0,False,NONE
847,1516,368,223.23080889,16.859012233282403,22230.0,79.11032028469751,0.0,0.0,0.0,2.1443438516805995,False,True,602,PV+/PNN-,223.23080889,16.859012233282403,0.0,0.0,0.0,False,NONE
848,1515,28,104.86287108,11.554893086200376,18208.0,137.93939393939394,0.0,0.0,0.0,3.9336715322525513,False,True,603,PV+/PNN-,104.86287108,11.554893086200376,0.0,0.0,0.0,False,NONE
849,1513,2630,52.43143554,8.17054325713784,11334.0,171.72727272727272,0.0,0.0,0.0,3.6893689834158523,False,True,604,PV+/PNN-,52.43143554,8.17054325713784,0.0,0.0,0.0,False,NONE
850,1532,2651,212.90340492,16.464417218744998,32759.0,122.23507462686567,0.0,0.0,0.0,2.516238544842445,False,True,609,PV+/PNN-,212.90340492,16.464417218744998,0.0,0.0,0.0,False,NONE
851,1535,141,173.97703611,14.883361255142246,11774.0,53.76255707762557,0.0,0.0,0.0,2.4974709968928233,False,True,610,PV+/PNN-,173.97703611,14.883361255142246,0.0,0.0,0.0,False,NONE
852,1553,2615,100.89079263,11.333937836259333,24927.0,196.2755905511811,0.0,0.0,0.0,2.608307341853875,False,True,613,PV+/PNN-,100.89079263,11.333937836259333,0.0,0.0,0.0,False,NONE
853,1560,217,187.48210284,15.45023065413564,7865.0,33.32627118644068,0.0,0.0,0.0,2.234686121073408,False,True,614,PV+/PNN-,187.48210284,15.45023065413564,0.0,0.0,0.0,False,NONE
854,1559,2737,133.46183592,13.035677474005707,9053.0,53.88690476190476,0.0,0.0,0.0,2.111472029231469,False,True,615,PV+/PNN-,133.46183592,13.035677474005707,0.0,0.0,0.0,False,NONE
855,1559,2591,109.62936522,11.814586030086609,13359.0,96.80434782608695,0.0,0.0,0.0,2.2372053795109816,False,True,616,PV+/PNN-,109.62936522,11.814586030086609,0.0,0.0,0.0,False,NONE
856,1575,2613,166.8272949,14.574330482319752,23925.0,113.92857142857143,0.0,0.0,0.0,2.7711575675445617,False,True,617,PV+/PNN-,166.8272949,14.574330482319752,0.0,0.0,0.0,False,NONE
857,1593,2862,124.72326333,12.60169000650996,18958.0,120.7515923566879,0.0,0.0,0.0,2.7644936642508857,False,True,619,PV+/PNN-,124.72326333,12.60169000650996,0.0,0.0,0.0,False,NONE
858,1598,515,152.52781248,13.93572540349032,3442.0,17.927083333333332,0.0,0.0,0.0,1.149273281484446,False,True,622,PV+/PNN-,152.52781248,13.93572540349032,0.0,0.0,0.0,False,NONE
859,1599,557,177.15469887,15.0186673222671,3756.0,16.84304932735426,0.0,0.0,0.0,1.087179567326276,False,True,623,PV+/PNN-,177.15469887,15.0186673222671,0.0,0.0,0.0,False,NONE
860,1603,35,147.76131834,13.716251444643651,30285.0,162.82258064516128,0.0,0.0,0.0,2.8302921834451955,False,True,624,PV+/PNN-,147.76131834,13.716251444643651,0.0,0.0,0.0,False,NONE
861,1606,543,174.7714518,14.917302830020427,3867.0,17.577272727272728,0.0,0.0,0.0,1.1899536608255732,False,True,625,PV+/PNN-,174.7714518,14.917302830020427,0.0,0.0,0.0,False,NONE
862,1620,225,222.4363932,16.828987254451757,16221.0,57.93214285714286,0.0,0.0,0.0,2.3502477335207144,False,True,627,PV+/PNN-,222.4363932,16.828987254451757,0.0,0.0,0.0,False,NONE
863,1620,603,189.07093422,15.515559616363333,4070.0,17.100840336134453,0.0,0.0,0.0,1.1190598141423485,False,True,628,PV+/PNN-,189.07093422,15.515559616363333,0.0,0.0,0.0,False,NONE
864,1622,456,134.25625161,13.074416571218995,3024.0,17.893491124260354,0.0,0.0,0.0,1.3457233736793401,False,True,629,PV+/PNN-,134.25625161,13.074416571218995,0.0,0.0,0.0,False,NONE
865,1629,470,216.08106768,16.586830928142092,4981.0,18.3125,0.0,0.0,0.0,1.2598307861972737,False,True,630,PV+/PNN-,216.08106768,16.586830928142092,0.0,0.0,0.0,False,NONE
866,1634,568,208.13691078,16.279070781961433,4624.0,17.64885496183206,0.0,0.0,0.0,1.0883829883126035,False,True,631,PV+/PNN-,208.13691078,16.279070781961433,0.0,0.0,0.0,False,NONE
867,1630,2672,119.1623535,12.317557416952052,16832.0,112.21333333333334,0.0,0.0,0.0,2.326080661710733,False,True,632,PV+/PNN-,119.1623535,12.317557416952052,0.0,0.0,0.0,False,NONE
868,1634,2502,218.46431475,16.67805158443783,12936.0,47.04,0.0,0.0,0.0,2.157295635183293,False,True,633,PV+/PNN-,218.46431475,16.67805158443783,0.0,0.0,0.0,False,NONE
869,1640,138,258.97951494,18.158825944921077,25349.0,77.75766871165644,0.0,0.0,0.0,2.544677756801786,False,True,634,PV+/PNN-,258.97951494,18.158825944921077,0.0,0.0,0.0,False,NONE
870,1641,2702,266.12925615,18.40777805551592,49443.0,147.5910447761194,0.0,0.0,0.0,2.415715248946262,False,True,635,PV+/PNN-,266.12925615,18.40777805551592,0.0,0.0,0.0,False,NONE
871,1639,2679,119.1623535,12.317557416952052,27002.0,180.01333333333332,0.0,0.0,0.0,2.2837882860432654,False,True,636,PV+/PNN-,119.1623535,12.317557416952052,0.0,0.0,0.0,False,NONE
872,1661,435,190.65976560000001,15.580614658987523,4797.0,19.9875,0.0,0.0,0.0,1.219430165078657,False,True,637,PV+/PNN-,190.65976560000001,15.580614658987523,0.0,0.0,0.0,False,NONE
873,1663,460,153.32222817,13.97196922387648,3350.0,17.357512953367877,0.0,0.0,0.0,1.1219531783286814,False,True,638,PV+/PNN-,153.32222817,13.97196922387648,0.0,0.0,0.0,False,NONE
874,1666,614,140.61157713,13.380292240810528,3703.0,20.92090395480226,0.0,0.0,0.0,1.0119107963374374,False,True,639,PV+/PNN-,140.61157713,13.380292240810528,0.0,0.0,0.0,False,NONE
875,1666,2363,68.31974934,9.326703948667076,3099.0,36.03488372093023,0.0,0.0,0.0,0.6700390912433136,False,True,641,PV+/PNN-,68.31974934,9.326703948667076,0.0,0.0,0.0,False,NONE
876,1673,601,216.87548337,16.61729345321425,5615.0,20.56776556776557,0.0,0.0,0.0,1.2540541429602654,False,True,642,PV+/PNN-,216.87548337,16.61729345321425,0.0,0.0,0.0,False,NONE
877,1670,2741,135.05066730000001,13.113041224263421,20477.0,120.45294117647059,0.0,0.0,0.0,2.8752595986868235,False,True,643,PV+/PNN-,135.05066730000001,13.113041224263421,0.0,0.0,0.0,False,NONE
878,1669,2287,68.31974934,9.326703948667076,3287.0,38.22093023255814,0.0,0.0,0.0,0.5802907359024662,False,True,645,PV+/PNN-,68.31974934,9.326703948667076,0.0,0.0,0.0,False,NONE
879,1677,460,203.37041664,16.091589626115685,4522.0,17.6640625,0.0,0.0,0.0,1.1428027682801134,False,True,646,PV+/PNN-,203.37041664,16.091589626115685,0.0,0.0,0.0,False,NONE
880,1676,524,205.75366371,16.185601660417575,6661.0,25.71814671814672,0.0,0.0,0.0,1.4230812893512839,False,True,647,PV+/PNN-,205.75366371,16.185601660417575,0.0,0.0,0.0,False,NONE
881,1677,2452,129.48975747,12.84022896403991,5182.0,31.791411042944784,0.0,0.0,0.0,0.677845591602821,False,True,649,PV+/PNN-,129.48975747,12.84022896403991,0.0,0.0,0.0,False,NONE
882,1677,2344,86.59131021,10.500070494515816,3357.0,30.798165137614678,0.0,0.0,0.0,0.5247746613784431,False,True,650,PV+/PNN-,86.59131021,10.500070494515816,0.0,0.0,0.0,False,NONE
883,1686,443,141.40599282,13.418036440588484,3346.0,18.797752808988765,0.0,0.0,0.0,1.2242217170035294,False,True,652,PV+/PNN-,141.40599282,13.418036440588484,0.0,0.0,0.0,False,NONE
884,1693,2527,116.77910643,12.193759728054031,4355.0,29.625850340136054,0.0,0.0,0.0,0.6192812151307795,False,True,653,PV+/PNN-,116.77910643,12.193759728054031,0.0,0.0,0.0,False,NONE
885,1694,373,84.20806314000001,10.354565948189398,2427.0,22.89622641509434,0.0,0.0,0.0,2.0737228540723045,False,True,654,PV+/PNN-,84.20806314000001,10.354565948189398,0.0,0.0,0.0,False,NONE
886,1700,498,199.39833819,15.933670303416713,3757.0,14.96812749003984,0.0,0.0,0.0,1.3403818662737328,False,True,655,PV+/PNN-,199.39833819,15.933670303416713,0.0,0.0,0.0,False,NONE
887,1706,2022,274.86782874,18.707554333136663,10961.0,31.679190751445088,0.0,0.0,0.0,1.525153518470608,False,True,656,PV+/PNN-,274.86782874,18.707554333136663,0.0,0.0,0.0,False,NONE
888,1739,2098,227.20288734,17.008342095551114,10340.0,36.15384615384615,0.0,0.0,0.0,2.0151725503790856,False,True,658,PV+/PNN-,227.20288734,17.008342095551114,0.0,0.0,0.0,False,NONE
889,1743,139,91.35780435,10.78519212710641,4030.0,35.04347826086956,0.0,0.0,0.0,3.878026968812597,False,True,659,PV+/PNN-,91.35780435,10.78519212710641,0.0,0.0,0.0,False,NONE
890,1762,1647,324.91601721,20.33951626341253,5877.0,14.36919315403423,0.0,0.0,0.0,1.2749755305131512,False,True,661,PV+/PNN-,324.91601721,20.33951626341253,0.0,0.0,0.0,False,NONE
891,1794,1679,173.18262042,14.84934209921784,7972.0,36.56880733944954,0.0,0.0,0.0,1.2110557573585696,False,True,663,PV+/PNN-,173.18262042,14.84934209921784,0.0,0.0,0.0,False,NONE
892,1801,113,85.79689452,10.451794052617739,1968.0,18.22222222222222,0.0,0.0,0.0,2.270278221593935,False,True,664,PV+/PNN-,85.79689452,10.451794052617739,0.0,0.0,0.0,False,NONE
893,1809,1888,443.28395502,23.757244391512817,14574.0,26.118279569892472,0.0,0.0,0.0,1.7898466870739314,False,True,665,PV+/PNN-,443.28395502,23.757244391512817,0.0,0.0,0.0,False,NONE
894,1855,1609,250.24094235,17.84983651218722,4294.0,13.631746031746031,0.0,0.0,0.0,1.1969413621443685,False,True,667,PV+/PNN-,250.24094235,17.84983651218722,0.0,0.0,0.0,False,NONE
895,1859,67,71.4974121,9.54113894836179,2422.0,26.91111111111111,0.0,0.0,0.0,4.082389040123635,False,True,668,PV+/PNN-,71.4974121,9.54113894836179,0.0,0.0,0.0,False,NONE
896,1888,2153,115.98469074,12.152213577535832,3931.0,26.924657534246574,0.0,0.0,0.0,3.241449888486065,False,True,672,PV+/PNN-,115.98469074,12.152213577535832,0.0,0.0,0.0,False,NONE
897,1932,2161,180.33236163,15.152765226941183,9832.0,43.31277533039648,0.0,0.0,0.0,2.6945087360826174,False,True,674,PV+/PNN-,180.33236163,15.152765226941183,0.0,0.0,0.0,False,NONE
898,1935,2244,247.85769528,17.76463394211696,39701.0,127.24679487179488,0.0,0.0,0.0,4.802285701792366,False,True,676,PV+/PNN-,247.85769528,17.76463394211696,0.0,0.0,0.0,False,NONE
