label,centroid_y,centroid_x,area_um2,diameter_um,wfa_sum_intensity,wfa_mean_intensity,wfa_pericellular_intensity,wfa_intensity_norm,wfa_pericellular_norm,pv_intensity_norm,is_pnn_plus,is_pv_plus,pv_label,cell_type,pv_area_um2,pv_diameter_um,pnn_area_um2,pnn_diameter_um,score,is_in_roi,roi_region
1,524,1016,296.31705237,19.42376350908454,13434.0,36.016085790884716,28.120967741935484,1.5865384540612162,1.2387519550857808,1.348158900825944,True,True,417,PV+/PNN+,97.71312987,11.154022637162193,296.31705237,19.42376350908454,0.4537019431591034,False,NONE
2,552,1048,296.31705237,19.42376350908454,10266.0,27.52278820375335,21.0,1.2124016502450832,0.9250674192840187,1.303246767632155,True,False,-1,PV-/PNN+,0.0,0.0,296.31705237,19.42376350908454,-1.025460958480835,False,NONE
3,526,1508,296.31705237,19.42376350908454,24671.0,66.14209115281501,48.96774193548387,2.9136139794658527,2.1570696504963753,1.212627596232298,True,False,-1,PV-/PNN+,0.0,0.0,296.31705237,19.42376350908454,1.3917475938796997,False,NONE
4,452,1453,296.31705237,19.42376350908454,9085.0,24.35656836461126,20.822580645161292,1.0729270399840813,0.9172519495358435,1.3328569793395646,True,False,-1,PV-/PNN+,0.0,0.0,296.31705237,19.42376350908454,0.9294706583023071,False,NONE
5,426,1574,296.31705237,19.42376350908454,12928.0,34.65951742627346,26.056451612903224,1.526780492340584,1.147808307107014,1.51210805960858,True,False,-1,PV-/PNN+,0.0,0.0,296.31705237,19.42376350908454,0.33965516090393066,False,NONE
6,496,1316,296.31705237,19.42376350908454,9123.0,24.458445040214478,18.637096774193548,1.0774147920500579,0.8209795721833207,1.3799551013171218,True,False,-1,PV-/PNN+,0.0,0.0,296.31705237,19.42376350908454,0.2784940004348755,False,NONE
7,370,1578,296.31705237,19.42376350908454,7987.0,21.412868632707774,18.43548387096774,0.9432546250250807,0.8120983565603942,1.3988340953587588,True,True,107,PV+/PNN+,133.46183592,13.035677474005706,296.31705237,19.42376350908454,-0.028933245688676834,False,NONE
8,337,1711,296.31705237,19.42376350908454,6679.0,17.906166219839143,15.741935483870968,0.7887814749646318,0.693445315838097,1.6979171062289011,True,True,32,PV+/PNN+,121.54560057,12.44012319610657,296.31705237,19.42376350908454,-1.435686707496643,False,NONE
9,424,1413,296.31705237,19.42376350908454,6609.0,17.718498659517426,13.669354838709678,0.780514563264149,0.6021464192344131,1.2261409814410487,True,False,-1,PV-/PNN+,0.0,0.0,296.31705237,19.42376350908454,-1.7190574407577515,False,NONE
10,393,1707,296.31705237,19.42376350908454,7162.0,19.201072386058982,16.653225806451612,0.8458231656979628,0.7335884104537245,1.350941068368922,True,True,157,PV+/PNN+,112.80702798,11.984588810142046,296.31705237,19.42376350908454,-0.7630367279052734,False,NONE
11,373,1948,296.31705237,19.42376350908454,13573.0,36.388739946380696,25.693548387096776,1.6029541787236035,1.1318221189857465,1.4183092681596052,True,True,116,PV+/PNN+,160.47196938,14.29402872657482,296.31705237,19.42376350908454,0.5829737186431885,False,NONE
12,462,1890,296.31705237,19.42376350908454,19934.0,53.44235924932976,43.29032258064516,2.354180254820328,1.9069746185547667,1.3803525538232615,True,False,-1,PV-/PNN+,0.0,0.0,296.31705237,19.42376350908454,1.1165682077407837,False,NONE
13,472,2291,296.31705237,19.42376350908454,19486.0,52.24128686327078,42.63709677419355,2.3012720199372385,1.8781994799364852,1.3769742075210738,True,False,-1,PV-/PNN+,0.0,0.0,296.31705237,19.42376350908454,0.6564033031463623,False,NONE
14,458,2204,296.31705237,19.42376350908454,14494.0,38.85790884718499,26.25,1.7117231169542406,1.1563342741050233,1.4856774679502884,True,False,-1,PV-/PNN+,0.0,0.0,296.31705237,19.42376350908454,1.498519778251648,False,NONE
15,570,2193,296.31705237,19.42376350908454,32184.0,86.28418230563003,63.04838709677419,3.8008898024048077,2.777333749601558,1.4725615352476775,True,False,-1,PV-/PNN+,0.0,0.0,296.31705237,19.42376350908454,0.7547633647918701,False,NONE
16,356,1988,296.31705237,19.42376350908454,8847.0,23.718498659517426,19.137096774193548,1.04481954020244,0.8430049869281783,1.291919371207173,True,False,-1,PV-/PNN+,0.0,0.0,296.31705237,19.42376350908454,-0.27558863162994385,False,NONE
17,570,2037,296.31705237,19.42376350908454,21725.0,58.24396782841823,38.395161290322584,2.5656950956141076,1.6913387032301126,1.5810660694238223,True,False,-1,PV-/PNN+,0.0,0.0,296.31705237,19.42376350908454,1.3149460554122925,False,NONE
18,449,2143,296.31705237,19.42376350908454,11663.0,31.26809651474531,29.588709677419356,1.377385588039003,1.3034072048206853,1.5780851756277743,True,True,264,PV+/PNN+,76.26390624,9.854045933561641,296.31705237,19.42376350908454,0.9504039287567139,False,NONE
19,448,1860,296.31705237,19.42376350908454,13948.0,37.394101876675606,32.28225806451613,1.6472412056904755,1.4220602455429827,1.1933511496845213,True,False,-1,PV-/PNN+,0.0,0.0,296.31705237,19.42376350908454,-0.44442665576934814,False,NONE
20,432,1979,296.31705237,19.42376350908454,6757.0,18.115281501340483,14.725806451612904,0.7979931765737411,0.6486839890985477,1.5987527059470399,True,True,215,PV+/PNN+,100.09637694,11.289227848029503,296.31705237,19.42376350908454,-0.7294644117355347,False,NONE
21,475,2000,296.31705237,19.42376350908454,10648.0,28.54691689008043,20.5,1.2575153683820033,0.9030420045391612,1.7400470718797116,True,True,301,PV+/PNN+,130.28417316,12.879555944225542,296.31705237,19.42376350908454,-0.41309767961502075,False,NONE
22,554,2166,296.31705237,19.42376350908454,12524.0,33.57640750670241,33.395161290322584,1.4790686019549406,1.4710845557815369,1.6971222012166216,True,True,494,PV+/PNN+,81.82481607,10.206987389088184,296.31705237,19.42376350908454,-0.7195277214050293,False,NONE
23,535,1794,296.31705237,19.42376350908454,10964.0,29.394101876675602,34.846774193548384,1.294834569772754,1.5350293082666069,1.3000671475830374,True,True,453,PV+/PNN+,57.99234537,8.592912627102821,296.31705237,19.42376350908454,0.297483891248703,False,NONE
24,355,2285,296.31705237,19.42376350908454,6885.0,18.458445040214478,17.10483870967742,0.8131098151117667,0.7534823334490798,1.5419169975690594,True,False,-1,PV-/PNN+,0.0,0.0,296.31705237,19.42376350908454,-1.4982980489730835,False,NONE
25,367,2016,296.31705237,19.42376350908454,8114.0,21.753351206434317,21.258064516129032,0.958253164824528,0.9364353752813646,1.4195016256780242,True,False,-1,PV-/PNN+,0.0,0.0,296.31705237,19.42376350908454,-1.3854786157608032,False,NONE
26,411,2212,296.31705237,19.42376350908454,7514.0,20.144772117962468,19.322580645161292,0.8873939216775332,0.8511757053012707,1.5552316565247402,True,False,-1,PV-/PNN+,0.0,0.0,296.31705237,19.42376350908454,-0.9335228204727173,False,NONE
27,426,2703,296.31705237,19.42376350908454,43653.0,117.03217158176943,90.1774193548387,5.155364235159615,3.972390123822541,1.2809894272883307,True,False,-1,PV-/PNN+,0.0,0.0,296.31705237,19.42376350908454,2.4702537059783936,False,NONE
28,553,2668,296.31705237,19.42376350908454,51026.0,136.79892761394103,95.71774193548387,6.026106234697606,4.21644592914056,1.3165614265878358,True,False,-1,PV-/PNN+,0.0,0.0,296.31705237,19.42376350908454,3.0017831325531006,False,NONE
29,446,2804,296.31705237,19.42376350908454,41319.0,110.77479892761394,90.98387096774194,4.879721779317806,4.007914986314247,1.2434301654581266,True,False,-1,PV-/PNN+,0.0,0.0,296.31705237,19.42376350908454,3.131647825241089,False,NONE
30,311,2623,296.31705237,19.42376350908454,31603.0,84.72654155495978,66.08064516129032,3.7322744352908006,2.910907232570372,1.3787627437987027,True,False,-1,PV-/PNN+,0.0,0.0,296.31705237,19.42376350908454,2.1199471950531006,False,NONE
31,501,2686,296.31705237,19.42376350908454,56044.0,150.2520107238606,107.37903225806451,6.618725704883639,4.730135440770625,1.3028493151260154,True,False,-1,PV-/PNN+,0.0,0.0,296.31705237,19.42376350908454,2.228855848312378,False,NONE
32,473,2465,296.31705237,19.42376350908454,13983.0,37.48793565683646,31.524193548387096,1.6513746615407168,1.388666874800779,1.6311450851974274,True,True,302,PV+/PNN+,92.15222004,10.831982768176108,296.31705237,19.42376350908454,1.2118040323257446,False,NONE
33,465,2674,296.31705237,19.42376350908454,36452.0,97.72654155495978,82.38709677419355,4.304935218657098,3.6292199521526634,1.3088111027181113,True,False,-1,PV-/PNN+,0.0,0.0,296.31705237,19.42376350908454,0.34935086965560913,False,NONE
34,567,2802,296.31705237,19.42376350908454,38235.0,102.50670241286863,72.19354838709677,4.515505269542252,3.1801856902575016,1.2044798198564337,True,False,-1,PV-/PNN+,0.0,0.0,296.31705237,19.42376350908454,1.5084460973739624,False,NONE
35,489,2645,296.31705237,19.42376350908454,28855.0,77.35924932975871,63.86290322580645,3.407739101677564,2.8132138607181814,1.22415371891035,True,False,-1,PV-/PNN+,0.0,0.0,296.31705237,19.42376350908454,0.3088700771331787,False,NONE
36,467,2624,296.31705237,19.42376350908454,35610.0,95.46916890080429,77.83064516129032,4.205496080774148,3.4285044790745256,1.1458555752008244,True,False,-1,PV-/PNN+,0.0,0.0,296.31705237,19.42376350908454,1.0407227277755737,False,NONE
37,386,2770,296.31705237,19.42376350908454,14896.0,39.93565683646113,27.129032258064516,1.7591988098627274,1.1950563742209828,1.8457694385128784,True,True,140,PV+/PNN+,136.63949868,13.18995121644368,296.31705237,19.42376350908454,1.0441412925720215,False,NONE
38,560,2701,296.31705237,19.42376350908454,28395.0,76.1260053619303,57.0,3.3534136819315346,2.510897280913765,1.4673946526678612,True,False,-1,PV-/PNN+,0.0,0.0,296.31705237,19.42376350908454,1.173102855682373,False,NONE
39,486,2821,296.31705237,19.42376350908454,19069.0,51.12332439678284,40.54838709677419,2.252024845950077,1.786190086082967,1.4922354343015938,True,False,-1,PV-/PNN+,0.0,0.0,296.31705237,19.42376350908454,0.3377857208251953,False,NONE
40,539,2420,296.31705237,19.42376350908454,22445.0,60.17426273458445,51.20161290322581,2.650726187390502,2.2554735195984006,1.5262176235765401,True,True,460,PV+/PNN+,77.05832193,9.905236127029422,296.31705237,19.42376350908454,0.7649039030075073,False,NONE
41,341,2690,296.31705237,19.42376350908454,12822.0,34.375335120643435,28.088709677419356,1.5142620260512816,1.2373309605861127,1.4838889316726596,True,False,-1,PV-/PNN+,0.0,0.0,296.31705237,19.42376350908454,-0.24119913578033447,False,NONE
42,523,2814,296.31705237,19.42376350908454,36686.0,98.3538873994638,71.36290322580645,4.3325703234844255,3.143595081891045,1.4314252008622161,True,True,416,PV+/PNN+,58.78676106,8.651568001725998,296.31705237,19.42376350908454,1.4427520036697388,False,NONE
43,429,2526,296.31705237,19.42376350908454,14106.0,37.81769436997319,38.91935483870968,1.6659008063858505,1.7144298638497215,1.8368267571247345,True,False,-1,PV-/PNN+,0.0,0.0,296.31705237,19.42376350908454,0.4299018383026123,False,NONE
44,522,2393,296.31705237,19.42376350908454,13447.0,36.05093833780161,33.20967741935484,1.5880737376627347,1.4629138374084443,1.700898000024949,True,True,404,PV+/PNN+,82.61923176,10.25641618853639,296.31705237,19.42376350908454,0.1390329748392105,False,NONE
45,574,2843,296.31705237,19.42376350908454,20628.0,55.3029490616622,50.08064516129032,2.4361407793936856,2.2060939607349295,1.2591295394506459,True,False,-1,PV-/PNN+,0.0,0.0,296.31705237,19.42376350908454,0.4803076386451721,False,NONE
46,532,2757,296.31705237,19.42376350908454,31166.0,83.55495978552278,71.69354838709677,3.6806652865320726,3.1581602755126443,1.3573003084671575,True,False,-1,PV-/PNN+,0.0,0.0,296.31705237,19.42376350908454,0.967056155204773,False,NONE
47,746,45,296.31705237,19.42376350908454,9168.0,24.579088471849865,25.080645161290324,1.0827292352860824,1.10482322349205,1.5403271875445004,True,False,-1,PV-/PNN+,0.0,0.0,296.31705237,19.42376350908454,0.29674193263053894,False,NONE
48,848,346,296.31705237,19.42376350908454,47219.0,126.59249329758713,92.56451612903226,5.576504336929922,4.07754371679799,1.29629134877471,True,False,-1,PV-/PNN+,0.0,0.0,296.31705237,19.42376350908454,1.79088294506073,False,NONE
49,964,25,296.31705237,19.42376350908454,21293.0,57.0857908847185,49.13709677419355,2.5146764405482713,2.1645298716196337,1.0580185713439454,True,False,-1,PV-/PNN+,0.0,0.0,296.31705237,19.42376350908454,2.6685574054718018,False,NONE
50,871,161,296.31705237,19.42376350908454,68796.0,184.4396782841823,135.63709677419354,8.124720819234437,5.9749266224799955,1.3384213144255206,True,False,-1,PV-/PNN+,0.0,0.0,296.31705237,19.42376350908454,1.6569823026657104,False,NONE
51,724,425,296.31705237,19.42376350908454,13486.0,36.15549597855228,27.161290322580644,1.5926795884672893,1.196477368720651,1.46918318894549,True,False,-1,PV-/PNN+,0.0,0.0,296.31705237,19.42376350908454,1.6003307104110718,False,NONE
52,782,142,296.31705237,19.42376350908454,15380.0,41.23324396782842,30.008064516129032,1.8163585993346367,1.3218801333163723,1.4218863407148628,True,True,1090,PV+/PNN+,100.09637694,11.289227848029503,296.31705237,19.42376350908454,0.9958028793334961,False,NONE
53,1073,133,296.31705237,19.42376350908454,74696.0,200.2573726541555,179.1451612903226,8.821503376846554,7.891492953907524,0.998003242916847,True,False,-1,PV-/PNN+,0.0,0.0,296.31705237,19.42376350908454,1.5668154954910278,False,NONE
54,929,158,296.31705237,19.42376350908454,44499.0,119.30026809651474,82.38709677419355,5.255275767996879,3.6292199521526634,0.9224872667502995,True,False,-1,PV-/PNN+,0.0,0.0,296.31705237,19.42376350908454,1.6995388269424438,False,NONE
55,771,342,296.31705237,19.42376350908454,16736.0,44.8686327077748,31.70967741935484,1.9765004888468451,1.3968375931738717,1.536551388736173,True,True,1061,PV+/PNN+,140.61157713,13.380292240810528,296.31705237,19.42376350908454,1.2282586097717285,False,NONE
56,900,405,296.31705237,19.42376350908454,69685.0,186.8230563002681,136.49193548387098,8.229710597830568,6.0125829767212045,0.9675981261971581,True,False,-1,PV-/PNN+,0.0,0.0,296.31705237,19.42376350908454,1.777969479560852,False,NONE
57,792,399,296.31705237,19.42376350908454,31273.0,83.84182305630027,55.91129032258065,3.6933018515599536,2.4629387165499623,1.211435238713879,True,False,-1,PV-/PNN+,0.0,0.0,296.31705237,19.42376350908454,1.7856258153915405,False,NONE
58,837,67,296.31705237,19.42376350908454,16351.0,43.83646112600536,32.096774193548384,1.9310324744941898,1.4138895271698901,1.3898914139706149,True,False,-1,PV-/PNN+,0.0,0.0,296.31705237,19.42376350908454,1.3219562768936157,False,NONE
59,819,268,296.31705237,19.42376350908454,28357.0,76.02412868632707,56.45161290322581,3.3489259298655583,2.486740374419405,1.3360365993886822,True,False,-1,PV-/PNN+,0.0,0.0,296.31705237,19.42376350908454,1.8589283227920532,False,NONE
60,1134,319,296.31705237,19.42376350908454,54606.0,146.39678284182307,87.29838709677419,6.448899718808009,3.8455663647271514,1.0276134546242564,True,False,-1,PV-/PNN+,0.0,0.0,296.31705237,19.42376350908454,1.6939423084259033,False,NONE
61,1114,262,296.31705237,19.42376350908454,61336.0,164.4396782841823,128.70967741935485,7.243704229440134,5.669768053676244,1.0220491195383004,True,False,-1,PV-/PNN+,0.0,0.0,296.31705237,19.42376350908454,1.977564811706543,False,NONE
62,688,360,296.31705237,19.42376350908454,9732.0,26.091152815013405,18.64516129032258,1.1493369238442577,0.8213348208082378,1.4681895576801407,True,False,-1,PV-/PNN+,0.0,0.0,296.31705237,19.42376350908454,-0.6537221074104309,False,NONE
63,761,480,296.31705237,19.42376350908454,13374.0,35.85522788203753,26.39516129032258,1.5794525297465167,1.1627287493535303,1.3115932702610893,True,False,-1,PV-/PNN+,0.0,0.0,296.31705237,19.42376350908454,0.7358167767524719,False,NONE
64,1082,321,296.31705237,19.42376350908454,63088.0,169.1367292225201,130.6209677419355,7.450613219429359,5.753961977781587,1.0393383035553783,True,False,-1,PV-/PNN+,0.0,0.0,296.31705237,19.42376350908454,1.390992283821106,False,NONE
65,967,330,296.31705237,19.42376350908454,52484.0,140.7077747989276,126.75,6.198294195544802,5.583442637821399,0.9103649653130379,True,False,-1,PV-/PNN+,0.0,0.0,296.31705237,19.42376350908454,1.119858980178833,False,NONE
66,896,270,296.31705237,19.42376350908454,36035.0,96.60857908847186,64.84677419354838,4.255688044669937,2.8565541929580625,1.6122660911557904,True,True,1405,PV+/PNN+,125.51767902,12.64175907426016,296.31705237,19.42376350908454,1.2848968505859375,False,NONE
67,1018,245,296.31705237,19.42376350908454,69239.0,185.62734584450402,143.8548387096774,8.177038560424636,6.336924971270478,0.9832975001896773,True,False,-1,PV-/PNN+,0.0,0.0,296.31705237,19.42376350908454,1.1311229467391968,False,NONE
68,1030,45,296.31705237,19.42376350908454,40288.0,108.0107238605898,85.55645161290323,4.757961979843552,3.7688326617450674,1.0798784591816302,True,False,-1,PV-/PNN+,0.0,0.0,296.31705237,19.42376350908454,2.076787233352661,False,NONE
69,945,57,296.31705237,19.42376350908454,12988.0,34.820375335120644,31.629032258064516,1.5338664166552836,1.393285106924701,1.1269765811591874,True,False,-1,PV-/PNN+,0.0,0.0,296.31705237,19.42376350908454,0.07718534767627716,False,NONE
70,1119,386,296.31705237,19.42376350908454,37465.0,100.44235924932975,66.81451612903226,4.4245692408369415,2.943234857437824,1.0131064381501567,True,False,-1,PV-/PNN+,0.0,0.0,296.31705237,19.42376350908454,0.8243453502655029,False,NONE
71,994,265,296.31705237,19.42376350908454,66364.0,177.91957104557642,141.79032258064515,7.837504687011952,6.245981323291711,1.0892185930759137,True,False,-1,PV-/PNN+,0.0,0.0,296.31705237,19.42376350908454,0.9197748899459839,False,NONE
72,1140,499,296.31705237,19.42376350908454,16041.0,43.0053619302949,31.830645161290324,1.8944218655349092,1.4021663225476275,0.9250707080402076,True,False,-1,PV-/PNN+,0.0,0.0,296.31705237,19.42376350908454,1.184658169746399,False,NONE
73,974,288,296.31705237,19.42376350908454,67784.0,181.7265415549598,143.61290322580646,8.005204895793174,6.326267512522967,0.8575037819964545,True,False,-1,PV-/PNN+,0.0,0.0,296.31705237,19.42376350908454,0.9737639427185059,False,NONE
74,942,493,296.31705237,19.42376350908454,35845.0,96.09919571045576,73.5725806451613,4.233249284340054,3.2409332051183193,1.1057128720807123,True,False,-1,PV-/PNN+,0.0,0.0,296.31705237,19.42376350908454,0.8422963619232178,False,NONE
75,1140,70,296.31705237,19.42376350908454,73574.0,197.24932975871315,200.50806451612902,8.688996592161674,8.83254656131281,1.0101255443541086,True,False,-1,PV-/PNN+,0.0,0.0,296.31705237,19.42376350908454,1.3992611169815063,False,NONE
76,1066,227,296.31705237,19.42376350908454,65561.0,175.76675603217157,157.4758064516129,7.742671399933556,6.936939898755389,0.8920821500306105,True,False,-1,PV-/PNN+,0.0,0.0,296.31705237,19.42376350908454,0.633741021156311,False,NONE
77,883,203,296.31705237,19.42376350908454,27195.0,72.9088471849866,55.395161290322584,3.211695195637545,2.4402028045552706,1.4656061163902323,True,True,1378,PV+/PNN+,135.05066730000001,13.113041224263421,296.31705237,19.42376350908454,-0.3556232154369354,False,NONE
78,935,456,296.31705237,19.42376350908454,49537.0,132.80697050938338,87.64516129032258,5.850257212954479,3.8608420555985847,1.0011828629659647,True,False,-1,PV-/PNN+,0.0,0.0,296.31705237,19.42376350908454,0.8615792989730835,False,NONE
79,1093,97,296.31705237,19.42376350908454,37757.0,101.22520107238606,76.6774193548387,4.459054072501812,3.377703925711386,1.0677561577443686,True,False,-1,PV-/PNN+,0.0,0.0,296.31705237,19.42376350908454,0.8462738990783691,False,NONE
80,1113,52,296.31705237,19.42376350908454,65729.0,176.2171581769437,155.1209677419355,7.762511988014716,6.833207300279608,0.9622325173642718,True,False,-1,PV-/PNN+,0.0,0.0,296.31705237,19.42376350908454,1.3162453174591064,False,NONE
81,1062,382,296.31705237,19.42376350908454,31490.0,84.42359249329759,93.76612903225806,3.7189292778314504,4.130475761910632,0.9528923834699884,True,False,-1,PV-/PNN+,0.0,0.0,296.31705237,19.42376350908454,1.2242023944854736,False,NONE
82,923,317,296.31705237,19.42376350908454,33477.0,89.75067024128687,74.7741935483871,3.953591471386582,3.293865250230961,1.095975285680289,True,False,-1,PV-/PNN+,0.0,0.0,296.31705237,19.42376350908454,1.1211284399032593,False,NONE
83,812,427,296.31705237,19.42376350908454,14870.0,39.865951742627345,33.04838709677419,1.7561282426596907,1.455808864910103,1.4101614917837408,True,False,-1,PV-/PNN+,0.0,0.0,296.31705237,19.42376350908454,0.21132314205169678,False,NONE
84,1139,19,296.31705237,19.42376350908454,30970.0,83.02949061662198,81.63709677419355,3.657517933770721,3.596181830035377,1.1359192625473313,True,False,-1,PV-/PNN+,0.0,0.0,296.31705237,19.42376350908454,-0.6739528179168701,False,NONE
85,915,522,296.31705237,19.42376350908454,32051.0,85.92761394101876,77.95161290322581,3.7851826701738904,3.4338332084482817,1.1875880883454952,True,False,-1,PV-/PNN+,0.0,0.0,296.31705237,19.42376350908454,0.10703548789024353,False,NONE
86,1059,286,296.31705237,19.42376350908454,32508.0,87.15281501340482,102.83870967741936,3.8391537937041846,4.530130464942323,1.149432647756082,True,False,-1,PV-/PNN+,0.0,0.0,296.31705237,19.42376350908454,0.7569727301597595,False,NONE
87,697,111,296.31705237,19.42376350908454,7685.0,20.603217158176943,16.70967741935484,0.9075888059744266,0.736075150828144,1.7438228706880392,True,True,872,PV+/PNN+,97.71312987,11.154022637162193,296.31705237,19.42376350908454,-1.1467851400375366,False,NONE
88,1062,51,296.31705237,19.42376350908454,14918.0,39.9946380697051,47.096774193548384,1.7617969821114505,2.074651969515618,1.2396543666497992,True,False,-1,PV-/PNN+,0.0,0.0,296.31705237,19.42376350908454,-0.02645402029156685,False,NONE
89,993,960,296.31705237,19.42376350908454,43882.0,117.6461126005362,113.7258064516129,5.182408846294052,5.00971610858035,0.980714058899769,True,False,-1,PV-/PNN+,0.0,0.0,296.31705237,19.42376350908454,2.6695187091827393,False,NONE
90,1099,807,296.31705237,19.42376350908454,34807.0,93.31635388739946,65.50806451612904,4.110662793695753,2.8856845802012616,1.2193842888366733,True,False,-1,PV-/PNN+,0.0,0.0,296.31705237,19.42376350908454,1.936806559562683,False,NONE
91,962,1125,296.31705237,19.42376350908454,41689.0,111.76675603217159,100.13709677419355,4.923418312591786,4.411122175595108,1.0812695429531192,True,False,-1,PV-/PNN+,0.0,0.0,296.31705237,19.42376350908454,2.560065507888794,False,NONE
92,661,700,296.31705237,19.42376350908454,10180.0,27.292225201072387,21.120967741935484,1.2022451587273473,0.9303961486577745,1.4681895576801407,True,True,747,PV+/PNN+,135.05066730000001,13.113041224263421,296.31705237,19.42376350908454,0.47624385356903076,False,NONE
93,1000,1082,296.31705237,19.42376350908454,40477.0,108.51742627345844,75.51612903225806,4.780282641434855,3.32654812372333,1.0421204710983563,True,False,-1,PV-/PNN+,0.0,0.0,296.31705237,19.42376350908454,2.3485565185546875,False,NONE
94,1068,996,296.31705237,19.42376350908454,41128.0,110.2627345844504,86.7741935483871,4.857164920249345,3.822475204107543,0.9411675345388665,True,False,-1,PV-/PNN+,0.0,0.0,296.31705237,19.42376350908454,1.7598880529403687,False,NONE
95,726,734,296.31705237,19.42376350908454,20332.0,54.50938337801609,37.13709677419355,2.4011835527745014,1.6359199177430517,1.2609180757282745,True,False,-1,PV-/PNN+,0.0,0.0,296.31705237,19.42376350908454,1.4692145586013794,False,NONE
96,1084,947,296.31705237,19.42376350908454,38307.0,102.69973190348526,88.37903225806451,4.524008378719891,3.893169680466037,1.1106810284074589,True,False,-1,PV-/PNN+,0.0,0.0,296.31705237,19.42376350908454,2.5900866985321045,False,NONE
97,850,982,296.31705237,19.42376350908454,58277.0,156.23860589812332,120.13709677419355,6.8824401881290385,5.292138765389411,1.1484390164907325,True,False,-1,PV-/PNN+,0.0,0.0,296.31705237,19.42376350908454,2.2408714294433594,False,NONE
98,1039,1109,296.31705237,19.42376350908454,41627.0,111.60053619302948,69.50806451612904,4.916096190799929,3.0618878981601223,1.2863550361212168,True,True,1677,PV+/PNN+,119.1623535,12.317557416952052,296.31705237,19.42376350908454,1.7997015714645386,False,NONE
99,702,1010,296.31705237,19.42376350908454,49776.0,133.44772117962466,83.89516129032258,5.878482811474699,3.6956514450121527,1.2867524886273567,True,False,-1,PV-/PNN+,0.0,0.0,296.31705237,19.42376350908454,2.2162530422210693,False,NONE
100,1120,1082,296.31705237,19.42376350908454,36563.0,98.02412868632707,79.54032258064517,4.318044178639292,3.503817187556942,1.2201791938489528,True,False,-1,PV-/PNN+,0.0,0.0,296.31705237,19.42376350908454,2.0639026165008545,False,NONE
101,871,1108,296.31705237,19.42376350908454,59098.0,158.4396782841823,131.16129032258064,6.9793992525018425,5.777763635651029,1.3111958177549494,True,False,-1,PV-/PNN+,0.0,0.0,296.31705237,19.42376350908454,2.6715691089630127,False,NONE
102,958,763,296.31705237,19.42376350908454,44607.0,119.58981233243968,117.29032258064517,5.2680304317633375,5.16673600079369,1.1130657434442972,True,False,-1,PV-/PNN+,0.0,0.0,296.31705237,19.42376350908454,1.6235219240188599,False,NONE
103,828,701,296.31705237,19.42376350908454,48948.0,131.2278820375335,71.62903225806451,5.780697055931846,3.155318286513308,1.2394556403967294,True,True,1234,PV+/PNN+,42.104031570000004,7.321783798208038,296.31705237,19.42376350908454,1.6621876955032349,False,NONE
104,1032,814,296.31705237,19.42376350908454,20708.0,55.51742627345845,37.096774193548384,2.4455886784799516,1.634143674618466,1.1540033515766888,True,False,-1,PV-/PNN+,0.0,0.0,296.31705237,19.42376350908454,1.1625268459320068,False,NONE
105,983,694,296.31705237,19.42376350908454,29784.0,79.84986595174263,52.435483870967744,3.517452829816828,2.3098265592107103,1.071531956552696,True,False,-1,PV-/PNN+,0.0,0.0,296.31705237,19.42376350908454,1.352615475654602,False,NONE
106,743,1143,296.31705237,19.42376350908454,57775.0,154.89276139410188,127.68548387096774,6.823154621362719,5.624651478311778,1.3255041079759797,True,False,-1,PV-/PNN+,0.0,0.0,296.31705237,19.42376350908454,1.1091827154159546,False,NONE
107,943,701,296.31705237,19.42376350908454,54034.0,144.8632707774799,96.84677419354838,6.381347240341206,4.2661807366289475,1.1379065250780298,True,False,-1,PV-/PNN+,0.0,0.0,296.31705237,19.42376350908454,1.7937744855880737,False,NONE
108,860,914,296.31705237,19.42376350908454,30132.0,80.7828418230563,70.71774193548387,3.5585511908420853,3.1151751918976807,1.1561893403604573,True,False,-1,PV-/PNN+,0.0,0.0,296.31705237,19.42376350908454,0.7696743011474609,False,NONE
109,811,944,296.31705237,19.42376350908454,38647.0,103.6112600536193,81.88709677419355,4.564161949836521,3.6071945374078056,1.1303549274613751,True,False,-1,PV-/PNN+,0.0,0.0,296.31705237,19.42376350908454,1.1443465948104858,False,NONE
110,1149,910,296.31705237,19.42376350908454,26783.0,71.80428954423593,52.88709677419355,3.163038515343275,2.3297204822060658,1.0164847844523441,True,False,-1,PV-/PNN+,0.0,0.0,296.31705237,19.42376350908454,1.7076150178909302,False,NONE
111,892,886,296.31705237,19.42376350908454,60434.0,162.0214477211796,95.41935483870968,7.1371791672424845,4.203301730018629,1.3247092029637002,True,False,-1,PV-/PNN+,0.0,0.0,296.31705237,19.42376350908454,0.8722631931304932,False,NONE
112,881,1022,296.31705237,19.42376350908454,46341.0,124.23860589812332,93.36290322580645,5.472813644458153,4.1127133306647785,1.4113538493021602,True,True,1367,PV+/PNN+,69.11416503,9.380772250595795,296.31705237,19.42376350908454,0.8168610334396362,False,NONE
113,790,1112,296.31705237,19.42376350908454,48320.0,129.54423592493296,97.95967741935483,5.706531048104657,4.315205046867502,1.1941460546968008,True,False,-1,PV-/PNN+,0.0,0.0,296.31705237,19.42376350908454,0.14711157977581024,False,NONE
114,681,1065,296.31705237,19.42376350908454,19955.0,53.498659517426276,40.42741935483871,2.356660328330473,1.7808613567092113,1.257142276919947,True,False,-1,PV-/PNN+,0.0,0.0,296.31705237,19.42376350908454,0.6900800466537476,False,NONE
115,875,830,296.31705237,19.42376350908454,69734.0,186.9544235924933,159.5483870967742,8.235497436020907,7.028238795359074,1.145259396441615,True,False,-1,PV-/PNN+,0.0,0.0,296.31705237,19.42376350908454,1.378306269645691,False,NONE
116,830,878,296.31705237,19.42376350908454,28966.0,77.656836461126,55.88709677419355,3.420848061659758,2.4618729706752114,1.2044798198564337,True,False,-1,PV-/PNN+,0.0,0.0,296.31705237,19.42376350908454,0.6204389333724976,False,NONE
117,762,1018,296.31705237,19.42376350908454,57587.0,154.3887399463807,112.95161290322581,6.800952058509994,4.975612240588313,1.2652900532958113,True,True,1051,PV+/PNN+,58.78676106,8.651568001725998,296.31705237,19.42376350908454,2.1137382984161377,False,NONE
118,912,863,296.31705237,19.42376350908454,37896.0,101.59785522788204,65.56451612903226,4.475469797164199,2.8881713205756805,1.2340900315638432,True,False,-1,PV-/PNN+,0.0,0.0,296.31705237,19.42376350908454,0.4033939242362976,False,NONE
119,774,669,296.31705237,19.42376350908454,11297.0,30.28686327077748,22.975806451612904,1.3341614497193361,1.0121033323886979,1.1142581009627162,True,False,-1,PV-/PNN+,0.0,0.0,296.31705237,19.42376350908454,0.7774481773376465,False,NONE
120,1067,706,296.31705237,19.42376350908454,18184.0,48.75067024128686,38.983870967741936,2.1475074623082593,1.7172718528490578,1.100347263247826,True,False,-1,PV-/PNN+,0.0,0.0,296.31705237,19.42376350908454,0.6061474680900574,False,NONE
121,667,1005,296.31705237,19.42376350908454,19167.0,51.38605898123324,45.12903225806452,2.2635985223307524,1.987971305035856,1.3827372688601,True,False,-1,PV-/PNN+,0.0,0.0,296.31705237,19.42376350908454,1.9076658487319946,False,NONE
122,794,825,296.31705237,19.42376350908454,28612.0,76.70777479892762,61.87903225806452,3.3790411082030314,2.725822698988585,1.218589383824394,True,True,1134,PV+/PNN+,89.76897297000001,10.690996505268624,296.31705237,19.42376350908454,2.2960283756256104,False,NONE
123,866,678,296.31705237,19.42376350908454,33195.0,88.99463806970509,68.62903225806451,3.920287627107494,3.0231657980441624,1.3253053817229097,True,False,-1,PV-/PNN+,0.0,0.0,296.31705237,19.42376350908454,0.6974407434463501,False,NONE
124,1107,1151,296.31705237,19.42376350908454,16879.0,45.25201072386059,43.82258064516129,1.9933886084635457,1.9304210277992924,1.1903702558884737,True,False,-1,PV-/PNN+,0.0,0.0,296.31705237,19.42376350908454,1.0799834728240967,False,NONE
125,833,1063,296.31705237,19.42376350908454,55300.0,148.2573726541555,124.65322580645162,6.530860243381365,5.491077995342963,1.3251066554698399,True,True,1244,PV+/PNN+,97.71312987,11.154022637162193,296.31705237,19.42376350908454,1.8992962837219238,False,NONE
126,805,1071,296.31705237,19.42376350908454,50747.0,136.0509383378016,139.54032258064515,5.993156686634252,6.146866956939852,1.18083139574112,True,False,-1,PV-/PNN+,0.0,0.0,296.31705237,19.42376350908454,1.0939851999282837,False,NONE
127,852,808,296.31705237,19.42376350908454,82069.0,220.0241286863271,177.44354838709677,9.692245376384545,7.816535494050024,1.110482302154389,True,False,-1,PV-/PNN+,0.0,0.0,296.31705237,19.42376350908454,1.3387385606765747,False,NONE
128,1019,895,296.31705237,19.42376350908454,14913.0,39.98123324396783,28.637096774193548,1.7612064884185588,1.2614878670804726,1.016683510705414,True,False,-1,PV-/PNN+,0.0,0.0,296.31705237,19.42376350908454,0.595536470413208,False,NONE
129,773,1068,296.31705237,19.42376350908454,46463.0,124.5656836461126,105.62903225806451,5.487221690564708,4.653046489163624,1.0419217448452864,True,False,-1,PV-/PNN+,0.0,0.0,296.31705237,19.42376350908454,0.19472576677799225,False,NONE
130,796,1044,296.31705237,19.42376350908454,46003.0,123.33243967828419,111.65322580645162,5.432896270818679,4.918417211976666,1.175465786908234,True,False,-1,PV-/PNN+,0.0,0.0,296.31705237,19.42376350908454,-0.3041602671146393,False,NONE
131,903,1055,296.31705237,19.42376350908454,37167.0,99.64343163538874,76.50806451612904,4.389375816740601,3.370243704588128,1.3324595268334247,True,True,1441,PV+/PNN+,79.441569,10.057243516322304,296.31705237,19.42376350908454,0.9656972885131836,False,NONE
132,1088,1081,296.31705237,19.42376350908454,21508.0,57.66219839142091,42.733870967741936,2.540067669342611,1.8824624634354896,1.1559906141073872,True,False,-1,PV-/PNN+,0.0,0.0,296.31705237,19.42376350908454,0.6078674793243408,False,NONE
133,706,1048,296.31705237,19.42376350908454,18090.0,48.498659517426276,40.475806451612904,2.136406180881897,1.7829928484587134,1.306028935175133,True,False,-1,PV-/PNN+,0.0,0.0,296.31705237,19.42376350908454,0.39890778064727783,False,NONE
134,1049,1022,296.31705237,19.42376350908454,23015.0,61.702412868632706,51.71774193548387,2.7180424683801467,2.2782094315930923,1.0538453200294784,True,False,-1,PV-/PNN+,0.0,0.0,296.31705237,19.42376350908454,-0.23483145236968994,False,NONE
135,961,806,296.31705237,19.42376350908454,15257.0,40.90348525469169,28.56451612903226,1.8018324544895026,1.258290629456219,1.2134225012445774,True,True,1538,PV+/PNN+,69.90858072,9.434530697868029,296.31705237,19.42376350908454,-0.44990307092666626,False,NONE
136,1065,1690,296.31705237,19.42376350908454,38840.0,104.12868632707774,78.86290322580645,4.586955006382138,3.473976303063909,1.2231600876450008,True,False,-1,PV-/PNN+,0.0,0.0,296.31705237,19.42376350908454,2.6106464862823486,False,NONE
137,948,1363,296.31705237,19.42376350908454,41720.0,111.84986595174263,79.48387096774194,4.927079373487714,3.5013304471825224,1.1701001780753475,True,False,-1,PV-/PNN+,0.0,0.0,296.31705237,19.42376350908454,2.185624837875366,False,NONE
138,992,1590,296.31705237,19.42376350908454,65373.0,175.2627345844504,123.09677419354838,7.7204688370808325,5.422515010733972,0.9622325173642718,True,False,-1,PV-/PNN+,0.0,0.0,296.31705237,19.42376350908454,3.1225249767303467,False,NONE
139,723,1252,296.31705237,19.42376350908454,40980.0,109.86595174262735,97.89516129032258,4.839686306939753,4.312363057868166,1.6577744031087889,True,True,951,PV+/PNN+,125.51767902,12.64175907426016,296.31705237,19.42376350908454,0.8938854932785034,False,NONE
140,954,1263,296.31705237,19.42376350908454,25331.0,67.91152815013405,54.653225806451616,2.991559146927547,2.407519931062901,1.1142581009627162,True,False,-1,PV-/PNN+,0.0,0.0,296.31705237,19.42376350908454,1.755094289779663,False,NONE
141,934,1608,296.31705237,19.42376350908454,41253.0,110.59785522788204,86.5241935483871,4.871927262571636,3.811462496735114,1.1228033298447204,True,False,-1,PV-/PNN+,0.0,0.0,296.31705237,19.42376350908454,2.4479117393493652,False,NONE
142,1050,1237,296.31705237,19.42376350908454,27009.0,72.41018766756032,48.58064516129032,3.1897288302619766,2.1400177165003567,0.9987981479291265,True,False,-1,PV-/PNN+,0.0,0.0,296.31705237,19.42376350908454,0.9706176519393921,False,NONE
143,893,1267,296.31705237,19.42376350908454,21360.0,57.265415549597854,45.08064516129032,2.522589056033019,1.9858398132863535,1.5516545839694826,True,True,1409,PV+/PNN+,90.56338866,10.738197602350779,296.31705237,19.42376350908454,1.7499860525131226,False,NONE
144,1015,1383,296.31705237,19.42376350908454,28774.0,77.14209115281501,57.20161290322581,3.3981731038527196,2.5197784965366914,1.1547982565889683,True,False,-1,PV-/PNN+,0.0,0.0,296.31705237,19.42376350908454,1.5295915603637695,False,NONE
145,1123,1375,296.31705237,19.42376350908454,23124.0,61.9946380697051,48.564516129032256,2.7309152308851843,2.1393072192505223,1.2289231489840267,True,False,-1,PV-/PNN+,0.0,0.0,296.31705237,19.42376350908454,0.9413858652114868,False,NONE
146,654,1536,296.31705237,19.42376350908454,51776.0,138.80965147453082,105.05645161290323,6.114680288631348,4.627823836794513,1.2430327129519867,True,False,-1,PV-/PNN+,0.0,0.0,296.31705237,19.42376350908454,1.632167935371399,False,NONE
147,862,1567,296.31705237,19.42376350908454,34263.0,91.85790884718499,79.0,4.046417079909145,3.480015529687499,1.2527702993524101,True,False,-1,PV-/PNN+,0.0,0.0,296.31705237,19.42376350908454,1.8140281438827515,False,NONE
148,725,1481,296.31705237,19.42376350908454,57238.0,153.45308310991956,114.28225806451613,6.7597355987461585,5.034228263699627,1.3088111027181113,True,False,-1,PV-/PNN+,0.0,0.0,296.31705237,19.42376350908454,2.2978227138519287,False,NONE
149,762,1714,296.31705237,19.42376350908454,19084.0,51.16353887399464,50.596774193548384,2.253796327028752,2.228829872729621,1.1883829933577748,True,False,-1,PV-/PNN+,0.0,0.0,296.31705237,19.42376350908454,1.5753939151763916,False,NONE
150,1036,1492,296.31705237,19.42376350908454,53571.0,143.62198391420912,109.9274193548387,6.326667524379442,4.842394006244415,1.0544414987886879,True,False,-1,PV-/PNN+,0.0,0.0,296.31705237,19.42376350908454,1.9953597784042358,False,NONE
151,676,1442,296.31705237,19.42376350908454,42096.0,112.85790884718499,78.74193548387096,4.9714844991931635,3.468647573690153,1.3040416726444346,True,False,-1,PV-/PNN+,0.0,0.0,296.31705237,19.42376350908454,1.1705750226974487,False,NONE
152,903,1678,296.31705237,19.42376350908454,22473.0,60.24932975871314,45.28225806451613,2.6540329520706947,1.9947210289092798,1.218589383824394,True,False,-1,PV-/PNN+,0.0,0.0,296.31705237,19.42376350908454,0.6326664686203003,False,NONE
153,1107,1533,296.31705237,19.42376350908454,28977.0,77.68632707774799,60.395161290322584,3.42214714778412,2.6604569520038464,1.096174011933359,True,False,-1,PV-/PNN+,0.0,0.0,296.31705237,19.42376350908454,1.4217760562896729,False,NONE
154,819,1690,296.31705237,19.42376350908454,20263.0,54.32439678284182,58.38709677419355,2.393034739812597,2.5720000443994993,1.2350836628291924,True,False,-1,PV-/PNN+,0.0,0.0,296.31705237,19.42376350908454,0.5607950091362,False,NONE
155,646,1479,296.31705237,19.42376350908454,58202.0,156.03753351206436,110.96774193548387,6.873582782735665,4.888221078858717,1.3310684430619357,True,False,-1,PV-/PNN+,0.0,0.0,296.31705237,19.42376350908454,1.81810462474823,False,NONE
156,784,1308,296.31705237,19.42376350908454,25622.0,68.6916890080429,52.63709677419355,3.02592587985384,2.318707774833637,1.3777691125333533,True,False,-1,PV-/PNN+,0.0,0.0,296.31705237,19.42376350908454,1.4863450527191162,False,NONE
157,865,1487,296.31705237,19.42376350908454,66954.0,179.50134048257374,127.11290322580645,7.907182942773164,5.599428825942666,1.1226046035916506,True,False,-1,PV-/PNN+,0.0,0.0,296.31705237,19.42376350908454,1.8652307987213135,False,NONE
158,886,1516,296.31705237,19.42376350908454,38233.0,102.50134048257372,68.66935483870968,4.515269072065094,3.0249420411687478,1.3529283308996205,True,False,-1,PV-/PNN+,0.0,0.0,296.31705237,19.42376350908454,0.4253635108470917,False,NONE
159,1112,1639,296.31705237,19.42376350908454,35406.0,94.92225201072387,65.64516129032258,4.181403938104171,2.8917238068248508,1.1941460546968008,True,True,1834,PV+/PNN+,60.37559244,8.767701627645716,296.31705237,19.42376350908454,1.9068979024887085,False,NONE
160,804,1659,296.31705237,19.42376350908454,21366.0,57.28150134048257,52.556451612903224,2.523297648464489,2.315155288584466,1.404199704191645,True,False,-1,PV-/PNN+,0.0,0.0,296.31705237,19.42376350908454,-0.18233568966388702,False,NONE
161,647,1663,296.31705237,19.42376350908454,25078.0,67.23324396782841,52.516129032258064,2.961680166067231,2.313379045459881,1.219980467595883,True,False,-1,PV-/PNN+,0.0,0.0,296.31705237,19.42376350908454,0.35123178362846375,False,NONE
162,646,1716,296.31705237,19.42376350908454,22400.0,60.05361930294906,41.46774193548387,2.645411744154477,1.8266884293235117,1.0677561577443686,True,False,-1,PV-/PNN+,0.0,0.0,296.31705237,19.42376350908454,0.6106641292572021,False,NONE
163,1038,1585,296.31705237,19.42376350908454,38471.0,103.13941018766756,70.49193548387096,4.5433765718467365,3.1052282304000025,1.0788848279162808,True,False,-1,PV-/PNN+,0.0,0.0,296.31705237,19.42376350908454,1.4349167346954346,False,NONE
164,676,1331,296.31705237,19.42376350908454,35699.0,95.70777479892762,64.91129032258064,4.21600686850762,2.8593961819573988,1.262905338258973,True,False,-1,PV-/PNN+,0.0,0.0,296.31705237,19.42376350908454,0.9531618356704712,False,NONE
165,1079,1513,296.31705237,19.42376350908454,31348.0,84.04289544235925,64.41935483870968,3.7021592569533284,2.8377260158374584,1.1080975871175505,True,False,-1,PV-/PNN+,0.0,0.0,296.31705237,19.42376350908454,0.9125269651412964,False,NONE
166,1134,1500,296.31705237,19.42376350908454,25556.0,68.51474530831099,61.685483870967744,3.0181313631076705,2.717296731990576,1.3175550578531852,True,False,-1,PV-/PNN+,0.0,0.0,296.31705237,19.42376350908454,0.40299081802368164,False,NONE
167,724,1665,296.31705237,19.42376350908454,17128.0,45.919571045576404,33.693548387096776,2.0227951943695484,1.4842287549034678,1.4193028994249546,True,True,964,PV+/PNN+,88.18014159,10.595963539609496,296.31705237,19.42376350908454,0.9189155101776123,False,NONE
168,762,1238,296.31705237,19.42376350908454,23366.0,62.64343163538874,56.08870967741935,2.7594951256211386,2.4707541862981373,1.2358785678414719,True,False,-1,PV-/PNN+,0.0,0.0,296.31705237,19.42376350908454,0.33013421297073364,False,NONE
169,842,1443,296.31705237,19.42376350908454,34983.0,93.78820375335121,75.50806451612904,4.131448171685539,3.326192875098413,1.276021270961584,True,False,-1,PV-/PNN+,0.0,0.0,296.31705237,19.42376350908454,1.1908801794052124,False,NONE
170,1037,1550,296.31705237,19.42376350908454,22354.0,59.93029490616622,49.903225806451616,2.639979202179874,2.198278490986754,1.1524135415521297,True,False,-1,PV-/PNN+,0.0,0.0,296.31705237,19.42376350908454,0.9018093347549438,False,NONE
171,798,1277,296.31705237,19.42376350908454,21247.0,56.96246648793566,43.54032258064516,2.5092438985736685,1.9179873259271953,1.291720644954103,True,True,1152,PV+/PNN+,57.99234537,8.592912627102821,296.31705237,19.42376350908454,0.8567574620246887,False,NONE
172,1137,1670,296.31705237,19.42376350908454,32370.0,86.7828418230563,64.54838709677419,3.822856167780376,2.843409993836131,1.164734569242461,True,False,-1,PV-/PNN+,0.0,0.0,296.31705237,19.42376350908454,1.6842830181121826,False,NONE
173,835,1412,296.31705237,19.42376350908454,30729.0,82.38337801608579,87.15322580645162,3.6290561377733446,3.8391718894786444,1.6428699341285493,True,False,-1,PV-/PNN+,0.0,0.0,296.31705237,19.42376350908454,0.864854633808136,False,NONE
174,1053,1313,296.31705237,19.42376350908454,19128.0,51.28150134048257,40.29838709677419,2.258992671526198,1.775177378710538,1.2219677301265814,True,False,-1,PV-/PNN+,0.0,0.0,296.31705237,19.42376350908454,-0.3352387845516205,False,NONE
175,1098,1296,296.31705237,19.42376350908454,20014.0,53.656836461126005,47.354838709677416,2.363628153906594,2.086019925512964,1.2253460764287694,True,False,-1,PV-/PNN+,0.0,0.0,296.31705237,19.42376350908454,0.2574878931045532,False,NONE
176,1084,1254,296.31705237,19.42376350908454,13499.0,36.19034852546917,41.66935483870968,1.5942148720688074,1.835569644946438,1.5913998345834548,True,True,1768,PV+/PNN+,154.11664386,14.008119269352957,296.31705237,19.42376350908454,0.5643004179000854,False,NONE
177,648,1408,296.31705237,19.42376350908454,23025.0,61.729222520107236,47.983870967741936,2.71922345576593,2.1137293182564942,1.3863143414153574,True,True,743,PV+/PNN+,106.45170246,11.642101063659146,296.31705237,19.42376350908454,-1.2877005338668823,False,NONE
178,711,1329,296.31705237,19.42376350908454,27104.0,72.66487935656836,64.11290322580645,3.200948210426917,2.82422656809061,1.149432647756082,True,False,-1,PV-/PNN+,0.0,0.0,296.31705237,19.42376350908454,-0.0661461353302002,False,NONE
179,695,1726,296.31705237,19.42376350908454,18073.0,48.45308310991957,38.685483870967744,2.134398502326065,1.7041276537271266,1.4328162846337051,True,True,859,PV+/PNN+,50.04818847,7.982689565701676,296.31705237,19.42376350908454,0.654382586479187,False,NONE
180,656,1587,296.31705237,19.42376350908454,37940.0,101.71581769436997,78.4274193548387,4.480666141661645,3.4547928773183876,1.2815856060475401,True,False,-1,PV-/PNN+,0.0,0.0,296.31705237,19.42376350908454,-0.5423465967178345,False,NONE
181,1151,1284,296.31705237,19.42376350908454,17897.0,47.98123324396783,34.29838709677419,2.1136131243362803,1.510872401772247,1.5778864493747045,True,True,1906,PV+/PNN+,97.71312987,11.154022637162193,296.31705237,19.42376350908454,-0.20073534548282623,False,NONE
182,1026,2102,296.31705237,19.42376350908454,30861.0,82.7372654155496,70.35483870967742,3.644645171265684,3.099189003776413,1.217198300052905,True,False,-1,PV-/PNN+,0.0,0.0,296.31705237,19.42376350908454,2.2462685108184814,False,NONE
183,1056,2157,296.31705237,19.42376350908454,31835.0,85.3485254691689,55.17741935483871,3.7596733426409723,2.43061109168251,1.21004415494239,True,False,-1,PV-/PNN+,0.0,0.0,296.31705237,19.42376350908454,2.2729222774505615,False,NONE
184,677,2184,296.31705237,19.42376350908454,24359.0,65.30563002680965,42.88709677419355,2.8767671730294153,1.8892121873089138,1.5617896228760455,True,True,809,PV+/PNN+,88.18014159,10.595963539609496,296.31705237,19.42376350908454,1.6804319620132446,False,NONE
185,879,2156,296.31705237,19.42376350908454,44591.0,119.54691689008042,84.14516129032258,5.266140851946084,3.706664152384582,1.700898000024949,True,False,-1,PV-/PNN+,0.0,0.0,296.31705237,19.42376350908454,1.911205768585205,False,NONE
186,856,1938,296.31705237,19.42376350908454,39962.0,107.1367292225201,87.73387096774194,4.719461791067018,3.864749790472673,1.4276494020538886,True,False,-1,PV-/PNN+,0.0,0.0,296.31705237,19.42376350908454,1.699125051498413,False,NONE
187,1010,1851,296.31705237,19.42376350908454,25463.0,68.26541554959786,53.725806451612904,3.0071481804198865,2.3666663391974394,1.0864364255329355,True,False,-1,PV-/PNN+,0.0,0.0,296.31705237,19.42376350908454,2.053917169570923,False,NONE
188,708,2108,296.31705237,19.42376350908454,22191.0,59.493297587131366,45.37096774193548,2.620729107791607,1.9986287637833675,1.356902855961018,True,False,-1,PV-/PNN+,0.0,0.0,296.31705237,19.42376350908454,1.6839171648025513,False,NONE
189,781,2173,296.31705237,19.42376350908454,25629.0,68.71045576407506,46.38709677419355,3.026752571023888,2.043390090522917,1.5075373557879732,True,False,-1,PV-/PNN+,0.0,0.0,296.31705237,19.42376350908454,1.8048595190048218,False,NONE
190,834,1989,296.31705237,19.42376350908454,41707.0,111.81501340482573,73.53225806451613,4.925544089886195,3.2391569619937335,1.2440263442173363,True,False,-1,PV-/PNN+,0.0,0.0,296.31705237,19.42376350908454,1.5948888063430786,False,NONE
191,723,2148,296.31705237,19.42376350908454,22375.0,59.98659517426273,40.83870967741935,2.642459275690019,1.798979036579981,1.4662022951494418,True,False,-1,PV-/PNN+,0.0,0.0,296.31705237,19.42376350908454,1.400634527206421,False,NONE
192,882,2076,296.31705237,19.42376350908454,29225.0,78.35120643431635,56.17741935483871,3.4514356349515443,2.4746619211722254,1.6794355646934038,True,True,1370,PV+/PNN+,81.03040038,10.15731805594071,296.31705237,19.42376350908454,1.7902816534042358,False,NONE
193,822,1904,296.31705237,19.42376350908454,34186.0,91.6514745308311,79.15322580645162,4.037323477038614,3.486765253560923,1.2720467459001867,True,False,-1,PV-/PNN+,0.0,0.0,296.31705237,19.42376350908454,1.2369292974472046,False,NONE
194,687,1980,296.31705237,19.42376350908454,28169.0,75.5201072386059,55.53225806451613,3.3267233670128333,2.4462420311788606,1.351338520875062,True,False,-1,PV-/PNN+,0.0,0.0,296.31705237,19.42376350908454,1.8868913650512695,False,NONE
195,679,1838,296.31705237,19.42376350908454,30037.0,80.52815013404826,77.4758064516129,3.5473318106771443,3.412873539578175,1.4618303175819052,True,True,827,PV+/PNN+,107.24611815,11.68546099424064,296.31705237,19.42376350908454,1.0552260875701904,False,NONE
196,653,1792,296.31705237,19.42376350908454,18115.0,48.5656836461126,38.70161290322581,2.139358649346355,1.7048381509769608,1.2418403554335677,True,True,757,PV+/PNN+,82.61923176,10.25641618853639,296.31705237,19.42376350908454,0.929482102394104,False,NONE
197,808,2029,296.31705237,19.42376350908454,20740.0,55.603217158176946,40.12903225806452,2.449367838114458,1.76771715758728,1.4435475022994775,True,False,-1,PV-/PNN+,0.0,0.0,296.31705237,19.42376350908454,1.4993149042129517,False,NONE
198,879,1802,296.31705237,19.42376350908454,21477.0,57.579088471849865,49.83064516129032,2.536406608446683,2.1950812533625004,1.4250659607639806,True,True,1366,PV+/PNN+,102.47962401,11.422832828117684,296.31705237,19.42376350908454,0.48853233456611633,False,NONE
199,1115,2134,296.31705237,19.42376350908454,25200.0,67.5603217158177,55.08064516129032,2.976088212173787,2.426348108183505,1.4671959264147911,True,False,-1,PV-/PNN+,0.0,0.0,296.31705237,19.42376350908454,2.216219425201416,False,NONE
200,737,2261,296.31705237,19.42376350908454,22411.0,60.083109919571044,43.25806451612903,2.6467108302788387,1.9055536240550985,1.43997042974422,True,False,-1,PV-/PNN+,0.0,0.0,296.31705237,19.42376350908454,1.9373613595962524,False,NONE
201,682,1931,296.31705237,19.42376350908454,22446.0,60.1769436997319,44.443548387096776,2.6508442861290797,1.957775171917906,1.4216876144617927,True,False,-1,PV-/PNN+,0.0,0.0,296.31705237,19.42376350908454,0.6801857948303223,False,NONE
202,881,2240,296.31705237,19.42376350908454,44473.0,119.23056300268097,89.55645161290323,5.252205200793842,3.945035979703928,1.4735551665130266,True,False,-1,PV-/PNN+,0.0,0.0,296.31705237,19.42376350908454,2.2098326683044434,False,NONE
203,888,2110,296.31705237,19.42376350908454,29507.0,79.10723860589812,50.95967741935484,3.484739479230632,2.244816060850889,1.2821817848067498,True,False,-1,PV-/PNN+,0.0,0.0,296.31705237,19.42376350908454,1.1828434467315674,False,NONE
204,1128,2052,296.31705237,19.42376350908454,16532.0,44.32171581769437,37.45967741935484,1.9524083461768666,1.6501298627397338,1.1953384122152202,True,False,-1,PV-/PNN+,0.0,0.0,296.31705237,19.42376350908454,0.9510894417762756,False,NONE
205,709,2046,296.31705237,19.42376350908454,17587.0,47.15013404825737,36.266129032258064,2.0770025153769995,1.5975530662520092,1.2770149022269333,True,False,-1,PV-/PNN+,0.0,0.0,296.31705237,19.42376350908454,0.1065843254327774,False,NONE
206,1098,2029,296.31705237,19.42376350908454,13109.0,35.14477211796247,27.580645161290324,1.5481563640232607,1.214950297216338,1.2871499411334961,True,False,-1,PV-/PNN+,0.0,0.0,296.31705237,19.42376350908454,0.5033096075057983,False,NONE
207,874,1992,296.31705237,19.42376350908454,17266.0,46.289544235924936,54.53225806451613,2.0390928202933574,2.402191201689145,1.2700594833694883,True,False,-1,PV-/PNN+,0.0,0.0,296.31705237,19.42376350908454,0.07523773610591888,False,NONE
208,830,2072,296.31705237,19.42376350908454,19126.0,51.27613941018767,48.70161290322581,2.2587564740490413,2.1453464458741127,1.6623451069293955,True,True,1213,PV+/PNN+,128.69534178,12.800781162784691,296.31705237,19.42376350908454,0.4546852111816406,False,NONE
209,994,2020,296.31705237,19.42376350908454,21264.0,57.00804289544236,44.41129032258065,2.5112515771295,1.9563541774182378,1.2319040427800747,True,False,-1,PV-/PNN+,0.0,0.0,296.31705237,19.42376350908454,-0.06252394616603851,False,NONE
210,790,1948,296.31705237,19.42376350908454,15706.0,42.107238605898125,47.104838709677416,1.8548587881111704,2.075007218140535,1.1941460546968008,True,False,-1,PV-/PNN+,0.0,0.0,296.31705237,19.42376350908454,-0.4038540720939636,False,NONE
211,773,1990,296.31705237,19.42376350908454,13395.0,35.911528150134046,38.33870967741935,1.5819326032566616,1.688851962855693,1.3102021864896003,True,False,-1,PV-/PNN+,0.0,0.0,296.31705237,19.42376350908454,-0.7359102368354797,False,NONE
212,1022,2269,296.31705237,19.42376350908454,10696.0,28.675603217158177,26.85483870967742,1.263184107833763,1.1829779209738027,1.3338506106049137,True,True,1661,PV+/PNN+,46.87052571,7.72511532706782,296.31705237,19.42376350908454,-0.44244465231895447,False,NONE
213,1011,2130,296.31705237,19.42376350908454,15047.0,40.34048257372654,35.78225806451613,1.7770317193880543,1.5762381487569856,1.1136619222035067,True,False,-1,PV-/PNN+,0.0,0.0,296.31705237,19.42376350908454,0.4439582824707031,False,NONE
214,644,2533,296.31705237,19.42376350908454,46088.0,123.5603217158177,95.76612903225806,5.442934663597836,4.218577420890062,1.4447398598178969,True,False,-1,PV-/PNN+,0.0,0.0,296.31705237,19.42376350908454,2.641113519668579,False,NONE
215,826,2544,296.31705237,19.42376350908454,33905.0,90.89812332439678,79.29838709677419,4.004137731498105,3.49315972880943,1.313381806538718,True,False,-1,PV-/PNN+,0.0,0.0,296.31705237,19.42376350908454,2.645076036453247,False,NONE
216,1000,2415,296.31705237,19.42376350908454,38604.0,103.49597855227881,84.8225806451613,4.559083704077653,3.736505036877615,1.1057128720807123,True,False,-1,PV-/PNN+,0.0,0.0,296.31705237,19.42376350908454,1.939675211906433,False,NONE
217,833,2630,296.31705237,19.42376350908454,54056.0,144.92225201072387,121.20161290322581,6.383945412589929,5.339031583878463,1.3471652695605945,True,False,-1,PV-/PNN+,0.0,0.0,296.31705237,19.42376350908454,2.821753740310669,False,NONE
218,866,2381,296.31705237,19.42376350908454,41652.0,111.66756032171581,72.38709677419355,4.919048659264387,3.1887116572555114,1.417116910641186,True,False,-1,PV-/PNN+,0.0,0.0,296.31705237,19.42376350908454,2.8719723224639893,False,NONE
219,667,2671,296.31705237,19.42376350908454,44619.0,119.62198391420911,98.16935483870968,5.269447616626278,4.324441511115346,1.301656957607596,True,False,-1,PV-/PNN+,0.0,0.0,296.31705237,19.42376350908454,2.163360834121704,False,NONE
220,824,2695,296.31705237,19.42376350908454,57040.0,152.92225201072387,129.05645161290323,6.7363520485076505,5.685043744547677,1.3274913705066782,True,True,1206,PV+/PNN+,143.78923989,13.53063732184699,296.31705237,19.42376350908454,1.3625987768173218,False,NONE
221,1148,2528,296.31705237,19.42376350908454,20710.0,55.52278820375335,47.08064516129032,2.445824875957108,2.073941472265784,1.3129843540325783,True,True,1905,PV+/PNN+,103.2740397,11.467021901548332,296.31705237,19.42376350908454,1.2977358102798462,False,NONE
222,1111,2743,296.31705237,19.42376350908454,61499.0,164.87667560321717,156.40322580645162,7.262954323828401,6.889691831641421,1.442951323540268,True,False,-1,PV-/PNN+,0.0,0.0,296.31705237,19.42376350908454,1.7970272302627563,False,NONE
223,1016,2808,296.31705237,19.42376350908454,62376.0,167.2278820375335,177.06451612903226,7.3665269175615915,7.799838808678922,1.2301155065024458,True,False,-1,PV-/PNN+,0.0,0.0,296.31705237,19.42376350908454,2.4831526279449463,False,NONE
224,941,2691,296.31705237,19.42376350908454,47905.0,128.43163538873995,124.64516129032258,5.657520071594653,5.490722746718046,1.3503448896097123,True,True,1502,PV+/PNN+,131.87300454,12.957851838301272,296.31705237,19.42376350908454,0.4979414939880371,False,NONE
225,943,2397,296.31705237,19.42376350908454,27632.0,74.0804289544236,52.854838709677416,3.263304344396273,2.3282994877063974,1.1422785026455669,True,False,-1,PV-/PNN+,0.0,0.0,296.31705237,19.42376350908454,1.466126561164856,False,NONE
226,740,2616,296.31705237,19.42376350908454,41838.0,112.16621983914209,84.35483870967742,4.941015024639956,3.7159006166324255,1.212826322485368,True,False,-1,PV-/PNN+,0.0,0.0,296.31705237,19.42376350908454,1.7961891889572144,False,NONE
227,957,2746,296.31705237,19.42376350908454,55285.0,148.2171581769437,117.98387096774194,6.529088762302691,5.197287382536556,1.081468269206189,True,False,-1,PV-/PNN+,0.0,0.0,296.31705237,19.42376350908454,2.224080801010132,False,NONE
228,682,2737,296.31705237,19.42376350908454,47764.0,128.05361930294907,107.00806451612904,5.64086814945511,4.713794004024441,1.2352823890822622,True,False,-1,PV-/PNN+,0.0,0.0,296.31705237,19.42376350908454,1.899294137954712,False,NONE
229,880,2741,296.31705237,19.42376350908454,51782.0,138.82573726541554,128.82258064516128,6.115388881062818,5.674741534425082,1.1307523799675148,True,False,-1,PV-/PNN+,0.0,0.0,296.31705237,19.42376350908454,2.0043888092041016,False,NONE
230,1054,2441,296.31705237,19.42376350908454,19511.0,52.30831099195711,33.395161290322584,2.3042244884016965,1.4710845557815369,1.3902888664767545,True,True,1714,PV+/PNN+,88.18014159,10.595963539609496,296.31705237,19.42376350908454,1.2644743919372559,False,NONE
231,710,2648,296.31705237,19.42376350908454,40476.0,108.51474530831099,77.75,4.780164542696277,3.424951992825355,1.8910790242128068,True,True,901,PV+/PNN+,164.44404783,14.469853647963289,296.31705237,19.42376350908454,1.3070099353790283,False,NONE
232,864,2642,296.31705237,19.42376350908454,40909.0,109.67560321715818,97.91129032258064,4.831301296500692,4.313073555118,1.1846071945494474,True,False,-1,PV-/PNN+,0.0,0.0,296.31705237,19.42376350908454,1.6321511268615723,False,NONE
233,1114,2834,296.31705237,19.42376350908454,72199.0,193.56300268096516,159.0241935483871,8.526610826616478,7.005147634739465,1.303048041379085,True,False,-1,PV-/PNN+,0.0,0.0,296.31705237,19.42376350908454,2.5674514770507812,False,NONE
234,777,2545,296.31705237,19.42376350908454,30825.0,82.64075067024129,74.68548387096774,3.6403936166768642,3.289957515356873,1.388301603946056,True,False,-1,PV-/PNN+,0.0,0.0,296.31705237,19.42376350908454,1.4986135959625244,False,NONE
235,800,2741,296.31705237,19.42376350908454,36852.0,98.79892761394102,104.04032258064517,4.352174714088428,4.583062510054964,1.4109563967960204,True,True,1157,PV+/PNN+,145.37807127,13.605186852016802,296.31705237,19.42376350908454,1.1146684885025024,False,NONE
236,961,2814,296.31705237,19.42376350908454,40549.0,108.71045576407506,87.70161290322581,4.788785750612495,3.8633287959730045,1.1587727816503655,True,False,-1,PV-/PNN+,0.0,0.0,296.31705237,19.42376350908454,2.0851821899414062,False,NONE
237,833,2449,296.31705237,19.42376350908454,19366.0,51.919571045576404,41.483870967741936,2.287100171307839,1.8273989265733457,1.4282455808130983,True,True,1239,PV+/PNN+,86.59131021,10.500070494515818,296.31705237,19.42376350908454,1.080814003944397,False,NONE
238,728,2773,296.31705237,19.42376350908454,29365.0,78.72654155495978,62.354838709677416,3.46796945835251,2.7467823678586916,1.1824212057656789,True,False,-1,PV-/PNN+,0.0,0.0,296.31705237,19.42376350908454,0.09057193994522095,False,NONE
239,880,2819,296.31705237,19.42376350908454,38402.0,102.9544235924933,97.20161290322581,4.535227758884831,4.281811676125298,1.1714912618468365,True,False,-1,PV-/PNN+,0.0,0.0,296.31705237,19.42376350908454,0.7827329635620117,False,NONE
240,900,2700,296.31705237,19.42376350908454,31154.0,83.52278820375335,70.49193548387096,3.679248101669133,3.1052282304000025,1.1142581009627162,True,False,-1,PV-/PNN+,0.0,0.0,296.31705237,19.42376350908454,-0.6469053030014038,False,NONE
241,1001,2749,296.31705237,19.42376350908454,38558.0,103.37265415549598,98.06451612903226,4.55365116210305,4.319823278991423,1.355114319683389,True,False,-1,PV-/PNN+,0.0,0.0,296.31705237,19.42376350908454,0.012110810726881027,False,NONE
242,648,2634,296.31705237,19.42376350908454,24088.0,64.57908847184987,57.024193548387096,2.8447624148746895,2.511963026788516,1.39704555908113,True,False,-1,PV-/PNN+,0.0,0.0,296.31705237,19.42376350908454,-0.4723833203315735,False,NONE
243,762,2449,296.31705237,19.42376350908454,15587.0,41.788203753351205,35.725806451612904,1.8408050382203496,1.5737514083825663,1.4077767767469025,True,False,-1,PV-/PNN+,0.0,0.0,296.31705237,19.42376350908454,0.18439340591430664,False,NONE
244,745,2508,296.31705237,19.42376350908454,20367.0,54.603217158176946,55.145161290322584,2.405317008624743,2.429190097182842,1.4077767767469025,True,True,1006,PV+/PNN+,51.63701985,8.108408946599484,296.31705237,19.42376350908454,-1.1693618297576904,False,NONE
245,779,2480,296.31705237,19.42376350908454,28176.0,75.53887399463807,62.16129032258065,3.327550058182881,2.7382564008606822,1.3688264311452096,True,False,-1,PV-/PNN+,0.0,0.0,296.31705237,19.42376350908454,-0.127813920378685,False,NONE
246,875,2786,296.31705237,19.42376350908454,68392.0,183.35656836461126,160.43548387096774,8.077008928848795,7.06731614409995,1.3904875927298246,True,False,-1,PV-/PNN+,0.0,0.0,296.31705237,19.42376350908454,0.9354954957962036,False,NONE
247,748,2646,296.31705237,19.42376350908454,25064.0,67.19571045576407,61.064516129032256,2.9600267837271343,2.689942587871962,1.3571015822140877,True,True,1013,PV+/PNN+,81.03040038,10.15731805594071,296.31705237,19.42376350908454,0.1684993952512741,False,NONE
248,913,2380,296.31705237,19.42376350908454,12531.0,33.59517426273459,30.322580645161292,1.4798952931249891,1.3357348296881377,1.33941494569087,True,False,-1,PV-/PNN+,0.0,0.0,296.31705237,19.42376350908454,-1.5309157371520996,False,NONE
249,646,2738,296.31705237,19.42376350908454,32498.0,87.1260053619303,96.70161290322581,3.8379728063184015,4.259786261380441,1.249789405556362,True,False,-1,PV-/PNN+,0.0,0.0,296.31705237,19.42376350908454,0.4804808795452118,False,NONE
250,769,2771,296.31705237,19.42376350908454,17692.0,47.43163538873995,59.016129032258064,2.0894028829277236,2.5997094371430296,1.270456935875628,True,False,-1,PV-/PNN+,0.0,0.0,296.31705237,19.42376350908454,-1.2325059175491333,False,NONE
251,1683,564,296.31705237,19.42376350908454,14438.0,38.707774798927616,29.31451612903226,1.7051095875938547,1.2913287515735055,1.155195709095108,True,False,-1,PV-/PNN+,0.0,0.0,296.31705237,19.42376350908454,1.108571171760559,False,NONE
252,1355,232,296.31705237,19.42376350908454,54216.0,145.35120643431637,139.58064516129033,6.402841210762462,6.148643200064439,1.2648926007896717,True,False,-1,PV-/PNN+,0.0,0.0,296.31705237,19.42376350908454,2.669393301010132,False,NONE
253,1477,82,296.31705237,19.42376350908454,79929.0,214.28686327077747,194.15322580645162,9.439514075826928,8.552610644878168,1.0528516887641288,True,False,-1,PV-/PNN+,0.0,0.0,296.31705237,19.42376350908454,0.7880304455757141,False,NONE
254,1368,503,296.31705237,19.42376350908454,52430.0,140.56300268096516,108.63709677419355,6.191916863661573,4.785554226257687,1.3755831237495848,True,False,-1,PV-/PNN+,0.0,0.0,296.31705237,19.42376350908454,2.6815288066864014,False,NONE
255,1352,562,296.31705237,19.42376350908454,42579.0,114.15281501340482,87.62903225806451,5.028526189926494,3.8601315583487508,1.2937079074848017,True,True,2451,PV+/PNN+,64.34767089,9.051519164690074,296.31705237,19.42376350908454,1.8566911220550537,False,NONE
256,1590,379,296.31705237,19.42376350908454,55823.0,149.65951742627345,117.01612903225806,6.592625883657829,5.15465754754651,1.1726836193652557,True,False,-1,PV-/PNN+,0.0,0.0,296.31705237,19.42376350908454,2.1688072681427,False,NONE
257,1550,27,296.31705237,19.42376350908454,68538.0,183.7479892761394,161.58870967741936,8.09425134468123,7.118116697463089,1.1432721339109162,True,False,-1,PV-/PNN+,0.0,0.0,296.31705237,19.42376350908454,1.7771822214126587,False,NONE
258,1364,85,296.31705237,19.42376350908454,50379.0,135.06434316353887,96.43548387096774,5.949696350837428,4.248063056758178,1.1257842236407682,True,False,-1,PV-/PNN+,0.0,0.0,296.31705237,19.42376350908454,1.8144816160202026,False,NONE
259,1441,133,296.31705237,19.42376350908454,40570.0,108.76675603217159,105.12903225806451,4.7912658241226405,4.631021074418766,1.1239956873631396,True,False,-1,PV-/PNN+,0.0,0.0,296.31705237,19.42376350908454,2.643348455429077,False,NONE
260,1652,268,296.31705237,19.42376350908454,73227.0,196.3190348525469,172.91935483870967,8.648016329874995,7.617241015471555,1.1176364472649039,True,False,-1,PV-/PNN+,0.0,0.0,296.31705237,19.42376350908454,2.790123224258423,False,NONE
261,1710,171,296.31705237,19.42376350908454,45436.0,121.81233243967829,98.21774193548387,5.3659342860447685,4.326573002864848,1.0389408510492386,True,False,-1,PV-/PNN+,0.0,0.0,296.31705237,19.42376350908454,1.7505093812942505,False,NONE
262,1475,206,296.31705237,19.42376350908454,58197.0,156.0241286863271,138.83870967741936,6.872992289042773,6.115960326572068,1.1816263007533996,True,False,-1,PV-/PNN+,0.0,0.0,296.31705237,19.42376350908454,2.080045461654663,False,NONE
263,1408,178,296.31705237,19.42376350908454,46065.0,123.49865951742628,84.78225806451613,5.440218392610535,3.7347287937530296,1.2344874840699829,True,False,-1,PV-/PNN+,0.0,0.0,296.31705237,19.42376350908454,2.224990129470825,False,NONE
264,1236,412,296.31705237,19.42376350908454,37898.0,101.60321715817695,75.90322580645162,4.475705994641356,3.3436000577193488,1.074512850348744,True,False,-1,PV-/PNN+,0.0,0.0,296.31705237,19.42376350908454,1.8175266981124878,False,NONE
265,1611,194,296.31705237,19.42376350908454,54333.0,145.66487935656838,138.93548387096774,6.416658763176126,6.120223310071073,1.5097233445717417,True,True,2922,PV+/PNN+,123.92884764,12.56149312576761,296.31705237,19.42376350908454,0.7185781598091125,False,NONE
266,1648,133,296.31705237,19.42376350908454,50650.0,135.79088471849866,106.62903225806451,5.981701108992155,4.697097318653339,1.0329790634571427,True,False,-1,PV-/PNN+,0.0,0.0,296.31705237,19.42376350908454,2.038193941116333,False,NONE
267,1722,101,296.31705237,19.42376350908454,67446.0,180.82037533512064,139.81451612903226,7.965287522153699,6.158945410187032,1.2346862103230527,True,False,-1,PV-/PNN+,0.0,0.0,296.31705237,19.42376350908454,1.561202883720398,False,NONE
268,1505,379,296.31705237,19.42376350908454,72700.0,194.90616621983915,146.93548387096774,8.585778294644218,6.472629945988794,1.1663243792670202,True,False,-1,PV-/PNN+,0.0,0.0,296.31705237,19.42376350908454,2.4027938842773438,False,NONE
269,1479,19,296.31705237,19.42376350908454,34570.0,92.68096514745308,79.60483870967742,4.082673392652691,3.5066591765562785,0.9328210319099324,True,False,-1,PV-/PNN+,0.0,0.0,296.31705237,19.42376350908454,0.8736151456832886,False,NONE
270,1635,51,296.31705237,19.42376350908454,65643.0,175.98659517426273,111.55645161290323,7.752355496496979,4.914154228477662,1.139297608849519,True,False,-1,PV-/PNN+,0.0,0.0,296.31705237,19.42376350908454,1.633952260017395,False,NONE
271,1456,318,296.31705237,19.42376350908454,53931.0,144.58713136729222,100.5,6.369183070267638,4.427108363716375,1.127771486171467,True,False,-1,PV-/PNN+,0.0,0.0,296.31705237,19.42376350908454,1.734955906867981,False,NONE
272,1308,487,296.31705237,19.42376350908454,73561.0,197.21447721179624,181.50806451612902,8.687461308560156,7.995580801008221,1.3429920182461275,True,False,-1,PV-/PNN+,0.0,0.0,296.31705237,19.42376350908454,1.6335891485214233,False,NONE
273,1326,305,296.31705237,19.42376350908454,57283.0,153.57372654155495,143.18548387096774,6.765050041982183,6.307439335402362,1.2046785461095035,True,False,-1,PV-/PNN+,0.0,0.0,296.31705237,19.42376350908454,1.5141092538833618,False,NONE
274,1543,571,296.31705237,19.42376350908454,51551.0,138.2064343163539,108.19354838709677,6.0881080724512255,4.766015551887248,1.1782479544512119,True,False,-1,PV-/PNN+,0.0,0.0,296.31705237,19.42376350908454,1.41443932056427,False,NONE
275,1422,379,296.31705237,19.42376350908454,70922.0,190.13941018766755,137.99193548387098,8.375798737451955,6.078659220955777,1.1351243575350518,True,False,-1,PV-/PNN+,0.0,0.0,296.31705237,19.42376350908454,0.24096167087554932,False,NONE
276,1412,437,296.31705237,19.42376350908454,50207.0,134.60321715817693,103.2258064516129,5.9293833678019565,4.54718239893834,1.3213308566615127,True,True,2609,PV+/PNN+,57.19792968,8.533854108523126,296.31705237,19.42376350908454,1.3432797193527222,False,NONE
277,1631,369,296.31705237,19.42376350908454,30060.0,80.58981233243968,66.54838709677419,3.5500480816644457,2.9315116528155616,1.3213308566615127,True,True,2946,PV+/PNN+,90.56338866,10.738197602350779,296.31705237,19.42376350908454,-0.2547960877418518,False,NONE
278,1537,486,296.31705237,19.42376350908454,52941.0,141.9329758713137,120.37903225806451,6.252265319075097,5.302796224136923,1.16652310552009,True,False,-1,PV-/PNN+,0.0,0.0,296.31705237,19.42376350908454,1.5523432493209839,False,NONE
279,1388,285,296.31705237,19.42376350908454,53828.0,144.31099195710456,127.9274193548387,6.357018900194071,5.635308937059289,1.1718887143529764,True,False,-1,PV-/PNN+,0.0,0.0,296.31705237,19.42376350908454,0.6190066337585449,False,NONE
280,1285,72,296.31705237,19.42376350908454,50360.0,135.01340482573727,95.53225806451613,5.94745247480444,4.208275210767468,1.0403319348207276,True,False,-1,PV-/PNN+,0.0,0.0,296.31705237,19.42376350908454,2.1540756225585938,False,NONE
281,1522,56,296.31705237,19.42376350908454,34535.0,92.58713136729223,90.36290322580645,4.07853993680245,3.9805608421956333,1.2519753943401306,True,False,-1,PV-/PNN+,0.0,0.0,296.31705237,19.42376350908454,0.8015586733818054,False,NONE
282,1221,104,296.31705237,19.42376350908454,56364.0,151.10991957104557,115.50806451612904,6.656517301228702,5.08822605468702,1.0462937224128235,True,False,-1,PV-/PNN+,0.0,0.0,296.31705237,19.42376350908454,1.1982555389404297,False,NONE
283,1290,299,296.31705237,19.42376350908454,44314.0,118.80428954423593,104.76612903225806,5.2334275013598885,4.615034886297499,1.1802352169819106,True,False,-1,PV-/PNN+,0.0,0.0,296.31705237,19.42376350908454,1.2668768167495728,False,NONE
284,1379,372,296.31705237,19.42376350908454,58689.0,157.343163538874,145.42741935483872,6.9310968684233085,6.4061984531293055,1.3944621177912215,True,True,2515,PV+/PNN+,119.95676919,12.358547737957588,296.31705237,19.42376350908454,2.254560708999634,False,NONE
285,1275,23,296.31705237,19.42376350908454,44368.0,118.94906166219839,113.26612903225806,5.2398048332431175,4.989466936960078,1.2048772723625736,True,False,-1,PV-/PNN+,0.0,0.0,296.31705237,19.42376350908454,0.9636805057525635,False,NONE
286,1216,21,296.31705237,19.42376350908454,50236.0,134.6809651474531,142.42741935483872,5.932808231220728,6.27404596466016,1.0496720687150112,True,False,-1,PV-/PNN+,0.0,0.0,296.31705237,19.42376350908454,0.41820210218429565,False,NONE
287,1230,72,296.31705237,19.42376350908454,72155.0,193.44504021447722,157.61290322580646,8.521414482119031,6.942979125378979,1.1402912401148682,True,False,-1,PV-/PNN+,0.0,0.0,296.31705237,19.42376350908454,0.7741695642471313,False,NONE
288,1447,35,296.31705237,19.42376350908454,31241.0,83.75603217158177,59.814516129032256,3.689522691925447,2.6348790510098183,1.071531956552696,True,False,-1,PV-/PNN+,0.0,0.0,296.31705237,19.42376350908454,0.23350851237773895,False,NONE
289,1290,126,296.31705237,19.42376350908454,29191.0,78.26005361930295,48.92741935483871,3.4474202778398815,2.1552934073717904,1.0713332302996261,True,False,-1,PV-/PNN+,0.0,0.0,296.31705237,19.42376350908454,1.7293351888656616,False,NONE
290,1258,522,296.31705237,19.42376350908454,29579.0,79.30026809651474,67.64516129032258,3.4932425884082714,2.9798254658042813,1.255751193148458,True,False,-1,PV-/PNN+,0.0,0.0,296.31705237,19.42376350908454,0.06805822253227234,False,NONE
291,1417,222,296.31705237,19.42376350908454,45872.0,122.98123324396782,104.54032258064517,5.417425336064918,4.605087924799822,1.174074703136745,True,False,-1,PV-/PNN+,0.0,0.0,296.31705237,19.42376350908454,0.15570954978466034,False,NONE
292,1333,428,296.31705237,19.42376350908454,41480.0,111.20643431635389,91.55645161290323,4.898735676228916,4.033137638683359,1.6583705818679986,True,False,-1,PV-/PNN+,0.0,0.0,296.31705237,19.42376350908454,0.8904106616973877,False,NONE
293,1288,257,296.31705237,19.42376350908454,22891.0,61.369973190348524,56.38709677419355,2.7033982247964348,2.4838983854200687,1.1198224360486724,True,False,-1,PV-/PNN+,0.0,0.0,296.31705237,19.42376350908454,-0.5995239615440369,False,NONE
294,1401,317,296.31705237,19.42376350908454,38301.0,102.68364611260054,109.39516129032258,4.523299786288421,4.81894759699989,1.206665808640202,True,False,-1,PV-/PNN+,0.0,0.0,296.31705237,19.42376350908454,0.05652854964137077,False,NONE
295,1528,177,296.31705237,19.42376350908454,39277.0,105.30026809651474,83.0725806451613,4.638564155140866,3.6594160852706135,1.0896160455820534,True,False,-1,PV-/PNN+,0.0,0.0,296.31705237,19.42376350908454,1.2608633041381836,False,NONE
296,1321,230,296.31705237,19.42376350908454,33236.0,89.10455764075067,79.24193548387096,3.9251296753892055,3.4906729884350103,1.3336518843518441,True,False,-1,PV-/PNN+,0.0,0.0,296.31705237,19.42376350908454,0.7619762420654297,False,NONE
297,1623,229,296.31705237,19.42376350908454,30443.0,81.61662198391421,73.79032258064517,3.5952798985399443,3.25052491799108,1.173677250630605,True,False,-1,PV-/PNN+,0.0,0.0,296.31705237,19.42376350908454,-0.30011260509490967,False,NONE
298,1510,223,296.31705237,19.42376350908454,27043.0,72.50134048257372,77.64516129032258,3.1937441873736394,3.4203337607014332,1.1092899446359699,True,False,-1,PV-/PNN+,0.0,0.0,296.31705237,19.42376350908454,-0.6798267364501953,False,NONE
299,1276,493,296.31705237,19.42376350908454,47226.0,126.6112600536193,122.05645161290323,5.57733102809997,5.376687938119671,1.1814275745003298,True,False,-1,PV-/PNN+,0.0,0.0,296.31705237,19.42376350908454,0.7014456987380981,False,NONE
300,1376,258,296.31705237,19.42376350908454,40788.0,109.35120643431635,117.64516129032258,4.817011349132715,5.1823669402900405,1.071531956552696,True,False,-1,PV-/PNN+,0.0,0.0,296.31705237,19.42376350908454,0.05744415149092674,False,NONE
301,1407,939,296.31705237,19.42376350908454,30533.0,81.85790884718499,58.516129032258064,3.605908785011993,2.577684022398172,1.0085357343295498,True,False,-1,PV-/PNN+,0.0,0.0,296.31705237,19.42376350908454,2.3516199588775635,False,NONE
302,1465,695,296.31705237,19.42376350908454,38373.0,102.87667560321715,70.79032258064517,4.53180289546606,3.1183724295219344,1.222563908885791,True,True,2715,PV+/PNN+,82.61923176,10.25641618853639,296.31705237,19.42376350908454,1.9066795110702515,False,NONE
303,1270,657,296.31705237,19.42376350908454,50635.0,135.75067024128685,88.71774193548387,5.97992962791348,3.9080901227125535,0.9783293438629307,True,False,-1,PV-/PNN+,0.0,0.0,296.31705237,19.42376350908454,1.703154444694519,False,NONE
304,1228,1107,296.31705237,19.42376350908454,30011.0,80.45844504021447,54.95967741935484,3.544261243474107,2.4210193788097496,1.3517359733812013,True,True,2083,PV+/PNN+,116.77910643,12.19375972805403,296.31705237,19.42376350908454,1.77706778049469,False,NONE
305,1245,855,296.31705237,19.42376350908454,48072.0,128.8793565683646,90.87903225806451,5.677242560937233,4.003296754190325,0.9590528973151541,True,False,-1,PV-/PNN+,0.0,0.0,296.31705237,19.42376350908454,2.2532951831817627,False,NONE
306,1348,697,296.31705237,19.42376350908454,33238.0,89.10991957104558,67.23387096774194,3.925365872866362,2.9617077859335117,1.2016976523134557,True,False,-1,PV-/PNN+,0.0,0.0,296.31705237,19.42376350908454,2.0561320781707764,False,NONE
307,1397,758,296.31705237,19.42376350908454,27200.0,72.92225201072387,61.104838709677416,3.212285689330437,2.6917188309965474,1.2116339649669485,True,False,-1,PV-/PNN+,0.0,0.0,296.31705237,19.42376350908454,1.7446361780166626,False,NONE
308,1293,962,296.31705237,19.42376350908454,38348.0,102.80965147453082,73.71774193548387,4.5288504270016015,3.2473276803668263,1.0431141023637058,True,False,-1,PV-/PNN+,0.0,0.0,296.31705237,19.42376350908454,1.9066007137298584,False,NONE
309,1342,1016,296.31705237,19.42376350908454,25207.0,67.57908847184987,45.354838709677416,2.976914903343835,1.9979182665335333,0.9896567402879127,True,False,-1,PV-/PNN+,0.0,0.0,296.31705237,19.42376350908454,-0.010540533810853958,False,NONE
310,1478,733,296.31705237,19.42376350908454,18124.0,48.58981233243968,33.12096774193548,2.14042153799356,1.4590061025343566,1.2271346127063978,True,True,2733,PV+/PNN+,88.18014159,10.595963539609496,296.31705237,19.42376350908454,1.0466099977493286,False,NONE
311,1417,882,296.31705237,19.42376350908454,16859.0,45.19839142091153,36.653225806451616,1.9910266336919789,1.614605000248028,1.304439125150574,True,True,2612,PV+/PNN+,101.68520832,11.378472144697502,296.31705237,19.42376350908454,1.0152621269226074,False,NONE
312,1435,766,296.31705237,19.42376350908454,25427.0,68.16890080428955,52.596774193548384,3.0028966258310668,2.3169315317090513,1.2078581661586214,True,False,-1,PV-/PNN+,0.0,0.0,296.31705237,19.42376350908454,1.3074225187301636,False,NONE
313,1377,1004,296.31705237,19.42376350908454,17656.0,47.33512064343164,37.78225806451613,2.085151328338904,1.6643398077364162,1.0055548405335017,True,False,-1,PV-/PNN+,0.0,0.0,296.31705237,19.42376350908454,0.24244284629821777,False,NONE
314,1266,830,296.31705237,19.42376350908454,29311.0,78.58176943699732,61.75,3.4615921264692804,2.720138720989912,0.9767395338383719,True,False,-1,PV-/PNN+,0.0,0.0,296.31705237,19.42376350908454,2.58337664604187,False,NONE
315,1460,976,296.31705237,19.42376350908454,12490.0,33.48525469168901,28.169354838709676,1.4750532448432776,1.2408834468352832,1.061396917646133,True,False,-1,PV-/PNN+,0.0,0.0,296.31705237,19.42376350908454,0.1018991768360138,False,NONE
316,1228,660,296.31705237,19.42376350908454,12936.0,34.68096514745308,40.435483870967744,1.5277252822492104,1.7812166053341283,1.111674659672808,True,False,-1,PV-/PNN+,0.0,0.0,296.31705237,19.42376350908454,0.4044303894042969,False,NONE
317,1301,711,296.31705237,19.42376350908454,17671.0,47.375335120643435,40.33064516129032,2.086922809417579,1.7765983732102064,1.0395370298084483,True,False,-1,PV-/PNN+,0.0,0.0,296.31705237,19.42376350908454,0.35505396127700806,False,NONE
318,1470,1082,296.31705237,19.42376350908454,6046.0,16.20911528150134,14.258064516129032,0.7140249734445522,0.6280795688533584,1.289137203664195,True,False,-1,PV-/PNN+,0.0,0.0,296.31705237,19.42376350908454,-1.9303163290023804,False,NONE
319,1236,1546,296.31705237,19.42376350908454,38968.0,104.47184986595174,68.73387096774194,4.602071644920163,3.0277840301680845,1.1989154847704775,True,False,-1,PV-/PNN+,0.0,0.0,296.31705237,19.42376350908454,2.4951157569885254,False,NONE
320,1273,1315,296.31705237,19.42376350908454,28273.0,75.79892761394102,54.21774193548387,3.339005635824979,2.38833650531738,1.2287244227309568,True,False,-1,PV-/PNN+,0.0,0.0,296.31705237,19.42376350908454,1.4028019905090332,False,NONE
321,1378,1269,296.31705237,19.42376350908454,23254.0,62.343163538873995,36.935483870967744,2.7462680669003667,1.6270387021201251,1.2436288917111966,True,False,-1,PV-/PNN+,0.0,0.0,296.31705237,19.42376350908454,1.6242507696151733,False,NONE
322,1237,1698,296.31705237,19.42376350908454,23362.0,62.63270777479893,44.653225806451616,2.7590227306668256,1.9670116361657495,1.2817843323006102,True,False,-1,PV-/PNN+,0.0,0.0,296.31705237,19.42376350908454,1.6238960027694702,False,NONE
323,1272,1412,296.31705237,19.42376350908454,26167.0,70.15281501340482,44.58870967741935,3.0902896923790264,1.964169647166413,1.2088517974239705,True,False,-1,PV-/PNN+,0.0,0.0,296.31705237,19.42376350908454,1.7036799192428589,False,NONE
324,1224,1440,296.31705237,19.42376350908454,26235.0,70.33512064343164,55.58870967741935,3.098320406602353,2.44872877155328,1.1947422334560103,True,False,-1,PV-/PNN+,0.0,0.0,296.31705237,19.42376350908454,1.4108010530471802,False,NONE
325,1257,1381,296.31705237,19.42376350908454,14588.0,39.10991957104557,29.43548387096774,1.722824398380603,1.296657480947261,1.2937079074848017,True,False,-1,PV-/PNN+,0.0,0.0,296.31705237,19.42376350908454,-0.004434619098901749,False,NONE
326,1314,1301,296.31705237,19.42376350908454,15849.0,42.49061662198391,28.637096774193548,1.8717469077278708,1.2614878670804726,1.2935091812317316,True,False,-1,PV-/PNN+,0.0,0.0,296.31705237,19.42376350908454,1.0248174667358398,False,NONE
327,1225,1277,296.31705237,19.42376350908454,10871.0,29.144772117962468,27.491935483870968,1.2838513870849697,1.2110425623422503,1.3098047339834604,True,False,-1,PV-/PNN+,0.0,0.0,296.31705237,19.42376350908454,-0.15986847877502441,False,NONE
328,1294,1586,296.31705237,19.42376350908454,15089.0,40.45308310991957,25.443548387096776,1.7819918664083438,1.1208094116133176,1.2362760203476117,True,False,-1,PV-/PNN+,0.0,0.0,296.31705237,19.42376350908454,0.6810361742973328,False,NONE
329,1230,1469,296.31705237,19.42376350908454,37364.0,100.171581769437,61.24193548387097,4.41264126824053,2.6977580576201374,1.0403319348207276,True,False,-1,PV-/PNN+,0.0,0.0,296.31705237,19.42376350908454,1.5241332054138184,False,NONE
330,1306,1471,296.31705237,19.42376350908454,14265.0,38.24396782841823,32.37903225806452,1.6846785058198042,1.4263232290419876,1.2056721773748527,True,False,-1,PV-/PNN+,0.0,0.0,296.31705237,19.42376350908454,0.5050970315933228,False,NONE
331,1224,2006,296.31705237,19.42376350908454,11949.0,32.03485254691689,23.887096774193548,1.4111618272724038,1.0522464270043255,1.1538046253236187,True,False,-1,PV-/PNN+,0.0,0.0,296.31705237,19.42376350908454,0.8284123539924622,False,NONE
332,1537,2605,296.31705237,19.42376350908454,53474.0,143.36193029490616,126.11290322580645,6.315211946737344,5.555377996452951,1.2764187234677238,True,False,-1,PV-/PNN+,0.0,0.0,296.31705237,19.42376350908454,2.383725881576538,False,NONE
333,1330,2666,296.31705237,19.42376350908454,51547.0,138.19571045576407,124.0241935483871,6.087635677496912,5.4633686025994335,1.6466457329368767,True,False,-1,PV-/PNN+,0.0,0.0,296.31705237,19.42376350908454,1.5535284280776978,False,NONE
334,1375,2554,296.31705237,19.42376350908454,27249.0,73.05361930294906,62.443548387096776,3.2180725275207744,2.7506901027327793,1.5242303610458416,True,True,2503,PV+/PNN+,48.45935709,7.8549582913870575,296.31705237,19.42376350908454,1.7212709188461304,False,NONE
335,1361,2715,296.31705237,19.42376350908454,77566.0,207.95174262734585,173.0241935483871,9.160446756566348,7.621859247595477,1.7984725902822514,True,False,-1,PV-/PNN+,0.0,0.0,296.31705237,19.42376350908454,1.3943406343460083,False,NONE
336,1263,2733,296.31705237,19.42376350908454,38164.0,102.31635388739946,106.08870967741936,4.50712025910319,4.6732956607838965,1.747201216990227,True,True,2194,PV+/PNN+,170.00495766,14.712478883374446,296.31705237,19.42376350908454,2.4058659076690674,False,NONE
337,1645,2717,296.31705237,19.42376350908454,33265.0,89.1823056300268,85.05645161290323,3.9285545388079766,3.7468072470002096,1.5200571097313746,True,False,-1,PV-/PNN+,0.0,0.0,296.31705237,19.42376350908454,0.7419303059577942,False,NONE
338,1424,2639,296.31705237,19.42376350908454,38862.0,104.18766756032171,101.16935483870968,4.589553178630861,4.456593999584491,1.8197362993607267,True,True,2615,PV+/PNN+,119.95676919,12.358547737957588,296.31705237,19.42376350908454,1.0906685590744019,False,NONE
339,1669,2805,296.31705237,19.42376350908454,46563.0,124.83378016085791,98.38709677419355,5.499031564422541,4.334033223988106,1.711033038931512,True,False,-1,PV-/PNN+,0.0,0.0,296.31705237,19.42376350908454,1.2314293384552002,False,NONE
340,1450,2718,296.31705237,19.42376350908454,44719.0,119.89008042895442,109.8225806451613,5.281257490484109,4.8377757741204945,1.438778072225801,True,False,-1,PV-/PNN+,0.0,0.0,296.31705237,19.42376350908454,0.6541198492050171,False,NONE
341,1483,2741,296.31705237,19.42376350908454,42623.0,114.27077747989276,103.36290322580645,5.033722534423941,4.553221625561931,1.928638286043011,True,True,2738,PV+/PNN+,163.64963214,14.434859996619657,296.31705237,19.42376350908454,-0.6755521297454834,False,NONE
342,1576,2790,296.31705237,19.42376350908454,55627.0,149.13404825737265,140.99193548387098,6.569478530896477,6.210811709424923,1.6051119460452756,True,False,-1,PV-/PNN+,0.0,0.0,296.31705237,19.42376350908454,1.5836750268936157,False,NONE
343,1268,2554,296.31705237,19.42376350908454,20062.0,53.78552278820376,51.45161290322581,2.369296893358354,2.2664862269708292,1.1184313522771834,True,False,-1,PV-/PNN+,0.0,0.0,296.31705237,19.42376350908454,1.6352436542510986,False,NONE
344,1643,2767,296.31705237,19.42376350908454,43091.0,115.5254691689008,120.30645161290323,5.088992744078597,5.299598986512669,1.4685870101862801,True,False,-1,PV-/PNN+,0.0,0.0,296.31705237,19.42376350908454,0.6331047415733337,False,NONE
345,1527,2804,296.31705237,19.42376350908454,44790.0,120.0804289544236,98.29838709677419,5.289642500923171,4.330125489114018,1.3777691125333533,True,False,-1,PV-/PNN+,0.0,0.0,296.31705237,19.42376350908454,1.6469802856445312,False,NONE
346,1334,2787,296.31705237,19.42376350908454,31094.0,83.36193029490616,70.29838709677419,3.672162177354433,3.0967022634019936,1.657575676855719,True,True,2392,PV+/PNN+,145.37807127,13.605186852016802,296.31705237,19.42376350908454,0.5828966498374939,False,NONE
347,1519,2642,296.31705237,19.42376350908454,30302.0,81.23860589812332,78.24193548387096,3.5786279764004,3.4466221589452952,2.064368316889727,True,True,2809,PV+/PNN+,189.07093422,15.515559616363333,296.31705237,19.42376350908454,-1.170567274093628,False,NONE
348,1295,2496,296.31705237,19.42376350908454,15370.0,41.206434316353885,34.20161290322581,1.8151776119488532,1.5066094182732426,1.2591295394506459,True,False,-1,PV-/PNN+,0.0,0.0,296.31705237,19.42376350908454,0.3291025459766388,False,NONE
349,1243,2713,296.31705237,19.42376350908454,29934.0,80.2520107238606,83.5,3.535167640603577,3.678244262391217,1.94433766003553,True,True,2146,PV+/PNN+,223.23080889,16.859012233282403,296.31705237,19.42376350908454,0.957587480545044,False,NONE
350,1550,2775,296.31705237,19.42376350908454,33427.0,89.61662198391421,106.54838709677419,3.9476865344576657,4.693544832404169,1.5723221142887485,True,False,-1,PV-/PNN+,0.0,0.0,296.31705237,19.42376350908454,-0.11337319016456604,False,NONE
351,1324,2569,296.31705237,19.42376350908454,43630.0,116.97050938337802,108.41935483870968,5.152647964172314,4.775962513384926,1.3473639958136645,True,False,-1,PV-/PNN+,0.0,0.0,296.31705237,19.42376350908454,0.04329421743750572,False,NONE
352,1363,2665,296.31705237,19.42376350908454,42459.0,113.83109919571045,109.95967741935483,5.0143543412970955,4.843815000744084,1.5556291090308798,True,False,-1,PV-/PNN+,0.0,0.0,296.31705237,19.42376350908454,0.44353872537612915,False,NONE
353,1315,2843,296.31705237,19.42376350908454,29123.0,78.07774798927613,64.06451612903226,3.439389563616555,2.8220950763411077,1.5433080813405484,True,False,-1,PV-/PNN+,0.0,0.0,296.31705237,19.42376350908454,1.7951903343200684,False,NONE
354,1332,2701,296.31705237,19.42376350908454,46570.0,124.85254691689008,121.68548387096774,5.4998582555925895,5.360346501373487,1.4274506758008187,True,False,-1,PV-/PNN+,0.0,0.0,296.31705237,19.42376350908454,0.03234006091952324,False,NONE
355,1641,2845,296.31705237,19.42376350908454,38185.0,102.37265415549598,93.04032258064517,4.509600332613335,4.098503385668097,1.4785233228397734,True,True,2962,PV+/PNN+,103.2740397,11.467021901548332,296.31705237,19.42376350908454,1.5254884958267212,False,NONE
356,1593,2768,296.31705237,19.42376350908454,41722.0,111.85522788203754,117.25,4.92731557096487,5.164959757669105,1.3356391468825426,True,False,-1,PV-/PNN+,0.0,0.0,296.31705237,19.42376350908454,-0.19496101140975952,False,NONE
357,1498,2674,296.31705237,19.42376350908454,41554.0,111.40482573726541,119.70161290322581,4.907474982883712,5.27295533964389,1.3606786547693452,True,False,-1,PV-/PNN+,0.0,0.0,296.31705237,19.42376350908454,0.2829256057739258,False,NONE
358,1297,2601,296.31705237,19.42376350908454,24156.0,64.76139410187668,77.12903225806451,2.8527931290980155,3.3975978487067415,1.2332951265515637,True,False,-1,PV-/PNN+,0.0,0.0,296.31705237,19.42376350908454,-1.251455545425415,False,NONE
359,1360,2813,296.31705237,19.42376350908454,24743.0,66.33512064343164,52.45161290322581,2.922117088643492,2.3105370564605443,1.4608366863165556,True,False,-1,PV-/PNN+,0.0,0.0,296.31705237,19.42376350908454,0.23963598906993866,False,NONE
360,1303,2689,296.31705237,19.42376350908454,22367.0,59.96514745308311,78.68548387096774,2.6415144857813924,3.4661608333157337,1.5248265398050511,True,False,-1,PV-/PNN+,0.0,0.0,296.31705237,19.42376350908454,-1.0766834020614624,False,NONE
361,1685,2833,296.31705237,19.42376350908454,21066.0,56.47721179624665,61.895161290322584,2.487868026890992,2.726533196238419,1.8469617960312974,True,True,3015,PV+/PNN+,169.21054197,14.678063680958498,296.31705237,19.42376350908454,-0.45160335302352905,False,NONE
362,1518,2703,296.31705237,19.42376350908454,50424.0,135.18498659517425,110.37903225806451,5.955010794073453,4.862287929239771,1.889489214188248,True,True,2810,PV+/PNN+,164.44404783,14.469853647963289,296.31705237,19.42376350908454,-0.9545114636421204,False,NONE
363,1458,2622,296.31705237,19.42376350908454,32471.0,87.05361930294906,80.48387096774194,3.8347841403767866,3.5453812766722375,1.876373281485637,True,True,2697,PV+/PNN+,162.06080076,14.364616952048472,296.31705237,19.42376350908454,-1.2853864431381226,False,NONE
364,1820,166,296.31705237,19.42376350908454,19650.0,52.68096514745308,48.20967741935484,2.3206402130640837,2.123676279754172,1.0941867494026603,True,False,-1,PV-/PNN+,0.0,0.0,296.31705237,19.42376350908454,0.31110310554504395,False,NONE
365,1813,486,296.31705237,19.42376350908454,6212.0,16.654155495978554,14.314516129032258,0.7336293640485542,0.6305663092277777,1.2839703210843783,True,True,3133,PV+/PNN+,131.87300454,12.957851838301272,296.31705237,19.42376350908454,-1.2787426710128784,False,NONE
366,1899,2239,296.31705237,19.42376350908454,21017.0,56.34584450402145,66.08870967741936,2.4820811887006538,2.9112624811952896,1.6382992303079424,True,False,-1,PV-/PNN+,0.0,0.0,296.31705237,19.42376350908454,0.49353745579719543,False,NONE
367,1855,2473,296.31705237,19.42376350908454,47117.0,126.31903485254692,132.25806451612902,5.564458265594933,5.826077448639749,1.4664010214025118,True,False,-1,PV-/PNN+,0.0,0.0,296.31705237,19.42376350908454,1.5516937971115112,False,NONE
368,1920,2401,296.31705237,19.42376350908454,33010.0,88.49865951742628,78.79032258064517,3.898439360470504,3.4707790654396558,1.6456521016715273,True,False,-1,PV-/PNN+,0.0,0.0,296.31705237,19.42376350908454,1.6480319499969482,False,NONE
369,1891,2508,296.31705237,19.42376350908454,21017.0,56.34584450402145,54.16129032258065,2.4820811887006538,2.385849764942961,1.539731008785291,True,False,-1,PV-/PNN+,0.0,0.0,296.31705237,19.42376350908454,-0.44414639472961426,False,NONE
370,1180,2155,296.31705237,19.42376350908454,39832.0,106.78820375335121,57.5,4.7041089550518365,2.532922695658623,1.1617536754464133,True,False,-1,PV-/PNN+,0.0,0.0,296.31705237,19.42376350908454,1.9642568826675415,False,NONE
371,586,1248,296.31705237,19.42376350908454,27012.0,72.41823056300268,60.20967741935484,3.1900831264777114,2.652286233630754,1.201101473554246,True,False,-1,PV-/PNN+,0.0,0.0,296.31705237,19.42376350908454,1.7625118494033813,False,NONE
372,612,1392,296.31705237,19.42376350908454,35673.0,95.63806970509384,77.04032258064517,4.212936301304583,3.3936901138326543,1.300265873836107,True,False,-1,PV-/PNN+,0.0,0.0,296.31705237,19.42376350908454,2.7159037590026855,False,NONE
373,736,2338,296.31705237,19.42376350908454,36372.0,97.51206434316354,71.83064516129032,4.2954873195708325,3.1641995021362344,1.3392162194378001,True,False,-1,PV-/PNN+,0.0,0.0,296.31705237,19.42376350908454,2.140632390975952,False,NONE
374,1220,1788,296.31705237,19.42376350908454,32420.0,86.91689008042896,58.87903225806452,3.8287611047092924,2.5936702105194396,1.098956179476337,True,False,-1,PV-/PNN+,0.0,0.0,296.31705237,19.42376350908454,2.272346019744873,False,NONE
375,584,2309,296.31705237,19.42376350908454,25332.0,67.91420911528151,43.49193548387097,2.991677245666126,1.9158558341776932,1.395654475309641,True,False,-1,PV-/PNN+,0.0,0.0,296.31705237,19.42376350908454,1.4574856758117676,False,NONE
376,1029,2312,296.31705237,19.42376350908454,52972.0,142.01608579088472,113.80645161290323,6.255926379971025,5.013268594829521,1.4328162846337051,True,False,-1,PV-/PNN+,0.0,0.0,296.31705237,19.42376350908454,3.1453940868377686,False,NONE
377,1184,2785,296.31705237,19.42376350908454,45569.0,122.16890080428955,107.62096774193549,5.381641418275686,4.740792899518137,1.5524494889817622,True,True,1980,PV+/PNN+,149.35014972,13.789797556005714,296.31705237,19.42376350908454,2.4655630588531494,False,NONE
378,581,1938,296.31705237,19.42376350908454,54539.0,146.2171581769437,110.73387096774194,6.440987103323261,4.8779188687361215,1.2074607136524815,True,False,-1,PV-/PNN+,0.0,0.0,296.31705237,19.42376350908454,2.5046584606170654,False,NONE
379,464,2359,296.31705237,19.42376350908454,18515.0,49.638069705093834,34.29032258064516,2.186598144777685,1.51051715314733,1.507934808294113,True,True,286,PV+/PNN+,73.88065917,9.698854408967305,296.31705237,19.42376350908454,2.896840810775757,False,NONE
380,599,1824,296.31705237,19.42376350908454,30863.0,82.74262734584451,70.09677419354838,3.644881368742841,3.087821047779067,1.1697027255692078,True,False,-1,PV-/PNN+,0.0,0.0,296.31705237,19.42376350908454,2.6915414333343506,False,NONE
381,1156,620,296.31705237,19.42376350908454,23758.0,63.69436997319035,45.42741935483871,2.805789831143842,2.001115504157787,1.1691065468099984,True,False,-1,PV-/PNN+,0.0,0.0,296.31705237,19.42376350908454,1.7054818868637085,False,NONE
382,1176,1631,296.31705237,19.42376350908454,26085.0,69.93297587131367,62.45161290322581,3.0806055958156042,2.7510453513576962,1.0667625264790193,True,False,-1,PV-/PNN+,0.0,0.0,296.31705237,19.42376350908454,2.1351494789123535,False,NONE
383,951,611,296.31705237,19.42376350908454,42889.0,114.98391420911528,95.79838709677419,5.065136798885775,4.21999841538973,1.0810708167000493,True,False,-1,PV-/PNN+,0.0,0.0,296.31705237,19.42376350908454,2.5688698291778564,False,NONE
384,377,2360,296.31705237,19.42376350908454,9975.0,26.742627345844504,20.35483870967742,1.1780349173187905,0.896647529290654,1.9228752247039846,True,True,118,PV+/PNN+,118.36793781,12.276430232296539,296.31705237,19.42376350908454,0.9411473274230957,False,NONE
385,1179,1754,296.31705237,19.42376350908454,18692.0,50.11260053619303,46.725806451612904,2.2075016215060486,2.0583105327694335,1.26727731582651,True,True,1966,PV+/PNN+,90.56338866,10.738197602350779,296.31705237,19.42376350908454,1.5825482606887817,False,NONE
386,1143,1763,296.31705237,19.42376350908454,37737.0,101.171581769437,73.03225806451613,4.4566920977302455,3.217131547248876,1.1371116200657505,True,False,-1,PV-/PNN+,0.0,0.0,296.31705237,19.42376350908454,2.1909162998199463,False,NONE
387,796,2367,296.31705237,19.42376350908454,28189.0,75.57372654155496,55.45967741935484,3.3290853417844,2.443044793554607,1.3429920182461275,True,False,-1,PV-/PNN+,0.0,0.0,296.31705237,19.42376350908454,1.9974309206008911,False,NONE
388,1329,1196,296.31705237,19.42376350908454,38029.0,101.9544235924933,58.03225806451613,4.491176929395117,2.5563691049031485,1.2122301437261584,True,False,-1,PV-/PNN+,0.0,0.0,296.31705237,19.42376350908454,1.5323600769042969,False,NONE
389,1174,2617,296.31705237,19.42376350908454,38267.0,102.59249329758713,103.88709677419355,4.519284429176758,4.57631278618154,1.300663326342247,True,False,-1,PV-/PNN+,0.0,0.0,296.31705237,19.42376350908454,1.4052976369857788,False,NONE
390,1155,959,296.31705237,19.42376350908454,36435.0,97.68096514745308,80.71774193548387,4.302927540101266,3.555683486794832,1.0596083813685042,True,False,-1,PV-/PNN+,0.0,0.0,296.31705237,19.42376350908454,2.1292145252227783,False,NONE
391,1186,521,296.31705237,19.42376350908454,18547.0,49.72386058981233,47.99193548387097,2.1903773044121913,2.114084566881411,1.1925562446722417,True,False,-1,PV-/PNN+,0.0,0.0,296.31705237,19.42376350908454,0.8903108239173889,False,NONE
392,616,2005,296.31705237,19.42376350908454,23039.0,61.76675603217158,53.57258064516129,2.7208768381060264,2.3599166153240154,1.6402864928386411,True,False,-1,PV-/PNN+,0.0,0.0,296.31705237,19.42376350908454,1.2307976484298706,False,NONE
393,584,2095,296.31705237,19.42376350908454,21976.0,58.916890080428956,38.524193548387096,2.5953378789972676,1.6970226812287854,1.4045971566977848,True,False,-1,PV-/PNN+,0.0,0.0,296.31705237,19.42376350908454,0.5923423767089844,False,NONE
394,1177,1535,296.31705237,19.42376350908454,30733.0,82.3941018766756,71.53225806451613,3.6295285327276585,3.1510553030143034,1.1422785026455669,True,False,-1,PV-/PNN+,0.0,0.0,296.31705237,19.42376350908454,1.0108338594436646,False,NONE
395,659,632,296.31705237,19.42376350908454,8713.0,23.359249329758715,18.774193548387096,1.0289943092329448,0.8270187988069106,1.3912824977421039,True,True,766,PV+/PNN+,54.02026692,8.293415464071046,296.31705237,19.42376350908454,0.2560080587863922,False,NONE
396,884,622,296.31705237,19.42376350908454,67504.0,180.9758713136729,119.08064516129032,7.972137248991242,5.245601195525277,1.5780851756277743,True,False,-1,PV-/PNN+,0.0,0.0,296.31705237,19.42376350908454,1.3793128728866577,False,NONE
397,1156,2692,296.31705237,19.42376350908454,47887.0,128.3833780160858,108.21774193548387,5.655394294300243,4.767081297762,1.3743907662311656,True,False,-1,PV-/PNN+,0.0,0.0,296.31705237,19.42376350908454,1.4352397918701172,False,NONE
398,623,1591,296.31705237,19.42376350908454,46238.0,123.96246648793566,79.1774193548387,5.460649474384585,3.487830999435674,1.2772136284800033,True,True,674,PV+/PNN+,38.92636881,7.040070461425612,296.31705237,19.42376350908454,1.1977812051773071,False,NONE
399,1763,110,296.31705237,19.42376350908454,40937.0,109.75067024128687,88.76612903225806,4.8346080611808855,3.910221614462056,1.0480822586904521,True,False,-1,PV-/PNN+,0.0,0.0,296.31705237,19.42376350908454,1.9409724473953247,False,NONE
400,360,1765,296.31705237,19.42376350908454,10804.0,28.96514745308311,30.129032258064516,1.275938771600222,1.3272088626901282,1.4383806197196614,True,True,80,PV+/PNN+,138.22833006,13.266415342325756,296.31705237,19.42376350908454,0.15749487280845642,False,NONE
401,1762,155,296.31705237,19.42376350908454,35829.0,96.05630026809652,80.65322580645162,4.231359704522802,3.552841497795496,1.3276900967597483,True,False,-1,PV-/PNN+,0.0,0.0,296.31705237,19.42376350908454,2.1212868690490723,False,NONE
402,1155,1919,296.31705237,19.42376350908454,26385.0,70.7372654155496,43.78225806451613,3.116035217389102,1.9286447846747072,1.0284083596365359,True,False,-1,PV-/PNN+,0.0,0.0,296.31705237,19.42376350908454,0.44779056310653687,False,NONE
403,616,2149,296.31705237,19.42376350908454,17044.0,45.69436997319035,34.846774193548384,2.012874900328969,1.5350293082666069,1.4240723294986313,True,False,-1,PV-/PNN+,0.0,0.0,296.31705237,19.42376350908454,0.4615137279033661,False,NONE
404,678,1189,296.31705237,19.42376350908454,39258.0,105.24932975871313,87.87096774193549,4.636320279107878,3.870789017096263,1.156586792866597,True,False,-1,PV-/PNN+,0.0,0.0,296.31705237,19.42376350908454,1.7707417011260986,False,NONE
405,1526,597,296.31705237,19.42376350908454,40705.0,109.12868632707774,90.05645161290323,4.807209153830714,3.9670613944487854,1.1154504584811356,True,False,-1,PV-/PNN+,0.0,0.0,296.31705237,19.42376350908454,1.1310325860977173,False,NONE
406,605,2747,296.31705237,19.42376350908454,29011.0,77.77747989276139,65.50806451612904,3.4261625048957827,2.8856845802012616,1.35352450965883,True,False,-1,PV-/PNN+,0.0,0.0,296.31705237,19.42376350908454,1.4480079412460327,False,NONE
407,603,2814,296.31705237,19.42376350908454,62479.0,167.5040214477212,114.99193548387096,7.3786910876351595,5.065490142692328,1.2175957525590444,True,False,-1,PV-/PNN+,0.0,0.0,296.31705237,19.42376350908454,1.1912788152694702,False,NONE
408,1153,821,296.31705237,19.42376350908454,26126.0,70.04289544235925,51.32258064516129,3.0854476440973158,2.260802248972156,1.0105229968602483,True,False,-1,PV-/PNN+,0.0,0.0,296.31705237,19.42376350908454,1.0180716514587402,False,NONE
409,603,1625,296.31705237,19.42376350908454,71980.0,192.9758713136729,134.75806451612902,8.500747202867824,5.9362045223640365,1.1641383904832516,True,False,-1,PV-/PNN+,0.0,0.0,296.31705237,19.42376350908454,1.361034870147705,False,NONE
410,997,635,296.31705237,19.42376350908454,24821.0,66.54423592493298,48.70967741935484,2.9313287902526017,2.1457016944990297,1.1325409162451436,True,False,-1,PV-/PNN+,0.0,0.0,296.31705237,19.42376350908454,0.559027373790741,False,NONE
411,1183,1935,296.31705237,19.42376350908454,29397.0,78.81233243967829,64.46774193548387,3.4717486179870165,2.8398575075869608,1.0784873754101412,True,False,-1,PV-/PNN+,0.0,0.0,296.31705237,19.42376350908454,0.6089026927947998,False,NONE
412,1206,1904,296.31705237,19.42376350908454,20888.0,56.0,51.20161290322581,2.46684645142405,2.2554735195984006,1.0170809632115538,True,False,-1,PV-/PNN+,0.0,0.0,296.31705237,19.42376350908454,0.7159618735313416,False,NONE
413,1310,599,296.31705237,19.42376350908454,24050.0,64.47721179624665,64.83870967741936,2.840274662808713,2.8561989443331455,1.3404085769562195,True,False,-1,PV-/PNN+,0.0,0.0,296.31705237,19.42376350908454,0.5710647106170654,False,NONE
414,1730,258,296.31705237,19.42376350908454,32056.0,85.94101876675603,69.37903225806451,3.7857731638667818,3.056203920161449,1.0429153761106358,True,False,-1,PV-/PNN+,0.0,0.0,296.31705237,19.42376350908454,0.7092445492744446,False,NONE
415,613,936,296.31705237,19.42376350908454,13079.0,35.06434316353887,25.693548387096776,1.544613401865911,1.1318221189857465,1.2633027907651129,True,False,-1,PV-/PNN+,0.0,0.0,296.31705237,19.42376350908454,0.183082714676857,False,NONE
416,1191,1162,296.31705237,19.42376350908454,19348.0,51.871313672922255,38.395161290322584,2.28497439401343,1.6913387032301126,1.0788848279162808,True,False,-1,PV-/PNN+,0.0,0.0,296.31705237,19.42376350908454,1.0827083587646484,False,NONE
417,991,2359,296.31705237,19.42376350908454,20663.0,55.396782841823054,43.29838709677419,2.4402742352439266,1.9073298671796837,1.0923982131250314,True,False,-1,PV-/PNN+,0.0,0.0,296.31705237,19.42376350908454,0.9434716701507568,False,NONE
418,595,1900,296.31705237,19.42376350908454,37496.0,100.5254691689008,84.05645161290323,4.428230301732869,3.7027564175104946,1.3173563316001153,True,True,595,PV+/PNN+,104.06845539,11.511041341340722,296.31705237,19.42376350908454,1.072515606880188,False,NONE
419,1201,920,296.31705237,19.42376350908454,27900.0,74.79892761394102,53.346774193548384,3.294954806335264,2.3499696538263377,1.0927956656311713,True,False,-1,PV-/PNN+,0.0,0.0,296.31705237,19.42376350908454,0.9777164459228516,False,NONE
420,864,2340,296.31705237,19.42376350908454,16863.0,45.20911528150134,40.306451612903224,1.9914990286462924,1.7755326273354552,1.4087704080122518,True,False,-1,PV-/PNN+,0.0,0.0,296.31705237,19.42376350908454,1.4015506505966187,False,NONE
421,1207,2742,296.31705237,19.42376350908454,27135.0,72.7479892761394,85.59677419354838,3.204609271322845,3.7706089048696523,1.614452079939559,True,False,-1,PV-/PNN+,0.0,0.0,296.31705237,19.42376350908454,-0.06657809019088745,False,NONE
422,611,670,296.31705237,19.42376350908454,5978.0,16.02680965147453,14.39516129032258,0.705994259221226,0.6341187954769483,1.4139372905920682,True,False,-1,PV-/PNN+,0.0,0.0,296.31705237,19.42376350908454,-1.4991308450698853,False,NONE
423,1197,624,296.31705237,19.42376350908454,13384.0,35.88203753351206,33.25806451612903,1.5806335171323,1.4650453291579466,1.311990722767229,True,False,-1,PV-/PNN+,0.0,0.0,296.31705237,19.42376350908454,-0.36279547214508057,False,NONE
424,1154,1796,296.31705237,19.42376350908454,21186.0,56.79892761394102,42.82258064516129,2.5020398755203908,1.8863701983095773,1.1530097203113394,True,False,-1,PV-/PNN+,0.0,0.0,296.31705237,19.42376350908454,0.8783242702484131,False,NONE
425,1013,1773,296.31705237,19.42376350908454,17448.0,46.77747989276139,42.733870967741936,2.0605867907146123,1.8824624634354896,1.060204560127714,True,False,-1,PV-/PNN+,0.0,0.0,296.31705237,19.42376350908454,0.32211118936538696,False,NONE
426,683,601,296.31705237,19.42376350908454,6272.0,16.815013404825738,19.096774193548388,0.7407152883632536,0.8412287438035931,1.6740699558605174,True,True,825,PV+/PNN+,88.18014159,10.595963539609496,296.31705237,19.42376350908454,-0.13427333533763885,False,NONE
427,711,2359,296.31705237,19.42376350908454,17775.0,47.65415549597855,42.37903225806452,2.0992050782297245,1.8668315239391393,1.4218863407148628,True,False,-1,PV-/PNN+,0.0,0.0,296.31705237,19.42376350908454,0.538191556930542,False,NONE
428,621,1809,296.31705237,19.42376350908454,22435.0,60.14745308310992,47.725806451612904,2.649545200004719,2.1023613622591486,1.2700594833694883,True,False,-1,PV-/PNN+,0.0,0.0,296.31705237,19.42376350908454,-0.2417726218700409,False,NONE
429,1173,2651,296.31705237,19.42376350908454,21919.0,58.76407506702413,52.475806451612904,2.588606250898303,2.3116028023352957,1.1587727816503655,True,False,-1,PV-/PNN+,0.0,0.0,296.31705237,19.42376350908454,-0.7470262050628662,False,NONE
430,1099,1748,296.31705237,19.42376350908454,14431.0,38.689008042895445,39.016129032258064,1.7042828964238064,1.718692847348726,1.1856008258147968,True,False,-1,PV-/PNN+,0.0,0.0,296.31705237,19.42376350908454,0.7295337915420532,False,NONE
431,1194,571,296.31705237,19.42376350908454,16372.0,43.892761394101875,38.193548387096776,1.9335125480043347,1.6824574876071863,1.206665808640202,True,False,-1,PV-/PNN+,0.0,0.0,296.31705237,19.42376350908454,-0.4983309507369995,False,NONE
432,1177,251,296.31705237,19.42376350908454,38295.0,102.66756032171581,102.15322580645162,4.52259119385695,4.499934331824372,1.1428746814047763,True,False,-1,PV-/PNN+,0.0,0.0,296.31705237,19.42376350908454,0.680638313293457,False,NONE
433,1195,1411,296.31705237,19.42376350908454,16498.0,44.23056300268097,36.33064516129032,1.9483929890652039,1.6003950552513457,1.516281310923047,True,True,2024,PV+/PNN+,125.51767902,12.64175907426016,296.31705237,19.42376350908454,0.600002646446228,False,NONE
434,1177,594,296.31705237,19.42376350908454,12223.0,32.76943699731903,32.0,1.4435208816428649,1.4096265436708857,1.3330557055926342,True,False,-1,PV-/PNN+,0.0,0.0,296.31705237,19.42376350908454,-0.12118344008922577,False,NONE
435,816,2327,296.31705237,19.42376350908454,13390.0,35.898123324396785,33.846774193548384,1.58134210956377,1.4909784787768918,1.7714458198647498,True,True,1182,PV+/PNN+,114.39585936,12.068692219586765,296.31705237,19.42376350908454,0.13529130816459656,False,NONE
436,594,2459,296.31705237,19.42376350908454,10231.0,27.428954423592494,29.758064516129032,1.2082681943948417,1.3108674259439435,1.5723221142887485,True,True,587,PV+/PNN+,105.65728677,11.598579038183399,296.31705237,19.42376350908454,-0.4981200695037842,False,NONE
437,1196,129,296.31705237,19.42376350908454,59714.0,160.0911528150134,141.99193548387098,7.052148075466091,6.254862538914638,1.143470860163986,True,False,-1,PV-/PNN+,0.0,0.0,296.31705237,19.42376350908454,1.4034594297409058,False,NONE
438,1197,19,296.31705237,19.42376350908454,28365.0,76.0455764075067,94.04032258064517,3.349870719774185,4.142554215157812,1.0164847844523441,True,False,-1,PV-/PNN+,0.0,0.0,296.31705237,19.42376350908454,-0.5006468296051025,False,NONE
439,978,596,296.31705237,19.42376350908454,14398.0,38.60053619302949,37.62096774193548,1.7003856380507214,1.6572348352380748,1.0741153978426041,True,False,-1,PV-/PNN+,0.0,0.0,296.31705237,19.42376350908454,-1.0298913717269897,False,NONE
440,1170,1042,296.31705237,19.42376350908454,17143.0,45.9597855227882,45.29838709677419,2.024566675448223,1.995431526159114,1.0144975219216457,True,False,-1,PV-/PNN+,0.0,0.0,296.31705237,19.42376350908454,0.6737706661224365,False,NONE
441,923,1786,296.31705237,19.42376350908454,20486.0,54.92225201072386,57.37096774193548,2.419370758515563,2.52723871765995,1.5794762593992633,True,False,-1,PV-/PNN+,0.0,0.0,296.31705237,19.42376350908454,0.5330483913421631,False,NONE
442,1170,281,296.31705237,19.42376350908454,39732.0,106.5201072386059,107.35483870967742,4.692299081194004,4.729069694895875,1.1869919095862858,True,False,-1,PV-/PNN+,0.0,0.0,296.31705237,19.42376350908454,0.5639835000038147,False,NONE
443,1167,676,296.31705237,19.42376350908454,12725.0,34.11528150134048,29.81451612903226,1.502806448409184,1.313354166318363,1.3268951917474687,True,True,1932,PV+/PNN+,50.04818847,7.982689565701676,296.31705237,19.42376350908454,-0.6459206342697144,False,NONE
444,1177,70,296.31705237,19.42376350908454,50301.0,134.85522788203752,140.33870967741936,5.940484649228319,6.182036570806641,1.1239956873631396,True,False,-1,PV-/PNN+,0.0,0.0,296.31705237,19.42376350908454,1.0630393028259277,False,NONE
445,1129,1167,296.31705237,19.42376350908454,10985.0,29.450402144772116,26.0,1.2973146432828986,1.1453215667325947,1.0554351300540372,True,False,-1,PV-/PNN+,0.0,0.0,296.31705237,19.42376350908454,-0.6569896936416626,False,NONE
446,1200,818,296.31705237,19.42376350908454,14299.0,38.33512064343164,45.774193548387096,1.6886938629314674,2.0163911950292204,1.2271346127063978,True,False,-1,PV-/PNN+,0.0,0.0,296.31705237,19.42376350908454,-0.6186637878417969,False,NONE
447,1776,1198,296.31705237,19.42376350908454,6858.0,18.386058981233244,17.379032258064516,0.809921149170152,0.7655607866962597,1.5417182713159894,True,False,-1,PV-/PNN+,0.0,0.0,296.31705237,19.42376350908454,-1.2592833042144775,False,NONE
448,654,1776,296.31705237,19.42376350908454,11119.0,29.80965147453083,33.91935483870968,1.3131398742523943,1.4941757164011455,1.1470479327192435,True,False,-1,PV-/PNN+,0.0,0.0,296.31705237,19.42376350908454,0.08491730690002441,False,NONE
449,1189,489,296.31705237,19.42376350908454,15285.0,40.97855227882037,41.32258064516129,1.8051392191696956,1.8202939540750045,1.3392162194378001,True,False,-1,PV-/PNN+,0.0,0.0,296.31705237,19.42376350908454,-0.608028769493103,False,NONE
450,876,593,296.31705237,19.42376350908454,16307.0,43.71849865951743,39.08064516129032,1.9258361299967437,1.7215348363480623,1.5117106071024402,True,False,-1,PV-/PNN+,0.0,0.0,296.31705237,19.42376350908454,-0.30716127157211304,False,NONE
451,1743,76,296.31705237,19.42376350908454,22565.0,60.49597855227882,62.225806451612904,2.664898036019901,2.7410983898600185,1.1484390164907325,True,False,-1,PV-/PNN+,0.0,0.0,296.31705237,19.42376350908454,-0.2739042639732361,False,NONE
452,591,2214,296.31705237,19.42376350908454,10610.0,28.445040214477213,28.629032258064516,1.253027616316027,1.2611326184555554,1.638696682814082,True,True,596,PV+/PNN+,82.61923176,10.25641618853639,296.31705237,19.42376350908454,-0.3536042869091034,False,NONE
453,602,2566,296.31705237,19.42376350908454,11831.0,31.718498659517426,34.25806451612903,1.3972261761201614,1.509096158647662,1.4946201493384323,True,True,616,PV+/PNN+,100.89079263,11.333937836259334,296.31705237,19.42376350908454,-0.30843400955200195,False,NONE
454,1188,1868,296.31705237,19.42376350908454,12451.0,33.38069705093834,25.177419354838708,1.470447394038723,1.1090862069910545,1.3102021864896003,True,True,1997,PV+/PNN+,90.56338866,10.738197602350779,296.31705237,19.42376350908454,0.20204946398735046,False,NONE
455,784,2320,296.31705237,19.42376350908454,10568.0,28.33243967828418,26.661290322580644,1.2480674692957372,1.1744519539757934,1.3264977392413289,True,False,-1,PV-/PNN+,0.0,0.0,296.31705237,19.42376350908454,-0.5911564826965332,False,NONE
456,1168,902,296.31705237,19.42376350908454,11648.0,31.22788203753351,31.677419354838708,1.375614106960328,1.3954165986742033,1.1428746814047763,True,True,1946,PV+/PNN+,61.17000813,8.825195369105854,296.31705237,19.42376350908454,-0.08762377500534058,False,NONE
457,1177,1272,296.31705237,19.42376350908454,11557.0,30.98391420911528,34.185483870967744,1.3648671217497004,1.5058989210234084,1.245616154241895,True,False,-1,PV-/PNN+,0.0,0.0,296.31705237,19.42376350908454,-1.182368516921997,False,NONE
458,1311,1172,296.31705237,19.42376350908454,17801.0,47.72386058981233,45.99193548387097,2.102275645432761,2.025982907901981,1.660755296904837,True,False,-1,PV-/PNN+,0.0,0.0,296.31705237,19.42376350908454,0.09025810658931732,False,NONE
459,1182,1002,296.31705237,19.42376350908454,25528.0,68.4396782841823,48.62096774193548,3.0148245984274773,2.1417939596249416,1.1436695864170559,True,True,1962,PV+/PNN+,121.54560057,12.44012319610657,296.31705237,19.42376350908454,-1.2353014945983887,False,NONE
460,1200,1773,296.31705237,19.42376350908454,9168.0,24.579088471849865,21.338709677419356,1.0827292352860824,0.9399878615305352,1.1559906141073872,True,False,-1,PV-/PNN+,0.0,0.0,296.31705237,19.42376350908454,0.8025381565093994,False,NONE
461,1751,20,296.31705237,19.42376350908454,15640.0,41.93029490616622,47.20161290322581,1.847064271365001,2.07927020163954,1.1067065033460615,True,False,-1,PV-/PNN+,0.0,0.0,296.31705237,19.42376350908454,0.09786638617515564,False,NONE
462,1171,202,296.31705237,19.42376350908454,23829.0,63.88471849865952,75.71774193548387,2.8141748415829033,3.3354293393462564,1.1228033298447204,True,False,-1,PV-/PNN+,0.0,0.0,296.31705237,19.42376350908454,0.3500111401081085,False,NONE
463,509,2347,296.31705237,19.42376350908454,14114.0,37.839142091152816,34.88709677419355,1.6668455962944773,1.5368055513911925,1.3239142979514207,True,False,-1,PV-/PNN+,0.0,0.0,296.31705237,19.42376350908454,-0.39343148469924927,False,NONE
464,624,2536,296.31705237,19.42376350908454,16753.0,44.9142091152815,40.78225806451613,1.9785081674026765,1.7964922962055616,1.381346185088611,True,False,-1,PV-/PNN+,0.0,0.0,296.31705237,19.42376350908454,0.980209469795227,False,NONE
465,1200,1445,296.31705237,19.42376350908454,12488.0,33.479892761394105,36.37096774193548,1.474817047366121,1.6021712983759309,1.2619117069936239,True,False,-1,PV-/PNN+,0.0,0.0,296.31705237,19.42376350908454,-0.2174777388572693,False,NONE
466,1167,2528,296.31705237,19.42376350908454,10202.0,27.351206434316353,27.919354838709676,1.2048433309760702,1.2298707394628543,1.3088111027181113,True,False,-1,PV-/PNN+,0.0,0.0,296.31705237,19.42376350908454,-0.01731865480542183,False,NONE
467,1040,1776,296.31705237,19.42376350908454,12825.0,34.38337801608579,33.36290322580645,1.5146163222670166,1.4696635612818683,1.1045205145622932,True,False,-1,PV-/PNN+,0.0,0.0,296.31705237,19.42376350908454,-0.34655171632766724,False,NONE
468,599,873,296.31705237,19.42376350908454,4924.0,13.201072386058982,11.209677419354838,0.5815181887596717,0.4937955886347104,1.2553537406423185,True,True,613,PV+/PNN+,60.37559244,8.767701627645716,296.31705237,19.42376350908454,-1.2595514059066772,False,NONE
469,1168,2035,296.31705237,19.42376350908454,5701.0,15.284182305630027,18.016129032258064,0.6732809086350301,0.7936254280647073,1.4342073684051941,True,True,1945,PV+/PNN+,94.53546711,10.971157418634661,296.31705237,19.42376350908454,-0.6113947629928589,False,NONE
470,559,1745,296.31705237,19.42376350908454,13090.0,35.09383378016086,36.41935483870968,1.5459124879902726,1.6043027901254334,1.356902855961018,True,False,-1,PV-/PNN+,0.0,0.0,296.31705237,19.42376350908454,-0.8868341445922852,False,NONE
471,693,1743,296.31705237,19.42376350908454,8588.0,23.024128686327078,25.701612903225808,1.014231966910654,1.1321773676106635,1.1945435072029407,True,False,-1,PV-/PNN+,0.0,0.0,296.31705237,19.42376350908454,-0.8340072631835938,False,NONE
472,238,2597,71.4974121,9.54113894836179,779.0,8.655555555555555,0.0,0.0,0.0,1.5459158113947207,False,True,1,PV+/PNN-,71.4974121,9.54113894836179,0.0,0.0,0.0,False,NONE
473,242,2580,146.17248696000001,13.642308849668991,1376.0,7.478260869565218,0.0,0.0,0.0,1.1880125417012368,False,True,2,PV+/PNN-,146.17248696000001,13.642308849668991,0.0,0.0,0.0,False,NONE
474,282,1570,54.81468261,8.354173898786094,489.0,7.086956521739131,0.0,0.0,0.0,1.4599380980418049,False,True,3,PV+/PNN-,54.81468261,8.354173898786094,0.0,0.0,0.0,False,NONE
475,297,2554,93.74105142,10.924962866435578,1190.0,10.084745762711865,0.0,0.0,0.0,1.936669858084453,False,True,4,PV+/PNN-,93.74105142,10.924962866435578,0.0,0.0,0.0,False,NONE
476,299,1650,106.45170246,11.642101063659146,897.0,6.6940298507462686,0.0,0.0,0.0,1.455392476801485,False,True,5,PV+/PNN-,106.45170246,11.642101063659146,0.0,0.0,0.0,False,NONE
477,303,2544,96.12429849,11.062967867954534,1464.0,12.099173553719009,0.0,0.0,0.0,1.9254093950220574,False,True,6,PV+/PNN-,96.12429849,11.062967867954534,0.0,0.0,0.0,False,NONE
478,305,1920,89.76897297000001,10.690996505268625,1462.0,12.938053097345133,0.0,0.0,0.0,1.8846089898318865,False,True,7,PV+/PNN-,89.76897297000001,10.690996505268625,0.0,0.0,0.0,False,NONE
479,303,2432,76.26390624,9.854045933561641,770.0,8.020833333333334,0.0,0.0,0.0,1.9110323820601027,False,True,8,PV+/PNN-,76.26390624,9.854045933561641,0.0,0.0,0.0,False,NONE
480,305,2576,109.62936522,11.814586030086609,2101.0,15.22463768115942,0.0,0.0,0.0,2.0416573622725904,False,True,9,PV+/PNN-,109.62936522,11.814586030086609,0.0,0.0,0.0,False,NONE
481,309,2514,101.68520832,11.378472144697502,1305.0,10.1953125,0.0,0.0,0.0,1.9278263029933582,False,True,10,PV+/PNN-,101.68520832,11.378472144697502,0.0,0.0,0.0,False,NONE
482,311,1334,100.09637694,11.289227848029503,1156.0,9.174603174603174,0.0,0.0,0.0,1.3636627029503623,False,True,11,PV+/PNN-,100.09637694,11.289227848029503,0.0,0.0,0.0,False,NONE
483,313,1850,100.09637694,11.289227848029503,1354.0,10.746031746031745,0.0,0.0,0.0,1.572506645809456,False,True,12,PV+/PNN-,100.09637694,11.289227848029503,0.0,0.0,0.0,False,NONE
484,314,1897,122.34001626,12.48071098158173,1328.0,8.623376623376624,0.0,0.0,0.0,1.8497529965857786,False,True,13,PV+/PNN-,122.34001626,12.48071098158173,0.0,0.0,0.0,False,NONE
485,316,1762,124.72326333,12.60169000650996,1979.0,12.605095541401274,0.0,0.0,0.0,1.5703145994010488,False,True,14,PV+/PNN-,124.72326333,12.60169000650996,0.0,0.0,0.0,False,NONE
486,315,1999,68.31974934,9.326703948667076,710.0,8.255813953488373,0.0,0.0,0.0,1.7091821118535009,False,True,15,PV+/PNN-,68.31974934,9.326703948667076,0.0,0.0,0.0,False,NONE
487,318,1810,139.02274575,13.304482609502793,1689.0,9.651428571428571,0.0,0.0,0.0,1.5379856244940429,False,True,16,PV+/PNN-,139.02274575,13.304482609502793,0.0,0.0,0.0,False,NONE
488,318,1940,130.28417316,12.879555944225542,2243.0,13.676829268292684,0.0,0.0,0.0,1.821935617344396,False,True,17,PV+/PNN-,130.28417316,12.879555944225542,0.0,0.0,0.0,False,NONE
489,321,2516,153.32222817,13.97196922387648,2205.0,11.424870466321243,0.0,0.0,0.0,1.964117615069064,False,True,18,PV+/PNN-,153.32222817,13.97196922387648,0.0,0.0,0.0,False,NONE
490,323,1673,139.02274575,13.304482609502793,1437.0,8.211428571428572,0.0,0.0,0.0,1.6485376068661015,False,True,19,PV+/PNN-,139.02274575,13.304482609502793,0.0,0.0,0.0,False,NONE
491,321,1306,46.87052571,7.72511532706782,544.0,9.220338983050848,0.0,0.0,0.0,1.5541100320794474,False,True,20,PV+/PNN-,46.87052571,7.72511532706782,0.0,0.0,0.0,False,NONE
492,323,2053,105.65728677,11.598579038183399,1116.0,8.390977443609023,0.0,0.0,0.0,1.8085359084358266,False,True,21,PV+/PNN-,105.65728677,11.598579038183399,0.0,0.0,0.0,False,NONE
493,329,2416,266.92367184,18.435231878460318,3217.0,9.574404761904763,0.0,0.0,0.0,2.368246190062361,False,True,22,PV+/PNN-,266.92367184,18.435231878460318,0.0,0.0,0.0,False,NONE
494,324,2699,131.07858885,12.91876320674319,2779.0,16.842424242424244,0.0,0.0,0.0,1.58178027953334,False,True,23,PV+/PNN-,131.07858885,12.91876320674319,0.0,0.0,0.0,False,NONE
495,326,2007,185.89327146,15.384624282804584,2509.0,10.722222222222221,0.0,0.0,0.0,1.9551232301807744,False,True,24,PV+/PNN-,185.89327146,15.384624282804584,0.0,0.0,0.0,False,NONE
496,326,1988,109.62936522,11.814586030086609,1897.0,13.746376811594203,0.0,0.0,0.0,1.7666432687488949,False,True,25,PV+/PNN-,109.62936522,11.814586030086609,0.0,0.0,0.0,False,NONE
497,327,2398,106.45170246,11.642101063659146,1344.0,10.029850746268657,0.0,0.0,0.0,1.8321018180032376,False,True,26,PV+/PNN-,106.45170246,11.642101063659146,0.0,0.0,0.0,False,NONE
498,329,1779,149.35014972,13.789797556005714,2889.0,15.367021276595745,0.0,0.0,0.0,1.5719997126547787,False,True,27,PV+/PNN-,149.35014972,13.789797556005714,0.0,0.0,0.0,False,NONE
499,328,1976,125.51767902,12.64175907426016,1953.0,12.360759493670885,0.0,0.0,0.0,1.8099609801274419,False,True,28,PV+/PNN-,125.51767902,12.64175907426016,0.0,0.0,0.0,False,NONE
500,329,1752,150.14456541,13.82642390884524,1885.0,9.973544973544973,0.0,0.0,0.0,1.648396416594873,False,True,29,PV+/PNN-,150.14456541,13.82642390884524,0.0,0.0,0.0,False,NONE
501,328,1843,112.80702798,11.984588810142046,1683.0,11.852112676056338,0.0,0.0,0.0,1.4934599798750876,False,True,30,PV+/PNN-,112.80702798,11.984588810142046,0.0,0.0,0.0,False,NONE
502,328,2086,57.99234537,8.592912627102823,733.0,10.04109589041096,0.0,0.0,0.0,1.70588793457121,False,True,31,PV+/PNN-,57.99234537,8.592912627102823,0.0,0.0,0.0,False,NONE
503,331,2379,101.68520832,11.378472144697502,1134.0,8.859375,0.0,0.0,0.0,2.0338017350894186,False,True,33,PV+/PNN-,101.68520832,11.378472144697502,0.0,0.0,0.0,False,NONE
504,331,2115,55.6090983,8.414493627225879,755.0,10.785714285714286,0.0,0.0,0.0,1.8022938122341374,False,True,35,PV+/PNN-,55.6090983,8.414493627225879,0.0,0.0,0.0,False,NONE
505,336,2454,170.79937335,14.746813769937052,1993.0,9.269767441860465,0.0,0.0,0.0,1.9275919692128942,False,True,36,PV+/PNN-,170.79937335,14.746813769937052,0.0,0.0,0.0,False,NONE
506,335,2337,107.24611815,11.68546099424064,1298.0,9.614814814814816,0.0,0.0,0.0,2.0963617715876555,False,True,37,PV+/PNN-,107.24611815,11.68546099424064,0.0,0.0,0.0,False,NONE
507,336,2091,88.18014159,10.595963539609496,850.0,7.657657657657658,0.0,0.0,0.0,2.1616421322775174,False,True,38,PV+/PNN-,88.18014159,10.595963539609496,0.0,0.0,0.0,False,NONE
508,339,2701,185.89327146,15.384624282804584,5528.0,23.623931623931625,0.0,0.0,0.0,1.912992415272472,False,True,39,PV+/PNN-,185.89327146,15.384624282804584,0.0,0.0,0.0,False,NONE
509,338,1664,145.37807127,13.6051868520168,1449.0,7.918032786885246,0.0,0.0,0.0,1.747403201050724,False,True,40,PV+/PNN-,145.37807127,13.6051868520168,0.0,0.0,0.0,False,NONE
510,337,2133,100.89079263,11.333937836259333,1173.0,9.236220472440944,0.0,0.0,0.0,2.0480649402697666,False,True,41,PV+/PNN-,100.89079263,11.333937836259333,0.0,0.0,0.0,False,NONE
511,337,1830,34.95429036,6.671220633775133,485.0,11.022727272727273,0.0,0.0,0.0,1.6172703795285497,False,True,42,PV+/PNN-,34.95429036,6.671220633775133,0.0,0.0,0.0,False,NONE
512,341,1960,105.65728677,11.598579038183399,2184.0,16.42105263157895,0.0,0.0,0.0,1.6758913641499324,False,True,44,PV+/PNN-,105.65728677,11.598579038183399,0.0,0.0,0.0,False,NONE
513,340,2199,92.94663573,10.878572156378345,1275.0,10.897435897435898,0.0,0.0,0.0,1.9861669885342608,False,True,45,PV+/PNN-,92.94663573,10.878572156378345,0.0,0.0,0.0,False,NONE
514,343,2401,115.98469074,12.152213577535832,1126.0,7.712328767123288,0.0,0.0,0.0,2.0587427305613857,False,True,46,PV+/PNN-,115.98469074,12.152213577535832,0.0,0.0,0.0,False,NONE
515,344,2506,160.47196938,14.294028726574819,2858.0,14.148514851485148,0.0,0.0,0.0,2.0663231142404683,False,True,47,PV+/PNN-,160.47196938,14.294028726574819,0.0,0.0,0.0,False,NONE
516,344,1934,100.89079263,11.333937836259333,1465.0,11.535433070866143,0.0,0.0,0.0,1.5286070329343173,False,True,48,PV+/PNN-,100.89079263,11.333937836259333,0.0,0.0,0.0,False,NONE
517,346,1910,109.62936522,11.814586030086609,1548.0,11.217391304347826,0.0,0.0,0.0,1.7177638107202695,False,True,49,PV+/PNN-,109.62936522,11.814586030086609,0.0,0.0,0.0,False,NONE
518,348,2235,100.09637694,11.289227848029503,1246.0,9.88888888888889,0.0,0.0,0.0,1.8348852331760916,False,True,50,PV+/PNN-,100.09637694,11.289227848029503,0.0,0.0,0.0,False,NONE
519,347,2347,134.25625161,13.074416571218995,1616.0,9.562130177514794,0.0,0.0,0.0,2.273748178556115,False,True,51,PV+/PNN-,134.25625161,13.074416571218995,0.0,0.0,0.0,False,NONE
520,345,2643,59.58117675,8.70982837718145,785.0,10.466666666666667,0.0,0.0,0.0,1.6584209258521097,False,True,52,PV+/PNN-,59.58117675,8.70982837718145,0.0,0.0,0.0,False,NONE
521,347,1601,104.06845539,11.51104134134072,1705.0,13.01526717557252,0.0,0.0,0.0,1.6228258884658615,False,True,53,PV+/PNN-,104.06845539,11.51104134134072,0.0,0.0,0.0,False,NONE
522,347,1614,97.71312987,11.154022637162193,1898.0,15.43089430894309,0.0,0.0,0.0,1.6090525422341975,False,True,54,PV+/PNN-,97.71312987,11.154022637162193,0.0,0.0,0.0,False,NONE
523,347,2084,69.90858072,9.434530697868027,1024.0,11.636363636363637,0.0,0.0,0.0,1.802582610516196,False,True,55,PV+/PNN-,69.90858072,9.434530697868027,0.0,0.0,0.0,False,NONE
524,350,2316,148.55573403,13.753073662427433,1931.0,10.32620320855615,0.0,0.0,0.0,2.261007412948737,False,True,56,PV+/PNN-,148.55573403,13.753073662427433,0.0,0.0,0.0,False,NONE
525,348,2380,99.30196125,11.244340084382843,1049.0,8.392,0.0,0.0,0.0,1.8382973313974516,False,True,57,PV+/PNN-,99.30196125,11.244340084382843,0.0,0.0,0.0,False,NONE
526,350,1866,127.1065104,12.72151859781572,1915.0,11.96875,0.0,0.0,0.0,1.5983179922684496,False,True,58,PV+/PNN-,127.1065104,12.72151859781572,0.0,0.0,0.0,False,NONE
527,348,1880,73.88065917,9.698854408967303,861.0,9.258064516129032,0.0,0.0,0.0,1.5669842843944632,False,True,59,PV+/PNN-,73.88065917,9.698854408967303,0.0,0.0,0.0,False,NONE
528,351,1532,160.47196938,14.294028726574819,1784.0,8.831683168316832,0.0,0.0,0.0,1.6751491771457534,False,True,60,PV+/PNN-,160.47196938,14.294028726574819,0.0,0.0,0.0,False,NONE
529,350,1645,188.27651853,15.482929591568213,1927.0,8.130801687763713,0.0,0.0,0.0,1.6573325097106124,False,True,61,PV+/PNN-,188.27651853,15.482929591568213,0.0,0.0,0.0,False,NONE
530,350,2719,125.51767902,12.64175907426016,2239.0,14.170886075949367,0.0,0.0,0.0,1.7635156361583861,False,True,62,PV+/PNN-,125.51767902,12.64175907426016,0.0,0.0,0.0,False,NONE
531,349,1291,81.03040038,10.157318055940708,840.0,8.235294117647058,0.0,0.0,0.0,1.4745039869566055,False,True,63,PV+/PNN-,81.03040038,10.157318055940708,0.0,0.0,0.0,False,NONE
532,351,2437,140.61157713,13.380292240810528,1868.0,10.55367231638418,0.0,0.0,0.0,2.074659417656045,False,True,64,PV+/PNN-,140.61157713,13.380292240810528,0.0,0.0,0.0,False,NONE
533,352,1547,135.05066730000001,13.113041224263421,1671.0,9.829411764705883,0.0,0.0,0.0,1.654729215524983,False,True,65,PV+/PNN-,135.05066730000001,13.113041224263421,0.0,0.0,0.0,False,NONE
534,352,2067,73.88065917,9.698854408967303,1192.0,12.817204301075268,0.0,0.0,0.0,1.798126421970452,False,True,66,PV+/PNN-,73.88065917,9.698854408967303,0.0,0.0,0.0,False,NONE
535,354,1576,120.75118488,12.39940255265723,2989.0,19.664473684210527,0.0,0.0,0.0,1.4795718653066288,False,True,67,PV+/PNN-,120.75118488,12.39940255265723,0.0,0.0,0.0,False,NONE
536,354,1741,94.53546711,10.971157418634661,1269.0,10.663865546218487,0.0,0.0,0.0,1.6712360192936306,False,True,68,PV+/PNN-,94.53546711,10.971157418634661,0.0,0.0,0.0,False,NONE
537,355,2033,106.45170246,11.642101063659146,1673.0,12.485074626865671,0.0,0.0,0.0,1.731977896186032,False,True,69,PV+/PNN-,106.45170246,11.642101063659146,0.0,0.0,0.0,False,NONE
538,352,2098,53.22585123,8.232208609372499,938.0,14.0,0.0,0.0,0.0,1.6938091083109643,False,True,70,PV+/PNN-,53.22585123,8.232208609372499,0.0,0.0,0.0,False,NONE
539,355,1778,96.12429849,11.062967867954534,3376.0,27.90082644628099,0.0,0.0,0.0,1.6209459940274784,False,True,71,PV+/PNN-,96.12429849,11.062967867954534,0.0,0.0,0.0,False,NONE
540,355,2665,120.75118488,12.39940255265723,2843.0,18.70394736842105,0.0,0.0,0.0,1.6765880266724422,False,True,72,PV+/PNN-,120.75118488,12.39940255265723,0.0,0.0,0.0,False,NONE
541,356,1631,90.56338866,10.738197602350779,1090.0,9.56140350877193,0.0,0.0,0.0,1.538416626374636,False,True,73,PV+/PNN-,90.56338866,10.738197602350779,0.0,0.0,0.0,False,NONE
542,355,1662,105.65728677,11.598579038183399,1193.0,8.969924812030076,0.0,0.0,0.0,1.5020043985314493,False,True,74,PV+/PNN-,105.65728677,11.598579038183399,0.0,0.0,0.0,False,NONE
543,358,1810,146.96690265,13.679330108642857,1901.0,10.275675675675675,0.0,0.0,0.0,1.6255388564689321,False,True,75,PV+/PNN-,146.96690265,13.679330108642857,0.0,0.0,0.0,False,NONE
544,358,1518,143.78923989,13.53063732184699,1719.0,9.497237569060774,0.0,0.0,0.0,1.6418049370817107,False,True,76,PV+/PNN-,143.78923989,13.53063732184699,0.0,0.0,0.0,False,NONE
545,359,1562,208.93132647000002,16.310108123356397,2950.0,11.216730038022813,0.0,0.0,0.0,1.6676691570401572,False,True,77,PV+/PNN-,208.93132647000002,16.310108123356397,0.0,0.0,0.0,False,NONE
546,358,1596,216.87548337,16.61729345321425,4202.0,15.391941391941392,0.0,0.0,0.0,1.7233358682470201,False,True,78,PV+/PNN-,216.87548337,16.61729345321425,0.0,0.0,0.0,False,NONE
547,357,1751,112.80702798,11.984588810142046,1680.0,11.830985915492958,0.0,0.0,0.0,1.7017404873795128,False,True,79,PV+/PNN-,112.80702798,11.984588810142046,0.0,0.0,0.0,False,NONE
548,359,2490,77.85273762,9.956163126610313,1421.0,14.5,0.0,0.0,0.0,1.8342128985511934,False,True,81,PV+/PNN-,77.85273762,9.956163126610313,0.0,0.0,0.0,False,NONE
549,361,1491,155.70547524,14.080140922851225,1454.0,7.418367346938775,0.0,0.0,0.0,1.5467898464070888,False,True,82,PV+/PNN-,155.70547524,14.080140922851225,0.0,0.0,0.0,False,NONE
550,362,2580,121.54560057,12.440123196106569,2717.0,17.758169934640524,0.0,0.0,0.0,2.0532110717010332,False,True,83,PV+/PNN-,121.54560057,12.440123196106569,0.0,0.0,0.0,False,NONE
551,364,1542,141.40599282,13.418036440588484,1677.0,9.42134831460674,0.0,0.0,0.0,1.5982659382709812,False,True,84,PV+/PNN-,141.40599282,13.418036440588484,0.0,0.0,0.0,False,NONE
552,362,2364,90.56338866,10.738197602350779,1744.0,15.298245614035087,0.0,0.0,0.0,1.8953865029087333,False,True,86,PV+/PNN-,90.56338866,10.738197602350779,0.0,0.0,0.0,False,NONE
553,362,2376,104.86287108,11.554893086200376,1488.0,11.272727272727273,0.0,0.0,0.0,1.9805946627073594,False,True,87,PV+/PNN-,104.86287108,11.554893086200376,0.0,0.0,0.0,False,NONE
554,361,2406,100.09637694,11.289227848029503,1072.0,8.507936507936508,0.0,0.0,0.0,1.800175958165707,False,True,88,PV+/PNN-,100.09637694,11.289227848029503,0.0,0.0,0.0,False,NONE
555,364,1897,119.95676919,12.358547737957586,1589.0,10.52317880794702,0.0,0.0,0.0,1.684745898674443,False,True,89,PV+/PNN-,119.95676919,12.358547737957586,0.0,0.0,0.0,False,NONE
556,362,2081,73.88065917,9.698854408967303,1120.0,12.043010752688172,0.0,0.0,0.0,2.091437824135845,False,True,91,PV+/PNN-,73.88065917,9.698854408967303,0.0,0.0,0.0,False,NONE
557,362,2248,59.58117675,8.70982837718145,855.0,11.4,0.0,0.0,0.0,2.0053254222609835,False,True,92,PV+/PNN-,59.58117675,8.70982837718145,0.0,0.0,0.0,False,NONE
558,363,2613,103.2740397,11.467021901548332,2883.0,22.176923076923078,0.0,0.0,0.0,1.851411735436577,False,True,93,PV+/PNN-,103.2740397,11.467021901548332,0.0,0.0,0.0,False,NONE
559,362,2734,58.78676106,8.651568001725998,2218.0,29.972972972972972,0.0,0.0,0.0,1.678828643974569,False,True,94,PV+/PNN-,58.78676106,8.651568001725998,0.0,0.0,0.0,False,NONE
560,366,1831,145.37807127,13.6051868520168,1851.0,10.114754098360656,0.0,0.0,0.0,1.722289849528901,False,True,95,PV+/PNN-,145.37807127,13.6051868520168,0.0,0.0,0.0,False,NONE
561,368,2325,135.05066730000001,13.113041224263421,1379.0,8.111764705882353,0.0,0.0,0.0,1.884952410728459,False,True,96,PV+/PNN-,135.05066730000001,13.113041224263421,0.0,0.0,0.0,False,NONE
562,367,2433,77.05832193,9.90523612702942,1218.0,12.556701030927835,0.0,0.0,0.0,1.8340179561663967,False,True,97,PV+/PNN-,77.05832193,9.90523612702942,0.0,0.0,0.0,False,NONE
563,370,2669,172.38820473,14.815244827816286,3530.0,16.267281105990783,0.0,0.0,0.0,1.8661027057797452,False,True,98,PV+/PNN-,172.38820473,14.815244827816286,0.0,0.0,0.0,False,NONE
564,368,2286,139.02274575,13.304482609502793,4075.0,23.285714285714285,0.0,0.0,0.0,2.059401296141569,False,True,99,PV+/PNN-,139.02274575,13.304482609502793,0.0,0.0,0.0,False,NONE
565,367,2693,58.78676106,8.651568001725998,1593.0,21.527027027027028,0.0,0.0,0.0,1.7198978411123715,False,True,100,PV+/PNN-,58.78676106,8.651568001725998,0.0,0.0,0.0,False,NONE
566,371,1590,108.04053384,11.728660627684029,2105.0,15.477941176470589,0.0,0.0,0.0,1.5533525244552708,False,True,101,PV+/PNN-,108.04053384,11.728660627684029,0.0,0.0,0.0,False,NONE
567,371,1886,102.47962401,11.422832828117684,1026.0,7.953488372093023,0.0,0.0,0.0,1.5836294840370644,False,True,102,PV+/PNN-,102.47962401,11.422832828117684,0.0,0.0,0.0,False,NONE
568,371,2061,94.53546711,10.971157418634661,1390.0,11.680672268907562,0.0,0.0,0.0,1.8132568215295408,False,True,103,PV+/PNN-,94.53546711,10.971157418634661,0.0,0.0,0.0,False,NONE
569,372,2304,123.92884764,12.56149312576761,1835.0,11.762820512820513,0.0,0.0,0.0,2.1600753899226675,False,True,104,PV+/PNN-,123.92884764,12.56149312576761,0.0,0.0,0.0,False,NONE
570,371,2342,96.12429849,11.062967867954534,1317.0,10.884297520661157,0.0,0.0,0.0,2.144721060124793,False,True,105,PV+/PNN-,96.12429849,11.062967867954534,0.0,0.0,0.0,False,NONE
571,372,2728,120.75118488,12.39940255265723,2892.0,19.026315789473685,0.0,0.0,0.0,2.021853972828373,False,True,106,PV+/PNN-,120.75118488,12.39940255265723,0.0,0.0,0.0,False,NONE
572,372,1627,172.38820473,14.815244827816286,2496.0,11.502304147465438,0.0,0.0,0.0,1.548083006149333,False,True,108,PV+/PNN-,172.38820473,14.815244827816286,0.0,0.0,0.0,False,NONE
573,372,1706,114.39585936,12.068692219586765,1809.0,12.5625,0.0,0.0,0.0,1.612216409592523,False,True,109,PV+/PNN-,114.39585936,12.068692219586765,0.0,0.0,0.0,False,NONE
574,374,2476,174.7714518,14.917302830020427,2970.0,13.5,0.0,0.0,0.0,2.0947020728185404,False,True,110,PV+/PNN-,174.7714518,14.917302830020427,0.0,0.0,0.0,False,NONE
575,372,2653,113.60144367,12.026714032504808,2145.0,15.0,0.0,0.0,0.0,1.775368926245283,False,True,111,PV+/PNN-,113.60144367,12.026714032504808,0.0,0.0,0.0,False,NONE
576,368,2856,31.7766276,6.36075929890786,349.0,8.725,0.0,0.0,0.0,1.8623879214258456,False,True,112,PV+/PNN-,31.7766276,6.36075929890786,0.0,0.0,0.0,False,NONE
577,372,2155,75.46949055,9.802588422925686,789.0,8.305263157894737,0.0,0.0,0.0,1.8421986415235072,False,True,113,PV+/PNN-,75.46949055,9.802588422925686,0.0,0.0,0.0,False,NONE
578,374,2243,119.95676919,12.358547737957586,1723.0,11.410596026490067,0.0,0.0,0.0,2.103968800034575,False,True,114,PV+/PNN-,119.95676919,12.358547737957586,0.0,0.0,0.0,False,NONE
579,371,2452,60.37559244,8.767701627645716,3537.0,46.53947368421053,0.0,0.0,0.0,2.057941091494388,False,True,115,PV+/PNN-,60.37559244,8.767701627645716,0.0,0.0,0.0,False,NONE
580,374,2088,81.82481607,10.206987389088184,1575.0,15.29126213592233,0.0,0.0,0.0,1.6523374071752854,False,True,117,PV+/PNN-,81.82481607,10.206987389088184,0.0,0.0,0.0,False,NONE
581,377,1427,142.9948242,13.493208101259413,1383.0,7.683333333333334,0.0,0.0,0.0,1.600685870775514,False,True,119,PV+/PNN-,142.9948242,13.493208101259413,0.0,0.0,0.0,False,NONE
582,378,2705,157.29430662000001,14.151796046802042,3352.0,16.92929292929293,0.0,0.0,0.0,1.7673920050357137,False,True,120,PV+/PNN-,157.29430662000001,14.151796046802042,0.0,0.0,0.0,False,NONE
583,377,1915,123.92884764,12.56149312576761,2321.0,14.878205128205128,0.0,0.0,0.0,1.6307476326912878,False,True,121,PV+/PNN-,123.92884764,12.56149312576761,0.0,0.0,0.0,False,NONE
584,376,1979,92.15222004,10.83198276817611,1634.0,14.086206896551724,0.0,0.0,0.0,1.4288212016840591,False,True,122,PV+/PNN-,92.15222004,10.83198276817611,0.0,0.0,0.0,False,NONE
585,377,1792,79.441569,10.057243516322302,1521.0,15.21,0.0,0.0,0.0,1.6314888816152384,False,True,123,PV+/PNN-,79.441569,10.057243516322302,0.0,0.0,0.0,False,NONE
586,379,1679,108.04053384,11.728660627684029,1391.0,10.227941176470589,0.0,0.0,0.0,1.465056696749392,False,True,124,PV+/PNN-,108.04053384,11.728660627684029,0.0,0.0,0.0,False,NONE
587,381,1663,136.63949868,13.189951216443678,1468.0,8.534883720930232,0.0,0.0,0.0,1.5729991700114165,False,True,125,PV+/PNN-,136.63949868,13.189951216443678,0.0,0.0,0.0,False,NONE
588,379,2606,68.31974934,9.326703948667076,2779.0,32.31395348837209,0.0,0.0,0.0,1.8177836983857958,False,True,126,PV+/PNN-,68.31974934,9.326703948667076,0.0,0.0,0.0,False,NONE
589,383,1927,122.34001626,12.48071098158173,2217.0,14.396103896103897,0.0,0.0,0.0,1.915695270989175,False,True,127,PV+/PNN-,122.34001626,12.48071098158173,0.0,0.0,0.0,False,NONE
590,381,2231,96.91871418,11.108588547554572,1116.0,9.147540983606557,0.0,0.0,0.0,1.8227432556161933,False,True,128,PV+/PNN-,96.91871418,11.108588547554572,0.0,0.0,0.0,False,NONE
591,380,2257,39.7207845,7.111545090435939,528.0,10.56,0.0,0.0,0.0,1.971722137708557,False,True,129,PV+/PNN-,39.7207845,7.111545090435939,0.0,0.0,0.0,False,NONE
592,382,2370,111.2181966,11.899891008124815,1933.0,13.807142857142857,0.0,0.0,0.0,2.0691434248563483,False,True,130,PV+/PNN-,111.2181966,11.899891008124815,0.0,0.0,0.0,False,NONE
593,385,1405,128.69534178,12.800781162784691,1045.0,6.450617283950617,0.0,0.0,0.0,1.8778306073414828,False,True,131,PV+/PNN-,128.69534178,12.800781162784691,0.0,0.0,0.0,False,NONE
594,384,1512,88.18014159,10.595963539609496,1773.0,15.972972972972974,0.0,0.0,0.0,1.6133850452834362,False,True,132,PV+/PNN-,88.18014159,10.595963539609496,0.0,0.0,0.0,False,NONE
595,384,1524,144.58365558,13.56796328882212,2285.0,12.554945054945055,0.0,0.0,0.0,1.6242311586345792,False,True,133,PV+/PNN-,144.58365558,13.56796328882212,0.0,0.0,0.0,False,NONE
596,383,2270,60.37559244,8.767701627645716,800.0,10.526315789473685,0.0,0.0,0.0,1.9409017877127168,False,True,134,PV+/PNN-,60.37559244,8.767701627645716,0.0,0.0,0.0,False,NONE
597,386,2329,117.57352212,12.235164803834003,1502.0,10.14864864864865,0.0,0.0,0.0,2.070488548386297,False,True,135,PV+/PNN-,117.57352212,12.235164803834003,0.0,0.0,0.0,False,NONE
598,386,1598,135.05066730000001,13.113041224263421,1698.0,9.988235294117647,0.0,0.0,0.0,1.708360755316702,False,True,136,PV+/PNN-,135.05066730000001,13.113041224263421,0.0,0.0,0.0,False,NONE
599,388,1786,139.02274575,13.304482609502793,2580.0,14.742857142857142,0.0,0.0,0.0,2.01534993151822,False,True,137,PV+/PNN-,139.02274575,13.304482609502793,0.0,0.0,0.0,False,NONE
600,385,1898,107.24611815,11.68546099424064,1605.0,11.88888888888889,0.0,0.0,0.0,1.6016467490102648,False,True,138,PV+/PNN-,107.24611815,11.68546099424064,0.0,0.0,0.0,False,NONE
601,385,2555,70.70299641,9.487984557348323,1253.0,14.07865168539326,0.0,0.0,0.0,1.8406293504840376,False,True,139,PV+/PNN-,70.70299641,9.487984557348323,0.0,0.0,0.0,False,NONE
602,384,2783,89.76897297000001,10.690996505268625,2619.0,23.17699115044248,0.0,0.0,0.0,1.8052363174442572,False,True,141,PV+/PNN-,89.76897297000001,10.690996505268625,0.0,0.0,0.0,False,NONE
603,385,2809,102.47962401,11.422832828117684,1939.0,15.031007751937985,0.0,0.0,0.0,1.8094518306359635,False,True,142,PV+/PNN-,102.47962401,11.422832828117684,0.0,0.0,0.0,False,NONE
604,387,1614,138.22833006,13.266415342325757,1613.0,9.270114942528735,0.0,0.0,0.0,1.5604567864545944,False,True,143,PV+/PNN-,138.22833006,13.266415342325757,0.0,0.0,0.0,False,NONE
605,386,1351,77.05832193,9.90523612702942,838.0,8.639175257731958,0.0,0.0,0.0,1.6888248679698903,False,True,144,PV+/PNN-,77.05832193,9.90523612702942,0.0,0.0,0.0,False,NONE
606,388,1565,159.67755369,14.258603569939103,2225.0,11.069651741293532,0.0,0.0,0.0,1.565842254275714,False,True,145,PV+/PNN-,159.67755369,14.258603569939103,0.0,0.0,0.0,False,NONE
607,389,1469,166.8272949,14.574330482319752,1860.0,8.857142857142858,0.0,0.0,0.0,1.739111165859302,False,True,146,PV+/PNN-,166.8272949,14.574330482319752,0.0,0.0,0.0,False,NONE
608,387,1908,70.70299641,9.487984557348323,1271.0,14.280898876404494,0.0,0.0,0.0,1.6299147687317928,False,True,147,PV+/PNN-,70.70299641,9.487984557348323,0.0,0.0,0.0,False,NONE
609,386,2088,54.02026692,8.293415464071046,1182.0,17.38235294117647,0.0,0.0,0.0,1.6830710861466232,False,True,148,PV+/PNN-,54.02026692,8.293415464071046,0.0,0.0,0.0,False,NONE
610,388,2412,97.71312987,11.154022637162193,1265.0,10.284552845528456,0.0,0.0,0.0,1.8037057149464242,False,True,149,PV+/PNN-,97.71312987,11.154022637162193,0.0,0.0,0.0,False,NONE
611,390,2103,91.35780435,10.78519212710641,1733.0,15.069565217391304,0.0,0.0,0.0,1.9446504378773182,False,True,150,PV+/PNN-,91.35780435,10.78519212710641,0.0,0.0,0.0,False,NONE
612,390,1485,127.1065104,12.72151859781572,1715.0,10.71875,0.0,0.0,0.0,1.5987812728459188,False,True,151,PV+/PNN-,127.1065104,12.72151859781572,0.0,0.0,0.0,False,NONE
613,391,1727,112.80702798,11.984588810142046,1830.0,12.887323943661972,0.0,0.0,0.0,1.4788438039098648,False,True,152,PV+/PNN-,112.80702798,11.984588810142046,0.0,0.0,0.0,False,NONE
614,389,1987,40.51520019,7.182308476024235,626.0,12.27450980392157,0.0,0.0,0.0,1.5769707499733039,False,True,153,PV+/PNN-,40.51520019,7.182308476024235,0.0,0.0,0.0,False,NONE
615,391,2343,97.71312987,11.154022637162193,1092.0,8.878048780487806,0.0,0.0,0.0,2.3243878859165914,False,True,154,PV+/PNN-,97.71312987,11.154022637162193,0.0,0.0,0.0,False,NONE
616,393,1339,139.81716144,13.342441267550265,1440.0,8.181818181818182,0.0,0.0,0.0,1.8042672671615383,False,True,155,PV+/PNN-,139.81716144,13.342441267550265,0.0,0.0,0.0,False,NONE
617,393,1867,103.2740397,11.467021901548332,1340.0,10.307692307692308,0.0,0.0,0.0,1.6792139084880566,False,True,156,PV+/PNN-,103.2740397,11.467021901548332,0.0,0.0,0.0,False,NONE
618,394,2176,78.64715331000001,10.006830950662698,1006.0,10.16161616161616,0.0,0.0,0.0,1.6943902170708833,False,True,158,PV+/PNN-,78.64715331000001,10.006830950662698,0.0,0.0,0.0,False,NONE
619,395,2593,107.24611815,11.68546099424064,10315.0,76.4074074074074,0.0,0.0,0.0,2.2978716642468147,False,True,159,PV+/PNN-,107.24611815,11.68546099424064,0.0,0.0,0.0,False,NONE
620,397,1377,182.7156087,15.252564978953412,1791.0,7.78695652173913,0.0,0.0,0.0,1.8618239276793616,False,True,160,PV+/PNN-,182.7156087,15.252564978953412,0.0,0.0,0.0,False,NONE
621,396,2300,73.08624348000001,9.646569098642193,1189.0,12.923913043478262,0.0,0.0,0.0,1.9498069521308874,False,True,161,PV+/PNN-,73.08624348000001,9.646569098642193,0.0,0.0,0.0,False,NONE
622,395,2760,110.42378091,11.857315232959936,3259.0,23.446043165467625,0.0,0.0,0.0,2.089362074847765,False,True,162,PV+/PNN-,110.42378091,11.857315232959936,0.0,0.0,0.0,False,NONE
623,395,1925,61.17000813,8.825195369105852,884.0,11.480519480519481,0.0,0.0,0.0,1.694283254744195,False,True,163,PV+/PNN-,61.17000813,8.825195369105852,0.0,0.0,0.0,False,NONE
624,396,2726,81.82481607,10.206987389088184,3364.0,32.66019417475728,0.0,0.0,0.0,1.768202530239406,False,True,164,PV+/PNN-,81.82481607,10.206987389088184,0.0,0.0,0.0,False,NONE
625,398,1824,97.71312987,11.154022637162193,1469.0,11.94308943089431,0.0,0.0,0.0,1.511424635177291,False,True,165,PV+/PNN-,97.71312987,11.154022637162193,0.0,0.0,0.0,False,NONE
626,397,2381,75.46949055,9.802588422925686,905.0,9.526315789473685,0.0,0.0,0.0,1.8328354972209735,False,True,166,PV+/PNN-,75.46949055,9.802588422925686,0.0,0.0,0.0,False,NONE
627,397,2440,91.35780435,10.78519212710641,1248.0,10.852173913043478,0.0,0.0,0.0,2.043268772976831,False,True,167,PV+/PNN-,91.35780435,10.78519212710641,0.0,0.0,0.0,False,NONE
628,398,1509,101.68520832,11.378472144697502,1717.0,13.4140625,0.0,0.0,0.0,1.5375124164756282,False,True,168,PV+/PNN-,101.68520832,11.378472144697502,0.0,0.0,0.0,False,NONE
629,399,2061,71.4974121,9.54113894836179,1187.0,13.188888888888888,0.0,0.0,0.0,1.7584071695938883,False,True,169,PV+/PNN-,71.4974121,9.54113894836179,0.0,0.0,0.0,False,NONE
630,400,1425,85.79689452,10.451794052617739,1114.0,10.314814814814815,0.0,0.0,0.0,1.612216409592523,False,True,170,PV+/PNN-,85.79689452,10.451794052617739,0.0,0.0,0.0,False,NONE
631,403,1844,120.75118488,12.39940255265723,2073.0,13.638157894736842,0.0,0.0,0.0,1.6448898818982396,False,True,171,PV+/PNN-,120.75118488,12.39940255265723,0.0,0.0,0.0,False,NONE
632,403,2237,105.65728677,11.598579038183399,1519.0,11.421052631578947,0.0,0.0,0.0,2.1072647980880923,False,True,172,PV+/PNN-,105.65728677,11.598579038183399,0.0,0.0,0.0,False,NONE
633,404,2456,111.2181966,11.899891008124815,1601.0,11.435714285714285,0.0,0.0,0.0,2.1485629524224823,False,True,173,PV+/PNN-,111.2181966,11.899891008124815,0.0,0.0,0.0,False,NONE
634,402,2476,81.03040038,10.157318055940708,1500.0,14.705882352941176,0.0,0.0,0.0,1.7782707028500806,False,True,174,PV+/PNN-,81.03040038,10.157318055940708,0.0,0.0,0.0,False,NONE
635,403,1348,85.79689452,10.451794052617739,1046.0,9.685185185185185,0.0,0.0,0.0,1.7776247342889036,False,True,175,PV+/PNN-,85.79689452,10.451794052617739,0.0,0.0,0.0,False,NONE
636,403,1404,81.82481607,10.206987389088184,1061.0,10.300970873786408,0.0,0.0,0.0,1.5904467203211587,False,True,176,PV+/PNN-,81.82481607,10.206987389088184,0.0,0.0,0.0,False,NONE
637,403,1469,105.65728677,11.598579038183399,1355.0,10.18796992481203,0.0,0.0,0.0,1.6418942330514468,False,True,177,PV+/PNN-,105.65728677,11.598579038183399,0.0,0.0,0.0,False,NONE
638,403,2329,42.104031570000004,7.321783798208037,536.0,10.11320754716981,0.0,0.0,0.0,2.1230488048245064,False,True,178,PV+/PNN-,42.104031570000004,7.321783798208037,0.0,0.0,0.0,False,NONE
639,404,2197,56.40351399,8.474384017383858,984.0,13.859154929577464,0.0,0.0,0.0,1.8249339705149623,False,True,179,PV+/PNN-,56.40351399,8.474384017383858,0.0,0.0,0.0,False,NONE
640,406,2249,66.73091796,9.217615939230159,544.0,6.476190476190476,0.0,0.0,0.0,1.9307769590522388,False,True,180,PV+/PNN-,66.73091796,9.217615939230159,0.0,0.0,0.0,False,NONE
641,403,2260,19.86039225,5.028621758161151,298.0,11.92,0.0,0.0,0.0,2.1940968148937325,False,True,181,PV+/PNN-,19.86039225,5.028621758161151,0.0,0.0,0.0,False,NONE
642,408,2403,101.68520832,11.378472144697502,1333.0,10.4140625,0.0,0.0,0.0,2.096344613047749,False,True,182,PV+/PNN-,101.68520832,11.378472144697502,0.0,0.0,0.0,False,NONE
643,409,1300,114.39585936,12.068692219586765,1139.0,7.909722222222222,0.0,0.0,0.0,1.8304730372001952,False,True,183,PV+/PNN-,114.39585936,12.068692219586765,0.0,0.0,0.0,False,NONE
644,409,1765,101.68520832,11.378472144697502,1418.0,11.078125,0.0,0.0,0.0,1.478444142848316,False,True,184,PV+/PNN-,101.68520832,11.378472144697502,0.0,0.0,0.0,False,NONE
645,406,2158,33.36545898,6.517838737002854,473.0,11.261904761904763,0.0,0.0,0.0,1.5619173754673048,False,True,185,PV+/PNN-,33.36545898,6.517838737002854,0.0,0.0,0.0,False,NONE
646,411,2490,147.76131834,13.716251444643651,2621.0,14.091397849462366,0.0,0.0,0.0,1.9993794900323045,False,True,186,PV+/PNN-,147.76131834,13.716251444643651,0.0,0.0,0.0,False,NONE
647,408,2815,131.07858885,12.91876320674319,3056.0,18.52121212121212,0.0,0.0,0.0,1.75249215292802,False,True,187,PV+/PNN-,131.07858885,12.91876320674319,0.0,0.0,0.0,False,NONE
648,409,1739,96.91871418,11.108588547554572,1203.0,9.860655737704919,0.0,0.0,0.0,1.5262436860359592,False,True,188,PV+/PNN-,96.91871418,11.108588547554572,0.0,0.0,0.0,False,NONE
649,411,1687,100.89079263,11.333937836259333,1500.0,11.811023622047244,0.0,0.0,0.0,1.5537044374460298,False,True,189,PV+/PNN-,100.89079263,11.333937836259333,0.0,0.0,0.0,False,NONE
650,412,1388,102.47962401,11.422832828117684,1237.0,9.589147286821705,0.0,0.0,0.0,1.5997186079677748,False,True,190,PV+/PNN-,102.47962401,11.422832828117684,0.0,0.0,0.0,False,NONE
651,417,2274,127.90092609,12.761211420003875,1877.0,11.658385093167702,0.0,0.0,0.0,2.895935237049181,False,True,191,PV+/PNN-,127.90092609,12.761211420003875,0.0,0.0,0.0,False,NONE
652,414,1269,135.84508299,13.151552441468574,1193.0,6.976608187134503,0.0,0.0,0.0,1.8999380313891319,False,True,192,PV+/PNN-,135.84508299,13.151552441468574,0.0,0.0,0.0,False,NONE
653,412,2051,71.4974121,9.54113894836179,926.0,10.28888888888889,0.0,0.0,0.0,1.8300612322424452,False,True,193,PV+/PNN-,71.4974121,9.54113894836179,0.0,0.0,0.0,False,NONE
654,414,1783,83.41364745,10.305607915302103,1500.0,14.285714285714286,0.0,0.0,0.0,1.5149716102837676,False,True,194,PV+/PNN-,83.41364745,10.305607915302103,0.0,0.0,0.0,False,NONE
655,415,2339,77.85273762,9.956163126610313,999.0,10.193877551020408,0.0,0.0,0.0,2.253245453519177,False,True,195,PV+/PNN-,77.85273762,9.956163126610313,0.0,0.0,0.0,False,NONE
656,416,2236,62.75883951,8.93907356753593,988.0,12.50632911392405,0.0,0.0,0.0,1.963840503580475,False,True,196,PV+/PNN-,62.75883951,8.93907356753593,0.0,0.0,0.0,False,NONE
657,417,2803,101.68520832,11.378472144697502,4279.0,33.4296875,0.0,0.0,0.0,1.92435169866234,False,True,198,PV+/PNN-,101.68520832,11.378472144697502,0.0,0.0,0.0,False,NONE
658,419,1446,110.42378091,11.857315232959936,1268.0,9.122302158273381,0.0,0.0,0.0,1.6696765330138725,False,True,199,PV+/PNN-,110.42378091,11.857315232959936,0.0,0.0,0.0,False,NONE
659,418,1879,87.3857259,10.548125988120718,1265.0,11.5,0.0,0.0,0.0,1.6105317529471808,False,True,200,PV+/PNN-,87.3857259,10.548125988120718,0.0,0.0,0.0,False,NONE
660,420,1470,104.06845539,11.51104134134072,1340.0,10.229007633587786,0.0,0.0,0.0,1.7552321848051264,False,True,201,PV+/PNN-,104.06845539,11.51104134134072,0.0,0.0,0.0,False,NONE
661,420,1752,96.91871418,11.108588547554572,1306.0,10.704918032786885,0.0,0.0,0.0,1.5863942134712938,False,True,202,PV+/PNN-,96.91871418,11.108588547554572,0.0,0.0,0.0,False,NONE
662,421,2002,118.36793781,12.276430232296539,2858.0,19.181208053691275,0.0,0.0,0.0,1.9033680423053283,False,True,203,PV+/PNN-,118.36793781,12.276430232296539,0.0,0.0,0.0,False,NONE
663,420,2767,92.15222004,10.83198276817611,2311.0,19.92241379310345,0.0,0.0,0.0,1.7489640559075448,False,True,204,PV+/PNN-,92.15222004,10.83198276817611,0.0,0.0,0.0,False,NONE
664,422,1563,108.83494953,11.77170172875832,3063.0,22.357664233576642,0.0,0.0,0.0,1.6918871424769928,False,True,205,PV+/PNN-,108.83494953,11.77170172875832,0.0,0.0,0.0,False,NONE
665,419,2346,40.51520019,7.182308476024235,464.0,9.098039215686274,0.0,0.0,0.0,2.1481684501940492,False,True,207,PV+/PNN-,40.51520019,7.182308476024235,0.0,0.0,0.0,False,NONE
666,424,1732,106.45170246,11.642101063659146,1989.0,14.843283582089553,0.0,0.0,0.0,2.1180911416468593,False,True,209,PV+/PNN-,106.45170246,11.642101063659146,0.0,0.0,0.0,False,NONE
667,422,2323,76.26390624,9.854045933561641,972.0,10.125,0.0,0.0,0.0,2.6499649031233425,False,True,210,PV+/PNN-,76.26390624,9.854045933561641,0.0,0.0,0.0,False,NONE
668,423,1429,84.20806314000001,10.354565948189398,1121.0,10.575471698113208,0.0,0.0,0.0,1.5195602940986999,False,True,211,PV+/PNN-,84.20806314000001,10.354565948189398,0.0,0.0,0.0,False,NONE
669,430,1844,184.30444008,15.318736938146312,3414.0,14.71551724137931,0.0,0.0,0.0,1.5294649133411429,False,True,212,PV+/PNN-,184.30444008,15.318736938146312,0.0,0.0,0.0,False,NONE
670,426,1383,64.34767089,9.051519164690074,869.0,10.728395061728396,0.0,0.0,0.0,1.6582012965413093,False,True,213,PV+/PNN-,64.34767089,9.051519164690074,0.0,0.0,0.0,False,NONE
671,431,1482,175.56586749,14.951167352217068,2044.0,9.248868778280542,0.0,0.0,0.0,1.9363031846003298,False,True,214,PV+/PNN-,175.56586749,14.951167352217068,0.0,0.0,0.0,False,NONE
672,430,1785,77.85273762,9.956163126610313,2269.0,23.153061224489797,0.0,0.0,0.0,1.7963940759006531,False,True,216,PV+/PNN-,77.85273762,9.956163126610313,0.0,0.0,0.0,False,NONE
673,432,1445,96.12429849,11.062967867954534,1760.0,14.545454545454545,0.0,0.0,0.0,1.7036473202533702,False,True,217,PV+/PNN-,96.12429849,11.062967867954534,0.0,0.0,0.0,False,NONE
674,433,2720,112.01261229,11.942314996545514,4580.0,32.4822695035461,0.0,0.0,0.0,1.788985878158753,False,True,219,PV+/PNN-,112.01261229,11.942314996545514,0.0,0.0,0.0,False,NONE
675,431,1248,75.46949055,9.802588422925686,707.0,7.442105263157894,0.0,0.0,0.0,1.7836789896326717,False,True,220,PV+/PNN-,75.46949055,9.802588422925686,0.0,0.0,0.0,False,NONE
676,433,1933,71.4974121,9.54113894836179,857.0,9.522222222222222,0.0,0.0,0.0,1.82347235291844,False,True,221,PV+/PNN-,71.4974121,9.54113894836179,0.0,0.0,0.0,False,NONE
677,433,1809,86.59131021,10.500070494515816,1837.0,16.853211009174313,0.0,0.0,0.0,1.9048057210876967,False,True,222,PV+/PNN-,86.59131021,10.500070494515816,0.0,0.0,0.0,False,NONE
678,433,2001,109.62936522,11.814586030086609,1717.0,12.442028985507246,0.0,0.0,0.0,1.9353042557927238,False,True,223,PV+/PNN-,109.62936522,11.814586030086609,0.0,0.0,0.0,False,NONE
679,435,2037,77.85273762,9.956163126610313,1099.0,11.214285714285714,0.0,0.0,0.0,1.6844503608550545,False,True,224,PV+/PNN-,77.85273762,9.956163126610313,0.0,0.0,0.0,False,NONE
680,435,2256,91.35780435,10.78519212710641,1288.0,11.2,0.0,0.0,0.0,2.480283355966828,False,True,225,PV+/PNN-,91.35780435,10.78519212710641,0.0,0.0,0.0,False,NONE
681,432,2329,44.48727864,7.526151898686336,667.0,11.910714285714286,0.0,0.0,0.0,2.979555942522799,False,True,226,PV+/PNN-,44.48727864,7.526151898686336,0.0,0.0,0.0,False,NONE
682,439,2533,166.8272949,14.574330482319752,7195.0,34.26190476190476,0.0,0.0,0.0,2.1009112358828017,False,True,227,PV+/PNN-,166.8272949,14.574330482319752,0.0,0.0,0.0,False,NONE
683,436,2853,97.71312987,11.154022637162193,5728.0,46.56910569105691,0.0,0.0,0.0,2.40574447513068,False,True,228,PV+/PNN-,97.71312987,11.154022637162193,0.0,0.0,0.0,False,NONE
684,436,1518,98.50754556,11.199272407696524,1170.0,9.435483870967742,0.0,0.0,0.0,1.7066658692571943,False,True,229,PV+/PNN-,98.50754556,11.199272407696524,0.0,0.0,0.0,False,NONE
685,437,2488,100.09637694,11.289227848029503,1759.0,13.96031746031746,0.0,0.0,0.0,2.016079414586235,False,True,230,PV+/PNN-,100.09637694,11.289227848029503,0.0,0.0,0.0,False,NONE
686,436,2151,88.18014159,10.595963539609496,1590.0,14.324324324324325,0.0,0.0,0.0,1.9158947412740805,False,True,231,PV+/PNN-,88.18014159,10.595963539609496,0.0,0.0,0.0,False,NONE
687,436,2312,73.88065917,9.698854408967303,784.0,8.43010752688172,0.0,0.0,0.0,2.246860985609355,False,True,232,PV+/PNN-,73.88065917,9.698854408967303,0.0,0.0,0.0,False,NONE
688,436,2838,77.85273762,9.956163126610313,1798.0,18.346938775510203,0.0,0.0,0.0,1.7918558171825882,False,True,233,PV+/PNN-,77.85273762,9.956163126610313,0.0,0.0,0.0,False,NONE
689,437,1433,111.2181966,11.899891008124815,2011.0,14.364285714285714,0.0,0.0,0.0,1.7191680400482503,False,True,234,PV+/PNN-,111.2181966,11.899891008124815,0.0,0.0,0.0,False,NONE
690,438,1498,118.36793781,12.276430232296539,1712.0,11.48993288590604,0.0,0.0,0.0,1.797901752454641,False,True,235,PV+/PNN-,118.36793781,12.276430232296539,0.0,0.0,0.0,False,NONE
691,440,1166,156.49989093,14.116013951495509,1920.0,9.746192893401016,0.0,0.0,0.0,1.6540762790288188,False,True,236,PV+/PNN-,156.49989093,14.116013951495509,0.0,0.0,0.0,False,NONE
692,437,2390,66.73091796,9.217615939230159,771.0,9.178571428571429,0.0,0.0,0.0,1.7975286405801694,False,True,237,PV+/PNN-,66.73091796,9.217615939230159,0.0,0.0,0.0,False,NONE
693,441,1815,82.61923176,10.256416188536388,1568.0,15.076923076923077,0.0,0.0,0.0,1.5787176601447563,False,True,238,PV+/PNN-,82.61923176,10.256416188536388,0.0,0.0,0.0,False,NONE
694,439,2184,57.99234537,8.592912627102823,781.0,10.698630136986301,0.0,0.0,0.0,1.8551531288461909,False,True,239,PV+/PNN-,57.99234537,8.592912627102823,0.0,0.0,0.0,False,NONE
695,440,2634,86.59131021,10.500070494515816,4338.0,39.79816513761468,0.0,0.0,0.0,1.6232671389633462,False,True,240,PV+/PNN-,86.59131021,10.500070494515816,0.0,0.0,0.0,False,NONE
696,441,1228,81.03040038,10.157318055940708,807.0,7.911764705882353,0.0,0.0,0.0,1.9250670583775493,False,True,241,PV+/PNN-,81.03040038,10.157318055940708,0.0,0.0,0.0,False,NONE
697,440,1588,69.11416503,9.380772250595795,1111.0,12.770114942528735,0.0,0.0,0.0,1.5446945966924268,False,True,242,PV+/PNN-,69.11416503,9.380772250595795,0.0,0.0,0.0,False,NONE
698,441,2273,84.20806314000001,10.354565948189398,1584.0,14.943396226415095,0.0,0.0,0.0,2.044728163803313,False,True,243,PV+/PNN-,84.20806314000001,10.354565948189398,0.0,0.0,0.0,False,NONE
699,442,2345,105.65728677,11.598579038183399,1584.0,11.909774436090226,0.0,0.0,0.0,2.016420005152795,False,True,244,PV+/PNN-,105.65728677,11.598579038183399,0.0,0.0,0.0,False,NONE
700,443,2064,77.05832193,9.90523612702942,899.0,9.268041237113403,0.0,0.0,0.0,1.947115730129991,False,True,245,PV+/PNN-,77.05832193,9.90523612702942,0.0,0.0,0.0,False,NONE
701,442,2397,51.63701985,8.108408946599484,736.0,11.323076923076924,0.0,0.0,0.0,1.9888278821074166,False,True,246,PV+/PNN-,51.63701985,8.108408946599484,0.0,0.0,0.0,False,NONE
702,445,2206,105.65728677,11.598579038183399,3188.0,23.969924812030076,0.0,0.0,0.0,2.070481016899567,False,True,247,PV+/PNN-,105.65728677,11.598579038183399,0.0,0.0,0.0,False,NONE
703,444,2368,55.6090983,8.414493627225879,611.0,8.728571428571428,0.0,0.0,0.0,1.9230114941346614,False,True,248,PV+/PNN-,55.6090983,8.414493627225879,0.0,0.0,0.0,False,NONE
704,444,959,63.5532552,8.995472067506276,527.0,6.5875,0.0,0.0,0.0,1.6872678631425198,False,True,249,PV+/PNN-,63.5532552,8.995472067506276,0.0,0.0,0.0,False,NONE
705,445,2419,58.78676106,8.651568001725998,897.0,12.121621621621621,0.0,0.0,0.0,2.1616421322775174,False,True,250,PV+/PNN-,58.78676106,8.651568001725998,0.0,0.0,0.0,False,NONE
706,446,1375,79.441569,10.057243516322302,1163.0,11.63,0.0,0.0,0.0,1.6900475466073346,False,True,251,PV+/PNN-,79.441569,10.057243516322302,0.0,0.0,0.0,False,NONE
707,446,1691,70.70299641,9.487984557348323,876.0,9.842696629213483,0.0,0.0,0.0,1.493325079374606,False,True,252,PV+/PNN-,70.70299641,9.487984557348323,0.0,0.0,0.0,False,NONE
708,448,1437,132.66742023,12.996822909266468,1637.0,9.802395209580839,0.0,0.0,0.0,1.601452765038151,False,True,253,PV+/PNN-,132.66742023,12.996822909266468,0.0,0.0,0.0,False,NONE
709,448,2268,60.37559244,8.767701627645716,998.0,13.131578947368421,0.0,0.0,0.0,2.0306319206119983,False,True,254,PV+/PNN-,60.37559244,8.767701627645716,0.0,0.0,0.0,False,NONE
710,447,2727,77.85273762,9.956163126610313,1843.0,18.806122448979593,0.0,0.0,0.0,1.952964001673889,False,True,255,PV+/PNN-,77.85273762,9.956163126610313,0.0,0.0,0.0,False,NONE
711,447,2847,74.67507486,9.75085936304132,2763.0,29.393617021276597,0.0,0.0,0.0,1.8767791904280777,False,True,256,PV+/PNN-,74.67507486,9.75085936304132,0.0,0.0,0.0,False,NONE
712,448,1558,100.09637694,11.289227848029503,1510.0,11.984126984126984,0.0,0.0,0.0,1.6119222631941301,False,True,257,PV+/PNN-,100.09637694,11.289227848029503,0.0,0.0,0.0,False,NONE
713,450,1723,142.9948242,13.493208101259413,2060.0,11.444444444444445,0.0,0.0,0.0,1.6484552458745516,False,True,258,PV+/PNN-,142.9948242,13.493208101259413,0.0,0.0,0.0,False,NONE
714,452,1353,89.76897297000001,10.690996505268625,948.0,8.389380530973451,0.0,0.0,0.0,1.788181032468403,False,True,259,PV+/PNN-,89.76897297000001,10.690996505268625,0.0,0.0,0.0,False,NONE
715,447,1628,34.15987467,6.594975608221839,515.0,11.976744186046512,0.0,0.0,0.0,1.5531750708825054,False,True,260,PV+/PNN-,34.15987467,6.594975608221839,0.0,0.0,0.0,False,NONE
716,453,1655,134.25625161,13.074416571218995,1556.0,9.207100591715976,0.0,0.0,0.0,1.6408356357983074,False,True,261,PV+/PNN-,134.25625161,13.074416571218995,0.0,0.0,0.0,False,NONE
717,451,1149,52.43143554,8.17054325713784,843.0,12.772727272727273,0.0,0.0,0.0,1.618393483958778,False,True,262,PV+/PNN-,52.43143554,8.17054325713784,0.0,0.0,0.0,False,NONE
718,453,1670,98.50754556,11.199272407696524,1262.0,10.17741935483871,0.0,0.0,0.0,1.5088002290736109,False,True,263,PV+/PNN-,98.50754556,11.199272407696524,0.0,0.0,0.0,False,NONE
719,453,1801,73.08624348000001,9.646569098642193,1079.0,11.728260869565217,0.0,0.0,0.0,1.732266507058433,False,True,265,PV+/PNN-,73.08624348000001,9.646569098642193,0.0,0.0,0.0,False,NONE
720,452,1324,50.84260416,8.045794813057842,626.0,9.78125,0.0,0.0,0.0,1.6712846832198354,False,True,266,PV+/PNN-,50.84260416,8.045794813057842,0.0,0.0,0.0,False,NONE
721,457,2686,116.77910643,12.193759728054031,8049.0,54.755102040816325,0.0,0.0,0.0,1.9595192642666495,False,True,269,PV+/PNN-,116.77910643,12.193759728054031,0.0,0.0,0.0,False,NONE
722,455,1398,38.92636881,7.040070461425612,430.0,8.775510204081632,0.0,0.0,0.0,1.6776429727779572,False,True,270,PV+/PNN-,38.92636881,7.040070461425612,0.0,0.0,0.0,False,NONE
723,457,1760,110.42378091,11.857315232959936,1967.0,14.151079136690647,0.0,0.0,0.0,1.7347357910872332,False,True,271,PV+/PNN-,110.42378091,11.857315232959936,0.0,0.0,0.0,False,NONE
724,460,1280,97.71312987,11.154022637162193,1106.0,8.991869918699187,0.0,0.0,0.0,1.6554559301563072,False,True,272,PV+/PNN-,97.71312987,11.154022637162193,0.0,0.0,0.0,False,NONE
725,460,1600,96.91871418,11.108588547554572,1507.0,12.352459016393443,0.0,0.0,0.0,1.574850172852391,False,True,273,PV+/PNN-,96.91871418,11.108588547554572,0.0,0.0,0.0,False,NONE
726,460,1082,85.00247883,10.403293586497956,726.0,6.785046728971962,0.0,0.0,0.0,1.7034870130789619,False,True,274,PV+/PNN-,85.00247883,10.403293586497956,0.0,0.0,0.0,False,NONE
727,460,2131,80.23598469,10.107404643036364,1452.0,14.376237623762377,0.0,0.0,0.0,1.97715307041869,False,True,275,PV+/PNN-,80.23598469,10.107404643036364,0.0,0.0,0.0,False,NONE
728,461,1144,89.76897297000001,10.690996505268625,983.0,8.699115044247788,0.0,0.0,0.0,1.6806015426207075,False,True,276,PV+/PNN-,89.76897297000001,10.690996505268625,0.0,0.0,0.0,False,NONE
729,461,1376,101.68520832,11.378472144697502,1340.0,10.46875,0.0,0.0,0.0,1.6683891796106534,False,True,277,PV+/PNN-,101.68520832,11.378472144697502,0.0,0.0,0.0,False,NONE
730,461,1498,72.29182779,9.593998848416254,1115.0,12.252747252747254,0.0,0.0,0.0,1.7007997288009034,False,True,278,PV+/PNN-,72.29182779,9.593998848416254,0.0,0.0,0.0,False,NONE
731,461,2656,76.26390624,9.854045933561641,7817.0,81.42708333333333,0.0,0.0,0.0,1.5728375605076481,False,True,279,PV+/PNN-,76.26390624,9.854045933561641,0.0,0.0,0.0,False,NONE
732,460,2722,57.19792968,8.533854108523126,1633.0,22.680555555555557,0.0,0.0,0.0,1.628688607902536,False,True,280,PV+/PNN-,57.19792968,8.533854108523126,0.0,0.0,0.0,False,NONE
733,464,2269,97.71312987,11.154022637162193,1449.0,11.78048780487805,0.0,0.0,0.0,2.1906014947645347,False,True,281,PV+/PNN-,97.71312987,11.154022637162193,0.0,0.0,0.0,False,NONE
734,465,1062,85.00247883,10.403293586497956,847.0,7.91588785046729,0.0,0.0,0.0,1.9584212224376678,False,True,282,PV+/PNN-,85.00247883,10.403293586497956,0.0,0.0,0.0,False,NONE
735,464,1221,71.4974121,9.54113894836179,843.0,9.366666666666667,0.0,0.0,0.0,1.7411113613683746,False,True,283,PV+/PNN-,71.4974121,9.54113894836179,0.0,0.0,0.0,False,NONE
736,466,1794,112.01261229,11.942314996545514,2709.0,19.21276595744681,0.0,0.0,0.0,1.7053982335430486,False,True,284,PV+/PNN-,112.01261229,11.942314996545514,0.0,0.0,0.0,False,NONE
737,465,2560,73.08624348000001,9.646569098642193,1309.0,14.228260869565217,0.0,0.0,0.0,1.9498069521308874,False,True,285,PV+/PNN-,73.08624348000001,9.646569098642193,0.0,0.0,0.0,False,NONE
738,468,1044,85.00247883,10.403293586497956,693.0,6.4766355140186915,0.0,0.0,0.0,1.6439099967614383,False,True,287,PV+/PNN-,85.00247883,10.403293586497956,0.0,0.0,0.0,False,NONE
739,466,2859,68.31974934,9.326703948667076,1213.0,14.104651162790697,0.0,0.0,0.0,1.796235764550023,False,True,288,PV+/PNN-,68.31974934,9.326703948667076,0.0,0.0,0.0,False,NONE
740,469,1268,97.71312987,11.154022637162193,1056.0,8.585365853658537,0.0,0.0,0.0,1.7127068633069622,False,True,289,PV+/PNN-,97.71312987,11.154022637162193,0.0,0.0,0.0,False,NONE
741,467,2428,62.75883951,8.93907356753593,926.0,11.721518987341772,0.0,0.0,0.0,2.160881356782529,False,True,290,PV+/PNN-,62.75883951,8.93907356753593,0.0,0.0,0.0,False,NONE
742,468,2485,88.18014159,10.595963539609496,1554.0,14.0,0.0,0.0,0.0,2.0160635147809165,False,True,291,PV+/PNN-,88.18014159,10.595963539609496,0.0,0.0,0.0,False,NONE
743,471,2803,106.45170246,11.642101063659146,3249.0,24.246268656716417,0.0,0.0,0.0,1.9305662273041364,False,True,292,PV+/PNN-,106.45170246,11.642101063659146,0.0,0.0,0.0,False,NONE
744,471,1347,101.68520832,11.378472144697502,1244.0,9.71875,0.0,0.0,0.0,1.8299582810030075,False,True,293,PV+/PNN-,101.68520832,11.378472144697502,0.0,0.0,0.0,False,NONE
745,471,1394,87.3857259,10.548125988120718,1224.0,11.127272727272727,0.0,0.0,0.0,1.6967861731887035,False,True,294,PV+/PNN-,87.3857259,10.548125988120718,0.0,0.0,0.0,False,NONE
746,470,1419,104.86287108,11.554893086200376,1339.0,10.143939393939394,0.0,0.0,0.0,1.8306602212718999,False,True,295,PV+/PNN-,104.86287108,11.554893086200376,0.0,0.0,0.0,False,NONE
747,471,2784,104.06845539,11.51104134134072,2928.0,22.35114503816794,0.0,0.0,0.0,1.8610440541018893,False,True,296,PV+/PNN-,104.06845539,11.51104134134072,0.0,0.0,0.0,False,NONE
748,470,1205,50.84260416,8.045794813057842,558.0,8.71875,0.0,0.0,0.0,1.629589431247615,False,True,297,PV+/PNN-,50.84260416,8.045794813057842,0.0,0.0,0.0,False,NONE
749,474,1097,128.69534178,12.800781162784691,1567.0,9.67283950617284,0.0,0.0,0.0,2.0485008842757844,False,True,298,PV+/PNN-,128.69534178,12.800781162784691,0.0,0.0,0.0,False,NONE
750,473,1803,111.2181966,11.899891008124815,1644.0,11.742857142857142,0.0,0.0,0.0,1.7297573103904016,False,True,299,PV+/PNN-,111.2181966,11.899891008124815,0.0,0.0,0.0,False,NONE
751,475,1928,83.41364745,10.305607915302103,1362.0,12.971428571428572,0.0,0.0,0.0,1.5573286916523725,False,True,300,PV+/PNN-,83.41364745,10.305607915302103,0.0,0.0,0.0,False,NONE
752,470,2664,46.07611002,7.659368469073156,6446.0,111.13793103448276,0.0,0.0,0.0,1.72276474049205,False,True,303,PV+/PNN-,46.07611002,7.659368469073156,0.0,0.0,0.0,False,NONE
753,474,1523,94.53546711,10.971157418634661,1706.0,14.336134453781513,0.0,0.0,0.0,1.6824481878912025,False,True,304,PV+/PNN-,94.53546711,10.971157418634661,0.0,0.0,0.0,False,NONE
754,476,1597,121.54560057,12.440123196106569,2194.0,14.339869281045752,0.0,0.0,0.0,1.6147599108021575,False,True,305,PV+/PNN-,121.54560057,12.440123196106569,0.0,0.0,0.0,False,NONE
755,473,1717,88.97455728,10.643586087602236,1292.0,11.535714285714286,0.0,0.0,0.0,1.5341205408191578,False,True,306,PV+/PNN-,88.97455728,10.643586087602236,0.0,0.0,0.0,False,NONE
756,475,1628,83.41364745,10.305607915302103,1439.0,13.704761904761904,0.0,0.0,0.0,1.5467394213102215,False,True,307,PV+/PNN-,83.41364745,10.305607915302103,0.0,0.0,0.0,False,NONE
757,476,2188,102.47962401,11.422832828117684,2111.0,16.364341085271317,0.0,0.0,0.0,2.1312343092501713,False,True,308,PV+/PNN-,102.47962401,11.422832828117684,0.0,0.0,0.0,False,NONE
758,474,2228,48.45935709,7.854958291387057,794.0,13.01639344262295,0.0,0.0,0.0,1.7899338770151019,False,True,309,PV+/PNN-,48.45935709,7.854958291387057,0.0,0.0,0.0,False,NONE
759,475,2503,34.95429036,6.671220633775133,649.0,14.75,0.0,0.0,0.0,1.8194291769696185,False,True,310,PV+/PNN-,34.95429036,6.671220633775133,0.0,0.0,0.0,False,NONE
760,477,1410,69.11416503,9.380772250595795,919.0,10.563218390804598,0.0,0.0,0.0,1.8318220534411016,False,True,312,PV+/PNN-,69.11416503,9.380772250595795,0.0,0.0,0.0,False,NONE
761,478,1437,85.79689452,10.451794052617739,1114.0,10.314814814814815,0.0,0.0,0.0,1.624570558325033,False,True,313,PV+/PNN-,85.79689452,10.451794052617739,0.0,0.0,0.0,False,NONE
762,478,1832,70.70299641,9.487984557348323,970.0,10.898876404494382,0.0,0.0,0.0,1.508316630645517,False,True,314,PV+/PNN-,70.70299641,9.487984557348323,0.0,0.0,0.0,False,NONE
763,477,1053,38.92636881,7.040070461425612,528.0,10.775510204081632,0.0,0.0,0.0,1.5974670687588124,False,True,315,PV+/PNN-,38.92636881,7.040070461425612,0.0,0.0,0.0,False,NONE
764,480,1066,101.68520832,11.378472144697502,1109.0,8.6640625,0.0,0.0,0.0,1.72514105035062,False,True,316,PV+/PNN-,101.68520832,11.378472144697502,0.0,0.0,0.0,False,NONE
765,478,1136,54.81468261,8.354173898786094,617.0,8.942028985507246,0.0,0.0,0.0,1.6382675493110763,False,True,317,PV+/PNN-,54.81468261,8.354173898786094,0.0,0.0,0.0,False,NONE
766,481,1314,112.01261229,11.942314996545514,2112.0,14.97872340425532,0.0,0.0,0.0,1.9020131963498,False,True,318,PV+/PNN-,112.01261229,11.942314996545514,0.0,0.0,0.0,False,NONE
767,482,977,131.07858885,12.91876320674319,1130.0,6.848484848484849,0.0,0.0,0.0,1.8113428250719759,False,True,319,PV+/PNN-,131.07858885,12.91876320674319,0.0,0.0,0.0,False,NONE
768,480,1187,92.15222004,10.83198276817611,1077.0,9.28448275862069,0.0,0.0,0.0,1.853761317569524,False,True,320,PV+/PNN-,92.15222004,10.83198276817611,0.0,0.0,0.0,False,NONE
769,481,2607,121.54560057,12.440123196106569,8620.0,56.33986928104575,0.0,0.0,0.0,1.8138797197849617,False,True,321,PV+/PNN-,121.54560057,12.440123196106569,0.0,0.0,0.0,False,NONE
770,481,1499,109.62936522,11.814586030086609,1772.0,12.840579710144928,0.0,0.0,0.0,1.6833870490298075,False,True,322,PV+/PNN-,109.62936522,11.814586030086609,0.0,0.0,0.0,False,NONE
771,481,2583,77.85273762,9.956163126610313,2095.0,21.377551020408163,0.0,0.0,0.0,1.6814248550430115,False,True,323,PV+/PNN-,77.85273762,9.956163126610313,0.0,0.0,0.0,False,NONE
772,485,1536,166.03287921,14.539588286344586,6378.0,30.516746411483254,0.0,0.0,0.0,1.8509943225349783,False,True,324,PV+/PNN-,166.03287921,14.539588286344586,0.0,0.0,0.0,False,NONE
773,481,2067,52.43143554,8.17054325713784,773.0,11.712121212121213,0.0,0.0,0.0,1.7205959871095404,False,True,325,PV+/PNN-,52.43143554,8.17054325713784,0.0,0.0,0.0,False,NONE
774,483,1917,90.56338866,10.738197602350779,1525.0,13.37719298245614,0.0,0.0,0.0,1.5520712118158306,False,True,326,PV+/PNN-,90.56338866,10.738197602350779,0.0,0.0,0.0,False,NONE
775,484,1858,104.86287108,11.554893086200376,1870.0,14.166666666666666,0.0,0.0,0.0,1.7408118668536472,False,True,327,PV+/PNN-,104.86287108,11.554893086200376,0.0,0.0,0.0,False,NONE
776,486,2222,96.91871418,11.108588547554572,1262.0,10.344262295081966,0.0,0.0,0.0,1.9193486481638515,False,True,328,PV+/PNN-,96.91871418,11.108588547554572,0.0,0.0,0.0,False,NONE
777,486,1667,102.47962401,11.422832828117684,1457.0,11.294573643410853,0.0,0.0,0.0,1.815772557894457,False,True,329,PV+/PNN-,102.47962401,11.422832828117684,0.0,0.0,0.0,False,NONE
778,486,1756,80.23598469,10.107404643036364,4613.0,45.67326732673267,0.0,0.0,0.0,1.6234085344343514,False,True,330,PV+/PNN-,80.23598469,10.107404643036364,0.0,0.0,0.0,False,NONE
779,484,1811,59.58117675,8.70982837718145,942.0,12.56,0.0,0.0,0.0,1.4983111582787831,False,True,331,PV+/PNN-,59.58117675,8.70982837718145,0.0,0.0,0.0,False,NONE
780,488,1162,88.97455728,10.643586087602236,1043.0,9.3125,0.0,0.0,0.0,1.5645646930528425,False,True,332,PV+/PNN-,88.97455728,10.643586087602236,0.0,0.0,0.0,False,NONE
781,488,1449,66.73091796,9.217615939230159,877.0,10.44047619047619,0.0,0.0,0.0,1.5742715241998144,False,True,333,PV+/PNN-,66.73091796,9.217615939230159,0.0,0.0,0.0,False,NONE
782,487,1958,46.87052571,7.72511532706782,726.0,12.305084745762711,0.0,0.0,0.0,1.507624930068987,False,True,334,PV+/PNN-,46.87052571,7.72511532706782,0.0,0.0,0.0,False,NONE
783,487,2543,70.70299641,9.487984557348323,1801.0,20.235955056179776,0.0,0.0,0.0,1.7548443626560486,False,True,335,PV+/PNN-,70.70299641,9.487984557348323,0.0,0.0,0.0,False,NONE
784,492,933,159.67755369,14.258603569939103,1303.0,6.482587064676617,0.0,0.0,0.0,1.677582763707071,False,True,336,PV+/PNN-,159.67755369,14.258603569939103,0.0,0.0,0.0,False,NONE
785,491,969,96.91871418,11.108588547554572,1071.0,8.778688524590164,0.0,0.0,0.0,1.6915057412118275,False,True,337,PV+/PNN-,96.91871418,11.108588547554572,0.0,0.0,0.0,False,NONE
786,492,2131,127.90092609,12.761211420003875,2523.0,15.670807453416149,0.0,0.0,0.0,2.011040558892023,False,True,338,PV+/PNN-,127.90092609,12.761211420003875,0.0,0.0,0.0,False,NONE
787,489,2694,79.441569,10.057243516322302,7382.0,73.82,0.0,0.0,0.0,1.7048725250863461,False,True,339,PV+/PNN-,79.441569,10.057243516322302,0.0,0.0,0.0,False,NONE
788,491,1976,84.20806314000001,10.354565948189398,2866.0,27.037735849056602,0.0,0.0,0.0,1.653124958697343,False,True,340,PV+/PNN-,84.20806314000001,10.354565948189398,0.0,0.0,0.0,False,NONE
789,489,2054,79.441569,10.057243516322302,1121.0,11.21,0.0,0.0,0.0,2.005819588210284,False,True,341,PV+/PNN-,79.441569,10.057243516322302,0.0,0.0,0.0,False,NONE
790,490,1374,71.4974121,9.54113894836179,887.0,9.855555555555556,0.0,0.0,0.0,1.7979404455379198,False,True,342,PV+/PNN-,71.4974121,9.54113894836179,0.0,0.0,0.0,False,NONE
791,493,1022,89.76897297000001,10.690996505268625,960.0,8.495575221238939,0.0,0.0,0.0,1.6799455701216364,False,True,343,PV+/PNN-,89.76897297000001,10.690996505268625,0.0,0.0,0.0,False,NONE
792,491,2422,65.14208658,9.10722134683339,916.0,11.170731707317072,0.0,0.0,0.0,2.2879280811206484,False,True,344,PV+/PNN-,65.14208658,9.10722134683339,0.0,0.0,0.0,False,NONE
793,492,1412,65.93650227,9.1625849044734,877.0,10.566265060240964,0.0,0.0,0.0,1.6209238517714606,False,True,345,PV+/PNN-,65.93650227,9.1625849044734,0.0,0.0,0.0,False,NONE
794,494,1596,107.24611815,11.68546099424064,2054.0,15.214814814814815,0.0,0.0,0.0,1.6395328051232945,False,True,346,PV+/PNN-,107.24611815,11.68546099424064,0.0,0.0,0.0,False,NONE
795,493,2246,69.11416503,9.380772250595795,968.0,11.126436781609195,0.0,0.0,0.0,1.686128299423228,False,True,347,PV+/PNN-,69.11416503,9.380772250595795,0.0,0.0,0.0,False,NONE
796,493,1782,61.96442382,8.88231697105848,1027.0,13.166666666666666,0.0,0.0,0.0,1.5129080601658098,False,True,348,PV+/PNN-,61.96442382,8.88231697105848,0.0,0.0,0.0,False,NONE
797,493,1805,57.19792968,8.533854108523126,1024.0,14.222222222222221,0.0,0.0,0.0,1.6080983600150196,False,True,349,PV+/PNN-,57.19792968,8.533854108523126,0.0,0.0,0.0,False,NONE
798,494,2071,61.96442382,8.88231697105848,1052.0,13.487179487179487,0.0,0.0,0.0,1.8331656080777936,False,True,350,PV+/PNN-,61.96442382,8.88231697105848,0.0,0.0,0.0,False,NONE
799,494,2158,75.46949055,9.802588422925686,1136.0,11.957894736842105,0.0,0.0,0.0,1.99434973643968,False,True,351,PV+/PNN-,75.46949055,9.802588422925686,0.0,0.0,0.0,False,NONE
800,494,2171,68.31974934,9.326703948667076,1632.0,18.976744186046513,0.0,0.0,0.0,2.0703254829410533,False,True,352,PV+/PNN-,68.31974934,9.326703948667076,0.0,0.0,0.0,False,NONE
801,497,1672,124.72326333,12.60169000650996,1350.0,8.598726114649681,0.0,0.0,0.0,1.7794695505539848,False,True,353,PV+/PNN-,124.72326333,12.60169000650996,0.0,0.0,0.0,False,NONE
802,494,2308,33.36545898,6.517838737002854,721.0,17.166666666666668,0.0,0.0,0.0,1.694283254744195,False,True,354,PV+/PNN-,33.36545898,6.517838737002854,0.0,0.0,0.0,False,NONE
803,493,2398,30.18779622,6.199701276328615,365.0,9.605263157894736,0.0,0.0,0.0,2.0267306104859424,False,True,355,PV+/PNN-,30.18779622,6.199701276328615,0.0,0.0,0.0,False,NONE
804,495,1202,85.00247883,10.403293586497956,832.0,7.775700934579439,0.0,0.0,0.0,1.5974953445140654,False,True,356,PV+/PNN-,85.00247883,10.403293586497956,0.0,0.0,0.0,False,NONE
805,495,2278,62.75883951,8.93907356753593,1911.0,24.189873417721518,0.0,0.0,0.0,2.014508151546717,False,True,357,PV+/PNN-,62.75883951,8.93907356753593,0.0,0.0,0.0,False,NONE
806,495,2376,59.58117675,8.70982837718145,833.0,11.106666666666667,0.0,0.0,0.0,2.123925250093077,False,True,358,PV+/PNN-,59.58117675,8.70982837718145,0.0,0.0,0.0,False,NONE
807,499,1254,97.71312987,11.154022637162193,1668.0,13.560975609756097,0.0,0.0,0.0,2.3593410872085703,False,True,359,PV+/PNN-,97.71312987,11.154022637162193,0.0,0.0,0.0,False,NONE
808,499,1658,123.13443195,12.521167201073583,1911.0,12.329032258064515,0.0,0.0,0.0,1.8789464659366772,False,True,360,PV+/PNN-,123.13443195,12.521167201073583,0.0,0.0,0.0,False,NONE
809,498,1718,102.47962401,11.422832828117684,1475.0,11.434108527131784,0.0,0.0,0.0,1.6117854509158076,False,True,361,PV+/PNN-,102.47962401,11.422832828117684,0.0,0.0,0.0,False,NONE
810,499,1387,109.62936522,11.814586030086609,1566.0,11.347826086956522,0.0,0.0,0.0,1.7714775008616162,False,True,362,PV+/PNN-,109.62936522,11.814586030086609,0.0,0.0,0.0,False,NONE
811,499,2750,117.57352212,12.235164803834003,3854.0,26.04054054054054,0.0,0.0,0.0,2.0023737824016488,False,True,363,PV+/PNN-,117.57352212,12.235164803834003,0.0,0.0,0.0,False,NONE
812,499,1624,60.37559244,8.767701627645716,1153.0,15.171052631578947,0.0,0.0,0.0,1.5380915171974645,False,True,364,PV+/PNN-,60.37559244,8.767701627645716,0.0,0.0,0.0,False,NONE
813,498,1860,39.7207845,7.111545090435939,769.0,15.38,0.0,0.0,0.0,1.6722575724325204,False,True,365,PV+/PNN-,39.7207845,7.111545090435939,0.0,0.0,0.0,False,NONE
814,501,984,122.34001626,12.48071098158173,1521.0,9.876623376623376,0.0,0.0,0.0,1.6066811091863984,False,True,366,PV+/PNN-,122.34001626,12.48071098158173,0.0,0.0,0.0,False,NONE
815,503,1187,109.62936522,11.814586030086609,1578.0,11.434782608695652,0.0,0.0,0.0,1.8122999053690396,False,True,367,PV+/PNN-,109.62936522,11.814586030086609,0.0,0.0,0.0,False,NONE
816,502,1426,139.02274575,13.304482609502793,2095.0,11.971428571428572,0.0,0.0,0.0,1.7514653145918118,False,True,368,PV+/PNN-,139.02274575,13.304482609502793,0.0,0.0,0.0,False,NONE
817,501,2504,106.45170246,11.642101063659146,1846.0,13.776119402985074,0.0,0.0,0.0,1.7231271627657263,False,True,369,PV+/PNN-,106.45170246,11.642101063659146,0.0,0.0,0.0,False,NONE
818,502,1006,105.65728677,11.598579038183399,1782.0,13.398496240601503,0.0,0.0,0.0,1.665302093807781,False,True,370,PV+/PNN-,105.65728677,11.598579038183399,0.0,0.0,0.0,False,NONE
819,502,1580,103.2740397,11.467021901548332,1641.0,12.623076923076923,0.0,0.0,0.0,1.6564062492895772,False,True,371,PV+/PNN-,103.2740397,11.467021901548332,0.0,0.0,0.0,False,NONE
820,500,2234,71.4974121,9.54113894836179,1076.0,11.955555555555556,0.0,0.0,0.0,2.027727611962601,False,True,372,PV+/PNN-,71.4974121,9.54113894836179,0.0,0.0,0.0,False,NONE
821,501,2296,75.46949055,9.802588422925686,1902.0,20.021052631578947,0.0,0.0,0.0,2.228428344003023,False,True,373,PV+/PNN-,75.46949055,9.802588422925686,0.0,0.0,0.0,False,NONE
822,500,2714,46.07611002,7.659368469073156,1530.0,26.379310344827587,0.0,0.0,0.0,1.6524738942553565,False,True,374,PV+/PNN-,46.07611002,7.659368469073156,0.0,0.0,0.0,False,NONE
823,502,1050,75.46949055,9.802588422925686,1171.0,12.326315789473684,0.0,0.0,0.0,1.654155493447622,False,True,375,PV+/PNN-,75.46949055,9.802588422925686,0.0,0.0,0.0,False,NONE
824,501,2117,41.30961588,7.252381437585563,607.0,11.673076923076923,0.0,0.0,0.0,1.865951618175608,False,True,376,PV+/PNN-,41.30961588,7.252381437585563,0.0,0.0,0.0,False,NONE
825,501,2624,40.51520019,7.182308476024235,3710.0,72.74509803921569,0.0,0.0,0.0,1.7135931006622354,False,True,377,PV+/PNN-,40.51520019,7.182308476024235,0.0,0.0,0.0,False,NONE
826,502,2726,91.35780435,10.78519212710641,2705.0,23.52173913043478,0.0,0.0,0.0,2.0258655373710344,False,True,378,PV+/PNN-,91.35780435,10.78519212710641,0.0,0.0,0.0,False,NONE
827,503,1347,77.85273762,9.956163126610313,877.0,8.948979591836734,0.0,0.0,0.0,1.7532806180790375,False,True,379,PV+/PNN-,77.85273762,9.956163126610313,0.0,0.0,0.0,False,NONE
828,504,1377,65.14208658,9.10722134683339,887.0,10.817073170731707,0.0,0.0,0.0,1.7997885458361162,False,True,380,PV+/PNN-,65.14208658,9.10722134683339,0.0,0.0,0.0,False,NONE
829,504,2524,67.52533365000001,9.272320371655413,1291.0,15.188235294117646,0.0,0.0,0.0,1.7458592302930258,False,True,381,PV+/PNN-,67.52533365000001,9.272320371655413,0.0,0.0,0.0,False,NONE
830,503,2579,75.46949055,9.802588422925686,2454.0,25.83157894736842,0.0,0.0,0.0,1.82347235291844,False,True,382,PV+/PNN-,75.46949055,9.802588422925686,0.0,0.0,0.0,False,NONE
831,505,2648,93.74105142,10.924962866435578,2417.0,20.483050847457626,0.0,0.0,0.0,1.8719676215023255,False,True,383,PV+/PNN-,93.74105142,10.924962866435578,0.0,0.0,0.0,False,NONE
832,505,2385,74.67507486,9.75085936304132,1389.0,14.77659574468085,0.0,0.0,0.0,2.1638160077876663,False,True,384,PV+/PNN-,74.67507486,9.75085936304132,0.0,0.0,0.0,False,NONE
833,508,2406,101.68520832,11.378472144697502,1605.0,12.5390625,0.0,0.0,0.0,1.770310906653859,False,True,385,PV+/PNN-,101.68520832,11.378472144697502,0.0,0.0,0.0,False,NONE
834,505,2666,88.18014159,10.595963539609496,4284.0,38.5945945945946,0.0,0.0,0.0,1.9245760349780061,False,True,386,PV+/PNN-,88.18014159,10.595963539609496,0.0,0.0,0.0,False,NONE
835,505,1228,84.20806314000001,10.354565948189398,982.0,9.264150943396226,0.0,0.0,0.0,1.8349407324965434,False,True,387,PV+/PNN-,84.20806314000001,10.354565948189398,0.0,0.0,0.0,False,NONE
836,509,939,140.61157713,13.380292240810528,1449.0,8.186440677966102,0.0,0.0,0.0,1.8673609897715593,False,True,388,PV+/PNN-,140.61157713,13.380292240810528,0.0,0.0,0.0,False,NONE
837,507,1097,110.42378091,11.857315232959936,1073.0,7.719424460431655,0.0,0.0,0.0,1.7725981461955005,False,True,389,PV+/PNN-,110.42378091,11.857315232959936,0.0,0.0,0.0,False,NONE
838,506,1918,46.07611002,7.659368469073156,796.0,13.724137931034482,0.0,0.0,0.0,1.6013532788104885,False,True,390,PV+/PNN-,46.07611002,7.659368469073156,0.0,0.0,0.0,False,NONE
839,507,2771,65.14208658,9.10722134683339,2079.0,25.353658536585368,0.0,0.0,0.0,1.8467945751598118,False,True,391,PV+/PNN-,65.14208658,9.10722134683339,0.0,0.0,0.0,False,NONE
840,513,852,113.60144367,12.026714032504808,962.0,6.7272727272727275,0.0,0.0,0.0,1.7276801842848257,False,True,392,PV+/PNN-,113.60144367,12.026714032504808,0.0,0.0,0.0,False,NONE
841,511,1150,71.4974121,9.54113894836179,856.0,9.511111111111111,0.0,0.0,0.0,1.6900475466073346,False,True,393,PV+/PNN-,71.4974121,9.54113894836179,0.0,0.0,0.0,False,NONE
842,511,2376,68.31974934,9.326703948667076,1338.0,15.55813953488372,0.0,0.0,0.0,2.170307895939039,False,True,394,PV+/PNN-,68.31974934,9.326703948667076,0.0,0.0,0.0,False,NONE
843,513,1247,102.47962401,11.422832828117684,1191.0,9.232558139534884,0.0,0.0,0.0,2.0387218466485866,False,True,395,PV+/PNN-,102.47962401,11.422832828117684,0.0,0.0,0.0,False,NONE
844,512,2179,57.99234537,8.592912627102823,1042.0,14.273972602739725,0.0,0.0,0.0,1.915062288453156,False,True,396,PV+/PNN-,57.99234537,8.592912627102823,0.0,0.0,0.0,False,NONE
845,513,2096,71.4974121,9.54113894836179,1077.0,11.966666666666667,0.0,0.0,0.0,2.0598483986671265,False,True,397,PV+/PNN-,71.4974121,9.54113894836179,0.0,0.0,0.0,False,NONE
846,512,2267,72.29182779,9.593998848416254,1872.0,20.571428571428573,0.0,0.0,0.0,2.1659130645984686,False,True,398,PV+/PNN-,72.29182779,9.593998848416254,0.0,0.0,0.0,False,NONE
847,515,1994,92.15222004,10.83198276817611,1554.0,13.39655172413793,0.0,0.0,0.0,1.9885919408053634,False,True,399,PV+/PNN-,92.15222004,10.83198276817611,0.0,0.0,0.0,False,NONE
848,515,2074,58.78676106,8.651568001725998,920.0,12.432432432432432,0.0,0.0,0.0,1.8851763173986507,False,True,400,PV+/PNN-,58.78676106,8.651568001725998,0.0,0.0,0.0,False,NONE
849,517,903,96.91871418,11.108588547554572,920.0,7.540983606557377,0.0,0.0,0.0,1.7571244984140104,False,True,401,PV+/PNN-,96.91871418,11.108588547554572,0.0,0.0,0.0,False,NONE
850,517,1586,70.70299641,9.487984557348323,1296.0,14.561797752808989,0.0,0.0,0.0,1.6115917616229019,False,True,402,PV+/PNN-,70.70299641,9.487984557348323,0.0,0.0,0.0,False,NONE
851,517,1927,80.23598469,10.107404643036364,1295.0,12.821782178217822,0.0,0.0,0.0,1.9147707352347298,False,True,403,PV+/PNN-,80.23598469,10.107404643036364,0.0,0.0,0.0,False,NONE
852,520,795,118.36793781,12.276430232296539,942.0,6.322147651006712,0.0,0.0,0.0,2.1262402019897997,False,True,405,PV+/PNN-,118.36793781,12.276430232296539,0.0,0.0,0.0,False,NONE
853,521,1278,96.91871418,11.108588547554572,1210.0,9.918032786885245,0.0,0.0,0.0,1.7492259443063403,False,True,406,PV+/PNN-,96.91871418,11.108588547554572,0.0,0.0,0.0,False,NONE
854,522,2490,111.2181966,11.899891008124815,2409.0,17.207142857142856,0.0,0.0,0.0,1.9711926741914492,False,True,407,PV+/PNN-,111.2181966,11.899891008124815,0.0,0.0,0.0,False,NONE
855,522,1600,61.96442382,8.88231697105848,1622.0,20.794871794871796,0.0,0.0,0.0,1.6440521005570674,False,True,408,PV+/PNN-,61.96442382,8.88231697105848,0.0,0.0,0.0,False,NONE
856,522,1676,88.18014159,10.595963539609496,1740.0,15.675675675675675,0.0,0.0,0.0,1.563968450353397,False,True,409,PV+/PNN-,88.18014159,10.595963539609496,0.0,0.0,0.0,False,NONE
857,520,2092,42.104031570000004,7.321783798208037,683.0,12.88679245283019,0.0,0.0,0.0,1.8657095557548695,False,True,410,PV+/PNN-,42.104031570000004,7.321783798208037,0.0,0.0,0.0,False,NONE
858,519,2235,29.39338053,6.1175824019170015,639.0,17.27027027027027,0.0,0.0,0.0,2.011388972017264,False,True,411,PV+/PNN-,29.39338053,6.1175824019170015,0.0,0.0,0.0,False,NONE
859,523,2008,79.441569,10.057243516322302,1673.0,16.73,0.0,0.0,0.0,1.7537949540670847,False,True,412,PV+/PNN-,79.441569,10.057243516322302,0.0,0.0,0.0,False,NONE
860,522,2142,71.4974121,9.54113894836179,1125.0,12.5,0.0,0.0,0.0,1.8918319759049937,False,True,413,PV+/PNN-,71.4974121,9.54113894836179,0.0,0.0,0.0,False,NONE
861,524,2611,125.51767902,12.64175907426016,3445.0,21.803797468354432,0.0,0.0,0.0,1.7358360877323833,False,True,414,PV+/PNN-,125.51767902,12.64175907426016,0.0,0.0,0.0,False,NONE
862,526,886,146.96690265,13.679330108642857,1131.0,6.113513513513514,0.0,0.0,0.0,1.8847756423046234,False,True,415,PV+/PNN-,146.96690265,13.679330108642857,0.0,0.0,0.0,False,NONE
863,525,1039,83.41364745,10.305607915302103,1090.0,10.380952380952381,0.0,0.0,0.0,1.5672120106383802,False,True,418,PV+/PNN-,83.41364745,10.305607915302103,0.0,0.0,0.0,False,NONE
864,526,1116,125.51767902,12.64175907426016,1364.0,8.632911392405063,0.0,0.0,0.0,1.9117654209485033,False,True,419,PV+/PNN-,125.51767902,12.64175907426016,0.0,0.0,0.0,False,NONE
865,525,2652,84.20806314000001,10.354565948189398,3762.0,35.490566037735846,0.0,0.0,0.0,1.7922839547975002,False,True,420,PV+/PNN-,84.20806314000001,10.354565948189398,0.0,0.0,0.0,False,NONE
866,527,966,112.80702798,11.984588810142046,1353.0,9.528169014084508,0.0,0.0,0.0,1.532088444926034,False,True,421,PV+/PNN-,112.80702798,11.984588810142046,0.0,0.0,0.0,False,NONE
867,526,1717,88.18014159,10.595963539609496,1884.0,16.972972972972972,0.0,0.0,0.0,1.6127172534600573,False,True,422,PV+/PNN-,88.18014159,10.595963539609496,0.0,0.0,0.0,False,NONE
868,527,2209,97.71312987,11.154022637162193,1784.0,14.504065040650406,0.0,0.0,0.0,2.2924478916325417,False,True,423,PV+/PNN-,97.71312987,11.154022637162193,0.0,0.0,0.0,False,NONE
869,526,982,63.5532552,8.995472067506276,842.0,10.525,0.0,0.0,0.0,1.4991759486900589,False,True,424,PV+/PNN-,63.5532552,8.995472067506276,0.0,0.0,0.0,False,NONE
870,528,1257,78.64715331000001,10.006830950662698,967.0,9.767676767676768,0.0,0.0,0.0,1.6292501601176501,False,True,425,PV+/PNN-,78.64715331000001,10.006830950662698,0.0,0.0,0.0,False,NONE
871,530,1465,105.65728677,11.598579038183399,3468.0,26.075187969924812,0.0,0.0,0.0,1.81856784875997,False,True,426,PV+/PNN-,105.65728677,11.598579038183399,0.0,0.0,0.0,False,NONE
872,526,1092,18.271560870000002,4.823284549321096,294.0,12.782608695652174,0.0,0.0,0.0,2.017486201708984,False,True,427,PV+/PNN-,18.271560870000002,4.823284549321096,0.0,0.0,0.0,False,NONE
873,530,1166,103.2740397,11.467021901548332,1974.0,15.184615384615384,0.0,0.0,0.0,2.6103365952659843,False,True,428,PV+/PNN-,103.2740397,11.467021901548332,0.0,0.0,0.0,False,NONE
874,529,1493,69.11416503,9.380772250595795,2165.0,24.885057471264368,0.0,0.0,0.0,1.64267577629509,False,True,429,PV+/PNN-,69.11416503,9.380772250595795,0.0,0.0,0.0,False,NONE
875,530,2069,77.85273762,9.956163126610313,1637.0,16.70408163265306,0.0,0.0,0.0,1.900017649963133,False,True,430,PV+/PNN-,77.85273762,9.956163126610313,0.0,0.0,0.0,False,NONE
876,531,2502,151.73339679,13.899387074616612,5464.0,28.607329842931936,0.0,0.0,0.0,2.1814451316891312,False,True,431,PV+/PNN-,151.73339679,13.899387074616612,0.0,0.0,0.0,False,NONE
877,530,1474,76.26390624,9.854045933561641,2233.0,23.260416666666668,0.0,0.0,0.0,1.795212237692824,False,True,432,PV+/PNN-,76.26390624,9.854045933561641,0.0,0.0,0.0,False,NONE
878,532,1683,108.83494953,11.77170172875832,2085.0,15.218978102189782,0.0,0.0,0.0,1.7395002120446217,False,True,433,PV+/PNN-,108.83494953,11.77170172875832,0.0,0.0,0.0,False,NONE
879,531,1695,69.90858072,9.434530697868027,1586.0,18.022727272727273,0.0,0.0,0.0,1.6442248858540258,False,True,434,PV+/PNN-,69.90858072,9.434530697868027,0.0,0.0,0.0,False,NONE
880,532,2027,90.56338866,10.738197602350779,1845.0,16.18421052631579,0.0,0.0,0.0,1.6905677212908088,False,True,435,PV+/PNN-,90.56338866,10.738197602350779,0.0,0.0,0.0,False,NONE
881,531,2366,63.5532552,8.995472067506276,1023.0,12.7875,0.0,0.0,0.0,1.9170550295672013,False,True,436,PV+/PNN-,63.5532552,8.995472067506276,0.0,0.0,0.0,False,NONE
882,531,2631,96.12429849,11.062967867954534,3784.0,31.272727272727273,0.0,0.0,0.0,1.9480756844321168,False,True,437,PV+/PNN-,96.12429849,11.062967867954534,0.0,0.0,0.0,False,NONE
883,531,834,66.73091796,9.217615939230159,522.0,6.214285714285714,0.0,0.0,0.0,1.621923240739495,False,True,438,PV+/PNN-,66.73091796,9.217615939230159,0.0,0.0,0.0,False,NONE
884,529,1385,30.98221191,6.280746562883805,415.0,10.64102564102564,0.0,0.0,0.0,1.6801642276213269,False,True,439,PV+/PNN-,30.98221191,6.280746562883805,0.0,0.0,0.0,False,NONE
885,534,1864,115.98469074,12.152213577535832,2470.0,16.91780821917808,0.0,0.0,0.0,1.8013364261484086,False,True,440,PV+/PNN-,115.98469074,12.152213577535832,0.0,0.0,0.0,False,NONE
886,533,822,79.441569,10.057243516322302,802.0,8.02,0.0,0.0,0.0,1.642607615474497,False,True,441,PV+/PNN-,79.441569,10.057243516322302,0.0,0.0,0.0,False,NONE
887,532,1084,42.89844726,7.390534450171232,618.0,11.444444444444445,0.0,0.0,0.0,1.698009109123841,False,True,442,PV+/PNN-,42.89844726,7.390534450171232,0.0,0.0,0.0,False,NONE
888,535,1578,121.54560057,12.440123196106569,3030.0,19.80392156862745,0.0,0.0,0.0,1.640921637529825,False,True,443,PV+/PNN-,121.54560057,12.440123196106569,0.0,0.0,0.0,False,NONE
889,534,2514,115.19027505,12.11052490037406,1810.0,12.482758620689655,0.0,0.0,0.0,1.8352300944707594,False,True,444,PV+/PNN-,115.19027505,12.11052490037406,0.0,0.0,0.0,False,NONE
890,535,645,119.1623535,12.317557416952052,1179.0,7.86,0.0,0.0,0.0,1.8714064500005776,False,True,445,PV+/PNN-,119.1623535,12.317557416952052,0.0,0.0,0.0,False,NONE
891,534,1309,85.79689452,10.451794052617739,1081.0,10.00925925925926,0.0,0.0,0.0,1.8915574392664936,False,True,446,PV+/PNN-,85.79689452,10.451794052617739,0.0,0.0,0.0,False,NONE
892,534,2699,69.11416503,9.380772250595795,2186.0,25.126436781609197,0.0,0.0,0.0,1.6375637147506035,False,True,447,PV+/PNN-,69.11416503,9.380772250595795,0.0,0.0,0.0,False,NONE
893,535,745,92.15222004,10.83198276817611,710.0,6.120689655172414,0.0,0.0,0.0,1.7170136712545025,False,True,448,PV+/PNN-,92.15222004,10.83198276817611,0.0,0.0,0.0,False,NONE
894,537,810,131.87300454,12.957851838301272,1176.0,7.0843373493975905,0.0,0.0,0.0,1.8531223098764633,False,True,449,PV+/PNN-,131.87300454,12.957851838301272,0.0,0.0,0.0,False,NONE
895,536,926,110.42378091,11.857315232959936,1005.0,7.23021582733813,0.0,0.0,0.0,1.6590110808706984,False,True,450,PV+/PNN-,110.42378091,11.857315232959936,0.0,0.0,0.0,False,NONE
896,535,1427,85.00247883,10.403293586497956,1389.0,12.981308411214954,0.0,0.0,0.0,1.632133144698672,False,True,451,PV+/PNN-,85.00247883,10.403293586497956,0.0,0.0,0.0,False,NONE
897,537,1736,106.45170246,11.642101063659146,2987.0,22.291044776119403,0.0,0.0,0.0,1.6119398241731384,False,True,452,PV+/PNN-,106.45170246,11.642101063659146,0.0,0.0,0.0,False,NONE
898,537,2804,81.82481607,10.206987389088184,4896.0,47.53398058252427,0.0,0.0,0.0,1.614195472253556,False,True,454,PV+/PNN-,81.82481607,10.206987389088184,0.0,0.0,0.0,False,NONE
899,538,1530,116.77910643,12.193759728054031,1816.0,12.353741496598639,0.0,0.0,0.0,1.8541308118138111,False,True,455,PV+/PNN-,116.77910643,12.193759728054031,0.0,0.0,0.0,False,NONE
900,537,2123,81.82481607,10.206987389088184,1790.0,17.37864077669903,0.0,0.0,0.0,1.958192545698585,False,True,456,PV+/PNN-,81.82481607,10.206987389088184,0.0,0.0,0.0,False,NONE
901,537,2305,74.67507486,9.75085936304132,1336.0,14.212765957446809,0.0,0.0,0.0,2.312065792577783,False,True,457,PV+/PNN-,74.67507486,9.75085936304132,0.0,0.0,0.0,False,NONE
902,538,2463,127.90092609,12.761211420003875,2847.0,17.683229813664596,0.0,0.0,0.0,2.162973568148975,False,True,458,PV+/PNN-,127.90092609,12.761211420003875,0.0,0.0,0.0,False,NONE
903,538,1001,92.94663573,10.878572156378345,1214.0,10.376068376068377,0.0,0.0,0.0,1.604772243048575,False,True,459,PV+/PNN-,92.94663573,10.878572156378345,0.0,0.0,0.0,False,NONE
904,538,2568,100.89079263,11.333937836259333,2023.0,15.929133858267717,0.0,0.0,0.0,1.895145870919331,False,True,461,PV+/PNN-,100.89079263,11.333937836259333,0.0,0.0,0.0,False,NONE
905,538,1566,42.89844726,7.390534450171232,787.0,14.574074074074074,0.0,0.0,0.0,1.603293968841266,False,True,462,PV+/PNN-,42.89844726,7.390534450171232,0.0,0.0,0.0,False,NONE
906,541,2036,78.64715331000001,10.006830950662698,1743.0,17.606060606060606,0.0,0.0,0.0,1.7969670883650553,False,True,463,PV+/PNN-,78.64715331000001,10.006830950662698,0.0,0.0,0.0,False,NONE
907,541,838,99.30196125,11.244340084382843,756.0,6.048,0.0,0.0,0.0,1.6473516085877808,False,True,464,PV+/PNN-,99.30196125,11.244340084382843,0.0,0.0,0.0,False,NONE
908,540,910,63.5532552,8.995472067506276,672.0,8.4,0.0,0.0,0.0,1.5464305675919086,False,True,465,PV+/PNN-,63.5532552,8.995472067506276,0.0,0.0,0.0,False,NONE
909,542,2626,105.65728677,11.598579038183399,3184.0,23.93984962406015,0.0,0.0,0.0,1.8726288605067418,False,True,466,PV+/PNN-,105.65728677,11.598579038183399,0.0,0.0,0.0,False,NONE
910,544,1291,150.9389811,13.862953494062992,1932.0,10.16842105263158,0.0,0.0,0.0,1.9268570712589161,False,True,467,PV+/PNN-,150.9389811,13.862953494062992,0.0,0.0,0.0,False,NONE
911,545,1494,138.22833006,13.266415342325757,3102.0,17.82758620689655,0.0,0.0,0.0,1.8837946791433842,False,True,468,PV+/PNN-,138.22833006,13.266415342325757,0.0,0.0,0.0,False,NONE
912,541,2148,40.51520019,7.182308476024235,853.0,16.725490196078432,0.0,0.0,0.0,1.9839309435148018,False,True,469,PV+/PNN-,40.51520019,7.182308476024235,0.0,0.0,0.0,False,NONE
913,542,1383,36.543121740000004,6.8211544248344955,923.0,20.065217391304348,0.0,0.0,0.0,1.6613644360718554,False,True,470,PV+/PNN-,36.543121740000004,6.8211544248344955,0.0,0.0,0.0,False,NONE
914,545,1401,85.79689452,10.451794052617739,1060.0,9.814814814814815,0.0,0.0,0.0,1.7892925414251628,False,True,471,PV+/PNN-,85.79689452,10.451794052617739,0.0,0.0,0.0,False,NONE
915,545,1941,82.61923176,10.256416188536388,2004.0,19.26923076923077,0.0,0.0,0.0,1.6856285626376293,False,True,472,PV+/PNN-,82.61923176,10.256416188536388,0.0,0.0,0.0,False,NONE
916,545,1116,78.64715331000001,10.006830950662698,1241.0,12.535353535353535,0.0,0.0,0.0,1.9976284132324864,False,True,473,PV+/PNN-,78.64715331000001,10.006830950662698,0.0,0.0,0.0,False,NONE
917,545,1243,64.34767089,9.051519164690074,943.0,11.641975308641975,0.0,0.0,0.0,1.768015951941396,False,True,474,PV+/PNN-,64.34767089,9.051519164690074,0.0,0.0,0.0,False,NONE
918,546,1593,98.50754556,11.199272407696524,3609.0,29.10483870967742,0.0,0.0,0.0,1.490866787365129,False,True,475,PV+/PNN-,98.50754556,11.199272407696524,0.0,0.0,0.0,False,NONE
919,546,2104,118.36793781,12.276430232296539,2415.0,16.20805369127517,0.0,0.0,0.0,1.8939158748187102,False,True,476,PV+/PNN-,118.36793781,12.276430232296539,0.0,0.0,0.0,False,NONE
920,548,574,160.47196938,14.294028726574819,1513.0,7.49009900990099,0.0,0.0,0.0,1.8156929087660871,False,True,477,PV+/PNN-,160.47196938,14.294028726574819,0.0,0.0,0.0,False,NONE
921,547,630,81.03040038,10.157318055940708,713.0,6.990196078431373,0.0,0.0,0.0,1.844401734300574,False,True,478,PV+/PNN-,81.03040038,10.157318055940708,0.0,0.0,0.0,False,NONE
922,546,864,79.441569,10.057243516322302,732.0,7.32,0.0,0.0,0.0,1.7115437654019015,False,True,479,PV+/PNN-,79.441569,10.057243516322302,0.0,0.0,0.0,False,NONE
923,544,1146,27.01013346,5.864330313842014,390.0,11.470588235294118,0.0,0.0,0.0,1.6372880643732046,False,True,480,PV+/PNN-,27.01013346,5.864330313842014,0.0,0.0,0.0,False,NONE
924,546,654,88.18014159,10.595963539609496,677.0,6.099099099099099,0.0,0.0,0.0,1.8304173878815804,False,True,481,PV+/PNN-,88.18014159,10.595963539609496,0.0,0.0,0.0,False,NONE
925,548,1825,77.05832193,9.90523612702942,1535.0,15.824742268041238,0.0,0.0,0.0,1.5245274260633173,False,True,482,PV+/PNN-,77.05832193,9.90523612702942,0.0,0.0,0.0,False,NONE
926,548,1980,83.41364745,10.305607915302103,2307.0,21.97142857142857,0.0,0.0,0.0,1.671692811347606,False,True,483,PV+/PNN-,83.41364745,10.305607915302103,0.0,0.0,0.0,False,NONE
927,550,2438,132.66742023,12.996822909266468,3432.0,20.550898203592816,0.0,0.0,0.0,2.3111875131800588,False,True,484,PV+/PNN-,132.66742023,12.996822909266468,0.0,0.0,0.0,False,NONE
928,548,2287,52.43143554,8.17054325713784,881.0,13.348484848484848,0.0,0.0,0.0,2.1630991326194353,False,True,485,PV+/PNN-,52.43143554,8.17054325713784,0.0,0.0,0.0,False,NONE
929,551,760,104.86287108,11.554893086200376,1020.0,7.7272727272727275,0.0,0.0,0.0,1.8345910867776987,False,True,486,PV+/PNN-,104.86287108,11.554893086200376,0.0,0.0,0.0,False,NONE
930,552,980,157.29430662000001,14.151796046802042,1645.0,8.308080808080808,0.0,0.0,0.0,1.8931797012212677,False,True,487,PV+/PNN-,157.29430662000001,14.151796046802042,0.0,0.0,0.0,False,NONE
931,551,1440,94.53546711,10.971157418634661,1588.0,13.344537815126051,0.0,0.0,0.0,1.7067412198526082,False,True,488,PV+/PNN-,94.53546711,10.971157418634661,0.0,0.0,0.0,False,NONE
932,549,2749,61.17000813,8.825195369105852,2630.0,34.15584415584416,0.0,0.0,0.0,2.0206253134704917,False,True,489,PV+/PNN-,61.17000813,8.825195369105852,0.0,0.0,0.0,False,NONE
933,548,2854,56.40351399,8.474384017383858,4145.0,58.38028169014085,0.0,0.0,0.0,1.7278408016031248,False,True,490,PV+/PNN-,56.40351399,8.474384017383858,0.0,0.0,0.0,False,NONE
934,551,1235,96.12429849,11.062967867954534,1547.0,12.785123966942148,0.0,0.0,0.0,1.8966170814471173,False,True,491,PV+/PNN-,96.12429849,11.062967867954534,0.0,0.0,0.0,False,NONE
935,552,1560,109.62936522,11.814586030086609,2019.0,14.630434782608695,0.0,0.0,0.0,1.5120403774789113,False,True,492,PV+/PNN-,109.62936522,11.814586030086609,0.0,0.0,0.0,False,NONE
936,552,2097,56.40351399,8.474384017383858,963.0,13.56338028169014,0.0,0.0,0.0,1.8875747246516315,False,True,493,PV+/PNN-,56.40351399,8.474384017383858,0.0,0.0,0.0,False,NONE
937,550,1793,30.98221191,6.280746562883805,814.0,20.871794871794872,0.0,0.0,0.0,1.5281131662981298,False,True,495,PV+/PNN-,30.98221191,6.280746562883805,0.0,0.0,0.0,False,NONE
938,553,2297,82.61923176,10.256416188536388,1655.0,15.913461538461538,0.0,0.0,0.0,1.9878300470174832,False,True,496,PV+/PNN-,82.61923176,10.256416188536388,0.0,0.0,0.0,False,NONE
939,552,1808,35.74870605,6.746604050629706,1078.0,23.955555555555556,0.0,0.0,0.0,1.6554559301563072,False,True,497,PV+/PNN-,35.74870605,6.746604050629706,0.0,0.0,0.0,False,NONE
940,555,1891,96.91871418,11.108588547554572,2602.0,21.327868852459016,0.0,0.0,0.0,1.7237075387277137,False,True,498,PV+/PNN-,96.91871418,11.108588547554572,0.0,0.0,0.0,False,NONE
941,556,846,96.91871418,11.108588547554572,945.0,7.745901639344262,0.0,0.0,0.0,1.7048725250863461,False,True,499,PV+/PNN-,96.91871418,11.108588547554572,0.0,0.0,0.0,False,NONE
942,554,1136,61.96442382,8.88231697105848,792.0,10.153846153846153,0.0,0.0,0.0,1.8797312456080226,False,True,500,PV+/PNN-,61.96442382,8.88231697105848,0.0,0.0,0.0,False,NONE
943,555,1681,62.75883951,8.93907356753593,3236.0,40.962025316455694,0.0,0.0,0.0,1.64576026912573,False,True,501,PV+/PNN-,62.75883951,8.93907356753593,0.0,0.0,0.0,False,NONE
944,557,1515,100.89079263,11.333937836259333,1805.0,14.21259842519685,0.0,0.0,0.0,1.7807483991915243,False,True,503,PV+/PNN-,100.89079263,11.333937836259333,0.0,0.0,0.0,False,NONE
945,558,2322,123.92884764,12.56149312576761,2422.0,15.525641025641026,0.0,0.0,0.0,1.914417893972377,False,True,504,PV+/PNN-,123.92884764,12.56149312576761,0.0,0.0,0.0,False,NONE
946,557,862,100.89079263,11.333937836259333,1094.0,8.614173228346457,0.0,0.0,0.0,1.739892159288736,False,True,506,PV+/PNN-,100.89079263,11.333937836259333,0.0,0.0,0.0,False,NONE
947,555,894,52.43143554,8.17054325713784,491.0,7.4393939393939394,0.0,0.0,0.0,1.4634050725872918,False,True,507,PV+/PNN-,52.43143554,8.17054325713784,0.0,0.0,0.0,False,NONE
948,556,2420,54.81468261,8.354173898786094,1819.0,26.36231884057971,0.0,0.0,0.0,2.162513165090621,False,True,508,PV+/PNN-,54.81468261,8.354173898786094,0.0,0.0,0.0,False,NONE
949,560,920,127.90092609,12.761211420003875,1473.0,9.149068322981366,0.0,0.0,0.0,1.5870093421476197,False,True,509,PV+/PNN-,127.90092609,12.761211420003875,0.0,0.0,0.0,False,NONE
950,560,1336,110.42378091,11.857315232959936,1317.0,9.474820143884893,0.0,0.0,0.0,2.085629166597654,False,True,510,PV+/PNN-,110.42378091,11.857315232959936,0.0,0.0,0.0,False,NONE
951,559,1459,106.45170246,11.642101063659146,2009.0,14.992537313432836,0.0,0.0,0.0,1.6135993366894459,False,True,511,PV+/PNN-,106.45170246,11.642101063659146,0.0,0.0,0.0,False,NONE
952,560,713,120.75118488,12.39940255265723,979.0,6.440789473684211,0.0,0.0,0.0,1.791676675391086,False,True,512,PV+/PNN-,120.75118488,12.39940255265723,0.0,0.0,0.0,False,NONE
953,560,1993,160.47196938,14.294028726574819,3811.0,18.866336633663366,0.0,0.0,0.0,1.7672548602703064,False,True,513,PV+/PNN-,160.47196938,14.294028726574819,0.0,0.0,0.0,False,NONE
954,559,2841,81.82481607,10.206987389088184,3672.0,35.650485436893206,0.0,0.0,0.0,1.6206724045987555,False,True,514,PV+/PNN-,81.82481607,10.206987389088184,0.0,0.0,0.0,False,NONE
955,559,1469,65.93650227,9.1625849044734,1383.0,16.662650602409638,0.0,0.0,0.0,1.5843079410702872,False,True,515,PV+/PNN-,65.93650227,9.1625849044734,0.0,0.0,0.0,False,NONE
956,563,624,147.76131834,13.716251444643651,1255.0,6.747311827956989,0.0,0.0,0.0,2.0252833502778897,False,True,516,PV+/PNN-,147.76131834,13.716251444643651,0.0,0.0,0.0,False,NONE
957,564,1279,108.04053384,11.728660627684029,1681.0,12.360294117647058,0.0,0.0,0.0,1.850397130008998,False,True,517,PV+/PNN-,108.04053384,11.728660627684029,0.0,0.0,0.0,False,NONE
958,562,1410,86.59131021,10.500070494515816,1314.0,12.055045871559633,0.0,0.0,0.0,1.8238803798490548,False,True,518,PV+/PNN-,86.59131021,10.500070494515816,0.0,0.0,0.0,False,NONE
959,563,2640,118.36793781,12.276430232296539,4463.0,29.953020134228186,0.0,0.0,0.0,1.9088403497975812,False,True,519,PV+/PNN-,118.36793781,12.276430232296539,0.0,0.0,0.0,False,NONE
960,563,763,98.50754556,11.199272407696524,988.0,7.967741935483871,0.0,0.0,0.0,1.8017131103121484,False,True,520,PV+/PNN-,98.50754556,11.199272407696524,0.0,0.0,0.0,False,NONE
961,562,2149,72.29182779,9.593998848416254,1656.0,18.197802197802197,0.0,0.0,0.0,2.0453582945493625,False,True,522,PV+/PNN-,72.29182779,9.593998848416254,0.0,0.0,0.0,False,NONE
962,566,834,109.62936522,11.814586030086609,1773.0,12.847826086956522,0.0,0.0,0.0,1.5888509543810372,False,True,523,PV+/PNN-,109.62936522,11.814586030086609,0.0,0.0,0.0,False,NONE
963,564,2248,78.64715331000001,10.006830950662698,1205.0,12.171717171717171,0.0,0.0,0.0,2.03207028242615,False,True,524,PV+/PNN-,78.64715331000001,10.006830950662698,0.0,0.0,0.0,False,NONE
964,566,1447,71.4974121,9.54113894836179,1444.0,16.044444444444444,0.0,0.0,0.0,1.746053020861379,False,True,525,PV+/PNN-,71.4974121,9.54113894836179,0.0,0.0,0.0,False,NONE
965,567,1711,127.1065104,12.72151859781572,3853.0,24.08125,0.0,0.0,0.0,1.471379114041912,False,True,526,PV+/PNN-,127.1065104,12.72151859781572,0.0,0.0,0.0,False,NONE
966,565,2283,83.41364745,10.305607915302103,1385.0,13.19047619047619,0.0,0.0,0.0,1.7952342986727032,False,True,527,PV+/PNN-,83.41364745,10.305607915302103,0.0,0.0,0.0,False,NONE
967,567,611,38.92636881,7.040070461425612,434.0,8.857142857142858,0.0,0.0,0.0,2.148109126550676,False,True,528,PV+/PNN-,38.92636881,7.040070461425612,0.0,0.0,0.0,False,NONE
968,572,2299,133.46183592,13.035677474005707,4241.0,25.24404761904762,0.0,0.0,0.0,1.8429742591319016,False,True,529,PV+/PNN-,133.46183592,13.035677474005707,0.0,0.0,0.0,False,NONE
969,572,577,119.95676919,12.358547737957586,1157.0,7.662251655629139,0.0,0.0,0.0,1.825632283557766,False,True,530,PV+/PNN-,119.95676919,12.358547737957586,0.0,0.0,0.0,False,NONE
970,571,780,76.26390624,9.854045933561641,770.0,8.020833333333334,0.0,0.0,0.0,1.5550784717046655,False,True,531,PV+/PNN-,76.26390624,9.854045933561641,0.0,0.0,0.0,False,NONE
971,570,820,77.85273762,9.956163126610313,853.0,8.704081632653061,0.0,0.0,0.0,1.5785576574335425,False,True,532,PV+/PNN-,77.85273762,9.956163126610313,0.0,0.0,0.0,False,NONE
972,572,1355,81.82481607,10.206987389088184,1000.0,9.70873786407767,0.0,0.0,0.0,2.0092883453107127,False,True,533,PV+/PNN-,81.82481607,10.206987389088184,0.0,0.0,0.0,False,NONE
973,576,2382,159.67755369,14.258603569939103,2618.0,13.024875621890548,0.0,0.0,0.0,2.3937546096334574,False,True,534,PV+/PNN-,159.67755369,14.258603569939103,0.0,0.0,0.0,False,NONE
974,571,637,73.08624348000001,9.646569098642193,648.0,7.043478260869565,0.0,0.0,0.0,1.7846373549462462,False,True,535,PV+/PNN-,73.08624348000001,9.646569098642193,0.0,0.0,0.0,False,NONE
975,572,1016,95.32988280000001,11.017158280424603,1190.0,9.916666666666666,0.0,0.0,0.0,1.6412486591139208,False,True,536,PV+/PNN-,95.32988280000001,11.017158280424603,0.0,0.0,0.0,False,NONE
976,572,2665,80.23598469,10.107404643036364,4234.0,41.92079207920792,0.0,0.0,0.0,1.5991895101864606,False,True,537,PV+/PNN-,80.23598469,10.107404643036364,0.0,0.0,0.0,False,NONE
977,573,724,101.68520832,11.378472144697502,900.0,7.03125,0.0,0.0,0.0,1.8235881730628072,False,True,538,PV+/PNN-,101.68520832,11.378472144697502,0.0,0.0,0.0,False,NONE
978,572,2146,68.31974934,9.326703948667076,1718.0,19.976744186046513,0.0,0.0,0.0,1.94448554934014,False,True,539,PV+/PNN-,68.31974934,9.326703948667076,0.0,0.0,0.0,False,NONE
979,574,2446,96.12429849,11.062967867954534,2507.0,20.71900826446281,0.0,0.0,0.0,1.8114653455552734,False,True,540,PV+/PNN-,96.12429849,11.062967867954534,0.0,0.0,0.0,False,NONE
980,573,2684,85.00247883,10.403293586497956,3692.0,34.504672897196265,0.0,0.0,0.0,1.617585268621137,False,True,541,PV+/PNN-,85.00247883,10.403293586497956,0.0,0.0,0.0,False,NONE
981,574,805,108.04053384,11.728660627684029,911.0,6.698529411764706,0.0,0.0,0.0,1.8482169861150255,False,True,542,PV+/PNN-,108.04053384,11.728660627684029,0.0,0.0,0.0,False,NONE
982,574,885,98.50754556,11.199272407696524,1264.0,10.193548387096774,0.0,0.0,0.0,1.6331387582524186,False,True,543,PV+/PNN-,98.50754556,11.199272407696524,0.0,0.0,0.0,False,NONE
983,574,1478,85.79689452,10.451794052617739,1850.0,17.12962962962963,0.0,0.0,0.0,1.6733008116588213,False,True,544,PV+/PNN-,85.79689452,10.451794052617739,0.0,0.0,0.0,False,NONE
984,576,968,149.35014972,13.789797556005714,2036.0,10.829787234042554,0.0,0.0,0.0,1.723009466842584,False,True,545,PV+/PNN-,149.35014972,13.789797556005714,0.0,0.0,0.0,False,NONE
985,573,1671,35.74870605,6.746604050629706,835.0,18.555555555555557,0.0,0.0,0.0,1.4446117917881405,False,True,546,PV+/PNN-,35.74870605,6.746604050629706,0.0,0.0,0.0,False,NONE
986,575,2633,88.18014159,10.595963539609496,3710.0,33.42342342342342,0.0,0.0,0.0,1.564636242176776,False,True,547,PV+/PNN-,88.18014159,10.595963539609496,0.0,0.0,0.0,False,NONE
987,575,2779,90.56338866,10.738197602350779,5039.0,44.20175438596491,0.0,0.0,0.0,1.7933022212769423,False,True,548,PV+/PNN-,90.56338866,10.738197602350779,0.0,0.0,0.0,False,NONE
988,576,676,120.75118488,12.39940255265723,1141.0,7.506578947368421,0.0,0.0,0.0,1.818010518741962,False,True,549,PV+/PNN-,120.75118488,12.39940255265723,0.0,0.0,0.0,False,NONE
989,575,1065,55.6090983,8.414493627225879,689.0,9.842857142857143,0.0,0.0,0.0,1.6445136841360843,False,True,550,PV+/PNN-,55.6090983,8.414493627225879,0.0,0.0,0.0,False,NONE
990,578,1396,150.14456541,13.82642390884524,3273.0,17.317460317460316,0.0,0.0,0.0,1.9252862262822346,False,True,551,PV+/PNN-,150.14456541,13.82642390884524,0.0,0.0,0.0,False,NONE
991,575,2116,26.21571777,5.777446543100188,624.0,18.90909090909091,0.0,0.0,0.0,1.8778306073414828,False,True,553,PV+/PNN-,26.21571777,5.777446543100188,0.0,0.0,0.0,False,NONE
992,578,2264,96.91871418,11.108588547554572,1543.0,12.647540983606557,0.0,0.0,0.0,2.1666341498424484,False,True,554,PV+/PNN-,96.91871418,11.108588547554572,0.0,0.0,0.0,False,NONE
993,577,1470,57.99234537,8.592912627102823,1379.0,18.89041095890411,0.0,0.0,0.0,1.5728692920540503,False,True,555,PV+/PNN-,57.99234537,8.592912627102823,0.0,0.0,0.0,False,NONE
994,581,1511,124.72326333,12.60169000650996,3511.0,22.363057324840764,0.0,0.0,0.0,1.7525579654169252,False,True,556,PV+/PNN-,124.72326333,12.60169000650996,0.0,0.0,0.0,False,NONE
995,579,2481,100.09637694,11.289227848029503,2807.0,22.27777777777778,0.0,0.0,0.0,1.8795954857318413,False,True,557,PV+/PNN-,100.09637694,11.289227848029503,0.0,0.0,0.0,False,NONE
996,579,1168,95.32988280000001,11.017158280424603,1367.0,11.391666666666667,0.0,0.0,0.0,1.5763893782682448,False,True,558,PV+/PNN-,95.32988280000001,11.017158280424603,0.0,0.0,0.0,False,NONE
997,583,1541,126.31209471,12.681701540530954,3228.0,20.30188679245283,0.0,0.0,0.0,1.645199655736865,False,True,559,PV+/PNN-,126.31209471,12.681701540530954,0.0,0.0,0.0,False,NONE
998,582,1500,108.04053384,11.728660627684029,5638.0,41.455882352941174,0.0,0.0,0.0,1.7108679207947701,False,True,560,PV+/PNN-,108.04053384,11.728660627684029,0.0,0.0,0.0,False,NONE
999,580,2409,79.441569,10.057243516322302,1368.0,13.68,0.0,0.0,0.0,1.9761696312522605,False,True,561,PV+/PNN-,79.441569,10.057243516322302,0.0,0.0,0.0,False,NONE
1000,582,916,108.04053384,11.728660627684029,1110.0,8.161764705882353,0.0,0.0,0.0,1.7904431729247594,False,True,562,PV+/PNN-,108.04053384,11.728660627684029,0.0,0.0,0.0,False,NONE
1001,580,1597,51.63701985,8.108408946599484,2839.0,43.676923076923075,0.0,0.0,0.0,1.5007439752599543,False,True,563,PV+/PNN-,51.63701985,8.108408946599484,0.0,0.0,0.0,False,NONE
1002,583,644,106.45170246,11.642101063659146,1046.0,7.8059701492537314,0.0,0.0,0.0,1.703213012570039,False,True,564,PV+/PNN-,106.45170246,11.642101063659146,0.0,0.0,0.0,False,NONE
1003,582,950,77.05832193,9.90523612702942,863.0,8.896907216494846,0.0,0.0,0.0,1.794280900449458,False,True,565,PV+/PNN-,77.05832193,9.90523612702942,0.0,0.0,0.0,False,NONE
1004,580,1141,27.80454915,5.949945504062407,457.0,13.057142857142857,0.0,0.0,0.0,1.6858118384704741,False,True,566,PV+/PNN-,27.80454915,5.949945504062407,0.0,0.0,0.0,False,NONE
1005,580,1776,89.76897297000001,10.690996505268625,3463.0,30.646017699115045,0.0,0.0,0.0,1.5271039778380198,False,True,567,PV+/PNN-,89.76897297000001,10.690996505268625,0.0,0.0,0.0,False,NONE
1006,582,1998,74.67507486,9.75085936304132,1973.0,20.98936170212766,0.0,0.0,0.0,1.7206437787874225,False,True,568,PV+/PNN-,74.67507486,9.75085936304132,0.0,0.0,0.0,False,NONE
1007,583,2494,96.91871418,11.108588547554572,2187.0,17.92622950819672,0.0,0.0,0.0,1.9904356351328831,False,True,569,PV+/PNN-,96.91871418,11.108588547554572,0.0,0.0,0.0,False,NONE
1008,583,1198,82.61923176,10.256416188536388,1220.0,11.73076923076923,0.0,0.0,0.0,1.7376585351841607,False,True,570,PV+/PNN-,82.61923176,10.256416188536388,0.0,0.0,0.0,False,NONE
1009,585,2539,140.61157713,13.380292240810528,2718.0,15.35593220338983,0.0,0.0,0.0,2.0842914658203746,False,True,571,PV+/PNN-,140.61157713,13.380292240810528,0.0,0.0,0.0,False,NONE
1010,585,666,108.83494953,11.77170172875832,963.0,7.029197080291971,0.0,0.0,0.0,1.8352674087886025,False,True,572,PV+/PNN-,108.83494953,11.77170172875832,0.0,0.0,0.0,False,NONE
1011,585,759,95.32988280000001,11.017158280424603,1088.0,9.066666666666666,0.0,0.0,0.0,1.7993817628900457,False,True,573,PV+/PNN-,95.32988280000001,11.017158280424603,0.0,0.0,0.0,False,NONE
1012,584,879,103.2740397,11.467021901548332,1112.0,8.553846153846154,0.0,0.0,0.0,1.5053055070996502,False,True,574,PV+/PNN-,103.2740397,11.467021901548332,0.0,0.0,0.0,False,NONE
1013,584,1720,94.53546711,10.971157418634661,3178.0,26.705882352941178,0.0,0.0,0.0,1.456336121173503,False,True,575,PV+/PNN-,94.53546711,10.971157418634661,0.0,0.0,0.0,False,NONE
1014,588,542,150.9389811,13.862953494062992,1476.0,7.768421052631579,0.0,0.0,0.0,2.1211423155364906,False,True,576,PV+/PNN-,150.9389811,13.862953494062992,0.0,0.0,0.0,False,NONE
1015,585,710,80.23598469,10.107404643036364,866.0,8.574257425742575,0.0,0.0,0.0,1.7048725250863461,False,True,577,PV+/PNN-,80.23598469,10.107404643036364,0.0,0.0,0.0,False,NONE
1016,586,1286,109.62936522,11.814586030086609,1529.0,11.079710144927537,0.0,0.0,0.0,1.8955561250881272,False,True,578,PV+/PNN-,109.62936522,11.814586030086609,0.0,0.0,0.0,False,NONE
1017,585,1308,78.64715331000001,10.006830950662698,1303.0,13.16161616161616,0.0,0.0,0.0,1.645722358427663,False,True,579,PV+/PNN-,78.64715331000001,10.006830950662698,0.0,0.0,0.0,False,NONE
1018,585,1342,83.41364745,10.305607915302103,1193.0,11.361904761904762,0.0,0.0,0.0,1.8375913800413082,False,True,580,PV+/PNN-,83.41364745,10.305607915302103,0.0,0.0,0.0,False,NONE
1019,585,2562,85.79689452,10.451794052617739,2850.0,26.38888888888889,0.0,0.0,0.0,1.8929301224589947,False,True,581,PV+/PNN-,85.79689452,10.451794052617739,0.0,0.0,0.0,False,NONE
1020,586,1220,94.53546711,10.971157418634661,1934.0,16.252100840336134,0.0,0.0,0.0,1.7652936558621504,False,True,582,PV+/PNN-,94.53546711,10.971157418634661,0.0,0.0,0.0,False,NONE
1021,588,2252,77.05832193,9.90523612702942,1339.0,13.804123711340207,0.0,0.0,0.0,2.141980137972671,False,True,583,PV+/PNN-,77.05832193,9.90523612702942,0.0,0.0,0.0,False,NONE
1022,588,2325,49.25377278,7.919081463837606,1296.0,20.903225806451612,0.0,0.0,0.0,1.7933441708481903,False,True,584,PV+/PNN-,49.25377278,7.919081463837606,0.0,0.0,0.0,False,NONE
1023,589,2727,81.03040038,10.157318055940708,3043.0,29.833333333333332,0.0,0.0,0.0,1.6670833642574927,False,True,585,PV+/PNN-,81.03040038,10.157318055940708,0.0,0.0,0.0,False,NONE
1024,590,564,101.68520832,11.378472144697502,956.0,7.46875,0.0,0.0,0.0,1.9944228860045436,False,True,586,PV+/PNN-,101.68520832,11.378472144697502,0.0,0.0,0.0,False,NONE
1025,593,741,116.77910643,12.193759728054031,1132.0,7.700680272108843,0.0,0.0,0.0,1.8803518621848523,False,True,588,PV+/PNN-,116.77910643,12.193759728054031,0.0,0.0,0.0,False,NONE
1026,591,1189,58.78676106,8.651568001725998,977.0,13.202702702702704,0.0,0.0,0.0,1.7188961533773033,False,True,589,PV+/PNN-,58.78676106,8.651568001725998,0.0,0.0,0.0,False,NONE
1027,592,1261,107.24611815,11.68546099424064,3985.0,29.51851851851852,0.0,0.0,0.0,1.9651332583845518,False,True,590,PV+/PNN-,107.24611815,11.68546099424064,0.0,0.0,0.0,False,NONE
1028,591,2351,77.85273762,9.956163126610313,1424.0,14.53061224489796,0.0,0.0,0.0,1.7744591587633398,False,True,591,PV+/PNN-,77.85273762,9.956163126610313,0.0,0.0,0.0,False,NONE
1029,591,952,76.26390624,9.854045933561641,844.0,8.791666666666666,0.0,0.0,0.0,1.8855519502993014,False,True,592,PV+/PNN-,76.26390624,9.854045933561641,0.0,0.0,0.0,False,NONE
1030,593,1012,115.98469074,12.152213577535832,1915.0,13.116438356164384,0.0,0.0,0.0,1.6784718784798869,False,True,593,PV+/PNN-,115.98469074,12.152213577535832,0.0,0.0,0.0,False,NONE
1031,592,1132,134.25625161,13.074416571218995,2464.0,14.579881656804734,0.0,0.0,0.0,1.9114572843648823,False,True,594,PV+/PNN-,134.25625161,13.074416571218995,0.0,0.0,0.0,False,NONE
1032,597,491,141.40599282,13.418036440588484,1243.0,6.98314606741573,0.0,0.0,0.0,2.169194182504831,False,True,597,PV+/PNN-,141.40599282,13.418036440588484,0.0,0.0,0.0,False,NONE
1033,595,702,100.09637694,11.289227848029503,1110.0,8.80952380952381,0.0,0.0,0.0,1.7319339937385103,False,True,598,PV+/PNN-,100.09637694,11.289227848029503,0.0,0.0,0.0,False,NONE
1034,595,1067,84.20806314000001,10.354565948189398,984.0,9.283018867924529,0.0,0.0,0.0,1.6936838620833183,False,True,599,PV+/PNN-,84.20806314000001,10.354565948189398,0.0,0.0,0.0,False,NONE
1035,594,1685,54.02026692,8.293415464071046,4904.0,72.11764705882354,0.0,0.0,0.0,1.5751539633949938,False,True,600,PV+/PNN-,54.02026692,8.293415464071046,0.0,0.0,0.0,False,NONE
1036,594,2014,67.52533365000001,9.272320371655413,2272.0,26.729411764705883,0.0,0.0,0.0,1.8958531301983206,False,True,601,PV+/PNN-,67.52533365000001,9.272320371655413,0.0,0.0,0.0,False,NONE
1037,595,2147,67.52533365000001,9.272320371655413,2502.0,29.435294117647057,0.0,0.0,0.0,1.8836443243920755,False,True,602,PV+/PNN-,67.52533365000001,9.272320371655413,0.0,0.0,0.0,False,NONE
1038,596,2667,100.89079263,11.333937836259333,4184.0,32.94488188976378,0.0,0.0,0.0,1.7188803787673022,False,True,603,PV+/PNN-,100.89079263,11.333937836259333,0.0,0.0,0.0,False,NONE
1039,593,2779,54.81468261,8.354173898786094,1806.0,26.17391304347826,0.0,0.0,0.0,1.5824053115640757,False,True,604,PV+/PNN-,54.81468261,8.354173898786094,0.0,0.0,0.0,False,NONE
1040,596,2848,131.07858885,12.91876320674319,4202.0,25.466666666666665,0.0,0.0,0.0,1.7749542415325834,False,True,605,PV+/PNN-,131.07858885,12.91876320674319,0.0,0.0,0.0,False,NONE
1041,597,673,83.41364745,10.305607915302103,1135.0,10.80952380952381,0.0,0.0,0.0,1.7048725250863461,False,True,606,PV+/PNN-,83.41364745,10.305607915302103,0.0,0.0,0.0,False,NONE
1042,595,857,59.58117675,8.70982837718145,624.0,8.32,0.0,0.0,0.0,1.5141244686563955,False,True,607,PV+/PNN-,59.58117675,8.70982837718145,0.0,0.0,0.0,False,NONE
1043,597,1443,82.61923176,10.256416188536388,2133.0,20.509615384615383,0.0,0.0,0.0,1.8139216456290765,False,True,608,PV+/PNN-,82.61923176,10.256416188536388,0.0,0.0,0.0,False,NONE
1044,596,1649,112.80702798,11.984588810142046,6771.0,47.683098591549296,0.0,0.0,0.0,1.515906250107394,False,True,609,PV+/PNN-,112.80702798,11.984588810142046,0.0,0.0,0.0,False,NONE
1045,597,424,83.41364745,10.305607915302103,888.0,8.457142857142857,0.0,0.0,0.0,1.9117162724363668,False,True,610,PV+/PNN-,83.41364745,10.305607915302103,0.0,0.0,0.0,False,NONE
1046,596,818,49.25377278,7.919081463837606,520.0,8.387096774193548,0.0,0.0,0.0,1.5721650564435803,False,True,611,PV+/PNN-,49.25377278,7.919081463837606,0.0,0.0,0.0,False,NONE
1047,598,2245,73.08624348000001,9.646569098642193,1274.0,13.847826086956522,0.0,0.0,0.0,2.2551692805844437,False,True,612,PV+/PNN-,73.08624348000001,9.646569098642193,0.0,0.0,0.0,False,NONE
1048,599,1796,50.84260416,8.045794813057842,1299.0,20.296875,0.0,0.0,0.0,1.4940798623378986,False,True,614,PV+/PNN-,50.84260416,8.045794813057842,0.0,0.0,0.0,False,NONE
1049,600,1343,92.15222004,10.83198276817611,1280.0,11.03448275862069,0.0,0.0,0.0,1.943222394598043,False,True,615,PV+/PNN-,92.15222004,10.83198276817611,0.0,0.0,0.0,False,NONE
1050,601,2260,78.64715331000001,10.006830950662698,1175.0,11.868686868686869,0.0,0.0,0.0,2.299369136820452,False,True,617,PV+/PNN-,78.64715331000001,10.006830950662698,0.0,0.0,0.0,False,NONE
1051,603,580,131.07858885,12.91876320674319,1221.0,7.4,0.0,0.0,0.0,1.9290441693598868,False,True,618,PV+/PNN-,131.07858885,12.91876320674319,0.0,0.0,0.0,False,NONE
1052,602,1208,85.00247883,10.403293586497956,1092.0,10.205607476635514,0.0,0.0,0.0,1.8309541177583148,False,True,619,PV+/PNN-,85.00247883,10.403293586497956,0.0,0.0,0.0,False,NONE
1053,601,1303,75.46949055,9.802588422925686,1510.0,15.894736842105264,0.0,0.0,0.0,1.7626119149519708,False,True,620,PV+/PNN-,75.46949055,9.802588422925686,0.0,0.0,0.0,False,NONE
1054,603,1323,90.56338866,10.738197602350779,1504.0,13.192982456140351,0.0,0.0,0.0,1.8063065883637948,False,True,621,PV+/PNN-,90.56338866,10.738197602350779,0.0,0.0,0.0,False,NONE
1055,602,468,63.5532552,8.995472067506276,632.0,7.9,0.0,0.0,0.0,1.836444209087575,False,True,622,PV+/PNN-,63.5532552,8.995472067506276,0.0,0.0,0.0,False,NONE
1056,601,1563,53.22585123,8.232208609372499,1958.0,29.223880597014926,0.0,0.0,0.0,1.5798559155245309,False,True,623,PV+/PNN-,53.22585123,8.232208609372499,0.0,0.0,0.0,False,NONE
1057,602,2064,54.02026692,8.293415464071046,1203.0,17.691176470588236,0.0,0.0,0.0,1.893454971914951,False,True,624,PV+/PNN-,54.02026692,8.293415464071046,0.0,0.0,0.0,False,NONE
1058,603,1357,57.19792968,8.533854108523126,1299.0,18.041666666666668,0.0,0.0,0.0,1.7913515662139146,False,True,625,PV+/PNN-,57.19792968,8.533854108523126,0.0,0.0,0.0,False,NONE
1059,606,1782,103.2740397,11.467021901548332,4495.0,34.57692307692308,0.0,0.0,0.0,1.6495639515300333,False,True,626,PV+/PNN-,103.2740397,11.467021901548332,0.0,0.0,0.0,False,NONE
1060,604,2090,65.93650227,9.1625849044734,1198.0,14.433734939759036,0.0,0.0,0.0,1.6923695311883846,False,True,627,PV+/PNN-,65.93650227,9.1625849044734,0.0,0.0,0.0,False,NONE
1061,604,849,69.90858072,9.434530697868027,878.0,9.977272727272727,0.0,0.0,0.0,1.5456724721015045,False,True,628,PV+/PNN-,69.90858072,9.434530697868027,0.0,0.0,0.0,False,NONE
1062,604,1034,76.26390624,9.854045933561641,1169.0,12.177083333333334,0.0,0.0,0.0,1.5620276803667024,False,True,629,PV+/PNN-,76.26390624,9.854045933561641,0.0,0.0,0.0,False,NONE
1063,607,1239,95.32988280000001,11.017158280424603,3375.0,28.125,0.0,0.0,0.0,1.7394641415373735,False,True,630,PV+/PNN-,95.32988280000001,11.017158280424603,0.0,0.0,0.0,False,NONE
1064,605,1293,80.23598469,10.107404643036364,1370.0,13.564356435643564,0.0,0.0,0.0,1.7217524510773001,False,True,631,PV+/PNN-,80.23598469,10.107404643036364,0.0,0.0,0.0,False,NONE
1065,604,2314,58.78676106,8.651568001725998,1893.0,25.58108108108108,0.0,0.0,0.0,2.201709641680252,False,True,632,PV+/PNN-,58.78676106,8.651568001725998,0.0,0.0,0.0,False,NONE
1066,606,2717,66.73091796,9.217615939230159,2710.0,32.26190476190476,0.0,0.0,0.0,1.6633978829129206,False,True,634,PV+/PNN-,66.73091796,9.217615939230159,0.0,0.0,0.0,False,NONE
1067,610,1116,95.32988280000001,11.017158280424603,1576.0,13.133333333333333,0.0,0.0,0.0,1.8654764586089732,False,True,635,PV+/PNN-,95.32988280000001,11.017158280424603,0.0,0.0,0.0,False,NONE
1068,607,2107,62.75883951,8.93907356753593,1846.0,23.367088607594937,0.0,0.0,0.0,1.823097037007579,False,True,636,PV+/PNN-,62.75883951,8.93907356753593,0.0,0.0,0.0,False,NONE
1069,609,2773,87.3857259,10.548125988120718,3633.0,33.027272727272724,0.0,0.0,0.0,1.595706774468169,False,True,637,PV+/PNN-,87.3857259,10.548125988120718,0.0,0.0,0.0,False,NONE
1070,609,453,82.61923176,10.256416188536388,807.0,7.759615384615385,0.0,0.0,0.0,1.8759299690749427,False,True,638,PV+/PNN-,82.61923176,10.256416188536388,0.0,0.0,0.0,False,NONE
1071,611,746,88.97455728,10.643586087602236,836.0,7.464285714285714,0.0,0.0,0.0,1.7842920526524804,False,True,639,PV+/PNN-,88.97455728,10.643586087602236,0.0,0.0,0.0,False,NONE
1072,608,1901,64.34767089,9.051519164690074,5350.0,66.04938271604938,0.0,0.0,0.0,1.6234266556646153,False,True,640,PV+/PNN-,64.34767089,9.051519164690074,0.0,0.0,0.0,False,NONE
1073,609,608,54.02026692,8.293415464071046,628.0,9.235294117647058,0.0,0.0,0.0,1.555532668349243,False,True,641,PV+/PNN-,54.02026692,8.293415464071046,0.0,0.0,0.0,False,NONE
1074,614,1158,119.1623535,12.317557416952052,3038.0,20.253333333333334,0.0,0.0,0.0,1.6065335011755684,False,True,642,PV+/PNN-,119.1623535,12.317557416952052,0.0,0.0,0.0,False,NONE
1075,609,1175,35.74870605,6.746604050629706,541.0,12.022222222222222,0.0,0.0,0.0,1.726286382889363,False,True,643,PV+/PNN-,35.74870605,6.746604050629706,0.0,0.0,0.0,False,NONE
1076,611,1851,84.20806314000001,10.354565948189398,4318.0,40.735849056603776,0.0,0.0,0.0,1.7803960003567831,False,True,644,PV+/PNN-,84.20806314000001,10.354565948189398,0.0,0.0,0.0,False,NONE
1077,612,834,88.97455728,10.643586087602236,1214.0,10.839285714285714,0.0,0.0,0.0,1.5347823702155423,False,True,646,PV+/PNN-,88.97455728,10.643586087602236,0.0,0.0,0.0,False,NONE
1078,612,1024,79.441569,10.057243516322302,1166.0,11.66,0.0,0.0,0.0,1.589237692950055,False,True,647,PV+/PNN-,79.441569,10.057243516322302,0.0,0.0,0.0,False,NONE
1079,614,1212,115.19027505,12.11052490037406,2336.0,16.110344827586207,0.0,0.0,0.0,1.9124222237925101,False,True,648,PV+/PNN-,115.19027505,12.11052490037406,0.0,0.0,0.0,False,NONE
1080,611,1257,61.17000813,8.825195369105852,2133.0,27.7012987012987,0.0,0.0,0.0,1.742416301753973,False,True,649,PV+/PNN-,61.17000813,8.825195369105852,0.0,0.0,0.0,False,NONE
1081,613,2255,77.05832193,9.90523612702942,1555.0,16.030927835051546,0.0,0.0,0.0,2.2726539173495266,False,True,650,PV+/PNN-,77.05832193,9.90523612702942,0.0,0.0,0.0,False,NONE
1082,614,477,100.89079263,11.333937836259333,849.0,6.68503937007874,0.0,0.0,0.0,2.064991096800922,False,True,651,PV+/PNN-,100.89079263,11.333937836259333,0.0,0.0,0.0,False,NONE
1083,617,2388,119.95676919,12.358547737957586,1815.0,12.019867549668874,0.0,0.0,0.0,2.181039052392351,False,True,652,PV+/PNN-,119.95676919,12.358547737957586,0.0,0.0,0.0,False,NONE
1084,614,977,61.96442382,8.88231697105848,1157.0,14.833333333333334,0.0,0.0,0.0,1.5385666767640995,False,True,653,PV+/PNN-,61.96442382,8.88231697105848,0.0,0.0,0.0,False,NONE
1085,615,2295,88.97455728,10.643586087602236,1568.0,14.0,0.0,0.0,0.0,1.7028870368971927,False,True,654,PV+/PNN-,88.97455728,10.643586087602236,0.0,0.0,0.0,False,NONE
1086,616,710,78.64715331000001,10.006830950662698,945.0,9.545454545454545,0.0,0.0,0.0,1.5596176854435044,False,True,655,PV+/PNN-,78.64715331000001,10.006830950662698,0.0,0.0,0.0,False,NONE
1087,617,816,114.39585936,12.068692219586765,1601.0,11.118055555555555,0.0,0.0,0.0,1.563314570859672,False,True,656,PV+/PNN-,114.39585936,12.068692219586765,0.0,0.0,0.0,False,NONE
1088,617,1099,89.76897297000001,10.690996505268625,1300.0,11.504424778761061,0.0,0.0,0.0,1.8400028598950369,False,True,657,PV+/PNN-,89.76897297000001,10.690996505268625,0.0,0.0,0.0,False,NONE
1089,618,1746,92.94663573,10.878572156378345,2907.0,24.846153846153847,0.0,0.0,0.0,1.589567136916255,False,True,658,PV+/PNN-,92.94663573,10.878572156378345,0.0,0.0,0.0,False,NONE
1090,617,1915,74.67507486,9.75085936304132,3640.0,38.723404255319146,0.0,0.0,0.0,1.6220734431556958,False,True,659,PV+/PNN-,74.67507486,9.75085936304132,0.0,0.0,0.0,False,NONE
1091,617,1230,75.46949055,9.802588422925686,3176.0,33.43157894736842,0.0,0.0,0.0,2.173810002238243,False,True,660,PV+/PNN-,75.46949055,9.802588422925686,0.0,0.0,0.0,False,NONE
1092,621,2489,141.40599282,13.418036440588484,3072.0,17.258426966292134,0.0,0.0,0.0,2.0779955789401243,False,True,661,PV+/PNN-,141.40599282,13.418036440588484,0.0,0.0,0.0,False,NONE
1093,619,1347,61.96442382,8.88231697105848,1249.0,16.012820512820515,0.0,0.0,0.0,1.820811459345284,False,True,662,PV+/PNN-,61.96442382,8.88231697105848,0.0,0.0,0.0,False,NONE
1094,622,402,125.51767902,12.64175907426016,1327.0,8.39873417721519,0.0,0.0,0.0,2.1012999559333365,False,True,663,PV+/PNN-,125.51767902,12.64175907426016,0.0,0.0,0.0,False,NONE
1095,622,423,123.92884764,12.56149312576761,1502.0,9.628205128205128,0.0,0.0,0.0,2.0118256051325503,False,True,664,PV+/PNN-,123.92884764,12.56149312576761,0.0,0.0,0.0,False,NONE
1096,623,907,140.61157713,13.380292240810528,1440.0,8.135593220338983,0.0,0.0,0.0,1.5821686071668426,False,True,665,PV+/PNN-,140.61157713,13.380292240810528,0.0,0.0,0.0,False,NONE
1097,623,1054,164.44404783,14.469853647963289,3019.0,14.584541062801932,0.0,0.0,0.0,1.609620247902358,False,True,666,PV+/PNN-,164.44404783,14.469853647963289,0.0,0.0,0.0,False,NONE
1098,621,519,54.81468261,8.354173898786094,438.0,6.3478260869565215,0.0,0.0,0.0,2.208706938612179,False,True,667,PV+/PNN-,54.81468261,8.354173898786094,0.0,0.0,0.0,False,NONE
1099,620,1727,58.78676106,8.651568001725998,1284.0,17.35135135135135,0.0,0.0,0.0,1.5596278035014342,False,True,668,PV+/PNN-,58.78676106,8.651568001725998,0.0,0.0,0.0,False,NONE
1100,620,2024,54.81468261,8.354173898786094,2017.0,29.231884057971016,0.0,0.0,0.0,1.7037982512835192,False,True,670,PV+/PNN-,54.81468261,8.354173898786094,0.0,0.0,0.0,False,NONE
1101,623,766,81.82481607,10.206987389088184,911.0,8.844660194174757,0.0,0.0,0.0,1.6508980888763523,False,True,671,PV+/PNN-,81.82481607,10.206987389088184,0.0,0.0,0.0,False,NONE
1102,625,1208,90.56338866,10.738197602350779,1878.0,16.473684210526315,0.0,0.0,0.0,1.8069568067181374,False,True,672,PV+/PNN-,90.56338866,10.738197602350779,0.0,0.0,0.0,False,NONE
1103,622,2089,57.19792968,8.533854108523126,904.0,12.555555555555555,0.0,0.0,0.0,1.9848998963565674,False,True,673,PV+/PNN-,57.19792968,8.533854108523126,0.0,0.0,0.0,False,NONE
1104,624,2043,95.32988280000001,11.017158280424603,2435.0,20.291666666666668,0.0,0.0,0.0,1.8815368519612357,False,True,675,PV+/PNN-,95.32988280000001,11.017158280424603,0.0,0.0,0.0,False,NONE
1105,623,1573,63.5532552,8.995472067506276,3154.0,39.425,0.0,0.0,0.0,1.7030194027764698,False,True,676,PV+/PNN-,63.5532552,8.995472067506276,0.0,0.0,0.0,False,NONE
1106,626,2372,72.29182779,9.593998848416254,1197.0,13.153846153846153,0.0,0.0,0.0,1.880817324617474,False,True,677,PV+/PNN-,72.29182779,9.593998848416254,0.0,0.0,0.0,False,NONE
1107,628,800,121.54560057,12.440123196106569,1537.0,10.045751633986928,0.0,0.0,0.0,1.858936026927056,False,True,678,PV+/PNN-,121.54560057,12.440123196106569,0.0,0.0,0.0,False,NONE
1108,626,1142,81.03040038,10.157318055940708,1594.0,15.627450980392156,0.0,0.0,0.0,1.7281273932887173,False,True,679,PV+/PNN-,81.03040038,10.157318055940708,0.0,0.0,0.0,False,NONE
1109,627,303,82.61923176,10.256416188536388,2091.0,20.10576923076923,0.0,0.0,0.0,1.9286726809714267,False,True,680,PV+/PNN-,82.61923176,10.256416188536388,0.0,0.0,0.0,False,NONE
1110,627,439,57.99234537,8.592912627102823,596.0,8.164383561643836,0.0,0.0,0.0,1.8856154133921055,False,True,681,PV+/PNN-,57.99234537,8.592912627102823,0.0,0.0,0.0,False,NONE
1111,626,552,54.02026692,8.293415464071046,542.0,7.970588235294118,0.0,0.0,0.0,1.9414181375823418,False,True,682,PV+/PNN-,54.02026692,8.293415464071046,0.0,0.0,0.0,False,NONE
1112,627,637,85.00247883,10.403293586497956,1023.0,9.560747663551401,0.0,0.0,0.0,1.632825900702364,False,True,683,PV+/PNN-,85.00247883,10.403293586497956,0.0,0.0,0.0,False,NONE
1113,626,1986,66.73091796,9.217615939230159,1871.0,22.273809523809526,0.0,0.0,0.0,1.9766637972015608,False,True,684,PV+/PNN-,66.73091796,9.217615939230159,0.0,0.0,0.0,False,NONE
1114,630,505,92.94663573,10.878572156378345,982.0,8.393162393162394,0.0,0.0,0.0,2.2275480483848358,False,True,685,PV+/PNN-,92.94663573,10.878572156378345,0.0,0.0,0.0,False,NONE
1115,629,942,92.94663573,10.878572156378345,3418.0,29.213675213675213,0.0,0.0,0.0,1.7194440851298192,False,True,686,PV+/PNN-,92.94663573,10.878572156378345,0.0,0.0,0.0,False,NONE
1116,628,2026,70.70299641,9.487984557348323,2958.0,33.235955056179776,0.0,0.0,0.0,1.8206406154561567,False,True,687,PV+/PNN-,70.70299641,9.487984557348323,0.0,0.0,0.0,False,NONE
1117,629,520,55.6090983,8.414493627225879,579.0,8.271428571428572,0.0,0.0,0.0,1.9854881891533533,False,True,688,PV+/PNN-,55.6090983,8.414493627225879,0.0,0.0,0.0,False,NONE
1118,630,2566,65.93650227,9.1625849044734,2156.0,25.97590361445783,0.0,0.0,0.0,1.4610641440760934,False,True,689,PV+/PNN-,65.93650227,9.1625849044734,0.0,0.0,0.0,False,NONE
1119,629,540,30.98221191,6.280746562883805,328.0,8.41025641025641,0.0,0.0,0.0,1.714375716419046,False,True,690,PV+/PNN-,30.98221191,6.280746562883805,0.0,0.0,0.0,False,NONE
1120,629,1019,37.33753743,6.894898778002857,699.0,14.872340425531915,0.0,0.0,0.0,1.701718274346131,False,True,691,PV+/PNN-,37.33753743,6.894898778002857,0.0,0.0,0.0,False,NONE
1121,632,1060,85.00247883,10.403293586497956,1452.0,13.570093457943925,0.0,0.0,0.0,1.6432172407577461,False,True,692,PV+/PNN-,85.00247883,10.403293586497956,0.0,0.0,0.0,False,NONE
1122,632,2427,100.89079263,11.333937836259333,1355.0,10.669291338582678,0.0,0.0,0.0,1.888725604648893,False,True,693,PV+/PNN-,100.89079263,11.333937836259333,0.0,0.0,0.0,False,NONE
1123,635,365,119.95676919,12.358547737957586,1364.0,9.033112582781458,0.0,0.0,0.0,1.9576825885529365,False,True,694,PV+/PNN-,119.95676919,12.358547737957586,0.0,0.0,0.0,False,NONE
1124,635,1609,95.32988280000001,11.017158280424603,8205.0,68.375,0.0,0.0,0.0,1.6301299252546622,False,True,695,PV+/PNN-,95.32988280000001,11.017158280424603,0.0,0.0,0.0,False,NONE
1125,632,2106,61.96442382,8.88231697105848,1178.0,15.102564102564102,0.0,0.0,0.0,1.7115247590192362,False,True,696,PV+/PNN-,61.96442382,8.88231697105848,0.0,0.0,0.0,False,NONE
1126,632,2686,70.70299641,9.487984557348323,2900.0,32.58426966292135,0.0,0.0,0.0,1.7040396611268511,False,True,697,PV+/PNN-,70.70299641,9.487984557348323,0.0,0.0,0.0,False,NONE
1127,633,2074,77.85273762,9.956163126610313,1409.0,14.377551020408163,0.0,0.0,0.0,1.8327001456451715,False,True,698,PV+/PNN-,77.85273762,9.956163126610313,0.0,0.0,0.0,False,NONE
1128,634,2786,89.76897297000001,10.690996505268625,3254.0,28.79646017699115,0.0,0.0,0.0,1.612380402717291,False,True,700,PV+/PNN-,89.76897297000001,10.690996505268625,0.0,0.0,0.0,False,NONE
1129,636,654,102.47962401,11.422832828117684,1007.0,7.8062015503875966,0.0,0.0,0.0,1.6623512689837545,False,True,701,PV+/PNN-,102.47962401,11.422832828117684,0.0,0.0,0.0,False,NONE
1130,636,694,92.15222004,10.83198276817611,1176.0,10.137931034482758,0.0,0.0,0.0,1.6531129019484174,False,True,702,PV+/PNN-,92.15222004,10.83198276817611,0.0,0.0,0.0,False,NONE
1131,635,2824,74.67507486,9.75085936304132,3560.0,37.87234042553192,0.0,0.0,0.0,1.701718274346131,False,True,703,PV+/PNN-,74.67507486,9.75085936304132,0.0,0.0,0.0,False,NONE
1132,636,1114,111.2181966,11.899891008124815,1801.0,12.864285714285714,0.0,0.0,0.0,1.6810466668165058,False,True,704,PV+/PNN-,111.2181966,11.899891008124815,0.0,0.0,0.0,False,NONE
1133,636,1259,92.94663573,10.878572156378345,2000.0,17.094017094017094,0.0,0.0,0.0,1.6256792639805144,False,True,705,PV+/PNN-,92.94663573,10.878572156378345,0.0,0.0,0.0,False,NONE
1134,636,2343,86.59131021,10.500070494515816,2115.0,19.40366972477064,0.0,0.0,0.0,1.7823976419031964,False,True,706,PV+/PNN-,86.59131021,10.500070494515816,0.0,0.0,0.0,False,NONE
1135,638,1324,77.05832193,9.90523612702942,2085.0,21.49484536082474,0.0,0.0,0.0,1.7041083509379436,False,True,708,PV+/PNN-,77.05832193,9.90523612702942,0.0,0.0,0.0,False,NONE
1136,637,2207,54.02026692,8.293415464071046,935.0,13.75,0.0,0.0,0.0,2.0024621666135665,False,True,709,PV+/PNN-,54.02026692,8.293415464071046,0.0,0.0,0.0,False,NONE
1137,639,800,86.59131021,10.500070494515816,979.0,8.98165137614679,0.0,0.0,0.0,1.730714230691963,False,True,710,PV+/PNN-,86.59131021,10.500070494515816,0.0,0.0,0.0,False,NONE
1138,638,1493,66.73091796,9.217615939230159,3355.0,39.94047619047619,0.0,0.0,0.0,1.6960481331345534,False,True,711,PV+/PNN-,66.73091796,9.217615939230159,0.0,0.0,0.0,False,NONE
1139,643,317,125.51767902,12.64175907426016,1948.0,12.329113924050633,0.0,0.0,0.0,2.241574277617656,False,True,712,PV+/PNN-,125.51767902,12.64175907426016,0.0,0.0,0.0,False,NONE
1140,642,633,86.59131021,10.500070494515816,1255.0,11.513761467889909,0.0,0.0,0.0,1.6572693831812628,False,True,713,PV+/PNN-,86.59131021,10.500070494515816,0.0,0.0,0.0,False,NONE
1141,643,2832,108.83494953,11.77170172875832,5063.0,36.956204379562045,0.0,0.0,0.0,1.733007520739945,False,True,714,PV+/PNN-,108.83494953,11.77170172875832,0.0,0.0,0.0,False,NONE
1142,642,1037,96.12429849,11.062967867954534,1932.0,15.96694214876033,0.0,0.0,0.0,1.6515761148518826,False,True,715,PV+/PNN-,96.12429849,11.062967867954534,0.0,0.0,0.0,False,NONE
1143,641,1393,54.81468261,8.354173898786094,2763.0,40.04347826086956,0.0,0.0,0.0,1.7983343459322896,False,True,716,PV+/PNN-,54.81468261,8.354173898786094,0.0,0.0,0.0,False,NONE
1144,641,1972,73.08624348000001,9.646569098642193,1996.0,21.695652173913043,0.0,0.0,0.0,1.7983343459322896,False,True,717,PV+/PNN-,73.08624348000001,9.646569098642193,0.0,0.0,0.0,False,NONE
1145,643,710,81.03040038,10.157318055940708,1111.0,10.892156862745098,0.0,0.0,0.0,1.5239205818866446,False,True,718,PV+/PNN-,81.03040038,10.157318055940708,0.0,0.0,0.0,False,NONE
1146,642,745,65.93650227,9.1625849044734,726.0,8.74698795180723,0.0,0.0,0.0,1.6343199166621338,False,True,719,PV+/PNN-,65.93650227,9.1625849044734,0.0,0.0,0.0,False,NONE
1147,643,1240,69.11416503,9.380772250595795,2244.0,25.79310344827586,0.0,0.0,0.0,1.652899899384064,False,True,720,PV+/PNN-,69.11416503,9.380772250595795,0.0,0.0,0.0,False,NONE
1148,642,1731,49.25377278,7.919081463837606,1617.0,26.080645161290324,0.0,0.0,0.0,1.6379210093746805,False,True,721,PV+/PNN-,49.25377278,7.919081463837606,0.0,0.0,0.0,False,NONE
1149,640,2107,47.664941400000004,7.7903073294937615,861.0,14.35,0.0,0.0,0.0,1.8308848421579456,False,True,722,PV+/PNN-,47.664941400000004,7.7903073294937615,0.0,0.0,0.0,False,NONE
1150,644,2675,87.3857259,10.548125988120718,6003.0,54.57272727272727,0.0,0.0,0.0,1.5882942852286632,False,True,723,PV+/PNN-,87.3857259,10.548125988120718,0.0,0.0,0.0,False,NONE
1151,650,326,158.883138,14.223090180871878,1813.0,9.065,0.0,0.0,0.0,2.220781776155954,False,True,724,PV+/PNN-,158.883138,14.223090180871878,0.0,0.0,0.0,False,NONE
1152,646,356,129.48975747,12.84022896403991,1603.0,9.83435582822086,0.0,0.0,0.0,2.0559425675954577,False,True,725,PV+/PNN-,129.48975747,12.84022896403991,0.0,0.0,0.0,False,NONE
1153,646,390,121.54560057,12.440123196106569,1522.0,9.947712418300654,0.0,0.0,0.0,1.8836443243920755,False,True,726,PV+/PNN-,121.54560057,12.440123196106569,0.0,0.0,0.0,False,NONE
1154,645,1026,103.2740397,11.467021901548332,1984.0,15.261538461538462,0.0,0.0,0.0,1.6164928456922378,False,True,727,PV+/PNN-,103.2740397,11.467021901548332,0.0,0.0,0.0,False,NONE
1155,644,2604,95.32988280000001,11.017158280424603,3759.0,31.325,0.0,0.0,0.0,1.8487983578200848,False,True,728,PV+/PNN-,95.32988280000001,11.017158280424603,0.0,0.0,0.0,False,NONE
1156,645,443,73.08624348000001,9.646569098642193,697.0,7.576086956521739,0.0,0.0,0.0,2.0795255138222397,False,True,729,PV+/PNN-,73.08624348000001,9.646569098642193,0.0,0.0,0.0,False,NONE
1157,648,2811,161.26638507,14.329366305165495,8009.0,39.45320197044335,0.0,0.0,0.0,1.6515610261224125,False,True,730,PV+/PNN-,161.26638507,14.329366305165495,0.0,0.0,0.0,False,NONE
1158,646,955,82.61923176,10.256416188536388,1017.0,9.778846153846153,0.0,0.0,0.0,1.6172055850421905,False,True,731,PV+/PNN-,82.61923176,10.256416188536388,0.0,0.0,0.0,False,NONE
1159,647,1082,143.78923989,13.53063732184699,2633.0,14.546961325966851,0.0,0.0,0.0,1.8052073241846298,False,True,732,PV+/PNN-,143.78923989,13.53063732184699,0.0,0.0,0.0,False,NONE
1160,645,1987,61.96442382,8.88231697105848,1952.0,25.025641025641026,0.0,0.0,0.0,1.7894509279473747,False,True,733,PV+/PNN-,61.96442382,8.88231697105848,0.0,0.0,0.0,False,NONE
1161,646,511,69.11416503,9.380772250595795,692.0,7.954022988505747,0.0,0.0,0.0,1.7670692738776024,False,True,734,PV+/PNN-,69.11416503,9.380772250595795,0.0,0.0,0.0,False,NONE
1162,650,246,143.78923989,13.53063732184699,1863.0,10.292817679558011,0.0,0.0,0.0,1.9170089574655744,False,True,735,PV+/PNN-,143.78923989,13.53063732184699,0.0,0.0,0.0,False,NONE
1163,649,789,85.00247883,10.403293586497956,1341.0,12.532710280373832,0.0,0.0,0.0,1.7277334732081866,False,True,736,PV+/PNN-,85.00247883,10.403293586497956,0.0,0.0,0.0,False,NONE
1164,650,895,113.60144367,12.026714032504808,1298.0,9.076923076923077,0.0,0.0,0.0,1.651481868326269,False,True,737,PV+/PNN-,113.60144367,12.026714032504808,0.0,0.0,0.0,False,NONE
1165,648,1178,104.86287108,11.554893086200376,2273.0,17.21969696969697,0.0,0.0,0.0,1.7683279253942372,False,True,738,PV+/PNN-,104.86287108,11.554893086200376,0.0,0.0,0.0,False,NONE
1166,650,1969,96.91871418,11.108588547554572,2575.0,21.10655737704918,0.0,0.0,0.0,1.6471523219918336,False,True,739,PV+/PNN-,96.91871418,11.108588547554572,0.0,0.0,0.0,False,NONE
1167,650,767,91.35780435,10.78519212710641,1009.0,8.773913043478261,0.0,0.0,0.0,1.6455726111702993,False,True,740,PV+/PNN-,91.35780435,10.78519212710641,0.0,0.0,0.0,False,NONE
1168,650,2337,90.56338866,10.738197602350779,2149.0,18.850877192982455,0.0,0.0,0.0,1.6671598605344744,False,True,741,PV+/PNN-,90.56338866,10.738197602350779,0.0,0.0,0.0,False,NONE
1169,651,2715,147.76131834,13.716251444643651,9471.0,50.91935483870968,0.0,0.0,0.0,1.8901847560739926,False,True,742,PV+/PNN-,147.76131834,13.716251444643651,0.0,0.0,0.0,False,NONE
1170,651,1652,53.22585123,8.232208609372499,3655.0,54.55223880597015,0.0,0.0,0.0,1.561048107006382,False,True,744,PV+/PNN-,53.22585123,8.232208609372499,0.0,0.0,0.0,False,NONE
1171,651,1745,88.97455728,10.643586087602236,2944.0,26.285714285714285,0.0,0.0,0.0,1.6711192258707392,False,True,745,PV+/PNN-,88.97455728,10.643586087602236,0.0,0.0,0.0,False,NONE
1172,650,1818,49.25377278,7.919081463837606,1837.0,29.629032258064516,0.0,0.0,0.0,1.4920623501456942,False,True,746,PV+/PNN-,49.25377278,7.919081463837606,0.0,0.0,0.0,False,NONE
1173,652,1313,83.41364745,10.305607915302103,6833.0,65.07619047619048,0.0,0.0,0.0,2.6755556397835414,False,True,748,PV+/PNN-,83.41364745,10.305607915302103,0.0,0.0,0.0,False,NONE
1174,650,1366,51.63701985,8.108408946599484,1727.0,26.56923076923077,0.0,0.0,0.0,1.7710147367619369,False,True,749,PV+/PNN-,51.63701985,8.108408946599484,0.0,0.0,0.0,False,NONE
1175,654,2137,112.01261229,11.942314996545514,2626.0,18.624113475177303,0.0,0.0,0.0,1.7416721170555243,False,True,750,PV+/PNN-,112.01261229,11.942314996545514,0.0,0.0,0.0,False,NONE
1176,654,2583,111.2181966,11.899891008124815,3749.0,26.77857142857143,0.0,0.0,0.0,1.659338662615096,False,True,751,PV+/PNN-,111.2181966,11.899891008124815,0.0,0.0,0.0,False,NONE
1177,655,339,140.61157713,13.380292240810528,2074.0,11.717514124293785,0.0,0.0,0.0,2.307922497113941,False,True,752,PV+/PNN-,140.61157713,13.380292240810528,0.0,0.0,0.0,False,NONE
1178,651,725,30.18779622,6.199701276328615,437.0,11.5,0.0,0.0,0.0,1.5663760156113684,False,True,753,PV+/PNN-,30.18779622,6.199701276328615,0.0,0.0,0.0,False,NONE
1179,652,916,50.84260416,8.045794813057842,733.0,11.453125,0.0,0.0,0.0,1.600634395155795,False,True,754,PV+/PNN-,50.84260416,8.045794813057842,0.0,0.0,0.0,False,NONE
1180,652,1638,59.58117675,8.70982837718145,1975.0,26.333333333333332,0.0,0.0,0.0,1.6416192835758965,False,True,755,PV+/PNN-,59.58117675,8.70982837718145,0.0,0.0,0.0,False,NONE
1181,654,535,73.08624348000001,9.646569098642193,843.0,9.16304347826087,0.0,0.0,0.0,1.8241169172001361,False,True,756,PV+/PNN-,73.08624348000001,9.646569098642193,0.0,0.0,0.0,False,NONE
1182,655,2363,73.88065917,9.698854408967303,1111.0,11.946236559139784,0.0,0.0,0.0,1.8762365236340621,False,True,758,PV+/PNN-,73.88065917,9.698854408967303,0.0,0.0,0.0,False,NONE
1183,655,1943,65.93650227,9.1625849044734,1840.0,22.16867469879518,0.0,0.0,0.0,1.610206999858922,False,True,759,PV+/PNN-,65.93650227,9.1625849044734,0.0,0.0,0.0,False,NONE
1184,653,143,27.80454915,5.949945504062407,312.0,8.914285714285715,0.0,0.0,0.0,2.041611321966755,False,True,760,PV+/PNN-,27.80454915,5.949945504062407,0.0,0.0,0.0,False,NONE
1185,658,418,127.1065104,12.72151859781572,1333.0,8.33125,0.0,0.0,0.0,2.0778133899489846,False,True,761,PV+/PNN-,127.1065104,12.72151859781572,0.0,0.0,0.0,False,NONE
1186,655,476,81.82481607,10.206987389088184,827.0,8.029126213592233,0.0,0.0,0.0,2.0481499393819087,False,True,762,PV+/PNN-,81.82481607,10.206987389088184,0.0,0.0,0.0,False,NONE
1187,654,2166,42.104031570000004,7.321783798208037,829.0,15.641509433962264,0.0,0.0,0.0,2.257312760860839,False,True,763,PV+/PNN-,42.104031570000004,7.321783798208037,0.0,0.0,0.0,False,NONE
1188,657,367,106.45170246,11.642101063659146,1773.0,13.23134328358209,0.0,0.0,0.0,1.839846209746005,False,True,764,PV+/PNN-,106.45170246,11.642101063659146,0.0,0.0,0.0,False,NONE
1189,658,2377,67.52533365000001,9.272320371655413,1260.0,14.823529411764707,0.0,0.0,0.0,1.8182400075729064,False,True,765,PV+/PNN-,67.52533365000001,9.272320371655413,0.0,0.0,0.0,False,NONE
1190,658,659,76.26390624,9.854045933561641,1173.0,12.21875,0.0,0.0,0.0,1.596001589381104,False,True,767,PV+/PNN-,76.26390624,9.854045933561641,0.0,0.0,0.0,False,NONE
1191,657,1267,42.89844726,7.390534450171232,1179.0,21.833333333333332,0.0,0.0,0.0,1.7117359410488515,False,True,768,PV+/PNN-,42.89844726,7.390534450171232,0.0,0.0,0.0,False,NONE
1192,657,2092,81.03040038,10.157318055940708,1298.0,12.72549019607843,0.0,0.0,0.0,1.9177999120643083,False,True,769,PV+/PNN-,81.03040038,10.157318055940708,0.0,0.0,0.0,False,NONE
1193,660,1016,96.91871418,11.108588547554572,3090.0,25.327868852459016,0.0,0.0,0.0,1.6908981601266222,False,True,770,PV+/PNN-,96.91871418,11.108588547554572,0.0,0.0,0.0,False,NONE
1194,658,1280,67.52533365000001,9.272320371655413,1973.0,23.211764705882352,0.0,0.0,0.0,1.8217282378032622,False,True,771,PV+/PNN-,67.52533365000001,9.272320371655413,0.0,0.0,0.0,False,NONE
1195,659,2829,99.30196125,11.244340084382843,4703.0,37.624,0.0,0.0,0.0,1.6746295689891622,False,True,772,PV+/PNN-,99.30196125,11.244340084382843,0.0,0.0,0.0,False,NONE
1196,659,449,67.52533365000001,9.272320371655413,820.0,9.647058823529411,0.0,0.0,0.0,2.0423587998732597,False,True,773,PV+/PNN-,67.52533365000001,9.272320371655413,0.0,0.0,0.0,False,NONE
1197,658,1628,44.48727864,7.526151898686336,1822.0,32.535714285714285,0.0,0.0,0.0,1.5526517639179225,False,True,774,PV+/PNN-,44.48727864,7.526151898686336,0.0,0.0,0.0,False,NONE
1198,660,1720,62.75883951,8.93907356753593,1823.0,23.075949367088608,0.0,0.0,0.0,1.5885245927194187,False,True,776,PV+/PNN-,62.75883951,8.93907356753593,0.0,0.0,0.0,False,NONE
1199,661,350,53.22585123,8.232208609372499,813.0,12.134328358208956,0.0,0.0,0.0,1.8663984100069215,False,True,777,PV+/PNN-,53.22585123,8.232208609372499,0.0,0.0,0.0,False,NONE
1200,662,1050,114.39585936,12.068692219586765,2565.0,17.8125,0.0,0.0,0.0,1.7481120456501302,False,True,778,PV+/PNN-,114.39585936,12.068692219586765,0.0,0.0,0.0,False,NONE
1201,662,1194,58.78676106,8.651568001725998,3641.0,49.2027027027027,0.0,0.0,0.0,1.561631178971571,False,True,779,PV+/PNN-,58.78676106,8.651568001725998,0.0,0.0,0.0,False,NONE
1202,664,1816,85.00247883,10.403293586497956,3264.0,30.50467289719626,0.0,0.0,0.0,1.5074370640340875,False,True,780,PV+/PNN-,85.00247883,10.403293586497956,0.0,0.0,0.0,False,NONE
1203,664,2342,84.20806314000001,10.354565948189398,1737.0,16.38679245283019,0.0,0.0,0.0,1.9545195683414018,False,True,781,PV+/PNN-,84.20806314000001,10.354565948189398,0.0,0.0,0.0,False,NONE
1204,663,1850,76.26390624,9.854045933561641,5252.0,54.708333333333336,0.0,0.0,0.0,1.5102946825493175,False,True,782,PV+/PNN-,76.26390624,9.854045933561641,0.0,0.0,0.0,False,NONE
1205,664,2236,87.3857259,10.548125988120718,1398.0,12.709090909090909,0.0,0.0,0.0,2.1738809351496258,False,True,783,PV+/PNN-,87.3857259,10.548125988120718,0.0,0.0,0.0,False,NONE
1206,666,2734,121.54560057,12.440123196106569,11352.0,74.19607843137256,0.0,0.0,0.0,1.6089461937515646,False,True,784,PV+/PNN-,121.54560057,12.440123196106569,0.0,0.0,0.0,False,NONE
1207,664,814,36.543121740000004,6.8211544248344955,378.0,8.217391304347826,0.0,0.0,0.0,1.5179488833944597,False,True,785,PV+/PNN-,36.543121740000004,6.8211544248344955,0.0,0.0,0.0,False,NONE
1208,665,2003,73.88065917,9.698854408967303,2069.0,22.247311827956988,0.0,0.0,0.0,1.8850039840248756,False,True,786,PV+/PNN-,73.88065917,9.698854408967303,0.0,0.0,0.0,False,NONE
1209,665,2455,82.61923176,10.256416188536388,1934.0,18.596153846153847,0.0,0.0,0.0,1.77472098138169,False,True,787,PV+/PNN-,82.61923176,10.256416188536388,0.0,0.0,0.0,False,NONE
1210,667,501,81.03040038,10.157318055940708,822.0,8.058823529411764,0.0,0.0,0.0,1.9621295045750786,False,True,788,PV+/PNN-,81.03040038,10.157318055940708,0.0,0.0,0.0,False,NONE
1211,667,768,117.57352212,12.235164803834003,1721.0,11.628378378378379,0.0,0.0,0.0,1.8656434065648178,False,True,789,PV+/PNN-,117.57352212,12.235164803834003,0.0,0.0,0.0,False,NONE
1212,667,2306,96.12429849,11.062967867954534,1468.0,12.132231404958677,0.0,0.0,0.0,2.1153161441333643,False,True,790,PV+/PNN-,96.12429849,11.062967867954534,0.0,0.0,0.0,False,NONE
1213,668,1175,101.68520832,11.378472144697502,4816.0,37.625,0.0,0.0,0.0,1.4396443944852775,False,True,791,PV+/PNN-,101.68520832,11.378472144697502,0.0,0.0,0.0,False,NONE
1214,668,1592,75.46949055,9.802588422925686,7067.0,74.38947368421053,0.0,0.0,0.0,1.704092263061135,False,True,792,PV+/PNN-,75.46949055,9.802588422925686,0.0,0.0,0.0,False,NONE
1215,668,1683,150.14456541,13.82642390884524,7835.0,41.455026455026456,0.0,0.0,0.0,1.8833213401114872,False,True,793,PV+/PNN-,150.14456541,13.82642390884524,0.0,0.0,0.0,False,NONE
1216,667,2600,86.59131021,10.500070494515816,5946.0,54.55045871559633,0.0,0.0,0.0,1.5205803614252373,False,True,794,PV+/PNN-,86.59131021,10.500070494515816,0.0,0.0,0.0,False,NONE
1217,667,2840,91.35780435,10.78519212710641,4254.0,36.99130434782609,0.0,0.0,0.0,1.659753025367615,False,True,795,PV+/PNN-,91.35780435,10.78519212710641,0.0,0.0,0.0,False,NONE
1218,667,1474,69.90858072,9.434530697868027,5414.0,61.52272727272727,0.0,0.0,0.0,1.789105357353458,False,True,796,PV+/PNN-,69.90858072,9.434530697868027,0.0,0.0,0.0,False,NONE
1219,668,2109,99.30196125,11.244340084382843,2493.0,19.944,0.0,0.0,0.0,1.909457228096708,False,True,797,PV+/PNN-,99.30196125,11.244340084382843,0.0,0.0,0.0,False,NONE
1220,669,1242,41.30961588,7.252381437585563,1433.0,27.557692307692307,0.0,0.0,0.0,1.6507043344899572,False,True,798,PV+/PNN-,41.30961588,7.252381437585563,0.0,0.0,0.0,False,NONE
1221,670,2860,64.34767089,9.051519164690074,7940.0,98.0246913580247,0.0,0.0,0.0,1.437656863612802,False,True,799,PV+/PNN-,64.34767089,9.051519164690074,0.0,0.0,0.0,False,NONE
1222,669,2804,74.67507486,9.75085936304132,2948.0,31.361702127659573,0.0,0.0,0.0,1.578702495477736,False,True,800,PV+/PNN-,74.67507486,9.75085936304132,0.0,0.0,0.0,False,NONE
1223,672,268,101.68520832,11.378472144697502,1280.0,10.0,0.0,0.0,0.0,1.9284054037151945,False,True,801,PV+/PNN-,101.68520832,11.378472144697502,0.0,0.0,0.0,False,NONE
1224,673,299,113.60144367,12.026714032504808,1663.0,11.62937062937063,0.0,0.0,0.0,1.9635321146327394,False,True,802,PV+/PNN-,113.60144367,12.026714032504808,0.0,0.0,0.0,False,NONE
1225,673,984,91.35780435,10.78519212710641,2169.0,18.860869565217392,0.0,0.0,0.0,1.387746898491835,False,True,803,PV+/PNN-,91.35780435,10.78519212710641,0.0,0.0,0.0,False,NONE
1226,670,1342,42.89844726,7.390534450171232,3960.0,73.33333333333333,0.0,0.0,0.0,2.256691168471782,False,True,804,PV+/PNN-,42.89844726,7.390534450171232,0.0,0.0,0.0,False,NONE
1227,670,1625,41.30961588,7.252381437585563,1576.0,30.307692307692307,0.0,0.0,0.0,1.7148508759856809,False,True,805,PV+/PNN-,41.30961588,7.252381437585563,0.0,0.0,0.0,False,NONE
1228,672,1943,70.70299641,9.487984557348323,2946.0,33.10112359550562,0.0,0.0,0.0,2.0446810205603225,False,True,806,PV+/PNN-,70.70299641,9.487984557348323,0.0,0.0,0.0,False,NONE
1229,672,1290,44.48727864,7.526151898686336,2390.0,42.67857142857143,0.0,0.0,0.0,1.8478276747053874,False,True,807,PV+/PNN-,44.48727864,7.526151898686336,0.0,0.0,0.0,False,NONE
1230,674,2100,69.11416503,9.380772250595795,1768.0,20.32183908045977,0.0,0.0,0.0,1.934915294588252,False,True,808,PV+/PNN-,69.11416503,9.380772250595795,0.0,0.0,0.0,False,NONE
1231,676,283,177.15469887,15.0186673222671,2171.0,9.73542600896861,0.0,0.0,0.0,2.30584923114135,False,True,810,PV+/PNN-,177.15469887,15.0186673222671,0.0,0.0,0.0,False,NONE
1232,674,466,79.441569,10.057243516322302,957.0,9.57,0.0,0.0,0.0,2.011008330677938,False,True,811,PV+/PNN-,79.441569,10.057243516322302,0.0,0.0,0.0,False,NONE
1233,674,2199,94.53546711,10.971157418634661,2554.0,21.462184873949578,0.0,0.0,0.0,2.0885778504254726,False,True,812,PV+/PNN-,94.53546711,10.971157418634661,0.0,0.0,0.0,False,NONE
1234,675,661,105.65728677,11.598579038183399,1363.0,10.24812030075188,0.0,0.0,0.0,1.5789159410165476,False,True,813,PV+/PNN-,105.65728677,11.598579038183399,0.0,0.0,0.0,False,NONE
1235,675,901,77.05832193,9.90523612702942,1152.0,11.876288659793815,0.0,0.0,0.0,1.5222349036181093,False,True,814,PV+/PNN-,77.05832193,9.90523612702942,0.0,0.0,0.0,False,NONE
1236,678,941,108.83494953,11.77170172875832,1968.0,14.364963503649635,0.0,0.0,0.0,1.6853944511723162,False,True,815,PV+/PNN-,108.83494953,11.77170172875832,0.0,0.0,0.0,False,NONE
1237,676,2026,100.89079263,11.333937836259333,2751.0,21.661417322834644,0.0,0.0,0.0,1.677440478294474,False,True,816,PV+/PNN-,100.89079263,11.333937836259333,0.0,0.0,0.0,False,NONE
1238,676,2142,81.03040038,10.157318055940708,1578.0,15.470588235294118,0.0,0.0,0.0,1.5202870087300242,False,True,817,PV+/PNN-,81.03040038,10.157318055940708,0.0,0.0,0.0,False,NONE
1239,677,1044,61.96442382,8.88231697105848,1955.0,25.064102564102566,0.0,0.0,0.0,1.5480698680967993,False,True,818,PV+/PNN-,61.96442382,8.88231697105848,0.0,0.0,0.0,False,NONE
1240,680,867,104.86287108,11.554893086200376,1902.0,14.409090909090908,0.0,0.0,0.0,2.0524733462419613,False,True,820,PV+/PNN-,104.86287108,11.554893086200376,0.0,0.0,0.0,False,NONE
1241,679,2164,90.56338866,10.738197602350779,2611.0,22.903508771929825,0.0,0.0,0.0,1.6632585504084185,False,True,821,PV+/PNN-,90.56338866,10.738197602350779,0.0,0.0,0.0,False,NONE
1242,681,224,111.2181966,11.899891008124815,1377.0,9.835714285714285,0.0,0.0,0.0,1.9362480820623502,False,True,822,PV+/PNN-,111.2181966,11.899891008124815,0.0,0.0,0.0,False,NONE
1243,678,1553,38.13195312,6.96786270174516,2491.0,51.895833333333336,0.0,0.0,0.0,1.732669359734493,False,True,823,PV+/PNN-,38.13195312,6.96786270174516,0.0,0.0,0.0,False,NONE
1244,680,2669,108.83494953,11.77170172875832,8440.0,61.605839416058394,0.0,0.0,0.0,1.7243505990003762,False,True,824,PV+/PNN-,108.83494953,11.77170172875832,0.0,0.0,0.0,False,NONE
1245,681,1762,86.59131021,10.500070494515816,2633.0,24.155963302752294,0.0,0.0,0.0,1.6287074980382126,False,True,826,PV+/PNN-,86.59131021,10.500070494515816,0.0,0.0,0.0,False,NONE
1246,680,1855,65.93650227,9.1625849044734,2356.0,28.3855421686747,0.0,0.0,0.0,1.6289614907058645,False,True,828,PV+/PNN-,65.93650227,9.1625849044734,0.0,0.0,0.0,False,NONE
1247,683,725,115.98469074,12.152213577535832,1679.0,11.5,0.0,0.0,0.0,1.6271936994942644,False,True,829,PV+/PNN-,115.98469074,12.152213577535832,0.0,0.0,0.0,False,NONE
1248,681,782,64.34767089,9.051519164690074,1293.0,15.962962962962964,0.0,0.0,0.0,1.6106149458679384,False,True,830,PV+/PNN-,64.34767089,9.051519164690074,0.0,0.0,0.0,False,NONE
1249,682,1002,93.74105142,10.924962866435578,4160.0,35.25423728813559,0.0,0.0,0.0,1.7262305449289903,False,True,831,PV+/PNN-,93.74105142,10.924962866435578,0.0,0.0,0.0,False,NONE
1250,684,258,112.80702798,11.984588810142046,1148.0,8.084507042253522,0.0,0.0,0.0,1.9314232525472999,False,True,832,PV+/PNN-,112.80702798,11.984588810142046,0.0,0.0,0.0,False,NONE
1251,684,1912,70.70299641,9.487984557348323,3001.0,33.71910112359551,0.0,0.0,0.0,1.617421809339367,False,True,833,PV+/PNN-,70.70299641,9.487984557348323,0.0,0.0,0.0,False,NONE
1252,682,797,43.69286295,7.4586514150102134,739.0,13.436363636363636,0.0,0.0,0.0,1.614574928896002,False,True,834,PV+/PNN-,43.69286295,7.4586514150102134,0.0,0.0,0.0,False,NONE
1253,684,1720,78.64715331000001,10.006830950662698,2996.0,30.262626262626263,0.0,0.0,0.0,1.6696819196058639,False,True,835,PV+/PNN-,78.64715331000001,10.006830950662698,0.0,0.0,0.0,False,NONE
1254,685,2405,68.31974934,9.326703948667076,1610.0,18.72093023255814,0.0,0.0,0.0,1.8824274998931143,False,True,836,PV+/PNN-,68.31974934,9.326703948667076,0.0,0.0,0.0,False,NONE
1255,687,969,104.06845539,11.51104134134072,2260.0,17.251908396946565,0.0,0.0,0.0,1.7043066862131016,False,True,837,PV+/PNN-,104.06845539,11.51104134134072,0.0,0.0,0.0,False,NONE
1256,684,1583,42.89844726,7.390534450171232,3220.0,59.629629629629626,0.0,0.0,0.0,1.5744676217987432,False,True,838,PV+/PNN-,42.89844726,7.390534450171232,0.0,0.0,0.0,False,NONE
1257,685,1791,153.32222817,13.97196922387648,3463.0,17.94300518134715,0.0,0.0,0.0,1.4540769047030653,False,True,839,PV+/PNN-,153.32222817,13.97196922387648,0.0,0.0,0.0,False,NONE
1258,685,2092,56.40351399,8.474384017383858,955.0,13.450704225352112,0.0,0.0,0.0,1.8301540333596846,False,True,840,PV+/PNN-,56.40351399,8.474384017383858,0.0,0.0,0.0,False,NONE
1259,685,2859,61.96442382,8.88231697105848,2738.0,35.1025641025641,0.0,0.0,0.0,1.5319144428312097,False,True,841,PV+/PNN-,61.96442382,8.88231697105848,0.0,0.0,0.0,False,NONE
1260,689,2517,138.22833006,13.266415342325757,3737.0,21.477011494252874,0.0,0.0,0.0,1.6767561865916687,False,True,842,PV+/PNN-,138.22833006,13.266415342325757,0.0,0.0,0.0,False,NONE
1261,689,234,108.83494953,11.77170172875832,1345.0,9.817518248175183,0.0,0.0,0.0,1.9353630664023675,False,True,843,PV+/PNN-,108.83494953,11.77170172875832,0.0,0.0,0.0,False,NONE
1262,689,2029,119.1623535,12.317557416952052,3478.0,23.186666666666667,0.0,0.0,0.0,1.662868419395813,False,True,844,PV+/PNN-,119.1623535,12.317557416952052,0.0,0.0,0.0,False,NONE
1263,687,2828,55.6090983,8.414493627225879,2576.0,36.8,0.0,0.0,0.0,1.494146045277537,False,True,845,PV+/PNN-,55.6090983,8.414493627225879,0.0,0.0,0.0,False,NONE
1264,688,1564,50.04818847,7.982689565701676,1875.0,29.761904761904763,0.0,0.0,0.0,1.638983731846294,False,True,846,PV+/PNN-,50.04818847,7.982689565701676,0.0,0.0,0.0,False,NONE
1265,687,1619,59.58117675,8.70982837718145,2022.0,26.96,0.0,0.0,0.0,1.629759300792687,False,True,847,PV+/PNN-,59.58117675,8.70982837718145,0.0,0.0,0.0,False,NONE
1266,689,2447,87.3857259,10.548125988120718,2432.0,22.10909090909091,0.0,0.0,0.0,1.881424541518213,False,True,848,PV+/PNN-,87.3857259,10.548125988120718,0.0,0.0,0.0,False,NONE
1267,691,2583,123.92884764,12.56149312576761,7005.0,44.90384615384615,0.0,0.0,0.0,1.9353249149043166,False,True,849,PV+/PNN-,123.92884764,12.56149312576761,0.0,0.0,0.0,False,NONE
1268,691,1074,94.53546711,10.971157418634661,3427.0,28.798319327731093,0.0,0.0,0.0,1.4569590194289237,False,True,850,PV+/PNN-,94.53546711,10.971157418634661,0.0,0.0,0.0,False,NONE
1269,691,1373,134.25625161,13.074416571218995,5445.0,32.218934911242606,0.0,0.0,0.0,1.6373267651523875,False,True,851,PV+/PNN-,134.25625161,13.074416571218995,0.0,0.0,0.0,False,NONE
1270,690,1704,61.17000813,8.825195369105852,1762.0,22.883116883116884,0.0,0.0,0.0,1.5806892638011183,False,True,852,PV+/PNN-,61.17000813,8.825195369105852,0.0,0.0,0.0,False,NONE
1271,689,2462,61.96442382,8.88231697105848,1481.0,18.987179487179485,0.0,0.0,0.0,1.8806815647412927,False,True,853,PV+/PNN-,61.96442382,8.88231697105848,0.0,0.0,0.0,False,NONE
1272,696,295,182.7156087,15.252564978953412,2709.0,11.778260869565218,0.0,0.0,0.0,1.9749449591170376,False,True,854,PV+/PNN-,182.7156087,15.252564978953412,0.0,0.0,0.0,False,NONE
1273,690,686,57.99234537,8.592912627102823,871.0,11.931506849315069,0.0,0.0,0.0,1.5210834083259956,False,True,855,PV+/PNN-,57.99234537,8.592912627102823,0.0,0.0,0.0,False,NONE
1274,691,1592,77.05832193,9.90523612702942,4219.0,43.49484536082474,0.0,0.0,0.0,1.8386030010568126,False,True,856,PV+/PNN-,77.05832193,9.90523612702942,0.0,0.0,0.0,False,NONE
1275,693,2702,115.98469074,12.152213577535832,10311.0,70.62328767123287,0.0,0.0,0.0,2.2531936469128064,False,True,857,PV+/PNN-,115.98469074,12.152213577535832,0.0,0.0,0.0,False,NONE
1276,692,494,52.43143554,8.17054325713784,512.0,7.757575757575758,0.0,0.0,0.0,1.8980464870855895,False,True,858,PV+/PNN-,52.43143554,8.17054325713784,0.0,0.0,0.0,False,NONE
1277,694,2478,139.02274575,13.304482609502793,3576.0,20.434285714285714,0.0,0.0,0.0,2.0034899487350106,False,True,860,PV+/PNN-,139.02274575,13.304482609502793,0.0,0.0,0.0,False,NONE
1278,693,1570,52.43143554,8.17054325713784,3714.0,56.27272727272727,0.0,0.0,0.0,1.597054499784443,False,True,861,PV+/PNN-,52.43143554,8.17054325713784,0.0,0.0,0.0,False,NONE
1279,693,1936,59.58117675,8.70982837718145,2035.0,27.133333333333333,0.0,0.0,0.0,1.5566227402962292,False,True,862,PV+/PNN-,59.58117675,8.70982837718145,0.0,0.0,0.0,False,NONE
1280,694,2150,88.97455728,10.643586087602236,2144.0,19.142857142857142,0.0,0.0,0.0,1.976222577603971,False,True,863,PV+/PNN-,88.97455728,10.643586087602236,0.0,0.0,0.0,False,NONE
1281,696,2361,85.79689452,10.451794052617739,2217.0,20.52777777777778,0.0,0.0,0.0,2.0741243038691377,False,True,864,PV+/PNN-,85.79689452,10.451794052617739,0.0,0.0,0.0,False,NONE
1282,696,165,109.62936522,11.814586030086609,1027.0,7.442028985507246,0.0,0.0,0.0,2.5562345138266926,False,True,865,PV+/PNN-,109.62936522,11.814586030086609,0.0,0.0,0.0,False,NONE
1283,696,2092,106.45170246,11.642101063659146,3855.0,28.76865671641791,0.0,0.0,0.0,1.9792452611158164,False,True,866,PV+/PNN-,106.45170246,11.642101063659146,0.0,0.0,0.0,False,NONE
1284,697,1172,87.3857259,10.548125988120718,5035.0,45.77272727272727,0.0,0.0,0.0,1.641529435221478,False,True,867,PV+/PNN-,87.3857259,10.548125988120718,0.0,0.0,0.0,False,NONE
1285,696,1859,92.94663573,10.878572156378345,1956.0,16.71794871794872,0.0,0.0,0.0,1.785966424458718,False,True,868,PV+/PNN-,92.94663573,10.878572156378345,0.0,0.0,0.0,False,NONE
1286,698,2162,91.35780435,10.78519212710641,2998.0,26.069565217391304,0.0,0.0,0.0,2.000082966103188,False,True,869,PV+/PNN-,91.35780435,10.78519212710641,0.0,0.0,0.0,False,NONE
1287,698,2422,88.18014159,10.595963539609496,2484.0,22.37837837837838,0.0,0.0,0.0,2.0374328531290415,False,True,870,PV+/PNN-,88.18014159,10.595963539609496,0.0,0.0,0.0,False,NONE
1288,696,2766,62.75883951,8.93907356753593,5576.0,70.58227848101266,0.0,0.0,0.0,1.5538078709647714,False,True,871,PV+/PNN-,62.75883951,8.93907356753593,0.0,0.0,0.0,False,NONE
1289,697,1084,69.11416503,9.380772250595795,2140.0,24.597701149425287,0.0,0.0,0.0,1.6077433557410972,False,True,873,PV+/PNN-,69.11416503,9.380772250595795,0.0,0.0,0.0,False,NONE
1290,697,1871,96.12429849,11.062967867954534,3923.0,32.421487603305785,0.0,0.0,0.0,1.8874280451997962,False,True,874,PV+/PNN-,96.12429849,11.062967867954534,0.0,0.0,0.0,False,NONE
1291,699,452,56.40351399,8.474384017383858,723.0,10.183098591549296,0.0,0.0,0.0,1.9157630640131325,False,True,875,PV+/PNN-,56.40351399,8.474384017383858,0.0,0.0,0.0,False,NONE
1292,698,1279,67.52533365000001,9.272320371655413,2973.0,34.976470588235294,0.0,0.0,0.0,1.6534211291885996,False,True,876,PV+/PNN-,67.52533365000001,9.272320371655413,0.0,0.0,0.0,False,NONE
1293,699,2120,57.19792968,8.533854108523126,2555.0,35.486111111111114,0.0,0.0,0.0,1.866505971003349,False,True,877,PV+/PNN-,57.19792968,8.533854108523126,0.0,0.0,0.0,False,NONE
1294,702,540,100.89079263,11.333937836259333,1354.0,10.661417322834646,0.0,0.0,0.0,2.0002047735265007,False,True,878,PV+/PNN-,100.89079263,11.333937836259333,0.0,0.0,0.0,False,NONE
1295,701,860,71.4974121,9.54113894836179,765.0,8.5,0.0,0.0,0.0,1.5747421584372434,False,True,879,PV+/PNN-,71.4974121,9.54113894836179,0.0,0.0,0.0,False,NONE
1296,699,1659,38.13195312,6.96786270174516,1292.0,26.916666666666668,0.0,0.0,0.0,1.4562452818445872,False,True,880,PV+/PNN-,38.13195312,6.96786270174516,0.0,0.0,0.0,False,NONE
1297,701,2548,62.75883951,8.93907356753593,2742.0,34.70886075949367,0.0,0.0,0.0,1.6898598886519038,False,True,881,PV+/PNN-,62.75883951,8.93907356753593,0.0,0.0,0.0,False,NONE
1298,702,2572,114.39585936,12.068692219586765,5829.0,40.479166666666664,0.0,0.0,0.0,1.7851744918476595,False,True,882,PV+/PNN-,114.39585936,12.068692219586765,0.0,0.0,0.0,False,NONE
1299,701,674,61.96442382,8.88231697105848,693.0,8.884615384615385,0.0,0.0,0.0,1.5395169958973696,False,True,883,PV+/PNN-,61.96442382,8.88231697105848,0.0,0.0,0.0,False,NONE
1300,701,1224,65.14208658,9.10722134683339,2859.0,34.86585365853659,0.0,0.0,0.0,1.6542506473531355,False,True,884,PV+/PNN-,65.14208658,9.10722134683339,0.0,0.0,0.0,False,NONE
1301,701,1949,54.02026692,8.293415464071046,1460.0,21.470588235294116,0.0,0.0,0.0,1.744115115177848,False,True,885,PV+/PNN-,54.02026692,8.293415464071046,0.0,0.0,0.0,False,NONE
1302,701,2081,64.34767089,9.051519164690074,1532.0,18.91358024691358,0.0,0.0,0.0,1.8119418141014307,False,True,886,PV+/PNN-,64.34767089,9.051519164690074,0.0,0.0,0.0,False,NONE
1303,703,638,85.79689452,10.451794052617739,1082.0,10.018518518518519,0.0,0.0,0.0,1.6135890927850243,False,True,887,PV+/PNN-,85.79689452,10.451794052617739,0.0,0.0,0.0,False,NONE
1304,704,2586,97.71312987,11.154022637162193,4943.0,40.1869918699187,0.0,0.0,0.0,1.7464547817957694,False,True,888,PV+/PNN-,97.71312987,11.154022637162193,0.0,0.0,0.0,False,NONE
1305,705,2182,116.77910643,12.193759728054031,2497.0,16.98639455782313,0.0,0.0,0.0,1.9388449745510208,False,True,889,PV+/PNN-,116.77910643,12.193759728054031,0.0,0.0,0.0,False,NONE
1306,706,260,110.42378091,11.857315232959936,1983.0,14.266187050359711,0.0,0.0,0.0,1.834457768625909,False,True,890,PV+/PNN-,110.42378091,11.857315232959936,0.0,0.0,0.0,False,NONE
1307,706,612,119.95676919,12.358547737957586,1671.0,11.066225165562914,0.0,0.0,0.0,1.7740884842102087,False,True,891,PV+/PNN-,119.95676919,12.358547737957586,0.0,0.0,0.0,False,NONE
1308,704,1519,78.64715331000001,10.006830950662698,3399.0,34.333333333333336,0.0,0.0,0.0,1.731827031411822,False,True,892,PV+/PNN-,78.64715331000001,10.006830950662698,0.0,0.0,0.0,False,NONE
1309,703,1785,54.02026692,8.293415464071046,876.0,12.882352941176471,0.0,0.0,0.0,1.5086595746288383,False,True,893,PV+/PNN-,54.02026692,8.293415464071046,0.0,0.0,0.0,False,NONE
1310,706,1965,131.87300454,12.957851838301272,3822.0,23.02409638554217,0.0,0.0,0.0,1.6088673933698547,False,True,894,PV+/PNN-,131.87300454,12.957851838301272,0.0,0.0,0.0,False,NONE
1311,704,2693,77.85273762,9.956163126610313,4487.0,45.785714285714285,0.0,0.0,0.0,1.5346878231589158,False,True,895,PV+/PNN-,77.85273762,9.956163126610313,0.0,0.0,0.0,False,NONE
1312,708,814,113.60144367,12.026714032504808,2166.0,15.146853146853147,0.0,0.0,0.0,1.643706529963151,False,True,896,PV+/PNN-,113.60144367,12.026714032504808,0.0,0.0,0.0,False,NONE
1313,705,939,82.61923176,10.256416188536388,1231.0,11.836538461538462,0.0,0.0,0.0,1.6307476326912878,False,True,897,PV+/PNN-,82.61923176,10.256416188536388,0.0,0.0,0.0,False,NONE
1314,705,1358,44.48727864,7.526151898686336,2663.0,47.55357142857143,0.0,0.0,0.0,1.692959595951426,False,True,898,PV+/PNN-,44.48727864,7.526151898686336,0.0,0.0,0.0,False,NONE
1315,705,2011,60.37559244,8.767701627645716,5647.0,74.30263157894737,0.0,0.0,0.0,2.275439131021994,False,True,899,PV+/PNN-,60.37559244,8.767701627645716,0.0,0.0,0.0,False,NONE
1316,705,2633,53.22585123,8.232208609372499,2937.0,43.83582089552239,0.0,0.0,0.0,1.661725199662357,False,True,900,PV+/PNN-,53.22585123,8.232208609372499,0.0,0.0,0.0,False,NONE
1317,708,321,109.62936522,11.814586030086609,1560.0,11.304347826086957,0.0,0.0,0.0,1.8187455481860015,False,True,902,PV+/PNN-,109.62936522,11.814586030086609,0.0,0.0,0.0,False,NONE
1318,706,375,76.26390624,9.854045933561641,987.0,10.28125,0.0,0.0,0.0,1.743479239875439,False,True,903,PV+/PNN-,76.26390624,9.854045933561641,0.0,0.0,0.0,False,NONE
1319,708,419,103.2740397,11.467021901548332,2008.0,15.446153846153846,0.0,0.0,0.0,1.7704445452819748,False,True,904,PV+/PNN-,103.2740397,11.467021901548332,0.0,0.0,0.0,False,NONE
1320,707,970,90.56338866,10.738197602350779,1561.0,13.692982456140351,0.0,0.0,0.0,1.6951192497712069,False,True,905,PV+/PNN-,90.56338866,10.738197602350779,0.0,0.0,0.0,False,NONE
1321,707,1060,83.41364745,10.305607915302103,3496.0,33.2952380952381,0.0,0.0,0.0,1.6956951574564818,False,True,906,PV+/PNN-,83.41364745,10.305607915302103,0.0,0.0,0.0,False,NONE
1322,709,1198,137.43391437,13.228238528376714,7918.0,45.76878612716763,0.0,0.0,0.0,1.4794985747984803,False,True,907,PV+/PNN-,137.43391437,13.228238528376714,0.0,0.0,0.0,False,NONE
1323,705,1649,63.5532552,8.995472067506276,2395.0,29.9375,0.0,0.0,0.0,1.5695945964653644,False,True,908,PV+/PNN-,63.5532552,8.995472067506276,0.0,0.0,0.0,False,NONE
1324,707,1706,100.09637694,11.289227848029503,4049.0,32.13492063492063,0.0,0.0,0.0,1.713696917038139,False,True,909,PV+/PNN-,100.09637694,11.289227848029503,0.0,0.0,0.0,False,NONE
1325,706,1904,84.20806314000001,10.354565948189398,1804.0,17.0188679245283,0.0,0.0,0.0,1.6838937819556692,False,True,910,PV+/PNN-,84.20806314000001,10.354565948189398,0.0,0.0,0.0,False,NONE
1326,706,2212,60.37559244,8.767701627645716,1106.0,14.552631578947368,0.0,0.0,0.0,1.8345910867776987,False,True,911,PV+/PNN-,60.37559244,8.767701627645716,0.0,0.0,0.0,False,NONE
1327,709,911,123.92884764,12.56149312576761,1609.0,10.314102564102564,0.0,0.0,0.0,1.717226673818856,False,True,912,PV+/PNN-,123.92884764,12.56149312576761,0.0,0.0,0.0,False,NONE
1328,708,1768,76.26390624,9.854045933561641,1565.0,16.302083333333332,0.0,0.0,0.0,1.5643440832540478,False,True,913,PV+/PNN-,76.26390624,9.854045933561641,0.0,0.0,0.0,False,NONE
1329,710,2249,96.12429849,11.062967867954534,1805.0,14.917355371900827,0.0,0.0,0.0,2.0442542638207466,False,True,914,PV+/PNN-,96.12429849,11.062967867954534,0.0,0.0,0.0,False,NONE
1330,711,803,127.90092609,12.761211420003875,3628.0,22.53416149068323,0.0,0.0,0.0,2.013342574183795,False,True,915,PV+/PNN-,127.90092609,12.761211420003875,0.0,0.0,0.0,False,NONE
1331,711,1033,109.62936522,11.814586030086609,4399.0,31.8768115942029,0.0,0.0,0.0,1.7054096619877597,False,True,916,PV+/PNN-,109.62936522,11.814586030086609,0.0,0.0,0.0,False,NONE
1332,709,1862,77.05832193,9.90523612702942,1971.0,20.31958762886598,0.0,0.0,0.0,1.671248862556629,False,True,917,PV+/PNN-,77.05832193,9.90523612702942,0.0,0.0,0.0,False,NONE
1333,712,272,124.72326333,12.60169000650996,1679.0,10.694267515923567,0.0,0.0,0.0,1.7950499419491244,False,True,918,PV+/PNN-,124.72326333,12.60169000650996,0.0,0.0,0.0,False,NONE
1334,710,433,62.75883951,8.93907356753593,1507.0,19.075949367088608,0.0,0.0,0.0,1.8718881054195162,False,True,919,PV+/PNN-,62.75883951,8.93907356753593,0.0,0.0,0.0,False,NONE
1335,710,2233,98.50754556,11.199272407696524,1407.0,11.346774193548388,0.0,0.0,0.0,1.7622595385534883,False,True,920,PV+/PNN-,98.50754556,11.199272407696524,0.0,0.0,0.0,False,NONE
1336,711,702,87.3857259,10.548125988120718,2455.0,22.318181818181817,0.0,0.0,0.0,1.6044669890239487,False,True,921,PV+/PNN-,87.3857259,10.548125988120718,0.0,0.0,0.0,False,NONE
1337,709,1552,27.80454915,5.949945504062407,1950.0,55.714285714285715,0.0,0.0,0.0,1.9230114941346614,False,True,922,PV+/PNN-,27.80454915,5.949945504062407,0.0,0.0,0.0,False,NONE
1338,711,2672,118.36793781,12.276430232296539,4365.0,29.29530201342282,0.0,0.0,0.0,1.816308604928582,False,True,923,PV+/PNN-,118.36793781,12.276430232296539,0.0,0.0,0.0,False,NONE
1339,713,1736,86.59131021,10.500070494515816,1987.0,18.229357798165136,0.0,0.0,0.0,1.402252551546887,False,True,924,PV+/PNN-,86.59131021,10.500070494515816,0.0,0.0,0.0,False,NONE
1340,714,476,67.52533365000001,9.272320371655413,941.0,11.070588235294117,0.0,0.0,0.0,1.82347235291844,False,True,925,PV+/PNN-,67.52533365000001,9.272320371655413,0.0,0.0,0.0,False,NONE
1341,716,506,96.91871418,11.108588547554572,1162.0,9.524590163934427,0.0,0.0,0.0,1.9460822159128892,False,True,926,PV+/PNN-,96.91871418,11.108588547554572,0.0,0.0,0.0,False,NONE
1342,715,525,61.17000813,8.825195369105852,1204.0,15.636363636363637,0.0,0.0,0.0,1.7953626534647293,False,True,927,PV+/PNN-,61.17000813,8.825195369105852,0.0,0.0,0.0,False,NONE
1343,716,999,72.29182779,9.593998848416254,3406.0,37.42857142857143,0.0,0.0,0.0,1.7048725250863461,False,True,928,PV+/PNN-,72.29182779,9.593998848416254,0.0,0.0,0.0,False,NONE
1344,716,1008,72.29182779,9.593998848416254,3612.0,39.69230769230769,0.0,0.0,0.0,1.6967269325154606,False,True,929,PV+/PNN-,72.29182779,9.593998848416254,0.0,0.0,0.0,False,NONE
1345,718,2436,112.01261229,11.942314996545514,2291.0,16.24822695035461,0.0,0.0,0.0,2.031863185155328,False,True,930,PV+/PNN-,112.01261229,11.942314996545514,0.0,0.0,0.0,False,NONE
1346,717,176,112.01261229,11.942314996545514,1467.0,10.404255319148936,0.0,0.0,0.0,2.324682795538644,False,True,931,PV+/PNN-,112.01261229,11.942314996545514,0.0,0.0,0.0,False,NONE
1347,718,850,85.79689452,10.451794052617739,1769.0,16.37962962962963,0.0,0.0,0.0,1.6575149549450587,False,True,932,PV+/PNN-,85.79689452,10.451794052617739,0.0,0.0,0.0,False,NONE
1348,716,1020,38.13195312,6.96786270174516,3115.0,64.89583333333333,0.0,0.0,0.0,1.6369247070575426,False,True,933,PV+/PNN-,38.13195312,6.96786270174516,0.0,0.0,0.0,False,NONE
1349,718,219,83.41364745,10.305607915302103,1394.0,13.276190476190477,0.0,0.0,0.0,1.7309927252636526,False,True,934,PV+/PNN-,83.41364745,10.305607915302103,0.0,0.0,0.0,False,NONE
1350,719,289,130.28417316,12.879555944225542,2097.0,12.786585365853659,0.0,0.0,0.0,1.8345910867776987,False,True,935,PV+/PNN-,130.28417316,12.879555944225542,0.0,0.0,0.0,False,NONE
1351,717,1781,53.22585123,8.232208609372499,1215.0,18.134328358208954,0.0,0.0,0.0,1.5621544486839203,False,True,936,PV+/PNN-,53.22585123,8.232208609372499,0.0,0.0,0.0,False,NONE
1352,718,2336,97.71312987,11.154022637162193,2263.0,18.398373983739837,0.0,0.0,0.0,1.8175664671828986,False,True,937,PV+/PNN-,97.71312987,11.154022637162193,0.0,0.0,0.0,False,NONE
1353,719,1169,65.93650227,9.1625849044734,3113.0,37.506024096385545,0.0,0.0,0.0,1.5566227402962292,False,True,938,PV+/PNN-,65.93650227,9.1625849044734,0.0,0.0,0.0,False,NONE
1354,718,1751,51.63701985,8.108408946599484,1137.0,17.49230769230769,0.0,0.0,0.0,1.5383766129374457,False,True,939,PV+/PNN-,51.63701985,8.108408946599484,0.0,0.0,0.0,False,NONE
1355,718,2002,51.63701985,8.108408946599484,1695.0,26.076923076923077,0.0,0.0,0.0,1.674082185168399,False,True,940,PV+/PNN-,51.63701985,8.108408946599484,0.0,0.0,0.0,False,NONE
1356,722,2409,111.2181966,11.899891008124815,3028.0,21.62857142857143,0.0,0.0,0.0,2.0135497555600543,False,True,941,PV+/PNN-,111.2181966,11.899891008124815,0.0,0.0,0.0,False,NONE
1357,721,103,99.30196125,11.244340084382843,1833.0,14.664,0.0,0.0,0.0,1.9106432263750286,False,True,942,PV+/PNN-,99.30196125,11.244340084382843,0.0,0.0,0.0,False,NONE
1358,722,1812,109.62936522,11.814586030086609,2916.0,21.130434782608695,0.0,0.0,0.0,1.6243019898743263,False,True,944,PV+/PNN-,109.62936522,11.814586030086609,0.0,0.0,0.0,False,NONE
1359,723,2025,120.75118488,12.39940255265723,2273.0,14.953947368421053,0.0,0.0,0.0,1.7048725250863461,False,True,945,PV+/PNN-,120.75118488,12.39940255265723,0.0,0.0,0.0,False,NONE
1360,724,2537,88.18014159,10.595963539609496,3265.0,29.414414414414413,0.0,0.0,0.0,1.7402654917254283,False,True,946,PV+/PNN-,88.18014159,10.595963539609496,0.0,0.0,0.0,False,NONE
1361,723,314,100.09637694,11.289227848029503,2014.0,15.984126984126984,0.0,0.0,0.0,1.7937047374010593,False,True,947,PV+/PNN-,100.09637694,11.289227848029503,0.0,0.0,0.0,False,NONE
1362,722,553,54.02026692,8.293415464071046,666.0,9.794117647058824,0.0,0.0,0.0,1.8847343963390617,False,True,948,PV+/PNN-,54.02026692,8.293415464071046,0.0,0.0,0.0,False,NONE
1363,724,894,109.62936522,11.814586030086609,1484.0,10.753623188405797,0.0,0.0,0.0,1.526543073817075,False,True,949,PV+/PNN-,109.62936522,11.814586030086609,0.0,0.0,0.0,False,NONE
1364,724,1136,78.64715331000001,10.006830950662698,8838.0,89.27272727272727,0.0,0.0,0.0,1.5251758162498406,False,True,950,PV+/PNN-,78.64715331000001,10.006830950662698,0.0,0.0,0.0,False,NONE
1365,725,2459,117.57352212,12.235164803834003,3428.0,23.16216216216216,0.0,0.0,0.0,2.0254126003082207,False,True,952,PV+/PNN-,117.57352212,12.235164803834003,0.0,0.0,0.0,False,NONE
1366,724,2809,66.73091796,9.217615939230159,3159.0,37.607142857142854,0.0,0.0,0.0,1.5186778549035205,False,True,953,PV+/PNN-,66.73091796,9.217615939230159,0.0,0.0,0.0,False,NONE
1367,727,200,105.65728677,11.598579038183399,1124.0,8.451127819548873,0.0,0.0,0.0,2.1496218794566975,False,True,954,PV+/PNN-,105.65728677,11.598579038183399,0.0,0.0,0.0,False,NONE
1368,725,964,61.17000813,8.825195369105852,1329.0,17.25974025974026,0.0,0.0,0.0,1.5652866887579893,False,True,955,PV+/PNN-,61.17000813,8.825195369105852,0.0,0.0,0.0,False,NONE
1369,732,384,194.63184405,15.74207611813598,2818.0,11.50204081632653,0.0,0.0,0.0,1.9602252156227928,False,True,957,PV+/PNN-,194.63184405,15.74207611813598,0.0,0.0,0.0,False,NONE
1370,729,578,71.4974121,9.54113894836179,872.0,9.688888888888888,0.0,0.0,0.0,1.670280908635319,False,True,958,PV+/PNN-,71.4974121,9.54113894836179,0.0,0.0,0.0,False,NONE
1371,728,186,100.89079263,11.333937836259333,1349.0,10.622047244094489,0.0,0.0,0.0,2.136781346915821,False,True,959,PV+/PNN-,100.89079263,11.333937836259333,0.0,0.0,0.0,False,NONE
1372,727,1081,65.14208658,9.10722134683339,2038.0,24.853658536585368,0.0,0.0,0.0,1.6235159358722575,False,True,960,PV+/PNN-,65.14208658,9.10722134683339,0.0,0.0,0.0,False,NONE
1373,727,1295,51.63701985,8.108408946599484,1742.0,26.8,0.0,0.0,0.0,1.7425051627638375,False,True,961,PV+/PNN-,51.63701985,8.108408946599484,0.0,0.0,0.0,False,NONE
1374,727,2012,77.85273762,9.956163126610313,1509.0,15.39795918367347,0.0,0.0,0.0,1.960527766203997,False,True,962,PV+/PNN-,77.85273762,9.956163126610313,0.0,0.0,0.0,False,NONE
1375,728,2861,65.14208658,9.10722134683339,2891.0,35.25609756097561,0.0,0.0,0.0,1.5358316119415176,False,True,963,PV+/PNN-,65.14208658,9.10722134683339,0.0,0.0,0.0,False,NONE
1376,729,1653,60.37559244,8.767701627645716,1098.0,14.447368421052632,0.0,0.0,0.0,1.5732033083319659,False,True,966,PV+/PNN-,60.37559244,8.767701627645716,0.0,0.0,0.0,False,NONE
1377,732,1844,150.14456541,13.82642390884524,6352.0,33.60846560846561,0.0,0.0,0.0,1.6119222631941301,False,True,967,PV+/PNN-,150.14456541,13.82642390884524,0.0,0.0,0.0,False,NONE
1378,734,551,116.77910643,12.193759728054031,1748.0,11.891156462585034,0.0,0.0,0.0,1.980193553982278,False,True,968,PV+/PNN-,116.77910643,12.193759728054031,0.0,0.0,0.0,False,NONE
1379,730,593,53.22585123,8.232208609372499,841.0,12.552238805970148,0.0,0.0,0.0,1.9383106190469037,False,True,969,PV+/PNN-,53.22585123,8.232208609372499,0.0,0.0,0.0,False,NONE
1380,729,1642,65.93650227,9.1625849044734,1739.0,20.951807228915662,0.0,0.0,0.0,1.5887732960338448,False,True,970,PV+/PNN-,65.93650227,9.1625849044734,0.0,0.0,0.0,False,NONE
1381,733,768,102.47962401,11.422832828117684,1464.0,11.348837209302326,0.0,0.0,0.0,1.6692466078112018,False,True,971,PV+/PNN-,102.47962401,11.422832828117684,0.0,0.0,0.0,False,NONE
1382,731,1362,67.52533365000001,9.272320371655413,2523.0,29.68235294117647,0.0,0.0,0.0,1.6987681221832238,False,True,972,PV+/PNN-,67.52533365000001,9.272320371655413,0.0,0.0,0.0,False,NONE
1383,735,1406,144.58365558,13.56796328882212,5798.0,31.857142857142858,0.0,0.0,0.0,1.7134253972857763,False,True,973,PV+/PNN-,144.58365558,13.56796328882212,0.0,0.0,0.0,False,NONE
1384,733,299,105.65728677,11.598579038183399,1980.0,14.887218045112782,0.0,0.0,0.0,1.7539175666710465,False,True,974,PV+/PNN-,105.65728677,11.598579038183399,0.0,0.0,0.0,False,NONE
1385,732,857,116.77910643,12.193759728054031,1795.0,12.210884353741497,0.0,0.0,0.0,1.5354441996119268,False,True,975,PV+/PNN-,116.77910643,12.193759728054031,0.0,0.0,0.0,False,NONE
1386,738,793,128.69534178,12.800781162784691,2217.0,13.685185185185185,0.0,0.0,0.0,1.585449087338752,False,True,977,PV+/PNN-,128.69534178,12.800781162784691,0.0,0.0,0.0,False,NONE
1387,734,941,127.1065104,12.72151859781572,2890.0,18.0625,0.0,0.0,0.0,1.6112898484375848,False,True,978,PV+/PNN-,127.1065104,12.72151859781572,0.0,0.0,0.0,False,NONE
1388,733,1549,65.14208658,9.10722134683339,1827.0,22.28048780487805,0.0,0.0,0.0,1.8178677878836915,False,True,979,PV+/PNN-,65.14208658,9.10722134683339,0.0,0.0,0.0,False,NONE
1389,735,1011,119.1623535,12.317557416952052,3264.0,21.76,0.0,0.0,0.0,1.6391484538293943,False,True,980,PV+/PNN-,119.1623535,12.317557416952052,0.0,0.0,0.0,False,NONE
1390,736,1064,100.09637694,11.289227848029503,4363.0,34.62698412698413,0.0,0.0,0.0,1.6107456776005578,False,True,981,PV+/PNN-,100.09637694,11.289227848029503,0.0,0.0,0.0,False,NONE
1391,739,2099,135.84508299,13.151552441468574,4358.0,25.485380116959064,0.0,0.0,0.0,1.9077406516412432,False,True,982,PV+/PNN-,135.84508299,13.151552441468574,0.0,0.0,0.0,False,NONE
1392,735,963,69.11416503,9.380772250595795,1501.0,17.25287356321839,0.0,0.0,0.0,1.5498066582369134,False,True,983,PV+/PNN-,69.11416503,9.380772250595795,0.0,0.0,0.0,False,NONE
1393,735,1322,58.78676106,8.651568001725998,2585.0,34.932432432432435,0.0,0.0,0.0,1.6908488967953892,False,True,984,PV+/PNN-,58.78676106,8.651568001725998,0.0,0.0,0.0,False,NONE
1394,736,2284,60.37559244,8.767701627645716,2597.0,34.171052631578945,0.0,0.0,0.0,2.2266727544462976,False,True,985,PV+/PNN-,60.37559244,8.767701627645716,0.0,0.0,0.0,False,NONE
1395,737,529,86.59131021,10.500070494515816,1376.0,12.623853211009175,0.0,0.0,0.0,1.8891646887474551,False,True,986,PV+/PNN-,86.59131021,10.500070494515816,0.0,0.0,0.0,False,NONE
1396,736,1339,45.28169433,7.593052342343362,2015.0,35.35087719298246,0.0,0.0,0.0,1.5540218668788586,False,True,987,PV+/PNN-,45.28169433,7.593052342343362,0.0,0.0,0.0,False,NONE
1397,735,1962,39.7207845,7.111545090435939,946.0,18.92,0.0,0.0,0.0,1.7701024303939976,False,True,988,PV+/PNN-,39.7207845,7.111545090435939,0.0,0.0,0.0,False,NONE
1398,739,217,115.98469074,12.152213577535832,1298.0,8.89041095890411,0.0,0.0,0.0,2.0013720946665803,False,True,989,PV+/PNN-,115.98469074,12.152213577535832,0.0,0.0,0.0,False,NONE
1399,738,1468,68.31974934,9.326703948667076,3825.0,44.47674418604651,0.0,0.0,0.0,1.8712225742985125,False,True,990,PV+/PNN-,68.31974934,9.326703948667076,0.0,0.0,0.0,False,NONE
1400,737,1747,87.3857259,10.548125988120718,1797.0,16.336363636363636,0.0,0.0,0.0,1.5296682339707532,False,True,991,PV+/PNN-,87.3857259,10.548125988120718,0.0,0.0,0.0,False,NONE
1401,737,1866,77.85273762,9.956163126610313,2011.0,20.520408163265305,0.0,0.0,0.0,1.7510114887200052,False,True,992,PV+/PNN-,77.85273762,9.956163126610313,0.0,0.0,0.0,False,NONE
1402,737,1894,67.52533365000001,9.272320371655413,2224.0,26.16470588235294,0.0,0.0,0.0,1.9996279795514025,False,True,993,PV+/PNN-,67.52533365000001,9.272320371655413,0.0,0.0,0.0,False,NONE
1403,740,350,116.77910643,12.193759728054031,2285.0,15.54421768707483,0.0,0.0,0.0,1.6413369030334388,False,True,994,PV+/PNN-,116.77910643,12.193759728054031,0.0,0.0,0.0,False,NONE
1404,740,826,115.19027505,12.11052490037406,2062.0,14.220689655172414,0.0,0.0,0.0,1.6087657680499945,False,True,995,PV+/PNN-,115.19027505,12.11052490037406,0.0,0.0,0.0,False,NONE
1405,740,990,106.45170246,11.642101063659146,2417.0,18.03731343283582,0.0,0.0,0.0,1.525092002486391,False,True,996,PV+/PNN-,106.45170246,11.642101063659146,0.0,0.0,0.0,False,NONE
1406,739,1690,97.71312987,11.154022637162193,2265.0,18.414634146341463,0.0,0.0,0.0,1.721143842929164,False,True,997,PV+/PNN-,97.71312987,11.154022637162193,0.0,0.0,0.0,False,NONE
1407,741,398,87.3857259,10.548125988120718,1365.0,12.409090909090908,0.0,0.0,0.0,1.8908586187321295,False,True,998,PV+/PNN-,87.3857259,10.548125988120718,0.0,0.0,0.0,False,NONE
1408,743,444,77.05832193,9.90523612702942,1490.0,15.360824742268042,0.0,0.0,0.0,1.9692767804336686,False,True,999,PV+/PNN-,77.05832193,9.90523612702942,0.0,0.0,0.0,False,NONE
1409,743,1101,77.05832193,9.90523612702942,4516.0,46.55670103092783,0.0,0.0,0.0,1.5604436110382425,False,True,1000,PV+/PNN-,77.05832193,9.90523612702942,0.0,0.0,0.0,False,NONE
1410,744,181,92.15222004,10.83198276817611,1313.0,11.318965517241379,0.0,0.0,0.0,1.8684584945099236,False,True,1001,PV+/PNN-,92.15222004,10.83198276817611,0.0,0.0,0.0,False,NONE
1411,744,2211,88.97455728,10.643586087602236,1688.0,15.071428571428571,0.0,0.0,0.0,1.6989160605188862,False,True,1002,PV+/PNN-,88.97455728,10.643586087602236,0.0,0.0,0.0,False,NONE
1412,744,472,36.543121740000004,6.8211544248344955,615.0,13.369565217391305,0.0,0.0,0.0,1.8031685780450106,False,True,1004,PV+/PNN-,36.543121740000004,6.8211544248344955,0.0,0.0,0.0,False,NONE
1413,744,569,42.89844726,7.390534450171232,691.0,12.796296296296296,0.0,0.0,0.0,1.6897730099688344,False,True,1005,PV+/PNN-,42.89844726,7.390534450171232,0.0,0.0,0.0,False,NONE
1414,747,239,82.61923176,10.256416188536388,1183.0,11.375,0.0,0.0,0.0,1.6549807705896722,False,True,1007,PV+/PNN-,82.61923176,10.256416188536388,0.0,0.0,0.0,False,NONE
1415,747,814,88.18014159,10.595963539609496,1672.0,15.063063063063064,0.0,0.0,0.0,1.4744843460206236,False,True,1008,PV+/PNN-,88.18014159,10.595963539609496,0.0,0.0,0.0,False,NONE
1416,746,1221,66.73091796,9.217615939230159,4492.0,53.476190476190474,0.0,0.0,0.0,1.7313457009417244,False,True,1009,PV+/PNN-,66.73091796,9.217615939230159,0.0,0.0,0.0,False,NONE
1417,746,1556,59.58117675,8.70982837718145,1481.0,19.746666666666666,0.0,0.0,0.0,1.5763893782682448,False,True,1010,PV+/PNN-,59.58117675,8.70982837718145,0.0,0.0,0.0,False,NONE
1418,746,1732,65.93650227,9.1625849044734,1705.0,20.542168674698797,0.0,0.0,0.0,1.594131721990114,False,True,1011,PV+/PNN-,65.93650227,9.1625849044734,0.0,0.0,0.0,False,NONE
1419,746,736,44.48727864,7.526151898686336,996.0,17.785714285714285,0.0,0.0,0.0,1.5526517639179225,False,True,1012,PV+/PNN-,44.48727864,7.526151898686336,0.0,0.0,0.0,False,NONE
1420,750,316,101.68520832,11.378472144697502,1968.0,15.375,0.0,0.0,0.0,1.8305373817248438,False,True,1014,PV+/PNN-,101.68520832,11.378472144697502,0.0,0.0,0.0,False,NONE
1421,749,1205,85.00247883,10.403293586497956,4073.0,38.06542056074766,0.0,0.0,0.0,1.6875536249940428,False,True,1015,PV+/PNN-,85.00247883,10.403293586497956,0.0,0.0,0.0,False,NONE
1422,751,2550,110.42378091,11.857315232959936,5087.0,36.597122302158276,0.0,0.0,0.0,1.8925844828062066,False,True,1016,PV+/PNN-,110.42378091,11.857315232959936,0.0,0.0,0.0,False,NONE
1423,752,2675,114.39585936,12.068692219586765,5253.0,36.479166666666664,0.0,0.0,0.0,1.7877482728335992,False,True,1017,PV+/PNN-,114.39585936,12.068692219586765,0.0,0.0,0.0,False,NONE
1424,754,303,139.02274575,13.304482609502793,1849.0,10.565714285714286,0.0,0.0,0.0,1.7883159753824978,False,True,1018,PV+/PNN-,139.02274575,13.304482609502793,0.0,0.0,0.0,False,NONE
1425,751,604,73.88065917,9.698854408967303,1268.0,13.634408602150538,0.0,0.0,0.0,1.7311749062587865,False,True,1019,PV+/PNN-,73.88065917,9.698854408967303,0.0,0.0,0.0,False,NONE
1426,753,636,135.84508299,13.151552441468574,2938.0,17.181286549707604,0.0,0.0,0.0,1.8279805335085488,False,True,1020,PV+/PNN-,135.84508299,13.151552441468574,0.0,0.0,0.0,False,NONE
1427,753,398,88.18014159,10.595963539609496,2794.0,25.17117117117117,0.0,0.0,0.0,1.8624713954037682,False,True,1021,PV+/PNN-,88.18014159,10.595963539609496,0.0,0.0,0.0,False,NONE
1428,753,926,76.26390624,9.854045933561641,1582.0,16.479166666666668,0.0,0.0,0.0,1.3859810609284382,False,True,1022,PV+/PNN-,76.26390624,9.854045933561641,0.0,0.0,0.0,False,NONE
1429,753,1348,49.25377278,7.919081463837606,2318.0,37.38709677419355,0.0,0.0,0.0,1.621183130446764,False,True,1023,PV+/PNN-,49.25377278,7.919081463837606,0.0,0.0,0.0,False,NONE
1430,754,1631,61.17000813,8.825195369105852,1823.0,23.675324675324674,0.0,0.0,0.0,1.561436044997207,False,True,1024,PV+/PNN-,61.17000813,8.825195369105852,0.0,0.0,0.0,False,NONE
1431,755,2475,59.58117675,8.70982837718145,2489.0,33.18666666666667,0.0,0.0,0.0,1.7701024303939976,False,True,1025,PV+/PNN-,59.58117675,8.70982837718145,0.0,0.0,0.0,False,NONE
1432,756,421,103.2740397,11.467021901548332,1695.0,13.038461538461538,0.0,0.0,0.0,1.82062139551863,False,True,1026,PV+/PNN-,103.2740397,11.467021901548332,0.0,0.0,0.0,False,NONE
1433,756,491,61.17000813,8.825195369105852,993.0,12.896103896103897,0.0,0.0,0.0,1.995596129025407,False,True,1027,PV+/PNN-,61.17000813,8.825195369105852,0.0,0.0,0.0,False,NONE
1434,755,511,50.84260416,8.045794813057842,605.0,9.453125,0.0,0.0,0.0,1.7627825972699858,False,True,1028,PV+/PNN-,50.84260416,8.045794813057842,0.0,0.0,0.0,False,NONE
1435,757,966,105.65728677,11.598579038183399,2839.0,21.345864661654137,0.0,0.0,0.0,1.8352877493002084,False,True,1029,PV+/PNN-,105.65728677,11.598579038183399,0.0,0.0,0.0,False,NONE
1436,755,1170,60.37559244,8.767701627645716,3942.0,51.86842105263158,0.0,0.0,0.0,1.642451563069455,False,True,1030,PV+/PNN-,60.37559244,8.767701627645716,0.0,0.0,0.0,False,NONE
1437,755,1615,69.11416503,9.380772250595795,1417.0,16.28735632183908,0.0,0.0,0.0,1.7858134995407204,False,True,1031,PV+/PNN-,69.11416503,9.380772250595795,0.0,0.0,0.0,False,NONE
1438,756,2291,75.46949055,9.802588422925686,1216.0,12.8,0.0,0.0,0.0,1.7758763693805604,False,True,1032,PV+/PNN-,75.46949055,9.802588422925686,0.0,0.0,0.0,False,NONE
1439,758,2743,184.30444008,15.318736938146312,10208.0,44.0,0.0,0.0,0.0,1.6639760327304518,False,True,1033,PV+/PNN-,184.30444008,15.318736938146312,0.0,0.0,0.0,False,NONE
1440,758,1950,114.39585936,12.068692219586765,3658.0,25.40277777777778,0.0,0.0,0.0,1.7403907026923118,False,True,1034,PV+/PNN-,114.39585936,12.068692219586765,0.0,0.0,0.0,False,NONE
1441,758,156,73.08624348000001,9.646569098642193,1183.0,12.858695652173912,0.0,0.0,0.0,1.8023628726928906,False,True,1035,PV+/PNN-,73.08624348000001,9.646569098642193,0.0,0.0,0.0,False,NONE
1442,760,359,120.75118488,12.39940255265723,2844.0,18.710526315789473,0.0,0.0,0.0,1.7282803858426803,False,True,1036,PV+/PNN-,120.75118488,12.39940255265723,0.0,0.0,0.0,False,NONE
1443,758,652,71.4974121,9.54113894836179,1494.0,16.6,0.0,0.0,0.0,1.550033860972224,False,True,1037,PV+/PNN-,71.4974121,9.54113894836179,0.0,0.0,0.0,False,NONE
1444,755,1280,30.98221191,6.280746562883805,1134.0,29.076923076923077,0.0,0.0,0.0,1.5756291229616286,False,True,1038,PV+/PNN-,30.98221191,6.280746562883805,0.0,0.0,0.0,False,NONE
1445,757,1648,52.43143554,8.17054325713784,1548.0,23.454545454545453,0.0,0.0,0.0,1.5622382624473699,False,True,1039,PV+/PNN-,52.43143554,8.17054325713784,0.0,0.0,0.0,False,NONE
1446,759,669,88.18014159,10.595963539609496,1777.0,16.00900900900901,0.0,0.0,0.0,1.706875900556483,False,True,1040,PV+/PNN-,88.18014159,10.595963539609496,0.0,0.0,0.0,False,NONE
1447,758,1093,73.08624348000001,9.646569098642193,7767.0,84.42391304347827,0.0,0.0,0.0,1.7862487656504866,False,True,1041,PV+/PNN-,73.08624348000001,9.646569098642193,0.0,0.0,0.0,False,NONE
1448,759,709,69.90858072,9.434530697868027,2690.0,30.568181818181817,0.0,0.0,0.0,1.4656512814477483,False,True,1042,PV+/PNN-,69.90858072,9.434530697868027,0.0,0.0,0.0,False,NONE
1449,758,1408,37.33753743,6.894898778002857,1353.0,28.78723404255319,0.0,0.0,0.0,1.6528273878727944,False,True,1043,PV+/PNN-,37.33753743,6.894898778002857,0.0,0.0,0.0,False,NONE
1450,761,1565,104.06845539,11.51104134134072,2295.0,17.519083969465647,0.0,0.0,0.0,1.8106843943831092,False,True,1044,PV+/PNN-,104.06845539,11.51104134134072,0.0,0.0,0.0,False,NONE
1451,760,432,61.96442382,8.88231697105848,1032.0,13.23076923076923,0.0,0.0,0.0,1.722928588618476,False,True,1045,PV+/PNN-,61.96442382,8.88231697105848,0.0,0.0,0.0,False,NONE
1452,763,2050,104.06845539,11.51104134134072,2949.0,22.51145038167939,0.0,0.0,0.0,1.9725143121310995,False,True,1046,PV+/PNN-,104.06845539,11.51104134134072,0.0,0.0,0.0,False,NONE
1453,762,2345,85.00247883,10.403293586497956,2003.0,18.7196261682243,0.0,0.0,0.0,1.9570357104302836,False,True,1047,PV+/PNN-,85.00247883,10.403293586497956,0.0,0.0,0.0,False,NONE
1454,761,234,53.22585123,8.232208609372499,878.0,13.104477611940299,0.0,0.0,0.0,1.7292120419921861,False,True,1048,PV+/PNN-,53.22585123,8.232208609372499,0.0,0.0,0.0,False,NONE
1455,762,853,68.31974934,9.326703948667076,1372.0,15.953488372093023,0.0,0.0,0.0,1.647985979759906,False,True,1049,PV+/PNN-,68.31974934,9.326703948667076,0.0,0.0,0.0,False,NONE
1456,762,956,54.81468261,8.354173898786094,1572.0,22.782608695652176,0.0,0.0,0.0,1.5652169307188446,False,True,1050,PV+/PNN-,54.81468261,8.354173898786094,0.0,0.0,0.0,False,NONE
1457,764,2604,108.04053384,11.728660627684029,3612.0,26.558823529411764,0.0,0.0,0.0,1.6182118053009469,False,True,1052,PV+/PNN-,108.04053384,11.728660627684029,0.0,0.0,0.0,False,NONE
1458,767,621,123.13443195,12.521167201073583,2410.0,15.548387096774194,0.0,0.0,0.0,1.67809191880168,False,True,1053,PV+/PNN-,123.13443195,12.521167201073583,0.0,0.0,0.0,False,NONE
1459,766,825,124.72326333,12.60169000650996,2445.0,15.573248407643312,0.0,0.0,0.0,1.5887277892316685,False,True,1054,PV+/PNN-,124.72326333,12.60169000650996,0.0,0.0,0.0,False,NONE
1460,764,872,92.15222004,10.83198276817611,1418.0,12.224137931034482,0.0,0.0,0.0,1.6588639711859652,False,True,1055,PV+/PNN-,92.15222004,10.83198276817611,0.0,0.0,0.0,False,NONE
1461,763,889,60.37559244,8.767701627645716,1094.0,14.394736842105264,0.0,0.0,0.0,1.6170930472500926,False,True,1056,PV+/PNN-,60.37559244,8.767701627645716,0.0,0.0,0.0,False,NONE
1462,764,267,46.87052571,7.72511532706782,808.0,13.694915254237289,0.0,0.0,0.0,1.692308984002438,False,True,1057,PV+/PNN-,46.87052571,7.72511532706782,0.0,0.0,0.0,False,NONE
1463,766,1899,138.22833006,13.266415342325757,3994.0,22.95402298850575,0.0,0.0,0.0,1.6895363404528858,False,True,1058,PV+/PNN-,138.22833006,13.266415342325757,0.0,0.0,0.0,False,NONE
1464,766,2363,92.94663573,10.878572156378345,2767.0,23.64957264957265,0.0,0.0,0.0,1.8322152889445238,False,True,1059,PV+/PNN-,92.94663573,10.878572156378345,0.0,0.0,0.0,False,NONE
1465,765,2542,82.61923176,10.256416188536388,5161.0,49.625,0.0,0.0,0.0,1.662108164089197,False,True,1060,PV+/PNN-,82.61923176,10.256416188536388,0.0,0.0,0.0,False,NONE
1466,767,374,96.91871418,11.108588547554572,2599.0,21.30327868852459,0.0,0.0,0.0,1.7522638497323673,False,True,1062,PV+/PNN-,96.91871418,11.108588547554572,0.0,0.0,0.0,False,NONE
1467,767,1530,70.70299641,9.487984557348323,1722.0,19.348314606741575,0.0,0.0,0.0,1.8397964865245426,False,True,1063,PV+/PNN-,70.70299641,9.487984557348323,0.0,0.0,0.0,False,NONE
1468,767,2030,79.441569,10.057243516322302,2094.0,20.94,0.0,0.0,0.0,1.7967873916562187,False,True,1064,PV+/PNN-,79.441569,10.057243516322302,0.0,0.0,0.0,False,NONE
1469,769,507,77.85273762,9.956163126610313,950.0,9.693877551020408,0.0,0.0,0.0,1.7842920526524804,False,True,1065,PV+/PNN-,77.85273762,9.956163126610313,0.0,0.0,0.0,False,NONE
1470,769,1215,110.42378091,11.857315232959936,5201.0,37.41726618705036,0.0,0.0,0.0,1.701672889443394,False,True,1066,PV+/PNN-,110.42378091,11.857315232959936,0.0,0.0,0.0,False,NONE
1471,767,1516,88.18014159,10.595963539609496,2306.0,20.774774774774773,0.0,0.0,0.0,1.7188961533773033,False,True,1067,PV+/PNN-,88.18014159,10.595963539609496,0.0,0.0,0.0,False,NONE
1472,767,1574,59.58117675,8.70982837718145,1618.0,21.573333333333334,0.0,0.0,0.0,1.683129223317129,False,True,1068,PV+/PNN-,59.58117675,8.70982837718145,0.0,0.0,0.0,False,NONE
1473,769,550,50.04818847,7.982689565701676,1123.0,17.825396825396826,0.0,0.0,0.0,1.7507593632356682,False,True,1069,PV+/PNN-,50.04818847,7.982689565701676,0.0,0.0,0.0,False,NONE
1474,769,899,85.79689452,10.451794052617739,1688.0,15.62962962962963,0.0,0.0,0.0,1.6053529936300177,False,True,1070,PV+/PNN-,85.79689452,10.451794052617739,0.0,0.0,0.0,False,NONE
1475,768,1276,53.22585123,8.232208609372499,1987.0,29.65671641791045,0.0,0.0,0.0,1.7424881421226444,False,True,1071,PV+/PNN-,53.22585123,8.232208609372499,0.0,0.0,0.0,False,NONE
1476,770,70,94.53546711,10.971157418634661,1428.0,12.0,0.0,0.0,0.0,1.892364899967965,False,True,1072,PV+/PNN-,94.53546711,10.971157418634661,0.0,0.0,0.0,False,NONE
1477,773,782,104.06845539,11.51104134134072,2638.0,20.137404580152673,0.0,0.0,0.0,1.659039576353524,False,True,1074,PV+/PNN-,104.06845539,11.51104134134072,0.0,0.0,0.0,False,NONE
1478,771,970,65.14208658,9.10722134683339,6188.0,75.46341463414635,0.0,0.0,0.0,1.7265676155434366,False,True,1075,PV+/PNN-,65.14208658,9.10722134683339,0.0,0.0,0.0,False,NONE
1479,773,2628,108.04053384,11.728660627684029,6020.0,44.26470588235294,0.0,0.0,0.0,1.7468402950453132,False,True,1076,PV+/PNN-,108.04053384,11.728660627684029,0.0,0.0,0.0,False,NONE
1480,774,2693,121.54560057,12.440123196106569,4418.0,28.875816993464053,0.0,0.0,0.0,1.727158440446952,False,True,1077,PV+/PNN-,121.54560057,12.440123196106569,0.0,0.0,0.0,False,NONE
1481,774,722,119.1623535,12.317557416952052,3035.0,20.233333333333334,0.0,0.0,0.0,1.6984483677454412,False,True,1078,PV+/PNN-,119.1623535,12.317557416952052,0.0,0.0,0.0,False,NONE
1482,773,2616,63.5532552,8.995472067506276,8948.0,111.85,0.0,0.0,0.0,1.6826350573678286,False,True,1079,PV+/PNN-,63.5532552,8.995472067506276,0.0,0.0,0.0,False,NONE
1483,774,31,109.62936522,11.814586030086609,1746.0,12.652173913043478,0.0,0.0,0.0,1.7569748045234526,False,True,1080,PV+/PNN-,109.62936522,11.814586030086609,0.0,0.0,0.0,False,NONE
1484,772,387,25.42130208,5.689236072348751,972.0,30.375,0.0,0.0,0.0,1.8137434607915883,False,True,1081,PV+/PNN-,25.42130208,5.689236072348751,0.0,0.0,0.0,False,NONE
1485,773,1294,69.11416503,9.380772250595795,4404.0,50.62068965517241,0.0,0.0,0.0,1.705724535343761,False,True,1082,PV+/PNN-,69.11416503,9.380772250595795,0.0,0.0,0.0,False,NONE
1486,772,2468,46.07611002,7.659368469073156,2404.0,41.44827586206897,0.0,0.0,0.0,1.7853874944120132,False,True,1083,PV+/PNN-,46.07611002,7.659368469073156,0.0,0.0,0.0,False,NONE
1487,777,197,102.47962401,11.422832828117684,2232.0,17.302325581395348,0.0,0.0,0.0,1.955403169150265,False,True,1084,PV+/PNN-,102.47962401,11.422832828117684,0.0,0.0,0.0,False,NONE
1488,777,400,100.89079263,11.333937836259333,3015.0,23.74015748031496,0.0,0.0,0.0,1.6500084315026022,False,True,1085,PV+/PNN-,100.89079263,11.333937836259333,0.0,0.0,0.0,False,NONE
1489,776,1103,76.26390624,9.854045933561641,6078.0,63.3125,0.0,0.0,0.0,1.5481292630426289,False,True,1086,PV+/PNN-,76.26390624,9.854045933561641,0.0,0.0,0.0,False,NONE
1490,775,2729,92.15222004,10.83198276817611,4660.0,40.172413793103445,0.0,0.0,0.0,1.4824978479011706,False,True,1087,PV+/PNN-,92.15222004,10.83198276817611,0.0,0.0,0.0,False,NONE
1491,777,424,85.79689452,10.451794052617739,1745.0,16.15740740740741,0.0,0.0,0.0,1.8291003540076944,False,True,1088,PV+/PNN-,85.79689452,10.451794052617739,0.0,0.0,0.0,False,NONE
1492,777,1030,100.09637694,11.289227848029503,6325.0,50.198412698412696,0.0,0.0,0.0,1.4548480864522202,False,True,1089,PV+/PNN-,100.09637694,11.289227848029503,0.0,0.0,0.0,False,NONE
1493,778,936,73.08624348000001,9.646569098642193,2031.0,22.07608695652174,0.0,0.0,0.0,1.576765374099234,False,True,1091,PV+/PNN-,73.08624348000001,9.646569098642193,0.0,0.0,0.0,False,NONE
1494,779,1681,58.78676106,8.651568001725998,1796.0,24.27027027027027,0.0,0.0,0.0,1.6016986883743054,False,True,1092,PV+/PNN-,58.78676106,8.651568001725998,0.0,0.0,0.0,False,NONE
1495,783,1842,164.44404783,14.469853647963289,4128.0,19.942028985507246,0.0,0.0,0.0,1.5222459786057674,False,True,1093,PV+/PNN-,164.44404783,14.469853647963289,0.0,0.0,0.0,False,NONE
1496,780,2511,110.42378091,11.857315232959936,5252.0,37.78417266187051,0.0,0.0,0.0,1.6206154531552726,False,True,1094,PV+/PNN-,110.42378091,11.857315232959936,0.0,0.0,0.0,False,NONE
1497,781,514,84.20806314000001,10.354565948189398,1669.0,15.745283018867925,0.0,0.0,0.0,1.9195549964569403,False,True,1095,PV+/PNN-,84.20806314000001,10.354565948189398,0.0,0.0,0.0,False,NONE
1498,783,484,95.32988280000001,11.017158280424603,2630.0,21.916666666666668,0.0,0.0,0.0,2.0229918549484727,False,True,1096,PV+/PNN-,95.32988280000001,11.017158280424603,0.0,0.0,0.0,False,NONE
1499,779,1416,44.48727864,7.526151898686336,2427.0,43.339285714285715,0.0,0.0,0.0,1.9457784253702863,False,True,1097,PV+/PNN-,44.48727864,7.526151898686336,0.0,0.0,0.0,False,NONE
1500,780,2104,80.23598469,10.107404643036364,1442.0,14.277227722772277,0.0,0.0,0.0,2.0388014957769567,False,True,1098,PV+/PNN-,80.23598469,10.107404643036364,0.0,0.0,0.0,False,NONE
1501,781,2155,97.71312987,11.154022637162193,2810.0,22.84552845528455,0.0,0.0,0.0,1.8832543799557553,False,True,1099,PV+/PNN-,97.71312987,11.154022637162193,0.0,0.0,0.0,False,NONE
1502,784,2791,165.23846352,14.504762875171126,5493.0,26.408653846153847,0.0,0.0,0.0,1.5095819431993651,False,True,1100,PV+/PNN-,165.23846352,14.504762875171126,0.0,0.0,0.0,False,NONE
1503,783,237,110.42378091,11.857315232959936,1607.0,11.56115107913669,0.0,0.0,0.0,1.8200594082326242,False,True,1101,PV+/PNN-,110.42378091,11.857315232959936,0.0,0.0,0.0,False,NONE
1504,783,1471,89.76897297000001,10.690996505268625,2272.0,20.106194690265486,0.0,0.0,0.0,1.5198882803482356,False,True,1102,PV+/PNN-,89.76897297000001,10.690996505268625,0.0,0.0,0.0,False,NONE
1505,784,881,104.06845539,11.51104134134072,2181.0,16.64885496183206,0.0,0.0,0.0,1.4802344924081916,False,True,1103,PV+/PNN-,104.06845539,11.51104134134072,0.0,0.0,0.0,False,NONE
1506,782,923,42.89844726,7.390534450171232,1428.0,26.444444444444443,0.0,0.0,0.0,1.6787915444288257,False,True,1104,PV+/PNN-,42.89844726,7.390534450171232,0.0,0.0,0.0,False,NONE
1507,784,1876,111.2181966,11.899891008124815,2706.0,19.32857142857143,0.0,0.0,0.0,1.6270413880715346,False,True,1105,PV+/PNN-,111.2181966,11.899891008124815,0.0,0.0,0.0,False,NONE
1508,783,2027,69.11416503,9.380772250595795,2397.0,27.551724137931036,0.0,0.0,0.0,1.8786826175988973,False,True,1106,PV+/PNN-,69.11416503,9.380772250595795,0.0,0.0,0.0,False,NONE
1509,782,2432,61.96442382,8.88231697105848,1782.0,22.846153846153847,0.0,0.0,0.0,1.871178373408593,False,True,1107,PV+/PNN-,61.96442382,8.88231697105848,0.0,0.0,0.0,False,NONE
1510,784,438,77.85273762,9.956163126610313,1613.0,16.459183673469386,0.0,0.0,0.0,1.8410202866282905,False,True,1108,PV+/PNN-,77.85273762,9.956163126610313,0.0,0.0,0.0,False,NONE
1511,782,1199,32.57104329,6.439777972112771,1174.0,28.634146341463413,0.0,0.0,0.0,1.6397872537150753,False,True,1109,PV+/PNN-,32.57104329,6.439777972112771,0.0,0.0,0.0,False,NONE
1512,784,2064,86.59131021,10.500070494515816,1978.0,18.146788990825687,0.0,0.0,0.0,1.8986853171284719,False,True,1110,PV+/PNN-,86.59131021,10.500070494515816,0.0,0.0,0.0,False,NONE
1513,786,2442,139.02274575,13.304482609502793,6249.0,35.70857142857143,0.0,0.0,0.0,2.113194789479697,False,True,1111,PV+/PNN-,139.02274575,13.304482609502793,0.0,0.0,0.0,False,NONE
1514,784,1823,62.75883951,8.93907356753593,1794.0,22.70886075949367,0.0,0.0,0.0,1.4571640239180494,False,True,1112,PV+/PNN-,62.75883951,8.93907356753593,0.0,0.0,0.0,False,NONE
1515,785,2300,75.46949055,9.802588422925686,3252.0,34.23157894736842,0.0,0.0,0.0,1.9584576832799676,False,True,1113,PV+/PNN-,75.46949055,9.802588422925686,0.0,0.0,0.0,False,NONE
1516,787,2263,113.60144367,12.026714032504808,2508.0,17.53846153846154,0.0,0.0,0.0,2.117483814222476,False,True,1114,PV+/PNN-,113.60144367,12.026714032504808,0.0,0.0,0.0,False,NONE
1517,787,2380,89.76897297000001,10.690996505268625,4141.0,36.64601769911504,0.0,0.0,0.0,1.89641649481517,False,True,1115,PV+/PNN-,89.76897297000001,10.690996505268625,0.0,0.0,0.0,False,NONE
1518,786,1297,66.73091796,9.217615939230159,2817.0,33.535714285714285,0.0,0.0,0.0,1.717226673818856,False,True,1117,PV+/PNN-,66.73091796,9.217615939230159,0.0,0.0,0.0,False,NONE
1519,788,369,91.35780435,10.78519212710641,2986.0,25.965217391304346,0.0,0.0,0.0,1.5991639828881756,False,True,1119,PV+/PNN-,91.35780435,10.78519212710641,0.0,0.0,0.0,False,NONE
1520,789,2582,142.20040851,13.455674765407588,3836.0,21.43016759776536,0.0,0.0,0.0,1.9616179624323589,False,True,1120,PV+/PNN-,142.20040851,13.455674765407588,0.0,0.0,0.0,False,NONE
1521,789,967,76.26390624,9.854045933561641,5079.0,52.90625,0.0,0.0,0.0,1.782858088960314,False,True,1121,PV+/PNN-,76.26390624,9.854045933561641,0.0,0.0,0.0,False,NONE
1522,788,1515,76.26390624,9.854045933561641,3774.0,39.3125,0.0,0.0,0.0,2.0353460036809823,False,True,1122,PV+/PNN-,76.26390624,9.854045933561641,0.0,0.0,0.0,False,NONE
1523,790,2563,111.2181966,11.899891008124815,8212.0,58.65714285714286,0.0,0.0,0.0,1.6826350573678286,False,True,1123,PV+/PNN-,111.2181966,11.899891008124815,0.0,0.0,0.0,False,NONE
1524,791,498,89.76897297000001,10.690996505268625,1033.0,9.141592920353983,0.0,0.0,0.0,2.217843019360114,False,True,1124,PV+/PNN-,89.76897297000001,10.690996505268625,0.0,0.0,0.0,False,NONE
1525,787,710,33.36545898,6.517838737002854,764.0,18.19047619047619,0.0,0.0,0.0,1.5142656589276242,False,True,1125,PV+/PNN-,33.36545898,6.517838737002854,0.0,0.0,0.0,False,NONE
1526,791,21,87.3857259,10.548125988120718,1503.0,13.663636363636364,0.0,0.0,0.0,1.5963806371263058,False,True,1126,PV+/PNN-,87.3857259,10.548125988120718,0.0,0.0,0.0,False,NONE
1527,793,69,168.41612628000001,14.643567596416075,5171.0,24.391509433962263,0.0,0.0,0.0,2.131090656357933,False,True,1127,PV+/PNN-,168.41612628000001,14.643567596416075,0.0,0.0,0.0,False,NONE
1528,791,1435,96.12429849,11.062967867954534,4806.0,39.71900826446281,0.0,0.0,0.0,1.7906368633946785,False,True,1128,PV+/PNN-,96.12429849,11.062967867954534,0.0,0.0,0.0,False,NONE
1529,791,1581,113.60144367,12.026714032504808,3805.0,26.60839160839161,0.0,0.0,0.0,1.7478960640289325,False,True,1129,PV+/PNN-,113.60144367,12.026714032504808,0.0,0.0,0.0,False,NONE
1530,791,2619,71.4974121,9.54113894836179,6644.0,73.82222222222222,0.0,0.0,0.0,1.4882631173096752,False,True,1130,PV+/PNN-,71.4974121,9.54113894836179,0.0,0.0,0.0,False,NONE
1531,792,306,113.60144367,12.026714032504808,2512.0,17.566433566433567,0.0,0.0,0.0,1.8417184802772235,False,True,1131,PV+/PNN-,113.60144367,12.026714032504808,0.0,0.0,0.0,False,NONE
1532,793,434,77.05832193,9.90523612702942,1998.0,20.5979381443299,0.0,0.0,0.0,1.7728840242941835,False,True,1132,PV+/PNN-,77.05832193,9.90523612702942,0.0,0.0,0.0,False,NONE
1533,793,698,116.77910643,12.193759728054031,2569.0,17.476190476190474,0.0,0.0,0.0,1.7124362896164544,False,True,1133,PV+/PNN-,116.77910643,12.193759728054031,0.0,0.0,0.0,False,NONE
1534,793,1126,101.68520832,11.378472144697502,8800.0,68.75,0.0,0.0,0.0,1.5589391431835746,False,True,1135,PV+/PNN-,101.68520832,11.378472144697502,0.0,0.0,0.0,False,NONE
1535,793,1175,78.64715331000001,10.006830950662698,6832.0,69.01010101010101,0.0,0.0,0.0,1.5281707613971158,False,True,1136,PV+/PNN-,78.64715331000001,10.006830950662698,0.0,0.0,0.0,False,NONE
1536,793,1391,97.71312987,11.154022637162193,3005.0,24.43089430894309,0.0,0.0,0.0,1.7651366652449303,False,True,1137,PV+/PNN-,97.71312987,11.154022637162193,0.0,0.0,0.0,False,NONE
1537,794,1421,103.2740397,11.467021901548332,11004.0,84.64615384615385,0.0,0.0,0.0,2.270502473208639,False,True,1138,PV+/PNN-,103.2740397,11.467021901548332,0.0,0.0,0.0,False,NONE
1538,796,2103,110.42378091,11.857315232959936,2087.0,15.014388489208633,0.0,0.0,0.0,2.066431352739941,False,True,1139,PV+/PNN-,110.42378091,11.857315232959936,0.0,0.0,0.0,False,NONE
1539,793,2654,67.52533365000001,9.272320371655413,3804.0,44.752941176470586,0.0,0.0,0.0,1.7005122372984016,False,True,1140,PV+/PNN-,67.52533365000001,9.272320371655413,0.0,0.0,0.0,False,NONE
1540,795,355,96.12429849,11.062967867954534,2655.0,21.94214876033058,0.0,0.0,0.0,1.8188165745531304,False,True,1141,PV+/PNN-,96.12429849,11.062967867954534,0.0,0.0,0.0,False,NONE
1541,795,795,94.53546711,10.971157418634661,3761.0,31.605042016806724,0.0,0.0,0.0,1.5173801502047275,False,True,1142,PV+/PNN-,94.53546711,10.971157418634661,0.0,0.0,0.0,False,NONE
1542,795,2077,62.75883951,8.93907356753593,1583.0,20.037974683544302,0.0,0.0,0.0,1.971346821797696,False,True,1143,PV+/PNN-,62.75883951,8.93907356753593,0.0,0.0,0.0,False,NONE
1543,797,331,110.42378091,11.857315232959936,2297.0,16.52517985611511,0.0,0.0,0.0,1.8835188484845087,False,True,1144,PV+/PNN-,110.42378091,11.857315232959936,0.0,0.0,0.0,False,NONE
1544,798,659,139.81716144,13.342441267550265,3142.0,17.852272727272727,0.0,0.0,0.0,1.536828024713458,False,True,1145,PV+/PNN-,139.81716144,13.342441267550265,0.0,0.0,0.0,False,NONE
1545,797,1671,92.94663573,10.878572156378345,3675.0,31.41025641025641,0.0,0.0,0.0,1.6332818170466743,False,True,1146,PV+/PNN-,92.94663573,10.878572156378345,0.0,0.0,0.0,False,NONE
1546,797,1924,69.11416503,9.380772250595795,2613.0,30.03448275862069,0.0,0.0,0.0,1.64267577629509,False,True,1147,PV+/PNN-,69.11416503,9.380772250595795,0.0,0.0,0.0,False,NONE
1547,797,2328,92.15222004,10.83198276817611,1625.0,14.008620689655173,0.0,0.0,0.0,2.028210417775136,False,True,1148,PV+/PNN-,92.15222004,10.83198276817611,0.0,0.0,0.0,False,NONE
1548,799,2817,176.36028318,14.984955344126572,5864.0,26.414414414414413,0.0,0.0,0.0,1.5599616994131238,False,True,1149,PV+/PNN-,176.36028318,14.984955344126572,0.0,0.0,0.0,False,NONE
1549,799,747,103.2740397,11.467021901548332,2310.0,17.76923076923077,0.0,0.0,0.0,1.4488565505834132,False,True,1150,PV+/PNN-,103.2740397,11.467021901548332,0.0,0.0,0.0,False,NONE
1550,801,568,76.26390624,9.854045933561641,1169.0,12.177083333333334,0.0,0.0,0.0,1.5674326204371751,False,True,1151,PV+/PNN-,76.26390624,9.854045933561641,0.0,0.0,0.0,False,NONE
1551,799,1880,50.84260416,8.045794813057842,1572.0,24.5625,0.0,0.0,0.0,1.6307476326912878,False,True,1153,PV+/PNN-,50.84260416,8.045794813057842,0.0,0.0,0.0,False,NONE
1552,802,2634,131.87300454,12.957851838301272,6897.0,41.54819277108434,0.0,0.0,0.0,1.7602429266344621,False,True,1154,PV+/PNN-,131.87300454,12.957851838301272,0.0,0.0,0.0,False,NONE
1553,801,960,62.75883951,8.93907356753593,5884.0,74.48101265822785,0.0,0.0,0.0,1.6757855419946144,False,True,1155,PV+/PNN-,62.75883951,8.93907356753593,0.0,0.0,0.0,False,NONE
1554,800,1201,81.82481607,10.206987389088184,3937.0,38.22330097087379,0.0,0.0,0.0,1.4875354619474368,False,True,1156,PV+/PNN-,81.82481607,10.206987389088184,0.0,0.0,0.0,False,NONE
1555,803,150,131.07858885,12.91876320674319,3165.0,19.181818181818183,0.0,0.0,0.0,1.6572528972446723,False,True,1158,PV+/PNN-,131.07858885,12.91876320674319,0.0,0.0,0.0,False,NONE
1556,803,890,72.29182779,9.593998848416254,1700.0,18.681318681318682,0.0,0.0,0.0,1.3529829260240902,False,True,1159,PV+/PNN-,72.29182779,9.593998848416254,0.0,0.0,0.0,False,NONE
1557,808,604,118.36793781,12.276430232296539,2928.0,19.651006711409394,0.0,0.0,0.0,1.6516418976617069,False,True,1160,PV+/PNN-,118.36793781,12.276430232296539,0.0,0.0,0.0,False,NONE
1558,805,828,72.29182779,9.593998848416254,4277.0,47.0,0.0,0.0,0.0,1.4409553257896541,False,True,1162,PV+/PNN-,72.29182779,9.593998848416254,0.0,0.0,0.0,False,NONE
1559,807,2543,85.00247883,10.403293586497956,3165.0,29.57943925233645,0.0,0.0,0.0,1.8711339659724586,False,True,1163,PV+/PNN-,85.00247883,10.403293586497956,0.0,0.0,0.0,False,NONE
1560,807,927,66.73091796,9.217615939230159,3509.0,41.773809523809526,0.0,0.0,0.0,1.6439842206189765,False,True,1164,PV+/PNN-,66.73091796,9.217615939230159,0.0,0.0,0.0,False,NONE
1561,809,1936,109.62936522,11.814586030086609,6727.0,48.7463768115942,0.0,0.0,0.0,2.327414193824555,False,True,1165,PV+/PNN-,109.62936522,11.814586030086609,0.0,0.0,0.0,False,NONE
1562,811,191,150.14456541,13.82642390884524,3098.0,16.391534391534393,0.0,0.0,0.0,2.012353560206589,False,True,1166,PV+/PNN-,150.14456541,13.82642390884524,0.0,0.0,0.0,False,NONE
1563,808,1503,78.64715331000001,10.006830950662698,1226.0,12.383838383838384,0.0,0.0,0.0,1.7565353288768415,False,True,1167,PV+/PNN-,78.64715331000001,10.006830950662698,0.0,0.0,0.0,False,NONE
1564,810,2519,110.42378091,11.857315232959936,2868.0,20.633093525179856,0.0,0.0,0.0,1.863787762019637,False,True,1168,PV+/PNN-,110.42378091,11.857315232959936,0.0,0.0,0.0,False,NONE
1565,809,2588,98.50754556,11.199272407696524,2951.0,23.798387096774192,0.0,0.0,0.0,1.550047145003119,False,True,1169,PV+/PNN-,98.50754556,11.199272407696524,0.0,0.0,0.0,False,NONE
1566,810,627,91.35780435,10.78519212710641,2056.0,17.878260869565217,0.0,0.0,0.0,1.5804716187189871,False,True,1170,PV+/PNN-,91.35780435,10.78519212710641,0.0,0.0,0.0,False,NONE
1567,810,708,95.32988280000001,11.017158280424603,2641.0,22.008333333333333,0.0,0.0,0.0,1.6554559301563072,False,True,1171,PV+/PNN-,95.32988280000001,11.017158280424603,0.0,0.0,0.0,False,NONE
1568,812,1159,115.98469074,12.152213577535832,7520.0,51.50684931506849,0.0,0.0,0.0,1.7855975791330196,False,True,1172,PV+/PNN-,115.98469074,12.152213577535832,0.0,0.0,0.0,False,NONE
1569,813,309,88.18014159,10.595963539609496,1999.0,18.00900900900901,0.0,0.0,0.0,1.8738238564012093,False,True,1173,PV+/PNN-,88.18014159,10.595963539609496,0.0,0.0,0.0,False,NONE
1570,812,2490,75.46949055,9.802588422925686,2968.0,31.242105263157896,0.0,0.0,0.0,1.7150159314140911,False,True,1174,PV+/PNN-,75.46949055,9.802588422925686,0.0,0.0,0.0,False,NONE
1571,814,2441,106.45170246,11.642101063659146,4022.0,30.01492537313433,0.0,0.0,0.0,1.6832988623743517,False,True,1175,PV+/PNN-,106.45170246,11.642101063659146,0.0,0.0,0.0,False,NONE
1572,814,2570,98.50754556,11.199272407696524,3304.0,26.64516129032258,0.0,0.0,0.0,1.5972718748354546,False,True,1176,PV+/PNN-,98.50754556,11.199272407696524,0.0,0.0,0.0,False,NONE
1573,818,62,186.68768715,15.41746236559462,4105.0,17.46808510638298,0.0,0.0,0.0,1.8632159122451522,False,True,1177,PV+/PNN-,186.68768715,15.41746236559462,0.0,0.0,0.0,False,NONE
1574,813,1006,45.28169433,7.593052342343362,7644.0,134.10526315789474,0.0,0.0,0.0,1.7230786390079396,False,True,1178,PV+/PNN-,45.28169433,7.593052342343362,0.0,0.0,0.0,False,NONE
1575,813,1350,82.61923176,10.256416188536388,1937.0,18.625,0.0,0.0,0.0,1.6200565424420004,False,True,1180,PV+/PNN-,82.61923176,10.256416188536388,0.0,0.0,0.0,False,NONE
1576,813,1853,77.85273762,9.956163126610313,3193.0,32.58163265306123,0.0,0.0,0.0,1.4726649540120302,False,True,1181,PV+/PNN-,77.85273762,9.956163126610313,0.0,0.0,0.0,False,NONE
1577,818,161,166.8272949,14.574330482319752,4229.0,20.13809523809524,0.0,0.0,0.0,1.917363883285514,False,True,1183,PV+/PNN-,166.8272949,14.574330482319752,0.0,0.0,0.0,False,NONE
1578,814,443,47.664941400000004,7.7903073294937615,1034.0,17.233333333333334,0.0,0.0,0.0,1.713520429199103,False,True,1184,PV+/PNN-,47.664941400000004,7.7903073294937615,0.0,0.0,0.0,False,NONE
1579,815,677,88.18014159,10.595963539609496,2614.0,23.54954954954955,0.0,0.0,0.0,1.692852272265526,False,True,1185,PV+/PNN-,88.18014159,10.595963539609496,0.0,0.0,0.0,False,NONE
1580,816,355,106.45170246,11.642101063659146,4804.0,35.850746268656714,0.0,0.0,0.0,1.7872949800629412,False,True,1186,PV+/PNN-,106.45170246,11.642101063659146,0.0,0.0,0.0,False,NONE
1581,817,718,87.3857259,10.548125988120718,3998.0,36.345454545454544,0.0,0.0,0.0,1.53034209662889,False,True,1187,PV+/PNN-,87.3857259,10.548125988120718,0.0,0.0,0.0,False,NONE
1582,814,1102,54.02026692,8.293415464071046,3227.0,47.455882352941174,0.0,0.0,0.0,1.5925951145467723,False,True,1188,PV+/PNN-,54.02026692,8.293415464071046,0.0,0.0,0.0,False,NONE
1583,816,1566,140.61157713,13.380292240810528,3547.0,20.03954802259887,0.0,0.0,0.0,1.7367001624989138,False,True,1189,PV+/PNN-,140.61157713,13.380292240810528,0.0,0.0,0.0,False,NONE
1584,820,22,184.30444008,15.318736938146312,2883.0,12.426724137931034,0.0,0.0,0.0,1.9064794522470443,False,True,1190,PV+/PNN-,184.30444008,15.318736938146312,0.0,0.0,0.0,False,NONE
1585,817,569,74.67507486,9.75085936304132,1300.0,13.829787234042554,0.0,0.0,0.0,1.8799334411682929,False,True,1191,PV+/PNN-,74.67507486,9.75085936304132,0.0,0.0,0.0,False,NONE
1586,817,774,104.86287108,11.554893086200376,9110.0,69.01515151515152,0.0,0.0,0.0,1.5818925899763627,False,True,1192,PV+/PNN-,104.86287108,11.554893086200376,0.0,0.0,0.0,False,NONE
1587,816,1091,75.46949055,9.802588422925686,5045.0,53.10526315789474,0.0,0.0,0.0,1.4942017782793378,False,True,1193,PV+/PNN-,75.46949055,9.802588422925686,0.0,0.0,0.0,False,NONE
1588,821,499,71.4974121,9.54113894836179,1428.0,15.866666666666667,0.0,0.0,0.0,1.7649960489178935,False,True,1195,PV+/PNN-,71.4974121,9.54113894836179,0.0,0.0,0.0,False,NONE
1589,821,541,84.20806314000001,10.354565948189398,1758.0,16.58490566037736,0.0,0.0,0.0,1.71955764527782,False,True,1196,PV+/PNN-,84.20806314000001,10.354565948189398,0.0,0.0,0.0,False,NONE
1590,818,850,61.96442382,8.88231697105848,2254.0,28.897435897435898,0.0,0.0,0.0,1.5404673150306394,False,True,1197,PV+/PNN-,61.96442382,8.88231697105848,0.0,0.0,0.0,False,NONE
1591,821,1232,102.47962401,11.422832828117684,3003.0,23.27906976744186,0.0,0.0,0.0,1.8019818802395624,False,True,1198,PV+/PNN-,102.47962401,11.422832828117684,0.0,0.0,0.0,False,NONE
1592,820,2001,71.4974121,9.54113894836179,2850.0,31.666666666666668,0.0,0.0,0.0,1.9041861246375036,False,True,1199,PV+/PNN-,71.4974121,9.54113894836179,0.0,0.0,0.0,False,NONE
1593,820,2104,80.23598469,10.107404643036364,2603.0,25.77227722772277,0.0,0.0,0.0,1.9008264485465505,False,True,1200,PV+/PNN-,80.23598469,10.107404643036364,0.0,0.0,0.0,False,NONE
1594,819,1602,41.30961588,7.252381437585563,1650.0,31.73076923076923,0.0,0.0,0.0,1.6948941741870116,False,True,1201,PV+/PNN-,41.30961588,7.252381437585563,0.0,0.0,0.0,False,NONE
1595,825,2563,147.76131834,13.716251444643651,5125.0,27.553763440860216,0.0,0.0,0.0,1.7491083479672682,False,True,1202,PV+/PNN-,147.76131834,13.716251444643651,0.0,0.0,0.0,False,NONE
1596,821,2589,96.12429849,11.062967867954534,3562.0,29.43801652892562,0.0,0.0,0.0,1.6577021390167634,False,True,1203,PV+/PNN-,96.12429849,11.062967867954534,0.0,0.0,0.0,False,NONE
1597,823,440,86.59131021,10.500070494515816,2273.0,20.853211009174313,0.0,0.0,0.0,1.8980052722441134,False,True,1204,PV+/PNN-,86.59131021,10.500070494515816,0.0,0.0,0.0,False,NONE
1598,821,521,53.22585123,8.232208609372499,1077.0,16.074626865671643,0.0,0.0,0.0,1.6108334824956003,False,True,1205,PV+/PNN-,53.22585123,8.232208609372499,0.0,0.0,0.0,False,NONE
1599,823,1186,69.11416503,9.380772250595795,3497.0,40.195402298850574,0.0,0.0,0.0,1.6392677352654323,False,True,1208,PV+/PNN-,69.11416503,9.380772250595795,0.0,0.0,0.0,False,NONE
1600,822,1205,94.53546711,10.971157418634661,3838.0,32.252100840336134,0.0,0.0,0.0,1.5827844670238969,False,True,1209,PV+/PNN-,94.53546711,10.971157418634661,0.0,0.0,0.0,False,NONE
1601,825,1165,112.01261229,11.942314996545514,12902.0,91.50354609929079,0.0,0.0,0.0,1.949852665909731,False,True,1210,PV+/PNN-,112.01261229,11.942314996545514,0.0,0.0,0.0,False,NONE
1602,825,2530,79.441569,10.057243516322302,5045.0,50.45,0.0,0.0,0.0,1.701907529390544,False,True,1211,PV+/PNN-,79.441569,10.057243516322302,0.0,0.0,0.0,False,NONE
1603,827,474,115.98469074,12.152213577535832,2237.0,15.321917808219178,0.0,0.0,0.0,1.842968215027825,False,True,1212,PV+/PNN-,115.98469074,12.152213577535832,0.0,0.0,0.0,False,NONE
1604,828,2128,111.2181966,11.899891008124815,2041.0,14.57857142857143,0.0,0.0,0.0,1.960603403849298,False,True,1214,PV+/PNN-,111.2181966,11.899891008124815,0.0,0.0,0.0,False,NONE
1605,827,2271,99.30196125,11.244340084382843,2952.0,23.616,0.0,0.0,0.0,1.9776521291001616,False,True,1215,PV+/PNN-,99.30196125,11.244340084382843,0.0,0.0,0.0,False,NONE
1606,831,2509,179.53794594000001,15.119352253034252,7354.0,32.53982300884956,0.0,0.0,0.0,1.682241473868386,False,True,1216,PV+/PNN-,179.53794594000001,15.119352253034252,0.0,0.0,0.0,False,NONE
1607,827,621,90.56338866,10.738197602350779,2110.0,18.50877192982456,0.0,0.0,0.0,1.6665096421801318,False,True,1217,PV+/PNN-,90.56338866,10.738197602350779,0.0,0.0,0.0,False,NONE
1608,828,1019,81.03040038,10.157318055940708,8506.0,83.3921568627451,0.0,0.0,0.0,1.590778327968462,False,True,1218,PV+/PNN-,81.03040038,10.157318055940708,0.0,0.0,0.0,False,NONE
1609,826,1110,61.17000813,8.825195369105852,2528.0,32.83116883116883,0.0,0.0,0.0,1.5364068605521222,False,True,1219,PV+/PNN-,61.17000813,8.825195369105852,0.0,0.0,0.0,False,NONE
1610,828,2314,99.30196125,11.244340084382843,3268.0,26.144,0.0,0.0,0.0,1.9219102100190777,False,True,1221,PV+/PNN-,99.30196125,11.244340084382843,0.0,0.0,0.0,False,NONE
1611,824,2733,34.15987467,6.594975608221839,3671.0,85.37209302325581,0.0,0.0,0.0,1.8720844916519432,False,True,1222,PV+/PNN-,34.15987467,6.594975608221839,0.0,0.0,0.0,False,NONE
1612,830,128,136.63949868,13.189951216443678,5268.0,30.627906976744185,0.0,0.0,0.0,1.5958399798773357,False,True,1223,PV+/PNN-,136.63949868,13.189951216443678,0.0,0.0,0.0,False,NONE
1613,826,1127,63.5532552,8.995472067506276,3393.0,42.4125,0.0,0.0,0.0,1.5834930137894379,False,True,1224,PV+/PNN-,63.5532552,8.995472067506276,0.0,0.0,0.0,False,NONE
1614,830,1596,114.39585936,12.068692219586765,6478.0,44.986111111111114,0.0,0.0,0.0,2.3699375318531213,False,True,1225,PV+/PNN-,114.39585936,12.068692219586765,0.0,0.0,0.0,False,NONE
1615,830,610,123.13443195,12.521167201073583,3631.0,23.425806451612903,0.0,0.0,0.0,1.8818158166100343,False,True,1226,PV+/PNN-,123.13443195,12.521167201073583,0.0,0.0,0.0,False,NONE
1616,829,547,43.69286295,7.4586514150102134,890.0,16.181818181818183,0.0,0.0,0.0,1.8463836832950944,False,True,1227,PV+/PNN-,43.69286295,7.4586514150102134,0.0,0.0,0.0,False,NONE
1617,830,968,92.94663573,10.878572156378345,7023.0,60.02564102564103,0.0,0.0,0.0,1.6820648658878667,False,True,1228,PV+/PNN-,92.94663573,10.878572156378345,0.0,0.0,0.0,False,NONE
1618,827,992,42.89844726,7.390534450171232,4044.0,74.88888888888889,0.0,0.0,0.0,1.6568286133488082,False,True,1229,PV+/PNN-,42.89844726,7.390534450171232,0.0,0.0,0.0,False,NONE
1619,832,1276,76.26390624,9.854045933561641,2998.0,31.229166666666668,0.0,0.0,0.0,1.5002569367041534,False,True,1230,PV+/PNN-,76.26390624,9.854045933561641,0.0,0.0,0.0,False,NONE
1620,831,1640,96.12429849,11.062967867954534,3742.0,30.925619834710744,0.0,0.0,0.0,1.7869612488957498,False,True,1231,PV+/PNN-,96.12429849,11.062967867954534,0.0,0.0,0.0,False,NONE
1621,832,2231,92.94663573,10.878572156378345,2942.0,25.145299145299145,0.0,0.0,0.0,2.0393848599973796,False,True,1232,PV+/PNN-,92.94663573,10.878572156378345,0.0,0.0,0.0,False,NONE
1622,832,36,114.39585936,12.068692219586765,2381.0,16.53472222222222,0.0,0.0,0.0,1.6333214136772272,False,True,1233,PV+/PNN-,114.39585936,12.068692219586765,0.0,0.0,0.0,False,NONE
1623,832,2764,97.71312987,11.154022637162193,7460.0,60.65040650406504,0.0,0.0,0.0,1.51443784218522,False,True,1235,PV+/PNN-,97.71312987,11.154022637162193,0.0,0.0,0.0,False,NONE
1624,833,224,83.41364745,10.305607915302103,1795.0,17.095238095238095,0.0,0.0,0.0,1.7804093201936915,False,True,1236,PV+/PNN-,83.41364745,10.305607915302103,0.0,0.0,0.0,False,NONE
1625,834,832,100.89079263,11.333937836259333,8535.0,67.20472440944881,0.0,0.0,0.0,1.5653776488468267,False,True,1237,PV+/PNN-,100.89079263,11.333937836259333,0.0,0.0,0.0,False,NONE
1626,832,2351,67.52533365000001,9.272320371655413,2204.0,25.929411764705883,0.0,0.0,0.0,1.8984693028710875,False,True,1238,PV+/PNN-,67.52533365000001,9.272320371655413,0.0,0.0,0.0,False,NONE
1627,834,1511,118.36793781,12.276430232296539,5176.0,34.738255033557046,0.0,0.0,0.0,1.6839782601159272,False,True,1240,PV+/PNN-,118.36793781,12.276430232296539,0.0,0.0,0.0,False,NONE
1628,834,1626,88.18014159,10.595963539609496,4570.0,41.171171171171174,0.0,0.0,0.0,1.9372640796222056,False,True,1241,PV+/PNN-,88.18014159,10.595963539609496,0.0,0.0,0.0,False,NONE
1629,834,428,53.22585123,8.232208609372499,1260.0,18.80597014925373,0.0,0.0,0.0,1.6927027666334262,False,True,1242,PV+/PNN-,53.22585123,8.232208609372499,0.0,0.0,0.0,False,NONE
1630,835,1002,68.31974934,9.326703948667076,4654.0,54.116279069767444,0.0,0.0,0.0,1.6540194012339222,False,True,1243,PV+/PNN-,68.31974934,9.326703948667076,0.0,0.0,0.0,False,NONE
1631,837,2362,118.36793781,12.276430232296539,3469.0,23.28187919463087,0.0,0.0,0.0,1.741188747534932,False,True,1245,PV+/PNN-,118.36793781,12.276430232296539,0.0,0.0,0.0,False,NONE
1632,838,149,148.55573403,13.753073662427433,5448.0,29.13368983957219,0.0,0.0,0.0,1.7258811844282613,False,True,1246,PV+/PNN-,148.55573403,13.753073662427433,0.0,0.0,0.0,False,NONE
1633,837,196,96.12429849,11.062967867954534,2346.0,19.388429752066116,0.0,0.0,0.0,1.612982162613133,False,True,1247,PV+/PNN-,96.12429849,11.062967867954534,0.0,0.0,0.0,False,NONE
1634,838,2107,105.65728677,11.598579038183399,2350.0,17.669172932330827,0.0,0.0,0.0,1.896594051281084,False,True,1248,PV+/PNN-,105.65728677,11.598579038183399,0.0,0.0,0.0,False,NONE
1635,840,1768,134.25625161,13.074416571218995,4799.0,28.39644970414201,0.0,0.0,0.0,1.619782411922788,False,True,1249,PV+/PNN-,134.25625161,13.074416571218995,0.0,0.0,0.0,False,NONE
1636,841,617,90.56338866,10.738197602350779,3103.0,27.219298245614034,0.0,0.0,0.0,1.5566227402962292,False,True,1250,PV+/PNN-,90.56338866,10.738197602350779,0.0,0.0,0.0,False,NONE
1637,838,1137,81.82481607,10.206987389088184,7282.0,70.69902912621359,0.0,0.0,0.0,1.6048399033104903,False,True,1251,PV+/PNN-,81.82481607,10.206987389088184,0.0,0.0,0.0,False,NONE
1638,839,1168,92.15222004,10.83198276817611,4015.0,34.61206896551724,0.0,0.0,0.0,1.6141334326717056,False,True,1252,PV+/PNN-,92.15222004,10.83198276817611,0.0,0.0,0.0,False,NONE
1639,841,507,94.53546711,10.971157418634661,1972.0,16.571428571428573,0.0,0.0,0.0,1.9602608098088166,False,True,1253,PV+/PNN-,94.53546711,10.971157418634661,0.0,0.0,0.0,False,NONE
1640,839,574,50.04818847,7.982689565701676,1011.0,16.047619047619047,0.0,0.0,0.0,1.5601524970769463,False,True,1254,PV+/PNN-,50.04818847,7.982689565701676,0.0,0.0,0.0,False,NONE
1641,839,1089,92.94663573,10.878572156378345,8077.0,69.03418803418803,0.0,0.0,0.0,1.5800639455835552,False,True,1255,PV+/PNN-,92.94663573,10.878572156378345,0.0,0.0,0.0,False,NONE
1642,839,1149,66.73091796,9.217615939230159,3456.0,41.142857142857146,0.0,0.0,0.0,1.6298651934961084,False,True,1256,PV+/PNN-,66.73091796,9.217615939230159,0.0,0.0,0.0,False,NONE
1643,837,1215,42.104031570000004,7.321783798208037,1186.0,22.37735849056604,0.0,0.0,0.0,1.486693596527306,False,True,1257,PV+/PNN-,42.104031570000004,7.321783798208037,0.0,0.0,0.0,False,NONE
1644,842,633,110.42378091,11.857315232959936,3876.0,27.884892086330936,0.0,0.0,0.0,1.787529779195944,False,True,1258,PV+/PNN-,110.42378091,11.857315232959936,0.0,0.0,0.0,False,NONE
1645,843,1348,108.04053384,11.728660627684029,2993.0,22.00735294117647,0.0,0.0,0.0,1.654729215524983,False,True,1259,PV+/PNN-,108.04053384,11.728660627684029,0.0,0.0,0.0,False,NONE
1646,841,1364,79.441569,10.057243516322302,2390.0,23.9,0.0,0.0,0.0,1.5677414741554878,False,True,1260,PV+/PNN-,79.441569,10.057243516322302,0.0,0.0,0.0,False,NONE
1647,843,2201,112.01261229,11.942314996545514,3287.0,23.31205673758865,0.0,0.0,0.0,2.3646366382480375,False,True,1261,PV+/PNN-,112.01261229,11.942314996545514,0.0,0.0,0.0,False,NONE
1648,845,324,99.30196125,11.244340084382843,7745.0,61.96,0.0,0.0,0.0,1.7997523873520211,False,True,1262,PV+/PNN-,99.30196125,11.244340084382843,0.0,0.0,0.0,False,NONE
1649,843,490,63.5532552,8.995472067506276,1724.0,21.55,0.0,0.0,0.0,1.735449043199308,False,True,1263,PV+/PNN-,63.5532552,8.995472067506276,0.0,0.0,0.0,False,NONE
1650,844,1698,69.11416503,9.380772250595795,1935.0,22.24137931034483,0.0,0.0,0.0,1.5608827915833015,False,True,1264,PV+/PNN-,69.11416503,9.380772250595795,0.0,0.0,0.0,False,NONE
1651,846,2637,135.84508299,13.151552441468574,11126.0,65.06432748538012,0.0,0.0,0.0,1.8310148858288142,False,True,1265,PV+/PNN-,135.84508299,13.151552441468574,0.0,0.0,0.0,False,NONE
1652,845,882,55.6090983,8.414493627225879,3684.0,52.628571428571426,0.0,0.0,0.0,1.5597995213988747,False,True,1266,PV+/PNN-,55.6090983,8.414493627225879,0.0,0.0,0.0,False,NONE
1653,846,2416,92.15222004,10.83198276817611,2020.0,17.413793103448278,0.0,0.0,0.0,1.6454448096316872,False,True,1267,PV+/PNN-,92.15222004,10.83198276817611,0.0,0.0,0.0,False,NONE
1654,846,282,65.14208658,9.10722134683339,2233.0,27.23170731707317,0.0,0.0,0.0,1.6506347989436205,False,True,1268,PV+/PNN-,65.14208658,9.10722134683339,0.0,0.0,0.0,False,NONE
1655,848,2066,164.44404783,14.469853647963289,10511.0,50.77777777777778,0.0,0.0,0.0,1.8330691988903605,False,True,1269,PV+/PNN-,164.44404783,14.469853647963289,0.0,0.0,0.0,False,NONE
1656,848,659,88.97455728,10.643586087602236,3020.0,26.964285714285715,0.0,0.0,0.0,1.788263029030787,False,True,1270,PV+/PNN-,88.97455728,10.643586087602236,0.0,0.0,0.0,False,NONE
1657,848,1105,87.3857259,10.548125988120718,7289.0,66.26363636363637,0.0,0.0,0.0,1.7325008940699589,False,True,1271,PV+/PNN-,87.3857259,10.548125988120718,0.0,0.0,0.0,False,NONE
1658,848,431,73.88065917,9.698854408967303,1801.0,19.365591397849464,0.0,0.0,0.0,1.7909530452870592,False,True,1272,PV+/PNN-,73.88065917,9.698854408967303,0.0,0.0,0.0,False,NONE
1659,848,1234,68.31974934,9.326703948667076,1414.0,16.441860465116278,0.0,0.0,0.0,1.6152331203295314,False,True,1273,PV+/PNN-,68.31974934,9.326703948667076,0.0,0.0,0.0,False,NONE
1660,850,1981,115.19027505,12.11052490037406,4090.0,28.20689655172414,0.0,0.0,0.0,1.8306292390807213,False,True,1274,PV+/PNN-,115.19027505,12.11052490037406,0.0,0.0,0.0,False,NONE
1661,850,1183,71.4974121,9.54113894836179,2886.0,32.06666666666667,0.0,0.0,0.0,1.6010976757332644,False,True,1275,PV+/PNN-,71.4974121,9.54113894836179,0.0,0.0,0.0,False,NONE
1662,849,1509,58.78676106,8.651568001725998,3911.0,52.851351351351354,0.0,0.0,0.0,1.6417661977770397,False,True,1276,PV+/PNN-,58.78676106,8.651568001725998,0.0,0.0,0.0,False,NONE
1663,851,1825,100.09637694,11.289227848029503,2404.0,19.07936507936508,0.0,0.0,0.0,1.4254334466129113,False,True,1277,PV+/PNN-,100.09637694,11.289227848029503,0.0,0.0,0.0,False,NONE
1664,853,1674,124.72326333,12.60169000650996,3592.0,22.878980891719745,0.0,0.0,0.0,1.762944893013685,False,True,1278,PV+/PNN-,124.72326333,12.60169000650996,0.0,0.0,0.0,False,NONE
1665,854,2378,106.45170246,11.642101063659146,9019.0,67.30597014925372,0.0,0.0,0.0,1.845377918133696,False,True,1279,PV+/PNN-,106.45170246,11.642101063659146,0.0,0.0,0.0,False,NONE
1666,853,77,72.29182779,9.593998848416254,1637.0,17.98901098901099,0.0,0.0,0.0,1.664959121489007,False,True,1280,PV+/PNN-,72.29182779,9.593998848416254,0.0,0.0,0.0,False,NONE
1667,853,2305,91.35780435,10.78519212710641,2077.0,18.06086956521739,0.0,0.0,0.0,1.7944669602421126,False,True,1281,PV+/PNN-,91.35780435,10.78519212710641,0.0,0.0,0.0,False,NONE
1668,855,1351,122.34001626,12.48071098158173,3024.0,19.636363636363637,0.0,0.0,0.0,1.7631135119681778,False,True,1282,PV+/PNN-,122.34001626,12.48071098158173,0.0,0.0,0.0,False,NONE
1669,855,1798,100.89079263,11.333937836259333,4319.0,34.00787401574803,0.0,0.0,0.0,1.4895017747416486,False,True,1283,PV+/PNN-,100.89079263,11.333937836259333,0.0,0.0,0.0,False,NONE
1670,856,2016,121.54560057,12.440123196106569,3466.0,22.65359477124183,0.0,0.0,0.0,1.7852956109528804,False,True,1284,PV+/PNN-,121.54560057,12.440123196106569,0.0,0.0,0.0,False,NONE
1671,852,2180,56.40351399,8.474384017383858,1314.0,18.507042253521128,0.0,0.0,0.0,1.7988336562913498,False,True,1285,PV+/PNN-,56.40351399,8.474384017383858,0.0,0.0,0.0,False,NONE
1672,854,2221,75.46949055,9.802588422925686,2492.0,26.231578947368423,0.0,0.0,0.0,1.9810852820110907,False,True,1286,PV+/PNN-,75.46949055,9.802588422925686,0.0,0.0,0.0,False,NONE
1673,855,538,65.93650227,9.1625849044734,1758.0,21.180722891566266,0.0,0.0,0.0,1.6691496853778844,False,True,1287,PV+/PNN-,65.93650227,9.1625849044734,0.0,0.0,0.0,False,NONE
1674,853,863,61.96442382,8.88231697105848,2320.0,29.743589743589745,0.0,0.0,0.0,1.5889335908274085,False,True,1288,PV+/PNN-,61.96442382,8.88231697105848,0.0,0.0,0.0,False,NONE
1675,855,1195,78.64715331000001,10.006830950662698,1965.0,19.848484848484848,0.0,0.0,0.0,1.6419786769935694,False,True,1289,PV+/PNN-,78.64715331000001,10.006830950662698,0.0,0.0,0.0,False,NONE
1676,855,1543,88.97455728,10.643586087602236,4244.0,37.892857142857146,0.0,0.0,0.0,1.6228056799346742,False,True,1290,PV+/PNN-,88.97455728,10.643586087602236,0.0,0.0,0.0,False,NONE
1677,855,2491,73.88065917,9.698854408967303,2158.0,23.204301075268816,0.0,0.0,0.0,1.665817474254541,False,True,1291,PV+/PNN-,73.88065917,9.698854408967303,0.0,0.0,0.0,False,NONE
1678,856,1169,79.441569,10.057243516322302,3637.0,36.37,0.0,0.0,0.0,1.6863413019875815,False,True,1292,PV+/PNN-,79.441569,10.057243516322302,0.0,0.0,0.0,False,NONE
1679,859,203,131.07858885,12.91876320674319,4582.0,27.76969696969697,0.0,0.0,0.0,1.597054499784443,False,True,1293,PV+/PNN-,131.07858885,12.91876320674319,0.0,0.0,0.0,False,NONE
1680,856,1029,73.88065917,9.698854408967303,5815.0,62.526881720430104,0.0,0.0,0.0,1.6012570841040064,False,True,1294,PV+/PNN-,73.88065917,9.698854408967303,0.0,0.0,0.0,False,NONE
1681,856,2246,37.33753743,6.894898778002857,2578.0,54.851063829787236,0.0,0.0,0.0,2.2221696464816483,False,True,1297,PV+/PNN-,37.33753743,6.894898778002857,0.0,0.0,0.0,False,NONE
1682,858,508,65.14208658,9.10722134683339,1680.0,20.48780487804878,0.0,0.0,0.0,1.587357451777107,False,True,1298,PV+/PNN-,65.14208658,9.10722134683339,0.0,0.0,0.0,False,NONE
1683,858,963,72.29182779,9.593998848416254,7672.0,84.3076923076923,0.0,0.0,0.0,1.7358257768557113,False,True,1300,PV+/PNN-,72.29182779,9.593998848416254,0.0,0.0,0.0,False,NONE
1684,862,2503,173.97703611,14.883361255142246,5984.0,27.32420091324201,0.0,0.0,0.0,1.8077673528858795,False,True,1301,PV+/PNN-,173.97703611,14.883361255142246,0.0,0.0,0.0,False,NONE
1685,861,178,154.11664386,14.008119269352957,6667.0,34.365979381443296,0.0,0.0,0.0,1.6529086829949649,False,True,1302,PV+/PNN-,154.11664386,14.008119269352957,0.0,0.0,0.0,False,NONE
1686,861,1186,92.15222004,10.83198276817611,4909.0,42.31896551724138,0.0,0.0,0.0,1.6876193173737033,False,True,1303,PV+/PNN-,92.15222004,10.83198276817611,0.0,0.0,0.0,False,NONE
1687,862,1594,131.07858885,12.91876320674319,6154.0,37.2969696969697,0.0,0.0,0.0,1.845934441523003,False,True,1304,PV+/PNN-,131.07858885,12.91876320674319,0.0,0.0,0.0,False,NONE
1688,860,1725,108.04053384,11.728660627684029,3018.0,22.191176470588236,0.0,0.0,0.0,1.400197415903716,False,True,1305,PV+/PNN-,108.04053384,11.728660627684029,0.0,0.0,0.0,False,NONE
1689,862,563,92.15222004,10.83198276817611,4053.0,34.939655172413794,0.0,0.0,0.0,1.9968990408151543,False,True,1306,PV+/PNN-,92.15222004,10.83198276817611,0.0,0.0,0.0,False,NONE
1690,861,715,90.56338866,10.738197602350779,2991.0,26.236842105263158,0.0,0.0,0.0,1.7451860630555887,False,True,1307,PV+/PNN-,90.56338866,10.738197602350779,0.0,0.0,0.0,False,NONE
1691,861,1142,87.3857259,10.548125988120718,3352.0,30.472727272727273,0.0,0.0,0.0,1.621987418135508,False,True,1308,PV+/PNN-,87.3857259,10.548125988120718,0.0,0.0,0.0,False,NONE
1692,860,2519,63.5532552,8.995472067506276,1569.0,19.6125,0.0,0.0,0.0,1.627967949226473,False,True,1310,PV+/PNN-,63.5532552,8.995472067506276,0.0,0.0,0.0,False,NONE
1693,862,2539,119.95676919,12.358547737957586,3584.0,23.735099337748345,0.0,0.0,0.0,1.7549436444525446,False,True,1311,PV+/PNN-,119.95676919,12.358547737957586,0.0,0.0,0.0,False,NONE
1694,862,586,61.17000813,8.825195369105852,1767.0,22.948051948051948,0.0,0.0,0.0,1.5604733840570115,False,True,1312,PV+/PNN-,61.17000813,8.825195369105852,0.0,0.0,0.0,False,NONE
1695,862,1067,92.94663573,10.878572156378345,7423.0,63.44444444444444,0.0,0.0,0.0,1.7701277722375517,False,True,1313,PV+/PNN-,92.94663573,10.878572156378345,0.0,0.0,0.0,False,NONE
1696,864,1236,132.66742023,12.996822909266468,2791.0,16.7125748502994,0.0,0.0,0.0,2.0080300191332023,False,True,1314,PV+/PNN-,132.66742023,12.996822909266468,0.0,0.0,0.0,False,NONE
1697,862,1757,90.56338866,10.738197602350779,2372.0,20.80701754385965,0.0,0.0,0.0,1.602788243454555,False,True,1315,PV+/PNN-,90.56338866,10.738197602350779,0.0,0.0,0.0,False,NONE
1698,861,2463,79.441569,10.057243516322302,1937.0,19.37,0.0,0.0,0.0,1.6774463149001744,False,True,1316,PV+/PNN-,79.441569,10.057243516322302,0.0,0.0,0.0,False,NONE
1699,864,1253,120.75118488,12.39940255265723,2963.0,19.49342105263158,0.0,0.0,0.0,2.0067363960899067,False,True,1317,PV+/PNN-,120.75118488,12.39940255265723,0.0,0.0,0.0,False,NONE
1700,863,939,67.52533365000001,9.272320371655413,3439.0,40.45882352941177,0.0,0.0,0.0,1.5653433158721184,False,True,1318,PV+/PNN-,67.52533365000001,9.272320371655413,0.0,0.0,0.0,False,NONE
1701,864,1432,96.12429849,11.062967867954534,4336.0,35.83471074380165,0.0,0.0,0.0,1.612982162613133,False,True,1319,PV+/PNN-,96.12429849,11.062967867954534,0.0,0.0,0.0,False,NONE
1702,863,1635,79.441569,10.057243516322302,2653.0,26.53,0.0,0.0,0.0,1.624817641299683,False,True,1320,PV+/PNN-,79.441569,10.057243516322302,0.0,0.0,0.0,False,NONE
1703,863,2194,81.03040038,10.157318055940708,2814.0,27.58823529411765,0.0,0.0,0.0,1.7964385686331832,False,True,1321,PV+/PNN-,81.03040038,10.157318055940708,0.0,0.0,0.0,False,NONE
1704,863,1056,56.40351399,8.474384017383858,5030.0,70.84507042253522,0.0,0.0,0.0,1.5597547780030625,False,True,1322,PV+/PNN-,56.40351399,8.474384017383858,0.0,0.0,0.0,False,NONE
1705,865,1119,92.94663573,10.878572156378345,5697.0,48.69230769230769,0.0,0.0,0.0,1.617443164825508,False,True,1324,PV+/PNN-,92.94663573,10.878572156378345,0.0,0.0,0.0,False,NONE
1706,865,1922,101.68520832,11.378472144697502,3787.0,29.5859375,0.0,0.0,0.0,1.3608866963155277,False,True,1325,PV+/PNN-,101.68520832,11.378472144697502,0.0,0.0,0.0,False,NONE
1707,863,2448,46.07611002,7.659368469073156,1121.0,19.32758620689655,0.0,0.0,0.0,1.7483250482144839,False,True,1326,PV+/PNN-,46.07611002,7.659368469073156,0.0,0.0,0.0,False,NONE
1708,868,1082,113.60144367,12.026714032504808,7580.0,53.00699300699301,0.0,0.0,0.0,1.693987051377981,False,True,1327,PV+/PNN-,113.60144367,12.026714032504808,0.0,0.0,0.0,False,NONE
1709,867,638,73.08624348000001,9.646569098642193,2894.0,31.456521739130434,0.0,0.0,0.0,1.5437314546623058,False,True,1328,PV+/PNN-,73.08624348000001,9.646569098642193,0.0,0.0,0.0,False,NONE
1710,866,967,70.70299641,9.487984557348323,7520.0,84.49438202247191,0.0,0.0,0.0,1.6632293271115943,False,True,1329,PV+/PNN-,70.70299641,9.487984557348323,0.0,0.0,0.0,False,NONE
1711,869,1156,104.06845539,11.51104134134072,6772.0,51.69465648854962,0.0,0.0,0.0,1.9198912969193405,False,True,1330,PV+/PNN-,104.06845539,11.51104134134072,0.0,0.0,0.0,False,NONE
1712,867,18,55.6090983,8.414493627225879,1289.0,18.414285714285715,0.0,0.0,0.0,1.5619173754673048,False,True,1331,PV+/PNN-,55.6090983,8.414493627225879,0.0,0.0,0.0,False,NONE
1713,869,765,78.64715331000001,10.006830950662698,3765.0,38.03030303030303,0.0,0.0,0.0,1.6928927444972457,False,True,1332,PV+/PNN-,78.64715331000001,10.006830950662698,0.0,0.0,0.0,False,NONE
1714,870,442,96.91871418,11.108588547554572,2301.0,18.860655737704917,0.0,0.0,0.0,1.890792337159198,False,True,1333,PV+/PNN-,96.91871418,11.108588547554572,0.0,0.0,0.0,False,NONE
1715,869,1175,50.04818847,7.982689565701676,1660.0,26.349206349206348,0.0,0.0,0.0,1.5942734792905446,False,True,1334,PV+/PNN-,50.04818847,7.982689565701676,0.0,0.0,0.0,False,NONE
1716,870,2410,79.441569,10.057243516322302,1667.0,16.67,0.0,0.0,0.0,1.8546048077243644,False,True,1335,PV+/PNN-,79.441569,10.057243516322302,0.0,0.0,0.0,False,NONE
1717,872,369,82.61923176,10.256416188536388,3300.0,31.73076923076923,0.0,0.0,0.0,1.7761464600815946,False,True,1336,PV+/PNN-,82.61923176,10.256416188536388,0.0,0.0,0.0,False,NONE
1718,873,360,89.76897297000001,10.690996505268625,3435.0,30.398230088495577,0.0,0.0,0.0,1.8124520149340417,False,True,1337,PV+/PNN-,89.76897297000001,10.690996505268625,0.0,0.0,0.0,False,NONE
1719,873,1268,90.56338866,10.738197602350779,2563.0,22.482456140350877,0.0,0.0,0.0,1.790701347859572,False,True,1338,PV+/PNN-,90.56338866,10.738197602350779,0.0,0.0,0.0,False,NONE
1720,873,542,68.31974934,9.326703948667076,1982.0,23.046511627906977,0.0,0.0,0.0,1.7600352357059248,False,True,1339,PV+/PNN-,68.31974934,9.326703948667076,0.0,0.0,0.0,False,NONE
1721,873,663,56.40351399,8.474384017383858,2816.0,39.66197183098591,0.0,0.0,0.0,1.4950259987285046,False,True,1340,PV+/PNN-,56.40351399,8.474384017383858,0.0,0.0,0.0,False,NONE
1722,871,805,57.99234537,8.592912627102823,5572.0,76.32876712328768,0.0,0.0,0.0,1.464220477173622,False,True,1341,PV+/PNN-,57.99234537,8.592912627102823,0.0,0.0,0.0,False,NONE
1723,872,2256,62.75883951,8.93907356753593,2568.0,32.50632911392405,0.0,0.0,0.0,2.020137890209633,False,True,1342,PV+/PNN-,62.75883951,8.93907356753593,0.0,0.0,0.0,False,NONE
1724,871,2581,55.6090983,8.414493627225879,2424.0,34.628571428571426,0.0,0.0,0.0,1.8213544988500097,False,True,1343,PV+/PNN-,55.6090983,8.414493627225879,0.0,0.0,0.0,False,NONE
1725,872,555,47.664941400000004,7.7903073294937615,1390.0,23.166666666666668,0.0,0.0,0.0,1.7394641415373735,False,True,1344,PV+/PNN-,47.664941400000004,7.7903073294937615,0.0,0.0,0.0,False,NONE
1726,875,1297,123.92884764,12.56149312576761,3151.0,20.19871794871795,0.0,0.0,0.0,1.7476368860834954,False,True,1345,PV+/PNN-,123.92884764,12.56149312576761,0.0,0.0,0.0,False,NONE
1727,875,1436,95.32988280000001,11.017158280424603,5779.0,48.15833333333333,0.0,0.0,0.0,1.6492788557900524,False,True,1346,PV+/PNN-,95.32988280000001,11.017158280424603,0.0,0.0,0.0,False,NONE
1728,874,2325,78.64715331000001,10.006830950662698,1958.0,19.77777777777778,0.0,0.0,0.0,1.9609403351783665,False,True,1347,PV+/PNN-,78.64715331000001,10.006830950662698,0.0,0.0,0.0,False,NONE
1729,877,142,122.34001626,12.48071098158173,10979.0,71.29220779220779,0.0,0.0,0.0,1.5070457018761576,False,True,1349,PV+/PNN-,122.34001626,12.48071098158173,0.0,0.0,0.0,False,NONE
1730,876,716,63.5532552,8.995472067506276,3994.0,49.925,0.0,0.0,0.0,1.524193099873391,False,True,1350,PV+/PNN-,63.5532552,8.995472067506276,0.0,0.0,0.0,False,NONE
1731,878,2027,128.69534178,12.800781162784691,3302.0,20.382716049382715,0.0,0.0,0.0,1.9240442748223527,False,True,1351,PV+/PNN-,128.69534178,12.800781162784691,0.0,0.0,0.0,False,NONE
1732,876,2766,185.09885577,15.351715957885437,29834.0,128.04291845493563,0.0,0.0,0.0,2.0013720946665803,False,True,1352,PV+/PNN-,185.09885577,15.351715957885437,0.0,0.0,0.0,False,NONE
1733,880,68,164.44404783,14.469853647963289,4562.0,22.03864734299517,0.0,0.0,0.0,1.9788123448072146,False,True,1353,PV+/PNN-,164.44404783,14.469853647963289,0.0,0.0,0.0,False,NONE
1734,877,1010,80.23598469,10.107404643036364,5745.0,56.881188118811885,0.0,0.0,0.0,1.6564344765905654,False,True,1354,PV+/PNN-,80.23598469,10.107404643036364,0.0,0.0,0.0,False,NONE
1735,879,1331,142.9948242,13.493208101259413,6148.0,34.15555555555556,0.0,0.0,0.0,1.7295808225513656,False,True,1355,PV+/PNN-,142.9948242,13.493208101259413,0.0,0.0,0.0,False,NONE
1736,877,1722,83.41364745,10.305607915302103,1755.0,16.714285714285715,0.0,0.0,0.0,1.5043823399416163,False,True,1356,PV+/PNN-,83.41364745,10.305607915302103,0.0,0.0,0.0,False,NONE
1737,878,193,65.14208658,9.10722134683339,4819.0,58.76829268292683,0.0,0.0,0.0,1.5973010349032732,False,True,1360,PV+/PNN-,65.14208658,9.10722134683339,0.0,0.0,0.0,False,NONE
1738,879,872,61.17000813,8.825195369105852,2531.0,32.87012987012987,0.0,0.0,0.0,1.5392948433727092,False,True,1361,PV+/PNN-,61.17000813,8.825195369105852,0.0,0.0,0.0,False,NONE
1739,877,1062,39.7207845,7.111545090435939,3476.0,69.52,0.0,0.0,0.0,1.5062178134675894,False,True,1362,PV+/PNN-,39.7207845,7.111545090435939,0.0,0.0,0.0,False,NONE
1740,881,2675,137.43391437,13.228238528376714,9178.0,53.052023121387286,0.0,0.0,0.0,1.4088014230922108,False,True,1363,PV+/PNN-,137.43391437,13.228238528376714,0.0,0.0,0.0,False,NONE
1741,880,236,112.01261229,11.942314996545514,3588.0,25.4468085106383,0.0,0.0,0.0,1.818951260190798,False,True,1364,PV+/PNN-,112.01261229,11.942314996545514,0.0,0.0,0.0,False,NONE
1742,878,401,73.08624348000001,9.646569098642193,3785.0,41.141304347826086,0.0,0.0,0.0,1.7943058191716885,False,True,1365,PV+/PNN-,73.08624348000001,9.646569098642193,0.0,0.0,0.0,False,NONE
1743,880,1242,59.58117675,8.70982837718145,1616.0,21.546666666666667,0.0,0.0,0.0,1.5625527316878338,False,True,1368,PV+/PNN-,59.58117675,8.70982837718145,0.0,0.0,0.0,False,NONE
1744,881,1314,95.32988280000001,11.017158280424603,2837.0,23.641666666666666,0.0,0.0,0.0,1.6041862129163917,False,True,1369,PV+/PNN-,95.32988280000001,11.017158280424603,0.0,0.0,0.0,False,NONE
1745,882,2548,116.77910643,12.193759728054031,3020.0,20.54421768707483,0.0,0.0,0.0,1.658985686937024,False,True,1372,PV+/PNN-,116.77910643,12.193759728054031,0.0,0.0,0.0,False,NONE
1746,882,411,73.88065917,9.698854408967303,2777.0,29.86021505376344,0.0,0.0,0.0,1.79254712899448,False,True,1373,PV+/PNN-,73.88065917,9.698854408967303,0.0,0.0,0.0,False,NONE
1747,882,962,71.4974121,9.54113894836179,3547.0,39.41111111111111,0.0,0.0,0.0,1.5772129881837456,False,True,1375,PV+/PNN-,71.4974121,9.54113894836179,0.0,0.0,0.0,False,NONE
1748,883,1548,96.12429849,11.062967867954534,9333.0,77.13223140495867,0.0,0.0,0.0,2.3707713518088966,False,True,1376,PV+/PNN-,96.12429849,11.062967867954534,0.0,0.0,0.0,False,NONE
1749,883,169,95.32988280000001,11.017158280424603,5214.0,43.45,0.0,0.0,0.0,1.5238842461550783,False,True,1377,PV+/PNN-,95.32988280000001,11.017158280424603,0.0,0.0,0.0,False,NONE
1750,883,2016,112.01261229,11.942314996545514,3320.0,23.54609929078014,0.0,0.0,0.0,1.920412992334389,False,True,1379,PV+/PNN-,112.01261229,11.942314996545514,0.0,0.0,0.0,False,NONE
1751,883,2202,109.62936522,11.814586030086609,3796.0,27.507246376811594,0.0,0.0,0.0,1.981498029314282,False,True,1380,PV+/PNN-,109.62936522,11.814586030086609,0.0,0.0,0.0,False,NONE
1752,884,2495,135.84508299,13.151552441468574,3273.0,19.140350877192983,0.0,0.0,0.0,1.8635258035459452,False,True,1382,PV+/PNN-,135.84508299,13.151552441468574,0.0,0.0,0.0,False,NONE
1753,886,730,130.28417316,12.879555944225542,6801.0,41.46951219512195,0.0,0.0,0.0,1.722499786082732,False,True,1383,PV+/PNN-,130.28417316,12.879555944225542,0.0,0.0,0.0,False,NONE
1754,883,1223,104.06845539,11.51104134134072,5299.0,40.45038167938932,0.0,0.0,0.0,1.6188650163531486,False,True,1384,PV+/PNN-,104.06845539,11.51104134134072,0.0,0.0,0.0,False,NONE
1755,883,1977,67.52533365000001,9.272320371655413,1598.0,18.8,0.0,0.0,0.0,1.6656299349948445,False,True,1385,PV+/PNN-,67.52533365000001,9.272320371655413,0.0,0.0,0.0,False,NONE
1756,885,2421,104.06845539,11.51104134134072,3076.0,23.480916030534353,0.0,0.0,0.0,2.018347260863922,False,True,1386,PV+/PNN-,104.06845539,11.51104134134072,0.0,0.0,0.0,False,NONE
1757,884,451,85.00247883,10.403293586497956,2185.0,20.42056074766355,0.0,0.0,0.0,1.8836035740389172,False,True,1387,PV+/PNN-,85.00247883,10.403293586497956,0.0,0.0,0.0,False,NONE
1758,886,1905,115.19027505,12.11052490037406,3883.0,26.779310344827586,0.0,0.0,0.0,1.4446685924719684,False,True,1388,PV+/PNN-,115.19027505,12.11052490037406,0.0,0.0,0.0,False,NONE
1759,886,518,70.70299641,9.487984557348323,3110.0,34.943820224719104,0.0,0.0,0.0,1.725694124073722,False,True,1389,PV+/PNN-,70.70299641,9.487984557348323,0.0,0.0,0.0,False,NONE
1760,885,855,51.63701985,8.108408946599484,3622.0,55.723076923076924,0.0,0.0,0.0,1.4288998487847435,False,True,1391,PV+/PNN-,51.63701985,8.108408946599484,0.0,0.0,0.0,False,NONE
1761,885,919,42.89844726,7.390534450171232,1263.0,23.38888888888889,0.0,0.0,0.0,1.7831154670589082,False,True,1392,PV+/PNN-,42.89844726,7.390534450171232,0.0,0.0,0.0,False,NONE
1762,889,1116,154.91105955,14.044176264056345,13067.0,67.01025641025642,0.0,0.0,0.0,2.0888014549274185,False,True,1393,PV+/PNN-,154.91105955,14.044176264056345,0.0,0.0,0.0,False,NONE
1763,885,2360,35.74870605,6.746604050629706,1109.0,24.644444444444446,0.0,0.0,0.0,1.693341986269337,False,True,1394,PV+/PNN-,35.74870605,6.746604050629706,0.0,0.0,0.0,False,NONE
1764,887,2565,114.39585936,12.068692219586765,3553.0,24.67361111111111,0.0,0.0,0.0,1.683767521001642,False,True,1395,PV+/PNN-,114.39585936,12.068692219586765,0.0,0.0,0.0,False,NONE
1765,889,1414,116.77910643,12.193759728054031,3388.0,23.047619047619047,0.0,0.0,0.0,1.7028555212116507,False,True,1396,PV+/PNN-,116.77910643,12.193759728054031,0.0,0.0,0.0,False,NONE
1766,890,2605,157.29430662000001,14.151796046802042,6048.0,30.545454545454547,0.0,0.0,0.0,1.6438505177106164,False,True,1397,PV+/PNN-,157.29430662000001,14.151796046802042,0.0,0.0,0.0,False,NONE
1767,890,320,116.77910643,12.193759728054031,4218.0,28.693877551020407,0.0,0.0,0.0,1.8627030782812666,False,True,1398,PV+/PNN-,116.77910643,12.193759728054031,0.0,0.0,0.0,False,NONE
1768,888,652,51.63701985,8.108408946599484,1931.0,29.70769230769231,0.0,0.0,0.0,1.6843456318077148,False,True,1399,PV+/PNN-,51.63701985,8.108408946599484,0.0,0.0,0.0,False,NONE
1769,887,1010,39.7207845,7.111545090435939,2013.0,40.26,0.0,0.0,0.0,1.5847901994063514,False,True,1400,PV+/PNN-,39.7207845,7.111545090435939,0.0,0.0,0.0,False,NONE
1770,887,1371,77.85273762,9.956163126610313,2220.0,22.653061224489797,0.0,0.0,0.0,1.853878686329474,False,True,1401,PV+/PNN-,77.85273762,9.956163126610313,0.0,0.0,0.0,False,NONE
1771,888,1810,64.34767089,9.051519164690074,2335.0,28.82716049382716,0.0,0.0,0.0,1.6161056786379426,False,True,1402,PV+/PNN-,64.34767089,9.051519164690074,0.0,0.0,0.0,False,NONE
1772,889,388,71.4974121,9.54113894836179,3931.0,43.67777777777778,0.0,0.0,0.0,1.6315712426067885,False,True,1403,PV+/PNN-,71.4974121,9.54113894836179,0.0,0.0,0.0,False,NONE
1773,892,1882,121.54560057,12.440123196106569,4369.0,28.555555555555557,0.0,0.0,0.0,1.6472198310013006,False,True,1404,PV+/PNN-,121.54560057,12.440123196106569,0.0,0.0,0.0,False,NONE
1774,892,998,66.73091796,9.217615939230159,2362.0,28.11904761904762,0.0,0.0,0.0,1.8204720596548305,False,True,1406,PV+/PNN-,66.73091796,9.217615939230159,0.0,0.0,0.0,False,NONE
1775,894,2415,83.41364745,10.305607915302103,3235.0,30.80952380952381,0.0,0.0,0.0,2.0564363004457666,False,True,1407,PV+/PNN-,83.41364745,10.305607915302103,0.0,0.0,0.0,False,NONE
1776,894,129,123.13443195,12.521167201073583,4503.0,29.051612903225806,0.0,0.0,0.0,1.56905659321411,False,True,1408,PV+/PNN-,123.13443195,12.521167201073583,0.0,0.0,0.0,False,NONE
1777,894,1380,101.68520832,11.378472144697502,2839.0,22.1796875,0.0,0.0,0.0,1.887868353186647,False,True,1410,PV+/PNN-,101.68520832,11.378472144697502,0.0,0.0,0.0,False,NONE
1778,891,1598,46.87052571,7.72511532706782,1974.0,33.45762711864407,0.0,0.0,0.0,1.5189321170445045,False,True,1411,PV+/PNN-,46.87052571,7.72511532706782,0.0,0.0,0.0,False,NONE
1779,895,2537,96.12429849,11.062967867954534,2185.0,18.05785123966942,0.0,0.0,0.0,1.6460626931034898,False,True,1412,PV+/PNN-,96.12429849,11.062967867954534,0.0,0.0,0.0,False,NONE
1780,894,927,58.78676106,8.651568001725998,2489.0,33.63513513513514,0.0,0.0,0.0,1.6097121902548523,False,True,1413,PV+/PNN-,58.78676106,8.651568001725998,0.0,0.0,0.0,False,NONE
1781,895,1225,106.45170246,11.642101063659146,3399.0,25.365671641791046,0.0,0.0,0.0,1.549431519392231,False,True,1414,PV+/PNN-,106.45170246,11.642101063659146,0.0,0.0,0.0,False,NONE
1782,895,664,88.97455728,10.643586087602236,4327.0,38.63392857142857,0.0,0.0,0.0,1.5950088452865272,False,True,1415,PV+/PNN-,88.97455728,10.643586087602236,0.0,0.0,0.0,False,NONE
1783,897,2496,104.06845539,11.51104134134072,2533.0,19.33587786259542,0.0,0.0,0.0,1.6103774332544778,False,True,1416,PV+/PNN-,104.06845539,11.51104134134072,0.0,0.0,0.0,False,NONE
1784,899,6,126.31209471,12.681701540530954,1999.0,12.572327044025156,0.0,0.0,0.0,1.6153632210621247,False,True,1417,PV+/PNN-,126.31209471,12.681701540530954,0.0,0.0,0.0,False,NONE
1785,896,498,72.29182779,9.593998848416254,2213.0,24.318681318681318,0.0,0.0,0.0,1.858824224676083,False,True,1418,PV+/PNN-,72.29182779,9.593998848416254,0.0,0.0,0.0,False,NONE
1786,899,1280,117.57352212,12.235164803834003,4105.0,27.736486486486488,0.0,0.0,0.0,1.6127172534600573,False,True,1420,PV+/PNN-,117.57352212,12.235164803834003,0.0,0.0,0.0,False,NONE
1787,903,1945,238.324707,17.4196567543629,4782.0,15.94,0.0,0.0,0.0,1.7557716178642864,False,True,1421,PV+/PNN-,238.324707,17.4196567543629,0.0,0.0,0.0,False,NONE
1788,900,152,166.8272949,14.574330482319752,9273.0,44.15714285714286,0.0,0.0,0.0,1.822060450206153,False,True,1422,PV+/PNN-,166.8272949,14.574330482319752,0.0,0.0,0.0,False,NONE
1789,898,821,95.32988280000001,11.017158280424603,6236.0,51.96666666666667,0.0,0.0,0.0,1.5621821072258586,False,True,1423,PV+/PNN-,95.32988280000001,11.017158280424603,0.0,0.0,0.0,False,NONE
1790,899,1532,104.86287108,11.554893086200376,5373.0,40.70454545454545,0.0,0.0,0.0,1.5863850076972754,False,True,1424,PV+/PNN-,104.86287108,11.554893086200376,0.0,0.0,0.0,False,NONE
1791,898,48,56.40351399,8.474384017383858,1397.0,19.676056338028168,0.0,0.0,0.0,1.5211263129521166,False,True,1425,PV+/PNN-,56.40351399,8.474384017383858,0.0,0.0,0.0,False,NONE
1792,898,652,65.93650227,9.1625849044734,2449.0,29.50602409638554,0.0,0.0,0.0,1.515541474631498,False,True,1426,PV+/PNN-,65.93650227,9.1625849044734,0.0,0.0,0.0,False,NONE
1793,898,964,65.14208658,9.10722134683339,1955.0,23.841463414634145,0.0,0.0,0.0,1.6931210177554221,False,True,1427,PV+/PNN-,65.14208658,9.10722134683339,0.0,0.0,0.0,False,NONE
1794,899,2159,81.03040038,10.157318055940708,2860.0,28.03921568627451,0.0,0.0,0.0,1.8981786170185577,False,True,1428,PV+/PNN-,81.03040038,10.157318055940708,0.0,0.0,0.0,False,NONE
1795,901,2780,154.11664386,14.008119269352957,9031.0,46.55154639175258,0.0,0.0,0.0,1.5325512546215452,False,True,1429,PV+/PNN-,154.11664386,14.008119269352957,0.0,0.0,0.0,False,NONE
1796,901,466,100.89079263,11.333937836259333,3279.0,25.818897637795274,0.0,0.0,0.0,1.6079848704597342,False,True,1430,PV+/PNN-,100.89079263,11.333937836259333,0.0,0.0,0.0,False,NONE
1797,898,550,35.74870605,6.746604050629706,1326.0,29.466666666666665,0.0,0.0,0.0,1.6949892061003384,False,True,1431,PV+/PNN-,35.74870605,6.746604050629706,0.0,0.0,0.0,False,NONE
1798,901,1307,88.18014159,10.595963539609496,3376.0,30.414414414414413,0.0,0.0,0.0,1.7436044508423227,False,True,1432,PV+/PNN-,88.18014159,10.595963539609496,0.0,0.0,0.0,False,NONE
1799,902,1734,83.41364745,10.305607915302103,1663.0,15.838095238095239,0.0,0.0,0.0,1.6999308655933423,False,True,1433,PV+/PNN-,83.41364745,10.305607915302103,0.0,0.0,0.0,False,NONE
1800,903,2132,162.85521645,14.3997813056499,6986.0,34.078048780487805,0.0,0.0,0.0,1.9232697690210552,False,True,1434,PV+/PNN-,162.85521645,14.3997813056499,0.0,0.0,0.0,False,NONE
1801,900,804,38.13195312,6.96786270174516,1451.0,30.229166666666668,0.0,0.0,0.0,1.5102946825493175,False,True,1435,PV+/PNN-,38.13195312,6.96786270174516,0.0,0.0,0.0,False,NONE
1802,902,1152,102.47962401,11.422832828117684,2177.0,16.875968992248062,0.0,0.0,0.0,1.5640926906926302,False,True,1436,PV+/PNN-,102.47962401,11.422832828117684,0.0,0.0,0.0,False,NONE
1803,902,2267,62.75883951,8.93907356753593,1572.0,19.89873417721519,0.0,0.0,0.0,1.8324799347791052,False,True,1437,PV+/PNN-,62.75883951,8.93907356753593,0.0,0.0,0.0,False,NONE
1804,901,2283,48.45935709,7.854958291387057,1048.0,17.18032786885246,0.0,0.0,0.0,1.9321078509531648,False,True,1438,PV+/PNN-,48.45935709,7.854958291387057,0.0,0.0,0.0,False,NONE
1805,903,1009,69.90858072,9.434530697868027,2467.0,28.03409090909091,0.0,0.0,0.0,1.7461466128972312,False,True,1439,PV+/PNN-,69.90858072,9.434530697868027,0.0,0.0,0.0,False,NONE
1806,904,1035,77.85273762,9.956163126610313,9062.0,92.46938775510205,0.0,0.0,0.0,1.6957960076502165,False,True,1440,PV+/PNN-,77.85273762,9.956163126610313,0.0,0.0,0.0,False,NONE
1807,905,1095,92.94663573,10.878572156378345,3258.0,27.846153846153847,0.0,0.0,0.0,1.7669600417933184,False,True,1442,PV+/PNN-,92.94663573,10.878572156378345,0.0,0.0,0.0,False,NONE
1808,907,29,109.62936522,11.814586030086609,2117.0,15.340579710144928,0.0,0.0,0.0,1.7075582095934136,False,True,1443,PV+/PNN-,109.62936522,11.814586030086609,0.0,0.0,0.0,False,NONE
1809,908,451,107.24611815,11.68546099424064,6188.0,45.837037037037035,0.0,0.0,0.0,1.7987640554534203,False,True,1444,PV+/PNN-,107.24611815,11.68546099424064,0.0,0.0,0.0,False,NONE
1810,905,902,69.11416503,9.380772250595795,1933.0,22.2183908045977,0.0,0.0,0.0,1.7185046892049778,False,True,1445,PV+/PNN-,69.11416503,9.380772250595795,0.0,0.0,0.0,False,NONE
1811,906,1165,91.35780435,10.78519212710641,2099.0,18.252173913043478,0.0,0.0,0.0,1.696493189424296,False,True,1446,PV+/PNN-,91.35780435,10.78519212710641,0.0,0.0,0.0,False,NONE
1812,907,1607,77.05832193,9.90523612702942,2765.0,28.50515463917526,0.0,0.0,0.0,1.5810763130451144,False,True,1447,PV+/PNN-,77.05832193,9.90523612702942,0.0,0.0,0.0,False,NONE
1813,905,2743,58.78676106,8.651568001725998,4828.0,65.24324324324324,0.0,0.0,0.0,1.5766564949975963,False,True,1448,PV+/PNN-,58.78676106,8.651568001725998,0.0,0.0,0.0,False,NONE
1814,905,551,50.84260416,8.045794813057842,2104.0,32.875,0.0,0.0,0.0,1.7257201510724565,False,True,1449,PV+/PNN-,50.84260416,8.045794813057842,0.0,0.0,0.0,False,NONE
1815,908,1076,93.74105142,10.924962866435578,3077.0,26.076271186440678,0.0,0.0,0.0,1.7086415874115186,False,True,1450,PV+/PNN-,93.74105142,10.924962866435578,0.0,0.0,0.0,False,NONE
1816,907,2227,82.61923176,10.256416188536388,2441.0,23.471153846153847,0.0,0.0,0.0,1.9742879993683857,False,True,1451,PV+/PNN-,82.61923176,10.256416188536388,0.0,0.0,0.0,False,NONE
1817,907,1109,41.30961588,7.252381437585563,1561.0,30.01923076923077,0.0,0.0,0.0,1.463966624802406,False,True,1452,PV+/PNN-,41.30961588,7.252381437585563,0.0,0.0,0.0,False,NONE
1818,910,1698,118.36793781,12.276430232296539,4782.0,32.09395973154363,0.0,0.0,0.0,1.86506188985956,False,True,1453,PV+/PNN-,118.36793781,12.276430232296539,0.0,0.0,0.0,False,NONE
1819,912,2061,154.91105955,14.044176264056345,3782.0,19.394871794871793,0.0,0.0,0.0,1.6235252072784359,False,True,1454,PV+/PNN-,154.91105955,14.044176264056345,0.0,0.0,0.0,False,NONE
1820,908,2510,54.02026692,8.293415464071046,1268.0,18.647058823529413,0.0,0.0,0.0,1.8858244682860479,False,True,1455,PV+/PNN-,54.02026692,8.293415464071046,0.0,0.0,0.0,False,NONE
1821,909,2557,57.99234537,8.592912627102823,1644.0,22.52054794520548,0.0,0.0,0.0,1.7576738182992646,False,True,1456,PV+/PNN-,57.99234537,8.592912627102823,0.0,0.0,0.0,False,NONE
1822,913,250,118.36793781,12.276430232296539,4223.0,28.34228187919463,0.0,0.0,0.0,1.848644967382802,False,True,1457,PV+/PNN-,118.36793781,12.276430232296539,0.0,0.0,0.0,False,NONE
1823,913,542,118.36793781,12.276430232296539,4524.0,30.36241610738255,0.0,0.0,0.0,1.759098117509577,False,True,1458,PV+/PNN-,118.36793781,12.276430232296539,0.0,0.0,0.0,False,NONE
1824,913,708,100.09637694,11.289227848029503,6763.0,53.67460317460318,0.0,0.0,0.0,1.586037380135538,False,True,1459,PV+/PNN-,100.09637694,11.289227848029503,0.0,0.0,0.0,False,NONE
1825,911,1582,49.25377278,7.919081463837606,1848.0,29.806451612903224,0.0,0.0,0.0,1.4813022851206052,False,True,1460,PV+/PNN-,49.25377278,7.919081463837606,0.0,0.0,0.0,False,NONE
1826,913,2435,119.95676919,12.358547737957586,3131.0,20.735099337748345,0.0,0.0,0.0,1.9115386158036947,False,True,1461,PV+/PNN-,119.95676919,12.358547737957586,0.0,0.0,0.0,False,NONE
1827,912,2481,70.70299641,9.487984557348323,1658.0,18.629213483146067,0.0,0.0,0.0,1.785660329157365,False,True,1462,PV+/PNN-,70.70299641,9.487984557348323,0.0,0.0,0.0,False,NONE
1828,913,727,88.18014159,10.595963539609496,3595.0,32.387387387387385,0.0,0.0,0.0,1.6274086735743931,False,True,1463,PV+/PNN-,88.18014159,10.595963539609496,0.0,0.0,0.0,False,NONE
1829,914,1130,121.54560057,12.440123196106569,4676.0,30.562091503267975,0.0,0.0,0.0,1.5745483678688903,False,True,1464,PV+/PNN-,121.54560057,12.440123196106569,0.0,0.0,0.0,False,NONE
1830,912,2787,67.52533365000001,9.272320371655413,4423.0,52.03529411764706,0.0,0.0,0.0,1.5034272292833046,False,True,1465,PV+/PNN-,67.52533365000001,9.272320371655413,0.0,0.0,0.0,False,NONE
1831,913,933,59.58117675,8.70982837718145,1510.0,20.133333333333333,0.0,0.0,0.0,1.7444058010303776,False,True,1466,PV+/PNN-,59.58117675,8.70982837718145,0.0,0.0,0.0,False,NONE
1832,914,989,85.79689452,10.451794052617739,2722.0,25.203703703703702,0.0,0.0,0.0,1.6664373956963159,False,True,1467,PV+/PNN-,85.79689452,10.451794052617739,0.0,0.0,0.0,False,NONE
1833,913,2153,82.61923176,10.256416188536388,1894.0,18.21153846153846,0.0,0.0,0.0,1.7697318059320224,False,True,1468,PV+/PNN-,82.61923176,10.256416188536388,0.0,0.0,0.0,False,NONE
1834,916,2504,112.01261229,11.942314996545514,2156.0,15.290780141843971,0.0,0.0,0.0,1.775317458284487,False,True,1469,PV+/PNN-,112.01261229,11.942314996545514,0.0,0.0,0.0,False,NONE
1835,914,1220,65.14208658,9.10722134683339,2989.0,36.451219512195124,0.0,0.0,0.0,1.7952687353242225,False,True,1470,PV+/PNN-,65.14208658,9.10722134683339,0.0,0.0,0.0,False,NONE
1836,915,2742,106.45170246,11.642101063659146,8560.0,63.88059701492537,0.0,0.0,0.0,1.5450061526820782,False,True,1472,PV+/PNN-,106.45170246,11.642101063659146,0.0,0.0,0.0,False,NONE
1837,916,1974,93.74105142,10.924962866435578,2550.0,21.610169491525422,0.0,0.0,0.0,1.628234924474506,False,True,1473,PV+/PNN-,93.74105142,10.924962866435578,0.0,0.0,0.0,False,NONE
1838,921,108,184.30444008,15.318736938146312,6465.0,27.86637931034483,0.0,0.0,0.0,1.6115774018994624,False,True,1474,PV+/PNN-,184.30444008,15.318736938146312,0.0,0.0,0.0,False,NONE
1839,920,2010,115.19027505,12.11052490037406,2499.0,17.23448275862069,0.0,0.0,0.0,1.6665320635026952,False,True,1475,PV+/PNN-,115.19027505,12.11052490037406,0.0,0.0,0.0,False,NONE
1840,922,2475,142.9948242,13.493208101259413,2373.0,13.183333333333334,0.0,0.0,0.0,1.8700063131442266,False,True,1476,PV+/PNN-,142.9948242,13.493208101259413,0.0,0.0,0.0,False,NONE
1841,918,1017,20.65480794,5.128208094268194,709.0,27.26923076923077,0.0,0.0,0.0,1.662108164089197,False,True,1477,PV+/PNN-,20.65480794,5.128208094268194,0.0,0.0,0.0,False,NONE
1842,919,1161,72.29182779,9.593998848416254,1848.0,20.307692307692307,0.0,0.0,0.0,1.7635207915967221,False,True,1478,PV+/PNN-,72.29182779,9.593998848416254,0.0,0.0,0.0,False,NONE
1843,921,2530,86.59131021,10.500070494515816,1824.0,16.73394495412844,0.0,0.0,0.0,1.5273808102688207,False,True,1479,PV+/PNN-,86.59131021,10.500070494515816,0.0,0.0,0.0,False,NONE
1844,924,133,129.48975747,12.84022896403991,8282.0,50.809815950920246,0.0,0.0,0.0,1.6298381248091398,False,True,1480,PV+/PNN-,129.48975747,12.84022896403991,0.0,0.0,0.0,False,NONE
1845,923,2711,130.28417316,12.879555944225542,13289.0,81.03048780487805,0.0,0.0,0.0,1.4766220942357087,False,True,1481,PV+/PNN-,130.28417316,12.879555944225542,0.0,0.0,0.0,False,NONE
1846,924,2274,119.1623535,12.317557416952052,4300.0,28.666666666666668,0.0,0.0,0.0,2.454028104225738,False,True,1482,PV+/PNN-,119.1623535,12.317557416952052,0.0,0.0,0.0,False,NONE
1847,923,895,49.25377278,7.919081463837606,996.0,16.06451612903226,0.0,0.0,0.0,1.4227197088728978,False,True,1483,PV+/PNN-,49.25377278,7.919081463837606,0.0,0.0,0.0,False,NONE
1848,930,2165,121.54560057,12.440123196106569,2499.0,16.333333333333332,0.0,0.0,0.0,1.6050703823845027,False,True,1484,PV+/PNN-,121.54560057,12.440123196106569,0.0,0.0,0.0,False,NONE
1849,927,858,77.05832193,9.90523612702942,1910.0,19.690721649484537,0.0,0.0,0.0,1.4419966180358292,False,True,1485,PV+/PNN-,77.05832193,9.90523612702942,0.0,0.0,0.0,False,NONE
1850,927,333,60.37559244,8.767701627645716,5842.0,76.86842105263158,0.0,0.0,0.0,1.343026010894679,False,True,1487,PV+/PNN-,60.37559244,8.767701627645716,0.0,0.0,0.0,False,NONE
1851,930,835,96.12429849,11.062967867954534,2738.0,22.628099173553718,0.0,0.0,0.0,1.3930578950939099,False,True,1488,PV+/PNN-,96.12429849,11.062967867954534,0.0,0.0,0.0,False,NONE
1852,927,1655,45.28169433,7.593052342343362,1107.0,19.42105263157895,0.0,0.0,0.0,1.747786936472959,False,True,1489,PV+/PNN-,45.28169433,7.593052342343362,0.0,0.0,0.0,False,NONE
1853,930,1139,117.57352212,12.235164803834003,4222.0,28.527027027027028,0.0,0.0,0.0,1.5140510115558241,False,True,1490,PV+/PNN-,117.57352212,12.235164803834003,0.0,0.0,0.0,False,NONE
1854,931,661,90.56338866,10.738197602350779,4075.0,35.74561403508772,0.0,0.0,0.0,1.3862655314584629,False,True,1492,PV+/PNN-,90.56338866,10.738197602350779,0.0,0.0,0.0,False,NONE
1855,931,1677,61.17000813,8.825195369105852,1031.0,13.38961038961039,0.0,0.0,0.0,1.5643240278177937,False,True,1493,PV+/PNN-,61.17000813,8.825195369105852,0.0,0.0,0.0,False,NONE
1856,932,565,54.81468261,8.354173898786094,1903.0,27.579710144927535,0.0,0.0,0.0,1.5179488833944597,False,True,1494,PV+/PNN-,54.81468261,8.354173898786094,0.0,0.0,0.0,False,NONE
1857,932,1877,68.31974934,9.326703948667076,1274.0,14.813953488372093,0.0,0.0,0.0,1.34976257547281,False,True,1495,PV+/PNN-,68.31974934,9.326703948667076,0.0,0.0,0.0,False,NONE
1858,934,2779,105.65728677,11.598579038183399,5687.0,42.7593984962406,0.0,0.0,0.0,1.4607619771988603,False,True,1496,PV+/PNN-,105.65728677,11.598579038183399,0.0,0.0,0.0,False,NONE
1859,934,2148,61.17000813,8.825195369105852,924.0,12.0,0.0,0.0,0.0,1.5960918388442473,False,True,1497,PV+/PNN-,61.17000813,8.825195369105852,0.0,0.0,0.0,False,NONE
1860,937,1112,151.73339679,13.899387074616612,3731.0,19.534031413612567,0.0,0.0,0.0,1.5096640388312967,False,True,1498,PV+/PNN-,151.73339679,13.899387074616612,0.0,0.0,0.0,False,NONE
1861,937,2492,127.1065104,12.72151859781572,1998.0,12.4875,0.0,0.0,0.0,1.4584072578727767,False,True,1499,PV+/PNN-,127.1065104,12.72151859781572,0.0,0.0,0.0,False,NONE
1862,937,2675,139.02274575,13.304482609502793,14931.0,85.32,0.0,0.0,0.0,1.4659785861674146,False,True,1500,PV+/PNN-,139.02274575,13.304482609502793,0.0,0.0,0.0,False,NONE
1863,936,1326,61.17000813,8.825195369105852,3806.0,49.42857142857143,0.0,0.0,0.0,1.62593432799031,False,True,1501,PV+/PNN-,61.17000813,8.825195369105852,0.0,0.0,0.0,False,NONE
1864,937,533,44.48727864,7.526151898686336,2551.0,45.55357142857143,0.0,0.0,0.0,1.4626429660096372,False,True,1503,PV+/PNN-,44.48727864,7.526151898686336,0.0,0.0,0.0,False,NONE
1865,942,20,156.49989093,14.116013951495509,3966.0,20.131979695431472,0.0,0.0,0.0,1.36472581074557,False,True,1504,PV+/PNN-,156.49989093,14.116013951495509,0.0,0.0,0.0,False,NONE
1866,942,1809,151.73339679,13.899387074616612,3397.0,17.785340314136125,0.0,0.0,0.0,1.4456294459245707,False,True,1505,PV+/PNN-,151.73339679,13.899387074616612,0.0,0.0,0.0,False,NONE
1867,942,366,87.3857259,10.548125988120718,4374.0,39.763636363636365,0.0,0.0,0.0,1.415111582087481,False,True,1506,PV+/PNN-,87.3857259,10.548125988120718,0.0,0.0,0.0,False,NONE
1868,941,482,60.37559244,8.767701627645716,5426.0,71.39473684210526,0.0,0.0,0.0,1.6561061485106496,False,True,1507,PV+/PNN-,60.37559244,8.767701627645716,0.0,0.0,0.0,False,NONE
1869,942,348,58.78676106,8.651568001725998,3307.0,44.689189189189186,0.0,0.0,0.0,1.3062008065291395,False,True,1508,PV+/PNN-,58.78676106,8.651568001725998,0.0,0.0,0.0,False,NONE
1870,944,1032,75.46949055,9.802588422925686,1430.0,15.052631578947368,0.0,0.0,0.0,1.3982295491783672,False,True,1509,PV+/PNN-,75.46949055,9.802588422925686,0.0,0.0,0.0,False,NONE
1871,946,1643,103.2740397,11.467021901548332,2783.0,21.407692307692308,0.0,0.0,0.0,1.621624569011896,False,True,1510,PV+/PNN-,103.2740397,11.467021901548332,0.0,0.0,0.0,False,NONE
1872,947,1396,131.87300454,12.957851838301272,4291.0,25.849397590361445,0.0,0.0,0.0,2.021912727498946,False,True,1511,PV+/PNN-,131.87300454,12.957851838301272,0.0,0.0,0.0,False,NONE
1873,947,103,131.07858885,12.91876320674319,3291.0,19.945454545454545,0.0,0.0,0.0,1.387707833989914,False,True,1512,PV+/PNN-,131.07858885,12.91876320674319,0.0,0.0,0.0,False,NONE
1874,944,1145,65.93650227,9.1625849044734,2242.0,27.012048192771083,0.0,0.0,0.0,1.3128143592859765,False,True,1513,PV+/PNN-,65.93650227,9.1625849044734,0.0,0.0,0.0,False,NONE
1875,947,1663,127.90092609,12.761211420003875,3389.0,21.049689440993788,0.0,0.0,0.0,1.3471393487449768,False,True,1514,PV+/PNN-,127.90092609,12.761211420003875,0.0,0.0,0.0,False,NONE
1876,947,2144,85.00247883,10.403293586497956,989.0,9.242990654205608,0.0,0.0,0.0,1.5961098325066807,False,True,1515,PV+/PNN-,85.00247883,10.403293586497956,0.0,0.0,0.0,False,NONE
1877,948,866,38.92636881,7.040070461425612,664.0,13.551020408163266,0.0,0.0,0.0,1.5082146473035378,False,True,1516,PV+/PNN-,38.92636881,7.040070461425612,0.0,0.0,0.0,False,NONE
1878,952,46,120.75118488,12.39940255265723,2516.0,16.55263157894737,0.0,0.0,0.0,1.4000826714882437,False,True,1517,PV+/PNN-,120.75118488,12.39940255265723,0.0,0.0,0.0,False,NONE
1879,950,844,55.6090983,8.414493627225879,1136.0,16.228571428571428,0.0,0.0,0.0,1.3480141145558502,False,True,1518,PV+/PNN-,55.6090983,8.414493627225879,0.0,0.0,0.0,False,NONE
1880,954,1431,120.75118488,12.39940255265723,2894.0,19.039473684210527,0.0,0.0,0.0,1.439095772748801,False,True,1519,PV+/PNN-,120.75118488,12.39940255265723,0.0,0.0,0.0,False,NONE
1881,951,2103,79.441569,10.057243516322302,1193.0,11.93,0.0,0.0,0.0,1.5432802596651187,False,True,1520,PV+/PNN-,79.441569,10.057243516322302,0.0,0.0,0.0,False,NONE
1882,949,2281,44.48727864,7.526151898686336,743.0,13.267857142857142,0.0,0.0,0.0,1.6519261733755901,False,True,1521,PV+/PNN-,44.48727864,7.526151898686336,0.0,0.0,0.0,False,NONE
1883,951,795,82.61923176,10.256416188536388,2537.0,24.39423076923077,0.0,0.0,0.0,1.3121531432625264,False,True,1522,PV+/PNN-,82.61923176,10.256416188536388,0.0,0.0,0.0,False,NONE
1884,953,1515,136.63949868,13.189951216443678,10819.0,62.901162790697676,0.0,0.0,0.0,1.8384697148681377,False,True,1523,PV+/PNN-,136.63949868,13.189951216443678,0.0,0.0,0.0,False,NONE
1885,952,1687,58.78676106,8.651568001725998,2195.0,29.66216216216216,0.0,0.0,0.0,1.8401003693205744,False,True,1524,PV+/PNN-,58.78676106,8.651568001725998,0.0,0.0,0.0,False,NONE
1886,951,942,68.31974934,9.326703948667076,1346.0,15.651162790697674,0.0,0.0,0.0,1.3445910713522244,False,True,1525,PV+/PNN-,68.31974934,9.326703948667076,0.0,0.0,0.0,False,NONE
1887,956,1801,133.46183592,13.035677474005707,1442.0,8.583333333333334,0.0,0.0,0.0,1.411902712286829,False,True,1526,PV+/PNN-,133.46183592,13.035677474005707,0.0,0.0,0.0,False,NONE
1888,953,899,54.02026692,8.293415464071046,1607.0,23.63235294117647,0.0,0.0,0.0,1.3963821640892644,False,True,1527,PV+/PNN-,54.02026692,8.293415464071046,0.0,0.0,0.0,False,NONE
1889,953,1985,59.58117675,8.70982837718145,2919.0,38.92,0.0,0.0,0.0,1.4172679425935193,False,True,1528,PV+/PNN-,59.58117675,8.70982837718145,0.0,0.0,0.0,False,NONE
1890,955,2491,125.51767902,12.64175907426016,2321.0,14.689873417721518,0.0,0.0,0.0,1.6527974424543745,False,True,1529,PV+/PNN-,125.51767902,12.64175907426016,0.0,0.0,0.0,False,NONE
1891,954,518,70.70299641,9.487984557348323,3674.0,41.28089887640449,0.0,0.0,0.0,1.4550133372378342,False,True,1530,PV+/PNN-,70.70299641,9.487984557348323,0.0,0.0,0.0,False,NONE
1892,955,195,81.03040038,10.157318055940708,3688.0,36.15686274509804,0.0,0.0,0.0,1.3262542021664883,False,True,1531,PV+/PNN-,81.03040038,10.157318055940708,0.0,0.0,0.0,False,NONE
1893,955,1323,30.98221191,6.280746562883805,1334.0,34.205128205128204,0.0,0.0,0.0,1.4482863591034514,False,True,1532,PV+/PNN-,30.98221191,6.280746562883805,0.0,0.0,0.0,False,NONE
1894,958,1562,109.62936522,11.814586030086609,4308.0,31.217391304347824,0.0,0.0,0.0,1.5088175560704307,False,True,1533,PV+/PNN-,109.62936522,11.814586030086609,0.0,0.0,0.0,False,NONE
1895,957,1920,143.78923989,13.53063732184699,3073.0,16.977900552486187,0.0,0.0,0.0,1.161836020578901,False,True,1534,PV+/PNN-,143.78923989,13.53063732184699,0.0,0.0,0.0,False,NONE
1896,958,302,87.3857259,10.548125988120718,7251.0,65.91818181818182,0.0,0.0,0.0,1.440718363096683,False,True,1535,PV+/PNN-,87.3857259,10.548125988120718,0.0,0.0,0.0,False,NONE
1897,959,1231,94.53546711,10.971157418634661,2787.0,23.42016806722689,0.0,0.0,0.0,1.5454105716986573,False,True,1536,PV+/PNN-,94.53546711,10.971157418634661,0.0,0.0,0.0,False,NONE
1898,959,2051,57.19792968,8.533854108523126,912.0,12.666666666666666,0.0,0.0,0.0,1.5648588394512357,False,True,1537,PV+/PNN-,57.19792968,8.533854108523126,0.0,0.0,0.0,False,NONE
1899,961,1148,71.4974121,9.54113894836179,1710.0,19.0,0.0,0.0,0.0,1.3400133325195582,False,True,1539,PV+/PNN-,71.4974121,9.54113894836179,0.0,0.0,0.0,False,NONE
1900,962,2300,90.56338866,10.738197602350779,1888.0,16.56140350877193,0.0,0.0,0.0,1.6398506896520844,False,True,1540,PV+/PNN-,90.56338866,10.738197602350779,0.0,0.0,0.0,False,NONE
1901,960,784,42.104031570000004,7.321783798208037,878.0,16.566037735849058,0.0,0.0,0.0,1.4643162705212507,False,True,1541,PV+/PNN-,42.104031570000004,7.321783798208037,0.0,0.0,0.0,False,NONE
1902,963,1310,110.42378091,11.857315232959936,4461.0,32.093525179856115,0.0,0.0,0.0,1.3417138796112753,False,True,1542,PV+/PNN-,110.42378091,11.857315232959936,0.0,0.0,0.0,False,NONE
1903,960,2090,81.82481607,10.206987389088184,2897.0,28.12621359223301,0.0,0.0,0.0,1.607718539908357,False,True,1543,PV+/PNN-,81.82481607,10.206987389088184,0.0,0.0,0.0,False,NONE
1904,963,822,80.23598469,10.107404643036364,1530.0,15.148514851485148,0.0,0.0,0.0,1.5015795033692054,False,True,1544,PV+/PNN-,80.23598469,10.107404643036364,0.0,0.0,0.0,False,NONE
1905,964,2012,92.94663573,10.878572156378345,3027.0,25.871794871794872,0.0,0.0,0.0,1.8892344369407224,False,True,1545,PV+/PNN-,92.94663573,10.878572156378345,0.0,0.0,0.0,False,NONE
1906,963,2287,68.31974934,9.326703948667076,1140.0,13.255813953488373,0.0,0.0,0.0,1.6169569550363931,False,True,1546,PV+/PNN-,68.31974934,9.326703948667076,0.0,0.0,0.0,False,NONE
1907,962,1869,56.40351399,8.474384017383858,1131.0,15.929577464788732,0.0,0.0,0.0,1.2851794723706627,False,True,1547,PV+/PNN-,56.40351399,8.474384017383858,0.0,0.0,0.0,False,NONE
1908,965,2208,104.86287108,11.554893086200376,1389.0,10.522727272727273,0.0,0.0,0.0,1.6767949143306422,False,True,1548,PV+/PNN-,104.86287108,11.554893086200376,0.0,0.0,0.0,False,NONE
1909,966,63,112.80702798,11.984588810142046,2644.0,18.619718309859156,0.0,0.0,0.0,1.4945039924440322,False,True,1549,PV+/PNN-,112.80702798,11.984588810142046,0.0,0.0,0.0,False,NONE
1910,969,1569,101.68520832,11.378472144697502,5067.0,39.5859375,0.0,0.0,0.0,1.494658963059735,False,True,1550,PV+/PNN-,101.68520832,11.378472144697502,0.0,0.0,0.0,False,NONE
1911,966,1609,85.00247883,10.403293586497956,2069.0,19.33644859813084,0.0,0.0,0.0,1.402830907476575,False,True,1551,PV+/PNN-,85.00247883,10.403293586497956,0.0,0.0,0.0,False,NONE
1912,967,2190,87.3857259,10.548125988120718,1100.0,10.0,0.0,0.0,0.0,1.5498841137148602,False,True,1552,PV+/PNN-,87.3857259,10.548125988120718,0.0,0.0,0.0,False,NONE
1913,969,1083,88.97455728,10.643586087602236,2252.0,20.107142857142858,0.0,0.0,0.0,1.3057893990665221,False,True,1553,PV+/PNN-,88.97455728,10.643586087602236,0.0,0.0,0.0,False,NONE
1914,967,704,27.80454915,5.949945504062407,1586.0,45.31428571428572,0.0,0.0,0.0,1.4020193933008214,False,True,1554,PV+/PNN-,27.80454915,5.949945504062407,0.0,0.0,0.0,False,NONE
1915,969,1891,125.51767902,12.64175907426016,2095.0,13.259493670886076,0.0,0.0,0.0,1.3300257591138667,False,True,1555,PV+/PNN-,125.51767902,12.64175907426016,0.0,0.0,0.0,False,NONE
1916,971,2321,92.94663573,10.878572156378345,1947.0,16.641025641025642,0.0,0.0,0.0,1.50720614536619,False,True,1556,PV+/PNN-,92.94663573,10.878572156378345,0.0,0.0,0.0,False,NONE
1917,974,2348,156.49989093,14.116013951495509,3307.0,16.78680203045685,0.0,0.0,0.0,1.9592300238632983,False,True,1557,PV+/PNN-,156.49989093,14.116013951495509,0.0,0.0,0.0,False,NONE
1918,972,677,85.79689452,10.451794052617739,2304.0,21.333333333333332,0.0,0.0,0.0,1.6142754343812746,False,True,1558,PV+/PNN-,85.79689452,10.451794052617739,0.0,0.0,0.0,False,NONE
1919,971,1774,56.40351399,8.474384017383858,2075.0,29.225352112676056,0.0,0.0,0.0,1.3164998494389974,False,True,1559,PV+/PNN-,56.40351399,8.474384017383858,0.0,0.0,0.0,False,NONE
1920,973,140,112.80702798,11.984588810142046,2810.0,19.788732394366196,0.0,0.0,0.0,1.5080761558403106,False,True,1560,PV+/PNN-,112.80702798,11.984588810142046,0.0,0.0,0.0,False,NONE
1921,974,1810,160.47196938,14.294028726574819,3358.0,16.623762376237625,0.0,0.0,0.0,1.508918601626142,False,True,1561,PV+/PNN-,160.47196938,14.294028726574819,0.0,0.0,0.0,False,NONE
1922,973,791,71.4974121,9.54113894836179,1819.0,20.211111111111112,0.0,0.0,0.0,1.4421409620416388,False,True,1562,PV+/PNN-,71.4974121,9.54113894836179,0.0,0.0,0.0,False,NONE
1923,974,2572,73.08624348000001,9.646569098642193,2315.0,25.16304347826087,0.0,0.0,0.0,1.4462411070557615,False,True,1563,PV+/PNN-,73.08624348000001,9.646569098642193,0.0,0.0,0.0,False,NONE
1924,975,1698,81.82481607,10.206987389088184,4506.0,43.74757281553398,0.0,0.0,0.0,1.33712669970892,False,True,1564,PV+/PNN-,81.82481607,10.206987389088184,0.0,0.0,0.0,False,NONE
1925,975,1763,65.14208658,9.10722134683339,1456.0,17.75609756097561,0.0,0.0,0.0,1.3984293723799457,False,True,1565,PV+/PNN-,65.14208658,9.10722134683339,0.0,0.0,0.0,False,NONE
1926,976,2066,106.45170246,11.642101063659146,2284.0,17.044776119402986,0.0,0.0,0.0,1.7662744881897154,False,True,1566,PV+/PNN-,106.45170246,11.642101063659146,0.0,0.0,0.0,False,NONE
1927,979,1845,145.37807127,13.6051868520168,3798.0,20.75409836065574,0.0,0.0,0.0,1.3605765768032874,False,True,1567,PV+/PNN-,145.37807127,13.6051868520168,0.0,0.0,0.0,False,NONE
1928,977,2090,117.57352212,12.235164803834003,2483.0,16.777027027027028,0.0,0.0,0.0,1.5491100822832164,False,True,1568,PV+/PNN-,117.57352212,12.235164803834003,0.0,0.0,0.0,False,NONE
1929,979,2137,109.62936522,11.814586030086609,1578.0,11.434782608695652,0.0,0.0,0.0,1.73334078086126,False,True,1569,PV+/PNN-,109.62936522,11.814586030086609,0.0,0.0,0.0,False,NONE
1930,981,1515,147.76131834,13.716251444643651,4986.0,26.806451612903224,0.0,0.0,0.0,1.5920911027863376,False,True,1570,PV+/PNN-,147.76131834,13.716251444643651,0.0,0.0,0.0,False,NONE
1931,978,815,75.46949055,9.802588422925686,1464.0,15.410526315789474,0.0,0.0,0.0,1.4544084149935694,False,True,1571,PV+/PNN-,75.46949055,9.802588422925686,0.0,0.0,0.0,False,NONE
1932,981,1395,158.883138,14.223090180871878,5381.0,26.905,0.0,0.0,0.0,1.5117771803972186,False,True,1572,PV+/PNN-,158.883138,14.223090180871878,0.0,0.0,0.0,False,NONE
1933,979,2038,94.53546711,10.971157418634661,2354.0,19.781512605042018,0.0,0.0,0.0,1.4806291531349087,False,True,1573,PV+/PNN-,94.53546711,10.971157418634661,0.0,0.0,0.0,False,NONE
1934,978,2229,46.87052571,7.72511532706782,728.0,12.338983050847459,0.0,0.0,0.0,1.6609001312926674,False,True,1574,PV+/PNN-,46.87052571,7.72511532706782,0.0,0.0,0.0,False,NONE
1935,979,496,65.14208658,9.10722134683339,2737.0,33.3780487804878,0.0,0.0,0.0,1.6831774346292558,False,True,1575,PV+/PNN-,65.14208658,9.10722134683339,0.0,0.0,0.0,False,NONE
1936,982,1182,92.15222004,10.83198276817611,2764.0,23.82758620689655,0.0,0.0,0.0,1.3419161554277836,False,True,1576,PV+/PNN-,92.15222004,10.83198276817611,0.0,0.0,0.0,False,NONE
1937,981,2014,100.89079263,11.333937836259333,2898.0,22.818897637795274,0.0,0.0,0.0,1.3902794778348773,False,True,1577,PV+/PNN-,100.89079263,11.333937836259333,0.0,0.0,0.0,False,NONE
1938,983,2180,123.92884764,12.56149312576761,1786.0,11.448717948717949,0.0,0.0,0.0,1.5594736976960393,False,True,1578,PV+/PNN-,123.92884764,12.56149312576761,0.0,0.0,0.0,False,NONE
1939,981,706,58.78676106,8.651568001725998,2530.0,34.189189189189186,0.0,0.0,0.0,1.958299522058641,False,True,1579,PV+/PNN-,58.78676106,8.651568001725998,0.0,0.0,0.0,False,NONE
1940,983,1329,99.30196125,11.244340084382843,3920.0,31.36,0.0,0.0,0.0,1.7386734760184928,False,True,1580,PV+/PNN-,99.30196125,11.244340084382843,0.0,0.0,0.0,False,NONE
1941,984,667,65.93650227,9.1625849044734,1902.0,22.91566265060241,0.0,0.0,0.0,1.4905354868355745,False,True,1581,PV+/PNN-,65.93650227,9.1625849044734,0.0,0.0,0.0,False,NONE
1942,986,1099,158.08872231,14.187487896796528,5945.0,29.87437185929648,0.0,0.0,0.0,1.4314671430864823,False,True,1582,PV+/PNN-,158.08872231,14.187487896796528,0.0,0.0,0.0,False,NONE
1943,984,1896,125.51767902,12.64175907426016,2027.0,12.829113924050633,0.0,0.0,0.0,1.4721766603524917,False,True,1583,PV+/PNN-,125.51767902,12.64175907426016,0.0,0.0,0.0,False,NONE
1944,986,2559,156.49989093,14.116013951495509,6137.0,31.15228426395939,0.0,0.0,0.0,1.7146555058085367,False,True,1584,PV+/PNN-,156.49989093,14.116013951495509,0.0,0.0,0.0,False,NONE
1945,984,629,70.70299641,9.487984557348323,4610.0,51.79775280898876,0.0,0.0,0.0,1.591603026595021,False,True,1585,PV+/PNN-,70.70299641,9.487984557348323,0.0,0.0,0.0,False,NONE
1946,986,1471,119.95676919,12.358547737957586,3254.0,21.549668874172184,0.0,0.0,0.0,1.4849523145367685,False,True,1586,PV+/PNN-,119.95676919,12.358547737957586,0.0,0.0,0.0,False,NONE
1947,985,2612,85.00247883,10.403293586497956,2350.0,21.962616822429908,0.0,0.0,0.0,1.4201498075688785,False,True,1587,PV+/PNN-,85.00247883,10.403293586497956,0.0,0.0,0.0,False,NONE
1948,988,1706,138.22833006,13.266415342325757,2916.0,16.75862068965517,0.0,0.0,0.0,1.4347852734859607,False,True,1588,PV+/PNN-,138.22833006,13.266415342325757,0.0,0.0,0.0,False,NONE
1949,986,2728,88.18014159,10.595963539609496,4266.0,38.432432432432435,0.0,0.0,0.0,1.5813310377612486,False,True,1589,PV+/PNN-,88.18014159,10.595963539609496,0.0,0.0,0.0,False,NONE
1950,988,2747,135.84508299,13.151552441468574,12731.0,74.45029239766082,0.0,0.0,0.0,1.6584902824765728,False,True,1590,PV+/PNN-,135.84508299,13.151552441468574,0.0,0.0,0.0,False,NONE
1951,989,1555,106.45170246,11.642101063659146,3193.0,23.828358208955223,0.0,0.0,0.0,1.3519495299516646,False,True,1591,PV+/PNN-,106.45170246,11.642101063659146,0.0,0.0,0.0,False,NONE
1952,988,2198,116.77910643,12.193759728054031,1599.0,10.877551020408163,0.0,0.0,0.0,1.7401700928935169,False,True,1592,PV+/PNN-,116.77910643,12.193759728054031,0.0,0.0,0.0,False,NONE
1953,987,1073,50.84260416,8.045794813057842,5164.0,80.6875,0.0,0.0,0.0,1.37015230786491,False,True,1593,PV+/PNN-,50.84260416,8.045794813057842,0.0,0.0,0.0,False,NONE
1954,988,145,52.43143554,8.17054325713784,2207.0,33.43939393939394,0.0,0.0,0.0,1.6037931263658118,False,True,1594,PV+/PNN-,52.43143554,8.17054325713784,0.0,0.0,0.0,False,NONE
1955,991,1131,123.92884764,12.56149312576761,5158.0,33.06410256410256,0.0,0.0,0.0,1.3646582753756928,False,True,1595,PV+/PNN-,123.92884764,12.56149312576761,0.0,0.0,0.0,False,NONE
1956,989,1255,95.32988280000001,11.017158280424603,3462.0,28.85,0.0,0.0,0.0,1.3472199192801888,False,True,1596,PV+/PNN-,95.32988280000001,11.017158280424603,0.0,0.0,0.0,False,NONE
1957,988,1778,50.84260416,8.045794813057842,2061.0,32.203125,0.0,0.0,0.0,1.4882888551195346,False,True,1597,PV+/PNN-,50.84260416,8.045794813057842,0.0,0.0,0.0,False,NONE
1958,990,1969,100.89079263,11.333937836259333,3116.0,24.53543307086614,0.0,0.0,0.0,1.5040932889926444,False,True,1598,PV+/PNN-,100.89079263,11.333937836259333,0.0,0.0,0.0,False,NONE
1959,988,656,50.84260416,8.045794813057842,1164.0,18.1875,0.0,0.0,0.0,1.3226660486743256,False,True,1599,PV+/PNN-,50.84260416,8.045794813057842,0.0,0.0,0.0,False,NONE
1960,988,1229,64.34767089,9.051519164690074,2108.0,26.02469135802469,0.0,0.0,0.0,1.3003885443626935,False,True,1600,PV+/PNN-,64.34767089,9.051519164690074,0.0,0.0,0.0,False,NONE
1961,992,734,78.64715331000001,10.006830950662698,2239.0,22.616161616161616,0.0,0.0,0.0,1.431583780397494,False,True,1601,PV+/PNN-,78.64715331000001,10.006830950662698,0.0,0.0,0.0,False,NONE
1962,995,1793,123.13443195,12.521167201073583,2369.0,15.283870967741935,0.0,0.0,0.0,1.5040179779513487,False,True,1602,PV+/PNN-,123.13443195,12.521167201073583,0.0,0.0,0.0,False,NONE
1963,995,1859,152.52781248,13.93572540349032,4432.0,23.083333333333332,0.0,0.0,0.0,1.397177008217275,False,True,1603,PV+/PNN-,152.52781248,13.93572540349032,0.0,0.0,0.0,False,NONE
1964,994,2212,67.52533365000001,9.272320371655413,1204.0,14.16470588235294,0.0,0.0,0.0,1.5967373879453197,False,True,1604,PV+/PNN-,67.52533365000001,9.272320371655413,0.0,0.0,0.0,False,NONE
1965,994,2338,50.84260416,8.045794813057842,1040.0,16.25,0.0,0.0,0.0,1.4767068406828068,False,True,1605,PV+/PNN-,50.84260416,8.045794813057842,0.0,0.0,0.0,False,NONE
1966,994,2477,50.04818847,7.982689565701676,1072.0,17.015873015873016,0.0,0.0,0.0,1.6225115335362812,False,True,1606,PV+/PNN-,50.04818847,7.982689565701676,0.0,0.0,0.0,False,NONE
1967,997,2686,139.02274575,13.304482609502793,7617.0,43.52571428571429,0.0,0.0,0.0,1.3672865865785653,False,True,1607,PV+/PNN-,139.02274575,13.304482609502793,0.0,0.0,0.0,False,NONE
1968,998,710,110.42378091,11.857315232959936,2064.0,14.848920863309353,0.0,0.0,0.0,1.6792754399427288,False,True,1608,PV+/PNN-,110.42378091,11.857315232959936,0.0,0.0,0.0,False,NONE
1969,997,1279,93.74105142,10.924962866435578,4513.0,38.24576271186441,0.0,0.0,0.0,1.486266910226343,False,True,1609,PV+/PNN-,93.74105142,10.924962866435578,0.0,0.0,0.0,False,NONE
1970,999,1484,112.01261229,11.942314996545514,3803.0,26.97163120567376,0.0,0.0,0.0,1.4446468390185876,False,True,1610,PV+/PNN-,112.01261229,11.942314996545514,0.0,0.0,0.0,False,NONE
1971,998,1663,119.95676919,12.358547737957586,3313.0,21.94039735099338,0.0,0.0,0.0,1.4496079949841578,False,True,1611,PV+/PNN-,119.95676919,12.358547737957586,0.0,0.0,0.0,False,NONE
1972,996,2044,50.84260416,8.045794813057842,1208.0,18.875,0.0,0.0,0.0,1.5473571287468468,False,True,1612,PV+/PNN-,50.84260416,8.045794813057842,0.0,0.0,0.0,False,NONE
1973,998,1168,112.01261229,11.942314996545514,3602.0,25.54609929078014,0.0,0.0,0.0,1.438338337538157,False,True,1613,PV+/PNN-,112.01261229,11.942314996545514,0.0,0.0,0.0,False,NONE
1974,1002,1964,108.04053384,11.728660627684029,2690.0,19.779411764705884,0.0,0.0,0.0,1.527190797727603,False,True,1615,PV+/PNN-,108.04053384,11.728660627684029,0.0,0.0,0.0,False,NONE
1975,1001,1984,93.74105142,10.924962866435578,2803.0,23.75423728813559,0.0,0.0,0.0,1.536521074561976,False,True,1616,PV+/PNN-,93.74105142,10.924962866435578,0.0,0.0,0.0,False,NONE
1976,998,2568,52.43143554,8.17054325713784,1177.0,17.833333333333332,0.0,0.0,0.0,1.3791722403201798,False,True,1617,PV+/PNN-,52.43143554,8.17054325713784,0.0,0.0,0.0,False,NONE
1977,1002,498,76.26390624,9.854045933561641,3292.0,34.291666666666664,0.0,0.0,0.0,1.623798424029251,False,True,1618,PV+/PNN-,76.26390624,9.854045933561641,0.0,0.0,0.0,False,NONE
1978,1001,1391,92.94663573,10.878572156378345,4049.0,34.60683760683761,0.0,0.0,0.0,1.3754285588860862,False,True,1619,PV+/PNN-,92.94663573,10.878572156378345,0.0,0.0,0.0,False,NONE
1979,1001,1528,59.58117675,8.70982837718145,1747.0,23.293333333333333,0.0,0.0,0.0,1.4113379512019144,False,True,1620,PV+/PNN-,59.58117675,8.70982837718145,0.0,0.0,0.0,False,NONE
1980,1004,1267,139.02274575,13.304482609502793,5973.0,34.13142857142857,0.0,0.0,0.0,1.383382277498635,False,True,1621,PV+/PNN-,139.02274575,13.304482609502793,0.0,0.0,0.0,False,NONE
1981,1005,1242,108.04053384,11.728660627684029,4281.0,31.477941176470587,0.0,0.0,0.0,1.338608350898998,False,True,1622,PV+/PNN-,108.04053384,11.728660627684029,0.0,0.0,0.0,False,NONE
1982,1004,1948,88.97455728,10.643586087602236,2148.0,19.178571428571427,0.0,0.0,0.0,1.4679376011807126,False,True,1623,PV+/PNN-,88.97455728,10.643586087602236,0.0,0.0,0.0,False,NONE
1983,1007,2218,93.74105142,10.924962866435578,1397.0,11.838983050847459,0.0,0.0,0.0,1.5679299272717466,False,True,1624,PV+/PNN-,93.74105142,10.924962866435578,0.0,0.0,0.0,False,NONE
1984,1009,2143,87.3857259,10.548125988120718,2417.0,21.972727272727273,0.0,0.0,0.0,1.809321237097565,False,True,1625,PV+/PNN-,87.3857259,10.548125988120718,0.0,0.0,0.0,False,NONE
1985,1008,2731,122.34001626,12.48071098158173,7210.0,46.81818181818182,0.0,0.0,0.0,1.4189622258482633,False,True,1626,PV+/PNN-,122.34001626,12.48071098158173,0.0,0.0,0.0,False,NONE
1986,1008,745,101.68520832,11.378472144697502,1769.0,13.8203125,0.0,0.0,0.0,1.5815240713351941,False,True,1627,PV+/PNN-,101.68520832,11.378472144697502,0.0,0.0,0.0,False,NONE
1987,1009,1133,88.18014159,10.595963539609496,2504.0,22.55855855855856,0.0,0.0,0.0,1.3703088215735146,False,True,1628,PV+/PNN-,88.18014159,10.595963539609496,0.0,0.0,0.0,False,NONE
1988,1010,1819,93.74105142,10.924962866435578,2169.0,18.38135593220339,0.0,0.0,0.0,1.3047237415638693,False,True,1629,PV+/PNN-,93.74105142,10.924962866435578,0.0,0.0,0.0,False,NONE
1989,1008,2465,80.23598469,10.107404643036364,1433.0,14.188118811881187,0.0,0.0,0.0,1.9932990865839502,False,True,1630,PV+/PNN-,80.23598469,10.107404643036364,0.0,0.0,0.0,False,NONE
1990,1010,1411,73.88065917,9.698854408967303,2574.0,27.677419354838708,0.0,0.0,0.0,1.3725060720891482,False,True,1631,PV+/PNN-,73.88065917,9.698854408967303,0.0,0.0,0.0,False,NONE
1991,1010,2394,99.30196125,11.244340084382843,5300.0,42.4,0.0,0.0,0.0,1.8513433124589818,False,True,1632,PV+/PNN-,99.30196125,11.244340084382843,0.0,0.0,0.0,False,NONE
1992,1011,1301,85.00247883,10.403293586497956,2921.0,27.299065420560748,0.0,0.0,0.0,1.4915036759491684,False,True,1633,PV+/PNN-,85.00247883,10.403293586497956,0.0,0.0,0.0,False,NONE
1993,1011,1636,73.08624348000001,9.646569098642193,2087.0,22.684782608695652,0.0,0.0,0.0,1.2867114473359618,False,True,1634,PV+/PNN-,73.08624348000001,9.646569098642193,0.0,0.0,0.0,False,NONE
1994,1014,725,78.64715331000001,10.006830950662698,1025.0,10.353535353535353,0.0,0.0,0.0,1.4525483964284196,False,True,1635,PV+/PNN-,78.64715331000001,10.006830950662698,0.0,0.0,0.0,False,NONE
1995,1012,797,58.78676106,8.651568001725998,1388.0,18.756756756756758,0.0,0.0,0.0,1.4554522790543252,False,True,1636,PV+/PNN-,58.78676106,8.651568001725998,0.0,0.0,0.0,False,NONE
1996,1013,1939,112.01261229,11.942314996545514,2937.0,20.829787234042552,0.0,0.0,0.0,1.3883960341514154,False,True,1637,PV+/PNN-,112.01261229,11.942314996545514,0.0,0.0,0.0,False,NONE
1997,1013,2289,81.03040038,10.157318055940708,2073.0,20.323529411764707,0.0,0.0,0.0,1.7702768419055155,False,True,1638,PV+/PNN-,81.03040038,10.157318055940708,0.0,0.0,0.0,False,NONE
1998,1012,662,52.43143554,8.17054325713784,1679.0,25.439393939393938,0.0,0.0,0.0,1.448804714994326,False,True,1639,PV+/PNN-,52.43143554,8.17054325713784,0.0,0.0,0.0,False,NONE
1999,1015,771,120.75118488,12.39940255265723,1500.0,9.868421052631579,0.0,0.0,0.0,1.588808548836189,False,True,1640,PV+/PNN-,120.75118488,12.39940255265723,0.0,0.0,0.0,False,NONE
2000,1013,2564,58.78676106,8.651568001725998,1150.0,15.54054054054054,0.0,0.0,0.0,1.6016986883743054,False,True,1641,PV+/PNN-,58.78676106,8.651568001725998,0.0,0.0,0.0,False,NONE
2001,1012,2862,27.80454915,5.949945504062407,1253.0,35.8,0.0,0.0,0.0,1.6095690920069854,False,True,1642,PV+/PNN-,27.80454915,5.949945504062407,0.0,0.0,0.0,False,NONE
2002,1017,1339,97.71312987,11.154022637162193,3138.0,25.51219512195122,0.0,0.0,0.0,1.51443784218522,False,True,1643,PV+/PNN-,97.71312987,11.154022637162193,0.0,0.0,0.0,False,NONE
2003,1016,2453,71.4974121,9.54113894836179,1506.0,16.733333333333334,0.0,0.0,0.0,1.6809878375368272,False,True,1644,PV+/PNN-,71.4974121,9.54113894836179,0.0,0.0,0.0,False,NONE
2004,1016,2439,69.90858072,9.434530697868027,2075.0,23.579545454545453,0.0,0.0,0.0,1.7933169989668136,False,True,1645,PV+/PNN-,69.90858072,9.434530697868027,0.0,0.0,0.0,False,NONE
2005,1018,617,85.00247883,10.403293586497956,4709.0,44.00934579439252,0.0,0.0,0.0,1.6674637008869708,False,True,1646,PV+/PNN-,85.00247883,10.403293586497956,0.0,0.0,0.0,False,NONE
2006,1017,647,78.64715331000001,10.006830950662698,2205.0,22.272727272727273,0.0,0.0,0.0,1.434578725544769,False,True,1647,PV+/PNN-,78.64715331000001,10.006830950662698,0.0,0.0,0.0,False,NONE
2007,1019,1587,154.91105955,14.044176264056345,10208.0,52.34871794871795,0.0,0.0,0.0,1.4254786999049718,False,True,1648,PV+/PNN-,154.91105955,14.044176264056345,0.0,0.0,0.0,False,NONE
2008,1017,1958,75.46949055,9.802588422925686,1943.0,20.45263157894737,0.0,0.0,0.0,1.4161755757582235,False,True,1649,PV+/PNN-,75.46949055,9.802588422925686,0.0,0.0,0.0,False,NONE
2009,1018,2236,77.85273762,9.956163126610313,1122.0,11.448979591836734,0.0,0.0,0.0,1.922708943553457,False,True,1650,PV+/PNN-,77.85273762,9.956163126610313,0.0,0.0,0.0,False,NONE
2010,1018,2483,81.82481607,10.206987389088184,2023.0,19.640776699029125,0.0,0.0,0.0,1.571015923285561,False,True,1651,PV+/PNN-,81.82481607,10.206987389088184,0.0,0.0,0.0,False,NONE
2011,1020,2668,112.01261229,11.942314996545514,5100.0,36.170212765957444,0.0,0.0,0.0,1.5860624138715718,False,True,1652,PV+/PNN-,112.01261229,11.942314996545514,0.0,0.0,0.0,False,NONE
2012,1018,1056,62.75883951,8.93907356753593,2138.0,27.063291139240505,0.0,0.0,0.0,1.5172145696558184,False,True,1653,PV+/PNN-,62.75883951,8.93907356753593,0.0,0.0,0.0,False,NONE
2013,1024,611,87.3857259,10.548125988120718,2941.0,26.736363636363638,0.0,0.0,0.0,1.8470575459532312,False,True,1654,PV+/PNN-,87.3857259,10.548125988120718,0.0,0.0,0.0,False,NONE
2014,1021,2183,67.52533365000001,9.272320371655413,1055.0,12.411764705882353,0.0,0.0,0.0,1.6438284960551215,False,True,1655,PV+/PNN-,67.52533365000001,9.272320371655413,0.0,0.0,0.0,False,NONE
2015,1025,1190,112.01261229,11.942314996545514,3783.0,26.829787234042552,0.0,0.0,0.0,1.3920759933483333,False,True,1656,PV+/PNN-,112.01261229,11.942314996545514,0.0,0.0,0.0,False,NONE
2016,1024,1930,103.2740397,11.467021901548332,5311.0,40.853846153846156,0.0,0.0,0.0,1.5378064214574834,False,True,1657,PV+/PNN-,103.2740397,11.467021901548332,0.0,0.0,0.0,False,NONE
2017,1023,2301,57.19792968,8.533854108523126,4589.0,63.736111111111114,0.0,0.0,0.0,1.8170893760733098,False,True,1658,PV+/PNN-,57.19792968,8.533854108523126,0.0,0.0,0.0,False,NONE
2018,1025,1252,96.12429849,11.062967867954534,4063.0,33.578512396694215,0.0,0.0,0.0,1.4359400642480762,False,True,1660,PV+/PNN-,96.12429849,11.062967867954534,0.0,0.0,0.0,False,NONE
2019,1027,1465,95.32988280000001,11.017158280424603,5017.0,41.80833333333333,0.0,0.0,0.0,1.3299241110546751,False,True,1662,PV+/PNN-,95.32988280000001,11.017158280424603,0.0,0.0,0.0,False,NONE
2020,1027,1917,135.05066730000001,13.113041224263421,4889.0,28.758823529411764,0.0,0.0,0.0,1.2963135593559354,False,True,1663,PV+/PNN-,135.05066730000001,13.113041224263421,0.0,0.0,0.0,False,NONE
2021,1028,728,88.18014159,10.595963539609496,2148.0,19.35135135135135,0.0,0.0,0.0,1.5666396176469128,False,True,1664,PV+/PNN-,88.18014159,10.595963539609496,0.0,0.0,0.0,False,NONE
2022,1030,1045,134.25625161,13.074416571218995,3690.0,21.83431952662722,0.0,0.0,0.0,1.5066213335918701,False,True,1665,PV+/PNN-,134.25625161,13.074416571218995,0.0,0.0,0.0,False,NONE
2023,1029,1089,97.71312987,11.154022637162193,3876.0,31.51219512195122,0.0,0.0,0.0,1.3842672994426786,False,True,1666,PV+/PNN-,97.71312987,11.154022637162193,0.0,0.0,0.0,False,NONE
2024,1029,1316,150.14456541,13.82642390884524,4823.0,25.51851851851852,0.0,0.0,0.0,1.4573973552382937,False,True,1667,PV+/PNN-,150.14456541,13.82642390884524,0.0,0.0,0.0,False,NONE
2025,1029,2634,141.40599282,13.418036440588484,3628.0,20.382022471910112,0.0,0.0,0.0,1.834382870787825,False,True,1669,PV+/PNN-,141.40599282,13.418036440588484,0.0,0.0,0.0,False,NONE
2026,1030,2186,77.85273762,9.956163126610313,973.0,9.928571428571429,0.0,0.0,0.0,1.7479859829079618,False,True,1670,PV+/PNN-,77.85273762,9.956163126610313,0.0,0.0,0.0,False,NONE
2027,1028,2287,38.92636881,7.040070461425612,812.0,16.571428571428573,0.0,0.0,0.0,1.6685664553418278,False,True,1671,PV+/PNN-,38.92636881,7.040070461425612,0.0,0.0,0.0,False,NONE
2028,1033,703,134.25625161,13.074416571218995,2867.0,16.964497041420117,0.0,0.0,0.0,1.4798661949167307,False,True,1672,PV+/PNN-,134.25625161,13.074416571218995,0.0,0.0,0.0,False,NONE
2029,1032,2785,107.24611815,11.68546099424064,6250.0,46.2962962962963,0.0,0.0,0.0,1.5983523093482621,False,True,1673,PV+/PNN-,107.24611815,11.68546099424064,0.0,0.0,0.0,False,NONE
2030,1031,2839,82.61923176,10.256416188536388,5506.0,52.94230769230769,0.0,0.0,0.0,1.5102946825493175,False,True,1674,PV+/PNN-,82.61923176,10.256416188536388,0.0,0.0,0.0,False,NONE
2031,1035,1997,125.51767902,12.64175907426016,3036.0,19.21518987341772,0.0,0.0,0.0,1.5965000558252163,False,True,1675,PV+/PNN-,125.51767902,12.64175907426016,0.0,0.0,0.0,False,NONE
2032,1034,759,72.29182779,9.593998848416254,1346.0,14.791208791208792,0.0,0.0,0.0,1.4148894295628205,False,True,1676,PV+/PNN-,72.29182779,9.593998848416254,0.0,0.0,0.0,False,NONE
2033,1037,800,161.26638507,14.329366305165495,5901.0,29.06896551724138,0.0,0.0,0.0,1.5869299623099724,False,True,1678,PV+/PNN-,161.26638507,14.329366305165495,0.0,0.0,0.0,False,NONE
2034,1038,1273,132.66742023,12.996822909266468,5988.0,35.8562874251497,0.0,0.0,0.0,1.635186249002369,False,True,1679,PV+/PNN-,132.66742023,12.996822909266468,0.0,0.0,0.0,False,NONE
2035,1037,2696,135.84508299,13.151552441468574,5710.0,33.39181286549707,0.0,0.0,0.0,1.5947688837509961,False,True,1681,PV+/PNN-,135.84508299,13.151552441468574,0.0,0.0,0.0,False,NONE
2036,1038,2390,92.94663573,10.878572156378345,2138.0,18.273504273504273,0.0,0.0,0.0,1.7523884817498454,False,True,1682,PV+/PNN-,92.94663573,10.878572156378345,0.0,0.0,0.0,False,NONE
2037,1040,664,110.42378091,11.857315232959936,3476.0,25.007194244604317,0.0,0.0,0.0,1.5352918360098813,False,True,1683,PV+/PNN-,110.42378091,11.857315232959936,0.0,0.0,0.0,False,NONE
2038,1039,1142,61.96442382,8.88231697105848,1914.0,24.53846153846154,0.0,0.0,0.0,1.4283296573047817,False,True,1684,PV+/PNN-,61.96442382,8.88231697105848,0.0,0.0,0.0,False,NONE
2039,1040,1792,107.24611815,11.68546099424064,3797.0,28.125925925925927,0.0,0.0,0.0,1.3682906062850804,False,True,1685,PV+/PNN-,107.24611815,11.68546099424064,0.0,0.0,0.0,False,NONE
2040,1039,2052,65.93650227,9.1625849044734,1245.0,15.0,0.0,0.0,0.0,1.4646364280469397,False,True,1686,PV+/PNN-,65.93650227,9.1625849044734,0.0,0.0,0.0,False,NONE
2041,1040,2463,86.59131021,10.500070494515816,1086.0,9.963302752293577,0.0,0.0,0.0,1.7538357567601464,False,True,1687,PV+/PNN-,86.59131021,10.500070494515816,0.0,0.0,0.0,False,NONE
2042,1041,582,93.74105142,10.924962866435578,2282.0,19.338983050847457,0.0,0.0,0.0,1.4209364965900204,False,True,1688,PV+/PNN-,93.74105142,10.924962866435578,0.0,0.0,0.0,False,NONE
2043,1040,633,67.52533365000001,9.272320371655413,1797.0,21.141176470588235,0.0,0.0,0.0,1.6403402658247659,False,True,1689,PV+/PNN-,67.52533365000001,9.272320371655413,0.0,0.0,0.0,False,NONE
2044,1040,1061,94.53546711,10.971157418634661,5478.0,46.03361344537815,0.0,0.0,0.0,1.4276828014241525,False,True,1690,PV+/PNN-,94.53546711,10.971157418634661,0.0,0.0,0.0,False,NONE
2045,1042,1863,140.61157713,13.380292240810528,3444.0,19.45762711864407,0.0,0.0,0.0,1.4259619130235837,False,True,1691,PV+/PNN-,140.61157713,13.380292240810528,0.0,0.0,0.0,False,NONE
2046,1042,536,73.08624348000001,9.646569098642193,1836.0,19.956521739130434,0.0,0.0,0.0,1.3568078129704193,False,True,1692,PV+/PNN-,73.08624348000001,9.646569098642193,0.0,0.0,0.0,False,NONE
2047,1040,2097,36.543121740000004,6.8211544248344955,2492.0,54.17391304347826,0.0,0.0,0.0,1.5421200439580656,False,True,1693,PV+/PNN-,36.543121740000004,6.8211544248344955,0.0,0.0,0.0,False,NONE
2048,1044,1300,112.01261229,11.942314996545514,3577.0,25.368794326241133,0.0,0.0,0.0,1.3605334859461806,False,True,1694,PV+/PNN-,112.01261229,11.942314996545514,0.0,0.0,0.0,False,NONE
2049,1043,2210,95.32988280000001,11.017158280424603,1639.0,13.658333333333333,0.0,0.0,0.0,1.6659569565789405,False,True,1695,PV+/PNN-,95.32988280000001,11.017158280424603,0.0,0.0,0.0,False,NONE
2050,1042,2590,89.76897297000001,10.690996505268625,2007.0,17.761061946902654,0.0,0.0,0.0,1.7685018574962637,False,True,1696,PV+/PNN-,89.76897297000001,10.690996505268625,0.0,0.0,0.0,False,NONE
2051,1047,1408,158.08872231,14.187487896796528,5400.0,27.1356783919598,0.0,0.0,0.0,1.4567962520455975,False,True,1697,PV+/PNN-,158.08872231,14.187487896796528,0.0,0.0,0.0,False,NONE
2052,1044,734,65.14208658,9.10722134683339,1335.0,16.28048780487805,0.0,0.0,0.0,1.4707463405702466,False,True,1698,PV+/PNN-,65.14208658,9.10722134683339,0.0,0.0,0.0,False,NONE
2053,1048,1520,156.49989093,14.116013951495509,6426.0,32.619289340101524,0.0,0.0,0.0,1.4862605327943208,False,True,1699,PV+/PNN-,156.49989093,14.116013951495509,0.0,0.0,0.0,False,NONE
2054,1045,2545,65.93650227,9.1625849044734,1267.0,15.265060240963855,0.0,0.0,0.0,1.608420857873499,False,True,1700,PV+/PNN-,65.93650227,9.1625849044734,0.0,0.0,0.0,False,NONE
2055,1048,2258,79.441569,10.057243516322302,1041.0,10.41,0.0,0.0,0.0,1.7085787697060992,False,True,1701,PV+/PNN-,79.441569,10.057243516322302,0.0,0.0,0.0,False,NONE
2056,1051,1558,117.57352212,12.235164803834003,3842.0,25.95945945945946,0.0,0.0,0.0,1.5340847662571913,False,True,1702,PV+/PNN-,117.57352212,12.235164803834003,0.0,0.0,0.0,False,NONE
2057,1050,1718,94.53546711,10.971157418634661,1890.0,15.882352941176471,0.0,0.0,0.0,1.367884568903769,False,True,1703,PV+/PNN-,94.53546711,10.971157418634661,0.0,0.0,0.0,False,NONE
2058,1049,1220,58.78676106,8.651568001725998,2337.0,31.58108108108108,0.0,0.0,0.0,1.4324134611477526,False,True,1704,PV+/PNN-,58.78676106,8.651568001725998,0.0,0.0,0.0,False,NONE
2059,1050,1869,64.34767089,9.051519164690074,1914.0,23.62962962962963,0.0,0.0,0.0,1.4422324742544723,False,True,1706,PV+/PNN-,64.34767089,9.051519164690074,0.0,0.0,0.0,False,NONE
2060,1051,2298,68.31974934,9.326703948667076,1641.0,19.08139534883721,0.0,0.0,0.0,1.606613946795222,False,True,1707,PV+/PNN-,68.31974934,9.326703948667076,0.0,0.0,0.0,False,NONE
2061,1049,620,43.69286295,7.4586514150102134,722.0,13.127272727272727,0.0,0.0,0.0,1.4029820542410167,False,True,1708,PV+/PNN-,43.69286295,7.4586514150102134,0.0,0.0,0.0,False,NONE
2062,1049,2048,50.84260416,8.045794813057842,1030.0,16.09375,0.0,0.0,0.0,1.529984107091755,False,True,1709,PV+/PNN-,50.84260416,8.045794813057842,0.0,0.0,0.0,False,NONE
2063,1053,1364,101.68520832,11.378472144697502,3195.0,24.9609375,0.0,0.0,0.0,1.5745748626731575,False,True,1710,PV+/PNN-,101.68520832,11.378472144697502,0.0,0.0,0.0,False,NONE
2064,1054,2072,97.71312987,11.154022637162193,2150.0,17.479674796747968,0.0,0.0,0.0,1.8874728697668564,False,True,1711,PV+/PNN-,97.71312987,11.154022637162193,0.0,0.0,0.0,False,NONE
2065,1051,2135,42.104031570000004,7.321783798208037,1707.0,32.20754716981132,0.0,0.0,0.0,1.598580226557583,False,True,1712,PV+/PNN-,42.104031570000004,7.321783798208037,0.0,0.0,0.0,False,NONE
2066,1054,1901,90.56338866,10.738197602350779,1833.0,16.07894736842105,0.0,0.0,0.0,1.358956360576073,False,True,1713,PV+/PNN-,90.56338866,10.738197602350779,0.0,0.0,0.0,False,NONE
2067,1055,665,108.04053384,11.728660627684029,4555.0,33.49264705882353,0.0,0.0,0.0,1.6389231722936837,False,True,1715,PV+/PNN-,108.04053384,11.728660627684029,0.0,0.0,0.0,False,NONE
2068,1056,1838,110.42378091,11.857315232959936,3154.0,22.690647482014388,0.0,0.0,0.0,1.354512422183084,False,True,1716,PV+/PNN-,110.42378091,11.857315232959936,0.0,0.0,0.0,False,NONE
2069,1056,1100,102.47962401,11.422832828117684,7393.0,57.310077519379846,0.0,0.0,0.0,1.4382527570917172,False,True,1717,PV+/PNN-,102.47962401,11.422832828117684,0.0,0.0,0.0,False,NONE
2070,1058,1884,132.66742023,12.996822909266468,2814.0,16.850299401197606,0.0,0.0,0.0,1.5073540992432262,False,True,1718,PV+/PNN-,132.66742023,12.996822909266468,0.0,0.0,0.0,False,NONE
2071,1059,1951,135.05066730000001,13.113041224263421,3770.0,22.176470588235293,0.0,0.0,0.0,1.5086595746288383,False,True,1719,PV+/PNN-,135.05066730000001,13.113041224263421,0.0,0.0,0.0,False,NONE
2072,1058,1642,77.05832193,9.90523612702942,2084.0,21.484536082474225,0.0,0.0,0.0,1.3755134671247975,False,True,1720,PV+/PNN-,77.05832193,9.90523612702942,0.0,0.0,0.0,False,NONE
2073,1055,2806,58.78676106,8.651568001725998,3507.0,47.391891891891895,0.0,0.0,0.0,2.085513864412323,False,True,1721,PV+/PNN-,58.78676106,8.651568001725998,0.0,0.0,0.0,False,NONE
2074,1059,575,114.39585936,12.068692219586765,3290.0,22.84722222222222,0.0,0.0,0.0,1.7594366819882643,False,True,1722,PV+/PNN-,114.39585936,12.068692219586765,0.0,0.0,0.0,False,NONE
2075,1058,2726,92.94663573,10.878572156378345,6248.0,53.401709401709404,0.0,0.0,0.0,1.483764940078864,False,True,1723,PV+/PNN-,92.94663573,10.878572156378345,0.0,0.0,0.0,False,NONE
2076,1059,513,100.09637694,11.289227848029503,2274.0,18.047619047619047,0.0,0.0,0.0,1.70428423228956,False,True,1724,PV+/PNN-,100.09637694,11.289227848029503,0.0,0.0,0.0,False,NONE
2077,1058,550,50.84260416,8.045794813057842,1275.0,19.921875,0.0,0.0,0.0,1.463966624802406,False,True,1725,PV+/PNN-,50.84260416,8.045794813057842,0.0,0.0,0.0,False,NONE
2078,1062,2400,127.90092609,12.761211420003875,1902.0,11.813664596273291,0.0,0.0,0.0,1.7748537899562151,False,True,1726,PV+/PNN-,127.90092609,12.761211420003875,0.0,0.0,0.0,False,NONE
2079,1062,1713,104.86287108,11.554893086200376,4105.0,31.098484848484848,0.0,0.0,0.0,1.563361366877598,False,True,1727,PV+/PNN-,104.86287108,11.554893086200376,0.0,0.0,0.0,False,NONE
2080,1060,2572,99.30196125,11.244340084382843,2003.0,16.024,0.0,0.0,0.0,1.632526630108769,False,True,1728,PV+/PNN-,99.30196125,11.244340084382843,0.0,0.0,0.0,False,NONE
2081,1061,2450,100.89079263,11.333937836259333,2839.0,22.35433070866142,0.0,0.0,0.0,1.8134333911137548,False,True,1729,PV+/PNN-,100.89079263,11.333937836259333,0.0,0.0,0.0,False,NONE
2082,1064,688,117.57352212,12.235164803834003,4428.0,29.91891891891892,0.0,0.0,0.0,1.5781590266001988,False,True,1730,PV+/PNN-,117.57352212,12.235164803834003,0.0,0.0,0.0,False,NONE
2083,1062,750,37.33753743,6.894898778002857,1008.0,21.4468085106383,0.0,0.0,0.0,1.3989102032854661,False,True,1731,PV+/PNN-,37.33753743,6.894898778002857,0.0,0.0,0.0,False,NONE
2084,1065,1425,148.55573403,13.753073662427433,4140.0,22.13903743315508,0.0,0.0,0.0,1.4662458661461044,False,True,1732,PV+/PNN-,148.55573403,13.753073662427433,0.0,0.0,0.0,False,NONE
2085,1065,2262,102.47962401,11.422832828117684,1474.0,11.426356589147288,0.0,0.0,0.0,1.7744005249297732,False,True,1733,PV+/PNN-,102.47962401,11.422832828117684,0.0,0.0,0.0,False,NONE
2086,1066,2466,131.87300454,12.957851838301272,1869.0,11.259036144578314,0.0,0.0,0.0,1.7722993850360682,False,True,1734,PV+/PNN-,131.87300454,12.957851838301272,0.0,0.0,0.0,False,NONE
2087,1065,1743,94.53546711,10.971157418634661,1730.0,14.53781512605042,0.0,0.0,0.0,1.300611557318338,False,True,1736,PV+/PNN-,94.53546711,10.971157418634661,0.0,0.0,0.0,False,NONE
2088,1065,2129,93.74105142,10.924962866435578,1772.0,15.016949152542374,0.0,0.0,0.0,1.620696799824161,False,True,1737,PV+/PNN-,93.74105142,10.924962866435578,0.0,0.0,0.0,False,NONE
2089,1067,595,124.72326333,12.60169000650996,3109.0,19.802547770700638,0.0,0.0,0.0,1.4900519770624505,False,True,1738,PV+/PNN-,124.72326333,12.60169000650996,0.0,0.0,0.0,False,NONE
2090,1066,1176,119.1623535,12.317557416952052,2965.0,19.766666666666666,0.0,0.0,0.0,1.4217154361372226,False,True,1739,PV+/PNN-,119.1623535,12.317557416952052,0.0,0.0,0.0,False,NONE
2091,1065,1275,56.40351399,8.474384017383858,2018.0,28.422535211267604,0.0,0.0,0.0,1.3874927041272223,False,True,1740,PV+/PNN-,56.40351399,8.474384017383858,0.0,0.0,0.0,False,NONE
2092,1070,1395,105.65728677,11.598579038183399,2318.0,17.428571428571427,0.0,0.0,0.0,1.6156997222050726,False,True,1741,PV+/PNN-,105.65728677,11.598579038183399,0.0,0.0,0.0,False,NONE
2093,1069,2537,79.441569,10.057243516322302,1439.0,14.39,0.0,0.0,0.0,1.7100612675540003,False,True,1742,PV+/PNN-,79.441569,10.057243516322302,0.0,0.0,0.0,False,NONE
2094,1072,2657,208.93132647000002,16.310108123356397,8081.0,30.726235741444867,0.0,0.0,0.0,1.5966445453156144,False,True,1743,PV+/PNN-,208.93132647000002,16.310108123356397,0.0,0.0,0.0,False,NONE
2095,1070,1307,137.43391437,13.228238528376714,5988.0,34.61271676300578,0.0,0.0,0.0,1.511205176169777,False,True,1744,PV+/PNN-,137.43391437,13.228238528376714,0.0,0.0,0.0,False,NONE
2096,1068,1798,74.67507486,9.75085936304132,2021.0,21.5,0.0,0.0,0.0,1.328728124315677,False,True,1746,PV+/PNN-,74.67507486,9.75085936304132,0.0,0.0,0.0,False,NONE
2097,1071,1642,84.20806314000001,10.354565948189398,1877.0,17.70754716981132,0.0,0.0,0.0,1.3922892524392598,False,True,1747,PV+/PNN-,84.20806314000001,10.354565948189398,0.0,0.0,0.0,False,NONE
2098,1070,2098,81.82481607,10.206987389088184,2145.0,20.825242718446603,0.0,0.0,0.0,1.7451734374564751,False,True,1748,PV+/PNN-,81.82481607,10.206987389088184,0.0,0.0,0.0,False,NONE
2099,1071,2634,100.09637694,11.289227848029503,4280.0,33.96825396825397,0.0,0.0,0.0,1.6695749572791756,False,True,1749,PV+/PNN-,100.09637694,11.289227848029503,0.0,0.0,0.0,False,NONE
2100,1070,2845,68.31974934,9.326703948667076,1939.0,22.546511627906977,0.0,0.0,0.0,1.78416892160199,False,True,1750,PV+/PNN-,68.31974934,9.326703948667076,0.0,0.0,0.0,False,NONE
2101,1072,660,61.17000813,8.825195369105852,2004.0,26.025974025974026,0.0,0.0,0.0,1.362165230376725,False,True,1751,PV+/PNN-,61.17000813,8.825195369105852,0.0,0.0,0.0,False,NONE
2102,1072,1209,103.2740397,11.467021901548332,2688.0,20.676923076923078,0.0,0.0,0.0,1.654695674849691,False,True,1752,PV+/PNN-,103.2740397,11.467021901548332,0.0,0.0,0.0,False,NONE
2103,1072,2109,85.79689452,10.451794052617739,1858.0,17.203703703703702,0.0,0.0,0.0,1.612216409592523,False,True,1753,PV+/PNN-,85.79689452,10.451794052617739,0.0,0.0,0.0,False,NONE
2104,1072,2161,81.03040038,10.157318055940708,3588.0,35.1764705882353,0.0,0.0,0.0,1.6903382324598641,False,True,1754,PV+/PNN-,81.03040038,10.157318055940708,0.0,0.0,0.0,False,NONE
2105,1074,737,106.45170246,11.642101063659146,3776.0,28.17910447761194,0.0,0.0,0.0,2.0865604038370207,False,True,1755,PV+/PNN-,106.45170246,11.642101063659146,0.0,0.0,0.0,False,NONE
2106,1075,1341,118.36793781,12.276430232296539,2373.0,15.926174496644295,0.0,0.0,0.0,1.4854827428969446,False,True,1756,PV+/PNN-,118.36793781,12.276430232296539,0.0,0.0,0.0,False,NONE
2107,1076,1766,133.46183592,13.035677474005707,2397.0,14.267857142857142,0.0,0.0,0.0,1.3593975801736629,False,True,1757,PV+/PNN-,133.46183592,13.035677474005707,0.0,0.0,0.0,False,NONE
2108,1074,685,74.67507486,9.75085936304132,2852.0,30.340425531914892,0.0,0.0,0.0,1.4320298360577264,False,True,1758,PV+/PNN-,74.67507486,9.75085936304132,0.0,0.0,0.0,False,NONE
2109,1074,1579,116.77910643,12.193759728054031,2111.0,14.360544217687075,0.0,0.0,0.0,1.3387863218291185,False,True,1759,PV+/PNN-,116.77910643,12.193759728054031,0.0,0.0,0.0,False,NONE
2110,1073,1782,53.22585123,8.232208609372499,1185.0,17.686567164179106,0.0,0.0,0.0,1.3508431882741263,False,True,1760,PV+/PNN-,53.22585123,8.232208609372499,0.0,0.0,0.0,False,NONE
2111,1076,1723,105.65728677,11.598579038183399,2652.0,19.93984962406015,0.0,0.0,0.0,1.4590899871448364,False,True,1761,PV+/PNN-,105.65728677,11.598579038183399,0.0,0.0,0.0,False,NONE
2112,1075,1892,81.82481607,10.206987389088184,2667.0,25.893203883495147,0.0,0.0,0.0,1.394699431666247,False,True,1762,PV+/PNN-,81.82481607,10.206987389088184,0.0,0.0,0.0,False,NONE
2113,1077,1933,125.51767902,12.64175907426016,1870.0,11.835443037974683,0.0,0.0,0.0,1.4782755439039839,False,True,1763,PV+/PNN-,125.51767902,12.64175907426016,0.0,0.0,0.0,False,NONE
2114,1075,2233,76.26390624,9.854045933561641,1050.0,10.9375,0.0,0.0,0.0,1.7836302232560959,False,True,1764,PV+/PNN-,76.26390624,9.854045933561641,0.0,0.0,0.0,False,NONE
2115,1076,782,106.45170246,11.642101063659146,3045.0,22.723880597014926,0.0,0.0,0.0,1.5118159023559328,False,True,1765,PV+/PNN-,106.45170246,11.642101063659146,0.0,0.0,0.0,False,NONE
2116,1079,672,98.50754556,11.199272407696524,4505.0,36.33064516129032,0.0,0.0,0.0,1.9188782628075636,False,True,1766,PV+/PNN-,98.50754556,11.199272407696524,0.0,0.0,0.0,False,NONE
2117,1078,1947,59.58117675,8.70982837718145,1127.0,15.026666666666667,0.0,0.0,0.0,1.522031123845202,False,True,1767,PV+/PNN-,59.58117675,8.70982837718145,0.0,0.0,0.0,False,NONE
2118,1079,1974,68.31974934,9.326703948667076,820.0,9.534883720930232,0.0,0.0,0.0,1.3807916001963227,False,True,1769,PV+/PNN-,68.31974934,9.326703948667076,0.0,0.0,0.0,False,NONE
2119,1079,2722,88.97455728,10.643586087602236,5244.0,46.82142857142857,0.0,0.0,0.0,1.6744283728526614,False,True,1770,PV+/PNN-,88.97455728,10.643586087602236,0.0,0.0,0.0,False,NONE
2120,1082,1144,123.13443195,12.521167201073583,3592.0,23.174193548387098,0.0,0.0,0.0,1.38733105056816,False,True,1771,PV+/PNN-,123.13443195,12.521167201073583,0.0,0.0,0.0,False,NONE
2121,1081,2616,73.08624348000001,9.646569098642193,1994.0,21.67391304347826,0.0,0.0,0.0,1.6146335256488837,False,True,1772,PV+/PNN-,73.08624348000001,9.646569098642193,0.0,0.0,0.0,False,NONE
2122,1082,1806,96.91871418,11.108588547554572,2758.0,22.60655737704918,0.0,0.0,0.0,1.4253852258918633,False,True,1773,PV+/PNN-,96.91871418,11.108588547554572,0.0,0.0,0.0,False,NONE
2123,1083,1837,85.79689452,10.451794052617739,2153.0,19.935185185185187,0.0,0.0,0.0,1.3685651429235806,False,True,1774,PV+/PNN-,85.79689452,10.451794052617739,0.0,0.0,0.0,False,NONE
2124,1087,1100,133.46183592,13.035677474005707,5299.0,31.541666666666668,0.0,0.0,0.0,1.5394151759902335,False,True,1775,PV+/PNN-,133.46183592,13.035677474005707,0.0,0.0,0.0,False,NONE
2125,1085,2023,75.46949055,9.802588422925686,2583.0,27.189473684210526,0.0,0.0,0.0,1.6806844023048007,False,True,1776,PV+/PNN-,75.46949055,9.802588422925686,0.0,0.0,0.0,False,NONE
2126,1086,593,111.2181966,11.899891008124815,4602.0,32.871428571428574,0.0,0.0,0.0,1.6731047140598927,False,True,1777,PV+/PNN-,111.2181966,11.899891008124815,0.0,0.0,0.0,False,NONE
2127,1086,2485,79.441569,10.057243516322302,1292.0,12.92,0.0,0.0,0.0,1.6811525595199275,False,True,1778,PV+/PNN-,79.441569,10.057243516322302,0.0,0.0,0.0,False,NONE
2128,1089,1366,158.08872231,14.187487896796528,3522.0,17.698492462311556,0.0,0.0,0.0,1.5026121403098798,False,True,1779,PV+/PNN-,158.08872231,14.187487896796528,0.0,0.0,0.0,False,NONE
2129,1086,2421,40.51520019,7.182308476024235,769.0,15.07843137254902,0.0,0.0,0.0,1.703419095823698,False,True,1780,PV+/PNN-,40.51520019,7.182308476024235,0.0,0.0,0.0,False,NONE
2130,1087,646,71.4974121,9.54113894836179,2158.0,23.977777777777778,0.0,0.0,0.0,1.4264923736471262,False,True,1781,PV+/PNN-,71.4974121,9.54113894836179,0.0,0.0,0.0,False,NONE
2131,1088,631,54.02026692,8.293415464071046,1469.0,21.602941176470587,0.0,0.0,0.0,1.3091764083303719,False,True,1782,PV+/PNN-,54.02026692,8.293415464071046,0.0,0.0,0.0,False,NONE
2132,1088,1702,61.17000813,8.825195369105852,2547.0,33.077922077922075,0.0,0.0,0.0,1.454580680635499,False,True,1783,PV+/PNN-,61.17000813,8.825195369105852,0.0,0.0,0.0,False,NONE
2133,1087,2240,42.89844726,7.390534450171232,633.0,11.722222222222221,0.0,0.0,0.0,1.5470139579487217,False,True,1784,PV+/PNN-,42.89844726,7.390534450171232,0.0,0.0,0.0,False,NONE
2134,1091,1542,125.51767902,12.64175907426016,5392.0,34.12658227848101,0.0,0.0,0.0,1.395236898625975,False,True,1786,PV+/PNN-,125.51767902,12.64175907426016,0.0,0.0,0.0,False,NONE
2135,1090,2009,69.11416503,9.380772250595795,1638.0,18.82758620689655,0.0,0.0,0.0,1.4876099094456576,False,True,1787,PV+/PNN-,69.11416503,9.380772250595795,0.0,0.0,0.0,False,NONE
2136,1091,2466,99.30196125,11.244340084382843,1518.0,12.144,0.0,0.0,0.0,1.8804002702778446,False,True,1788,PV+/PNN-,99.30196125,11.244340084382843,0.0,0.0,0.0,False,NONE
2137,1093,1159,141.40599282,13.418036440588484,5320.0,29.8876404494382,0.0,0.0,0.0,1.4133701392630824,False,True,1789,PV+/PNN-,141.40599282,13.418036440588484,0.0,0.0,0.0,False,NONE
2138,1091,1816,67.52533365000001,9.272320371655413,1669.0,19.63529411764706,0.0,0.0,0.0,1.3569215596083655,False,True,1790,PV+/PNN-,67.52533365000001,9.272320371655413,0.0,0.0,0.0,False,NONE
2139,1091,2073,64.34767089,9.051519164690074,1351.0,16.679012345679013,0.0,0.0,0.0,1.6408139761029623,False,True,1791,PV+/PNN-,64.34767089,9.051519164690074,0.0,0.0,0.0,False,NONE
2140,1091,2433,77.85273762,9.956163126610313,1439.0,14.683673469387756,0.0,0.0,0.0,1.9544767545799109,False,True,1792,PV+/PNN-,77.85273762,9.956163126610313,0.0,0.0,0.0,False,NONE
2141,1092,1784,63.5532552,8.995472067506276,773.0,9.6625,0.0,0.0,0.0,1.3222027680968564,False,True,1794,PV+/PNN-,63.5532552,8.995472067506276,0.0,0.0,0.0,False,NONE
2142,1092,2378,57.99234537,8.592912627102823,784.0,10.73972602739726,0.0,0.0,0.0,1.622624356812377,False,True,1795,PV+/PNN-,57.99234537,8.592912627102823,0.0,0.0,0.0,False,NONE
2143,1094,2408,108.83494953,11.77170172875832,2387.0,17.423357664233578,0.0,0.0,0.0,1.9115565316185532,False,True,1796,PV+/PNN-,108.83494953,11.77170172875832,0.0,0.0,0.0,False,NONE
2144,1093,2527,90.56338866,10.738197602350779,2125.0,18.640350877192983,0.0,0.0,0.0,1.682765101038697,False,True,1797,PV+/PNN-,90.56338866,10.738197602350779,0.0,0.0,0.0,False,NONE
2145,1093,1346,57.99234537,8.592912627102823,1344.0,18.410958904109588,0.0,0.0,0.0,1.4611742487190307,False,True,1798,PV+/PNN-,57.99234537,8.592912627102823,0.0,0.0,0.0,False,NONE
2146,1093,1481,80.23598469,10.107404643036364,9697.0,96.00990099009901,0.0,0.0,0.0,1.2887456539180475,False,True,1799,PV+/PNN-,80.23598469,10.107404643036364,0.0,0.0,0.0,False,NONE
2147,1093,2600,73.08624348000001,9.646569098642193,2920.0,31.73913043478261,0.0,0.0,0.0,1.6661986681845766,False,True,1800,PV+/PNN-,73.08624348000001,9.646569098642193,0.0,0.0,0.0,False,NONE
2148,1096,1635,115.98469074,12.152213577535832,4334.0,29.684931506849313,0.0,0.0,0.0,1.55154569287191,False,True,1801,PV+/PNN-,115.98469074,12.152213577535832,0.0,0.0,0.0,False,NONE
2149,1096,2636,147.76131834,13.716251444643651,4600.0,24.731182795698924,0.0,0.0,0.0,1.5657887216138977,False,True,1802,PV+/PNN-,147.76131834,13.716251444643651,0.0,0.0,0.0,False,NONE
2150,1098,1871,113.60144367,12.026714032504808,1600.0,11.188811188811188,0.0,0.0,0.0,1.5436638430243659,False,True,1803,PV+/PNN-,113.60144367,12.026714032504808,0.0,0.0,0.0,False,NONE
2151,1098,2801,72.29182779,9.593998848416254,4290.0,47.142857142857146,0.0,0.0,0.0,1.8531223098764633,False,True,1804,PV+/PNN-,72.29182779,9.593998848416254,0.0,0.0,0.0,False,NONE
2152,1099,2857,95.32988280000001,11.017158280424603,5224.0,43.53333333333333,0.0,0.0,0.0,1.6807819350579523,False,True,1805,PV+/PNN-,95.32988280000001,11.017158280424603,0.0,0.0,0.0,False,NONE
2153,1100,2047,72.29182779,9.593998848416254,2346.0,25.78021978021978,0.0,0.0,0.0,1.6494824956043244,False,True,1806,PV+/PNN-,72.29182779,9.593998848416254,0.0,0.0,0.0,False,NONE
2154,1100,2441,68.31974934,9.326703948667076,1261.0,14.662790697674419,0.0,0.0,0.0,1.8384697148681377,False,True,1807,PV+/PNN-,68.31974934,9.326703948667076,0.0,0.0,0.0,False,NONE
2155,1102,2285,80.23598469,10.107404643036364,1316.0,13.029702970297029,0.0,0.0,0.0,2.0050416437950487,False,True,1808,PV+/PNN-,80.23598469,10.107404643036364,0.0,0.0,0.0,False,NONE
2156,1100,1995,52.43143554,8.17054325713784,1307.0,19.803030303030305,0.0,0.0,0.0,1.542022382703263,False,True,1809,PV+/PNN-,52.43143554,8.17054325713784,0.0,0.0,0.0,False,NONE
2157,1105,1250,155.70547524,14.080140922851225,4993.0,25.474489795918366,0.0,0.0,0.0,1.525233117496281,False,True,1810,PV+/PNN-,155.70547524,14.080140922851225,0.0,0.0,0.0,False,NONE
2158,1105,2599,81.03040038,10.157318055940708,2210.0,21.666666666666668,0.0,0.0,0.0,1.744115115177848,False,True,1812,PV+/PNN-,81.03040038,10.157318055940708,0.0,0.0,0.0,False,NONE
2159,1109,1132,111.2181966,11.899891008124815,5430.0,38.785714285714285,0.0,0.0,0.0,1.56509415656995,False,True,1813,PV+/PNN-,111.2181966,11.899891008124815,0.0,0.0,0.0,False,NONE
2160,1108,1914,116.77910643,12.193759728054031,2710.0,18.435374149659864,0.0,0.0,0.0,1.4411492684699134,False,True,1814,PV+/PNN-,116.77910643,12.193759728054031,0.0,0.0,0.0,False,NONE
2161,1108,2580,100.09637694,11.289227848029503,2907.0,23.071428571428573,0.0,0.0,0.0,1.8613584090314697,False,True,1816,PV+/PNN-,100.09637694,11.289227848029503,0.0,0.0,0.0,False,NONE
2162,1106,2663,75.46949055,9.802588422925686,3445.0,36.26315789473684,0.0,0.0,0.0,1.6245055364895986,False,True,1817,PV+/PNN-,75.46949055,9.802588422925686,0.0,0.0,0.0,False,NONE
2163,1110,1039,143.78923989,13.53063732184699,3839.0,21.209944751381215,0.0,0.0,0.0,1.5902041832597362,False,True,1818,PV+/PNN-,143.78923989,13.53063732184699,0.0,0.0,0.0,False,NONE
2164,1109,1950,95.32988280000001,11.017158280424603,1613.0,13.441666666666666,0.0,0.0,0.0,1.5053530230563137,False,True,1819,PV+/PNN-,95.32988280000001,11.017158280424603,0.0,0.0,0.0,False,NONE
2165,1107,2234,58.78676106,8.651568001725998,1114.0,15.054054054054054,0.0,0.0,0.0,1.7108826514967563,False,True,1820,PV+/PNN-,58.78676106,8.651568001725998,0.0,0.0,0.0,False,NONE
2166,1110,746,107.24611815,11.68546099424064,1511.0,11.192592592592593,0.0,0.0,0.0,1.755387266570386,False,True,1821,PV+/PNN-,107.24611815,11.68546099424064,0.0,0.0,0.0,False,NONE
2167,1112,1215,204.16483233,16.12298787963261,5018.0,19.525291828793776,0.0,0.0,0.0,1.6396887675716254,False,True,1822,PV+/PNN-,204.16483233,16.12298787963261,0.0,0.0,0.0,False,NONE
2168,1110,1394,131.87300454,12.957851838301272,3750.0,22.59036144578313,0.0,0.0,0.0,1.4900889513392188,False,True,1823,PV+/PNN-,131.87300454,12.957851838301272,0.0,0.0,0.0,False,NONE
2169,1107,2082,49.25377278,7.919081463837606,1037.0,16.725806451612904,0.0,0.0,0.0,1.8686646260238144,False,True,1824,PV+/PNN-,49.25377278,7.919081463837606,0.0,0.0,0.0,False,NONE
2170,1109,2184,66.73091796,9.217615939230159,977.0,11.630952380952381,0.0,0.0,0.0,1.4507300368747171,False,True,1825,PV+/PNN-,66.73091796,9.217615939230159,0.0,0.0,0.0,False,NONE
2171,1109,601,56.40351399,8.474384017383858,2876.0,40.50704225352113,0.0,0.0,0.0,1.5952512053471752,False,True,1826,PV+/PNN-,56.40351399,8.474384017383858,0.0,0.0,0.0,False,NONE
2172,1110,688,86.59131021,10.500070494515816,2726.0,25.009174311926607,0.0,0.0,0.0,1.448495603683254,False,True,1827,PV+/PNN-,86.59131021,10.500070494515816,0.0,0.0,0.0,False,NONE
2173,1108,2024,49.25377278,7.919081463837606,1535.0,24.758064516129032,0.0,0.0,0.0,1.7335660318199173,False,True,1828,PV+/PNN-,49.25377278,7.919081463837606,0.0,0.0,0.0,False,NONE
2174,1111,1264,112.01261229,11.942314996545514,3129.0,22.19148936170213,0.0,0.0,0.0,1.479869305617658,False,True,1829,PV+/PNN-,112.01261229,11.942314996545514,0.0,0.0,0.0,False,NONE
2175,1111,1512,102.47962401,11.422832828117684,4579.0,35.49612403100775,0.0,0.0,0.0,1.5020346412456047,False,True,1830,PV+/PNN-,102.47962401,11.422832828117684,0.0,0.0,0.0,False,NONE
2176,1112,2381,81.03040038,10.157318055940708,1103.0,10.813725490196079,0.0,0.0,0.0,1.8364078733560087,False,True,1831,PV+/PNN-,81.03040038,10.157318055940708,0.0,0.0,0.0,False,NONE
2177,1113,2118,70.70299641,9.487984557348323,3573.0,40.146067415730336,0.0,0.0,0.0,1.7290255799117022,False,True,1832,PV+/PNN-,70.70299641,9.487984557348323,0.0,0.0,0.0,False,NONE
2178,1114,1705,100.09637694,11.289227848029503,4216.0,33.46031746031746,0.0,0.0,0.0,1.5301495644408512,False,True,1833,PV+/PNN-,100.09637694,11.289227848029503,0.0,0.0,0.0,False,NONE
2179,1114,2467,88.97455728,10.643586087602236,1816.0,16.214285714285715,0.0,0.0,0.0,1.7968668111837849,False,True,1835,PV+/PNN-,88.97455728,10.643586087602236,0.0,0.0,0.0,False,NONE
2180,1114,2488,79.441569,10.057243516322302,2007.0,20.07,0.0,0.0,0.0,1.8175423615268351,False,True,1836,PV+/PNN-,79.441569,10.057243516322302,0.0,0.0,0.0,False,NONE
2181,1116,1059,103.2740397,11.467021901548332,3199.0,24.607692307692307,0.0,0.0,0.0,1.4317508061845536,False,True,1837,PV+/PNN-,103.2740397,11.467021901548332,0.0,0.0,0.0,False,NONE
2182,1114,2732,88.18014159,10.595963539609496,11641.0,104.87387387387388,0.0,0.0,0.0,1.6594626810965807,False,True,1838,PV+/PNN-,88.18014159,10.595963539609496,0.0,0.0,0.0,False,NONE
2183,1114,2776,75.46949055,9.802588422925686,4156.0,43.747368421052634,0.0,0.0,0.0,1.638550252943399,False,True,1839,PV+/PNN-,75.46949055,9.802588422925686,0.0,0.0,0.0,False,NONE
2184,1115,1717,65.93650227,9.1625849044734,1660.0,20.0,0.0,0.0,0.0,1.4691017830104973,False,True,1840,PV+/PNN-,65.93650227,9.1625849044734,0.0,0.0,0.0,False,NONE
2185,1119,741,69.90858072,9.434530697868027,1537.0,17.46590909090909,0.0,0.0,0.0,1.5279835773254111,False,True,1841,PV+/PNN-,69.90858072,9.434530697868027,0.0,0.0,0.0,False,NONE
2186,1117,1971,59.58117675,8.70982837718145,971.0,12.946666666666667,0.0,0.0,0.0,1.4824978479011706,False,True,1842,PV+/PNN-,59.58117675,8.70982837718145,0.0,0.0,0.0,False,NONE
2187,1117,2515,48.45935709,7.854958291387057,1604.0,26.295081967213115,0.0,0.0,0.0,1.6501902274178604,False,True,1843,PV+/PNN-,48.45935709,7.854958291387057,0.0,0.0,0.0,False,NONE
2188,1117,2541,83.41364745,10.305607915302103,1791.0,17.057142857142857,0.0,0.0,0.0,1.8171187907131492,False,True,1844,PV+/PNN-,83.41364745,10.305607915302103,0.0,0.0,0.0,False,NONE
2189,1121,1806,127.90092609,12.761211420003875,3117.0,19.36024844720497,0.0,0.0,0.0,1.5828657146224299,False,True,1845,PV+/PNN-,127.90092609,12.761211420003875,0.0,0.0,0.0,False,NONE
2190,1119,2080,81.82481607,10.206987389088184,1670.0,16.21359223300971,0.0,0.0,0.0,1.8416077634849979,False,True,1846,PV+/PNN-,81.82481607,10.206987389088184,0.0,0.0,0.0,False,NONE
2191,1119,2253,72.29182779,9.593998848416254,1127.0,12.384615384615385,0.0,0.0,0.0,1.7594479953112794,False,True,1847,PV+/PNN-,72.29182779,9.593998848416254,0.0,0.0,0.0,False,NONE
2192,1122,2146,99.30196125,11.244340084382843,2660.0,21.28,0.0,0.0,0.0,1.8021243839086631,False,True,1848,PV+/PNN-,99.30196125,11.244340084382843,0.0,0.0,0.0,False,NONE
2193,1120,1895,70.70299641,9.487984557348323,1178.0,13.235955056179776,0.0,0.0,0.0,1.5574556042557242,False,True,1849,PV+/PNN-,70.70299641,9.487984557348323,0.0,0.0,0.0,False,NONE
2194,1120,1939,77.05832193,9.90523612702942,1484.0,15.29896907216495,0.0,0.0,0.0,1.4565159268554801,False,True,1850,PV+/PNN-,77.05832193,9.90523612702942,0.0,0.0,0.0,False,NONE
2195,1121,2441,107.24611815,11.68546099424064,2522.0,18.68148148148148,0.0,0.0,0.0,2.3017151771858173,False,True,1851,PV+/PNN-,107.24611815,11.68546099424064,0.0,0.0,0.0,False,NONE
2196,1123,1782,92.15222004,10.83198276817611,2302.0,19.844827586206897,0.0,0.0,0.0,1.3483062323583923,False,True,1852,PV+/PNN-,92.15222004,10.83198276817611,0.0,0.0,0.0,False,NONE
2197,1123,1874,96.91871418,11.108588547554572,1850.0,15.163934426229508,0.0,0.0,0.0,1.5098389967354136,False,True,1853,PV+/PNN-,96.91871418,11.108588547554572,0.0,0.0,0.0,False,NONE
2198,1122,1113,42.104031570000004,7.321783798208037,1338.0,25.245283018867923,0.0,0.0,0.0,1.4307502815121675,False,True,1854,PV+/PNN-,42.104031570000004,7.321783798208037,0.0,0.0,0.0,False,NONE
2199,1123,1306,81.82481607,10.206987389088184,1989.0,19.310679611650485,0.0,0.0,0.0,1.5019286449367684,False,True,1855,PV+/PNN-,81.82481607,10.206987389088184,0.0,0.0,0.0,False,NONE
2200,1124,1842,63.5532552,8.995472067506276,1404.0,17.55,0.0,0.0,0.0,1.5408712006622793,False,True,1856,PV+/PNN-,63.5532552,8.995472067506276,0.0,0.0,0.0,False,NONE
2201,1126,480,92.15222004,10.83198276817611,1952.0,16.82758620689655,0.0,0.0,0.0,1.8690975022029845,False,True,1858,PV+/PNN-,92.15222004,10.83198276817611,0.0,0.0,0.0,False,NONE
2202,1125,2492,59.58117675,8.70982837718145,2510.0,33.46666666666667,0.0,0.0,0.0,1.6633625853451135,False,True,1859,PV+/PNN-,59.58117675,8.70982837718145,0.0,0.0,0.0,False,NONE
2203,1126,2522,47.664941400000004,7.7903073294937615,1334.0,22.233333333333334,0.0,0.0,0.0,1.6542205152830562,False,True,1860,PV+/PNN-,47.664941400000004,7.7903073294937615,0.0,0.0,0.0,False,NONE
2204,1128,1570,109.62936522,11.814586030086609,3419.0,24.77536231884058,0.0,0.0,0.0,1.4287841577598237,False,True,1861,PV+/PNN-,109.62936522,11.814586030086609,0.0,0.0,0.0,False,NONE
2205,1131,2204,87.3857259,10.548125988120718,1777.0,16.154545454545456,0.0,0.0,0.0,2.0074368585898124,False,True,1862,PV+/PNN-,87.3857259,10.548125988120718,0.0,0.0,0.0,False,NONE
2206,1132,2283,102.47962401,11.422832828117684,1311.0,10.162790697674419,0.0,0.0,0.0,1.8266901777045819,False,True,1863,PV+/PNN-,102.47962401,11.422832828117684,0.0,0.0,0.0,False,NONE
2207,1129,2820,83.41364745,10.305607915302103,7722.0,73.54285714285714,0.0,0.0,0.0,1.6420428543895822,False,True,1864,PV+/PNN-,83.41364745,10.305607915302103,0.0,0.0,0.0,False,NONE
2208,1129,2755,59.58117675,8.70982837718145,3839.0,51.18666666666667,0.0,0.0,0.0,1.759230779509389,False,True,1865,PV+/PNN-,59.58117675,8.70982837718145,0.0,0.0,0.0,False,NONE
2209,1132,1434,63.5532552,8.995472067506276,4029.0,50.3625,0.0,0.0,0.0,1.9087159791727573,False,True,1866,PV+/PNN-,63.5532552,8.995472067506276,0.0,0.0,0.0,False,NONE
2210,1133,1700,103.2740397,11.467021901548332,4060.0,31.23076923076923,0.0,0.0,0.0,1.4665324864622349,False,True,1867,PV+/PNN-,103.2740397,11.467021901548332,0.0,0.0,0.0,False,NONE
2211,1133,2409,81.03040038,10.157318055940708,1434.0,14.058823529411764,0.0,0.0,0.0,1.852395595245139,False,True,1868,PV+/PNN-,81.03040038,10.157318055940708,0.0,0.0,0.0,False,NONE
2212,1134,1035,88.97455728,10.643586087602236,5226.0,46.660714285714285,0.0,0.0,0.0,1.4719085775590195,False,True,1869,PV+/PNN-,88.97455728,10.643586087602236,0.0,0.0,0.0,False,NONE
2213,1136,1636,95.32988280000001,11.017158280424603,4564.0,38.03333333333333,0.0,0.0,0.0,1.5485925436200978,False,True,1870,PV+/PNN-,95.32988280000001,11.017158280424603,0.0,0.0,0.0,False,NONE
2214,1136,1892,81.03040038,10.157318055940708,1544.0,15.137254901960784,0.0,0.0,0.0,1.4265408212892148,False,True,1871,PV+/PNN-,81.03040038,10.157318055940708,0.0,0.0,0.0,False,NONE
2215,1137,2190,78.64715331000001,10.006830950662698,1050.0,10.606060606060606,0.0,0.0,0.0,1.8224241221168935,False,True,1872,PV+/PNN-,78.64715331000001,10.006830950662698,0.0,0.0,0.0,False,NONE
2216,1136,669,71.4974121,9.54113894836179,1413.0,15.7,0.0,0.0,0.0,1.550033860972224,False,True,1873,PV+/PNN-,71.4974121,9.54113894836179,0.0,0.0,0.0,False,NONE
2217,1137,1685,85.79689452,10.451794052617739,6204.0,57.44444444444444,0.0,0.0,0.0,1.5799583545687474,False,True,1874,PV+/PNN-,85.79689452,10.451794052617739,0.0,0.0,0.0,False,NONE
2218,1136,2308,71.4974121,9.54113894836179,1051.0,11.677777777777777,0.0,0.0,0.0,1.8638292387779718,False,True,1875,PV+/PNN-,71.4974121,9.54113894836179,0.0,0.0,0.0,False,NONE
2219,1139,754,101.68520832,11.378472144697502,2316.0,18.09375,0.0,0.0,0.0,1.5056618767746264,False,True,1876,PV+/PNN-,101.68520832,11.378472144697502,0.0,0.0,0.0,False,NONE
2220,1138,1131,104.06845539,11.51104134134072,3250.0,24.80916030534351,0.0,0.0,0.0,1.5130531470563855,False,True,1877,PV+/PNN-,104.06845539,11.51104134134072,0.0,0.0,0.0,False,NONE
2221,1139,1659,108.04053384,11.728660627684029,12587.0,92.55147058823529,0.0,0.0,0.0,1.5375464812239714,False,True,1878,PV+/PNN-,108.04053384,11.728660627684029,0.0,0.0,0.0,False,NONE
2222,1136,1710,47.664941400000004,7.7903073294937615,1371.0,22.85,0.0,0.0,0.0,1.4219625191118728,False,True,1879,PV+/PNN-,47.664941400000004,7.7903073294937615,0.0,0.0,0.0,False,NONE
2223,1137,1742,78.64715331000001,10.006830950662698,3293.0,33.26262626262626,0.0,0.0,0.0,1.5184371896684716,False,True,1880,PV+/PNN-,78.64715331000001,10.006830950662698,0.0,0.0,0.0,False,NONE
2224,1139,802,81.82481607,10.206987389088184,3846.0,37.33980582524272,0.0,0.0,0.0,1.4011763640114463,False,True,1881,PV+/PNN-,81.82481607,10.206987389088184,0.0,0.0,0.0,False,NONE
2225,1139,1932,103.2740397,11.467021901548332,4479.0,34.45384615384615,0.0,0.0,0.0,1.3217038505518899,False,True,1883,PV+/PNN-,103.2740397,11.467021901548332,0.0,0.0,0.0,False,NONE
2226,1138,2336,52.43143554,8.17054325713784,610.0,9.242424242424242,0.0,0.0,0.0,1.8126905503882493,False,True,1884,PV+/PNN-,52.43143554,8.17054325713784,0.0,0.0,0.0,False,NONE
2227,1138,2456,86.59131021,10.500070494515816,1597.0,14.65137614678899,0.0,0.0,0.0,1.92384697784973,False,True,1885,PV+/PNN-,86.59131021,10.500070494515816,0.0,0.0,0.0,False,NONE
2228,1137,2508,38.13195312,6.96786270174516,1140.0,23.75,0.0,0.0,0.0,1.3496907490266907,False,True,1886,PV+/PNN-,38.13195312,6.96786270174516,0.0,0.0,0.0,False,NONE
2229,1139,2542,78.64715331000001,10.006830950662698,2392.0,24.161616161616163,0.0,0.0,0.0,1.5558740040094103,False,True,1887,PV+/PNN-,78.64715331000001,10.006830950662698,0.0,0.0,0.0,False,NONE
2230,1140,1469,65.93650227,9.1625849044734,2155.0,25.96385542168675,0.0,0.0,0.0,1.4512403631562665,False,True,1888,PV+/PNN-,65.93650227,9.1625849044734,0.0,0.0,0.0,False,NONE
2231,1147,1580,194.63184405,15.74207611813598,7040.0,28.73469387755102,0.0,0.0,0.0,1.7714336529512966,False,True,1889,PV+/PNN-,194.63184405,15.74207611813598,0.0,0.0,0.0,False,NONE
2232,1142,2700,150.14456541,13.82642390884524,12711.0,67.25396825396825,0.0,0.0,0.0,1.8817525593200572,False,True,1890,PV+/PNN-,150.14456541,13.82642390884524,0.0,0.0,0.0,False,NONE
2233,1141,2855,85.00247883,10.403293586497956,5235.0,48.925233644859816,0.0,0.0,0.0,1.9390240543342883,False,True,1891,PV+/PNN-,85.00247883,10.403293586497956,0.0,0.0,0.0,False,NONE
2234,1143,1122,92.15222004,10.83198276817611,3390.0,29.224137931034484,0.0,0.0,0.0,1.4914439556040224,False,True,1892,PV+/PNN-,92.15222004,10.83198276817611,0.0,0.0,0.0,False,NONE
2235,1144,1070,150.14456541,13.82642390884524,3534.0,18.6984126984127,0.0,0.0,0.0,1.4444549137089977,False,True,1893,PV+/PNN-,150.14456541,13.82642390884524,0.0,0.0,0.0,False,NONE
2236,1144,1609,137.43391437,13.228238528376714,5076.0,29.341040462427745,0.0,0.0,0.0,1.5964702258033994,False,True,1894,PV+/PNN-,137.43391437,13.228238528376714,0.0,0.0,0.0,False,NONE
2237,1146,2176,55.6090983,8.414493627225879,1087.0,15.528571428571428,0.0,0.0,0.0,1.6381601219307937,False,True,1895,PV+/PNN-,55.6090983,8.414493627225879,0.0,0.0,0.0,False,NONE
2238,1146,2498,92.94663573,10.878572156378345,2131.0,18.213675213675213,0.0,0.0,0.0,1.884799614318796,False,True,1896,PV+/PNN-,92.94663573,10.878572156378345,0.0,0.0,0.0,False,NONE
2239,1146,2641,78.64715331000001,10.006830950662698,4803.0,48.515151515151516,0.0,0.0,0.0,1.4952263647770898,False,True,1897,PV+/PNN-,78.64715331000001,10.006830950662698,0.0,0.0,0.0,False,NONE
2240,1149,667,88.97455728,10.643586087602236,1853.0,16.544642857142858,0.0,0.0,0.0,1.5195602940986999,False,True,1898,PV+/PNN-,88.97455728,10.643586087602236,0.0,0.0,0.0,False,NONE
2241,1149,1042,163.64963214,14.434859996619657,8166.0,39.640776699029125,0.0,0.0,0.0,1.7613657683194732,False,True,1899,PV+/PNN-,163.64963214,14.434859996619657,0.0,0.0,0.0,False,NONE
2242,1150,1530,139.81716144,13.342441267550265,5964.0,33.88636363636363,0.0,0.0,0.0,1.7141381366357284,False,True,1900,PV+/PNN-,139.81716144,13.342441267550265,0.0,0.0,0.0,False,NONE
2243,1148,1688,88.97455728,10.643586087602236,3493.0,31.1875,0.0,0.0,0.0,1.4573483308385613,False,True,1901,PV+/PNN-,88.97455728,10.643586087602236,0.0,0.0,0.0,False,NONE
2244,1150,1813,135.84508299,13.151552441468574,4876.0,28.514619883040936,0.0,0.0,0.0,1.4829313268040658,False,True,1902,PV+/PNN-,135.84508299,13.151552441468574,0.0,0.0,0.0,False,NONE
2245,1148,2274,81.03040038,10.157318055940708,1021.0,10.009803921568627,0.0,0.0,0.0,1.8124262905223134,False,True,1903,PV+/PNN-,81.03040038,10.157318055940708,0.0,0.0,0.0,False,NONE
2246,1148,2313,57.99234537,8.592912627102823,750.0,10.273972602739725,0.0,0.0,0.0,1.8297678917245954,False,True,1904,PV+/PNN-,57.99234537,8.592912627102823,0.0,0.0,0.0,False,NONE
2247,1150,1878,93.74105142,10.924962866435578,2908.0,24.64406779661017,0.0,0.0,0.0,1.5629045108381834,False,True,1907,PV+/PNN-,93.74105142,10.924962866435578,0.0,0.0,0.0,False,NONE
2248,1151,2027,112.80702798,11.984588810142046,3129.0,22.035211267605632,0.0,0.0,0.0,2.0598367985274715,False,True,1909,PV+/PNN-,112.80702798,11.984588810142046,0.0,0.0,0.0,False,NONE
2249,1151,2584,92.94663573,10.878572156378345,4760.0,40.68376068376068,0.0,0.0,0.0,1.8930357134738025,False,True,1910,PV+/PNN-,92.94663573,10.878572156378345,0.0,0.0,0.0,False,NONE
2250,1151,2813,92.15222004,10.83198276817611,3271.0,28.198275862068964,0.0,0.0,0.0,1.7119016097100155,False,True,1911,PV+/PNN-,92.15222004,10.83198276817611,0.0,0.0,0.0,False,NONE
2251,1154,1825,104.86287108,11.554893086200376,2167.0,16.416666666666668,0.0,0.0,0.0,1.4353274618315879,False,True,1912,PV+/PNN-,104.86287108,11.554893086200376,0.0,0.0,0.0,False,NONE
2252,1152,2357,69.90858072,9.434530697868027,999.0,11.352272727272727,0.0,0.0,0.0,1.752042911155929,False,True,1913,PV+/PNN-,69.90858072,9.434530697868027,0.0,0.0,0.0,False,NONE
2253,1151,2831,46.87052571,7.72511532706782,2130.0,36.101694915254235,0.0,0.0,0.0,1.7551266894219792,False,True,1914,PV+/PNN-,46.87052571,7.72511532706782,0.0,0.0,0.0,False,NONE
2254,1153,1562,86.59131021,10.500070494515816,3491.0,32.027522935779814,0.0,0.0,0.0,1.5178601818878041,False,True,1915,PV+/PNN-,86.59131021,10.500070494515816,0.0,0.0,0.0,False,NONE
2255,1153,1774,92.94663573,10.878572156378345,4510.0,38.547008547008545,0.0,0.0,0.0,1.4406838060372913,False,True,1916,PV+/PNN-,92.94663573,10.878572156378345,0.0,0.0,0.0,False,NONE
2256,1152,1854,88.97455728,10.643586087602236,1544.0,13.785714285714286,0.0,0.0,0.0,1.4030783203350363,False,True,1917,PV+/PNN-,88.97455728,10.643586087602236,0.0,0.0,0.0,False,NONE
2257,1153,2844,79.441569,10.057243516322302,4099.0,40.99,0.0,0.0,0.0,1.755277451914986,False,True,1918,PV+/PNN-,79.441569,10.057243516322302,0.0,0.0,0.0,False,NONE
2258,1152,44,35.74870605,6.746604050629706,2524.0,56.08888888888889,0.0,0.0,0.0,1.6142754343812746,False,True,1919,PV+/PNN-,35.74870605,6.746604050629706,0.0,0.0,0.0,False,NONE
2259,1157,1976,126.31209471,12.681701540530954,1970.0,12.38993710691824,0.0,0.0,0.0,1.6139646381867463,False,True,1920,PV+/PNN-,126.31209471,12.681701540530954,0.0,0.0,0.0,False,NONE
2260,1155,606,63.5532552,8.995472067506276,3109.0,38.8625,0.0,0.0,0.0,1.5464305675919086,False,True,1921,PV+/PNN-,63.5532552,8.995472067506276,0.0,0.0,0.0,False,NONE
2261,1158,1264,128.69534178,12.800781162784691,3087.0,19.055555555555557,0.0,0.0,0.0,1.818347668999769,False,True,1922,PV+/PNN-,128.69534178,12.800781162784691,0.0,0.0,0.0,False,NONE
2262,1158,1717,131.87300454,12.957851838301272,2229.0,13.427710843373495,0.0,0.0,0.0,1.6825457502685577,False,True,1923,PV+/PNN-,131.87300454,12.957851838301272,0.0,0.0,0.0,False,NONE
2263,1156,2139,155.70547524,14.080140922851225,3414.0,17.418367346938776,0.0,0.0,0.0,1.6591117496791925,False,True,1924,PV+/PNN-,155.70547524,14.080140922851225,0.0,0.0,0.0,False,NONE
2264,1157,1412,88.97455728,10.643586087602236,2305.0,20.580357142857142,0.0,0.0,0.0,1.6393514148442854,False,True,1925,PV+/PNN-,88.97455728,10.643586087602236,0.0,0.0,0.0,False,NONE
2265,1157,2239,73.88065917,9.698854408967303,1179.0,12.67741935483871,0.0,0.0,0.0,1.8778306073414828,False,True,1926,PV+/PNN-,73.88065917,9.698854408967303,0.0,0.0,0.0,False,NONE
2266,1160,2383,98.50754556,11.199272407696524,1182.0,9.53225806451613,0.0,0.0,0.0,2.0318589455709994,False,True,1927,PV+/PNN-,98.50754556,11.199272407696524,0.0,0.0,0.0,False,NONE
2267,1159,447,95.32988280000001,11.017158280424603,3630.0,30.25,0.0,0.0,0.0,1.7444058010303776,False,True,1928,PV+/PNN-,95.32988280000001,11.017158280424603,0.0,0.0,0.0,False,NONE
2268,1162,2454,96.12429849,11.062967867954534,1462.0,12.082644628099173,0.0,0.0,0.0,1.7281514169128935,False,True,1929,PV+/PNN-,96.12429849,11.062967867954534,0.0,0.0,0.0,False,NONE
2269,1162,2770,37.33753743,6.894898778002857,1399.0,29.76595744680851,0.0,0.0,0.0,1.7774202921112972,False,True,1930,PV+/PNN-,37.33753743,6.894898778002857,0.0,0.0,0.0,False,NONE
2270,1163,2839,65.93650227,9.1625849044734,3445.0,41.506024096385545,0.0,0.0,0.0,1.9477878351038875,False,True,1931,PV+/PNN-,65.93650227,9.1625849044734,0.0,0.0,0.0,False,NONE
2271,1163,874,44.48727864,7.526151898686336,1076.0,19.214285714285715,0.0,0.0,0.0,1.503676388585473,False,True,1933,PV+/PNN-,44.48727864,7.526151898686336,0.0,0.0,0.0,False,NONE
2272,1166,1463,126.31209471,12.681701540530954,3749.0,23.57861635220126,0.0,0.0,0.0,1.4969498709467481,False,True,1934,PV+/PNN-,126.31209471,12.681701540530954,0.0,0.0,0.0,False,NONE
2273,1165,1689,100.09637694,11.289227848029503,3296.0,26.158730158730158,0.0,0.0,0.0,1.3771934372764445,False,True,1935,PV+/PNN-,100.09637694,11.289227848029503,0.0,0.0,0.0,False,NONE
2274,1167,794,140.61157713,13.380292240810528,4427.0,25.01129943502825,0.0,0.0,0.0,1.389108859177453,False,True,1936,PV+/PNN-,140.61157713,13.380292240810528,0.0,0.0,0.0,False,NONE
2275,1166,2307,32.57104329,6.439777972112771,335.0,8.170731707317072,0.0,0.0,0.0,1.8241955226003428,False,True,1937,PV+/PNN-,32.57104329,6.439777972112771,0.0,0.0,0.0,False,NONE
2276,1167,2491,92.15222004,10.83198276817611,2323.0,20.025862068965516,0.0,0.0,0.0,1.7355448943532672,False,True,1938,PV+/PNN-,92.15222004,10.83198276817611,0.0,0.0,0.0,False,NONE
2277,1167,2717,54.81468261,8.354173898786094,4052.0,58.72463768115942,0.0,0.0,0.0,1.7338779177626733,False,True,1939,PV+/PNN-,54.81468261,8.354173898786094,0.0,0.0,0.0,False,NONE
2278,1168,1139,88.18014159,10.595963539609496,2086.0,18.792792792792792,0.0,0.0,0.0,1.5098773126597058,False,True,1940,PV+/PNN-,88.18014159,10.595963539609496,0.0,0.0,0.0,False,NONE
2279,1169,2290,78.64715331000001,10.006830950662698,985.0,9.94949494949495,0.0,0.0,0.0,1.6913952719236083,False,True,1941,PV+/PNN-,78.64715331000001,10.006830950662698,0.0,0.0,0.0,False,NONE
2280,1168,2331,69.11416503,9.380772250595795,784.0,9.011494252873563,0.0,0.0,0.0,1.7287288122939513,False,True,1942,PV+/PNN-,69.11416503,9.380772250595795,0.0,0.0,0.0,False,NONE
2281,1169,2093,61.17000813,8.825195369105852,902.0,11.714285714285714,0.0,0.0,0.0,1.7404909798735821,False,True,1943,PV+/PNN-,61.17000813,8.825195369105852,0.0,0.0,0.0,False,NONE
2282,1170,1813,84.20806314000001,10.354565948189398,2229.0,21.028301886792452,0.0,0.0,0.0,1.3852963380623675,False,True,1944,PV+/PNN-,84.20806314000001,10.354565948189398,0.0,0.0,0.0,False,NONE
2283,1171,1656,61.96442382,8.88231697105848,1457.0,18.67948717948718,0.0,0.0,0.0,1.3656085945089629,False,True,1947,PV+/PNN-,61.96442382,8.88231697105848,0.0,0.0,0.0,False,NONE
2284,1173,1723,85.00247883,10.403293586497956,1905.0,17.80373831775701,0.0,0.0,0.0,1.4464745357091795,False,True,1949,PV+/PNN-,85.00247883,10.403293586497956,0.0,0.0,0.0,False,NONE
2285,1172,2230,59.58117675,8.70982837718145,746.0,9.946666666666667,0.0,0.0,0.0,1.7888807364674124,False,True,1950,PV+/PNN-,59.58117675,8.70982837718145,0.0,0.0,0.0,False,NONE
2286,1174,2597,119.95676919,12.358547737957586,9245.0,61.22516556291391,0.0,0.0,0.0,1.462862114816387,False,True,1951,PV+/PNN-,119.95676919,12.358547737957586,0.0,0.0,0.0,False,NONE
2287,1173,583,59.58117675,8.70982837718145,4032.0,53.76,0.0,0.0,0.0,1.5625527316878338,False,True,1952,PV+/PNN-,59.58117675,8.70982837718145,0.0,0.0,0.0,False,NONE
2288,1176,686,139.81716144,13.342441267550265,5897.0,33.50568181818182,0.0,0.0,0.0,1.593264022332423,False,True,1953,PV+/PNN-,139.81716144,13.342441267550265,0.0,0.0,0.0,False,NONE
2289,1172,1351,50.04818847,7.982689565701676,1404.0,22.285714285714285,0.0,0.0,0.0,1.4424939377197104,False,True,1954,PV+/PNN-,50.04818847,7.982689565701676,0.0,0.0,0.0,False,NONE
2290,1175,1420,141.40599282,13.418036440588484,4552.0,25.573033707865168,0.0,0.0,0.0,1.6665607829495745,False,True,1955,PV+/PNN-,141.40599282,13.418036440588484,0.0,0.0,0.0,False,NONE
2291,1174,2127,105.65728677,11.598579038183399,2934.0,22.06015037593985,0.0,0.0,0.0,1.8999380313891319,False,True,1956,PV+/PNN-,105.65728677,11.598579038183399,0.0,0.0,0.0,False,NONE
2292,1174,1884,124.72326333,12.60169000650996,2896.0,18.445859872611464,0.0,0.0,0.0,1.4404780044415515,False,True,1957,PV+/PNN-,124.72326333,12.60169000650996,0.0,0.0,0.0,False,NONE
2293,1175,2388,60.37559244,8.767701627645716,849.0,11.171052631578947,0.0,0.0,0.0,1.76046619438264,False,True,1958,PV+/PNN-,60.37559244,8.767701627645716,0.0,0.0,0.0,False,NONE
2294,1175,461,71.4974121,9.54113894836179,2243.0,24.92222222222222,0.0,0.0,0.0,1.6315712426067885,False,True,1959,PV+/PNN-,71.4974121,9.54113894836179,0.0,0.0,0.0,False,NONE
2295,1175,1298,76.26390624,9.854045933561641,1960.0,20.416666666666668,0.0,0.0,0.0,1.6330640355786332,False,True,1960,PV+/PNN-,76.26390624,9.854045933561641,0.0,0.0,0.0,False,NONE
2296,1177,2523,115.98469074,12.152213577535832,2396.0,16.410958904109588,0.0,0.0,0.0,1.7566584088144008,False,True,1961,PV+/PNN-,115.98469074,12.152213577535832,0.0,0.0,0.0,False,NONE
2297,1176,1859,73.88065917,9.698854408967303,1595.0,17.150537634408604,0.0,0.0,0.0,1.4514132156064687,False,True,1963,PV+/PNN-,73.88065917,9.698854408967303,0.0,0.0,0.0,False,NONE
2298,1178,2138,83.41364745,10.305607915302103,3789.0,36.08571428571429,0.0,0.0,0.0,1.7345224820443694,False,True,1964,PV+/PNN-,83.41364745,10.305607915302103,0.0,0.0,0.0,False,NONE
2299,1176,2503,57.99234537,8.592912627102823,1078.0,14.767123287671232,0.0,0.0,0.0,1.7140112104501206,False,True,1965,PV+/PNN-,57.99234537,8.592912627102823,0.0,0.0,0.0,False,NONE
2300,1179,794,115.98469074,12.152213577535832,3962.0,27.136986301369863,0.0,0.0,0.0,1.4098960697334078,False,True,1967,PV+/PNN-,115.98469074,12.152213577535832,0.0,0.0,0.0,False,NONE
2301,1180,874,111.2181966,11.899891008124815,3810.0,27.214285714285715,0.0,0.0,0.0,1.3527792862098182,False,True,1968,PV+/PNN-,111.2181966,11.899891008124815,0.0,0.0,0.0,False,NONE
2302,1178,2184,63.5532552,8.995472067506276,700.0,8.75,0.0,0.0,0.0,1.8114270579042429,False,True,1969,PV+/PNN-,63.5532552,8.995472067506276,0.0,0.0,0.0,False,NONE
2303,1179,1576,84.20806314000001,10.354565948189398,2821.0,26.61320754716981,0.0,0.0,0.0,1.525853917037903,False,True,1970,PV+/PNN-,84.20806314000001,10.354565948189398,0.0,0.0,0.0,False,NONE
2304,1187,773,203.37041664,16.091589626115685,5244.0,20.484375,0.0,0.0,0.0,1.5163752401285997,False,True,1971,PV+/PNN-,203.37041664,16.091589626115685,0.0,0.0,0.0,False,NONE
2305,1179,853,40.51520019,7.182308476024235,1254.0,24.58823529411765,0.0,0.0,0.0,1.401105809192871,False,True,1972,PV+/PNN-,40.51520019,7.182308476024235,0.0,0.0,0.0,False,NONE
2306,1184,1223,120.75118488,12.39940255265723,2152.0,14.157894736842104,0.0,0.0,0.0,1.4215398771815502,False,True,1973,PV+/PNN-,120.75118488,12.39940255265723,0.0,0.0,0.0,False,NONE
2307,1182,1326,84.20806314000001,10.354565948189398,2134.0,20.132075471698112,0.0,0.0,0.0,1.6013773923083399,False,True,1974,PV+/PNN-,84.20806314000001,10.354565948189398,0.0,0.0,0.0,False,NONE
2308,1182,710,75.46949055,9.802588422925686,2078.0,21.873684210526317,0.0,0.0,0.0,1.4536281529683583,False,True,1975,PV+/PNN-,75.46949055,9.802588422925686,0.0,0.0,0.0,False,NONE
2309,1183,1556,120.75118488,12.39940255265723,4200.0,27.63157894736842,0.0,0.0,0.0,1.5668636793771253,False,True,1976,PV+/PNN-,120.75118488,12.39940255265723,0.0,0.0,0.0,False,NONE
2310,1183,1903,116.77910643,12.193759728054031,3117.0,21.20408163265306,0.0,0.0,0.0,1.4421577704072612,False,True,1977,PV+/PNN-,116.77910643,12.193759728054031,0.0,0.0,0.0,False,NONE
2311,1183,2222,85.79689452,10.451794052617739,993.0,9.194444444444445,0.0,0.0,0.0,1.9066569543840055,False,True,1978,PV+/PNN-,85.79689452,10.451794052617739,0.0,0.0,0.0,False,NONE
2312,1180,2856,61.17000813,8.825195369105852,2622.0,34.05194805194805,0.0,0.0,0.0,1.780922739361796,False,True,1979,PV+/PNN-,61.17000813,8.825195369105852,0.0,0.0,0.0,False,NONE
2313,1185,840,118.36793781,12.276430232296539,4111.0,27.590604026845636,0.0,0.0,0.0,1.3849912780392146,False,True,1981,PV+/PNN-,118.36793781,12.276430232296539,0.0,0.0,0.0,False,NONE
2314,1183,927,96.12429849,11.062967867954534,4192.0,34.64462809917355,0.0,0.0,0.0,1.4481921125778376,False,True,1982,PV+/PNN-,96.12429849,11.062967867954534,0.0,0.0,0.0,False,NONE
2315,1183,1286,74.67507486,9.75085936304132,2002.0,21.29787234042553,0.0,0.0,0.0,1.6260162565809648,False,True,1983,PV+/PNN-,74.67507486,9.75085936304132,0.0,0.0,0.0,False,NONE
2316,1185,2238,73.88065917,9.698854408967303,719.0,7.731182795698925,0.0,0.0,0.0,1.6865405624510093,False,True,1984,PV+/PNN-,73.88065917,9.698854408967303,0.0,0.0,0.0,False,NONE
2317,1184,2804,134.25625161,13.074416571218995,5869.0,34.72781065088758,0.0,0.0,0.0,1.7930329000650846,False,True,1985,PV+/PNN-,134.25625161,13.074416571218995,0.0,0.0,0.0,False,NONE
2318,1187,745,106.45170246,11.642101063659146,3594.0,26.82089552238806,0.0,0.0,0.0,1.5018588272580888,False,True,1986,PV+/PNN-,106.45170246,11.642101063659146,0.0,0.0,0.0,False,NONE
2319,1185,1959,70.70299641,9.487984557348323,1992.0,22.382022471910112,0.0,0.0,0.0,1.4133701392630824,False,True,1987,PV+/PNN-,70.70299641,9.487984557348323,0.0,0.0,0.0,False,NONE
2320,1187,2057,84.20806314000001,10.354565948189398,934.0,8.81132075471698,0.0,0.0,0.0,1.6908866963325615,False,True,1989,PV+/PNN-,84.20806314000001,10.354565948189398,0.0,0.0,0.0,False,NONE
2321,1190,662,139.02274575,13.304482609502793,3664.0,20.937142857142856,0.0,0.0,0.0,1.4041372473692517,False,True,1990,PV+/PNN-,139.02274575,13.304482609502793,0.0,0.0,0.0,False,NONE
2322,1188,1780,90.56338866,10.738197602350779,1581.0,13.868421052631579,0.0,0.0,0.0,1.3921174966475467,False,True,1991,PV+/PNN-,90.56338866,10.738197602350779,0.0,0.0,0.0,False,NONE
2323,1193,2570,157.29430662000001,14.151796046802042,4738.0,23.92929292929293,0.0,0.0,0.0,1.8737125577639795,False,True,1992,PV+/PNN-,157.29430662000001,14.151796046802042,0.0,0.0,0.0,False,NONE
2324,1189,1975,100.09637694,11.289227848029503,3949.0,31.341269841269842,0.0,0.0,0.0,1.5407388347830022,False,True,1994,PV+/PNN-,100.09637694,11.289227848029503,0.0,0.0,0.0,False,NONE
2325,1192,157,136.63949868,13.189951216443678,5454.0,31.709302325581394,0.0,0.0,0.0,1.5432630213180498,False,True,1995,PV+/PNN-,136.63949868,13.189951216443678,0.0,0.0,0.0,False,NONE
2326,1188,1202,38.92636881,7.040070461425612,821.0,16.755102040816325,0.0,0.0,0.0,1.7653826413272102,False,True,1996,PV+/PNN-,38.92636881,7.040070461425612,0.0,0.0,0.0,False,NONE
2327,1192,716,99.30196125,11.244340084382843,2170.0,17.36,0.0,0.0,0.0,1.4747888590920846,False,True,1998,PV+/PNN-,99.30196125,11.244340084382843,0.0,0.0,0.0,False,NONE
2328,1190,1809,84.20806314000001,10.354565948189398,2268.0,21.39622641509434,0.0,0.0,0.0,1.402778624004598,False,True,1999,PV+/PNN-,84.20806314000001,10.354565948189398,0.0,0.0,0.0,False,NONE
2329,1193,595,99.30196125,11.244340084382843,2693.0,21.544,0.0,0.0,0.0,1.6627695862059528,False,True,2000,PV+/PNN-,99.30196125,11.244340084382843,0.0,0.0,0.0,False,NONE
2330,1194,807,144.58365558,13.56796328882212,3760.0,20.65934065934066,0.0,0.0,0.0,1.5672120106383802,False,True,2001,PV+/PNN-,144.58365558,13.56796328882212,0.0,0.0,0.0,False,NONE
2331,1192,1631,84.20806314000001,10.354565948189398,2803.0,26.443396226415093,0.0,0.0,0.0,1.5076723396579828,False,True,2002,PV+/PNN-,84.20806314000001,10.354565948189398,0.0,0.0,0.0,False,NONE
2332,1192,2218,85.00247883,10.403293586497956,951.0,8.88785046728972,0.0,0.0,0.0,1.9445661023638252,False,True,2003,PV+/PNN-,85.00247883,10.403293586497956,0.0,0.0,0.0,False,NONE
2333,1194,1835,124.72326333,12.60169000650996,2383.0,15.178343949044587,0.0,0.0,0.0,1.4801371825382708,False,True,2004,PV+/PNN-,124.72326333,12.60169000650996,0.0,0.0,0.0,False,NONE
2334,1192,2605,63.5532552,8.995472067506276,3141.0,39.2625,0.0,0.0,0.0,1.4945431429153677,False,True,2005,PV+/PNN-,63.5532552,8.995472067506276,0.0,0.0,0.0,False,NONE
2335,1195,1718,110.42378091,11.857315232959936,2055.0,14.784172661870503,0.0,0.0,0.0,1.3673109647548924,False,True,2006,PV+/PNN-,110.42378091,11.857315232959936,0.0,0.0,0.0,False,NONE
2336,1195,1931,111.2181966,11.899891008124815,4044.0,28.885714285714286,0.0,0.0,0.0,1.470849650524804,False,True,2007,PV+/PNN-,111.2181966,11.899891008124815,0.0,0.0,0.0,False,NONE
2337,1194,2256,77.85273762,9.956163126610313,756.0,7.714285714285714,0.0,0.0,0.0,1.5505717286721428,False,True,2008,PV+/PNN-,77.85273762,9.956163126610313,0.0,0.0,0.0,False,NONE
2338,1197,879,132.66742023,12.996822909266468,3004.0,17.98802395209581,0.0,0.0,0.0,1.3795219494840834,False,True,2009,PV+/PNN-,132.66742023,12.996822909266468,0.0,0.0,0.0,False,NONE
2339,1195,1114,92.15222004,10.83198276817611,2305.0,19.870689655172413,0.0,0.0,0.0,1.5432035787419514,False,True,2010,PV+/PNN-,92.15222004,10.83198276817611,0.0,0.0,0.0,False,NONE
2340,1196,735,78.64715331000001,10.006830950662698,1884.0,19.03030303030303,0.0,0.0,0.0,1.3492227888474289,False,True,2011,PV+/PNN-,78.64715331000001,10.006830950662698,0.0,0.0,0.0,False,NONE
2341,1196,1077,73.88065917,9.698854408967303,2151.0,23.129032258064516,0.0,0.0,0.0,1.6466884697654938,False,True,2013,PV+/PNN-,73.88065917,9.698854408967303,0.0,0.0,0.0,False,NONE
2342,1196,2183,90.56338866,10.738197602350779,1085.0,9.517543859649123,0.0,0.0,0.0,1.7679437054575802,False,True,2014,PV+/PNN-,90.56338866,10.738197602350779,0.0,0.0,0.0,False,NONE
2343,1196,2491,61.96442382,8.88231697105848,1265.0,16.21794871794872,0.0,0.0,0.0,1.5043551879663803,False,True,2016,PV+/PNN-,61.96442382,8.88231697105848,0.0,0.0,0.0,False,NONE
2344,1197,2672,112.01261229,11.942314996545514,5664.0,40.170212765957444,0.0,0.0,0.0,1.9193615754209838,False,True,2017,PV+/PNN-,112.01261229,11.942314996545514,0.0,0.0,0.0,False,NONE
2345,1197,1760,82.61923176,10.256416188536388,2426.0,23.326923076923077,0.0,0.0,0.0,1.3983946046067774,False,True,2018,PV+/PNN-,82.61923176,10.256416188536388,0.0,0.0,0.0,False,NONE
2346,1198,1956,77.85273762,9.956163126610313,1854.0,18.918367346938776,0.0,0.0,0.0,1.4726649540120302,False,True,2019,PV+/PNN-,77.85273762,9.956163126610313,0.0,0.0,0.0,False,NONE
2347,1197,2127,57.19792968,8.533854108523126,768.0,10.666666666666666,0.0,0.0,0.0,1.739875946495124,False,True,2020,PV+/PNN-,57.19792968,8.533854108523126,0.0,0.0,0.0,False,NONE
2348,1200,1692,121.54560057,12.440123196106569,1718.0,11.22875816993464,0.0,0.0,0.0,1.5110819567332519,False,True,2021,PV+/PNN-,121.54560057,12.440123196106569,0.0,0.0,0.0,False,NONE
2349,1200,2327,73.88065917,9.698854408967303,863.0,9.279569892473118,0.0,0.0,0.0,1.810879091629817,False,True,2022,PV+/PNN-,73.88065917,9.698854408967303,0.0,0.0,0.0,False,NONE
2350,1200,990,103.2740397,11.467021901548332,3476.0,26.73846153846154,0.0,0.0,0.0,1.30744906355284,False,True,2023,PV+/PNN-,103.2740397,11.467021901548332,0.0,0.0,0.0,False,NONE
2351,1202,2689,211.31457354,16.40286778005525,14863.0,55.87593984962406,0.0,0.0,0.0,2.014748015098771,False,True,2025,PV+/PNN-,211.31457354,16.40286778005525,0.0,0.0,0.0,False,NONE
2352,1201,2726,201.78158526,16.028608603131524,16638.0,65.50393700787401,0.0,0.0,0.0,1.8186863362441132,False,True,2026,PV+/PNN-,201.78158526,16.028608603131524,0.0,0.0,0.0,False,NONE
2353,1199,198,46.87052571,7.72511532706782,1815.0,30.76271186440678,0.0,0.0,0.0,1.4435508705410551,False,True,2027,PV+/PNN-,46.87052571,7.72511532706782,0.0,0.0,0.0,False,NONE
2354,1200,2541,40.51520019,7.182308476024235,1043.0,20.45098039215686,0.0,0.0,0.0,1.6438284960551215,False,True,2028,PV+/PNN-,40.51520019,7.182308476024235,0.0,0.0,0.0,False,NONE
2355,1206,697,137.43391437,13.228238528376714,7321.0,42.31791907514451,0.0,0.0,0.0,1.7550032326598828,False,True,2029,PV+/PNN-,137.43391437,13.228238528376714,0.0,0.0,0.0,False,NONE
2356,1202,2623,93.74105142,10.924962866435578,4690.0,39.74576271186441,0.0,0.0,0.0,1.7293714301999672,False,True,2030,PV+/PNN-,93.74105142,10.924962866435578,0.0,0.0,0.0,False,NONE
2357,1204,2664,131.07858885,12.91876320674319,7567.0,45.86060606060606,0.0,0.0,0.0,1.883221508606578,False,True,2031,PV+/PNN-,131.07858885,12.91876320674319,0.0,0.0,0.0,False,NONE
2358,1204,1428,119.95676919,12.358547737957586,5895.0,39.03973509933775,0.0,0.0,0.0,1.692109298581237,False,True,2032,PV+/PNN-,119.95676919,12.358547737957586,0.0,0.0,0.0,False,NONE
2359,1205,1346,92.94663573,10.878572156378345,2813.0,24.042735042735043,0.0,0.0,0.0,1.6402508240239875,False,True,2033,PV+/PNN-,92.94663573,10.878572156378345,0.0,0.0,0.0,False,NONE
2360,1205,1197,127.1065104,12.72151859781572,5484.0,34.275,0.0,0.0,0.0,2.028705648737258,False,True,2035,PV+/PNN-,127.1065104,12.72151859781572,0.0,0.0,0.0,False,NONE
2361,1205,1322,109.62936522,11.814586030086609,3049.0,22.094202898550726,0.0,0.0,0.0,2.100205284526658,False,True,2036,PV+/PNN-,109.62936522,11.814586030086609,0.0,0.0,0.0,False,NONE
2362,1204,2212,58.78676106,8.651568001725998,710.0,9.594594594594595,0.0,0.0,0.0,1.9152269494507015,False,True,2038,PV+/PNN-,58.78676106,8.651568001725998,0.0,0.0,0.0,False,NONE
2363,1202,2238,26.21571777,5.777446543100188,355.0,10.757575757575758,0.0,0.0,0.0,1.7250884048304531,False,True,2039,PV+/PNN-,26.21571777,5.777446543100188,0.0,0.0,0.0,False,NONE
2364,1205,2369,73.08624348000001,9.646569098642193,1077.0,11.706521739130435,0.0,0.0,0.0,1.6629758467760958,False,True,2040,PV+/PNN-,73.08624348000001,9.646569098642193,0.0,0.0,0.0,False,NONE
2365,1206,2428,83.41364745,10.305607915302103,1156.0,11.00952380952381,0.0,0.0,0.0,1.7274629684829355,False,True,2041,PV+/PNN-,83.41364745,10.305607915302103,0.0,0.0,0.0,False,NONE
2366,1205,1270,65.14208658,9.10722134683339,1609.0,19.621951219512194,0.0,0.0,0.0,1.5756059444461832,False,True,2042,PV+/PNN-,65.14208658,9.10722134683339,0.0,0.0,0.0,False,NONE
2367,1206,1366,85.00247883,10.403293586497956,1424.0,13.30841121495327,0.0,0.0,0.0,1.6736985049202002,False,True,2043,PV+/PNN-,85.00247883,10.403293586497956,0.0,0.0,0.0,False,NONE
2368,1206,1543,112.01261229,11.942314996545514,4132.0,29.30496453900709,0.0,0.0,0.0,1.5939480407221096,False,True,2044,PV+/PNN-,112.01261229,11.942314996545514,0.0,0.0,0.0,False,NONE
2369,1205,40,50.04818847,7.982689565701676,3022.0,47.96825396825397,0.0,0.0,0.0,1.3671924597310794,False,True,2045,PV+/PNN-,50.04818847,7.982689565701676,0.0,0.0,0.0,False,NONE
2370,1205,483,42.104031570000004,7.321783798208037,2258.0,42.60377358490566,0.0,0.0,0.0,1.679698033329534,False,True,2046,PV+/PNN-,42.104031570000004,7.321783798208037,0.0,0.0,0.0,False,NONE
2371,1206,1310,65.93650227,9.1625849044734,1619.0,19.50602409638554,0.0,0.0,0.0,1.723627015933289,False,True,2048,PV+/PNN-,65.93650227,9.1625849044734,0.0,0.0,0.0,False,NONE
2372,1207,116,74.67507486,9.75085936304132,4931.0,52.45744680851064,0.0,0.0,0.0,1.5211374194688074,False,True,2049,PV+/PNN-,74.67507486,9.75085936304132,0.0,0.0,0.0,False,NONE
2373,1209,642,64.34767089,9.051519164690074,1843.0,22.753086419753085,0.0,0.0,0.0,1.3452295286510623,False,True,2050,PV+/PNN-,64.34767089,9.051519164690074,0.0,0.0,0.0,False,NONE
2374,1208,947,86.59131021,10.500070494515816,4430.0,40.642201834862384,0.0,0.0,0.0,1.2485624076819033,False,True,2051,PV+/PNN-,86.59131021,10.500070494515816,0.0,0.0,0.0,False,NONE
2375,1210,70,61.17000813,8.825195369105852,8376.0,108.77922077922078,0.0,0.0,0.0,1.4112609383266987,False,True,2052,PV+/PNN-,61.17000813,8.825195369105852,0.0,0.0,0.0,False,NONE
2376,1211,1629,113.60144367,12.026714032504808,2290.0,16.013986013986013,0.0,0.0,0.0,1.4659104593931855,False,True,2053,PV+/PNN-,113.60144367,12.026714032504808,0.0,0.0,0.0,False,NONE
2377,1209,1653,62.75883951,8.93907356753593,1150.0,14.556962025316455,0.0,0.0,0.0,1.3867922906316015,False,True,2054,PV+/PNN-,62.75883951,8.93907356753593,0.0,0.0,0.0,False,NONE
2378,1209,1950,57.19792968,8.533854108523126,1165.0,16.180555555555557,0.0,0.0,0.0,1.4423468645205137,False,True,2055,PV+/PNN-,57.19792968,8.533854108523126,0.0,0.0,0.0,False,NONE
2379,1212,2586,130.28417316,12.879555944225542,5954.0,36.30487804878049,0.0,0.0,0.0,1.9159476759917873,False,True,2056,PV+/PNN-,130.28417316,12.879555944225542,0.0,0.0,0.0,False,NONE
2380,1212,1611,92.15222004,10.83198276817611,2218.0,19.120689655172413,0.0,0.0,0.0,1.5118922017819698,False,True,2057,PV+/PNN-,92.15222004,10.83198276817611,0.0,0.0,0.0,False,NONE
2381,1212,2200,85.00247883,10.403293586497956,912.0,8.523364485981308,0.0,0.0,0.0,1.8434237258247734,False,True,2058,PV+/PNN-,85.00247883,10.403293586497956,0.0,0.0,0.0,False,NONE
2382,1213,1028,103.2740397,11.467021901548332,3381.0,26.00769230769231,0.0,0.0,0.0,1.3758720411482788,False,True,2059,PV+/PNN-,103.2740397,11.467021901548332,0.0,0.0,0.0,False,NONE
2383,1211,1387,74.67507486,9.75085936304132,2130.0,22.659574468085108,0.0,0.0,0.0,1.5818567462179511,False,True,2060,PV+/PNN-,74.67507486,9.75085936304132,0.0,0.0,0.0,False,NONE
2384,1210,1721,50.84260416,8.045794813057842,561.0,8.765625,0.0,0.0,0.0,1.3411972717730902,False,True,2061,PV+/PNN-,50.84260416,8.045794813057842,0.0,0.0,0.0,False,NONE
2385,1211,1937,81.03040038,10.157318055940708,1640.0,16.07843137254902,0.0,0.0,0.0,1.4316278237084834,False,True,2062,PV+/PNN-,81.03040038,10.157318055940708,0.0,0.0,0.0,False,NONE
2386,1211,2088,85.79689452,10.451794052617739,968.0,8.962962962962964,0.0,0.0,0.0,1.6671237372925665,False,True,2063,PV+/PNN-,85.79689452,10.451794052617739,0.0,0.0,0.0,False,NONE
2387,1214,761,131.87300454,12.957851838301272,3682.0,22.180722891566266,0.0,0.0,0.0,1.4217690203967854,False,True,2064,PV+/PNN-,131.87300454,12.957851838301272,0.0,0.0,0.0,False,NONE
2388,1211,1999,63.5532552,8.995472067506276,1783.0,22.2875,0.0,0.0,0.0,1.384282365477718,False,True,2065,PV+/PNN-,63.5532552,8.995472067506276,0.0,0.0,0.0,False,NONE
2389,1211,2056,32.57104329,6.439777972112771,332.0,8.097560975609756,0.0,0.0,0.0,1.5819336791628344,False,True,2066,PV+/PNN-,32.57104329,6.439777972112771,0.0,0.0,0.0,False,NONE
2390,1215,2186,79.441569,10.057243516322302,792.0,7.92,0.0,0.0,0.0,1.6092514138967207,False,True,2067,PV+/PNN-,79.441569,10.057243516322302,0.0,0.0,0.0,False,NONE
2391,1215,1804,97.71312987,11.154022637162193,2151.0,17.48780487804878,0.0,0.0,0.0,1.4071676727029405,False,True,2068,PV+/PNN-,97.71312987,11.154022637162193,0.0,0.0,0.0,False,NONE
2392,1214,2229,46.07611002,7.659368469073156,500.0,8.620689655172415,0.0,0.0,0.0,1.7738853559369179,False,True,2069,PV+/PNN-,46.07611002,7.659368469073156,0.0,0.0,0.0,False,NONE
2393,1216,929,128.69534178,12.800781162784691,4036.0,24.91358024691358,0.0,0.0,0.0,1.5465563968845544,False,True,2070,PV+/PNN-,128.69534178,12.800781162784691,0.0,0.0,0.0,False,NONE
2394,1218,1498,159.67755369,14.258603569939103,4630.0,23.034825870646767,0.0,0.0,0.0,2.2222716496150383,False,True,2071,PV+/PNN-,159.67755369,14.258603569939103,0.0,0.0,0.0,False,NONE
2395,1216,2025,105.65728677,11.598579038183399,1450.0,10.902255639097744,0.0,0.0,0.0,1.6452382131594947,False,True,2072,PV+/PNN-,105.65728677,11.598579038183399,0.0,0.0,0.0,False,NONE
2396,1216,2335,75.46949055,9.802588422925686,959.0,10.094736842105263,0.0,0.0,0.0,1.7415448402712699,False,True,2073,PV+/PNN-,75.46949055,9.802588422925686,0.0,0.0,0.0,False,NONE
2397,1217,1174,86.59131021,10.500070494515816,1386.0,12.715596330275229,0.0,0.0,0.0,1.676310639943296,False,True,2074,PV+/PNN-,86.59131021,10.500070494515816,0.0,0.0,0.0,False,NONE
2398,1219,1972,133.46183592,13.035677474005707,2161.0,12.863095238095237,0.0,0.0,0.0,1.76046619438264,False,True,2075,PV+/PNN-,133.46183592,13.035677474005707,0.0,0.0,0.0,False,NONE
2399,1216,1860,28.59896484,6.034346109793383,389.0,10.805555555555555,0.0,0.0,0.0,1.4536715008586478,False,True,2076,PV+/PNN-,28.59896484,6.034346109793383,0.0,0.0,0.0,False,NONE
2400,1219,2614,144.58365558,13.56796328882212,6269.0,34.44505494505494,0.0,0.0,0.0,1.8327583284492495,False,True,2077,PV+/PNN-,144.58365558,13.56796328882212,0.0,0.0,0.0,False,NONE
2401,1218,4,50.84260416,8.045794813057842,4388.0,68.5625,0.0,0.0,0.0,1.4303787829358952,False,True,2078,PV+/PNN-,50.84260416,8.045794813057842,0.0,0.0,0.0,False,NONE
2402,1218,612,67.52533365000001,9.272320371655413,3150.0,37.05882352941177,0.0,0.0,0.0,1.4938345961498265,False,True,2079,PV+/PNN-,67.52533365000001,9.272320371655413,0.0,0.0,0.0,False,NONE
2403,1218,1413,100.89079263,11.333937836259333,3814.0,30.031496062992126,0.0,0.0,0.0,1.688530029125231,False,True,2080,PV+/PNN-,100.89079263,11.333937836259333,0.0,0.0,0.0,False,NONE
2404,1220,2300,60.37559244,8.767701627645716,628.0,8.263157894736842,0.0,0.0,0.0,1.6951192497712069,False,True,2081,PV+/PNN-,60.37559244,8.767701627645716,0.0,0.0,0.0,False,NONE
2405,1222,2746,243.88561683,17.621714211168094,20601.0,67.1042345276873,0.0,0.0,0.0,1.932317634650337,False,True,2082,PV+/PNN-,243.88561683,17.621714211168094,0.0,0.0,0.0,False,NONE
2406,1222,1760,123.13443195,12.521167201073583,2637.0,17.01290322580645,0.0,0.0,0.0,1.5307985842360152,False,True,2084,PV+/PNN-,123.13443195,12.521167201073583,0.0,0.0,0.0,False,NONE
2407,1220,2364,100.09637694,11.289227848029503,1442.0,11.444444444444445,0.0,0.0,0.0,2.039022833660896,False,True,2085,PV+/PNN-,100.09637694,11.289227848029503,0.0,0.0,0.0,False,NONE
2408,1221,2661,85.79689452,10.451794052617739,6825.0,63.19444444444444,0.0,0.0,0.0,1.7673296103451455,False,True,2086,PV+/PNN-,85.79689452,10.451794052617739,0.0,0.0,0.0,False,NONE
2409,1222,2242,72.29182779,9.593998848416254,805.0,8.846153846153847,0.0,0.0,0.0,1.965531487354684,False,True,2087,PV+/PNN-,72.29182779,9.593998848416254,0.0,0.0,0.0,False,NONE
2410,1222,2513,76.26390624,9.854045933561641,1308.0,13.625,0.0,0.0,0.0,1.4662830276897516,False,True,2088,PV+/PNN-,76.26390624,9.854045933561641,0.0,0.0,0.0,False,NONE
2411,1223,1000,90.56338866,10.738197602350779,1615.0,14.166666666666666,0.0,0.0,0.0,1.3238445694415717,False,True,2089,PV+/PNN-,90.56338866,10.738197602350779,0.0,0.0,0.0,False,NONE
2412,1224,1990,111.2181966,11.899891008124815,2130.0,15.214285714285714,0.0,0.0,0.0,1.3967247581297457,False,True,2090,PV+/PNN-,111.2181966,11.899891008124815,0.0,0.0,0.0,False,NONE
2413,1223,2144,76.26390624,9.854045933561641,834.0,8.6875,0.0,0.0,0.0,1.6724428846635082,False,True,2091,PV+/PNN-,76.26390624,9.854045933561641,0.0,0.0,0.0,False,NONE
2414,1224,2233,74.67507486,9.75085936304132,711.0,7.5638297872340425,0.0,0.0,0.0,1.9611553977288358,False,True,2092,PV+/PNN-,74.67507486,9.75085936304132,0.0,0.0,0.0,False,NONE
2415,1222,117,58.78676106,8.651568001725998,6888.0,93.08108108108108,0.0,0.0,0.0,1.3853341375995398,False,True,2093,PV+/PNN-,58.78676106,8.651568001725998,0.0,0.0,0.0,False,NONE
2416,1223,1670,64.34767089,9.051519164690074,1386.0,17.11111111111111,0.0,0.0,0.0,1.440402229997804,False,True,2094,PV+/PNN-,64.34767089,9.051519164690074,0.0,0.0,0.0,False,NONE
2417,1225,2116,89.76897297000001,10.690996505268625,1229.0,10.876106194690266,0.0,0.0,0.0,1.6051647052275064,False,True,2095,PV+/PNN-,89.76897297000001,10.690996505268625,0.0,0.0,0.0,False,NONE
2418,1225,2682,155.70547524,14.080140922851225,10138.0,51.724489795918366,0.0,0.0,0.0,1.7835356761994696,False,True,2096,PV+/PNN-,155.70547524,14.080140922851225,0.0,0.0,0.0,False,NONE
2419,1226,882,189.07093422,15.515559616363333,7908.0,33.226890756302524,0.0,0.0,0.0,1.6572208085466658,False,True,2097,PV+/PNN-,189.07093422,15.515559616363333,0.0,0.0,0.0,False,NONE
2420,1226,1403,88.18014159,10.595963539609496,2895.0,26.08108108108108,0.0,0.0,0.0,1.5245687327740418,False,True,2098,PV+/PNN-,88.18014159,10.595963539609496,0.0,0.0,0.0,False,NONE
2421,1226,1347,48.45935709,7.854958291387057,969.0,15.885245901639344,0.0,0.0,0.0,1.7802125796518156,False,True,2099,PV+/PNN-,48.45935709,7.854958291387057,0.0,0.0,0.0,False,NONE
2422,1226,1885,97.71312987,11.154022637162193,2384.0,19.382113821138212,0.0,0.0,0.0,1.3149635382603064,False,True,2100,PV+/PNN-,97.71312987,11.154022637162193,0.0,0.0,0.0,False,NONE
2423,1227,2765,137.43391437,13.228238528376714,6847.0,39.578034682080926,0.0,0.0,0.0,1.6414593223437528,False,True,2101,PV+/PNN-,137.43391437,13.228238528376714,0.0,0.0,0.0,False,NONE
2424,1227,2044,92.15222004,10.83198276817611,869.0,7.491379310344827,0.0,0.0,0.0,1.5598177787615333,False,True,2102,PV+/PNN-,92.15222004,10.83198276817611,0.0,0.0,0.0,False,NONE
2425,1230,2571,156.49989093,14.116013951495509,4982.0,25.289340101522843,0.0,0.0,0.0,1.7902854721608552,False,True,2103,PV+/PNN-,156.49989093,14.116013951495509,0.0,0.0,0.0,False,NONE
2426,1228,2862,74.67507486,9.75085936304132,10227.0,108.79787234042553,0.0,0.0,0.0,1.861796499412055,False,True,2104,PV+/PNN-,74.67507486,9.75085936304132,0.0,0.0,0.0,False,NONE
2427,1226,40,48.45935709,7.854958291387057,5008.0,82.09836065573771,0.0,0.0,0.0,1.4132336041877551,False,True,2105,PV+/PNN-,48.45935709,7.854958291387057,0.0,0.0,0.0,False,NONE
2428,1229,772,142.20040851,13.455674765407588,3818.0,21.329608938547487,0.0,0.0,0.0,1.4559950930783565,False,True,2106,PV+/PNN-,142.20040851,13.455674765407588,0.0,0.0,0.0,False,NONE
2429,1227,1087,61.96442382,8.88231697105848,1433.0,18.371794871794872,0.0,0.0,0.0,1.51195774103254,False,True,2107,PV+/PNN-,61.96442382,8.88231697105848,0.0,0.0,0.0,False,NONE
2430,1228,1807,101.68520832,11.378472144697502,2089.0,16.3203125,0.0,0.0,0.0,1.4552801139748601,False,True,2108,PV+/PNN-,101.68520832,11.378472144697502,0.0,0.0,0.0,False,NONE
2431,1228,2283,81.82481607,10.206987389088184,905.0,8.78640776699029,0.0,0.0,0.0,1.9121343601327234,False,True,2109,PV+/PNN-,81.82481607,10.206987389088184,0.0,0.0,0.0,False,NONE
2432,1230,2393,91.35780435,10.78519212710641,1254.0,10.904347826086957,0.0,0.0,0.0,1.868591852637171,False,True,2110,PV+/PNN-,91.35780435,10.78519212710641,0.0,0.0,0.0,False,NONE
2433,1230,2721,135.05066730000001,13.113041224263421,11791.0,69.35882352941177,0.0,0.0,0.0,1.7672246404539542,False,True,2111,PV+/PNN-,135.05066730000001,13.113041224263421,0.0,0.0,0.0,False,NONE
2434,1236,681,174.7714518,14.917302830020427,5815.0,26.431818181818183,0.0,0.0,0.0,1.4909211311278818,False,True,2112,PV+/PNN-,174.7714518,14.917302830020427,0.0,0.0,0.0,False,NONE
2435,1232,994,92.94663573,10.878572156378345,2093.0,17.88888888888889,0.0,0.0,0.0,1.3944349415514858,False,True,2113,PV+/PNN-,92.94663573,10.878572156378345,0.0,0.0,0.0,False,NONE
2436,1231,1185,95.32988280000001,11.017158280424603,2209.0,18.408333333333335,0.0,0.0,0.0,1.4707614066052863,False,True,2114,PV+/PNN-,95.32988280000001,11.017158280424603,0.0,0.0,0.0,False,NONE
2437,1231,1431,87.3857259,10.548125988120718,4020.0,36.54545454545455,0.0,0.0,0.0,1.6442248858540258,False,True,2115,PV+/PNN-,87.3857259,10.548125988120718,0.0,0.0,0.0,False,NONE
2438,1232,1734,85.79689452,10.451794052617739,1369.0,12.675925925925926,0.0,0.0,0.0,1.5120105365399439,False,True,2116,PV+/PNN-,85.79689452,10.451794052617739,0.0,0.0,0.0,False,NONE
2439,1232,94,79.441569,10.057243516322302,7213.0,72.13,0.0,0.0,0.0,1.369086762536731,False,True,2117,PV+/PNN-,79.441569,10.057243516322302,0.0,0.0,0.0,False,NONE
2440,1232,968,47.664941400000004,7.7903073294937615,1236.0,20.6,0.0,0.0,0.0,1.2280023840114695,False,True,2119,PV+/PNN-,47.664941400000004,7.7903073294937615,0.0,0.0,0.0,False,NONE
2441,1233,2345,77.05832193,9.90523612702942,949.0,9.783505154639176,0.0,0.0,0.0,1.5650286559286584,False,True,2120,PV+/PNN-,77.05832193,9.90523612702942,0.0,0.0,0.0,False,NONE
2442,1234,124,88.97455728,10.643586087602236,2892.0,25.821428571428573,0.0,0.0,0.0,1.5235312704770065,False,True,2121,PV+/PNN-,88.97455728,10.643586087602236,0.0,0.0,0.0,False,NONE
2443,1234,1306,94.53546711,10.971157418634661,1670.0,14.033613445378151,0.0,0.0,0.0,1.6805794931249405,False,True,2122,PV+/PNN-,94.53546711,10.971157418634661,0.0,0.0,0.0,False,NONE
2444,1234,1524,103.2740397,11.467021901548332,2590.0,19.923076923076923,0.0,0.0,0.0,1.5606140806559632,False,True,2123,PV+/PNN-,103.2740397,11.467021901548332,0.0,0.0,0.0,False,NONE
2445,1232,2655,47.664941400000004,7.7903073294937615,2972.0,49.53333333333333,0.0,0.0,0.0,1.82347235291844,False,True,2124,PV+/PNN-,47.664941400000004,7.7903073294937615,0.0,0.0,0.0,False,NONE
2446,1237,1866,114.39585936,12.068692219586765,2555.0,17.743055555555557,0.0,0.0,0.0,1.8242959628339406,False,True,2125,PV+/PNN-,114.39585936,12.068692219586765,0.0,0.0,0.0,False,NONE
2447,1234,2019,89.76897297000001,10.690996505268625,1376.0,12.176991150442477,0.0,0.0,0.0,1.5500630153055162,False,True,2126,PV+/PNN-,89.76897297000001,10.690996505268625,0.0,0.0,0.0,False,NONE
2448,1238,2558,142.9948242,13.493208101259413,8349.0,46.38333333333333,0.0,0.0,0.0,2.4333554953466714,False,True,2127,PV+/PNN-,142.9948242,13.493208101259413,0.0,0.0,0.0,False,NONE
2449,1237,934,82.61923176,10.256416188536388,2317.0,22.278846153846153,0.0,0.0,0.0,1.4767959331015508,False,True,2128,PV+/PNN-,82.61923176,10.256416188536388,0.0,0.0,0.0,False,NONE
2450,1236,2227,75.46949055,9.802588422925686,1026.0,10.8,0.0,0.0,0.0,1.9147630098681434,False,True,2129,PV+/PNN-,75.46949055,9.802588422925686,0.0,0.0,0.0,False,NONE
2451,1237,52,83.41364745,10.305607915302103,6787.0,64.63809523809523,0.0,0.0,0.0,1.3907241716025267,False,True,2130,PV+/PNN-,83.41364745,10.305607915302103,0.0,0.0,0.0,False,NONE
2452,1236,1664,75.46949055,9.802588422925686,1047.0,11.021052631578947,0.0,0.0,0.0,1.3787229985480889,False,True,2131,PV+/PNN-,75.46949055,9.802588422925686,0.0,0.0,0.0,False,NONE
2453,1236,105,30.98221191,6.280746562883805,2562.0,65.6923076923077,0.0,0.0,0.0,1.4064723172395721,False,True,2132,PV+/PNN-,30.98221191,6.280746562883805,0.0,0.0,0.0,False,NONE
2454,1238,1031,112.80702798,11.984588810142046,3126.0,22.014084507042252,0.0,0.0,0.0,1.4370833011520854,False,True,2133,PV+/PNN-,112.80702798,11.984588810142046,0.0,0.0,0.0,False,NONE
2455,1240,2259,85.00247883,10.403293586497956,1201.0,11.22429906542056,0.0,0.0,0.0,1.7679133214223306,False,True,2134,PV+/PNN-,85.00247883,10.403293586497956,0.0,0.0,0.0,False,NONE
2456,1238,2460,93.74105142,10.924962866435578,1677.0,14.211864406779661,0.0,0.0,0.0,1.808521739028589,False,True,2135,PV+/PNN-,93.74105142,10.924962866435578,0.0,0.0,0.0,False,NONE
2457,1238,2480,96.12429849,11.062967867954534,2041.0,16.867768595041323,0.0,0.0,0.0,1.7220253927480127,False,True,2136,PV+/PNN-,96.12429849,11.062967867954534,0.0,0.0,0.0,False,NONE
2458,1239,505,73.08624348000001,9.646569098642193,2425.0,26.358695652173914,0.0,0.0,0.0,1.500223365647815,False,True,2137,PV+/PNN-,73.08624348000001,9.646569098642193,0.0,0.0,0.0,False,NONE
2459,1237,549,45.28169433,7.593052342343362,1620.0,28.42105263157895,0.0,0.0,0.0,1.4239781960103348,False,True,2138,PV+/PNN-,45.28169433,7.593052342343362,0.0,0.0,0.0,False,NONE
2460,1240,1502,144.58365558,13.56796328882212,5446.0,29.923076923076923,0.0,0.0,0.0,1.669439197402994,False,True,2139,PV+/PNN-,144.58365558,13.56796328882212,0.0,0.0,0.0,False,NONE
2461,1239,446,73.08624348000001,9.646569098642193,3085.0,33.53260869565217,0.0,0.0,0.0,1.808808515509852,False,True,2140,PV+/PNN-,73.08624348000001,9.646569098642193,0.0,0.0,0.0,False,NONE
2462,1239,2316,50.84260416,8.045794813057842,547.0,8.546875,0.0,0.0,0.0,1.7743646117067136,False,True,2141,PV+/PNN-,50.84260416,8.045794813057842,0.0,0.0,0.0,False,NONE
2463,1241,2364,96.12429849,11.062967867954534,1383.0,11.429752066115702,0.0,0.0,0.0,1.8488340929610467,False,True,2142,PV+/PNN-,96.12429849,11.062967867954534,0.0,0.0,0.0,False,NONE
2464,1240,1424,73.88065917,9.698854408967303,2086.0,22.43010752688172,0.0,0.0,0.0,1.5167706476107137,False,True,2143,PV+/PNN-,73.88065917,9.698854408967303,0.0,0.0,0.0,False,NONE
2465,1242,1991,99.30196125,11.244340084382843,1466.0,11.728,0.0,0.0,0.0,1.711988514756272,False,True,2144,PV+/PNN-,99.30196125,11.244340084382843,0.0,0.0,0.0,False,NONE
2466,1242,2193,87.3857259,10.548125988120718,1096.0,9.963636363636363,0.0,0.0,0.0,1.8645779750647906,False,True,2145,PV+/PNN-,87.3857259,10.548125988120718,0.0,0.0,0.0,False,NONE
2467,1242,1236,112.01261229,11.942314996545514,2610.0,18.51063829787234,0.0,0.0,0.0,1.9014874878930974,False,True,2147,PV+/PNN-,112.01261229,11.942314996545514,0.0,0.0,0.0,False,NONE
2468,1244,902,150.9389811,13.862953494062992,3974.0,20.91578947368421,0.0,0.0,0.0,1.547649727006301,False,True,2148,PV+/PNN-,150.9389811,13.862953494062992,0.0,0.0,0.0,False,NONE
2469,1244,1744,146.96690265,13.679330108642857,2180.0,11.783783783783784,0.0,0.0,0.0,1.5562220652022019,False,True,2149,PV+/PNN-,146.96690265,13.679330108642857,0.0,0.0,0.0,False,NONE
2470,1243,1759,77.05832193,9.90523612702942,1353.0,13.948453608247423,0.0,0.0,0.0,1.4565159268554801,False,True,2150,PV+/PNN-,77.05832193,9.90523612702942,0.0,0.0,0.0,False,NONE
2471,1244,984,106.45170246,11.642101063659146,2853.0,21.291044776119403,0.0,0.0,0.0,1.3325885505947463,False,True,2151,PV+/PNN-,106.45170246,11.642101063659146,0.0,0.0,0.0,False,NONE
2472,1244,2689,139.02274575,13.304482609502793,11984.0,68.48,0.0,0.0,0.0,1.808223803625742,False,True,2152,PV+/PNN-,139.02274575,13.304482609502793,0.0,0.0,0.0,False,NONE
2473,1247,1293,108.83494953,11.77170172875832,2697.0,19.686131386861312,0.0,0.0,0.0,1.6891818544333776,False,True,2153,PV+/PNN-,108.83494953,11.77170172875832,0.0,0.0,0.0,False,NONE
2474,1245,1795,110.42378091,11.857315232959936,2403.0,17.287769784172664,0.0,0.0,0.0,1.501162389151725,False,True,2154,PV+/PNN-,110.42378091,11.857315232959936,0.0,0.0,0.0,False,NONE
2475,1245,2131,91.35780435,10.78519212710641,845.0,7.3478260869565215,0.0,0.0,0.0,1.6732888752832342,False,True,2155,PV+/PNN-,91.35780435,10.78519212710641,0.0,0.0,0.0,False,NONE
2476,1244,2170,74.67507486,9.75085936304132,831.0,8.840425531914894,0.0,0.0,0.0,1.6268048192660187,False,True,2156,PV+/PNN-,74.67507486,9.75085936304132,0.0,0.0,0.0,False,NONE
2477,1247,67,114.39585936,12.068692219586765,10211.0,70.90972222222223,0.0,0.0,0.0,1.5102946825493175,False,True,2157,PV+/PNN-,114.39585936,12.068692219586765,0.0,0.0,0.0,False,NONE
2478,1246,1283,73.88065917,9.698854408967303,1724.0,18.537634408602152,0.0,0.0,0.0,1.6570500138637279,False,True,2158,PV+/PNN-,73.88065917,9.698854408967303,0.0,0.0,0.0,False,NONE
2479,1247,2834,121.54560057,12.440123196106569,4947.0,32.333333333333336,0.0,0.0,0.0,1.5987721889130273,False,True,2159,PV+/PNN-,121.54560057,12.440123196106569,0.0,0.0,0.0,False,NONE
2480,1247,674,90.56338866,10.738197602350779,3705.0,32.5,0.0,0.0,0.0,1.4044716453800563,False,True,2160,PV+/PNN-,90.56338866,10.738197602350779,0.0,0.0,0.0,False,NONE
2481,1247,1055,104.06845539,11.51104134134072,2656.0,20.27480916030534,0.0,0.0,0.0,1.6018898501558068,False,True,2161,PV+/PNN-,104.06845539,11.51104134134072,0.0,0.0,0.0,False,NONE
2482,1246,2026,87.3857259,10.548125988120718,969.0,8.809090909090909,0.0,0.0,0.0,1.5849249719379788,False,True,2162,PV+/PNN-,87.3857259,10.548125988120718,0.0,0.0,0.0,False,NONE
2483,1247,967,84.20806314000001,10.354565948189398,2332.0,22.0,0.0,0.0,0.0,1.4419389445151953,False,True,2163,PV+/PNN-,84.20806314000001,10.354565948189398,0.0,0.0,0.0,False,NONE
2484,1252,2775,176.36028318,14.984955344126572,7252.0,32.666666666666664,0.0,0.0,0.0,1.6270747776627037,False,True,2164,PV+/PNN-,176.36028318,14.984955344126572,0.0,0.0,0.0,False,NONE
2485,1251,841,123.13443195,12.521167201073583,7981.0,51.49032258064516,0.0,0.0,0.0,1.3739407474258267,False,True,2165,PV+/PNN-,123.13443195,12.521167201073583,0.0,0.0,0.0,False,NONE
2486,1249,1352,88.97455728,10.643586087602236,1985.0,17.723214285714285,0.0,0.0,0.0,1.6995778899152705,False,True,2166,PV+/PNN-,88.97455728,10.643586087602236,0.0,0.0,0.0,False,NONE
2487,1249,2493,64.34767089,9.051519164690074,1243.0,15.345679012345679,0.0,0.0,0.0,1.538320297729548,False,True,2167,PV+/PNN-,64.34767089,9.051519164690074,0.0,0.0,0.0,False,NONE
2488,1250,1614,92.15222004,10.83198276817611,1496.0,12.89655172413793,0.0,0.0,0.0,1.5892121326423325,False,True,2168,PV+/PNN-,92.15222004,10.83198276817611,0.0,0.0,0.0,False,NONE
2489,1252,614,95.32988280000001,11.017158280424603,3291.0,27.425,0.0,0.0,0.0,1.5646529369723605,False,True,2169,PV+/PNN-,95.32988280000001,11.017158280424603,0.0,0.0,0.0,False,NONE
2490,1251,2386,52.43143554,8.17054325713784,680.0,10.303030303030303,0.0,0.0,0.0,1.6621945567376764,False,True,2170,PV+/PNN-,52.43143554,8.17054325713784,0.0,0.0,0.0,False,NONE
2491,1252,1001,92.15222004,10.83198276817611,2003.0,17.267241379310345,0.0,0.0,0.0,1.3118827938539237,False,True,2171,PV+/PNN-,92.15222004,10.83198276817611,0.0,0.0,0.0,False,NONE
2492,1253,2591,173.97703611,14.883361255142246,9379.0,42.82648401826484,0.0,0.0,0.0,1.9932488187876698,False,True,2172,PV+/PNN-,173.97703611,14.883361255142246,0.0,0.0,0.0,False,NONE
2493,1254,1675,85.79689452,10.451794052617739,1611.0,14.916666666666666,0.0,0.0,0.0,1.5435822499674687,False,True,2173,PV+/PNN-,85.79689452,10.451794052617739,0.0,0.0,0.0,False,NONE
2494,1252,1872,81.82481607,10.206987389088184,1090.0,10.58252427184466,0.0,0.0,0.0,1.3896618176199809,False,True,2174,PV+/PNN-,81.82481607,10.206987389088184,0.0,0.0,0.0,False,NONE
2495,1253,461,53.22585123,8.232208609372499,2937.0,43.83582089552239,0.0,0.0,0.0,1.7480198505103355,False,True,2175,PV+/PNN-,53.22585123,8.232208609372499,0.0,0.0,0.0,False,NONE
2496,1254,731,108.04053384,11.728660627684029,3776.0,27.764705882352942,0.0,0.0,0.0,1.3593197178917353,False,True,2176,PV+/PNN-,108.04053384,11.728660627684029,0.0,0.0,0.0,False,NONE
2497,1255,1447,117.57352212,12.235164803834003,4298.0,29.04054054054054,0.0,0.0,0.0,1.7389299080786704,False,True,2177,PV+/PNN-,117.57352212,12.235164803834003,0.0,0.0,0.0,False,NONE
2498,1255,1700,139.81716144,13.342441267550265,4328.0,24.59090909090909,0.0,0.0,0.0,1.7057148534090174,False,True,2178,PV+/PNN-,139.81716144,13.342441267550265,0.0,0.0,0.0,False,NONE
2499,1253,1808,72.29182779,9.593998848416254,1130.0,12.417582417582418,0.0,0.0,0.0,1.4360679702471228,False,True,2179,PV+/PNN-,72.29182779,9.593998848416254,0.0,0.0,0.0,False,NONE
2500,1254,2012,96.12429849,11.062967867954534,1491.0,12.322314049586776,0.0,0.0,0.0,1.6442248858540258,False,True,2180,PV+/PNN-,96.12429849,11.062967867954534,0.0,0.0,0.0,False,NONE
2501,1256,484,104.06845539,11.51104134134072,8640.0,65.95419847328245,0.0,0.0,0.0,1.8468980822707712,False,True,2181,PV+/PNN-,104.06845539,11.51104134134072,0.0,0.0,0.0,False,NONE
2502,1254,2109,65.93650227,9.1625849044734,828.0,9.975903614457831,0.0,0.0,0.0,1.6593259044580573,False,True,2182,PV+/PNN-,65.93650227,9.1625849044734,0.0,0.0,0.0,False,NONE
2503,1255,2475,93.74105142,10.924962866435578,1638.0,13.88135593220339,0.0,0.0,0.0,1.5233293564238723,False,True,2183,PV+/PNN-,93.74105142,10.924962866435578,0.0,0.0,0.0,False,NONE
2504,1255,2341,51.63701985,8.108408946599484,694.0,10.676923076923076,0.0,0.0,0.0,1.9420721807505334,False,True,2184,PV+/PNN-,51.63701985,8.108408946599484,0.0,0.0,0.0,False,NONE
2505,1255,1969,62.75883951,8.93907356753593,719.0,9.10126582278481,0.0,0.0,0.0,1.3858540008544487,False,True,2185,PV+/PNN-,62.75883951,8.93907356753593,0.0,0.0,0.0,False,NONE
2506,1259,2799,166.8272949,14.574330482319752,7200.0,34.285714285714285,0.0,0.0,0.0,1.7094612089012786,False,True,2186,PV+/PNN-,166.8272949,14.574330482319752,0.0,0.0,0.0,False,NONE
2507,1261,1170,145.37807127,13.6051868520168,3013.0,16.46448087431694,0.0,0.0,0.0,1.7198595251880795,False,True,2187,PV+/PNN-,145.37807127,13.6051868520168,0.0,0.0,0.0,False,NONE
2508,1258,74,35.74870605,6.746604050629706,1660.0,36.888888888888886,0.0,0.0,0.0,1.3540147010830692,False,True,2188,PV+/PNN-,35.74870605,6.746604050629706,0.0,0.0,0.0,False,NONE
2509,1260,1032,112.01261229,11.942314996545514,1916.0,13.588652482269504,0.0,0.0,0.0,1.483023556357873,False,True,2189,PV+/PNN-,112.01261229,11.942314996545514,0.0,0.0,0.0,False,NONE
2510,1260,1318,106.45170246,11.642101063659146,4146.0,30.940298507462686,0.0,0.0,0.0,1.7778910758038666,False,True,2190,PV+/PNN-,106.45170246,11.642101063659146,0.0,0.0,0.0,False,NONE
2511,1260,1407,73.88065917,9.698854408967303,4727.0,50.82795698924731,0.0,0.0,0.0,1.5319144428312097,False,True,2191,PV+/PNN-,73.88065917,9.698854408967303,0.0,0.0,0.0,False,NONE
2512,1261,1585,112.01261229,11.942314996545514,2322.0,16.46808510638298,0.0,0.0,0.0,1.486703515554791,False,True,2192,PV+/PNN-,112.01261229,11.942314996545514,0.0,0.0,0.0,False,NONE
2513,1259,1123,50.04818847,7.982689565701676,1847.0,29.317460317460316,0.0,0.0,0.0,1.411902712286829,False,True,2193,PV+/PNN-,50.04818847,7.982689565701676,0.0,0.0,0.0,False,NONE
2514,1263,779,119.95676919,12.358547737957586,2670.0,17.68211920529801,0.0,0.0,0.0,1.462862114816387,False,True,2195,PV+/PNN-,119.95676919,12.358547737957586,0.0,0.0,0.0,False,NONE
2515,1262,1503,108.04053384,11.728660627684029,2628.0,19.323529411764707,0.0,0.0,0.0,1.575698999368487,False,True,2196,PV+/PNN-,108.04053384,11.728660627684029,0.0,0.0,0.0,False,NONE
2516,1262,704,141.40599282,13.418036440588484,6062.0,34.056179775280896,0.0,0.0,0.0,1.3350809270705486,False,True,2197,PV+/PNN-,141.40599282,13.418036440588484,0.0,0.0,0.0,False,NONE
2517,1263,993,99.30196125,11.244340084382843,2532.0,20.256,0.0,0.0,0.0,1.3212020820495234,False,True,2198,PV+/PNN-,99.30196125,11.244340084382843,0.0,0.0,0.0,False,NONE
2518,1263,1083,102.47962401,11.422832828117684,2606.0,20.2015503875969,0.0,0.0,0.0,1.4508942116087038,False,True,2199,PV+/PNN-,102.47962401,11.422832828117684,0.0,0.0,0.0,False,NONE
2519,1265,1815,121.54560057,12.440123196106569,1593.0,10.411764705882353,0.0,0.0,0.0,1.5120509095750174,False,True,2200,PV+/PNN-,121.54560057,12.440123196106569,0.0,0.0,0.0,False,NONE
2520,1264,1960,95.32988280000001,11.017158280424603,1071.0,8.925,0.0,0.0,0.0,1.554151910549727,False,True,2201,PV+/PNN-,95.32988280000001,11.017158280424603,0.0,0.0,0.0,False,NONE
2521,1266,734,100.09637694,11.289227848029503,3122.0,24.77777777777778,0.0,0.0,0.0,1.3783700228700169,False,True,2202,PV+/PNN-,100.09637694,11.289227848029503,0.0,0.0,0.0,False,NONE
2522,1266,2192,92.15222004,10.83198276817611,980.0,8.448275862068966,0.0,0.0,0.0,1.8984918560837836,False,True,2203,PV+/PNN-,92.15222004,10.83198276817611,0.0,0.0,0.0,False,NONE
2523,1264,2209,49.25377278,7.919081463837606,629.0,10.14516129032258,0.0,0.0,0.0,1.7359571573810482,False,True,2204,PV+/PNN-,49.25377278,7.919081463837606,0.0,0.0,0.0,False,NONE
2524,1265,935,65.14208658,9.10722134683339,1573.0,19.182926829268293,0.0,0.0,0.0,1.3812540924347492,False,True,2205,PV+/PNN-,65.14208658,9.10722134683339,0.0,0.0,0.0,False,NONE
2525,1265,1881,71.4974121,9.54113894836179,892.0,9.911111111111111,0.0,0.0,0.0,1.409196565421613,False,True,2206,PV+/PNN-,71.4974121,9.54113894836179,0.0,0.0,0.0,False,NONE
2526,1267,1933,149.35014972,13.789797556005714,1633.0,8.686170212765957,0.0,0.0,0.0,1.4659380315150405,False,True,2207,PV+/PNN-,149.35014972,13.789797556005714,0.0,0.0,0.0,False,NONE
2527,1269,1344,107.24611815,11.68546099424064,2297.0,17.014814814814816,0.0,0.0,0.0,1.7466020941383793,False,True,2208,PV+/PNN-,107.24611815,11.68546099424064,0.0,0.0,0.0,False,NONE
2528,1268,1610,82.61923176,10.256416188536388,1190.0,11.442307692307692,0.0,0.0,0.0,1.4005328226566347,False,True,2209,PV+/PNN-,82.61923176,10.256416188536388,0.0,0.0,0.0,False,NONE
2529,1267,2031,78.64715331000001,10.006830950662698,787.0,7.94949494949495,0.0,0.0,0.0,1.6554559301563072,False,True,2210,PV+/PNN-,78.64715331000001,10.006830950662698,0.0,0.0,0.0,False,NONE
2530,1268,1055,58.78676106,8.651568001725998,1969.0,26.60810810810811,0.0,0.0,0.0,1.567641305381981,False,True,2211,PV+/PNN-,58.78676106,8.651568001725998,0.0,0.0,0.0,False,NONE
2531,1269,1664,90.56338866,10.738197602350779,1316.0,11.543859649122806,0.0,0.0,0.0,1.3966690251279448,False,True,2212,PV+/PNN-,90.56338866,10.738197602350779,0.0,0.0,0.0,False,NONE
2532,1269,1782,89.76897297000001,10.690996505268625,1052.0,9.309734513274336,0.0,0.0,0.0,1.4798739579048852,False,True,2213,PV+/PNN-,89.76897297000001,10.690996505268625,0.0,0.0,0.0,False,NONE
2533,1267,2319,27.80454915,5.949945504062407,321.0,9.17142857142857,0.0,0.0,0.0,1.808647374439428,False,True,2214,PV+/PNN-,27.80454915,5.949945504062407,0.0,0.0,0.0,False,NONE
2534,1269,2345,81.82481607,10.206987389088184,1320.0,12.815533980582524,0.0,0.0,0.0,2.025120846598978,False,True,2215,PV+/PNN-,81.82481607,10.206987389088184,0.0,0.0,0.0,False,NONE
2535,1271,2663,150.14456541,13.82642390884524,10832.0,57.31216931216931,0.0,0.0,0.0,1.7476218016528084,False,True,2216,PV+/PNN-,150.14456541,13.82642390884524,0.0,0.0,0.0,False,NONE
2536,1270,2778,156.49989093,14.116013951495509,7353.0,37.3248730964467,0.0,0.0,0.0,1.8079700911586611,False,True,2217,PV+/PNN-,156.49989093,14.116013951495509,0.0,0.0,0.0,False,NONE
2537,1270,1034,110.42378091,11.857315232959936,3001.0,21.58992805755396,0.0,0.0,0.0,1.3065178875388013,False,True,2218,PV+/PNN-,110.42378091,11.857315232959936,0.0,0.0,0.0,False,NONE
2538,1269,1100,65.14208658,9.10722134683339,1577.0,19.23170731707317,0.0,0.0,0.0,1.4029491828918395,False,True,2219,PV+/PNN-,65.14208658,9.10722134683339,0.0,0.0,0.0,False,NONE
2539,1268,2054,50.04818847,7.982689565701676,428.0,6.7936507936507935,0.0,0.0,0.0,1.566035425044808,False,True,2220,PV+/PNN-,50.04818847,7.982689565701676,0.0,0.0,0.0,False,NONE
2540,1270,2410,65.14208658,9.10722134683339,1119.0,13.646341463414634,0.0,0.0,0.0,1.9805809663118688,False,True,2221,PV+/PNN-,65.14208658,9.10722134683339,0.0,0.0,0.0,False,NONE
2541,1271,1561,82.61923176,10.256416188536388,2135.0,20.528846153846153,0.0,0.0,0.0,1.466817582202216,False,True,2222,PV+/PNN-,82.61923176,10.256416188536388,0.0,0.0,0.0,False,NONE
2542,1272,1750,96.91871418,11.108588547554572,1237.0,10.139344262295081,0.0,0.0,0.0,1.473991712708295,False,True,2223,PV+/PNN-,96.91871418,11.108588547554572,0.0,0.0,0.0,False,NONE
2543,1272,2173,92.15222004,10.83198276817611,791.0,6.818965517241379,0.0,0.0,0.0,1.578988009553359,False,True,2224,PV+/PNN-,92.15222004,10.83198276817611,0.0,0.0,0.0,False,NONE
2544,1273,928,123.13443195,12.521167201073583,3166.0,20.425806451612903,0.0,0.0,0.0,1.4346753366785523,False,True,2225,PV+/PNN-,123.13443195,12.521167201073583,0.0,0.0,0.0,False,NONE
2545,1273,2237,46.07611002,7.659368469073156,465.0,8.017241379310345,0.0,0.0,0.0,1.6831462635222774,False,True,2228,PV+/PNN-,46.07611002,7.659368469073156,0.0,0.0,0.0,False,NONE
2546,1274,2477,116.77910643,12.193759728054031,2081.0,14.156462585034014,0.0,0.0,0.0,1.923213194522131,False,True,2229,PV+/PNN-,116.77910643,12.193759728054031,0.0,0.0,0.0,False,NONE
2547,1275,2536,152.52781248,13.93572540349032,3396.0,17.6875,0.0,0.0,0.0,1.7207012781498745,False,True,2230,PV+/PNN-,152.52781248,13.93572540349032,0.0,0.0,0.0,False,NONE
2548,1274,59,67.52533365000001,9.272320371655413,3900.0,45.88235294117647,0.0,0.0,0.0,1.4327905671186019,False,True,2231,PV+/PNN-,67.52533365000001,9.272320371655413,0.0,0.0,0.0,False,NONE
2549,1272,2125,44.48727864,7.526151898686336,362.0,6.464285714285714,0.0,0.0,0.0,1.5367678584046958,False,True,2232,PV+/PNN-,44.48727864,7.526151898686336,0.0,0.0,0.0,False,NONE
2550,1274,147,78.64715331000001,10.006830950662698,2906.0,29.353535353535353,0.0,0.0,0.0,1.3859108669015487,False,True,2233,PV+/PNN-,78.64715331000001,10.006830950662698,0.0,0.0,0.0,False,NONE
2551,1275,862,82.61923176,10.256416188536388,3520.0,33.84615384615385,0.0,0.0,0.0,1.2943346595137142,False,True,2234,PV+/PNN-,82.61923176,10.256416188536388,0.0,0.0,0.0,False,NONE
2552,1274,1905,54.81468261,8.354173898786094,547.0,7.927536231884058,0.0,0.0,0.0,1.4309327053654777,False,True,2235,PV+/PNN-,54.81468261,8.354173898786094,0.0,0.0,0.0,False,NONE
2553,1277,1585,84.20806314000001,10.354565948189398,1810.0,17.07547169811321,0.0,0.0,0.0,1.4908893451534413,False,True,2236,PV+/PNN-,84.20806314000001,10.354565948189398,0.0,0.0,0.0,False,NONE
2554,1277,1674,107.24611815,11.68546099424064,1569.0,11.622222222222222,0.0,0.0,0.0,1.438571985741136,False,True,2237,PV+/PNN-,107.24611815,11.68546099424064,0.0,0.0,0.0,False,NONE
2555,1279,181,142.20040851,13.455674765407588,3663.0,20.463687150837988,0.0,0.0,0.0,1.5976191891627698,False,True,2238,PV+/PNN-,142.20040851,13.455674765407588,0.0,0.0,0.0,False,NONE
2556,1278,479,92.94663573,10.878572156378345,19849.0,169.64957264957266,0.0,0.0,0.0,1.8455197568103034,False,True,2239,PV+/PNN-,92.94663573,10.878572156378345,0.0,0.0,0.0,False,NONE
2557,1278,1123,86.59131021,10.500070494515816,1775.0,16.28440366972477,0.0,0.0,0.0,1.4457754241458205,False,True,2240,PV+/PNN-,86.59131021,10.500070494515816,0.0,0.0,0.0,False,NONE
2558,1277,2336,48.45935709,7.854958291387057,626.0,10.262295081967213,0.0,0.0,0.0,1.7109483359384003,False,True,2241,PV+/PNN-,48.45935709,7.854958291387057,0.0,0.0,0.0,False,NONE
2559,1276,2441,25.42130208,5.689236072348751,366.0,11.4375,0.0,0.0,0.0,1.7303529568471476,False,True,2242,PV+/PNN-,25.42130208,5.689236072348751,0.0,0.0,0.0,False,NONE
2560,1279,2839,147.76131834,13.716251444643651,5355.0,28.79032258064516,0.0,0.0,0.0,2.1061830984294856,False,True,2243,PV+/PNN-,147.76131834,13.716251444643651,0.0,0.0,0.0,False,NONE
2561,1279,2622,74.67507486,9.75085936304132,5523.0,58.755319148936174,0.0,0.0,0.0,1.6417875102820412,False,True,2244,PV+/PNN-,74.67507486,9.75085936304132,0.0,0.0,0.0,False,NONE
2562,1281,570,94.53546711,10.971157418634661,1956.0,16.436974789915965,0.0,0.0,0.0,1.6805794931249405,False,True,2245,PV+/PNN-,94.53546711,10.971157418634661,0.0,0.0,0.0,False,NONE
2563,1282,1717,127.1065104,12.72151859781572,1599.0,9.99375,0.0,0.0,0.0,1.6024875174656714,False,True,2246,PV+/PNN-,127.1065104,12.72151859781572,0.0,0.0,0.0,False,NONE
2564,1281,2248,57.99234537,8.592912627102823,643.0,8.808219178082192,0.0,0.0,0.0,1.519052589356268,False,True,2247,PV+/PNN-,57.99234537,8.592912627102823,0.0,0.0,0.0,False,NONE
2565,1281,2825,84.20806314000001,10.354565948189398,3445.0,32.5,0.0,0.0,0.0,1.9006741276393309,False,True,2248,PV+/PNN-,84.20806314000001,10.354565948189398,0.0,0.0,0.0,False,NONE
2566,1282,1173,84.20806314000001,10.354565948189398,1987.0,18.745283018867923,0.0,0.0,0.0,1.5859929806791768,False,True,2249,PV+/PNN-,84.20806314000001,10.354565948189398,0.0,0.0,0.0,False,NONE
2567,1281,1801,49.25377278,7.919081463837606,1104.0,17.806451612903224,0.0,0.0,0.0,1.4203285833117667,False,True,2250,PV+/PNN-,49.25377278,7.919081463837606,0.0,0.0,0.0,False,NONE
2568,1281,2067,46.07611002,7.659368469073156,445.0,7.672413793103448,0.0,0.0,0.0,1.5962412172660019,False,True,2251,PV+/PNN-,46.07611002,7.659368469073156,0.0,0.0,0.0,False,NONE
2569,1284,2278,106.45170246,11.642101063659146,1224.0,9.134328358208956,0.0,0.0,0.0,1.8525691390376944,False,True,2252,PV+/PNN-,106.45170246,11.642101063659146,0.0,0.0,0.0,False,NONE
2570,1283,908,53.22585123,8.232208609372499,1219.0,18.19402985074627,0.0,0.0,0.0,1.182679253288322,False,True,2253,PV+/PNN-,53.22585123,8.232208609372499,0.0,0.0,0.0,False,NONE
2571,1285,1060,81.82481607,10.206987389088184,2883.0,27.990291262135923,0.0,0.0,0.0,1.6947972969938139,False,True,2254,PV+/PNN-,81.82481607,10.206987389088184,0.0,0.0,0.0,False,NONE
2572,1283,1138,88.97455728,10.643586087602236,1673.0,14.9375,0.0,0.0,0.0,1.7055343544827308,False,True,2255,PV+/PNN-,88.97455728,10.643586087602236,0.0,0.0,0.0,False,NONE
2573,1283,1744,68.31974934,9.326703948667076,737.0,8.569767441860465,0.0,0.0,0.0,1.4816359305477396,False,True,2256,PV+/PNN-,68.31974934,9.326703948667076,0.0,0.0,0.0,False,NONE
2574,1285,810,96.12429849,11.062967867954534,2709.0,22.388429752066116,0.0,0.0,0.0,1.4481921125778376,False,True,2258,PV+/PNN-,96.12429849,11.062967867954534,0.0,0.0,0.0,False,NONE
2575,1286,1637,107.24611815,11.68546099424064,1387.0,10.274074074074074,0.0,0.0,0.0,1.413314614999116,False,True,2259,PV+/PNN-,107.24611815,11.68546099424064,0.0,0.0,0.0,False,NONE
2576,1285,1788,85.79689452,10.451794052617739,1126.0,10.425925925925926,0.0,0.0,0.0,1.4687710159761596,False,True,2260,PV+/PNN-,85.79689452,10.451794052617739,0.0,0.0,0.0,False,NONE
2577,1285,2861,58.78676106,8.651568001725998,1806.0,24.405405405405407,0.0,0.0,0.0,1.827078428764686,False,True,2262,PV+/PNN-,58.78676106,8.651568001725998,0.0,0.0,0.0,False,NONE
2578,1288,1105,114.39585936,12.068692219586765,2135.0,14.82638888888889,0.0,0.0,0.0,1.3687367283226433,False,True,2263,PV+/PNN-,114.39585936,12.068692219586765,0.0,0.0,0.0,False,NONE
2579,1288,1549,127.90092609,12.761211420003875,3375.0,20.96273291925466,0.0,0.0,0.0,1.6809315660519175,False,True,2264,PV+/PNN-,127.90092609,12.761211420003875,0.0,0.0,0.0,False,NONE
2580,1288,2440,86.59131021,10.500070494515816,1179.0,10.81651376146789,0.0,0.0,0.0,1.8021189435495881,False,True,2265,PV+/PNN-,86.59131021,10.500070494515816,0.0,0.0,0.0,False,NONE
2581,1287,796,67.52533365000001,9.272320371655413,1909.0,22.458823529411763,0.0,0.0,0.0,1.3909318043543337,False,True,2266,PV+/PNN-,67.52533365000001,9.272320371655413,0.0,0.0,0.0,False,NONE
2582,1287,926,70.70299641,9.487984557348323,1905.0,21.40449438202247,0.0,0.0,0.0,1.3092621443262025,False,True,2267,PV+/PNN-,70.70299641,9.487984557348323,0.0,0.0,0.0,False,NONE
2583,1290,1612,113.60144367,12.026714032504808,1859.0,13.0,0.0,0.0,0.0,1.3866020080893817,False,True,2268,PV+/PNN-,113.60144367,12.026714032504808,0.0,0.0,0.0,False,NONE
2584,1290,1231,66.73091796,9.217615939230159,1603.0,19.083333333333332,0.0,0.0,0.0,1.6695749572791756,False,True,2269,PV+/PNN-,66.73091796,9.217615939230159,0.0,0.0,0.0,False,NONE
2585,1289,1798,57.99234537,8.592912627102823,796.0,10.904109589041095,0.0,0.0,0.0,1.45305097284012,False,True,2270,PV+/PNN-,57.99234537,8.592912627102823,0.0,0.0,0.0,False,NONE
2586,1290,2183,87.3857259,10.548125988120718,885.0,8.045454545454545,0.0,0.0,0.0,1.7668678896349406,False,True,2271,PV+/PNN-,87.3857259,10.548125988120718,0.0,0.0,0.0,False,NONE
2587,1289,558,30.98221191,6.280746562883805,1004.0,25.743589743589745,0.0,0.0,0.0,1.712475078152506,False,True,2272,PV+/PNN-,30.98221191,6.280746562883805,0.0,0.0,0.0,False,NONE
2588,1291,1130,63.5532552,8.995472067506276,1255.0,15.6875,0.0,0.0,0.0,1.6909741077622726,False,True,2273,PV+/PNN-,63.5532552,8.995472067506276,0.0,0.0,0.0,False,NONE
2589,1292,1463,111.2181966,11.899891008124815,2357.0,16.835714285714285,0.0,0.0,0.0,1.7821741985840502,False,True,2274,PV+/PNN-,111.2181966,11.899891008124815,0.0,0.0,0.0,False,NONE
2590,1293,833,120.75118488,12.39940255265723,3241.0,21.32236842105263,0.0,0.0,0.0,1.4517750306584818,False,True,2275,PV+/PNN-,120.75118488,12.39940255265723,0.0,0.0,0.0,False,NONE
2591,1292,982,131.07858885,12.91876320674319,6529.0,39.56969696969697,0.0,0.0,0.0,1.4789039137244406,False,True,2276,PV+/PNN-,131.07858885,12.91876320674319,0.0,0.0,0.0,False,NONE
2592,1294,1038,88.18014159,10.595963539609496,2453.0,22.0990990990991,0.0,0.0,0.0,1.4991926434856433,False,True,2277,PV+/PNN-,88.18014159,10.595963539609496,0.0,0.0,0.0,False,NONE
2593,1292,1982,66.73091796,9.217615939230159,517.0,6.154761904761905,0.0,0.0,0.0,1.6060393352262683,False,True,2278,PV+/PNN-,66.73091796,9.217615939230159,0.0,0.0,0.0,False,NONE
2594,1296,938,139.02274575,13.304482609502793,5655.0,32.31428571428572,0.0,0.0,0.0,1.4625900196579265,False,True,2279,PV+/PNN-,139.02274575,13.304482609502793,0.0,0.0,0.0,False,NONE
2595,1294,2121,96.12429849,11.062967867954534,917.0,7.578512396694215,0.0,0.0,0.0,1.6981338985049774,False,True,2280,PV+/PNN-,96.12429849,11.062967867954534,0.0,0.0,0.0,False,NONE
2596,1294,2714,152.52781248,13.93572540349032,11553.0,60.171875,0.0,0.0,0.0,1.866634660052646,False,True,2281,PV+/PNN-,152.52781248,13.93572540349032,0.0,0.0,0.0,False,NONE
2597,1295,1838,85.79689452,10.451794052617739,822.0,7.611111111111111,0.0,0.0,0.0,1.4076866139098616,False,True,2282,PV+/PNN-,85.79689452,10.451794052617739,0.0,0.0,0.0,False,NONE
2598,1297,606,105.65728677,11.598579038183399,6243.0,46.93984962406015,0.0,0.0,0.0,1.709888495248418,False,True,2283,PV+/PNN-,105.65728677,11.598579038183399,0.0,0.0,0.0,False,NONE
2599,1299,671,161.26638507,14.329366305165495,7500.0,36.94581280788177,0.0,0.0,0.0,1.4452528280770525,False,True,2284,PV+/PNN-,161.26638507,14.329366305165495,0.0,0.0,0.0,False,NONE
2600,1298,1014,135.05066730000001,13.113041224263421,3559.0,20.935294117647057,0.0,0.0,0.0,1.5723197763328298,False,True,2285,PV+/PNN-,135.05066730000001,13.113041224263421,0.0,0.0,0.0,False,NONE
2601,1297,1858,159.67755369,14.258603569939103,1262.0,6.278606965174129,0.0,0.0,0.0,1.5448217624024885,False,True,2286,PV+/PNN-,159.67755369,14.258603569939103,0.0,0.0,0.0,False,NONE
2602,1300,796,177.15469887,15.0186673222671,4404.0,19.748878923766817,0.0,0.0,0.0,1.4795062603157196,False,True,2287,PV+/PNN-,177.15469887,15.0186673222671,0.0,0.0,0.0,False,NONE
2603,1298,1708,91.35780435,10.78519212710641,1147.0,9.97391304347826,0.0,0.0,0.0,1.5849835686908602,False,True,2288,PV+/PNN-,91.35780435,10.78519212710641,0.0,0.0,0.0,False,NONE
2604,1297,1936,83.41364745,10.305607915302103,662.0,6.304761904761905,0.0,0.0,0.0,1.3130695224267512,False,True,2289,PV+/PNN-,83.41364745,10.305607915302103,0.0,0.0,0.0,False,NONE
2605,1297,7,46.87052571,7.72511532706782,1763.0,29.88135593220339,0.0,0.0,0.0,1.4523453492997909,False,True,2290,PV+/PNN-,46.87052571,7.72511532706782,0.0,0.0,0.0,False,NONE
2606,1297,1680,65.14208658,9.10722134683339,669.0,8.158536585365853,0.0,0.0,0.0,1.2881459958897368,False,True,2291,PV+/PNN-,65.14208658,9.10722134683339,0.0,0.0,0.0,False,NONE
2607,1299,547,83.41364745,10.305607915302103,4289.0,40.84761904761905,0.0,0.0,0.0,1.7331105793320827,False,True,2292,PV+/PNN-,83.41364745,10.305607915302103,0.0,0.0,0.0,False,NONE
2608,1299,1378,102.47962401,11.422832828117684,1532.0,11.875968992248062,0.0,0.0,0.0,1.5819056493302026,False,True,2293,PV+/PNN-,102.47962401,11.422832828117684,0.0,0.0,0.0,False,NONE
2609,1301,1565,121.54560057,12.440123196106569,3464.0,22.640522875816995,0.0,0.0,0.0,1.6443129724760042,False,True,2294,PV+/PNN-,121.54560057,12.440123196106569,0.0,0.0,0.0,False,NONE
2610,1298,2274,57.99234537,8.592912627102823,837.0,11.465753424657533,0.0,0.0,0.0,1.6703486026009764,False,True,2295,PV+/PNN-,57.99234537,8.592912627102823,0.0,0.0,0.0,False,NONE
2611,1300,874,97.71312987,11.154022637162193,3674.0,29.869918699186993,0.0,0.0,0.0,1.4029491828918395,False,True,2296,PV+/PNN-,97.71312987,11.154022637162193,0.0,0.0,0.0,False,NONE
2612,1300,1306,70.70299641,9.487984557348323,1520.0,17.078651685393258,0.0,0.0,0.0,1.5199767260784474,False,True,2297,PV+/PNN-,70.70299641,9.487984557348323,0.0,0.0,0.0,False,NONE
2613,1300,1753,108.83494953,11.77170172875832,1464.0,10.686131386861314,0.0,0.0,0.0,1.5376857239909223,False,True,2298,PV+/PNN-,108.83494953,11.77170172875832,0.0,0.0,0.0,False,NONE
2614,1300,2212,72.29182779,9.593998848416254,854.0,9.384615384615385,0.0,0.0,0.0,1.857195106161906,False,True,2299,PV+/PNN-,72.29182779,9.593998848416254,0.0,0.0,0.0,False,NONE
2615,1300,2236,101.68520832,11.378472144697502,932.0,7.28125,0.0,0.0,0.0,1.8044778492422062,False,True,2300,PV+/PNN-,101.68520832,11.378472144697502,0.0,0.0,0.0,False,NONE
2616,1301,1211,101.68520832,11.378472144697502,2904.0,22.6875,0.0,0.0,0.0,1.585577776388049,False,True,2301,PV+/PNN-,101.68520832,11.378472144697502,0.0,0.0,0.0,False,NONE
2617,1301,2525,103.2740397,11.467021901548332,2734.0,21.03076923076923,0.0,0.0,0.0,1.6096505479326941,False,True,2302,PV+/PNN-,103.2740397,11.467021901548332,0.0,0.0,0.0,False,NONE
2618,1303,1719,71.4974121,9.54113894836179,625.0,6.944444444444445,0.0,0.0,0.0,1.5319144428312097,False,True,2303,PV+/PNN-,71.4974121,9.54113894836179,0.0,0.0,0.0,False,NONE
2619,1301,1883,66.73091796,9.217615939230159,784.0,9.333333333333334,0.0,0.0,0.0,1.4789680911204535,False,True,2304,PV+/PNN-,66.73091796,9.217615939230159,0.0,0.0,0.0,False,NONE
2620,1302,1064,81.03040038,10.157318055940708,3553.0,34.833333333333336,0.0,0.0,0.0,2.12709372588565,False,True,2305,PV+/PNN-,81.03040038,10.157318055940708,0.0,0.0,0.0,False,NONE
2621,1302,1332,43.69286295,7.4586514150102134,1354.0,24.618181818181817,0.0,0.0,0.0,1.6320953580075617,False,True,2306,PV+/PNN-,43.69286295,7.4586514150102134,0.0,0.0,0.0,False,NONE
2622,1303,1788,68.31974934,9.326703948667076,754.0,8.767441860465116,0.0,0.0,0.0,1.3187335507492972,False,True,2307,PV+/PNN-,68.31974934,9.326703948667076,0.0,0.0,0.0,False,NONE
2623,1304,2000,93.74105142,10.924962866435578,813.0,6.889830508474576,0.0,0.0,0.0,1.7865355421317497,False,True,2308,PV+/PNN-,93.74105142,10.924962866435578,0.0,0.0,0.0,False,NONE
2624,1303,2426,70.70299641,9.487984557348323,930.0,10.44943820224719,0.0,0.0,0.0,1.7281927159522072,False,True,2309,PV+/PNN-,70.70299641,9.487984557348323,0.0,0.0,0.0,False,NONE
2625,1305,1544,95.32988280000001,11.017158280424603,2482.0,20.683333333333334,0.0,0.0,0.0,1.6455726111702993,False,True,2310,PV+/PNN-,95.32988280000001,11.017158280424603,0.0,0.0,0.0,False,NONE
2626,1307,2716,269.30691891,18.517349130666563,19270.0,56.84365781710915,0.0,0.0,0.0,1.9771011122009416,False,True,2311,PV+/PNN-,269.30691891,18.517349130666563,0.0,0.0,0.0,False,NONE
2627,1306,1117,66.73091796,9.217615939230159,1698.0,20.214285714285715,0.0,0.0,0.0,1.589272990517862,False,True,2312,PV+/PNN-,66.73091796,9.217615939230159,0.0,0.0,0.0,False,NONE
2628,1305,2120,65.14208658,9.10722134683339,629.0,7.670731707317073,0.0,0.0,0.0,1.6949289419601798,False,True,2314,PV+/PNN-,65.14208658,9.10722134683339,0.0,0.0,0.0,False,NONE
2629,1307,583,88.18014159,10.595963539609496,5067.0,45.648648648648646,0.0,0.0,0.0,1.797695588536014,False,True,2315,PV+/PNN-,88.18014159,10.595963539609496,0.0,0.0,0.0,False,NONE
2630,1310,1729,125.51767902,12.64175907426016,1514.0,9.582278481012658,0.0,0.0,0.0,1.61385841670254,False,True,2316,PV+/PNN-,125.51767902,12.64175907426016,0.0,0.0,0.0,False,NONE
2631,1307,2373,53.22585123,8.232208609372499,691.0,10.313432835820896,0.0,0.0,0.0,1.7070852084414225,False,True,2317,PV+/PNN-,53.22585123,8.232208609372499,0.0,0.0,0.0,False,NONE
2632,1308,2456,77.05832193,9.90523612702942,1258.0,12.969072164948454,0.0,0.0,0.0,1.8408955235020206,False,True,2318,PV+/PNN-,77.05832193,9.90523612702942,0.0,0.0,0.0,False,NONE
2633,1309,2152,92.15222004,10.83198276817611,849.0,7.318965517241379,0.0,0.0,0.0,1.8409811637083071,False,True,2320,PV+/PNN-,92.15222004,10.83198276817611,0.0,0.0,0.0,False,NONE
2634,1309,2089,90.56338866,10.738197602350779,876.0,7.684210526315789,0.0,0.0,0.0,1.6326982877543157,False,True,2321,PV+/PNN-,90.56338866,10.738197602350779,0.0,0.0,0.0,False,NONE
2635,1308,2397,25.42130208,5.689236072348751,355.0,11.09375,0.0,0.0,0.0,1.6214820211419054,False,True,2322,PV+/PNN-,25.42130208,5.689236072348751,0.0,0.0,0.0,False,NONE
2636,1310,2661,78.64715331000001,10.006830950662698,5912.0,59.717171717171716,0.0,0.0,0.0,1.8763331347678451,False,True,2323,PV+/PNN-,78.64715331000001,10.006830950662698,0.0,0.0,0.0,False,NONE
2637,1310,1836,61.17000813,8.825195369105852,640.0,8.311688311688311,0.0,0.0,0.0,1.3698665178982894,False,True,2324,PV+/PNN-,61.17000813,8.825195369105852,0.0,0.0,0.0,False,NONE
2638,1312,985,100.89079263,11.333937836259333,2769.0,21.80314960629921,0.0,0.0,0.0,1.2910571809281062,False,True,2325,PV+/PNN-,100.89079263,11.333937836259333,0.0,0.0,0.0,False,NONE
2639,1312,1497,70.70299641,9.487984557348323,1221.0,13.719101123595506,0.0,0.0,0.0,1.4983222631315762,False,True,2326,PV+/PNN-,70.70299641,9.487984557348323,0.0,0.0,0.0,False,NONE
2640,1310,1985,54.02026692,8.293415464071046,470.0,6.911764705882353,0.0,0.0,0.0,1.485768063742129,False,True,2327,PV+/PNN-,54.02026692,8.293415464071046,0.0,0.0,0.0,False,NONE
2641,1311,2544,79.441569,10.057243516322302,2862.0,28.62,0.0,0.0,0.0,1.7256274949569628,False,True,2328,PV+/PNN-,79.441569,10.057243516322302,0.0,0.0,0.0,False,NONE
2642,1314,38,135.05066730000001,13.113041224263421,4582.0,26.95294117647059,0.0,0.0,0.0,1.4218898476487405,False,True,2329,PV+/PNN-,135.05066730000001,13.113041224263421,0.0,0.0,0.0,False,NONE
2643,1313,1259,97.71312987,11.154022637162193,2784.0,22.634146341463413,0.0,0.0,0.0,1.7657393066465161,False,True,2330,PV+/PNN-,97.71312987,11.154022637162193,0.0,0.0,0.0,False,NONE
2644,1313,1438,103.2740397,11.467021901548332,1528.0,11.753846153846155,0.0,0.0,0.0,1.8251829273583258,False,True,2331,PV+/PNN-,103.2740397,11.467021901548332,0.0,0.0,0.0,False,NONE
2645,1312,2604,56.40351399,8.474384017383858,7044.0,99.21126760563381,0.0,0.0,0.0,1.7445450027062366,False,True,2332,PV+/PNN-,56.40351399,8.474384017383858,0.0,0.0,0.0,False,NONE
2646,1313,84,67.52533365000001,9.272320371655413,3985.0,46.88235294117647,0.0,0.0,0.0,1.454592006058325,False,True,2333,PV+/PNN-,67.52533365000001,9.272320371655413,0.0,0.0,0.0,False,NONE
2647,1313,627,66.73091796,9.217615939230159,3083.0,36.70238095238095,0.0,0.0,0.0,1.5972149432744756,False,True,2334,PV+/PNN-,66.73091796,9.217615939230159,0.0,0.0,0.0,False,NONE
2648,1315,838,133.46183592,13.035677474005707,3073.0,18.291666666666668,0.0,0.0,0.0,1.7551715592115644,False,True,2335,PV+/PNN-,133.46183592,13.035677474005707,0.0,0.0,0.0,False,NONE
2649,1318,2785,217.66989906,16.647700237020825,15612.0,56.97810218978102,0.0,0.0,0.0,2.029507090320179,False,True,2336,PV+/PNN-,217.66989906,16.647700237020825,0.0,0.0,0.0,False,NONE
2650,1315,1526,86.59131021,10.500070494515816,1465.0,13.440366972477063,0.0,0.0,0.0,1.5586628749493043,False,True,2337,PV+/PNN-,86.59131021,10.500070494515816,0.0,0.0,0.0,False,NONE
2651,1314,1755,73.88065917,9.698854408967303,844.0,9.075268817204302,0.0,0.0,0.0,1.4777155967789086,False,True,2338,PV+/PNN-,73.88065917,9.698854408967303,0.0,0.0,0.0,False,NONE
2652,1315,1892,92.94663573,10.878572156378345,858.0,7.333333333333333,0.0,0.0,0.0,1.6003374204266483,False,True,2339,PV+/PNN-,92.94663573,10.878572156378345,0.0,0.0,0.0,False,NONE
2653,1316,1554,92.94663573,10.878572156378345,1815.0,15.512820512820513,0.0,0.0,0.0,1.5395169958973696,False,True,2340,PV+/PNN-,92.94663573,10.878572156378345,0.0,0.0,0.0,False,NONE
2654,1317,1780,96.91871418,11.108588547554572,1262.0,10.344262295081966,0.0,0.0,0.0,1.5359649833992457,False,True,2341,PV+/PNN-,96.91871418,11.108588547554572,0.0,0.0,0.0,False,NONE
2655,1315,1820,65.93650227,9.1625849044734,1208.0,14.55421686746988,0.0,0.0,0.0,1.398549174586285,False,True,2342,PV+/PNN-,65.93650227,9.1625849044734,0.0,0.0,0.0,False,NONE
2656,1316,2041,51.63701985,8.108408946599484,471.0,7.246153846153846,0.0,0.0,0.0,1.615922654212276,False,True,2343,PV+/PNN-,51.63701985,8.108408946599484,0.0,0.0,0.0,False,NONE
2657,1319,2685,206.5480794,16.216817893198968,28129.0,108.18846153846154,0.0,0.0,0.0,2.223461676111775,False,True,2344,PV+/PNN-,206.5480794,16.216817893198968,0.0,0.0,0.0,False,NONE
2658,1317,1944,50.84260416,8.045794813057842,502.0,7.84375,0.0,0.0,0.0,1.5902105821627401,False,True,2345,PV+/PNN-,50.84260416,8.045794813057842,0.0,0.0,0.0,False,NONE
2659,1317,2059,52.43143554,8.17054325713784,470.0,7.121212121212121,0.0,0.0,0.0,1.5768386200403361,False,True,2346,PV+/PNN-,52.43143554,8.17054325713784,0.0,0.0,0.0,False,NONE
2660,1316,2297,32.57104329,6.439777972112771,340.0,8.292682926829269,0.0,0.0,0.0,1.759110251229072,False,True,2347,PV+/PNN-,32.57104329,6.439777972112771,0.0,0.0,0.0,False,NONE
2661,1320,755,146.96690265,13.679330108642857,4586.0,24.78918918918919,0.0,0.0,0.0,1.521363332021823,False,True,2348,PV+/PNN-,146.96690265,13.679330108642857,0.0,0.0,0.0,False,NONE
2662,1320,939,97.71312987,11.154022637162193,2942.0,23.91869918699187,0.0,0.0,0.0,1.5331197256343814,False,True,2349,PV+/PNN-,97.71312987,11.154022637162193,0.0,0.0,0.0,False,NONE
2663,1320,1575,123.92884764,12.56149312576761,1797.0,11.51923076923077,0.0,0.0,0.0,1.7452610882503206,False,True,2350,PV+/PNN-,123.92884764,12.56149312576761,0.0,0.0,0.0,False,NONE
2664,1321,1907,92.94663573,10.878572156378345,835.0,7.136752136752137,0.0,0.0,0.0,1.5097403297215766,False,True,2351,PV+/PNN-,92.94663573,10.878572156378345,0.0,0.0,0.0,False,NONE
2665,1322,968,79.441569,10.057243516322302,2377.0,23.77,0.0,0.0,0.0,1.3505555394379662,False,True,2352,PV+/PNN-,79.441569,10.057243516322302,0.0,0.0,0.0,False,NONE
2666,1322,1182,83.41364745,10.305607915302103,5327.0,50.733333333333334,0.0,0.0,0.0,1.7867628823989823,False,True,2353,PV+/PNN-,83.41364745,10.305607915302103,0.0,0.0,0.0,False,NONE
2667,1320,1805,74.67507486,9.75085936304132,1232.0,13.106382978723405,0.0,0.0,0.0,1.3933902644900895,False,True,2354,PV+/PNN-,74.67507486,9.75085936304132,0.0,0.0,0.0,False,NONE
2668,1322,1083,106.45170246,11.642101063659146,2942.0,21.955223880597014,0.0,0.0,0.0,1.6047486032691403,False,True,2355,PV+/PNN-,106.45170246,11.642101063659146,0.0,0.0,0.0,False,NONE
2669,1322,1378,111.2181966,11.899891008124815,1343.0,9.592857142857143,0.0,0.0,0.0,2.015138146111377,False,True,2356,PV+/PNN-,111.2181966,11.899891008124815,0.0,0.0,0.0,False,NONE
2670,1320,1856,61.17000813,8.825195369105852,525.0,6.818181818181818,0.0,0.0,0.0,1.4930871182433219,False,True,2357,PV+/PNN-,61.17000813,8.825195369105852,0.0,0.0,0.0,False,NONE
2671,1322,2079,73.88065917,9.698854408967303,723.0,7.774193548387097,0.0,0.0,0.0,1.79254712899448,False,True,2358,PV+/PNN-,73.88065917,9.698854408967303,0.0,0.0,0.0,False,NONE
2672,1324,700,120.75118488,12.39940255265723,5288.0,34.78947368421053,0.0,0.0,0.0,1.4693309262257326,False,True,2359,PV+/PNN-,120.75118488,12.39940255265723,0.0,0.0,0.0,False,NONE
2673,1323,1288,125.51767902,12.64175907426016,2905.0,18.38607594936709,0.0,0.0,0.0,1.829195920559071,False,True,2360,PV+/PNN-,125.51767902,12.64175907426016,0.0,0.0,0.0,False,NONE
2674,1324,2166,105.65728677,11.598579038183399,1146.0,8.61654135338346,0.0,0.0,0.0,1.7438856263469034,False,True,2361,PV+/PNN-,105.65728677,11.598579038183399,0.0,0.0,0.0,False,NONE
2675,1324,2442,58.78676106,8.651568001725998,912.0,12.324324324324325,0.0,0.0,0.0,1.692852272265526,False,True,2362,PV+/PNN-,58.78676106,8.651568001725998,0.0,0.0,0.0,False,NONE
2676,1326,141,112.80702798,11.984588810142046,3083.0,21.711267605633804,0.0,0.0,0.0,1.6511058777857053,False,True,2363,PV+/PNN-,112.80702798,11.984588810142046,0.0,0.0,0.0,False,NONE
2677,1326,1435,141.40599282,13.418036440588484,2062.0,11.584269662921349,0.0,0.0,0.0,1.7581758184940288,False,True,2364,PV+/PNN-,141.40599282,13.418036440588484,0.0,0.0,0.0,False,NONE
2678,1325,1950,93.74105142,10.924962866435578,926.0,7.8474576271186445,0.0,0.0,0.0,1.538405605724562,False,True,2365,PV+/PNN-,93.74105142,10.924962866435578,0.0,0.0,0.0,False,NONE
2679,1330,2614,181.92119301,15.21937110940298,14162.0,61.842794759825324,0.0,0.0,0.0,1.8440590042561067,False,True,2366,PV+/PNN-,181.92119301,15.21937110940298,0.0,0.0,0.0,False,NONE
2680,1325,571,63.5532552,8.995472067506276,4391.0,54.8875,0.0,0.0,0.0,1.5936851864937585,False,True,2367,PV+/PNN-,63.5532552,8.995472067506276,0.0,0.0,0.0,False,NONE
2681,1324,721,42.104031570000004,7.321783798208037,947.0,17.867924528301888,0.0,0.0,0.0,1.304877822728106,False,True,2368,PV+/PNN-,42.104031570000004,7.321783798208037,0.0,0.0,0.0,False,NONE
2682,1326,802,101.68520832,11.378472144697502,1264.0,9.875,0.0,0.0,0.0,1.3562538905408366,False,True,2369,PV+/PNN-,101.68520832,11.378472144697502,0.0,0.0,0.0,False,NONE
2683,1327,663,91.35780435,10.78519212710641,2129.0,18.51304347826087,0.0,0.0,0.0,1.555333611732837,False,True,2370,PV+/PNN-,91.35780435,10.78519212710641,0.0,0.0,0.0,False,NONE
2684,1325,787,38.92636881,7.040070461425612,1115.0,22.755102040816325,0.0,0.0,0.0,1.5203166705517108,False,True,2371,PV+/PNN-,38.92636881,7.040070461425612,0.0,0.0,0.0,False,NONE
2685,1327,1155,86.59131021,10.500070494515816,2360.0,21.65137614678899,0.0,0.0,0.0,1.4512157832206871,False,True,2372,PV+/PNN-,86.59131021,10.500070494515816,0.0,0.0,0.0,False,NONE
2686,1328,2848,164.44404783,14.469853647963289,7095.0,34.27536231884058,0.0,0.0,0.0,1.8516899448060273,False,True,2373,PV+/PNN-,164.44404783,14.469853647963289,0.0,0.0,0.0,False,NONE
2687,1328,1112,111.2181966,11.899891008124815,2869.0,20.492857142857144,0.0,0.0,0.0,1.6958716452955178,False,True,2374,PV+/PNN-,111.2181966,11.899891008124815,0.0,0.0,0.0,False,NONE
2688,1326,1985,54.02026692,8.293415464071046,467.0,6.867647058823529,0.0,0.0,0.0,1.6710802947297754,False,True,2375,PV+/PNN-,54.02026692,8.293415464071046,0.0,0.0,0.0,False,NONE
2689,1327,2185,54.81468261,8.354173898786094,604.0,8.753623188405797,0.0,0.0,0.0,1.907910273820637,False,True,2376,PV+/PNN-,54.81468261,8.354173898786094,0.0,0.0,0.0,False,NONE
2690,1327,129,40.51520019,7.182308476024235,2227.0,43.666666666666664,0.0,0.0,0.0,1.5290075843059134,False,True,2377,PV+/PNN-,40.51520019,7.182308476024235,0.0,0.0,0.0,False,NONE
2691,1328,2263,56.40351399,8.474384017383858,596.0,8.394366197183098,0.0,0.0,0.0,2.0107682077870805,False,True,2378,PV+/PNN-,56.40351399,8.474384017383858,0.0,0.0,0.0,False,NONE
2692,1328,438,51.63701985,8.108408946599484,3152.0,48.49230769230769,0.0,0.0,0.0,1.8896145645940303,False,True,2380,PV+/PNN-,51.63701985,8.108408946599484,0.0,0.0,0.0,False,NONE
2693,1329,894,55.6090983,8.414493627225879,2196.0,31.37142857142857,0.0,0.0,0.0,1.5788602080147467,False,True,2381,PV+/PNN-,55.6090983,8.414493627225879,0.0,0.0,0.0,False,NONE
2694,1328,2011,61.17000813,8.825195369105852,552.0,7.1688311688311686,0.0,0.0,0.0,1.5941665169638561,False,True,2382,PV+/PNN-,61.17000813,8.825195369105852,0.0,0.0,0.0,False,NONE
2695,1333,2299,134.25625161,13.074416571218995,1455.0,8.609467455621301,0.0,0.0,0.0,1.962335908730721,False,True,2383,PV+/PNN-,134.25625161,13.074416571218995,0.0,0.0,0.0,False,NONE
2696,1331,1816,104.06845539,11.51104134134072,1140.0,8.702290076335878,0.0,0.0,0.0,1.437230738041593,False,True,2384,PV+/PNN-,104.06845539,11.51104134134072,0.0,0.0,0.0,False,NONE
2697,1330,2048,68.31974934,9.326703948667076,773.0,8.988372093023257,0.0,0.0,0.0,1.5385224758741798,False,True,2385,PV+/PNN-,68.31974934,9.326703948667076,0.0,0.0,0.0,False,NONE
2698,1331,1706,94.53546711,10.971157418634661,835.0,7.016806722689076,0.0,0.0,0.0,1.3410999439206808,False,True,2386,PV+/PNN-,94.53546711,10.971157418634661,0.0,0.0,0.0,False,NONE
2699,1332,1793,96.91871418,11.108588547554572,1228.0,10.065573770491802,0.0,0.0,0.0,1.3865000364387179,False,True,2387,PV+/PNN-,96.91871418,11.108588547554572,0.0,0.0,0.0,False,NONE
2700,1333,2652,156.49989093,14.116013951495509,21303.0,108.13705583756345,0.0,0.0,0.0,2.106727271674785,False,True,2388,PV+/PNN-,156.49989093,14.116013951495509,0.0,0.0,0.0,False,NONE
2701,1333,1030,102.47962401,11.422832828117684,2569.0,19.914728682170544,0.0,0.0,0.0,1.7106186407758857,False,True,2389,PV+/PNN-,102.47962401,11.422832828117684,0.0,0.0,0.0,False,NONE
2702,1331,1972,48.45935709,7.854958291387057,444.0,7.278688524590164,0.0,0.0,0.0,1.4642704153450088,False,True,2390,PV+/PNN-,48.45935709,7.854958291387057,0.0,0.0,0.0,False,NONE
2703,1334,2077,85.79689452,10.451794052617739,754.0,6.981481481481482,0.0,0.0,0.0,1.8366501115664504,False,True,2391,PV+/PNN-,85.79689452,10.451794052617739,0.0,0.0,0.0,False,NONE
2704,1334,1138,85.00247883,10.403293586497956,1422.0,13.289719626168225,0.0,0.0,0.0,1.738817569267261,False,True,2393,PV+/PNN-,85.00247883,10.403293586497956,0.0,0.0,0.0,False,NONE
2705,1333,1778,65.14208658,9.10722134683339,684.0,8.341463414634147,0.0,0.0,0.0,1.411988803915627,False,True,2394,PV+/PNN-,65.14208658,9.10722134683339,0.0,0.0,0.0,False,NONE
2706,1333,2463,70.70299641,9.487984557348323,1620.0,18.202247191011235,0.0,0.0,0.0,1.78482746519787,False,True,2395,PV+/PNN-,70.70299641,9.487984557348323,0.0,0.0,0.0,False,NONE
2707,1333,1594,72.29182779,9.593998848416254,979.0,10.758241758241759,0.0,0.0,0.0,1.2536066966592867,False,True,2396,PV+/PNN-,72.29182779,9.593998848416254,0.0,0.0,0.0,False,NONE
2708,1333,1910,54.81468261,8.354173898786094,547.0,7.927536231884058,0.0,0.0,0.0,1.391184574660881,False,True,2397,PV+/PNN-,54.81468261,8.354173898786094,0.0,0.0,0.0,False,NONE
2709,1335,2554,96.91871418,11.108588547554572,8385.0,68.72950819672131,0.0,0.0,0.0,1.7668457957772967,False,True,2398,PV+/PNN-,96.91871418,11.108588547554572,0.0,0.0,0.0,False,NONE
2710,1339,588,119.95676919,12.358547737957586,4529.0,29.99337748344371,0.0,0.0,0.0,1.67640071211341,False,True,2399,PV+/PNN-,119.95676919,12.358547737957586,0.0,0.0,0.0,False,NONE
2711,1336,960,81.03040038,10.157318055940708,1685.0,16.519607843137255,0.0,0.0,0.0,1.379304370253148,False,True,2400,PV+/PNN-,81.03040038,10.157318055940708,0.0,0.0,0.0,False,NONE
2712,1335,1421,123.13443195,12.521167201073583,1405.0,9.064516129032258,0.0,0.0,0.0,1.7871272443892499,False,True,2401,PV+/PNN-,123.13443195,12.521167201073583,0.0,0.0,0.0,False,NONE
2713,1334,1758,44.48727864,7.526151898686336,499.0,8.910714285714286,0.0,0.0,0.0,1.4030783203350363,False,True,2402,PV+/PNN-,44.48727864,7.526151898686336,0.0,0.0,0.0,False,NONE
2714,1339,2768,197.80950681,15.870062583211556,15731.0,63.17670682730924,0.0,0.0,0.0,1.8007288116373856,False,True,2403,PV+/PNN-,197.80950681,15.870062583211556,0.0,0.0,0.0,False,NONE
2715,1339,162,99.30196125,11.244340084382843,3374.0,26.992,0.0,0.0,0.0,1.5115548057200334,False,True,2404,PV+/PNN-,99.30196125,11.244340084382843,0.0,0.0,0.0,False,NONE
2716,1338,198,99.30196125,11.244340084382843,6683.0,53.464,0.0,0.0,0.0,1.5886446938108942,False,True,2405,PV+/PNN-,99.30196125,11.244340084382843,0.0,0.0,0.0,False,NONE
2717,1338,625,100.09637694,11.289227848029503,3204.0,25.428571428571427,0.0,0.0,0.0,1.6719281284663203,False,True,2406,PV+/PNN-,100.09637694,11.289227848029503,0.0,0.0,0.0,False,NONE
2718,1338,942,105.65728677,11.598579038183399,2501.0,18.804511278195488,0.0,0.0,0.0,1.611241082061009,False,True,2407,PV+/PNN-,105.65728677,11.598579038183399,0.0,0.0,0.0,False,NONE
2719,1338,1122,86.59131021,10.500070494515816,1977.0,18.137614678899084,0.0,0.0,0.0,1.570223637983396,False,True,2408,PV+/PNN-,86.59131021,10.500070494515816,0.0,0.0,0.0,False,NONE
2720,1337,1284,93.74105142,10.924962866435578,1471.0,12.466101694915254,0.0,0.0,0.0,1.8028681455408302,False,True,2409,PV+/PNN-,93.74105142,10.924962866435578,0.0,0.0,0.0,False,NONE
2721,1339,1363,130.28417316,12.879555944225542,1610.0,9.817073170731707,0.0,0.0,0.0,1.7943647732218437,False,True,2410,PV+/PNN-,130.28417316,12.879555944225542,0.0,0.0,0.0,False,NONE
2722,1339,759,96.12429849,11.062967867954534,3692.0,30.512396694214875,0.0,0.0,0.0,1.4616693657405757,False,True,2411,PV+/PNN-,96.12429849,11.062967867954534,0.0,0.0,0.0,False,NONE
2723,1341,921,101.68520832,11.378472144697502,1934.0,15.109375,0.0,0.0,0.0,1.582682272778867,False,True,2412,PV+/PNN-,101.68520832,11.378472144697502,0.0,0.0,0.0,False,NONE
2724,1340,1882,106.45170246,11.642101063659146,844.0,6.298507462686567,0.0,0.0,0.0,1.5273046858414672,False,True,2413,PV+/PNN-,106.45170246,11.642101063659146,0.0,0.0,0.0,False,NONE
2725,1341,1948,81.03040038,10.157318055940708,847.0,8.303921568627452,0.0,0.0,0.0,1.5508090232456364,False,True,2414,PV+/PNN-,81.03040038,10.157318055940708,0.0,0.0,0.0,False,NONE
2726,1340,1981,81.82481607,10.206987389088184,718.0,6.970873786407767,0.0,0.0,0.0,1.5105645547303677,False,True,2415,PV+/PNN-,81.82481607,10.206987389088184,0.0,0.0,0.0,False,NONE
2727,1341,2042,103.2740397,11.467021901548332,896.0,6.892307692307693,0.0,0.0,0.0,1.660397589649311,False,True,2416,PV+/PNN-,103.2740397,11.467021901548332,0.0,0.0,0.0,False,NONE
2728,1342,123,108.04053384,11.728660627684029,6228.0,45.794117647058826,0.0,0.0,0.0,1.5037542508674004,False,True,2417,PV+/PNN-,108.04053384,11.728660627684029,0.0,0.0,0.0,False,NONE
2729,1341,1481,104.86287108,11.554893086200376,1482.0,11.227272727272727,0.0,0.0,0.0,1.7065571817316885,False,True,2418,PV+/PNN-,104.86287108,11.554893086200376,0.0,0.0,0.0,False,NONE
2730,1344,1523,102.47962401,11.422832828117684,1663.0,12.891472868217054,0.0,0.0,0.0,1.8123248884807335,False,True,2419,PV+/PNN-,102.47962401,11.422832828117684,0.0,0.0,0.0,False,NONE
2731,1343,1741,95.32988280000001,11.017158280424603,954.0,7.95,0.0,0.0,0.0,1.5430331766904684,False,True,2420,PV+/PNN-,95.32988280000001,11.017158280424603,0.0,0.0,0.0,False,NONE
2732,1343,6,66.73091796,9.217615939230159,1930.0,22.976190476190474,0.0,0.0,0.0,1.3801349012603756,False,True,2421,PV+/PNN-,66.73091796,9.217615939230159,0.0,0.0,0.0,False,NONE
2733,1342,575,38.13195312,6.96786270174516,3285.0,68.4375,0.0,0.0,0.0,1.5674326204371751,False,True,2422,PV+/PNN-,38.13195312,6.96786270174516,0.0,0.0,0.0,False,NONE
2734,1346,2161,97.71312987,11.154022637162193,903.0,7.341463414634147,0.0,0.0,0.0,1.846493254459019,False,True,2423,PV+/PNN-,97.71312987,11.154022637162193,0.0,0.0,0.0,False,NONE
2735,1344,539,42.89844726,7.390534450171232,2576.0,47.7037037037037,0.0,0.0,0.0,1.5113241949436935,False,True,2424,PV+/PNN-,42.89844726,7.390534450171232,0.0,0.0,0.0,False,NONE
2736,1345,676,57.19792968,8.533854108523126,1690.0,23.47222222222222,0.0,0.0,0.0,1.5236783436762034,False,True,2425,PV+/PNN-,57.19792968,8.533854108523126,0.0,0.0,0.0,False,NONE
2737,1348,793,153.32222817,13.97196922387648,3340.0,17.305699481865286,0.0,0.0,0.0,1.5604634082959732,False,True,2426,PV+/PNN-,153.32222817,13.97196922387648,0.0,0.0,0.0,False,NONE
2738,1346,1111,83.41364745,10.305607915302103,1776.0,16.914285714285715,0.0,0.0,0.0,1.4394348151764222,False,True,2427,PV+/PNN-,83.41364745,10.305607915302103,0.0,0.0,0.0,False,NONE
2739,1346,1724,91.35780435,10.78519212710641,851.0,7.4,0.0,0.0,0.0,1.4625163551685898,False,True,2428,PV+/PNN-,91.35780435,10.78519212710641,0.0,0.0,0.0,False,NONE
2740,1349,2220,120.75118488,12.39940255265723,1202.0,7.907894736842105,0.0,0.0,0.0,2.024292291657158,False,True,2429,PV+/PNN-,120.75118488,12.39940255265723,0.0,0.0,0.0,False,NONE
2741,1350,1093,139.02274575,13.304482609502793,2916.0,16.662857142857142,0.0,0.0,0.0,1.4562364574526354,False,True,2430,PV+/PNN-,139.02274575,13.304482609502793,0.0,0.0,0.0,False,NONE
2742,1350,755,123.13443195,12.521167201073583,3208.0,20.696774193548386,0.0,0.0,0.0,1.5547098398473242,False,True,2431,PV+/PNN-,123.13443195,12.521167201073583,0.0,0.0,0.0,False,NONE
2743,1349,1816,127.90092609,12.761211420003875,1124.0,6.9813664596273295,0.0,0.0,0.0,1.4286306900737056,False,True,2432,PV+/PNN-,127.90092609,12.761211420003875,0.0,0.0,0.0,False,NONE
2744,1348,2277,62.75883951,8.93907356753593,699.0,8.848101265822784,0.0,0.0,0.0,1.8024546619102206,False,True,2433,PV+/PNN-,62.75883951,8.93907356753593,0.0,0.0,0.0,False,NONE
2745,1349,2519,115.19027505,12.11052490037406,3176.0,21.90344827586207,0.0,0.0,0.0,1.7237871528009474,False,True,2434,PV+/PNN-,115.19027505,12.11052490037406,0.0,0.0,0.0,False,NONE
2746,1349,1459,81.82481607,10.206987389088184,1423.0,13.815533980582524,0.0,0.0,0.0,1.7530896881006075,False,True,2435,PV+/PNN-,81.82481607,10.206987389088184,0.0,0.0,0.0,False,NONE
2747,1349,458,71.4974121,9.54113894836179,6464.0,71.82222222222222,0.0,0.0,0.0,1.8877139263274905,False,True,2436,PV+/PNN-,71.4974121,9.54113894836179,0.0,0.0,0.0,False,NONE
2748,1350,1264,94.53546711,10.971157418634661,1825.0,15.336134453781513,0.0,0.0,0.0,1.7964385686331832,False,True,2437,PV+/PNN-,94.53546711,10.971157418634661,0.0,0.0,0.0,False,NONE
2749,1348,1579,55.6090983,8.414493627225879,786.0,11.228571428571428,0.0,0.0,0.0,1.529090637406636,False,True,2438,PV+/PNN-,55.6090983,8.414493627225879,0.0,0.0,0.0,False,NONE
2750,1349,1595,72.29182779,9.593998848416254,473.0,5.197802197802198,0.0,0.0,0.0,1.1354956043814461,False,True,2439,PV+/PNN-,72.29182779,9.593998848416254,0.0,0.0,0.0,False,NONE
2751,1351,2544,111.2181966,11.899891008124815,4860.0,34.714285714285715,0.0,0.0,0.0,1.7948813229946317,False,True,2440,PV+/PNN-,111.2181966,11.899891008124815,0.0,0.0,0.0,False,NONE
2752,1352,2682,146.96690265,13.679330108642857,16231.0,87.73513513513514,0.0,0.0,0.0,1.8859776675867055,False,True,2441,PV+/PNN-,146.96690265,13.679330108642857,0.0,0.0,0.0,False,NONE
2753,1351,935,104.86287108,11.554893086200376,2085.0,15.795454545454545,0.0,0.0,0.0,1.3432328985528788,False,True,2442,PV+/PNN-,104.86287108,11.554893086200376,0.0,0.0,0.0,False,NONE
2754,1352,1185,96.91871418,11.108588547554572,2156.0,17.672131147540984,0.0,0.0,0.0,1.6659873356332007,False,True,2443,PV+/PNN-,96.91871418,11.108588547554572,0.0,0.0,0.0,False,NONE
2755,1351,1529,73.88065917,9.698854408967303,1083.0,11.64516129032258,0.0,0.0,0.0,1.6761790183527752,False,True,2444,PV+/PNN-,73.88065917,9.698854408967303,0.0,0.0,0.0,False,NONE
2756,1352,1216,100.09637694,11.289227848029503,1612.0,12.793650793650794,0.0,0.0,0.0,1.7754676607006876,False,True,2445,PV+/PNN-,100.09637694,11.289227848029503,0.0,0.0,0.0,False,NONE
2757,1352,1765,155.70547524,14.080140922851225,2138.0,10.908163265306122,0.0,0.0,0.0,1.8224890635295259,False,True,2446,PV+/PNN-,155.70547524,14.080140922851225,0.0,0.0,0.0,False,NONE
2758,1353,180,79.441569,10.057243516322302,3931.0,39.31,0.0,0.0,0.0,1.7241449971090614,False,True,2447,PV+/PNN-,79.441569,10.057243516322302,0.0,0.0,0.0,False,NONE
2759,1353,500,88.97455728,10.643586087602236,5509.0,49.1875,0.0,0.0,0.0,1.6095690920069854,False,True,2448,PV+/PNN-,88.97455728,10.643586087602236,0.0,0.0,0.0,False,NONE
2760,1353,1175,72.29182779,9.593998848416254,1327.0,14.582417582417582,0.0,0.0,0.0,1.7081307621147004,False,True,2449,PV+/PNN-,72.29182779,9.593998848416254,0.0,0.0,0.0,False,NONE
2761,1354,2626,130.28417316,12.879555944225542,7397.0,45.103658536585364,0.0,0.0,0.0,2.0736890628568814,False,True,2450,PV+/PNN-,130.28417316,12.879555944225542,0.0,0.0,0.0,False,NONE
2762,1354,652,104.06845539,11.51104134134072,2135.0,16.297709923664122,0.0,0.0,0.0,1.4621276484643608,False,True,2452,PV+/PNN-,104.06845539,11.51104134134072,0.0,0.0,0.0,False,NONE
2763,1354,778,100.09637694,11.289227848029503,2361.0,18.738095238095237,0.0,0.0,0.0,1.3913124643993129,False,True,2453,PV+/PNN-,100.09637694,11.289227848029503,0.0,0.0,0.0,False,NONE
2764,1354,1360,83.41364745,10.305607915302103,1008.0,9.6,0.0,0.0,0.0,1.7422879469619472,False,True,2454,PV+/PNN-,83.41364745,10.305607915302103,0.0,0.0,0.0,False,NONE
2765,1357,680,128.69534178,12.800781162784691,3938.0,24.308641975308642,0.0,0.0,0.0,1.537405175601214,False,True,2455,PV+/PNN-,128.69534178,12.800781162784691,0.0,0.0,0.0,False,NONE
2766,1358,1074,85.79689452,10.451794052617739,1412.0,13.074074074074074,0.0,0.0,0.0,1.5380915171974645,False,True,2456,PV+/PNN-,85.79689452,10.451794052617739,0.0,0.0,0.0,False,NONE
2767,1355,2508,76.26390624,9.854045933561641,2138.0,22.270833333333332,0.0,0.0,0.0,1.9735752600184333,False,True,2457,PV+/PNN-,76.26390624,9.854045933561641,0.0,0.0,0.0,False,NONE
2768,1358,841,90.56338866,10.738197602350779,2757.0,24.18421052631579,0.0,0.0,0.0,1.4968026516967081,False,True,2458,PV+/PNN-,90.56338866,10.738197602350779,0.0,0.0,0.0,False,NONE
2769,1357,960,94.53546711,10.971157418634661,1460.0,12.268907563025211,0.0,0.0,0.0,1.4420094612988277,False,True,2459,PV+/PNN-,94.53546711,10.971157418634661,0.0,0.0,0.0,False,NONE
2770,1357,2036,83.41364745,10.305607915302103,665.0,6.333333333333333,0.0,0.0,0.0,1.5065001940100466,False,True,2460,PV+/PNN-,83.41364745,10.305607915302103,0.0,0.0,0.0,False,NONE
2771,1360,2318,113.60144367,12.026714032504808,994.0,6.951048951048951,0.0,0.0,0.0,1.6810281541061174,False,True,2461,PV+/PNN-,113.60144367,12.026714032504808,0.0,0.0,0.0,False,NONE
2772,1357,2771,133.46183592,13.035677474005707,6635.0,39.49404761904762,0.0,0.0,0.0,1.946219644967876,False,True,2462,PV+/PNN-,133.46183592,13.035677474005707,0.0,0.0,0.0,False,NONE
2773,1358,1850,105.65728677,11.598579038183399,744.0,5.593984962406015,0.0,0.0,0.0,1.4317808162624461,False,True,2463,PV+/PNN-,105.65728677,11.598579038183399,0.0,0.0,0.0,False,NONE
2774,1359,1986,109.62936522,11.814586030086609,973.0,7.050724637681159,0.0,0.0,0.0,1.4884063538167187,False,True,2464,PV+/PNN-,109.62936522,11.814586030086609,0.0,0.0,0.0,False,NONE
2775,1361,2698,239.11912269,17.448665361891926,33337.0,110.75415282392026,0.0,0.0,0.0,2.127212028267494,False,True,2465,PV+/PNN-,239.11912269,17.448665361891926,0.0,0.0,0.0,False,NONE
2776,1360,1058,120.75118488,12.39940255265723,2381.0,15.664473684210526,0.0,0.0,0.0,1.5244369317562694,False,True,2466,PV+/PNN-,120.75118488,12.39940255265723,0.0,0.0,0.0,False,NONE
2777,1357,2018,50.84260416,8.045794813057842,458.0,7.15625,0.0,0.0,0.0,1.5763121648386667,False,True,2467,PV+/PNN-,50.84260416,8.045794813057842,0.0,0.0,0.0,False,NONE
2778,1359,2843,101.68520832,11.378472144697502,5356.0,41.84375,0.0,0.0,0.0,1.7900003311962962,False,True,2468,PV+/PNN-,101.68520832,11.378472144697502,0.0,0.0,0.0,False,NONE
2779,1360,1238,88.97455728,10.643586087602236,1723.0,15.383928571428571,0.0,0.0,0.0,1.7141381366357284,False,True,2469,PV+/PNN-,88.97455728,10.643586087602236,0.0,0.0,0.0,False,NONE
2780,1359,1302,96.91871418,11.108588547554572,1646.0,13.491803278688524,0.0,0.0,0.0,1.715201403534838,False,True,2470,PV+/PNN-,96.91871418,11.108588547554572,0.0,0.0,0.0,False,NONE
2781,1358,1569,50.04818847,7.982689565701676,596.0,9.46031746031746,0.0,0.0,0.0,1.444847108906855,False,True,2471,PV+/PNN-,50.04818847,7.982689565701676,0.0,0.0,0.0,False,NONE
2782,1360,1887,99.30196125,11.244340084382843,869.0,6.952,0.0,0.0,0.0,1.4279419270984075,False,True,2472,PV+/PNN-,99.30196125,11.244340084382843,0.0,0.0,0.0,False,NONE
2783,1360,2857,155.70547524,14.080140922851225,9418.0,48.05102040816327,0.0,0.0,0.0,1.93481096680163,False,True,2473,PV+/PNN-,155.70547524,14.080140922851225,0.0,0.0,0.0,False,NONE
2784,1361,913,82.61923176,10.256416188536388,1685.0,16.201923076923077,0.0,0.0,0.0,1.4867742840008855,False,True,2474,PV+/PNN-,82.61923176,10.256416188536388,0.0,0.0,0.0,False,NONE
2785,1360,2474,61.96442382,8.88231697105848,1077.0,13.807692307692308,0.0,0.0,0.0,1.7314814608179057,False,True,2475,PV+/PNN-,61.96442382,8.88231697105848,0.0,0.0,0.0,False,NONE
2786,1363,2604,157.29430662000001,14.151796046802042,9027.0,45.59090909090909,0.0,0.0,0.0,1.7872335166364113,False,True,2476,PV+/PNN-,157.29430662000001,14.151796046802042,0.0,0.0,0.0,False,NONE
2787,1362,124,91.35780435,10.78519212710641,3096.0,26.921739130434784,0.0,0.0,0.0,1.4128849054779853,False,True,2477,PV+/PNN-,91.35780435,10.78519212710641,0.0,0.0,0.0,False,NONE
2788,1362,1345,101.68520832,11.378472144697502,1558.0,12.171875,0.0,0.0,0.0,1.81026885646057,False,True,2478,PV+/PNN-,101.68520832,11.378472144697502,0.0,0.0,0.0,False,NONE
2789,1360,1434,45.28169433,7.593052342343362,586.0,10.280701754385966,0.0,0.0,0.0,1.7776969807727194,False,True,2479,PV+/PNN-,45.28169433,7.593052342343362,0.0,0.0,0.0,False,NONE
2790,1362,1749,93.74105142,10.924962866435578,991.0,8.398305084745763,0.0,0.0,0.0,1.4850105561179523,False,True,2480,PV+/PNN-,93.74105142,10.924962866435578,0.0,0.0,0.0,False,NONE
2791,1362,2053,111.2181966,11.899891008124815,884.0,6.314285714285714,0.0,0.0,0.0,1.8531223098764633,False,True,2481,PV+/PNN-,111.2181966,11.899891008124815,0.0,0.0,0.0,False,NONE
2792,1363,811,122.34001626,12.48071098158173,2136.0,13.87012987012987,0.0,0.0,0.0,1.6668474179486215,False,True,2482,PV+/PNN-,122.34001626,12.48071098158173,0.0,0.0,0.0,False,NONE
2793,1363,991,90.56338866,10.738197602350779,2330.0,20.43859649122807,0.0,0.0,0.0,1.475345446003402,False,True,2483,PV+/PNN-,90.56338866,10.738197602350779,0.0,0.0,0.0,False,NONE
2794,1364,2236,91.35780435,10.78519212710641,991.0,8.617391304347827,0.0,0.0,0.0,1.900175502440283,False,True,2484,PV+/PNN-,91.35780435,10.78519212710641,0.0,0.0,0.0,False,NONE
2795,1367,1035,118.36793781,12.276430232296539,5402.0,36.25503355704698,0.0,0.0,0.0,1.975503004703204,False,True,2485,PV+/PNN-,118.36793781,12.276430232296539,0.0,0.0,0.0,False,NONE
2796,1364,1329,119.95676919,12.358547737957586,2537.0,16.801324503311257,0.0,0.0,0.0,1.8599948164561377,False,True,2486,PV+/PNN-,119.95676919,12.358547737957586,0.0,0.0,0.0,False,NONE
2797,1366,2124,106.45170246,11.642101063659146,939.0,7.007462686567164,0.0,0.0,0.0,1.8663984100069215,False,True,2487,PV+/PNN-,106.45170246,11.642101063659146,0.0,0.0,0.0,False,NONE
2798,1367,2278,114.39585936,12.068692219586765,1238.0,8.597222222222221,0.0,0.0,0.0,2.0549067391741227,False,True,2488,PV+/PNN-,114.39585936,12.068692219586765,0.0,0.0,0.0,False,NONE
2799,1363,1408,31.7766276,6.36075929890786,401.0,10.025,0.0,0.0,0.0,1.76046619438264,False,True,2489,PV+/PNN-,31.7766276,6.36075929890786,0.0,0.0,0.0,False,NONE
2800,1371,2300,123.13443195,12.521167201073583,1473.0,9.503225806451614,0.0,0.0,0.0,1.9808084148408545,False,True,2492,PV+/PNN-,123.13443195,12.521167201073583,0.0,0.0,0.0,False,NONE
2801,1369,601,75.46949055,9.802588422925686,2637.0,27.757894736842104,0.0,0.0,0.0,1.7399843162208475,False,True,2493,PV+/PNN-,75.46949055,9.802588422925686,0.0,0.0,0.0,False,NONE
2802,1371,1187,126.31209471,12.681701540530954,1964.0,12.352201257861635,0.0,0.0,0.0,1.5939182836396548,False,True,2494,PV+/PNN-,126.31209471,12.681701540530954,0.0,0.0,0.0,False,NONE
2803,1368,1900,38.92636881,7.040070461425612,270.0,5.510204081632653,0.0,0.0,0.0,1.352401097983313,False,True,2495,PV+/PNN-,38.92636881,7.040070461425612,0.0,0.0,0.0,False,NONE
2804,1370,2097,81.82481607,10.206987389088184,726.0,7.048543689320389,0.0,0.0,0.0,1.8365701494387316,False,True,2496,PV+/PNN-,81.82481607,10.206987389088184,0.0,0.0,0.0,False,NONE
2805,1373,2254,133.46183592,13.035677474005707,1523.0,9.06547619047619,0.0,0.0,0.0,1.801499616958476,False,True,2497,PV+/PNN-,133.46183592,13.035677474005707,0.0,0.0,0.0,False,NONE
2806,1371,147,108.04053384,11.728660627684029,4220.0,31.029411764705884,0.0,0.0,0.0,1.5108397185228106,False,True,2498,PV+/PNN-,108.04053384,11.728660627684029,0.0,0.0,0.0,False,NONE
2807,1369,223,44.48727864,7.526151898686336,3155.0,56.339285714285715,0.0,0.0,0.0,1.7392876536983377,False,True,2499,PV+/PNN-,44.48727864,7.526151898686336,0.0,0.0,0.0,False,NONE
2808,1371,757,83.41364745,10.305607915302103,3206.0,30.533333333333335,0.0,0.0,0.0,1.5297965887627796,False,True,2500,PV+/PNN-,83.41364745,10.305607915302103,0.0,0.0,0.0,False,NONE
2809,1371,1713,109.62936522,11.814586030086609,1130.0,8.18840579710145,0.0,0.0,0.0,1.4137443245202468,False,True,2501,PV+/PNN-,109.62936522,11.814586030086609,0.0,0.0,0.0,False,NONE
2810,1373,782,104.86287108,11.554893086200376,2048.0,15.515151515151516,0.0,0.0,0.0,1.3937725979131461,False,True,2502,PV+/PNN-,104.86287108,11.554893086200376,0.0,0.0,0.0,False,NONE
2811,1372,30,76.26390624,9.854045933561641,2507.0,26.114583333333332,0.0,0.0,0.0,1.4871306536758617,False,True,2504,PV+/PNN-,76.26390624,9.854045933561641,0.0,0.0,0.0,False,NONE
2812,1373,936,79.441569,10.057243516322302,1283.0,12.83,0.0,0.0,0.0,1.4009604662666062,False,True,2505,PV+/PNN-,79.441569,10.057243516322302,0.0,0.0,0.0,False,NONE
2813,1373,1310,166.03287921,14.539588286344586,2662.0,12.736842105263158,0.0,0.0,0.0,1.697424569391149,False,True,2506,PV+/PNN-,166.03287921,14.539588286344586,0.0,0.0,0.0,False,NONE
2814,1373,588,57.99234537,8.592912627102823,3036.0,41.58904109589041,0.0,0.0,0.0,1.6043469860848285,False,True,2507,PV+/PNN-,57.99234537,8.592912627102823,0.0,0.0,0.0,False,NONE
2815,1373,1126,70.70299641,9.487984557348323,909.0,10.213483146067416,0.0,0.0,0.0,1.345075294584489,False,True,2508,PV+/PNN-,70.70299641,9.487984557348323,0.0,0.0,0.0,False,NONE
2816,1375,1450,174.7714518,14.917302830020427,2220.0,10.090909090909092,0.0,0.0,0.0,1.8969233826553615,False,True,2509,PV+/PNN-,174.7714518,14.917302830020427,0.0,0.0,0.0,False,NONE
2817,1373,1759,76.26390624,9.854045933561641,850.0,8.854166666666666,0.0,0.0,0.0,1.4153221641681488,False,True,2510,PV+/PNN-,76.26390624,9.854045933561641,0.0,0.0,0.0,False,NONE
2818,1375,2209,117.57352212,12.235164803834003,1338.0,9.04054054054054,0.0,0.0,0.0,1.8731560645778305,False,True,2511,PV+/PNN-,117.57352212,12.235164803834003,0.0,0.0,0.0,False,NONE
2819,1374,645,62.75883951,8.93907356753593,1642.0,20.78481012658228,0.0,0.0,0.0,1.4534108648094388,False,True,2512,PV+/PNN-,62.75883951,8.93907356753593,0.0,0.0,0.0,False,NONE
2820,1376,2041,100.09637694,11.289227848029503,1031.0,8.182539682539682,0.0,0.0,0.0,1.6719281284663203,False,True,2513,PV+/PNN-,100.09637694,11.289227848029503,0.0,0.0,0.0,False,NONE
2821,1378,70,129.48975747,12.84022896403991,3187.0,19.552147239263803,0.0,0.0,0.0,1.5484371693568977,False,True,2514,PV+/PNN-,129.48975747,12.84022896403991,0.0,0.0,0.0,False,NONE
2822,1379,2382,96.91871418,11.108588547554572,1312.0,10.754098360655737,0.0,0.0,0.0,2.128964122559714,False,True,2516,PV+/PNN-,96.91871418,11.108588547554572,0.0,0.0,0.0,False,NONE
2823,1380,1149,173.97703611,14.883361255142246,1961.0,8.954337899543379,0.0,0.0,0.0,1.3034473087368512,False,True,2517,PV+/PNN-,173.97703611,14.883361255142246,0.0,0.0,0.0,False,NONE
2824,1377,2016,104.86287108,11.554893086200376,931.0,7.053030303030303,0.0,0.0,0.0,1.7705741342546937,False,True,2518,PV+/PNN-,104.86287108,11.554893086200376,0.0,0.0,0.0,False,NONE
2825,1378,231,81.03040038,10.157318055940708,7849.0,76.95098039215686,0.0,0.0,0.0,1.611853052276861,False,True,2519,PV+/PNN-,81.03040038,10.157318055940708,0.0,0.0,0.0,False,NONE
2826,1379,1925,162.06080076,14.36461695204847,2057.0,10.083333333333334,0.0,0.0,0.0,1.6670833642574927,False,True,2520,PV+/PNN-,162.06080076,14.36461695204847,0.0,0.0,0.0,False,NONE
2827,1381,312,130.28417316,12.879555944225542,10842.0,66.10975609756098,0.0,0.0,0.0,1.6036287696199247,False,True,2521,PV+/PNN-,130.28417316,12.879555944225542,0.0,0.0,0.0,False,NONE
2828,1381,1107,115.98469074,12.152213577535832,1841.0,12.60958904109589,0.0,0.0,0.0,1.5292066842049061,False,True,2522,PV+/PNN-,115.98469074,12.152213577535832,0.0,0.0,0.0,False,NONE
2829,1380,1506,82.61923176,10.256416188536388,886.0,8.51923076923077,0.0,0.0,0.0,1.9051522824229947,False,True,2523,PV+/PNN-,82.61923176,10.256416188536388,0.0,0.0,0.0,False,NONE
2830,1379,1574,92.15222004,10.83198276817611,1111.0,9.577586206896552,0.0,0.0,0.0,1.621162517295375,False,True,2524,PV+/PNN-,92.15222004,10.83198276817611,0.0,0.0,0.0,False,NONE
2831,1382,624,92.94663573,10.878572156378345,3310.0,28.29059829059829,0.0,0.0,0.0,1.5743620307839354,False,True,2525,PV+/PNN-,92.94663573,10.878572156378345,0.0,0.0,0.0,False,NONE
2832,1381,1343,88.97455728,10.643586087602236,1472.0,13.142857142857142,0.0,0.0,0.0,1.7267128951670332,False,True,2526,PV+/PNN-,88.97455728,10.643586087602236,0.0,0.0,0.0,False,NONE
2833,1381,1983,103.2740397,11.467021901548332,966.0,7.430769230769231,0.0,0.0,0.0,1.709434056926042,False,True,2527,PV+/PNN-,103.2740397,11.467021901548332,0.0,0.0,0.0,False,NONE
2834,1382,2029,137.43391437,13.228238528376714,1330.0,7.687861271676301,0.0,0.0,0.0,1.6581695582015983,False,True,2528,PV+/PNN-,137.43391437,13.228238528376714,0.0,0.0,0.0,False,NONE
2835,1380,2843,115.98469074,12.152213577535832,3281.0,22.472602739726028,0.0,0.0,0.0,1.9587248963023,False,True,2529,PV+/PNN-,115.98469074,12.152213577535832,0.0,0.0,0.0,False,NONE
2836,1381,806,57.19792968,8.533854108523126,1225.0,17.01388888888889,0.0,0.0,0.0,1.4217566166329978,False,True,2530,PV+/PNN-,57.19792968,8.533854108523126,0.0,0.0,0.0,False,NONE
2837,1382,847,94.53546711,10.971157418634661,3205.0,26.932773109243698,0.0,0.0,0.0,1.3342480631110536,False,True,2531,PV+/PNN-,94.53546711,10.971157418634661,0.0,0.0,0.0,False,NONE
2838,1384,1091,168.41612628000001,14.643567596416075,2308.0,10.88679245283019,0.0,0.0,0.0,1.4132679955699368,False,True,2532,PV+/PNN-,168.41612628000001,14.643567596416075,0.0,0.0,0.0,False,NONE
2839,1385,2006,149.35014972,13.789797556005714,1429.0,7.601063829787234,0.0,0.0,0.0,1.8125113315961918,False,True,2533,PV+/PNN-,149.35014972,13.789797556005714,0.0,0.0,0.0,False,NONE
2840,1381,2590,69.90858072,9.434530697868027,3327.0,37.80681818181818,0.0,0.0,0.0,1.7065571817316885,False,True,2534,PV+/PNN-,69.90858072,9.434530697868027,0.0,0.0,0.0,False,NONE
2841,1384,522,101.68520832,11.378472144697502,11066.0,86.453125,0.0,0.0,0.0,1.7668363023228404,False,True,2535,PV+/PNN-,101.68520832,11.378472144697502,0.0,0.0,0.0,False,NONE
2842,1383,1229,107.24611815,11.68546099424064,1881.0,13.933333333333334,0.0,0.0,0.0,1.7987640554534203,False,True,2536,PV+/PNN-,107.24611815,11.68546099424064,0.0,0.0,0.0,False,NONE
2843,1384,2174,86.59131021,10.500070494515816,923.0,8.46788990825688,0.0,0.0,0.0,1.7619962953724464,False,True,2537,PV+/PNN-,86.59131021,10.500070494515816,0.0,0.0,0.0,False,NONE
2844,1382,877,38.13195312,6.96786270174516,946.0,19.708333333333332,0.0,0.0,0.0,1.5087504139577539,False,True,2538,PV+/PNN-,38.13195312,6.96786270174516,0.0,0.0,0.0,False,NONE
2845,1386,2644,157.29430662000001,14.151796046802042,7831.0,39.55050505050505,0.0,0.0,0.0,2.1889305345146832,False,True,2539,PV+/PNN-,157.29430662000001,14.151796046802042,0.0,0.0,0.0,False,NONE
2846,1386,683,112.01261229,11.942314996545514,2682.0,19.02127659574468,0.0,0.0,0.0,1.5676626178869826,False,True,2540,PV+/PNN-,112.01261229,11.942314996545514,0.0,0.0,0.0,False,NONE
2847,1383,1489,48.45935709,7.854958291387057,560.0,9.180327868852459,0.0,0.0,0.0,1.765630633606886,False,True,2541,PV+/PNN-,48.45935709,7.854958291387057,0.0,0.0,0.0,False,NONE
2848,1383,1535,77.85273762,9.956163126610313,1025.0,10.459183673469388,0.0,0.0,0.0,1.7744591587633398,False,True,2542,PV+/PNN-,77.85273762,9.956163126610313,0.0,0.0,0.0,False,NONE
2849,1389,1730,197.01509112,15.838162927675212,1862.0,7.508064516129032,0.0,0.0,0.0,1.603249688738282,False,True,2543,PV+/PNN-,197.01509112,15.838162927675212,0.0,0.0,0.0,False,NONE
2850,1387,1772,103.2740397,11.467021901548332,1024.0,7.876923076923077,0.0,0.0,0.0,1.4904805286206384,False,True,2544,PV+/PNN-,103.2740397,11.467021901548332,0.0,0.0,0.0,False,NONE
2851,1387,1845,139.81716144,13.342441267550265,1111.0,6.3125,0.0,0.0,0.0,1.4614396398343925,False,True,2545,PV+/PNN-,139.81716144,13.342441267550265,0.0,0.0,0.0,False,NONE
2852,1392,2208,200.98716957,15.99702510721652,2211.0,8.73913043478261,0.0,0.0,0.0,1.9093751926426736,False,True,2546,PV+/PNN-,200.98716957,15.99702510721652,0.0,0.0,0.0,False,NONE
2853,1386,2368,63.5532552,8.995472067506276,1244.0,15.55,0.0,0.0,0.0,1.7428615324388137,False,True,2547,PV+/PNN-,63.5532552,8.995472067506276,0.0,0.0,0.0,False,NONE
2854,1387,610,71.4974121,9.54113894836179,2230.0,24.77777777777778,0.0,0.0,0.0,1.7122850143258521,False,True,2548,PV+/PNN-,71.4974121,9.54113894836179,0.0,0.0,0.0,False,NONE
2855,1390,2845,161.26638507,14.329366305165495,5175.0,25.492610837438423,0.0,0.0,0.0,2.0371565254779878,False,True,2549,PV+/PNN-,161.26638507,14.329366305165495,0.0,0.0,0.0,False,NONE
2856,1388,56,80.23598469,10.107404643036364,2780.0,27.524752475247524,0.0,0.0,0.0,1.464884012084523,False,True,2550,PV+/PNN-,80.23598469,10.107404643036364,0.0,0.0,0.0,False,NONE
2857,1388,155,68.31974934,9.326703948667076,2338.0,27.186046511627907,0.0,0.0,0.0,1.4273351372815921,False,True,2551,PV+/PNN-,68.31974934,9.326703948667076,0.0,0.0,0.0,False,NONE
2858,1389,460,73.08624348000001,9.646569098642193,4204.0,45.69565217391305,0.0,0.0,0.0,1.5590398563525898,False,True,2552,PV+/PNN-,73.08624348000001,9.646569098642193,0.0,0.0,0.0,False,NONE
2859,1388,503,50.04818847,7.982689565701676,2067.0,32.80952380952381,0.0,0.0,0.0,1.644866659814156,False,True,2553,PV+/PNN-,50.04818847,7.982689565701676,0.0,0.0,0.0,False,NONE
2860,1390,978,76.26390624,9.854045933561641,1384.0,14.416666666666666,0.0,0.0,0.0,1.4616502219150604,False,True,2554,PV+/PNN-,76.26390624,9.854045933561641,0.0,0.0,0.0,False,NONE
2861,1389,2049,106.45170246,11.642101063659146,2156.0,16.08955223880597,0.0,0.0,0.0,1.7795505883201737,False,True,2555,PV+/PNN-,106.45170246,11.642101063659146,0.0,0.0,0.0,False,NONE
2862,1389,2622,102.47962401,11.422832828117684,5041.0,39.07751937984496,0.0,0.0,0.0,1.754863731585339,False,True,2556,PV+/PNN-,102.47962401,11.422832828117684,0.0,0.0,0.0,False,NONE
2863,1392,1979,133.46183592,13.035677474005707,1298.0,7.726190476190476,0.0,0.0,0.0,1.623246899532264,False,True,2557,PV+/PNN-,133.46183592,13.035677474005707,0.0,0.0,0.0,False,NONE
2864,1390,1023,42.89844726,7.390534450171232,787.0,14.574074074074074,0.0,0.0,0.0,1.457789550436151,False,True,2558,PV+/PNN-,42.89844726,7.390534450171232,0.0,0.0,0.0,False,NONE
2865,1393,1072,165.23846352,14.504762875171126,2461.0,11.83173076923077,0.0,0.0,0.0,1.6040199070680694,False,True,2559,PV+/PNN-,165.23846352,14.504762875171126,0.0,0.0,0.0,False,NONE
2866,1392,967,93.74105142,10.924962866435578,1886.0,15.983050847457626,0.0,0.0,0.0,1.4517171722455955,False,True,2560,PV+/PNN-,93.74105142,10.924962866435578,0.0,0.0,0.0,False,NONE
2867,1392,2037,96.91871418,11.108588547554572,1072.0,8.78688524590164,0.0,0.0,0.0,1.6331779570321092,False,True,2561,PV+/PNN-,96.91871418,11.108588547554572,0.0,0.0,0.0,False,NONE
2868,1394,2382,105.65728677,11.598579038183399,1453.0,10.924812030075188,0.0,0.0,0.0,1.9551137031719197,False,True,2562,PV+/PNN-,105.65728677,11.598579038183399,0.0,0.0,0.0,False,NONE
2869,1393,2570,97.71312987,11.154022637162193,3797.0,30.869918699186993,0.0,0.0,0.0,1.7723683620639605,False,True,2563,PV+/PNN-,97.71312987,11.154022637162193,0.0,0.0,0.0,False,NONE
2870,1395,2457,103.2740397,11.467021901548332,1461.0,11.238461538461538,0.0,0.0,0.0,1.8571136502361973,False,True,2564,PV+/PNN-,103.2740397,11.467021901548332,0.0,0.0,0.0,False,NONE
2871,1394,1317,133.46183592,13.035677474005707,2764.0,16.452380952380953,0.0,0.0,0.0,1.7048725250863461,False,True,2565,PV+/PNN-,133.46183592,13.035677474005707,0.0,0.0,0.0,False,NONE
2872,1394,871,76.26390624,9.854045933561641,3297.0,34.34375,0.0,0.0,0.0,1.392930269590475,False,True,2567,PV+/PNN-,76.26390624,9.854045933561641,0.0,0.0,0.0,False,NONE
2873,1396,920,113.60144367,12.026714032504808,3839.0,26.846153846153847,0.0,0.0,0.0,1.4716123741928053,False,True,2568,PV+/PNN-,113.60144367,12.026714032504808,0.0,0.0,0.0,False,NONE
2874,1393,436,34.95429036,6.671220633775133,3015.0,68.52272727272727,0.0,0.0,0.0,1.6155857228832076,False,True,2569,PV+/PNN-,34.95429036,6.671220633775133,0.0,0.0,0.0,False,NONE
2875,1398,579,139.81716144,13.342441267550265,4559.0,25.90340909090909,0.0,0.0,0.0,1.7495159261879154,False,True,2570,PV+/PNN-,139.81716144,13.342441267550265,0.0,0.0,0.0,False,NONE
2876,1399,1937,113.60144367,12.026714032504808,1198.0,8.377622377622378,0.0,0.0,0.0,1.3767532461627654,False,True,2571,PV+/PNN-,113.60144367,12.026714032504808,0.0,0.0,0.0,False,NONE
2877,1398,464,85.00247883,10.403293586497956,4875.0,45.5607476635514,0.0,0.0,0.0,1.7173421331528047,False,True,2572,PV+/PNN-,85.00247883,10.403293586497956,0.0,0.0,0.0,False,NONE
2878,1401,823,109.62936522,11.814586030086609,3271.0,23.702898550724637,0.0,0.0,0.0,1.6205420315644319,False,True,2573,PV+/PNN-,109.62936522,11.814586030086609,0.0,0.0,0.0,False,NONE
2879,1398,1289,114.39585936,12.068692219586765,1621.0,11.256944444444445,0.0,0.0,0.0,1.750171070438882,False,True,2574,PV+/PNN-,114.39585936,12.068692219586765,0.0,0.0,0.0,False,NONE
2880,1399,661,86.59131021,10.500070494515816,2100.0,19.26605504587156,0.0,0.0,0.0,1.538261528418554,False,True,2575,PV+/PNN-,86.59131021,10.500070494515816,0.0,0.0,0.0,False,NONE
2881,1399,2529,98.50754556,11.199272407696524,2641.0,21.298387096774192,0.0,0.0,0.0,1.9427895184188728,False,True,2576,PV+/PNN-,98.50754556,11.199272407696524,0.0,0.0,0.0,False,NONE
2882,1401,127,68.31974934,9.326703948667076,3381.0,39.31395348837209,0.0,0.0,0.0,1.4152682943335595,False,True,2577,PV+/PNN-,68.31974934,9.326703948667076,0.0,0.0,0.0,False,NONE
2883,1402,1087,128.69534178,12.800781162784691,2020.0,12.469135802469136,0.0,0.0,0.0,1.7099056967921835,False,True,2578,PV+/PNN-,128.69534178,12.800781162784691,0.0,0.0,0.0,False,NONE
2884,1402,1402,127.1065104,12.72151859781572,1560.0,9.75,0.0,0.0,0.0,1.8424668565946736,False,True,2579,PV+/PNN-,127.1065104,12.72151859781572,0.0,0.0,0.0,False,NONE
2885,1399,1486,36.543121740000004,6.8211544248344955,422.0,9.173913043478262,0.0,0.0,0.0,1.651695971846413,False,True,2580,PV+/PNN-,36.543121740000004,6.8211544248344955,0.0,0.0,0.0,False,NONE
2886,1403,1182,104.06845539,11.51104134134072,1115.0,8.511450381679388,0.0,0.0,0.0,1.6482886377618742,False,True,2581,PV+/PNN-,104.06845539,11.51104134134072,0.0,0.0,0.0,False,NONE
2887,1405,1340,190.65976560000001,15.580614658987523,1852.0,7.716666666666667,0.0,0.0,0.0,1.7283454076781146,False,True,2582,PV+/PNN-,190.65976560000001,15.580614658987523,0.0,0.0,0.0,False,NONE
2888,1405,1777,239.91353838,17.477625822254954,2251.0,7.453642384105961,0.0,0.0,0.0,1.609884666288705,False,True,2583,PV+/PNN-,239.91353838,17.477625822254954,0.0,0.0,0.0,False,NONE
2889,1402,2047,100.89079263,11.333937836259333,1091.0,8.590551181102363,0.0,0.0,0.0,1.6214090635706504,False,True,2584,PV+/PNN-,100.89079263,11.333937836259333,0.0,0.0,0.0,False,NONE
2890,1403,746,104.06845539,11.51104134134072,3972.0,30.3206106870229,0.0,0.0,0.0,1.4089387943793568,False,True,2585,PV+/PNN-,104.06845539,11.51104134134072,0.0,0.0,0.0,False,NONE
2891,1404,2147,110.42378091,11.857315232959936,1112.0,8.0,0.0,0.0,0.0,1.6803419851570462,False,True,2586,PV+/PNN-,110.42378091,11.857315232959936,0.0,0.0,0.0,False,NONE
2892,1405,2650,111.2181966,11.899891008124815,8968.0,64.05714285714286,0.0,0.0,0.0,1.946307888887394,False,True,2587,PV+/PNN-,111.2181966,11.899891008124815,0.0,0.0,0.0,False,NONE
2893,1405,1016,116.77910643,12.193759728054031,2418.0,16.448979591836736,0.0,0.0,0.0,1.549563226734795,False,True,2588,PV+/PNN-,116.77910643,12.193759728054031,0.0,0.0,0.0,False,NONE
2894,1404,1577,108.04053384,11.728660627684029,1099.0,8.080882352941176,0.0,0.0,0.0,1.6078561218045784,False,True,2589,PV+/PNN-,108.04053384,11.728660627684029,0.0,0.0,0.0,False,NONE
2895,1407,2710,215.28665199,16.556312354123577,18202.0,67.1660516605166,0.0,0.0,0.0,1.883756951751912,False,True,2590,PV+/PNN-,215.28665199,16.556312354123577,0.0,0.0,0.0,False,NONE
2896,1406,958,100.89079263,11.333937836259333,2632.0,20.724409448818896,0.0,0.0,0.0,1.5496188134557511,False,True,2591,PV+/PNN-,100.89079263,11.333937836259333,0.0,0.0,0.0,False,NONE
2897,1406,1644,123.92884764,12.56149312576761,1001.0,6.416666666666667,0.0,0.0,0.0,1.51195774103254,False,True,2592,PV+/PNN-,123.92884764,12.56149312576761,0.0,0.0,0.0,False,NONE
2898,1406,1659,138.22833006,13.266415342325757,1180.0,6.781609195402299,0.0,0.0,0.0,1.4509734683768354,False,True,2593,PV+/PNN-,138.22833006,13.266415342325757,0.0,0.0,0.0,False,NONE
2899,1405,2008,92.15222004,10.83198276817611,1063.0,9.163793103448276,0.0,0.0,0.0,1.6920923712251292,False,True,2594,PV+/PNN-,92.15222004,10.83198276817611,0.0,0.0,0.0,False,NONE
2900,1409,2172,128.69534178,12.800781162784691,1520.0,9.382716049382717,0.0,0.0,0.0,1.7410198491555415,False,True,2595,PV+/PNN-,128.69534178,12.800781162784691,0.0,0.0,0.0,False,NONE
2901,1407,783,80.23598469,10.107404643036364,2659.0,26.326732673267326,0.0,0.0,0.0,1.5096525114518355,False,True,2596,PV+/PNN-,80.23598469,10.107404643036364,0.0,0.0,0.0,False,NONE
2902,1408,726,83.41364745,10.305607915302103,1944.0,18.514285714285716,0.0,0.0,0.0,1.4380229124641355,False,True,2597,PV+/PNN-,83.41364745,10.305607915302103,0.0,0.0,0.0,False,NONE
2903,1409,1750,145.37807127,13.6051868520168,1391.0,7.601092896174864,0.0,0.0,0.0,1.5724198485115695,False,True,2598,PV+/PNN-,145.37807127,13.6051868520168,0.0,0.0,0.0,False,NONE
2904,1409,2781,203.37041664,16.091589626115685,9214.0,35.9921875,0.0,0.0,0.0,2.0245361235400363,False,True,2599,PV+/PNN-,203.37041664,16.091589626115685,0.0,0.0,0.0,False,NONE
2905,1409,837,85.00247883,10.403293586497956,3576.0,33.42056074766355,0.0,0.0,0.0,1.46933548383102,False,True,2600,PV+/PNN-,85.00247883,10.403293586497956,0.0,0.0,0.0,False,NONE
2906,1409,1203,101.68520832,11.378472144697502,1311.0,10.2421875,0.0,0.0,0.0,1.8340119860558624,False,True,2601,PV+/PNN-,101.68520832,11.378472144697502,0.0,0.0,0.0,False,NONE
2907,1410,331,111.2181966,11.899891008124815,9618.0,68.7,0.0,0.0,0.0,1.4978522898972897,False,True,2602,PV+/PNN-,111.2181966,11.899891008124815,0.0,0.0,0.0,False,NONE
2908,1410,804,94.53546711,10.971157418634661,2113.0,17.756302521008404,0.0,0.0,0.0,1.5061679816071556,False,True,2603,PV+/PNN-,94.53546711,10.971157418634661,0.0,0.0,0.0,False,NONE
2909,1411,892,85.79689452,10.451794052617739,2611.0,24.175925925925927,0.0,0.0,0.0,1.4701436991686607,False,True,2604,PV+/PNN-,85.79689452,10.451794052617739,0.0,0.0,0.0,False,NONE
2910,1411,1294,81.82481607,10.206987389088184,1022.0,9.922330097087379,0.0,0.0,0.0,1.7703615076878056,False,True,2605,PV+/PNN-,81.82481607,10.206987389088184,0.0,0.0,0.0,False,NONE
2911,1410,1314,122.34001626,12.48071098158173,1448.0,9.402597402597403,0.0,0.0,0.0,1.8685248849195921,False,True,2606,PV+/PNN-,122.34001626,12.48071098158173,0.0,0.0,0.0,False,NONE
2912,1415,2613,152.52781248,13.93572540349032,7423.0,38.661458333333336,0.0,0.0,0.0,2.1164201047380775,False,True,2607,PV+/PNN-,152.52781248,13.93572540349032,0.0,0.0,0.0,False,NONE
2913,1419,2680,257.39068356,18.103038329380148,20746.0,64.03086419753086,0.0,0.0,0.0,2.1095852863420825,False,True,2608,PV+/PNN-,257.39068356,18.103038329380148,0.0,0.0,0.0,False,NONE
2914,1415,25,149.35014972,13.789797556005714,7767.0,41.31382978723404,0.0,0.0,0.0,1.451349621841545,False,True,2610,PV+/PNN-,149.35014972,13.789797556005714,0.0,0.0,0.0,False,NONE
2915,1415,858,73.08624348000001,9.646569098642193,1998.0,21.717391304347824,0.0,0.0,0.0,1.3914531431115877,False,True,2611,PV+/PNN-,73.08624348000001,9.646569098642193,0.0,0.0,0.0,False,NONE
2916,1418,1285,145.37807127,13.6051868520168,1559.0,8.519125683060109,0.0,0.0,0.0,1.8093764717416747,False,True,2613,PV+/PNN-,145.37807127,13.6051868520168,0.0,0.0,0.0,False,NONE
2917,1417,2020,121.54560057,12.440123196106569,988.0,6.457516339869281,0.0,0.0,0.0,1.6423750667924732,False,True,2614,PV+/PNN-,121.54560057,12.440123196106569,0.0,0.0,0.0,False,NONE
2918,1418,11,99.30196125,11.244340084382843,5543.0,44.344,0.0,0.0,0.0,1.475381858231245,False,True,2616,PV+/PNN-,99.30196125,11.244340084382843,0.0,0.0,0.0,False,NONE
2919,1416,1086,56.40351399,8.474384017383858,716.0,10.084507042253522,0.0,0.0,0.0,1.544094589468895,False,True,2617,PV+/PNN-,56.40351399,8.474384017383858,0.0,0.0,0.0,False,NONE
2920,1418,1189,153.32222817,13.97196922387648,2608.0,13.512953367875648,0.0,0.0,0.0,1.6956549218869608,False,True,2618,PV+/PNN-,153.32222817,13.97196922387648,0.0,0.0,0.0,False,NONE
2921,1420,1020,123.92884764,12.56149312576761,1949.0,12.493589743589743,0.0,0.0,0.0,1.4197767851053518,False,True,2619,PV+/PNN-,123.92884764,12.56149312576761,0.0,0.0,0.0,False,NONE
2922,1420,1698,118.36793781,12.276430232296539,1094.0,7.342281879194631,0.0,0.0,0.0,1.5426932303159497,False,True,2620,PV+/PNN-,118.36793781,12.276430232296539,0.0,0.0,0.0,False,NONE
2923,1420,1850,99.30196125,11.244340084382843,906.0,7.248,0.0,0.0,0.0,1.5394257652605756,False,True,2621,PV+/PNN-,99.30196125,11.244340084382843,0.0,0.0,0.0,False,NONE
2924,1420,2493,112.01261229,11.942314996545514,1746.0,12.382978723404255,0.0,0.0,0.0,2.1417362526061594,False,True,2622,PV+/PNN-,112.01261229,11.942314996545514,0.0,0.0,0.0,False,NONE
2925,1420,687,91.35780435,10.78519212710641,1936.0,16.83478260869565,0.0,0.0,0.0,1.499901083506967,False,True,2623,PV+/PNN-,91.35780435,10.78519212710641,0.0,0.0,0.0,False,NONE
2926,1419,932,74.67507486,9.75085936304132,2690.0,28.617021276595743,0.0,0.0,0.0,1.345287940701807,False,True,2624,PV+/PNN-,74.67507486,9.75085936304132,0.0,0.0,0.0,False,NONE
2927,1420,1237,77.85273762,9.956163126610313,1016.0,10.36734693877551,0.0,0.0,0.0,1.5634301283733263,False,True,2625,PV+/PNN-,77.85273762,9.956163126610313,0.0,0.0,0.0,False,NONE
2928,1422,1830,198.6039225,15.90189824726965,1828.0,7.312,0.0,0.0,0.0,1.5649247282444756,False,True,2626,PV+/PNN-,198.6039225,15.90189824726965,0.0,0.0,0.0,False,NONE
2929,1420,501,47.664941400000004,7.7903073294937615,2640.0,44.0,0.0,0.0,0.0,1.6295122178180368,False,True,2627,PV+/PNN-,47.664941400000004,7.7903073294937615,0.0,0.0,0.0,False,NONE
2930,1421,1557,70.70299641,9.487984557348323,984.0,11.0561797752809,0.0,0.0,0.0,1.6399091362457332,False,True,2628,PV+/PNN-,70.70299641,9.487984557348323,0.0,0.0,0.0,False,NONE
2931,1422,133,84.20806314000001,10.354565948189398,3316.0,31.28301886792453,0.0,0.0,0.0,1.523056751287146,False,True,2629,PV+/PNN-,84.20806314000001,10.354565948189398,0.0,0.0,0.0,False,NONE
2932,1422,613,72.29182779,9.593998848416254,2275.0,25.0,0.0,0.0,0.0,1.610383651264074,False,True,2630,PV+/PNN-,72.29182779,9.593998848416254,0.0,0.0,0.0,False,NONE
2933,1423,1175,107.24611815,11.68546099424064,1292.0,9.57037037037037,0.0,0.0,0.0,1.6505142706633031,False,True,2631,PV+/PNN-,107.24611815,11.68546099424064,0.0,0.0,0.0,False,NONE
2934,1426,2850,235.14704424,17.303136003451996,6314.0,21.33108108108108,0.0,0.0,0.0,1.8481138712011214,False,True,2632,PV+/PNN-,235.14704424,17.303136003451996,0.0,0.0,0.0,False,NONE
2935,1423,108,66.73091796,9.217615939230159,3466.0,41.26190476190476,0.0,0.0,0.0,1.437493448947028,False,True,2633,PV+/PNN-,66.73091796,9.217615939230159,0.0,0.0,0.0,False,NONE
2936,1422,1110,52.43143554,8.17054325713784,680.0,10.303030303030303,0.0,0.0,0.0,1.5543765314357727,False,True,2634,PV+/PNN-,52.43143554,8.17054325713784,0.0,0.0,0.0,False,NONE
2937,1424,1542,92.94663573,10.878572156378345,838.0,7.162393162393163,0.0,0.0,0.0,1.875296422986096,False,True,2635,PV+/PNN-,92.94663573,10.878572156378345,0.0,0.0,0.0,False,NONE
2938,1427,143,100.09637694,11.289227848029503,4840.0,38.41269841269841,0.0,0.0,0.0,1.543092005970147,False,True,2636,PV+/PNN-,100.09637694,11.289227848029503,0.0,0.0,0.0,False,NONE
2939,1425,652,69.11416503,9.380772250595795,1790.0,20.57471264367816,0.0,0.0,0.0,1.4526774888916643,False,True,2637,PV+/PNN-,69.11416503,9.380772250595795,0.0,0.0,0.0,False,NONE
2940,1425,782,85.00247883,10.403293586497956,2264.0,21.1588785046729,0.0,0.0,0.0,1.4610224117867143,False,True,2638,PV+/PNN-,85.00247883,10.403293586497956,0.0,0.0,0.0,False,NONE
2941,1429,754,161.26638507,14.329366305165495,12300.0,60.59113300492611,0.0,0.0,0.0,1.4960082962687429,False,True,2639,PV+/PNN-,161.26638507,14.329366305165495,0.0,0.0,0.0,False,NONE
2942,1426,1314,104.86287108,11.554893086200376,1175.0,8.901515151515152,0.0,0.0,0.0,1.8430143700044097,False,True,2640,PV+/PNN-,104.86287108,11.554893086200376,0.0,0.0,0.0,False,NONE
2943,1428,2539,113.60144367,12.026714032504808,2704.0,18.90909090909091,0.0,0.0,0.0,1.8536406657673379,False,True,2641,PV+/PNN-,113.60144367,12.026714032504808,0.0,0.0,0.0,False,NONE
2944,1430,272,122.34001626,12.48071098158173,7366.0,47.83116883116883,0.0,0.0,0.0,1.7371216665828977,False,True,2642,PV+/PNN-,122.34001626,12.48071098158173,0.0,0.0,0.0,False,NONE
2945,1430,899,85.79689452,10.451794052617739,2603.0,24.10185185185185,0.0,0.0,0.0,1.4584758920324017,False,True,2643,PV+/PNN-,85.79689452,10.451794052617739,0.0,0.0,0.0,False,NONE
2946,1433,1741,208.93132647000002,16.310108123356397,1812.0,6.889733840304182,0.0,0.0,0.0,1.7088183368488208,False,True,2644,PV+/PNN-,208.93132647000002,16.310108123356397,0.0,0.0,0.0,False,NONE
2947,1432,2653,152.52781248,13.93572540349032,16582.0,86.36458333333333,0.0,0.0,0.0,2.0500165553008376,False,True,2645,PV+/PNN-,152.52781248,13.93572540349032,0.0,0.0,0.0,False,NONE
2948,1432,563,72.29182779,9.593998848416254,3853.0,42.34065934065934,0.0,0.0,0.0,1.553364503267875,False,True,2647,PV+/PNN-,72.29182779,9.593998848416254,0.0,0.0,0.0,False,NONE
2949,1432,1088,104.06845539,11.51104134134072,1255.0,9.580152671755725,0.0,0.0,0.0,1.50399972508447,False,True,2648,PV+/PNN-,104.06845539,11.51104134134072,0.0,0.0,0.0,False,NONE
2950,1432,1209,108.83494953,11.77170172875832,1418.0,10.35036496350365,0.0,0.0,0.0,1.6269602294302263,False,True,2649,PV+/PNN-,108.83494953,11.77170172875832,0.0,0.0,0.0,False,NONE
2951,1434,1805,173.97703611,14.883361255142246,1348.0,6.155251141552512,0.0,0.0,0.0,1.4669282357999256,False,True,2650,PV+/PNN-,173.97703611,14.883361255142246,0.0,0.0,0.0,False,NONE
2952,1434,981,108.04053384,11.728660627684029,2017.0,14.830882352941176,0.0,0.0,0.0,1.4100080634265915,False,True,2651,PV+/PNN-,108.04053384,11.728660627684029,0.0,0.0,0.0,False,NONE
2953,1434,1146,129.48975747,12.84022896403991,1587.0,9.736196319018404,0.0,0.0,0.0,1.7357957930793768,False,True,2652,PV+/PNN-,129.48975747,12.84022896403991,0.0,0.0,0.0,False,NONE
2954,1432,2190,67.52533365000001,9.272320371655413,1040.0,12.235294117647058,0.0,0.0,0.0,1.6830710861466232,False,True,2653,PV+/PNN-,67.52533365000001,9.272320371655413,0.0,0.0,0.0,False,NONE
2955,1433,695,82.61923176,10.256416188536388,2269.0,21.817307692307693,0.0,0.0,0.0,1.3399499779106734,False,True,2654,PV+/PNN-,82.61923176,10.256416188536388,0.0,0.0,0.0,False,NONE
2956,1435,829,130.28417316,12.879555944225542,2270.0,13.841463414634147,0.0,0.0,0.0,1.6352674432031815,False,True,2655,PV+/PNN-,130.28417316,12.879555944225542,0.0,0.0,0.0,False,NONE
2957,1435,850,110.42378091,11.857315232959936,1781.0,12.81294964028777,0.0,0.0,0.0,1.5006291165445662,False,True,2656,PV+/PNN-,110.42378091,11.857315232959936,0.0,0.0,0.0,False,NONE
2958,1432,998,48.45935709,7.854958291387057,553.0,9.065573770491802,0.0,0.0,0.0,1.4278155502326848,False,True,2657,PV+/PNN-,48.45935709,7.854958291387057,0.0,0.0,0.0,False,NONE
2959,1434,2772,133.46183592,13.035677474005707,8679.0,51.660714285714285,0.0,0.0,0.0,1.7547303396139748,False,True,2658,PV+/PNN-,133.46183592,13.035677474005707,0.0,0.0,0.0,False,NONE
2960,1436,609,116.77910643,12.193759728054031,4099.0,27.8843537414966,0.0,0.0,0.0,1.6579771849996767,False,True,2659,PV+/PNN-,116.77910643,12.193759728054031,0.0,0.0,0.0,False,NONE
2961,1437,1395,163.64963214,14.434859996619657,1857.0,9.014563106796116,0.0,0.0,0.0,1.7811563949298044,False,True,2660,PV+/PNN-,163.64963214,14.434859996619657,0.0,0.0,0.0,False,NONE
2962,1437,1332,117.57352212,12.235164803834003,1314.0,8.878378378378379,0.0,0.0,0.0,1.9497851763105598,False,True,2661,PV+/PNN-,117.57352212,12.235164803834003,0.0,0.0,0.0,False,NONE
2963,1437,1440,119.95676919,12.358547737957586,1016.0,6.728476821192053,0.0,0.0,0.0,1.883557696157878,False,True,2662,PV+/PNN-,119.95676919,12.358547737957586,0.0,0.0,0.0,False,NONE
2964,1439,2833,153.32222817,13.97196922387648,5512.0,28.559585492227978,0.0,0.0,0.0,1.7290687334847332,False,True,2663,PV+/PNN-,153.32222817,13.97196922387648,0.0,0.0,0.0,False,NONE
2965,1442,284,138.22833006,13.266415342325757,9941.0,57.132183908045974,0.0,0.0,0.0,1.7410829610264609,False,True,2664,PV+/PNN-,138.22833006,13.266415342325757,0.0,0.0,0.0,False,NONE
2966,1440,620,78.64715331000001,10.006830950662698,2483.0,25.08080808080808,0.0,0.0,0.0,1.6142754343812746,False,True,2665,PV+/PNN-,78.64715331000001,10.006830950662698,0.0,0.0,0.0,False,NONE
2967,1442,1726,155.70547524,14.080140922851225,1591.0,8.11734693877551,0.0,0.0,0.0,1.6299912562382768,False,True,2666,PV+/PNN-,155.70547524,14.080140922851225,0.0,0.0,0.0,False,NONE
2968,1441,2645,134.25625161,13.074416571218995,12479.0,73.84023668639053,0.0,0.0,0.0,2.1373408321959775,False,True,2667,PV+/PNN-,134.25625161,13.074416571218995,0.0,0.0,0.0,False,NONE
2969,1441,1122,97.71312987,11.154022637162193,1132.0,9.203252032520325,0.0,0.0,0.0,1.6186948046595708,False,True,2668,PV+/PNN-,97.71312987,11.154022637162193,0.0,0.0,0.0,False,NONE
2970,1443,820,88.97455728,10.643586087602236,1477.0,13.1875,0.0,0.0,0.0,1.454039183856639,False,True,2669,PV+/PNN-,88.97455728,10.643586087602236,0.0,0.0,0.0,False,NONE
2971,1443,2019,130.28417316,12.879555944225542,2187.0,13.335365853658537,0.0,0.0,0.0,1.5213682183034574,False,True,2670,PV+/PNN-,130.28417316,12.879555944225542,0.0,0.0,0.0,False,NONE
2972,1441,576,27.80454915,5.949945504062407,1174.0,33.542857142857144,0.0,0.0,0.0,1.6709868599914623,False,True,2671,PV+/PNN-,27.80454915,5.949945504062407,0.0,0.0,0.0,False,NONE
2973,1445,647,146.17248696000001,13.642308849668991,4669.0,25.375,0.0,0.0,0.0,1.5405086332538251,False,True,2672,PV+/PNN-,146.17248696000001,13.642308849668991,0.0,0.0,0.0,False,NONE
2974,1443,1020,97.71312987,11.154022637162193,1186.0,9.642276422764228,0.0,0.0,0.0,1.609655183635783,False,True,2673,PV+/PNN-,97.71312987,11.154022637162193,0.0,0.0,0.0,False,NONE
2975,1444,1315,100.89079263,11.333937836259333,975.0,7.677165354330708,0.0,0.0,0.0,1.7188803787673022,False,True,2674,PV+/PNN-,100.89079263,11.333937836259333,0.0,0.0,0.0,False,NONE
2976,1444,1562,110.42378091,11.857315232959936,1110.0,7.985611510791367,0.0,0.0,0.0,1.8963173910563176,False,True,2675,PV+/PNN-,110.42378091,11.857315232959936,0.0,0.0,0.0,False,NONE
2977,1444,451,72.29182779,9.593998848416254,9281.0,101.98901098901099,0.0,0.0,0.0,1.7122035584001432,False,True,2676,PV+/PNN-,72.29182779,9.593998848416254,0.0,0.0,0.0,False,NONE
2978,1445,872,90.56338866,10.738197602350779,1873.0,16.42982456140351,0.0,0.0,0.0,1.6379000345890564,False,True,2677,PV+/PNN-,90.56338866,10.738197602350779,0.0,0.0,0.0,False,NONE
2979,1446,1158,117.57352212,12.235164803834003,1565.0,10.574324324324325,0.0,0.0,0.0,1.637759446836766,False,True,2678,PV+/PNN-,117.57352212,12.235164803834003,0.0,0.0,0.0,False,NONE
2980,1444,1275,103.2740397,11.467021901548332,999.0,7.684615384615385,0.0,0.0,0.0,1.6455726111702993,False,True,2679,PV+/PNN-,103.2740397,11.467021901548332,0.0,0.0,0.0,False,NONE
2981,1446,339,96.91871418,11.108588547554572,8824.0,72.32786885245902,0.0,0.0,0.0,2.1915449743358697,False,True,2680,PV+/PNN-,96.91871418,11.108588547554572,0.0,0.0,0.0,False,NONE
2982,1448,737,88.18014159,10.595963539609496,2909.0,26.207207207207208,0.0,0.0,0.0,1.4290745020308582,False,True,2681,PV+/PNN-,88.18014159,10.595963539609496,0.0,0.0,0.0,False,NONE
2983,1449,2674,160.47196938,14.294028726574819,12919.0,63.95544554455446,0.0,0.0,0.0,1.9797217548086177,False,True,2682,PV+/PNN-,160.47196938,14.294028726574819,0.0,0.0,0.0,False,NONE
2984,1449,2790,229.58613441,17.097313977747916,9383.0,32.46712802768166,0.0,0.0,0.0,1.9169877015940051,False,True,2683,PV+/PNN-,229.58613441,17.097313977747916,0.0,0.0,0.0,False,NONE
2985,1449,1461,128.69534178,12.800781162784691,1321.0,8.154320987654321,0.0,0.0,0.0,1.8947603667156627,False,True,2684,PV+/PNN-,128.69534178,12.800781162784691,0.0,0.0,0.0,False,NONE
2986,1449,1678,138.22833006,13.266415342325757,1375.0,7.902298850574713,0.0,0.0,0.0,1.7751633713230395,False,True,2685,PV+/PNN-,138.22833006,13.266415342325757,0.0,0.0,0.0,False,NONE
2987,1449,774,91.35780435,10.78519212710641,1638.0,14.243478260869566,0.0,0.0,0.0,1.620434604184149,False,True,2686,PV+/PNN-,91.35780435,10.78519212710641,0.0,0.0,0.0,False,NONE
2988,1450,2695,129.48975747,12.84022896403991,10521.0,64.54601226993866,0.0,0.0,0.0,1.9154235998035982,False,True,2687,PV+/PNN-,129.48975747,12.84022896403991,0.0,0.0,0.0,False,NONE
2989,1450,1101,105.65728677,11.598579038183399,1121.0,8.428571428571429,0.0,0.0,0.0,1.6686460739158289,False,True,2688,PV+/PNN-,105.65728677,11.598579038183399,0.0,0.0,0.0,False,NONE
2990,1452,1284,106.45170246,11.642101063659146,1058.0,7.895522388059701,0.0,0.0,0.0,1.6445769036605151,False,True,2689,PV+/PNN-,106.45170246,11.642101063659146,0.0,0.0,0.0,False,NONE
2991,1452,201,71.4974121,9.54113894836179,5031.0,55.9,0.0,0.0,0.0,1.4742617487461642,False,True,2690,PV+/PNN-,71.4974121,9.54113894836179,0.0,0.0,0.0,False,NONE
2992,1453,1511,104.86287108,11.554893086200376,974.0,7.378787878787879,0.0,0.0,0.0,1.900292695946046,False,True,2691,PV+/PNN-,104.86287108,11.554893086200376,0.0,0.0,0.0,False,NONE
2993,1455,2482,112.01261229,11.942314996545514,1626.0,11.53191489361702,0.0,0.0,0.0,1.9566868758468643,False,True,2692,PV+/PNN-,112.01261229,11.942314996545514,0.0,0.0,0.0,False,NONE
2994,1453,950,76.26390624,9.854045933561641,1352.0,14.083333333333334,0.0,0.0,0.0,1.3952466724778205,False,True,2693,PV+/PNN-,76.26390624,9.854045933561641,0.0,0.0,0.0,False,NONE
2995,1456,1619,110.42378091,11.857315232959936,1132.0,8.143884892086332,0.0,0.0,0.0,1.6296810874769703,False,True,2694,PV+/PNN-,110.42378091,11.857315232959936,0.0,0.0,0.0,False,NONE
2996,1457,2459,171.59378904,14.781068900342463,2252.0,10.425925925925926,0.0,0.0,0.0,1.917295249125889,False,True,2695,PV+/PNN-,171.59378904,14.781068900342463,0.0,0.0,0.0,False,NONE
2997,1454,2849,150.14456541,13.82642390884524,5757.0,30.46031746031746,0.0,0.0,0.0,1.7735066847114005,False,True,2696,PV+/PNN-,150.14456541,13.82642390884524,0.0,0.0,0.0,False,NONE
2998,1457,350,108.04053384,11.728660627684029,8097.0,59.536764705882355,0.0,0.0,0.0,1.8476719501415324,False,True,2698,PV+/PNN-,108.04053384,11.728660627684029,0.0,0.0,0.0,False,NONE
2999,1456,16,76.26390624,9.854045933561641,5270.0,54.895833333333336,0.0,0.0,0.0,1.4778650421264794,False,True,2699,PV+/PNN-,76.26390624,9.854045933561641,0.0,0.0,0.0,False,NONE
3000,1458,1228,111.2181966,11.899891008124815,1171.0,8.364285714285714,0.0,0.0,0.0,1.8255902069868701,False,True,2700,PV+/PNN-,111.2181966,11.899891008124815,0.0,0.0,0.0,False,NONE
3001,1460,175,85.79689452,10.451794052617739,3696.0,34.22222222222222,0.0,0.0,0.0,1.6129027511887737,False,True,2701,PV+/PNN-,85.79689452,10.451794052617739,0.0,0.0,0.0,False,NONE
3002,1458,1196,113.60144367,12.026714032504808,1193.0,8.342657342657343,0.0,0.0,0.0,1.60016463512969,False,True,2702,PV+/PNN-,113.60144367,12.026714032504808,0.0,0.0,0.0,False,NONE
3003,1462,749,112.01261229,11.942314996545514,2661.0,18.872340425531913,0.0,0.0,0.0,1.3657905705132063,False,True,2703,PV+/PNN-,112.01261229,11.942314996545514,0.0,0.0,0.0,False,NONE
3004,1461,439,70.70299641,9.487984557348323,5231.0,58.7752808988764,0.0,0.0,0.0,1.4883278956176358,False,True,2704,PV+/PNN-,70.70299641,9.487984557348323,0.0,0.0,0.0,False,NONE
3005,1460,995,84.20806314000001,10.354565948189398,1737.0,16.38679245283019,0.0,0.0,0.0,1.4279531157614107,False,True,2705,PV+/PNN-,84.20806314000001,10.354565948189398,0.0,0.0,0.0,False,NONE
3006,1464,2597,156.49989093,14.116013951495509,6242.0,31.685279187817258,0.0,0.0,0.0,2.0224431300682215,False,True,2706,PV+/PNN-,156.49989093,14.116013951495509,0.0,0.0,0.0,False,NONE
3007,1461,120,80.23598469,10.107404643036364,2965.0,29.356435643564357,0.0,0.0,0.0,1.433325889579696,False,True,2707,PV+/PNN-,80.23598469,10.107404643036364,0.0,0.0,0.0,False,NONE
3008,1462,563,67.52533365000001,9.272320371655413,3165.0,37.23529411764706,0.0,0.0,0.0,1.5461580496051621,False,True,2708,PV+/PNN-,67.52533365000001,9.272320371655413,0.0,0.0,0.0,False,NONE
3009,1461,496,39.7207845,7.111545090435939,3154.0,63.08,0.0,0.0,0.0,1.5907201907979562,False,True,2709,PV+/PNN-,39.7207845,7.111545090435939,0.0,0.0,0.0,False,NONE
3010,1462,1463,72.29182779,9.593998848416254,564.0,6.197802197802198,0.0,0.0,0.0,1.9663460466117726,False,True,2710,PV+/PNN-,72.29182779,9.593998848416254,0.0,0.0,0.0,False,NONE
3011,1464,2768,133.46183592,13.035677474005707,9101.0,54.17261904761905,0.0,0.0,0.0,1.8112064481054482,False,True,2711,PV+/PNN-,133.46183592,13.035677474005707,0.0,0.0,0.0,False,NONE
3012,1465,920,85.00247883,10.403293586497956,1128.0,10.542056074766355,0.0,0.0,0.0,1.4326194156353367,False,True,2712,PV+/PNN-,85.00247883,10.403293586497956,0.0,0.0,0.0,False,NONE
3013,1466,1290,135.05066730000001,13.113041224263421,1302.0,7.658823529411765,0.0,0.0,0.0,1.8003628276423334,False,True,2713,PV+/PNN-,135.05066730000001,13.113041224263421,0.0,0.0,0.0,False,NONE
3014,1466,233,92.94663573,10.878572156378345,8445.0,72.17948717948718,0.0,0.0,0.0,1.5338150810977498,False,True,2714,PV+/PNN-,92.94663573,10.878572156378345,0.0,0.0,0.0,False,NONE
3015,1468,140,116.77910643,12.193759728054031,5164.0,35.12925170068027,0.0,0.0,0.0,1.5026678866481251,False,True,2716,PV+/PNN-,116.77910643,12.193759728054031,0.0,0.0,0.0,False,NONE
3016,1470,601,135.05066730000001,13.113041224263421,4637.0,27.276470588235295,0.0,0.0,0.0,1.650804956515833,False,True,2717,PV+/PNN-,135.05066730000001,13.113041224263421,0.0,0.0,0.0,False,NONE
3017,1467,1175,90.56338866,10.738197602350779,996.0,8.736842105263158,0.0,0.0,0.0,1.7256795124253101,False,True,2718,PV+/PNN-,90.56338866,10.738197602350779,0.0,0.0,0.0,False,NONE
3018,1468,716,82.61923176,10.256416188536388,3204.0,30.807692307692307,0.0,0.0,0.0,1.5587609583460866,False,True,2719,PV+/PNN-,82.61923176,10.256416188536388,0.0,0.0,0.0,False,NONE
3019,1469,838,103.2740397,11.467021901548332,1488.0,11.446153846153846,0.0,0.0,0.0,1.4311806147045916,False,True,2720,PV+/PNN-,103.2740397,11.467021901548332,0.0,0.0,0.0,False,NONE
3020,1468,900,109.62936522,11.814586030086609,1849.0,13.398550724637682,0.0,0.0,0.0,1.4663837408587668,False,True,2721,PV+/PNN-,109.62936522,11.814586030086609,0.0,0.0,0.0,False,NONE
3021,1469,953,97.71312987,11.154022637162193,1546.0,12.56910569105691,0.0,0.0,0.0,1.3800488096315775,False,True,2722,PV+/PNN-,97.71312987,11.154022637162193,0.0,0.0,0.0,False,NONE
3022,1471,2398,71.4974121,9.54113894836179,1426.0,15.844444444444445,0.0,0.0,0.0,1.945366620412536,False,True,2723,PV+/PNN-,71.4974121,9.54113894836179,0.0,0.0,0.0,False,NONE
3023,1471,2633,156.49989093,14.116013951495509,15341.0,77.8730964467005,0.0,0.0,0.0,1.9829349386901445,False,True,2724,PV+/PNN-,156.49989093,14.116013951495509,0.0,0.0,0.0,False,NONE
3024,1470,981,79.441569,10.057243516322302,2421.0,24.21,0.0,0.0,0.0,1.4610016291066037,False,True,2725,PV+/PNN-,79.441569,10.057243516322302,0.0,0.0,0.0,False,NONE
3025,1470,1051,42.89844726,7.390534450171232,375.0,6.944444444444445,0.0,0.0,0.0,1.698009109123841,False,True,2726,PV+/PNN-,42.89844726,7.390534450171232,0.0,0.0,0.0,False,NONE
3026,1473,2842,177.94911456,15.052303797372671,7998.0,35.705357142857146,0.0,0.0,0.0,1.7545097298151802,False,True,2727,PV+/PNN-,177.94911456,15.052303797372671,0.0,0.0,0.0,False,NONE
3027,1474,624,81.82481607,10.206987389088184,1841.0,17.87378640776699,0.0,0.0,0.0,1.5177611462250333,False,True,2728,PV+/PNN-,81.82481607,10.206987389088184,0.0,0.0,0.0,False,NONE
3028,1476,675,111.2181966,11.899891008124815,2874.0,20.52857142857143,0.0,0.0,0.0,1.6948127182613024,False,True,2729,PV+/PNN-,111.2181966,11.899891008124815,0.0,0.0,0.0,False,NONE
3029,1476,774,88.18014159,10.595963539609496,1478.0,13.315315315315315,0.0,0.0,0.0,1.445101505791952,False,True,2730,PV+/PNN-,88.18014159,10.595963539609496,0.0,0.0,0.0,False,NONE
3030,1477,2496,150.14456541,13.82642390884524,2097.0,11.095238095238095,0.0,0.0,0.0,1.9311691542500964,False,True,2731,PV+/PNN-,150.14456541,13.82642390884524,0.0,0.0,0.0,False,NONE
3031,1477,546,81.82481607,10.206987389088184,2325.0,22.57281553398058,0.0,0.0,0.0,1.7782777583319382,False,True,2732,PV+/PNN-,81.82481607,10.206987389088184,0.0,0.0,0.0,False,NONE
3032,1478,1179,118.36793781,12.276430232296539,1056.0,7.087248322147651,0.0,0.0,0.0,1.7625804950046469,False,True,2734,PV+/PNN-,118.36793781,12.276430232296539,0.0,0.0,0.0,False,NONE
3033,1482,2705,173.18262042,14.84934209921784,20113.0,92.26146788990826,0.0,0.0,0.0,2.7341204575626863,False,True,2735,PV+/PNN-,173.18262042,14.84934209921784,0.0,0.0,0.0,False,NONE
3034,1481,792,107.24611815,11.68546099424064,1748.0,12.948148148148148,0.0,0.0,0.0,1.4693200892531602,False,True,2736,PV+/PNN-,107.24611815,11.68546099424064,0.0,0.0,0.0,False,NONE
3035,1480,1116,108.83494953,11.77170172875832,1116.0,8.145985401459853,0.0,0.0,0.0,1.5961199457330122,False,True,2737,PV+/PNN-,108.83494953,11.77170172875832,0.0,0.0,0.0,False,NONE
3036,1484,432,115.19027505,12.11052490037406,9968.0,68.7448275862069,0.0,0.0,0.0,1.8582343714209502,False,True,2739,PV+/PNN-,115.19027505,12.11052490037406,0.0,0.0,0.0,False,NONE
3037,1484,648,119.95676919,12.358547737957586,2814.0,18.635761589403973,0.0,0.0,0.0,1.6469471124862343,False,True,2740,PV+/PNN-,119.95676919,12.358547737957586,0.0,0.0,0.0,False,NONE
3038,1483,1414,135.84508299,13.151552441468574,1348.0,7.883040935672515,0.0,0.0,0.0,1.8201779132564373,False,True,2741,PV+/PNN-,135.84508299,13.151552441468574,0.0,0.0,0.0,False,NONE
3039,1484,240,88.18014159,10.595963539609496,6869.0,61.88288288288288,0.0,0.0,0.0,1.5098773126597058,False,True,2742,PV+/PNN-,88.18014159,10.595963539609496,0.0,0.0,0.0,False,NONE
3040,1483,817,56.40351399,8.474384017383858,867.0,12.211267605633802,0.0,0.0,0.0,1.4146370309197789,False,True,2743,PV+/PNN-,56.40351399,8.474384017383858,0.0,0.0,0.0,False,NONE
3041,1485,1002,128.69534178,12.800781162784691,1292.0,7.9753086419753085,0.0,0.0,0.0,1.5044607789811881,False,True,2744,PV+/PNN-,128.69534178,12.800781162784691,0.0,0.0,0.0,False,NONE
3042,1487,1662,192.24859698,15.645399198959067,4301.0,17.772727272727273,0.0,0.0,0.0,1.1630256877026333,False,True,2745,PV+/PNN-,192.24859698,15.645399198959067,0.0,0.0,0.0,False,NONE
3043,1487,1139,77.85273762,9.956163126610313,724.0,7.387755102040816,0.0,0.0,0.0,1.6451187852984928,False,True,2746,PV+/PNN-,77.85273762,9.956163126610313,0.0,0.0,0.0,False,NONE
3044,1488,838,84.20806314000001,10.354565948189398,1135.0,10.70754716981132,0.0,0.0,0.0,1.4342467387006135,False,True,2747,PV+/PNN-,84.20806314000001,10.354565948189398,0.0,0.0,0.0,False,NONE
3045,1489,1052,119.1623535,12.317557416952052,1149.0,7.66,0.0,0.0,0.0,1.7523124562191836,False,True,2748,PV+/PNN-,119.1623535,12.317557416952052,0.0,0.0,0.0,False,NONE
3046,1489,1307,145.37807127,13.6051868520168,1432.0,7.825136612021858,0.0,0.0,0.0,1.7943894716399416,False,True,2749,PV+/PNN-,145.37807127,13.6051868520168,0.0,0.0,0.0,False,NONE
3047,1487,580,38.92636881,7.040070461425612,1829.0,37.326530612244895,0.0,0.0,0.0,1.4930871182433219,False,True,2750,PV+/PNN-,38.92636881,7.040070461425612,0.0,0.0,0.0,False,NONE
3048,1490,856,127.1065104,12.72151859781572,1450.0,9.0625,0.0,0.0,0.0,1.5834930137894379,False,True,2751,PV+/PNN-,127.1065104,12.72151859781572,0.0,0.0,0.0,False,NONE
3049,1488,1344,79.441569,10.057243516322302,971.0,9.71,0.0,0.0,0.0,1.74786496267548,False,True,2752,PV+/PNN-,79.441569,10.057243516322302,0.0,0.0,0.0,False,NONE
3050,1490,1370,138.22833006,13.266415342325757,1500.0,8.620689655172415,0.0,0.0,0.0,1.7751633713230395,False,True,2753,PV+/PNN-,138.22833006,13.266415342325757,0.0,0.0,0.0,False,NONE
3051,1489,42,42.89844726,7.390534450171232,3333.0,61.72222222222222,0.0,0.0,0.0,1.4056275891211099,False,True,2754,PV+/PNN-,42.89844726,7.390534450171232,0.0,0.0,0.0,False,NONE
3052,1489,467,48.45935709,7.854958291387057,1970.0,32.295081967213115,0.0,0.0,0.0,1.5019404426277434,False,True,2755,PV+/PNN-,48.45935709,7.854958291387057,0.0,0.0,0.0,False,NONE
3053,1492,248,100.09637694,11.289227848029503,9744.0,77.33333333333333,0.0,0.0,0.0,1.4707319919654471,False,True,2756,PV+/PNN-,100.09637694,11.289227848029503,0.0,0.0,0.0,False,NONE
3054,1492,304,123.92884764,12.56149312576761,6445.0,41.31410256410256,0.0,0.0,0.0,1.4468608804035463,False,True,2757,PV+/PNN-,123.92884764,12.56149312576761,0.0,0.0,0.0,False,NONE
3055,1489,341,54.02026692,8.293415464071046,2800.0,41.1764705882353,0.0,0.0,0.0,1.5141099343637692,False,True,2758,PV+/PNN-,54.02026692,8.293415464071046,0.0,0.0,0.0,False,NONE
3056,1490,484,79.441569,10.057243516322302,4801.0,48.01,0.0,0.0,0.0,1.522525289794502,False,True,2759,PV+/PNN-,79.441569,10.057243516322302,0.0,0.0,0.0,False,NONE
3057,1490,1712,113.60144367,12.026714032504808,2900.0,20.27972027972028,0.0,0.0,0.0,1.0268630198224542,False,True,2760,PV+/PNN-,113.60144367,12.026714032504808,0.0,0.0,0.0,False,NONE
3058,1492,633,86.59131021,10.500070494515816,2435.0,22.339449541284402,0.0,0.0,0.0,1.5280608551531791,False,True,2761,PV+/PNN-,86.59131021,10.500070494515816,0.0,0.0,0.0,False,NONE
3059,1495,892,146.17248696000001,13.642308849668991,1699.0,9.233695652173912,0.0,0.0,0.0,1.3487507594492172,False,True,2762,PV+/PNN-,146.17248696000001,13.642308849668991,0.0,0.0,0.0,False,NONE
3060,1494,2526,135.05066730000001,13.113041224263421,2659.0,15.641176470588235,0.0,0.0,0.0,1.7707128706843098,False,True,2763,PV+/PNN-,135.05066730000001,13.113041224263421,0.0,0.0,0.0,False,NONE
3061,1495,875,93.74105142,10.924962866435578,1013.0,8.584745762711865,0.0,0.0,0.0,1.506368575960596,False,True,2764,PV+/PNN-,93.74105142,10.924962866435578,0.0,0.0,0.0,False,NONE
3062,1496,2619,102.47962401,11.422832828117684,7977.0,61.83720930232558,0.0,0.0,0.0,1.6979771862588988,False,True,2765,PV+/PNN-,102.47962401,11.422832828117684,0.0,0.0,0.0,False,NONE
3063,1496,2637,109.62936522,11.814586030086609,8678.0,62.88405797101449,0.0,0.0,0.0,1.9729038388916667,False,True,2766,PV+/PNN-,109.62936522,11.814586030086609,0.0,0.0,0.0,False,NONE
3064,1498,2798,162.85521645,14.3997813056499,14981.0,73.0780487804878,0.0,0.0,0.0,2.0107733005313193,False,True,2767,PV+/PNN-,162.85521645,14.3997813056499,0.0,0.0,0.0,False,NONE
3065,1496,1031,135.05066730000001,13.113041224263421,1356.0,7.976470588235294,0.0,0.0,0.0,1.8186760363517007,False,True,2768,PV+/PNN-,135.05066730000001,13.113041224263421,0.0,0.0,0.0,False,NONE
3066,1498,1702,129.48975747,12.84022896403991,3175.0,19.478527607361965,0.0,0.0,0.0,1.1687176285601253,False,True,2769,PV+/PNN-,129.48975747,12.84022896403991,0.0,0.0,0.0,False,NONE
3067,1497,1145,116.77910643,12.193759728054031,1112.0,7.5646258503401365,0.0,0.0,0.0,1.6766344708406098,False,True,2770,PV+/PNN-,116.77910643,12.193759728054031,0.0,0.0,0.0,False,NONE
3068,1498,82,115.19027505,12.11052490037406,8027.0,55.358620689655176,0.0,0.0,0.0,1.6440389927069534,False,True,2771,PV+/PNN-,115.19027505,12.11052490037406,0.0,0.0,0.0,False,NONE
3069,1498,595,72.29182779,9.593998848416254,2880.0,31.64835164835165,0.0,0.0,0.0,1.585946873551417,False,True,2772,PV+/PNN-,72.29182779,9.593998848416254,0.0,0.0,0.0,False,NONE
3070,1499,126,94.53546711,10.971157418634661,5889.0,49.48739495798319,0.0,0.0,0.0,1.5267236240360376,False,True,2773,PV+/PNN-,94.53546711,10.971157418634661,0.0,0.0,0.0,False,NONE
3071,1497,1124,38.13195312,6.96786270174516,394.0,8.208333333333334,0.0,0.0,0.0,1.715682405227292,False,True,2774,PV+/PNN-,38.13195312,6.96786270174516,0.0,0.0,0.0,False,NONE
3072,1500,197,90.56338866,10.738197602350779,4822.0,42.29824561403509,0.0,0.0,0.0,1.50720614536619,False,True,2775,PV+/PNN-,90.56338866,10.738197602350779,0.0,0.0,0.0,False,NONE
3073,1499,434,63.5532552,8.995472067506276,4241.0,53.0125,0.0,0.0,0.0,1.924467518806707,False,True,2776,PV+/PNN-,63.5532552,8.995472067506276,0.0,0.0,0.0,False,NONE
3074,1501,40,61.96442382,8.88231697105848,3297.0,42.26923076923077,0.0,0.0,0.0,1.457789550436151,False,True,2777,PV+/PNN-,61.96442382,8.88231697105848,0.0,0.0,0.0,False,NONE
3075,1501,742,83.41364745,10.305607915302103,1904.0,18.133333333333333,0.0,0.0,0.0,1.4994406804486125,False,True,2778,PV+/PNN-,83.41364745,10.305607915302103,0.0,0.0,0.0,False,NONE
3076,1500,952,73.08624348000001,9.646569098642193,1081.0,11.75,0.0,0.0,0.0,1.4148185983230737,False,True,2779,PV+/PNN-,73.08624348000001,9.646569098642193,0.0,0.0,0.0,False,NONE
3077,1502,2825,123.13443195,12.521167201073583,5863.0,37.825806451612905,0.0,0.0,0.0,1.660397589649311,False,True,2780,PV+/PNN-,123.13443195,12.521167201073583,0.0,0.0,0.0,False,NONE
3078,1503,671,95.32988280000001,11.017158280424603,2268.0,18.9,0.0,0.0,0.0,1.5238842461550783,False,True,2781,PV+/PNN-,95.32988280000001,11.017158280424603,0.0,0.0,0.0,False,NONE
3079,1503,24,66.73091796,9.217615939230159,3943.0,46.94047619047619,0.0,0.0,0.0,1.3289534279399777,False,True,2782,PV+/PNN-,66.73091796,9.217615939230159,0.0,0.0,0.0,False,NONE
3080,1503,617,59.58117675,8.70982837718145,3199.0,42.653333333333336,0.0,0.0,0.0,1.5457510894116204,False,True,2783,PV+/PNN-,59.58117675,8.70982837718145,0.0,0.0,0.0,False,NONE
3081,1504,934,151.73339679,13.899387074616612,1966.0,10.293193717277488,0.0,0.0,0.0,1.467362398668672,False,True,2784,PV+/PNN-,151.73339679,13.899387074616612,0.0,0.0,0.0,False,NONE
3082,1503,1115,76.26390624,9.854045933561641,750.0,7.8125,0.0,0.0,0.0,1.5404079200848102,False,True,2785,PV+/PNN-,76.26390624,9.854045933561641,0.0,0.0,0.0,False,NONE
3083,1505,2778,142.9948242,13.493208101259413,11370.0,63.166666666666664,0.0,0.0,0.0,1.940424960919532,False,True,2786,PV+/PNN-,142.9948242,13.493208101259413,0.0,0.0,0.0,False,NONE
3084,1505,143,104.86287108,11.554893086200376,5052.0,38.27272727272727,0.0,0.0,0.0,1.4274657308199907,False,True,2787,PV+/PNN-,104.86287108,11.554893086200376,0.0,0.0,0.0,False,NONE
3085,1504,785,64.34767089,9.051519164690074,970.0,11.975308641975309,0.0,0.0,0.0,1.505375901109522,False,True,2788,PV+/PNN-,64.34767089,9.051519164690074,0.0,0.0,0.0,False,NONE
3086,1507,654,69.90858072,9.434530697868027,1806.0,20.522727272727273,0.0,0.0,0.0,1.50439838429062,False,True,2789,PV+/PNN-,69.90858072,9.434530697868027,0.0,0.0,0.0,False,NONE
3087,1507,984,102.47962401,11.422832828117684,1107.0,8.581395348837209,0.0,0.0,0.0,1.3308003936973298,False,True,2790,PV+/PNN-,102.47962401,11.422832828117684,0.0,0.0,0.0,False,NONE
3088,1510,2863,74.67507486,9.75085936304132,7997.0,85.07446808510639,0.0,0.0,0.0,1.7971343592376425,False,True,2791,PV+/PNN-,74.67507486,9.75085936304132,0.0,0.0,0.0,False,NONE
3089,1509,361,68.31974934,9.326703948667076,4892.0,56.883720930232556,0.0,0.0,0.0,1.5402463105810418,False,True,2792,PV+/PNN-,68.31974934,9.326703948667076,0.0,0.0,0.0,False,NONE
3090,1509,737,64.34767089,9.051519164690074,1187.0,14.654320987654321,0.0,0.0,0.0,1.4760919930028322,False,True,2793,PV+/PNN-,64.34767089,9.051519164690074,0.0,0.0,0.0,False,NONE
3091,1509,768,55.6090983,8.414493627225879,860.0,12.285714285714286,0.0,0.0,0.0,1.4401407665325656,False,True,2794,PV+/PNN-,55.6090983,8.414493627225879,0.0,0.0,0.0,False,NONE
3092,1509,871,69.90858072,9.434530697868027,777.0,8.829545454545455,0.0,0.0,0.0,1.2938163036228396,False,True,2795,PV+/PNN-,69.90858072,9.434530697868027,0.0,0.0,0.0,False,NONE
3093,1511,2595,110.42378091,11.857315232959936,7555.0,54.35251798561151,0.0,0.0,0.0,1.6787421673355702,False,True,2796,PV+/PNN-,110.42378091,11.857315232959936,0.0,0.0,0.0,False,NONE
3094,1510,1168,97.71312987,11.154022637162193,1094.0,8.894308943089431,0.0,0.0,0.0,1.6675087581880241,False,True,2797,PV+/PNN-,97.71312987,11.154022637162193,0.0,0.0,0.0,False,NONE
3095,1513,427,122.34001626,12.48071098158173,12032.0,78.12987012987013,0.0,0.0,0.0,1.6061997787163007,False,True,2798,PV+/PNN-,122.34001626,12.48071098158173,0.0,0.0,0.0,False,NONE
3096,1511,529,55.6090983,8.414493627225879,1997.0,28.52857142857143,0.0,0.0,0.0,1.5428566888514326,False,True,2799,PV+/PNN-,55.6090983,8.414493627225879,0.0,0.0,0.0,False,NONE
3097,1512,685,76.26390624,9.854045933561641,1626.0,16.9375,0.0,0.0,0.0,1.4346255215626955,False,True,2800,PV+/PNN-,76.26390624,9.854045933561641,0.0,0.0,0.0,False,NONE
3098,1515,719,137.43391437,13.228238528376714,2232.0,12.901734104046243,0.0,0.0,0.0,1.7297236450800653,False,True,2801,PV+/PNN-,137.43391437,13.228238528376714,0.0,0.0,0.0,False,NONE
3099,1510,1802,57.19792968,8.533854108523126,1513.0,21.01388888888889,0.0,0.0,0.0,0.9646531135301367,False,True,2802,PV+/PNN-,57.19792968,8.533854108523126,0.0,0.0,0.0,False,NONE
3100,1513,1068,73.08624348000001,9.646569098642193,667.0,7.25,0.0,0.0,0.0,1.5284230529720222,False,True,2803,PV+/PNN-,73.08624348000001,9.646569098642193,0.0,0.0,0.0,False,NONE
3101,1516,1286,163.64963214,14.434859996619657,1651.0,8.014563106796116,0.0,0.0,0.0,1.9571130569743853,False,True,2805,PV+/PNN-,163.64963214,14.434859996619657,0.0,0.0,0.0,False,NONE
3102,1517,2744,189.86534991,15.548121162390995,18085.0,75.66945606694561,0.0,0.0,0.0,1.9750096852373755,False,True,2806,PV+/PNN-,189.86534991,15.548121162390995,0.0,0.0,0.0,False,NONE
3103,1516,74,92.94663573,10.878572156378345,5541.0,47.35897435897436,0.0,0.0,0.0,1.483764940078864,False,True,2807,PV+/PNN-,92.94663573,10.878572156378345,0.0,0.0,0.0,False,NONE
3104,1515,756,98.50754556,11.199272407696524,1241.0,10.008064516129032,0.0,0.0,0.0,1.707263650647477,False,True,2808,PV+/PNN-,98.50754556,11.199272407696524,0.0,0.0,0.0,False,NONE
3105,1517,7,58.78676106,8.651568001725998,4407.0,59.554054054054056,0.0,0.0,0.0,1.4223965837970691,False,True,2811,PV+/PNN-,58.78676106,8.651568001725998,0.0,0.0,0.0,False,NONE
3106,1516,186,48.45935709,7.854958291387057,4491.0,73.62295081967213,0.0,0.0,0.0,1.4180942528693983,False,True,2812,PV+/PNN-,48.45935709,7.854958291387057,0.0,0.0,0.0,False,NONE
3107,1517,896,101.68520832,11.378472144697502,1241.0,9.6953125,0.0,0.0,0.0,1.343513674660436,False,True,2813,PV+/PNN-,101.68520832,11.378472144697502,0.0,0.0,0.0,False,NONE
3108,1517,957,96.91871418,11.108588547554572,1109.0,9.09016393442623,0.0,0.0,0.0,1.417486671784193,False,True,2814,PV+/PNN-,96.91871418,11.108588547554572,0.0,0.0,0.0,False,NONE
3109,1516,1131,84.20806314000001,10.354565948189398,849.0,8.00943396226415,0.0,0.0,0.0,1.664313621700371,False,True,2815,PV+/PNN-,84.20806314000001,10.354565948189398,0.0,0.0,0.0,False,NONE
3110,1519,2770,183.51002439,15.285686766012908,16513.0,71.48484848484848,0.0,0.0,0.0,2.203851779087714,False,True,2816,PV+/PNN-,183.51002439,15.285686766012908,0.0,0.0,0.0,False,NONE
3111,1522,1106,220.84756182,16.76877601578504,1927.0,6.931654676258993,0.0,0.0,0.0,1.6462125382988897,False,True,2817,PV+/PNN-,220.84756182,16.76877601578504,0.0,0.0,0.0,False,NONE
3112,1521,286,112.01261229,11.942314996545514,7113.0,50.4468085106383,0.0,0.0,0.0,1.3558021098358577,False,True,2818,PV+/PNN-,112.01261229,11.942314996545514,0.0,0.0,0.0,False,NONE
3113,1520,230,52.43143554,8.17054325713784,3849.0,58.31818181818182,0.0,0.0,0.0,1.4937288922034522,False,True,2819,PV+/PNN-,52.43143554,8.17054325713784,0.0,0.0,0.0,False,NONE
3114,1523,457,77.05832193,9.90523612702942,4560.0,47.01030927835052,0.0,0.0,0.0,1.561207785186645,False,True,2820,PV+/PNN-,77.05832193,9.90523612702942,0.0,0.0,0.0,False,NONE
3115,1524,500,97.71312987,11.154022637162193,15138.0,123.07317073170732,0.0,0.0,0.0,1.6006155626119956,False,True,2821,PV+/PNN-,97.71312987,11.154022637162193,0.0,0.0,0.0,False,NONE
3116,1525,2570,123.92884764,12.56149312576761,2729.0,17.493589743589745,0.0,0.0,0.0,1.8811567243079277,False,True,2822,PV+/PNN-,123.92884764,12.56149312576761,0.0,0.0,0.0,False,NONE
3117,1527,856,123.92884764,12.56149312576761,1407.0,9.01923076923077,0.0,0.0,0.0,1.5480698680967993,False,True,2823,PV+/PNN-,123.92884764,12.56149312576761,0.0,0.0,0.0,False,NONE
3118,1528,878,102.47962401,11.422832828117684,965.0,7.48062015503876,0.0,0.0,0.0,1.3974553356959873,False,True,2824,PV+/PNN-,102.47962401,11.422832828117684,0.0,0.0,0.0,False,NONE
3119,1526,472,50.84260416,8.045794813057842,3444.0,53.8125,0.0,0.0,0.0,1.5890523807190673,False,True,2825,PV+/PNN-,50.84260416,8.045794813057842,0.0,0.0,0.0,False,NONE
3120,1528,656,104.86287108,11.554893086200376,1695.0,12.840909090909092,0.0,0.0,0.0,1.3993881200642868,False,True,2826,PV+/PNN-,104.86287108,11.554893086200376,0.0,0.0,0.0,False,NONE
3121,1528,771,92.94663573,10.878572156378345,1085.0,9.273504273504274,0.0,0.0,0.0,1.4318141607934383,False,True,2827,PV+/PNN-,92.94663573,10.878572156378345,0.0,0.0,0.0,False,NONE
3122,1530,280,85.00247883,10.403293586497956,6427.0,60.06542056074766,0.0,0.0,0.0,1.525448720130083,False,True,2828,PV+/PNN-,85.00247883,10.403293586497956,0.0,0.0,0.0,False,NONE
3123,1527,1031,100.09637694,11.289227848029503,888.0,7.0476190476190474,0.0,0.0,0.0,1.6072159208198407,False,True,2829,PV+/PNN-,100.09637694,11.289227848029503,0.0,0.0,0.0,False,NONE
3124,1530,2514,124.72326333,12.60169000650996,1578.0,10.050955414012739,0.0,0.0,0.0,2.0655821925374593,False,True,2830,PV+/PNN-,124.72326333,12.60169000650996,0.0,0.0,0.0,False,NONE
3125,1533,2741,201.78158526,16.028608603131524,13338.0,52.511811023622045,0.0,0.0,0.0,1.940671395382438,False,True,2831,PV+/PNN-,201.78158526,16.028608603131524,0.0,0.0,0.0,False,NONE
3126,1530,1138,65.14208658,9.10722134683339,523.0,6.378048780487805,0.0,0.0,0.0,1.5855495275723497,False,True,2832,PV+/PNN-,65.14208658,9.10722134683339,0.0,0.0,0.0,False,NONE
3127,1534,1230,179.53794594000001,15.119352253034252,1772.0,7.84070796460177,0.0,0.0,0.0,1.778669431231869,False,True,2833,PV+/PNN-,179.53794594000001,15.119352253034252,0.0,0.0,0.0,False,NONE
3128,1534,761,115.19027505,12.11052490037406,1354.0,9.337931034482759,0.0,0.0,0.0,1.3961040077993438,False,True,2834,PV+/PNN-,115.19027505,12.11052490037406,0.0,0.0,0.0,False,NONE
3129,1533,924,113.60144367,12.026714032504808,1070.0,7.4825174825174825,0.0,0.0,0.0,1.4685022388475582,False,True,2835,PV+/PNN-,113.60144367,12.026714032504808,0.0,0.0,0.0,False,NONE
3130,1534,2844,182.7156087,15.252564978953412,10706.0,46.54782608695652,0.0,0.0,0.0,1.899853220299435,False,True,2836,PV+/PNN-,182.7156087,15.252564978953412,0.0,0.0,0.0,False,NONE
3131,1533,464,67.52533365000001,9.272320371655413,3489.0,41.04705882352941,0.0,0.0,0.0,1.499938999052949,False,True,2837,PV+/PNN-,67.52533365000001,9.272320371655413,0.0,0.0,0.0,False,NONE
3132,1533,2532,88.18014159,10.595963539609496,1851.0,16.675675675675677,0.0,0.0,0.0,1.8077124658866977,False,True,2838,PV+/PNN-,88.18014159,10.595963539609496,0.0,0.0,0.0,False,NONE
3133,1533,2652,48.45935709,7.854958291387057,2567.0,42.08196721311475,0.0,0.0,0.0,1.8227432556161933,False,True,2839,PV+/PNN-,48.45935709,7.854958291387057,0.0,0.0,0.0,False,NONE
3134,1534,2685,146.96690265,13.679330108642857,8229.0,44.48108108108108,0.0,0.0,0.0,1.824674378200522,False,True,2840,PV+/PNN-,146.96690265,13.679330108642857,0.0,0.0,0.0,False,NONE
3135,1536,203,94.53546711,10.971157418634661,4690.0,39.411764705882355,0.0,0.0,0.0,1.5765554844696903,False,True,2841,PV+/PNN-,94.53546711,10.971157418634661,0.0,0.0,0.0,False,NONE
3136,1539,623,148.55573403,13.753073662427433,5173.0,27.663101604278076,0.0,0.0,0.0,1.6442248858540258,False,True,2842,PV+/PNN-,148.55573403,13.753073662427433,0.0,0.0,0.0,False,NONE
3137,1538,972,114.39585936,12.068692219586765,1039.0,7.215277777777778,0.0,0.0,0.0,1.454186257055836,False,True,2843,PV+/PNN-,114.39585936,12.068692219586765,0.0,0.0,0.0,False,NONE
3138,1538,547,92.94663573,10.878572156378345,3966.0,33.8974358974359,0.0,0.0,0.0,1.7371833756175254,False,True,2844,PV+/PNN-,92.94663573,10.878572156378345,0.0,0.0,0.0,False,NONE
3139,1539,2549,112.01261229,11.942314996545514,1952.0,13.843971631205674,0.0,0.0,0.0,1.9146301993106607,False,True,2845,PV+/PNN-,112.01261229,11.942314996545514,0.0,0.0,0.0,False,NONE
3140,1541,691,130.28417316,12.879555944225542,2027.0,12.359756097560975,0.0,0.0,0.0,1.486565677361875,False,True,2846,PV+/PNN-,130.28417316,12.879555944225542,0.0,0.0,0.0,False,NONE
3141,1541,1197,165.23846352,14.504762875171126,1557.0,7.485576923076923,0.0,0.0,0.0,1.9896118953923643,False,True,2847,PV+/PNN-,165.23846352,14.504762875171126,0.0,0.0,0.0,False,NONE
3142,1541,2863,32.57104329,6.439777972112771,2349.0,57.292682926829265,0.0,0.0,0.0,1.873009476128796,False,True,2848,PV+/PNN-,32.57104329,6.439777972112771,0.0,0.0,0.0,False,NONE
3143,1544,435,125.51767902,12.64175907426016,3869.0,24.4873417721519,0.0,0.0,0.0,1.6307476326912878,False,True,2849,PV+/PNN-,125.51767902,12.64175907426016,0.0,0.0,0.0,False,NONE
3144,1543,916,92.94663573,10.878572156378345,1079.0,9.222222222222221,0.0,0.0,0.0,1.469193380035391,False,True,2850,PV+/PNN-,92.94663573,10.878572156378345,0.0,0.0,0.0,False,NONE
3145,1541,990,82.61923176,10.256416188536388,761.0,7.3173076923076925,0.0,0.0,0.0,1.4482863591034514,False,True,2851,PV+/PNN-,82.61923176,10.256416188536388,0.0,0.0,0.0,False,NONE
3146,1542,1154,116.77910643,12.193759728054031,997.0,6.782312925170068,0.0,0.0,0.0,1.8909411325270034,False,True,2852,PV+/PNN-,116.77910643,12.193759728054031,0.0,0.0,0.0,False,NONE
3147,1545,2506,110.42378091,11.857315232959936,1586.0,11.410071942446043,0.0,0.0,0.0,1.8888515745560959,False,True,2853,PV+/PNN-,110.42378091,11.857315232959936,0.0,0.0,0.0,False,NONE
3148,1546,748,104.86287108,11.554893086200376,1588.0,12.030303030303031,0.0,0.0,0.0,1.4982213099243649,False,True,2854,PV+/PNN-,104.86287108,11.554893086200376,0.0,0.0,0.0,False,NONE
3149,1547,664,54.02026692,8.293415464071046,766.0,11.264705882352942,0.0,0.0,0.0,1.4748673442722677,False,True,2855,PV+/PNN-,54.02026692,8.293415464071046,0.0,0.0,0.0,False,NONE
3150,1547,1992,130.28417316,12.879555944225542,2478.0,15.109756097560975,0.0,0.0,0.0,1.4504071932667244,False,True,2856,PV+/PNN-,130.28417316,12.879555944225542,0.0,0.0,0.0,False,NONE
3151,1550,45,101.68520832,11.378472144697502,8218.0,64.203125,0.0,0.0,0.0,1.361465797037364,False,True,2857,PV+/PNN-,101.68520832,11.378472144697502,0.0,0.0,0.0,False,NONE
3152,1550,454,54.02026692,8.293415464071046,1740.0,25.58823529411765,0.0,0.0,0.0,1.5413617330384228,False,True,2858,PV+/PNN-,54.02026692,8.293415464071046,0.0,0.0,0.0,False,NONE
3153,1549,957,61.96442382,8.88231697105848,569.0,7.294871794871795,0.0,0.0,0.0,1.3922175302405224,False,True,2859,PV+/PNN-,61.96442382,8.88231697105848,0.0,0.0,0.0,False,NONE
3154,1550,870,106.45170246,11.642101063659146,978.0,7.298507462686567,0.0,0.0,0.0,1.5046246814519344,False,True,2860,PV+/PNN-,106.45170246,11.642101063659146,0.0,0.0,0.0,False,NONE
3155,1553,770,91.35780435,10.78519212710641,1037.0,9.017391304347827,0.0,0.0,0.0,1.5243945262114211,False,True,2861,PV+/PNN-,91.35780435,10.78519212710641,0.0,0.0,0.0,False,NONE
3156,1554,613,64.34767089,9.051519164690074,1727.0,21.320987654320987,0.0,0.0,0.0,1.5557076181678953,False,True,2862,PV+/PNN-,64.34767089,9.051519164690074,0.0,0.0,0.0,False,NONE
3157,1554,485,34.95429036,6.671220633775133,2932.0,66.63636363636364,0.0,0.0,0.0,1.5397761738428069,False,True,2863,PV+/PNN-,34.95429036,6.671220633775133,0.0,0.0,0.0,False,NONE
3158,1556,2633,74.67507486,9.75085936304132,4365.0,46.43617021276596,0.0,0.0,0.0,1.7245865922126915,False,True,2864,PV+/PNN-,74.67507486,9.75085936304132,0.0,0.0,0.0,False,NONE
3159,1557,104,54.81468261,8.354173898786094,3484.0,50.492753623188406,0.0,0.0,0.0,1.3675505509986885,False,True,2865,PV+/PNN-,54.81468261,8.354173898786094,0.0,0.0,0.0,False,NONE
3160,1557,550,42.89844726,7.390534450171232,3318.0,61.44444444444444,0.0,0.0,0.0,1.4646529663986565,False,True,2866,PV+/PNN-,42.89844726,7.390534450171232,0.0,0.0,0.0,False,NONE
3161,1563,1121,234.35262855,17.273883005349163,2024.0,6.861016949152543,0.0,0.0,0.0,1.8583989971317048,False,True,2867,PV+/PNN-,234.35262855,17.273883005349163,0.0,0.0,0.0,False,NONE
3162,1558,1189,77.05832193,9.90523612702942,930.0,9.587628865979381,0.0,0.0,0.0,1.616228323871637,False,True,2868,PV+/PNN-,77.05832193,9.90523612702942,0.0,0.0,0.0,False,NONE
3163,1560,66,79.441569,10.057243516322302,3627.0,36.27,0.0,0.0,0.0,1.4936165817604292,False,True,2869,PV+/PNN-,79.441569,10.057243516322302,0.0,0.0,0.0,False,NONE
3164,1560,161,65.14208658,9.10722134683339,5767.0,70.32926829268293,0.0,0.0,0.0,1.3351520252134323,False,True,2870,PV+/PNN-,65.14208658,9.10722134683339,0.0,0.0,0.0,False,NONE
3165,1561,940,104.86287108,11.554893086200376,813.0,6.159090909090909,0.0,0.0,0.0,1.3606410172214152,False,True,2871,PV+/PNN-,104.86287108,11.554893086200376,0.0,0.0,0.0,False,NONE
3166,1561,1845,112.01261229,11.942314996545514,2010.0,14.25531914893617,0.0,0.0,0.0,1.4136300400731374,False,True,2872,PV+/PNN-,112.01261229,11.942314996545514,0.0,0.0,0.0,False,NONE
3167,1565,204,119.1623535,12.317557416952052,7155.0,47.7,0.0,0.0,0.0,1.576883544217545,False,True,2873,PV+/PNN-,119.1623535,12.317557416952052,0.0,0.0,0.0,False,NONE
3168,1562,988,100.89079263,11.333937836259333,792.0,6.2362204724409445,0.0,0.0,0.0,1.436388662868024,False,True,2874,PV+/PNN-,100.89079263,11.333937836259333,0.0,0.0,0.0,False,NONE
3169,1565,371,105.65728677,11.598579038183399,9656.0,72.6015037593985,0.0,0.0,0.0,1.6480248632495345,False,True,2875,PV+/PNN-,105.65728677,11.598579038183399,0.0,0.0,0.0,False,NONE
3170,1564,383,93.74105142,10.924962866435578,4007.0,33.95762711864407,0.0,0.0,0.0,1.635773049124851,False,True,2876,PV+/PNN-,93.74105142,10.924962866435578,0.0,0.0,0.0,False,NONE
3171,1565,2616,108.04053384,11.728660627684029,4698.0,34.544117647058826,0.0,0.0,0.0,1.8307758349632473,False,True,2877,PV+/PNN-,108.04053384,11.728660627684029,0.0,0.0,0.0,False,NONE
3172,1568,874,92.94663573,10.878572156378345,819.0,7.0,0.0,0.0,0.0,1.502137776655417,False,True,2878,PV+/PNN-,92.94663573,10.878572156378345,0.0,0.0,0.0,False,NONE
3173,1570,1085,108.83494953,11.77170172875832,950.0,6.934306569343065,0.0,0.0,0.0,1.8157893348745726,False,True,2879,PV+/PNN-,108.83494953,11.77170172875832,0.0,0.0,0.0,False,NONE
3174,1570,2747,77.05832193,9.90523612702942,9159.0,94.42268041237114,0.0,0.0,0.0,1.928775550568327,False,True,2880,PV+/PNN-,77.05832193,9.90523612702942,0.0,0.0,0.0,False,NONE
3175,1571,469,77.85273762,9.956163126610313,2050.0,20.918367346938776,0.0,0.0,0.0,1.503676388585473,False,True,2881,PV+/PNN-,77.85273762,9.956163126610313,0.0,0.0,0.0,False,NONE
3176,1579,256,136.63949868,13.189951216443678,5775.0,33.575581395348834,0.0,0.0,0.0,1.5553298642660829,False,True,2882,PV+/PNN-,136.63949868,13.189951216443678,0.0,0.0,0.0,False,NONE
3177,1577,800,95.32988280000001,11.017158280424603,1041.0,8.675,0.0,0.0,0.0,1.431228130661255,False,True,2883,PV+/PNN-,95.32988280000001,11.017158280424603,0.0,0.0,0.0,False,NONE
3178,1581,843,175.56586749,14.951167352217068,1744.0,7.891402714932127,0.0,0.0,0.0,1.5271069460393734,False,True,2884,PV+/PNN-,175.56586749,14.951167352217068,0.0,0.0,0.0,False,NONE
3179,1578,966,112.80702798,11.984588810142046,945.0,6.654929577464789,0.0,0.0,0.0,1.4767557787719758,False,True,2885,PV+/PNN-,112.80702798,11.984588810142046,0.0,0.0,0.0,False,NONE
3180,1579,365,94.53546711,10.971157418634661,6531.0,54.88235294117647,0.0,0.0,0.0,1.5472792664649193,False,True,2886,PV+/PNN-,94.53546711,10.971157418634661,0.0,0.0,0.0,False,NONE
3181,1581,458,131.07858885,12.91876320674319,3592.0,21.76969696969697,0.0,0.0,0.0,1.7223929541979057,False,True,2887,PV+/PNN-,131.07858885,12.91876320674319,0.0,0.0,0.0,False,NONE
3182,1578,943,85.79689452,10.451794052617739,754.0,6.981481481481482,0.0,0.0,0.0,1.4420036937223886,False,True,2888,PV+/PNN-,85.79689452,10.451794052617739,0.0,0.0,0.0,False,NONE
3183,1582,2704,170.79937335,14.746813769937052,13036.0,60.632558139534886,0.0,0.0,0.0,2.183409039711189,False,True,2889,PV+/PNN-,170.79937335,14.746813769937052,0.0,0.0,0.0,False,NONE
3184,1581,1599,85.00247883,10.403293586497956,2337.0,21.8411214953271,0.0,0.0,0.0,0.7052256117585942,False,True,2890,PV+/PNN-,85.00247883,10.403293586497956,0.0,0.0,0.0,False,NONE
3185,1582,1053,87.3857259,10.548125988120718,771.0,7.009090909090909,0.0,0.0,0.0,1.8012348851999223,False,True,2891,PV+/PNN-,87.3857259,10.548125988120718,0.0,0.0,0.0,False,NONE
3186,1584,875,65.93650227,9.1625849044734,501.0,6.036144578313253,0.0,0.0,0.0,1.4548126471271126,False,True,2892,PV+/PNN-,65.93650227,9.1625849044734,0.0,0.0,0.0,False,NONE
3187,1587,2787,120.75118488,12.39940255265723,21325.0,140.29605263157896,0.0,0.0,0.0,2.0979295202864594,False,True,2893,PV+/PNN-,120.75118488,12.39940255265723,0.0,0.0,0.0,False,NONE
3188,1587,748,114.39585936,12.068692219586765,1281.0,8.895833333333334,0.0,0.0,0.0,1.486101141281486,False,True,2894,PV+/PNN-,114.39585936,12.068692219586765,0.0,0.0,0.0,False,NONE
3189,1588,1099,130.28417316,12.879555944225542,1115.0,6.798780487804878,0.0,0.0,0.0,1.9801289852606796,False,True,2895,PV+/PNN-,130.28417316,12.879555944225542,0.0,0.0,0.0,False,NONE
3190,1588,566,65.93650227,9.1625849044734,1835.0,22.10843373493976,0.0,0.0,0.0,1.543226675405556,False,True,2896,PV+/PNN-,65.93650227,9.1625849044734,0.0,0.0,0.0,False,NONE
3191,1589,2602,94.53546711,10.971157418634661,2082.0,17.49579831932773,0.0,0.0,0.0,1.7976843651440244,False,True,2897,PV+/PNN-,94.53546711,10.971157418634661,0.0,0.0,0.0,False,NONE
3192,1591,17,127.1065104,12.72151859781572,11078.0,69.2375,0.0,0.0,0.0,1.728036553959802,False,True,2898,PV+/PNN-,127.1065104,12.72151859781572,0.0,0.0,0.0,False,NONE
3193,1589,426,49.25377278,7.919081463837606,1493.0,24.080645161290324,0.0,0.0,0.0,1.6199875676661986,False,True,2899,PV+/PNN-,49.25377278,7.919081463837606,0.0,0.0,0.0,False,NONE
3194,1593,2636,119.95676919,12.358547737957586,5290.0,35.033112582781456,0.0,0.0,0.0,1.9444284687207076,False,True,2900,PV+/PNN-,119.95676919,12.358547737957586,0.0,0.0,0.0,False,NONE
3195,1593,491,91.35780435,10.78519212710641,2032.0,17.669565217391305,0.0,0.0,0.0,1.563712947394887,False,True,2901,PV+/PNN-,91.35780435,10.78519212710641,0.0,0.0,0.0,False,NONE
3196,1592,912,58.78676106,8.651568001725998,538.0,7.27027027027027,0.0,0.0,0.0,1.4394252752932313,False,True,2902,PV+/PNN-,58.78676106,8.651568001725998,0.0,0.0,0.0,False,NONE
3197,1592,927,76.26390624,9.854045933561641,645.0,6.71875,0.0,0.0,0.0,1.3998794782525117,False,True,2903,PV+/PNN-,76.26390624,9.854045933561641,0.0,0.0,0.0,False,NONE
3198,1597,853,122.34001626,12.48071098158173,1157.0,7.512987012987013,0.0,0.0,0.0,1.4613193072168682,False,True,2904,PV+/PNN-,122.34001626,12.48071098158173,0.0,0.0,0.0,False,NONE
3199,1597,219,126.31209471,12.681701540530954,6865.0,43.17610062893082,0.0,0.0,0.0,1.7715383088127197,False,True,2905,PV+/PNN-,126.31209471,12.681701540530954,0.0,0.0,0.0,False,NONE
3200,1599,265,99.30196125,11.244340084382843,4167.0,33.336,0.0,0.0,0.0,1.6343056275262504,False,True,2906,PV+/PNN-,99.30196125,11.244340084382843,0.0,0.0,0.0,False,NONE
3201,1596,1475,31.7766276,6.36075929890786,757.0,18.925,0.0,0.0,0.0,0.6504459307666386,False,True,2907,PV+/PNN-,31.7766276,6.36075929890786,0.0,0.0,0.0,False,NONE
3202,1601,1045,126.31209471,12.681701540530954,1302.0,8.18867924528302,0.0,0.0,0.0,1.757086285767142,False,True,2908,PV+/PNN-,126.31209471,12.681701540530954,0.0,0.0,0.0,False,NONE
3203,1601,468,106.45170246,11.642101063659146,3252.0,24.26865671641791,0.0,0.0,0.0,1.585387623912222,False,True,2909,PV+/PNN-,106.45170246,11.642101063659146,0.0,0.0,0.0,False,NONE
3204,1601,535,73.88065917,9.698854408967303,1839.0,19.774193548387096,0.0,0.0,0.0,1.6132127119096609,False,True,2910,PV+/PNN-,73.88065917,9.698854408967303,0.0,0.0,0.0,False,NONE
3205,1603,1023,109.62936522,11.814586030086609,889.0,6.442028985507246,0.0,0.0,0.0,1.557697014099056,False,True,2911,PV+/PNN-,109.62936522,11.814586030086609,0.0,0.0,0.0,False,NONE
3206,1606,594,137.43391437,13.228238528376714,2959.0,17.104046242774565,0.0,0.0,0.0,1.6431731926881472,False,True,2912,PV+/PNN-,137.43391437,13.228238528376714,0.0,0.0,0.0,False,NONE
3207,1603,500,59.58117675,8.70982837718145,1653.0,22.04,0.0,0.0,0.0,1.5951676843416596,False,True,2913,PV+/PNN-,59.58117675,8.70982837718145,0.0,0.0,0.0,False,NONE
3208,1604,2819,136.63949868,13.189951216443678,7432.0,43.2093023255814,0.0,0.0,0.0,1.764344822473079,False,True,2914,PV+/PNN-,136.63949868,13.189951216443678,0.0,0.0,0.0,False,NONE
3209,1604,181,51.63701985,8.108408946599484,5098.0,78.43076923076923,0.0,0.0,0.0,1.7231186524451299,False,True,2915,PV+/PNN-,51.63701985,8.108408946599484,0.0,0.0,0.0,False,NONE
3210,1606,2860,121.54560057,12.440123196106569,5466.0,35.72549019607843,0.0,0.0,0.0,1.996527330457753,False,True,2916,PV+/PNN-,121.54560057,12.440123196106569,0.0,0.0,0.0,False,NONE
3211,1607,873,92.94663573,10.878572156378345,803.0,6.863247863247863,0.0,0.0,0.0,1.3823975658633993,False,True,2917,PV+/PNN-,92.94663573,10.878572156378345,0.0,0.0,0.0,False,NONE
3212,1606,932,92.15222004,10.83198276817611,824.0,7.103448275862069,0.0,0.0,0.0,1.4473524247828238,False,True,2918,PV+/PNN-,92.15222004,10.83198276817611,0.0,0.0,0.0,False,NONE
3213,1608,2697,139.81716144,13.342441267550265,5461.0,31.02840909090909,0.0,0.0,0.0,1.8876577711059792,False,True,2919,PV+/PNN-,139.81716144,13.342441267550265,0.0,0.0,0.0,False,NONE
3214,1607,337,70.70299641,9.487984557348323,3224.0,36.2247191011236,0.0,0.0,0.0,1.5191438621189524,False,True,2920,PV+/PNN-,70.70299641,9.487984557348323,0.0,0.0,0.0,False,NONE
3215,1609,4,60.37559244,8.767701627645716,4311.0,56.723684210526315,0.0,0.0,0.0,1.4239781960103348,False,True,2921,PV+/PNN-,60.37559244,8.767701627645716,0.0,0.0,0.0,False,NONE
3216,1612,386,125.51767902,12.64175907426016,7397.0,46.81645569620253,0.0,0.0,0.0,2.109275419039134,False,True,2923,PV+/PNN-,125.51767902,12.64175907426016,0.0,0.0,0.0,False,NONE
3217,1612,918,146.96690265,13.679330108642857,1229.0,6.643243243243243,0.0,0.0,0.0,1.4600600426356394,False,True,2924,PV+/PNN-,146.96690265,13.679330108642857,0.0,0.0,0.0,False,NONE
3218,1612,1003,177.15469887,15.0186673222671,1368.0,6.134529147982063,0.0,0.0,0.0,1.5788934478768073,False,True,2925,PV+/PNN-,177.15469887,15.0186673222671,0.0,0.0,0.0,False,NONE
3219,1612,2786,162.06080076,14.36461695204847,18819.0,92.25,0.0,0.0,0.0,1.935967777847411,False,True,2926,PV+/PNN-,162.06080076,14.36461695204847,0.0,0.0,0.0,False,NONE
3220,1613,459,84.20806314000001,10.354565948189398,2363.0,22.29245283018868,0.0,0.0,0.0,1.54683266016858,False,True,2927,PV+/PNN-,84.20806314000001,10.354565948189398,0.0,0.0,0.0,False,NONE
3221,1610,675,41.30961588,7.252381437585563,472.0,9.076923076923077,0.0,0.0,0.0,1.5281131662981298,False,True,2928,PV+/PNN-,41.30961588,7.252381437585563,0.0,0.0,0.0,False,NONE
3222,1611,2755,84.20806314000001,10.354565948189398,8820.0,83.20754716981132,0.0,0.0,0.0,2.0111621747942294,False,True,2929,PV+/PNN-,84.20806314000001,10.354565948189398,0.0,0.0,0.0,False,NONE
3223,1614,532,118.36793781,12.276430232296539,2311.0,15.51006711409396,0.0,0.0,0.0,1.5541353277997507,False,True,2930,PV+/PNN-,118.36793781,12.276430232296539,0.0,0.0,0.0,False,NONE
3224,1614,961,109.62936522,11.814586030086609,1013.0,7.340579710144928,0.0,0.0,0.0,1.4685322884644205,False,True,2931,PV+/PNN-,109.62936522,11.814586030086609,0.0,0.0,0.0,False,NONE
3225,1615,420,96.12429849,11.062967867954534,2542.0,21.00826446280992,0.0,0.0,0.0,1.7060977299193223,False,True,2932,PV+/PNN-,96.12429849,11.062967867954534,0.0,0.0,0.0,False,NONE
3226,1615,564,69.90858072,9.434530697868027,1485.0,16.875,0.0,0.0,0.0,1.6290629760459454,False,True,2933,PV+/PNN-,69.90858072,9.434530697868027,0.0,0.0,0.0,False,NONE
3227,1614,655,56.40351399,8.474384017383858,812.0,11.43661971830986,0.0,0.0,0.0,1.5273903883657833,False,True,2934,PV+/PNN-,56.40351399,8.474384017383858,0.0,0.0,0.0,False,NONE
3228,1619,2770,153.32222817,13.97196922387648,16639.0,86.21243523316062,0.0,0.0,0.0,1.9959951594669387,False,True,2935,PV+/PNN-,153.32222817,13.97196922387648,0.0,0.0,0.0,False,NONE
3229,1618,940,72.29182779,9.593998848416254,665.0,7.3076923076923075,0.0,0.0,0.0,1.4002273629352266,False,True,2936,PV+/PNN-,72.29182779,9.593998848416254,0.0,0.0,0.0,False,NONE
3230,1623,1027,188.27651853,15.482929591568213,1916.0,8.084388185654008,0.0,0.0,0.0,1.4596661299904565,False,True,2937,PV+/PNN-,188.27651853,15.482929591568213,0.0,0.0,0.0,False,NONE
3231,1623,2726,202.57600095,16.06012998776311,9253.0,36.286274509803924,0.0,0.0,0.0,1.970850080150968,False,True,2938,PV+/PNN-,202.57600095,16.06012998776311,0.0,0.0,0.0,False,NONE
3232,1624,210,139.02274575,13.304482609502793,10007.0,57.182857142857145,0.0,0.0,0.0,1.5883905513226826,False,True,2939,PV+/PNN-,139.02274575,13.304482609502793,0.0,0.0,0.0,False,NONE
3233,1622,578,68.31974934,9.326703948667076,1309.0,15.220930232558139,0.0,0.0,0.0,1.628161880630995,False,True,2940,PV+/PNN-,68.31974934,9.326703948667076,0.0,0.0,0.0,False,NONE
3234,1623,2811,91.35780435,10.78519212710641,6081.0,52.87826086956522,0.0,0.0,0.0,1.8621462098202095,False,True,2941,PV+/PNN-,91.35780435,10.78519212710641,0.0,0.0,0.0,False,NONE
3235,1628,624,140.61157713,13.380292240810528,1633.0,9.225988700564972,0.0,0.0,0.0,1.7002658933555799,False,True,2942,PV+/PNN-,140.61157713,13.380292240810528,0.0,0.0,0.0,False,NONE
3236,1626,253,69.11416503,9.380772250595795,6531.0,75.06896551724138,0.0,0.0,0.0,1.4876099094456576,False,True,2943,PV+/PNN-,69.11416503,9.380772250595795,0.0,0.0,0.0,False,NONE
3237,1624,1877,39.7207845,7.111545090435939,827.0,16.54,0.0,0.0,0.0,1.2571581750201928,False,True,2944,PV+/PNN-,39.7207845,7.111545090435939,0.0,0.0,0.0,False,NONE
3238,1628,937,87.3857259,10.548125988120718,757.0,6.881818181818182,0.0,0.0,0.0,1.3268355738715476,False,True,2945,PV+/PNN-,87.3857259,10.548125988120718,0.0,0.0,0.0,False,NONE
3239,1631,494,98.50754556,11.199272407696524,2154.0,17.370967741935484,0.0,0.0,0.0,1.6492788557900524,False,True,2947,PV+/PNN-,98.50754556,11.199272407696524,0.0,0.0,0.0,False,NONE
3240,1631,728,93.74105142,10.924962866435578,888.0,7.52542372881356,0.0,0.0,0.0,1.5892879471143906,False,True,2948,PV+/PNN-,93.74105142,10.924962866435578,0.0,0.0,0.0,False,NONE
3241,1633,444,69.90858072,9.434530697868027,1458.0,16.568181818181817,0.0,0.0,0.0,1.5145063241626733,False,True,2949,PV+/PNN-,69.90858072,9.434530697868027,0.0,0.0,0.0,False,NONE
3242,1634,2699,92.15222004,10.83198276817611,4898.0,42.224137931034484,0.0,0.0,0.0,1.8614294098862543,False,True,2950,PV+/PNN-,92.15222004,10.83198276817611,0.0,0.0,0.0,False,NONE
3243,1637,308,115.98469074,12.152213577535832,6167.0,42.23972602739726,0.0,0.0,0.0,1.381464604157221,False,True,2951,PV+/PNN-,115.98469074,12.152213577535832,0.0,0.0,0.0,False,NONE
3244,1634,510,33.36545898,6.517838737002854,705.0,16.785714285714285,0.0,0.0,0.0,1.648396416594873,False,True,2952,PV+/PNN-,33.36545898,6.517838737002854,0.0,0.0,0.0,False,NONE
3245,1637,701,112.80702798,11.984588810142046,1094.0,7.704225352112676,0.0,0.0,0.0,1.5399185391931174,False,True,2953,PV+/PNN-,112.80702798,11.984588810142046,0.0,0.0,0.0,False,NONE
3246,1636,808,76.26390624,9.854045933561641,670.0,6.979166666666667,0.0,0.0,0.0,1.4678272962813153,False,True,2954,PV+/PNN-,76.26390624,9.854045933561641,0.0,0.0,0.0,False,NONE
3247,1637,966,142.20040851,13.455674765407588,1248.0,6.972067039106145,0.0,0.0,0.0,1.460136148519421,False,True,2955,PV+/PNN-,142.20040851,13.455674765407588,0.0,0.0,0.0,False,NONE
3248,1637,149,84.20806314000001,10.354565948189398,6461.0,60.95283018867924,0.0,0.0,0.0,1.4447361102659522,False,True,2956,PV+/PNN-,84.20806314000001,10.354565948189398,0.0,0.0,0.0,False,NONE
3249,1638,999,173.18262042,14.84934209921784,1608.0,7.376146788990826,0.0,0.0,0.0,1.4253740776150703,False,True,2957,PV+/PNN-,173.18262042,14.84934209921784,0.0,0.0,0.0,False,NONE
3250,1643,2862,82.61923176,10.256416188536388,11432.0,109.92307692307692,0.0,0.0,0.0,2.047700152413492,False,True,2958,PV+/PNN-,82.61923176,10.256416188536388,0.0,0.0,0.0,False,NONE
3251,1644,480,102.47962401,11.422832828117684,1873.0,14.51937984496124,0.0,0.0,0.0,1.6939549052762215,False,True,2959,PV+/PNN-,102.47962401,11.422832828117684,0.0,0.0,0.0,False,NONE
3252,1646,413,133.46183592,13.035677474005707,3719.0,22.136904761904763,0.0,0.0,0.0,1.6783993492309681,False,True,2960,PV+/PNN-,133.46183592,13.035677474005707,0.0,0.0,0.0,False,NONE
3253,1644,943,112.01261229,11.942314996545514,1197.0,8.48936170212766,0.0,0.0,0.0,1.3894474510648205,False,True,2961,PV+/PNN-,112.01261229,11.942314996545514,0.0,0.0,0.0,False,NONE
3254,1648,832,150.14456541,13.82642390884524,1196.0,6.328042328042328,0.0,0.0,0.0,1.6683983716856032,False,True,2963,PV+/PNN-,150.14456541,13.82642390884524,0.0,0.0,0.0,False,NONE
3255,1647,966,108.04053384,11.728660627684029,1109.0,8.154411764705882,0.0,0.0,0.0,1.350054106342353,False,True,2964,PV+/PNN-,108.04053384,11.728660627684029,0.0,0.0,0.0,False,NONE
3256,1649,905,131.07858885,12.91876320674319,1121.0,6.793939393939394,0.0,0.0,0.0,1.5808817959891575,False,True,2965,PV+/PNN-,131.07858885,12.91876320674319,0.0,0.0,0.0,False,NONE
3257,1651,100,97.71312987,11.154022637162193,7317.0,59.48780487804878,0.0,0.0,0.0,1.3800488096315775,False,True,2966,PV+/PNN-,97.71312987,11.154022637162193,0.0,0.0,0.0,False,NONE
3258,1648,557,55.6090983,8.414493627225879,959.0,13.7,0.0,0.0,0.0,1.6042744568359095,False,True,2967,PV+/PNN-,55.6090983,8.414493627225879,0.0,0.0,0.0,False,NONE
3259,1650,567,97.71312987,11.154022637162193,2232.0,18.146341463414632,0.0,0.0,0.0,1.5909733001866222,False,True,2968,PV+/PNN-,97.71312987,11.154022637162193,0.0,0.0,0.0,False,NONE
3260,1649,985,81.82481607,10.206987389088184,1100.0,10.679611650485437,0.0,0.0,0.0,1.345762609502519,False,True,2969,PV+/PNN-,81.82481607,10.206987389088184,0.0,0.0,0.0,False,NONE
3261,1650,2751,79.441569,10.057243516322302,5218.0,52.18,0.0,0.0,0.0,1.880548520062635,False,True,2970,PV+/PNN-,79.441569,10.057243516322302,0.0,0.0,0.0,False,NONE
3262,1652,2817,185.09885577,15.351715957885437,14524.0,62.33476394849785,0.0,0.0,0.0,2.120989946771911,False,True,2971,PV+/PNN-,185.09885577,15.351715957885437,0.0,0.0,0.0,False,NONE
3263,1652,603,125.51767902,12.64175907426016,1263.0,7.993670886075949,0.0,0.0,0.0,1.8324799347791052,False,True,2972,PV+/PNN-,125.51767902,12.64175907426016,0.0,0.0,0.0,False,NONE
3264,1655,641,119.95676919,12.358547737957586,1365.0,9.039735099337749,0.0,0.0,0.0,1.592948846503079,False,True,2973,PV+/PNN-,119.95676919,12.358547737957586,0.0,0.0,0.0,False,NONE
3265,1657,158,112.01261229,11.942314996545514,9084.0,64.42553191489361,0.0,0.0,0.0,1.6323247580613953,False,True,2974,PV+/PNN-,112.01261229,11.942314996545514,0.0,0.0,0.0,False,NONE
3266,1657,2737,115.19027505,12.11052490037406,6100.0,42.06896551724138,0.0,0.0,0.0,1.7462802235966892,False,True,2975,PV+/PNN-,115.19027505,12.11052490037406,0.0,0.0,0.0,False,NONE
3267,1658,839,81.03040038,10.157318055940708,702.0,6.882352941176471,0.0,0.0,0.0,1.4621498382240958,False,True,2976,PV+/PNN-,81.03040038,10.157318055940708,0.0,0.0,0.0,False,NONE
3268,1661,810,146.17248696000001,13.642308849668991,1269.0,6.896739130434782,0.0,0.0,0.0,1.5674997625498517,False,True,2977,PV+/PNN-,146.17248696000001,13.642308849668991,0.0,0.0,0.0,False,NONE
3269,1663,385,69.90858072,9.434530697868027,1827.0,20.761363636363637,0.0,0.0,0.0,1.591158201525745,False,True,2978,PV+/PNN-,69.90858072,9.434530697868027,0.0,0.0,0.0,False,NONE
3270,1663,2766,109.62936522,11.814586030086609,5793.0,41.97826086956522,0.0,0.0,0.0,1.7961857983266358,False,True,2979,PV+/PNN-,109.62936522,11.814586030086609,0.0,0.0,0.0,False,NONE
3271,1663,318,64.34767089,9.051519164690074,1999.0,24.679012345679013,0.0,0.0,0.0,1.4449778406394742,False,True,2980,PV+/PNN-,64.34767089,9.051519164690074,0.0,0.0,0.0,False,NONE
3272,1665,578,118.36793781,12.276430232296539,1847.0,12.395973154362416,0.0,0.0,0.0,1.625275325199035,False,True,2981,PV+/PNN-,118.36793781,12.276430232296539,0.0,0.0,0.0,False,NONE
3273,1665,2861,73.88065917,9.698854408967303,3214.0,34.55913978494624,0.0,0.0,0.0,1.8802217329026139,False,True,2982,PV+/PNN-,73.88065917,9.698854408967303,0.0,0.0,0.0,False,NONE
3274,1667,552,109.62936522,11.814586030086609,2613.0,18.934782608695652,0.0,0.0,0.0,1.5098918298732575,False,True,2983,PV+/PNN-,109.62936522,11.814586030086609,0.0,0.0,0.0,False,NONE
3275,1664,2787,50.84260416,8.045794813057842,6484.0,101.3125,0.0,0.0,0.0,2.025694324983709,False,True,2984,PV+/PNN-,50.84260416,8.045794813057842,0.0,0.0,0.0,False,NONE
3276,1670,461,177.15469887,15.0186673222671,2832.0,12.699551569506726,0.0,0.0,0.0,1.5945161830452725,False,True,2985,PV+/PNN-,177.15469887,15.0186673222671,0.0,0.0,0.0,False,NONE
3277,1670,424,122.34001626,12.48071098158173,2280.0,14.805194805194805,0.0,0.0,0.0,1.5686560020486737,False,True,2986,PV+/PNN-,122.34001626,12.48071098158173,0.0,0.0,0.0,False,NONE
3278,1667,500,44.48727864,7.526151898686336,767.0,13.696428571428571,0.0,0.0,0.0,1.4189622258482633,False,True,2987,PV+/PNN-,44.48727864,7.526151898686336,0.0,0.0,0.0,False,NONE
3279,1666,2543,34.15987467,6.594975608221839,1052.0,24.46511627906977,0.0,0.0,0.0,1.2549516665954097,False,True,2988,PV+/PNN-,34.15987467,6.594975608221839,0.0,0.0,0.0,False,NONE
3280,1670,2606,103.2740397,11.467021901548332,2558.0,19.676923076923078,0.0,0.0,0.0,1.269816425875349,False,True,2989,PV+/PNN-,103.2740397,11.467021901548332,0.0,0.0,0.0,False,NONE
3281,1670,12,69.11416503,9.380772250595795,2599.0,29.873563218390803,0.0,0.0,0.0,1.4969820222772166,False,True,2990,PV+/PNN-,69.11416503,9.380772250595795,0.0,0.0,0.0,False,NONE
3282,1670,58,69.11416503,9.380772250595795,4460.0,51.264367816091955,0.0,0.0,0.0,1.5003900633068745,False,True,2991,PV+/PNN-,69.11416503,9.380772250595795,0.0,0.0,0.0,False,NONE
3283,1674,895,119.95676919,12.358547737957586,913.0,6.046357615894039,0.0,0.0,0.0,1.5634952468759036,False,True,2992,PV+/PNN-,119.95676919,12.358547737957586,0.0,0.0,0.0,False,NONE
3284,1674,2760,162.06080076,14.36461695204847,11743.0,57.56372549019608,0.0,0.0,0.0,1.7938950674235488,False,True,2993,PV+/PNN-,162.06080076,14.36461695204847,0.0,0.0,0.0,False,NONE
3285,1675,740,153.32222817,13.97196922387648,1628.0,8.435233160621761,0.0,0.0,0.0,1.5289699306980724,False,True,2994,PV+/PNN-,153.32222817,13.97196922387648,0.0,0.0,0.0,False,NONE
3286,1675,81,85.00247883,10.403293586497956,5275.0,49.299065420560744,0.0,0.0,0.0,1.551080692266692,False,True,2996,PV+/PNN-,85.00247883,10.403293586497956,0.0,0.0,0.0,False,NONE
3287,1674,357,57.19792968,8.533854108523126,1335.0,18.541666666666668,0.0,0.0,0.0,1.4547010132530236,False,True,2997,PV+/PNN-,57.19792968,8.533854108523126,0.0,0.0,0.0,False,NONE
3288,1677,857,92.94663573,10.878572156378345,739.0,6.316239316239316,0.0,0.0,0.0,1.5015042305665702,False,True,2998,PV+/PNN-,92.94663573,10.878572156378345,0.0,0.0,0.0,False,NONE
3289,1679,667,86.59131021,10.500070494515816,788.0,7.229357798165138,0.0,0.0,0.0,1.4858980723229622,False,True,2999,PV+/PNN-,86.59131021,10.500070494515816,0.0,0.0,0.0,False,NONE
3290,1682,208,102.47962401,11.422832828117684,5607.0,43.46511627906977,0.0,0.0,0.0,1.647411368190952,False,True,3000,PV+/PNN-,102.47962401,11.422832828117684,0.0,0.0,0.0,False,NONE
3291,1682,253,100.89079263,11.333937836259333,4631.0,36.46456692913386,0.0,0.0,0.0,1.6161561184402917,False,True,3001,PV+/PNN-,100.89079263,11.333937836259333,0.0,0.0,0.0,False,NONE
3292,1681,576,72.29182779,9.593998848416254,2176.0,23.912087912087912,0.0,0.0,0.0,1.4686503405306652,False,True,3002,PV+/PNN-,72.29182779,9.593998848416254,0.0,0.0,0.0,False,NONE
3293,1686,839,207.34249509,16.247974152264163,1557.0,5.9655172413793105,0.0,0.0,0.0,1.7020324908949647,False,True,3003,PV+/PNN-,207.34249509,16.247974152264163,0.0,0.0,0.0,False,NONE
3294,1682,917,110.42378091,11.857315232959936,1691.0,12.16546762589928,0.0,0.0,0.0,1.2622562611446297,False,True,3004,PV+/PNN-,110.42378091,11.857315232959936,0.0,0.0,0.0,False,NONE
3295,1683,541,116.77910643,12.193759728054031,2226.0,15.142857142857142,0.0,0.0,0.0,1.525863431207123,False,True,3005,PV+/PNN-,116.77910643,12.193759728054031,0.0,0.0,0.0,False,NONE
3296,1684,2328,138.22833006,13.266415342325757,4062.0,23.344827586206897,0.0,0.0,0.0,1.2081505450137127,False,True,3006,PV+/PNN-,138.22833006,13.266415342325757,0.0,0.0,0.0,False,NONE
3297,1683,2553,81.03040038,10.157318055940708,2170.0,21.274509803921568,0.0,0.0,0.0,1.4338079676024558,False,True,3007,PV+/PNN-,81.03040038,10.157318055940708,0.0,0.0,0.0,False,NONE
3298,1686,876,90.56338866,10.738197602350779,651.0,5.7105263157894735,0.0,0.0,0.0,1.4298301611994186,False,True,3008,PV+/PNN-,90.56338866,10.738197602350779,0.0,0.0,0.0,False,NONE
3299,1686,243,93.74105142,10.924962866435578,5081.0,43.059322033898304,0.0,0.0,0.0,1.603736019360885,False,True,3009,PV+/PNN-,93.74105142,10.924962866435578,0.0,0.0,0.0,False,NONE
3300,1685,321,67.52533365000001,9.272320371655413,1702.0,20.023529411764706,0.0,0.0,0.0,1.5758080065631854,False,True,3010,PV+/PNN-,67.52533365000001,9.272320371655413,0.0,0.0,0.0,False,NONE
3301,1687,516,99.30196125,11.244340084382843,1664.0,13.312,0.0,0.0,0.0,1.4819048487620101,False,True,3011,PV+/PNN-,99.30196125,11.244340084382843,0.0,0.0,0.0,False,NONE
3302,1687,82,94.53546711,10.971157418634661,7869.0,66.12605042016807,0.0,0.0,0.0,1.8705634610282418,False,True,3012,PV+/PNN-,94.53546711,10.971157418634661,0.0,0.0,0.0,False,NONE
3303,1689,892,135.05066730000001,13.113041224263421,1518.0,8.929411764705883,0.0,0.0,0.0,1.2644834585039397,False,True,3013,PV+/PNN-,135.05066730000001,13.113041224263421,0.0,0.0,0.0,False,NONE
3304,1688,2744,97.71312987,11.154022637162193,2269.0,18.447154471544714,0.0,0.0,0.0,1.964008327768258,False,True,3014,PV+/PNN-,97.71312987,11.154022637162193,0.0,0.0,0.0,False,NONE
3305,1689,609,112.01261229,11.942314996545514,1408.0,9.98581560283688,0.0,0.0,0.0,1.6228620058407497,False,True,3016,PV+/PNN-,112.01261229,11.942314996545514,0.0,0.0,0.0,False,NONE
3306,1690,197,92.15222004,10.83198276817611,5215.0,44.956896551724135,0.0,0.0,0.0,1.4824978479011706,False,True,3017,PV+/PNN-,92.15222004,10.83198276817611,0.0,0.0,0.0,False,NONE
3307,1691,69,54.81468261,8.354173898786094,3716.0,53.85507246376812,0.0,0.0,0.0,1.5802567639584217,False,True,3018,PV+/PNN-,54.81468261,8.354173898786094,0.0,0.0,0.0,False,NONE
3308,1691,311,77.85273762,9.956163126610313,2959.0,30.193877551020407,0.0,0.0,0.0,1.5747757751684885,False,True,3019,PV+/PNN-,77.85273762,9.956163126610313,0.0,0.0,0.0,False,NONE
3309,1692,769,119.95676919,12.358547737957586,1085.0,7.185430463576159,0.0,0.0,0.0,1.6096392196251452,False,True,3020,PV+/PNN-,119.95676919,12.358547737957586,0.0,0.0,0.0,False,NONE
3310,1691,678,41.30961588,7.252381437585563,474.0,9.115384615384615,0.0,0.0,0.0,1.5167093366988897,False,True,3021,PV+/PNN-,41.30961588,7.252381437585563,0.0,0.0,0.0,False,NONE
3311,1696,355,90.56338866,10.738197602350779,1653.0,14.5,0.0,0.0,0.0,1.526062477642126,False,True,3022,PV+/PNN-,90.56338866,10.738197602350779,0.0,0.0,0.0,False,NONE
3312,1697,2855,209.72574216,16.34108651427568,13278.0,50.29545454545455,0.0,0.0,0.0,1.9901410503642987,False,True,3023,PV+/PNN-,209.72574216,16.34108651427568,0.0,0.0,0.0,False,NONE
3313,1695,578,72.29182779,9.593998848416254,1399.0,15.373626373626374,0.0,0.0,0.0,1.4197767851053518,False,True,3024,PV+/PNN-,72.29182779,9.593998848416254,0.0,0.0,0.0,False,NONE
3314,1699,730,109.62936522,11.814586030086609,1120.0,8.115942028985508,0.0,0.0,0.0,1.5066690084647767,False,True,3025,PV+/PNN-,109.62936522,11.814586030086609,0.0,0.0,0.0,False,NONE
3315,1703,322,162.06080076,14.36461695204847,7445.0,36.495098039215684,0.0,0.0,0.0,2.060599337119495,False,True,3026,PV+/PNN-,162.06080076,14.36461695204847,0.0,0.0,0.0,False,NONE
3316,1698,974,60.37559244,8.767701627645716,1240.0,16.31578947368421,0.0,0.0,0.0,1.0065380125223737,False,True,3027,PV+/PNN-,60.37559244,8.767701627645716,0.0,0.0,0.0,False,NONE
3317,1701,2795,105.65728677,11.598579038183399,4315.0,32.443609022556394,0.0,0.0,0.0,1.9311485123975776,False,True,3028,PV+/PNN-,105.65728677,11.598579038183399,0.0,0.0,0.0,False,NONE
3318,1700,543,68.31974934,9.326703948667076,935.0,10.872093023255815,0.0,0.0,0.0,1.4876693520217559,False,True,3029,PV+/PNN-,68.31974934,9.326703948667076,0.0,0.0,0.0,False,NONE
3319,1700,371,57.19792968,8.533854108523126,1223.0,16.98611111111111,0.0,0.0,0.0,1.6111868971981471,False,True,3030,PV+/PNN-,57.19792968,8.533854108523126,0.0,0.0,0.0,False,NONE
3320,1701,405,85.00247883,10.403293586497956,1643.0,15.355140186915888,0.0,0.0,0.0,1.6217418046432899,False,True,3031,PV+/PNN-,85.00247883,10.403293586497956,0.0,0.0,0.0,False,NONE
3321,1703,804,127.90092609,12.761211420003875,1010.0,6.273291925465839,0.0,0.0,0.0,1.5188696895111684,False,True,3032,PV+/PNN-,127.90092609,12.761211420003875,0.0,0.0,0.0,False,NONE
3322,1702,848,111.2181966,11.899891008124815,1108.0,7.914285714285715,0.0,0.0,0.0,1.3766051444796585,False,True,3033,PV+/PNN-,111.2181966,11.899891008124815,0.0,0.0,0.0,False,NONE
3323,1702,462,84.20806314000001,10.354565948189398,1581.0,14.915094339622641,0.0,0.0,0.0,1.4678127277096968,False,True,3034,PV+/PNN-,84.20806314000001,10.354565948189398,0.0,0.0,0.0,False,NONE
3324,1704,554,84.20806314000001,10.354565948189398,1171.0,11.047169811320755,0.0,0.0,0.0,1.5538255745454723,False,True,3035,PV+/PNN-,84.20806314000001,10.354565948189398,0.0,0.0,0.0,False,NONE
3325,1705,122,85.00247883,10.403293586497956,6761.0,63.18691588785047,0.0,0.0,0.0,1.4547876077534851,False,True,3036,PV+/PNN-,85.00247883,10.403293586497956,0.0,0.0,0.0,False,NONE
3326,1706,450,111.2181966,11.899891008124815,2067.0,14.764285714285714,0.0,0.0,0.0,1.6402779759992239,False,True,3037,PV+/PNN-,111.2181966,11.899891008124815,0.0,0.0,0.0,False,NONE
3327,1706,666,108.83494953,11.77170172875832,1056.0,7.708029197080292,0.0,0.0,0.0,1.5284877446426304,False,True,3038,PV+/PNN-,108.83494953,11.77170172875832,0.0,0.0,0.0,False,NONE
3328,1707,687,152.52781248,13.93572540349032,1499.0,7.807291666666667,0.0,0.0,0.0,1.624570558325033,False,True,3039,PV+/PNN-,152.52781248,13.93572540349032,0.0,0.0,0.0,False,NONE
3329,1705,752,82.61923176,10.256416188536388,728.0,7.0,0.0,0.0,0.0,1.4924761988005053,False,True,3040,PV+/PNN-,82.61923176,10.256416188536388,0.0,0.0,0.0,False,NONE
3330,1708,36,103.2740397,11.467021901548332,5663.0,43.56153846153846,0.0,0.0,0.0,1.4505671250232994,False,True,3041,PV+/PNN-,103.2740397,11.467021901548332,0.0,0.0,0.0,False,NONE
3331,1708,485,76.26390624,9.854045933561641,873.0,9.09375,0.0,0.0,0.0,1.5295980399438642,False,True,3042,PV+/PNN-,76.26390624,9.854045933561641,0.0,0.0,0.0,False,NONE
3332,1711,2623,63.5532552,8.995472067506276,1600.0,20.0,0.0,0.0,0.0,0.9654767234456374,False,True,3043,PV+/PNN-,63.5532552,8.995472067506276,0.0,0.0,0.0,False,NONE
3333,1712,611,79.441569,10.057243516322302,945.0,9.45,0.0,0.0,0.0,1.5499514999806738,False,True,3044,PV+/PNN-,79.441569,10.057243516322302,0.0,0.0,0.0,False,NONE
3334,1714,144,59.58117675,8.70982837718145,2772.0,36.96,0.0,0.0,0.0,1.4251745977823254,False,True,3045,PV+/PNN-,59.58117675,8.70982837718145,0.0,0.0,0.0,False,NONE
3335,1714,1941,127.90092609,12.761211420003875,3842.0,23.86335403726708,0.0,0.0,0.0,1.5501770974792677,False,True,3046,PV+/PNN-,127.90092609,12.761211420003875,0.0,0.0,0.0,False,NONE
3336,1716,133,77.05832193,9.90523612702942,3727.0,38.422680412371136,0.0,0.0,0.0,1.4672143649331173,False,True,3047,PV+/PNN-,77.05832193,9.90523612702942,0.0,0.0,0.0,False,NONE
3337,1717,1902,104.86287108,11.554893086200376,1945.0,14.734848484848484,0.0,0.0,0.0,1.2994318257739808,False,True,3048,PV+/PNN-,104.86287108,11.554893086200376,0.0,0.0,0.0,False,NONE
3338,1719,648,115.19027505,12.11052490037406,1125.0,7.758620689655173,0.0,0.0,0.0,1.6138778295944813,False,True,3049,PV+/PNN-,115.19027505,12.11052490037406,0.0,0.0,0.0,False,NONE
3339,1716,57,36.543121740000004,6.8211544248344955,2579.0,56.06521739130435,0.0,0.0,0.0,1.5018347763520554,False,True,3050,PV+/PNN-,36.543121740000004,6.8211544248344955,0.0,0.0,0.0,False,NONE
3340,1722,507,179.53794594000001,15.119352253034252,2078.0,9.194690265486726,0.0,0.0,0.0,1.5215282115959137,False,True,3051,PV+/PNN-,179.53794594000001,15.119352253034252,0.0,0.0,0.0,False,NONE
3341,1720,557,106.45170246,11.642101063659146,1405.0,10.485074626865671,0.0,0.0,0.0,1.5726646946205327,False,True,3052,PV+/PNN-,106.45170246,11.642101063659146,0.0,0.0,0.0,False,NONE
3342,1721,2822,98.50754556,11.199272407696524,2390.0,19.274193548387096,0.0,0.0,0.0,1.8327977426068505,False,True,3053,PV+/PNN-,98.50754556,11.199272407696524,0.0,0.0,0.0,False,NONE
3343,1721,374,83.41364745,10.305607915302103,1702.0,16.20952380952381,0.0,0.0,0.0,1.6695749572791756,False,True,3054,PV+/PNN-,83.41364745,10.305607915302103,0.0,0.0,0.0,False,NONE
3344,1720,469,62.75883951,8.93907356753593,936.0,11.848101265822784,0.0,0.0,0.0,1.5134614105472077,False,True,3055,PV+/PNN-,62.75883951,8.93907356753593,0.0,0.0,0.0,False,NONE
3345,1722,358,106.45170246,11.642101063659146,3018.0,22.52238805970149,0.0,0.0,0.0,1.6744481289540463,False,True,3056,PV+/PNN-,106.45170246,11.642101063659146,0.0,0.0,0.0,False,NONE
3346,1723,400,124.72326333,12.60169000650996,2189.0,13.94267515923567,0.0,0.0,0.0,1.618944305876788,False,True,3057,PV+/PNN-,124.72326333,12.60169000650996,0.0,0.0,0.0,False,NONE
3347,1725,667,165.23846352,14.504762875171126,1526.0,7.336538461538462,0.0,0.0,0.0,1.4910507201006005,False,True,3058,PV+/PNN-,165.23846352,14.504762875171126,0.0,0.0,0.0,False,NONE
3348,1727,757,156.49989093,14.116013951495509,1490.0,7.563451776649746,0.0,0.0,0.0,1.554741397849654,False,True,3059,PV+/PNN-,156.49989093,14.116013951495509,0.0,0.0,0.0,False,NONE
3349,1724,280,59.58117675,8.70982837718145,2051.0,27.346666666666668,0.0,0.0,0.0,1.3965129727229026,False,True,3060,PV+/PNN-,59.58117675,8.70982837718145,0.0,0.0,0.0,False,NONE
3350,1725,541,108.83494953,11.77170172875832,1296.0,9.459854014598541,0.0,0.0,0.0,1.5620333163834597,False,True,3061,PV+/PNN-,108.83494953,11.77170172875832,0.0,0.0,0.0,False,NONE
3351,1727,593,104.86287108,11.554893086200376,1078.0,8.166666666666666,0.0,0.0,0.0,1.4965366532790225,False,True,3062,PV+/PNN-,104.86287108,11.554893086200376,0.0,0.0,0.0,False,NONE
3352,1730,703,120.75118488,12.39940255265723,1105.0,7.269736842105263,0.0,0.0,0.0,1.5556474127647153,False,True,3064,PV+/PNN-,120.75118488,12.39940255265723,0.0,0.0,0.0,False,NONE
3353,1731,628,105.65728677,11.598579038183399,1215.0,9.135338345864662,0.0,0.0,0.0,1.6129130721150329,False,True,3065,PV+/PNN-,105.65728677,11.598579038183399,0.0,0.0,0.0,False,NONE
3354,1731,793,119.95676919,12.358547737957586,1319.0,8.735099337748345,0.0,0.0,0.0,1.4800433812655727,False,True,3066,PV+/PNN-,119.95676919,12.358547737957586,0.0,0.0,0.0,False,NONE
3355,1729,1013,85.00247883,10.403293586497956,2100.0,19.626168224299064,0.0,0.0,0.0,0.9650091131431451,False,True,3067,PV+/PNN-,85.00247883,10.403293586497956,0.0,0.0,0.0,False,NONE
3356,1735,138,126.31209471,12.681701540530954,5763.0,36.24528301886792,0.0,0.0,0.0,1.5141990597430823,False,True,3068,PV+/PNN-,126.31209471,12.681701540530954,0.0,0.0,0.0,False,NONE
3357,1733,328,57.19792968,8.533854108523126,1241.0,17.23611111111111,0.0,0.0,0.0,1.6317771450856635,False,True,3069,PV+/PNN-,57.19792968,8.533854108523126,0.0,0.0,0.0,False,NONE
3358,1733,577,73.88065917,9.698854408967303,809.0,8.698924731182796,0.0,0.0,0.0,1.4745274293640673,False,True,3070,PV+/PNN-,73.88065917,9.698854408967303,0.0,0.0,0.0,False,NONE
3359,1735,228,99.30196125,11.244340084382843,6509.0,52.072,0.0,0.0,0.0,1.72266249926116,False,True,3071,PV+/PNN-,99.30196125,11.244340084382843,0.0,0.0,0.0,False,NONE
3360,1736,809,118.36793781,12.276430232296539,1573.0,10.557046979865772,0.0,0.0,0.0,1.3412128181011933,False,True,3072,PV+/PNN-,118.36793781,12.276430232296539,0.0,0.0,0.0,False,NONE
3361,1734,734,50.04818847,7.982689565701676,437.0,6.936507936507937,0.0,0.0,0.0,1.5024998029919006,False,True,3073,PV+/PNN-,50.04818847,7.982689565701676,0.0,0.0,0.0,False,NONE
3362,1738,356,86.59131021,10.500070494515816,1667.0,15.293577981651376,0.0,0.0,0.0,1.4131332696966203,False,True,3074,PV+/PNN-,86.59131021,10.500070494515816,0.0,0.0,0.0,False,NONE
3363,1737,486,57.99234537,8.592912627102823,889.0,12.178082191780822,0.0,0.0,0.0,1.4672667056282134,False,True,3075,PV+/PNN-,57.99234537,8.592912627102823,0.0,0.0,0.0,False,NONE
3364,1739,648,75.46949055,9.802588422925686,885.0,9.31578947368421,0.0,0.0,0.0,1.4934215162541267,False,True,3076,PV+/PNN-,75.46949055,9.802588422925686,0.0,0.0,0.0,False,NONE
3365,1744,572,148.55573403,13.753073662427433,1630.0,8.716577540106952,0.0,0.0,0.0,1.640260987864985,False,True,3077,PV+/PNN-,148.55573403,13.753073662427433,0.0,0.0,0.0,False,NONE
3366,1745,326,109.62936522,11.814586030086609,2105.0,15.253623188405797,0.0,0.0,0.0,1.4905549014223727,False,True,3078,PV+/PNN-,109.62936522,11.814586030086609,0.0,0.0,0.0,False,NONE
3367,1745,455,108.83494953,11.77170172875832,1431.0,10.445255474452555,0.0,0.0,0.0,1.5993662913853504,False,True,3079,PV+/PNN-,108.83494953,11.77170172875832,0.0,0.0,0.0,False,NONE
3368,1747,749,175.56586749,14.951167352217068,1951.0,8.828054298642535,0.0,0.0,0.0,1.575405518459683,False,True,3080,PV+/PNN-,175.56586749,14.951167352217068,0.0,0.0,0.0,False,NONE
3369,1745,108,72.29182779,9.593998848416254,6138.0,67.45054945054945,0.0,0.0,0.0,1.4767959331015508,False,True,3081,PV+/PNN-,72.29182779,9.593998848416254,0.0,0.0,0.0,False,NONE
3370,1745,189,61.96442382,8.88231697105848,2594.0,33.256410256410255,0.0,0.0,0.0,1.4197767851053518,False,True,3082,PV+/PNN-,61.96442382,8.88231697105848,0.0,0.0,0.0,False,NONE
3371,1749,407,104.86287108,11.554893086200376,1455.0,11.022727272727273,0.0,0.0,0.0,1.584700351051933,False,True,3083,PV+/PNN-,104.86287108,11.554893086200376,0.0,0.0,0.0,False,NONE
3372,1747,233,45.28169433,7.593052342343362,1822.0,31.964912280701753,0.0,0.0,0.0,1.5189100757443572,False,True,3084,PV+/PNN-,45.28169433,7.593052342343362,0.0,0.0,0.0,False,NONE
3373,1749,374,70.70299641,9.487984557348323,985.0,11.067415730337078,0.0,0.0,0.0,1.5174781341999624,False,True,3085,PV+/PNN-,70.70299641,9.487984557348323,0.0,0.0,0.0,False,NONE
3374,1752,463,68.31974934,9.326703948667076,703.0,8.174418604651162,0.0,0.0,0.0,1.5376605585207492,False,True,3086,PV+/PNN-,68.31974934,9.326703948667076,0.0,0.0,0.0,False,NONE
3375,1751,485,96.12429849,11.062967867954534,1449.0,11.975206611570249,0.0,0.0,0.0,1.5131279687255752,False,True,3087,PV+/PNN-,96.12429849,11.062967867954534,0.0,0.0,0.0,False,NONE
3376,1754,85,61.17000813,8.825195369105852,2017.0,26.194805194805195,0.0,0.0,0.0,1.4122235992668943,False,True,3089,PV+/PNN-,61.17000813,8.825195369105852,0.0,0.0,0.0,False,NONE
3377,1754,973,90.56338866,10.738197602350779,2172.0,19.05263157894737,0.0,0.0,0.0,0.8556873543148862,False,True,3090,PV+/PNN-,90.56338866,10.738197602350779,0.0,0.0,0.0,False,NONE
3378,1758,304,120.75118488,12.39940255265723,2582.0,16.986842105263158,0.0,0.0,0.0,1.5361408621344366,False,True,3091,PV+/PNN-,120.75118488,12.39940255265723,0.0,0.0,0.0,False,NONE
3379,1757,870,59.58117675,8.70982837718145,1259.0,16.786666666666665,0.0,0.0,0.0,0.9576936097441562,False,True,3092,PV+/PNN-,59.58117675,8.70982837718145,0.0,0.0,0.0,False,NONE
3380,1758,357,91.35780435,10.78519212710641,1666.0,14.486956521739131,0.0,0.0,0.0,1.5456651475073946,False,True,3093,PV+/PNN-,91.35780435,10.78519212710641,0.0,0.0,0.0,False,NONE
3381,1761,49,117.57352212,12.235164803834003,7673.0,51.8445945945946,0.0,0.0,0.0,1.4203932083269324,False,True,3094,PV+/PNN-,117.57352212,12.235164803834003,0.0,0.0,0.0,False,NONE
3382,1763,708,166.03287921,14.539588286344586,1806.0,8.641148325358852,0.0,0.0,0.0,1.5552040820685724,False,True,3095,PV+/PNN-,166.03287921,14.539588286344586,0.0,0.0,0.0,False,NONE
3383,1764,66,106.45170246,11.642101063659146,5893.0,43.97761194029851,0.0,0.0,0.0,1.4354783266057978,False,True,3096,PV+/PNN-,106.45170246,11.642101063659146,0.0,0.0,0.0,False,NONE
3384,1766,498,91.35780435,10.78519212710641,1130.0,9.826086956521738,0.0,0.0,0.0,1.5127923691408902,False,True,3098,PV+/PNN-,91.35780435,10.78519212710641,0.0,0.0,0.0,False,NONE
3385,1771,189,125.51767902,12.64175907426016,3712.0,23.49367088607595,0.0,0.0,0.0,1.5153379901015132,False,True,3099,PV+/PNN-,125.51767902,12.64175907426016,0.0,0.0,0.0,False,NONE
3386,1777,456,170.79937335,14.746813769937052,1935.0,9.0,0.0,0.0,0.0,1.5524855369997608,False,True,3100,PV+/PNN-,170.79937335,14.746813769937052,0.0,0.0,0.0,False,NONE
3387,1775,673,150.14456541,13.82642390884524,1706.0,9.026455026455027,0.0,0.0,0.0,1.4781837007247387,False,True,3101,PV+/PNN-,150.14456541,13.82642390884524,0.0,0.0,0.0,False,NONE
3388,1774,138,136.63949868,13.189951216443678,5399.0,31.38953488372093,0.0,0.0,0.0,1.483790723931317,False,True,3102,PV+/PNN-,136.63949868,13.189951216443678,0.0,0.0,0.0,False,NONE
3389,1773,857,71.4974121,9.54113894836179,1562.0,17.355555555555554,0.0,0.0,0.0,0.9949207779247856,False,True,3103,PV+/PNN-,71.4974121,9.54113894836179,0.0,0.0,0.0,False,NONE
3390,1777,98,174.7714518,14.917302830020427,14470.0,65.77272727272727,0.0,0.0,0.0,1.7931485333022796,False,True,3104,PV+/PNN-,174.7714518,14.917302830020427,0.0,0.0,0.0,False,NONE
3391,1775,258,71.4974121,9.54113894836179,1543.0,17.144444444444446,0.0,0.0,0.0,1.5492102510567232,False,True,3105,PV+/PNN-,71.4974121,9.54113894836179,0.0,0.0,0.0,False,NONE
3392,1776,502,107.24611815,11.68546099424064,1345.0,9.962962962962964,0.0,0.0,0.0,1.5242274169532035,False,True,3106,PV+/PNN-,107.24611815,11.68546099424064,0.0,0.0,0.0,False,NONE
3393,1772,980,49.25377278,7.919081463837606,1240.0,20.0,0.0,0.0,0.0,0.8847164576184405,False,True,3107,PV+/PNN-,49.25377278,7.919081463837606,0.0,0.0,0.0,False,NONE
3394,1777,12,98.50754556,11.199272407696524,7348.0,59.25806451612903,0.0,0.0,0.0,1.417339676360353,False,True,3108,PV+/PNN-,98.50754556,11.199272407696524,0.0,0.0,0.0,False,NONE
3395,1777,219,94.53546711,10.971157418634661,1974.0,16.58823529411765,0.0,0.0,0.0,1.577178382725111,False,True,3109,PV+/PNN-,94.53546711,10.971157418634661,0.0,0.0,0.0,False,NONE
3396,1779,734,132.66742023,12.996822909266468,2065.0,12.365269461077844,0.0,0.0,0.0,1.2809846673780774,False,True,3110,PV+/PNN-,132.66742023,12.996822909266468,0.0,0.0,0.0,False,NONE
3397,1779,520,143.78923989,13.53063732184699,1561.0,8.624309392265193,0.0,0.0,0.0,1.5259080058783872,False,True,3111,PV+/PNN-,143.78923989,13.53063732184699,0.0,0.0,0.0,False,NONE
3398,1783,28,119.1623535,12.317557416952052,6349.0,42.32666666666667,0.0,0.0,0.0,1.3767463347508873,False,True,3112,PV+/PNN-,119.1623535,12.317557416952052,0.0,0.0,0.0,False,NONE
3399,1783,243,144.58365558,13.56796328882212,3367.0,18.5,0.0,0.0,0.0,1.6999851695438148,False,True,3113,PV+/PNN-,144.58365558,13.56796328882212,0.0,0.0,0.0,False,NONE
3400,1786,681,162.85521645,14.3997813056499,1603.0,7.819512195121951,0.0,0.0,0.0,1.6528043079893295,False,True,3114,PV+/PNN-,162.85521645,14.3997813056499,0.0,0.0,0.0,False,NONE
3401,1785,284,92.94663573,10.878572156378345,2433.0,20.794871794871796,0.0,0.0,0.0,1.7885006088141044,False,True,3115,PV+/PNN-,92.94663573,10.878572156378345,0.0,0.0,0.0,False,NONE
3402,1789,442,86.59131021,10.500070494515816,1316.0,12.073394495412844,0.0,0.0,0.0,1.443055244608387,False,True,3116,PV+/PNN-,86.59131021,10.500070494515816,0.0,0.0,0.0,False,NONE
3403,1789,1005,63.5532552,8.995472067506276,1788.0,22.35,0.0,0.0,0.0,0.9330470830227993,False,True,3117,PV+/PNN-,63.5532552,8.995472067506276,0.0,0.0,0.0,False,NONE
3404,1791,2727,71.4974121,9.54113894836179,1744.0,19.377777777777776,0.0,0.0,0.0,1.2667120500400002,False,True,3118,PV+/PNN-,71.4974121,9.54113894836179,0.0,0.0,0.0,False,NONE
3405,1793,15,155.70547524,14.080140922851225,6390.0,32.60204081632653,0.0,0.0,0.0,1.418584037621758,False,True,3119,PV+/PNN-,155.70547524,14.080140922851225,0.0,0.0,0.0,False,NONE
3406,1797,636,150.14456541,13.82642390884524,1568.0,8.296296296296296,0.0,0.0,0.0,1.5319144428312097,False,True,3120,PV+/PNN-,150.14456541,13.82642390884524,0.0,0.0,0.0,False,NONE
3407,1798,170,94.53546711,10.971157418634661,3604.0,30.285714285714285,0.0,0.0,0.0,1.4550903246626616,False,True,3121,PV+/PNN-,94.53546711,10.971157418634661,0.0,0.0,0.0,False,NONE
3408,1800,90,131.07858885,12.91876320674319,4235.0,25.666666666666668,0.0,0.0,0.0,1.471266803598889,False,True,3122,PV+/PNN-,131.07858885,12.91876320674319,0.0,0.0,0.0,False,NONE
3409,1799,906,82.61923176,10.256416188536388,1808.0,17.384615384615383,0.0,0.0,0.0,0.9187210220887544,False,True,3123,PV+/PNN-,82.61923176,10.256416188536388,0.0,0.0,0.0,False,NONE
3410,1801,663,100.09637694,11.289227848029503,947.0,7.515873015873016,0.0,0.0,0.0,1.4483768656875724,False,True,3124,PV+/PNN-,100.09637694,11.289227848029503,0.0,0.0,0.0,False,NONE
3411,1796,2749,21.44922363,5.2258970263088695,371.0,13.74074074074074,0.0,0.0,0.0,1.1805075455509322,False,True,3125,PV+/PNN-,21.44922363,5.2258970263088695,0.0,0.0,0.0,False,NONE
3412,1803,588,134.25625161,13.074416571218995,1494.0,8.840236686390533,0.0,0.0,0.0,1.6303090238605478,False,True,3126,PV+/PNN-,134.25625161,13.074416571218995,0.0,0.0,0.0,False,NONE
3413,1802,453,88.97455728,10.643586087602236,970.0,8.660714285714286,0.0,0.0,0.0,1.4805123597120171,False,True,3127,PV+/PNN-,88.97455728,10.643586087602236,0.0,0.0,0.0,False,NONE
3414,1806,690,152.52781248,13.93572540349032,2021.0,10.526041666666666,0.0,0.0,0.0,1.3601145620197457,False,True,3128,PV+/PNN-,152.52781248,13.93572540349032,0.0,0.0,0.0,False,NONE
3415,1806,328,80.23598469,10.107404643036364,1158.0,11.465346534653465,0.0,0.0,0.0,1.6146016165260275,False,True,3129,PV+/PNN-,80.23598469,10.107404643036364,0.0,0.0,0.0,False,NONE
3416,1807,718,86.59131021,10.500070494515816,1773.0,16.26605504587156,0.0,0.0,0.0,1.0030662044285443,False,True,3130,PV+/PNN-,86.59131021,10.500070494515816,0.0,0.0,0.0,False,NONE
3417,1808,33,115.98469074,12.152213577535832,6921.0,47.4041095890411,0.0,0.0,0.0,1.3723259187934467,False,True,3131,PV+/PNN-,115.98469074,12.152213577535832,0.0,0.0,0.0,False,NONE
3418,1809,399,117.57352212,12.235164803834003,1255.0,8.47972972972973,0.0,0.0,0.0,1.5681421492495153,False,True,3132,PV+/PNN-,117.57352212,12.235164803834003,0.0,0.0,0.0,False,NONE
3419,1809,226,71.4974121,9.54113894836179,1270.0,14.11111111111111,0.0,0.0,0.0,1.6109809947192721,False,True,3134,PV+/PNN-,71.4974121,9.54113894836179,0.0,0.0,0.0,False,NONE
3420,1809,979,42.89844726,7.390534450171232,1000.0,18.51851851851852,0.0,0.0,0.0,1.0295123943758129,False,True,3135,PV+/PNN-,42.89844726,7.390534450171232,0.0,0.0,0.0,False,NONE
3421,1815,548,155.70547524,14.080140922851225,1575.0,8.035714285714286,0.0,0.0,0.0,1.5154002236071404,False,True,3136,PV+/PNN-,155.70547524,14.080140922851225,0.0,0.0,0.0,False,NONE
3422,1813,60,114.39585936,12.068692219586765,5768.0,40.05555555555556,0.0,0.0,0.0,1.402710637337045,False,True,3137,PV+/PNN-,114.39585936,12.068692219586765,0.0,0.0,0.0,False,NONE
3423,1815,455,127.1065104,12.72151859781572,1548.0,9.675,0.0,0.0,0.0,1.535775114310119,False,True,3138,PV+/PNN-,127.1065104,12.72151859781572,0.0,0.0,0.0,False,NONE
3424,1815,642,144.58365558,13.56796328882212,1672.0,9.186813186813186,0.0,0.0,0.0,1.4193695054768076,False,True,3139,PV+/PNN-,144.58365558,13.56796328882212,0.0,0.0,0.0,False,NONE
3425,1815,343,93.74105142,10.924962866435578,1051.0,8.90677966101695,0.0,0.0,0.0,1.5352647204535852,False,True,3140,PV+/PNN-,93.74105142,10.924962866435578,0.0,0.0,0.0,False,NONE
3426,1817,295,93.74105142,10.924962866435578,1028.0,8.711864406779661,0.0,0.0,0.0,1.5541100320794474,False,True,3141,PV+/PNN-,93.74105142,10.924962866435578,0.0,0.0,0.0,False,NONE
3427,1818,933,139.81716144,13.342441267550265,2889.0,16.414772727272727,0.0,0.0,0.0,1.0082670022373301,False,True,3142,PV+/PNN-,139.81716144,13.342441267550265,0.0,0.0,0.0,False,NONE
3428,1820,622,158.08872231,14.187487896796528,2079.0,10.447236180904522,0.0,0.0,0.0,1.6974227871571945,False,True,3143,PV+/PNN-,158.08872231,14.187487896796528,0.0,0.0,0.0,False,NONE
3429,1820,368,94.53546711,10.971157418634661,1148.0,9.647058823529411,0.0,0.0,0.0,1.480006254879488,False,True,3144,PV+/PNN-,94.53546711,10.971157418634661,0.0,0.0,0.0,False,NONE
3430,1822,666,135.05066730000001,13.113041224263421,2145.0,12.617647058823529,0.0,0.0,0.0,1.2889010701164294,False,True,3145,PV+/PNN-,135.05066730000001,13.113041224263421,0.0,0.0,0.0,False,NONE
3431,1823,223,113.60144367,12.026714032504808,2028.0,14.181818181818182,0.0,0.0,0.0,1.701762389741099,False,True,3146,PV+/PNN-,113.60144367,12.026714032504808,0.0,0.0,0.0,False,NONE
3432,1825,433,113.60144367,12.026714032504808,1672.0,11.692307692307692,0.0,0.0,0.0,1.4679838829566836,False,True,3147,PV+/PNN-,113.60144367,12.026714032504808,0.0,0.0,0.0,False,NONE
3433,1826,30,116.77910643,12.193759728054031,6662.0,45.31972789115646,0.0,0.0,0.0,1.4381237626578705,False,True,3148,PV+/PNN-,116.77910643,12.193759728054031,0.0,0.0,0.0,False,NONE
3434,1824,268,92.94663573,10.878572156378345,1200.0,10.256410256410257,0.0,0.0,0.0,1.5059390531884966,False,True,3149,PV+/PNN-,92.94663573,10.878572156378345,0.0,0.0,0.0,False,NONE
3435,1828,969,120.75118488,12.39940255265723,3475.0,22.861842105263158,0.0,0.0,0.0,1.1343059191506983,False,True,3150,PV+/PNN-,120.75118488,12.39940255265723,0.0,0.0,0.0,False,NONE
3436,1835,619,99.30196125,11.244340084382843,1241.0,9.928,0.0,0.0,0.0,1.4872418410144543,False,True,3151,PV+/PNN-,99.30196125,11.244340084382843,0.0,0.0,0.0,False,NONE
3437,1839,601,132.66742023,12.996822909266468,1793.0,10.736526946107784,0.0,0.0,0.0,1.497145281727739,False,True,3152,PV+/PNN-,132.66742023,12.996822909266468,0.0,0.0,0.0,False,NONE
3438,1837,421,76.26390624,9.854045933561641,1078.0,11.229166666666666,0.0,0.0,0.0,1.3527792862098182,False,True,3153,PV+/PNN-,76.26390624,9.854045933561641,0.0,0.0,0.0,False,NONE
3439,1841,2701,37.33753743,6.894898778002857,767.0,16.319148936170212,0.0,0.0,0.0,1.2758944244170713,False,True,3154,PV+/PNN-,37.33753743,6.894898778002857,0.0,0.0,0.0,False,NONE
3440,1845,179,81.03040038,10.157318055940708,1689.0,16.558823529411764,0.0,0.0,0.0,1.3502357850001838,False,True,3155,PV+/PNN-,81.03040038,10.157318055940708,0.0,0.0,0.0,False,NONE
3441,1849,202,79.441569,10.057243516322302,1878.0,18.78,0.0,0.0,0.0,1.429869174300679,False,True,3156,PV+/PNN-,79.441569,10.057243516322302,0.0,0.0,0.0,False,NONE
3442,1850,529,113.60144367,12.026714032504808,1256.0,8.783216783216783,0.0,0.0,0.0,1.3819368050715108,False,True,3157,PV+/PNN-,113.60144367,12.026714032504808,0.0,0.0,0.0,False,NONE
3443,1851,587,103.2740397,11.467021901548332,1174.0,9.03076923076923,0.0,0.0,0.0,1.364468211549039,False,True,3158,PV+/PNN-,103.2740397,11.467021901548332,0.0,0.0,0.0,False,NONE
3444,1850,299,54.81468261,8.354173898786094,827.0,11.985507246376812,0.0,0.0,0.0,1.610336430437576,False,True,3159,PV+/PNN-,54.81468261,8.354173898786094,0.0,0.0,0.0,False,NONE
3445,1852,57,60.37559244,8.767701627645716,1544.0,20.31578947368421,0.0,0.0,0.0,1.3274207703904561,False,True,3160,PV+/PNN-,60.37559244,8.767701627645716,0.0,0.0,0.0,False,NONE
3446,1852,118,59.58117675,8.70982837718145,1713.0,22.84,0.0,0.0,0.0,1.4054079598103097,False,True,3161,PV+/PNN-,59.58117675,8.70982837718145,0.0,0.0,0.0,False,NONE
3447,1856,154,135.84508299,13.151552441468574,3636.0,21.263157894736842,0.0,0.0,0.0,1.4105403500205875,False,True,3162,PV+/PNN-,135.84508299,13.151552441468574,0.0,0.0,0.0,False,NONE
3448,1855,480,90.56338866,10.738197602350779,1012.0,8.87719298245614,0.0,0.0,0.0,1.4200768858842794,False,True,3163,PV+/PNN-,90.56338866,10.738197602350779,0.0,0.0,0.0,False,NONE
3449,1854,2786,53.22585123,8.232208609372499,954.0,14.238805970149254,0.0,0.0,0.0,1.2368899954876933,False,True,3164,PV+/PNN-,53.22585123,8.232208609372499,0.0,0.0,0.0,False,NONE
3450,1855,362,57.19792968,8.533854108523126,813.0,11.291666666666666,0.0,0.0,0.0,1.4433763769148897,False,True,3165,PV+/PNN-,57.19792968,8.533854108523126,0.0,0.0,0.0,False,NONE
3451,1860,236,56.40351399,8.474384017383858,834.0,11.746478873239436,0.0,0.0,0.0,1.455353521108614,False,True,3166,PV+/PNN-,56.40351399,8.474384017383858,0.0,0.0,0.0,False,NONE
3452,1862,131,109.62936522,11.814586030086609,4924.0,35.68115942028985,0.0,0.0,0.0,1.3648648664916214,False,True,3167,PV+/PNN-,109.62936522,11.814586030086609,0.0,0.0,0.0,False,NONE
3453,1864,46,119.95676919,12.358547737957586,3230.0,21.39072847682119,0.0,0.0,0.0,1.3882463290942089,False,True,3168,PV+/PNN-,119.95676919,12.358547737957586,0.0,0.0,0.0,False,NONE
3454,1863,398,119.1623535,12.317557416952052,996.0,6.64,0.0,0.0,0.0,1.6994366996440418,False,True,3169,PV+/PNN-,119.1623535,12.317557416952052,0.0,0.0,0.0,False,NONE
3455,1865,537,139.81716144,13.342441267550265,1507.0,8.5625,0.0,0.0,0.0,1.3717316734699183,False,True,3170,PV+/PNN-,139.81716144,13.342441267550265,0.0,0.0,0.0,False,NONE
3456,1867,115,120.75118488,12.39940255265723,3046.0,20.039473684210527,0.0,0.0,0.0,1.4605529784421072,False,True,3171,PV+/PNN-,120.75118488,12.39940255265723,0.0,0.0,0.0,False,NONE
3457,1867,3,42.89844726,7.390534450171232,2033.0,37.648148148148145,0.0,0.0,0.0,1.3932734403886002,False,True,3172,PV+/PNN-,42.89844726,7.390534450171232,0.0,0.0,0.0,False,NONE
3458,1869,557,105.65728677,11.598579038183399,1260.0,9.473684210526315,0.0,0.0,0.0,1.4317808162624461,False,True,3173,PV+/PNN-,105.65728677,11.598579038183399,0.0,0.0,0.0,False,NONE
3459,1868,567,68.31974934,9.326703948667076,870.0,10.116279069767442,0.0,0.0,0.0,1.459226079358536,False,True,3174,PV+/PNN-,68.31974934,9.326703948667076,0.0,0.0,0.0,False,NONE
3460,1868,388,45.28169433,7.593052342343362,428.0,7.508771929824562,0.0,0.0,0.0,1.5566227402962292,False,True,3175,PV+/PNN-,45.28169433,7.593052342343362,0.0,0.0,0.0,False,NONE
3461,1871,374,77.05832193,9.90523612702942,948.0,9.77319587628866,0.0,0.0,0.0,1.5757270940062957,False,True,3176,PV+/PNN-,77.05832193,9.90523612702942,0.0,0.0,0.0,False,NONE
3462,1870,459,42.104031570000004,7.321783798208037,464.0,8.754716981132075,0.0,0.0,0.0,1.3622197206186228,False,True,3177,PV+/PNN-,42.104031570000004,7.321783798208037,0.0,0.0,0.0,False,NONE
3463,1873,257,88.97455728,10.643586087602236,1371.0,12.241071428571429,0.0,0.0,0.0,1.5149274883240087,False,True,3178,PV+/PNN-,88.97455728,10.643586087602236,0.0,0.0,0.0,False,NONE
3464,1876,38,79.441569,10.057243516322302,2475.0,24.75,0.0,0.0,0.0,1.3320243163392018,False,True,3179,PV+/PNN-,79.441569,10.057243516322302,0.0,0.0,0.0,False,NONE
3465,1878,869,87.3857259,10.548125988120718,2245.0,20.40909090909091,0.0,0.0,0.0,0.9103884511429461,False,True,3180,PV+/PNN-,87.3857259,10.548125988120718,0.0,0.0,0.0,False,NONE
3466,1879,78,112.80702798,11.984588810142046,2354.0,16.577464788732396,0.0,0.0,0.0,1.4903279421682543,False,True,3181,PV+/PNN-,112.80702798,11.984588810142046,0.0,0.0,0.0,False,NONE
3467,1881,370,109.62936522,11.814586030086609,1436.0,10.405797101449275,0.0,0.0,0.0,1.651695971846413,False,True,3182,PV+/PNN-,109.62936522,11.814586030086609,0.0,0.0,0.0,False,NONE
3468,1881,471,128.69534178,12.800781162784691,1588.0,9.802469135802468,0.0,0.0,0.0,1.4243875927519583,False,True,3183,PV+/PNN-,128.69534178,12.800781162784691,0.0,0.0,0.0,False,NONE
3469,1879,942,69.11416503,9.380772250595795,2191.0,25.183908045977013,0.0,0.0,0.0,1.4313772324563026,False,True,3184,PV+/PNN-,69.11416503,9.380772250595795,0.0,0.0,0.0,False,NONE
3470,1887,23,113.60144367,12.026714032504808,3654.0,25.552447552447553,0.0,0.0,0.0,1.4011159730338687,False,True,3185,PV+/PNN-,113.60144367,12.026714032504808,0.0,0.0,0.0,False,NONE
3471,1889,230,73.08624348000001,9.646569098642193,1152.0,12.521739130434783,0.0,0.0,0.0,1.5308401690283826,False,True,3186,PV+/PNN-,73.08624348000001,9.646569098642193,0.0,0.0,0.0,False,NONE
3472,1893,132,112.01261229,11.942314996545514,1686.0,11.957446808510639,0.0,0.0,0.0,1.5287601920909943,False,True,3187,PV+/PNN-,112.01261229,11.942314996545514,0.0,0.0,0.0,False,NONE
3473,1892,116,85.00247883,10.403293586497956,1614.0,15.08411214953271,0.0,0.0,0.0,1.377198935339966,False,True,3188,PV+/PNN-,85.00247883,10.403293586497956,0.0,0.0,0.0,False,NONE
3474,1892,345,86.59131021,10.500070494515816,958.0,8.788990825688073,0.0,0.0,0.0,1.6103462861605378,False,True,3189,PV+/PNN-,86.59131021,10.500070494515816,0.0,0.0,0.0,False,NONE
3475,1890,931,43.69286295,7.4586514150102134,1494.0,27.163636363636364,0.0,0.0,0.0,1.0768325277027595,False,True,3190,PV+/PNN-,43.69286295,7.4586514150102134,0.0,0.0,0.0,False,NONE
3476,1894,357,100.09637694,11.289227848029503,1213.0,9.626984126984127,0.0,0.0,0.0,1.5195602940986999,False,True,3191,PV+/PNN-,100.09637694,11.289227848029503,0.0,0.0,0.0,False,NONE
3477,1894,482,104.86287108,11.554893086200376,1017.0,7.704545454545454,0.0,0.0,0.0,1.584138798836819,False,True,3192,PV+/PNN-,104.86287108,11.554893086200376,0.0,0.0,0.0,False,NONE
3478,1893,893,70.70299641,9.487984557348323,2039.0,22.910112359550563,0.0,0.0,0.0,0.9619578732167707,False,True,3193,PV+/PNN-,70.70299641,9.487984557348323,0.0,0.0,0.0,False,NONE
3479,1896,86,111.2181966,11.899891008124815,1812.0,12.942857142857143,0.0,0.0,0.0,1.4671434059050514,False,True,3194,PV+/PNN-,111.2181966,11.899891008124815,0.0,0.0,0.0,False,NONE
3480,1897,391,129.48975747,12.84022896403991,1365.0,8.374233128834355,0.0,0.0,0.0,1.5502561851211933,False,True,3195,PV+/PNN-,129.48975747,12.84022896403991,0.0,0.0,0.0,False,NONE
3481,1894,685,65.14208658,9.10722134683339,1714.0,20.902439024390244,0.0,0.0,0.0,1.0223811377903804,False,True,3196,PV+/PNN-,65.14208658,9.10722134683339,0.0,0.0,0.0,False,NONE
3482,1898,4,89.76897297000001,10.690996505268625,2745.0,24.292035398230087,0.0,0.0,0.0,1.4418275529587492,False,True,3197,PV+/PNN-,89.76897297000001,10.690996505268625,0.0,0.0,0.0,False,NONE
3483,1898,452,123.92884764,12.56149312576761,1210.0,7.756410256410256,0.0,0.0,0.0,1.419301625538717,False,True,3198,PV+/PNN-,123.92884764,12.56149312576761,0.0,0.0,0.0,False,NONE
3484,1901,508,129.48975747,12.84022896403991,1191.0,7.306748466257669,0.0,0.0,0.0,1.646209266687803,False,True,3199,PV+/PNN-,129.48975747,12.84022896403991,0.0,0.0,0.0,False,NONE
3485,1900,467,135.05066730000001,13.113041224263421,1142.0,6.7176470588235295,0.0,0.0,0.0,1.5492102510567232,False,True,3200,PV+/PNN-,135.05066730000001,13.113041224263421,0.0,0.0,0.0,False,NONE
3486,1904,180,187.48210284,15.45023065413564,4789.0,20.29237288135593,0.0,0.0,0.0,1.566359484636258,False,True,3201,PV+/PNN-,187.48210284,15.45023065413564,0.0,0.0,0.0,False,NONE
3487,1908,2042,333.6545898,20.611215830604205,10124.0,24.104761904761904,0.0,0.0,0.0,2.087321672277041,False,True,3202,PV+/PNN-,333.6545898,20.611215830604205,0.0,0.0,0.0,False,NONE
3488,1903,886,80.23598469,10.107404643036364,1953.0,19.336633663366335,0.0,0.0,0.0,1.0788474437696638,False,True,3203,PV+/PNN-,80.23598469,10.107404643036364,0.0,0.0,0.0,False,NONE
3489,1910,15,105.65728677,11.598579038183399,1865.0,14.022556390977444,0.0,0.0,0.0,1.3303467529849977,False,True,3204,PV+/PNN-,105.65728677,11.598579038183399,0.0,0.0,0.0,False,NONE
3490,1912,493,118.36793781,12.276430232296539,969.0,6.503355704697986,0.0,0.0,0.0,1.501899665373703,False,True,3205,PV+/PNN-,118.36793781,12.276430232296539,0.0,0.0,0.0,False,NONE
3491,1913,275,88.97455728,10.643586087602236,906.0,8.089285714285714,0.0,0.0,0.0,1.5817722573588384,False,True,3206,PV+/PNN-,88.97455728,10.643586087602236,0.0,0.0,0.0,False,NONE
3492,1917,139,132.66742023,12.996822909266468,1714.0,10.263473053892216,0.0,0.0,0.0,1.4687381373368182,False,True,3207,PV+/PNN-,132.66742023,12.996822909266468,0.0,0.0,0.0,False,NONE
3493,1915,445,82.61923176,10.256416188536388,783.0,7.528846153846154,0.0,0.0,0.0,1.4162130883555895,False,True,3208,PV+/PNN-,82.61923176,10.256416188536388,0.0,0.0,0.0,False,NONE
3494,1919,333,119.95676919,12.358547737957586,1269.0,8.403973509933774,0.0,0.0,0.0,1.5566227402962292,False,True,3209,PV+/PNN-,119.95676919,12.358547737957586,0.0,0.0,0.0,False,NONE
3495,1919,427,70.70299641,9.487984557348323,724.0,8.134831460674157,0.0,0.0,0.0,1.4575119291163194,False,True,3210,PV+/PNN-,70.70299641,9.487984557348323,0.0,0.0,0.0,False,NONE
3496,1921,45,89.76897297000001,10.690996505268625,1523.0,13.47787610619469,0.0,0.0,0.0,1.3440876505971233,False,True,3211,PV+/PNN-,89.76897297000001,10.690996505268625,0.0,0.0,0.0,False,NONE
3497,1923,123,92.15222004,10.83198276817611,1120.0,9.655172413793103,0.0,0.0,0.0,1.3815346323975564,False,True,3212,PV+/PNN-,92.15222004,10.83198276817611,0.0,0.0,0.0,False,NONE
3498,1925,77,122.34001626,12.48071098158173,1675.0,10.876623376623376,0.0,0.0,0.0,1.3535012819149648,False,True,3213,PV+/PNN-,122.34001626,12.48071098158173,0.0,0.0,0.0,False,NONE
3499,1925,244,57.99234537,8.592912627102823,640.0,8.767123287671232,0.0,0.0,0.0,1.5271758652351786,False,True,3214,PV+/PNN-,57.99234537,8.592912627102823,0.0,0.0,0.0,False,NONE
3500,1928,287,96.12429849,11.062967867954534,1317.0,10.884297520661157,0.0,0.0,0.0,1.5658117765435506,False,True,3215,PV+/PNN-,96.12429849,11.062967867954534,0.0,0.0,0.0,False,NONE
3501,1930,34,57.99234537,8.592912627102823,928.0,12.712328767123287,0.0,0.0,0.0,1.3312018346564622,False,True,3216,PV+/PNN-,57.99234537,8.592912627102823,0.0,0.0,0.0,False,NONE
3502,1932,61,91.35780435,10.78519212710641,2252.0,19.582608695652173,0.0,0.0,0.0,1.3735664842945192,False,True,3217,PV+/PNN-,91.35780435,10.78519212710641,0.0,0.0,0.0,False,NONE
3503,1932,232,118.36793781,12.276430232296539,991.0,6.651006711409396,0.0,0.0,0.0,1.558612670293412,False,True,3218,PV+/PNN-,118.36793781,12.276430232296539,0.0,0.0,0.0,False,NONE
3504,1935,410,175.56586749,14.951167352217068,1298.0,5.873303167420814,0.0,0.0,0.0,1.7447859286836855,False,True,3219,PV+/PNN-,175.56586749,14.951167352217068,0.0,0.0,0.0,False,NONE
3505,1938,212,121.54560057,12.440123196106569,1322.0,8.640522875816993,0.0,0.0,0.0,1.619120198590102,False,True,3220,PV+/PNN-,121.54560057,12.440123196106569,0.0,0.0,0.0,False,NONE
3506,1936,475,99.30196125,11.244340084382843,1450.0,11.6,0.0,0.0,0.0,1.27909914316913,False,True,3221,PV+/PNN-,99.30196125,11.244340084382843,0.0,0.0,0.0,False,NONE
3507,1940,81,112.01261229,11.942314996545514,2198.0,15.588652482269504,0.0,0.0,0.0,1.5214002736971588,False,True,3222,PV+/PNN-,112.01261229,11.942314996545514,0.0,0.0,0.0,False,NONE
3508,1940,165,87.3857259,10.548125988120718,1032.0,9.381818181818181,0.0,0.0,0.0,1.5148432554917417,False,True,3223,PV+/PNN-,87.3857259,10.548125988120718,0.0,0.0,0.0,False,NONE
3509,1942,103,27.80454915,5.949945504062407,334.0,9.542857142857143,0.0,0.0,0.0,1.4803799938327404,False,True,3224,PV+/PNN-,27.80454915,5.949945504062407,0.0,0.0,0.0,False,NONE
