label,centroid_y,centroid_x,area_um2,diameter_um,wfa_sum_intensity,is_pnn_plus,is_pv_plus
1,424.56852791878174,987.6345177664974,83.2325,10.294411610537507,8607.0,True,True
2,547.6496350364963,406.3138686131387,57.88250000000001,8.584770698634475,4572.0,False,True
3,733.1927710843373,396.73493975903614,70.135,9.449796583524995,3047.0,False,True
4,896.3414634146342,535.1910569105692,103.93500000000002,11.50365820433001,10100.0,True,True
5,899.0,486.76777251184836,89.14750000000001,10.653925206902757,8566.0,True,True
6,906.55,443.32307692307694,109.85000000000001,11.826468787814798,3824.0,False,True
7,931.8412698412699,84.25925925925925,79.8525,10.0832217443615,1348.0,False,True
8,953.8888888888889,457.2962962962963,91.26,10.779417463505668,1663.0,False,True
9,992.219512195122,471.9065040650407,103.93500000000002,11.50365820433001,1784.0,False,True
