label,centroid_y,centroid_x,area_um2,diameter_um,wfa_sum_intensity,is_pnn_plus,is_pv_plus
1,861.6936936936937,396.14414414414415,46.89750000000001,7.727337934192946,2006.0,False,True
2,870.3764705882353,417.4823529411765,71.825,9.562971834142516,8158.0,True,True
3,987.582995951417,811.578947368421,104.35750000000002,11.5270159100133,3041.0,False,True
