label,centroid_y,centroid_x,area_um2,diameter_um,wfa_sum_intensity,wfa_mean_intensity,wfa_pericellular_intensity,wfa_intensity_norm,wfa_pericellular_norm,pv_intensity_norm,is_pnn_plus,is_pv_plus,pv_label,cell_type,pv_area_um2,pv_diameter_um,pnn_area_um2,pnn_diameter_um,score,is_in_roi,roi_region
1,289,367,296.31705237,19.42376350908454,36541.0,97.9651474530831,73.5,3.1931460334414914,2.3957115316990563,1.3110153598644212,True,False,-1,PV-/PNN+,0.0,0.0,296.31705237,19.42376350908454,1.4408689737319946,False,NONE
2,511,270,296.31705237,19.42376350908454,64329.0,172.46380697050938,159.94354838709677,5.6214085872104675,5.213314330501139,1.8878983091049697,True,True,417,PV+/PNN+,182.7156087,15.252564978953412,296.31705237,19.42376350908454,3.124593496322632,False,NONE
3,275,176,296.31705237,19.42376350908454,64336.0,172.48257372654155,131.44354838709677,5.6220202842694995,4.284364961066811,1.126803677829641,True,False,-1,PV-/PNN+,0.0,0.0,296.31705237,19.42376350908454,2.22806453704834,False,NONE
4,529,369,296.31705237,19.42376350908454,48188.0,129.19034852546918,88.62096774193549,4.2109225543766895,2.8885751614923114,1.4503503256471133,True,True,452,PV+/PNN+,131.07858885,12.918763206743188,296.31705237,19.42376350908454,3.1405017375946045,False,NONE
5,433,111,296.31705237,19.42376350908454,46620.0,124.98659517426273,106.96774193548387,4.073902413153507,3.486583032308128,1.3104724963613719,True,False,-1,PV-/PNN+,0.0,0.0,296.31705237,19.42376350908454,1.6635254621505737,False,NONE
6,343,375,296.31705237,19.42376350908454,25201.0,67.56300268096514,58.75806451612903,2.202196797809557,1.9152023502259516,1.533046532611646,True,True,113,PV+/PNN+,122.34001626,12.48071098158173,296.31705237,19.42376350908454,2.260955572128296,False,NONE
7,547,150,296.31705237,19.42376350908454,51523.0,138.1313672922252,141.23387096774192,4.502352510358391,4.603477732570283,1.6855911769685417,True,True,499,PV+/PNN+,166.8272949,14.574330482319754,296.31705237,19.42376350908454,2.096147298812866,False,NONE
8,567,277,296.31705237,19.42376350908454,47771.0,128.07238605898124,149.04032258064515,4.1744828867172075,4.8579267958448815,2.061433675579777,True,True,539,PV+/PNN+,197.80950681,15.870062583211556,296.31705237,19.42376350908454,3.069517135620117,False,NONE
9,396,413,296.31705237,19.42376350908454,24388.0,65.38337801608579,46.03225806451613,2.1311525536676905,1.5004083193919477,1.311739177868487,True,True,207,PV+/PNN+,65.93650227,9.1625849044734,296.31705237,19.42376350908454,0.7410447597503662,False,NONE
10,431,331,296.31705237,19.42376350908454,23511.0,63.03217158176944,55.58870967741935,2.054515650700389,1.8118981334212851,1.8918793081273324,True,True,265,PV+/PNN+,154.11664386,14.008119269352957,296.31705237,19.42376350908454,1.8814994096755981,False,NONE
11,387,177,296.31705237,19.42376350908454,31960.0,85.68364611260054,71.33870967741936,2.7928340009520833,2.32526489021394,1.021488158238048,True,False,-1,PV-/PNN+,0.0,0.0,296.31705237,19.42376350908454,1.072164535522461,False,NONE
12,530,475,296.31705237,19.42376350908454,27583.0,73.94906166219839,85.31451612903226,2.4103485684687516,2.7808023144441862,1.718343941652525,True,False,-1,PV-/PNN+,0.0,0.0,296.31705237,19.42376350908454,2.1765153408050537,False,NONE
13,320,180,296.31705237,19.42376350908454,27656.0,74.14477211796246,61.685483870967744,2.4167276949415144,2.010620748953926,1.5234559440577724,True,True,79,PV+/PNN+,139.81716144,13.342441267550267,296.31705237,19.42376350908454,1.2995351552963257,False,NONE
14,390,216,296.31705237,19.42376350908454,36439.0,97.6916890080429,95.88709677419355,3.184232733438453,3.1254125643956305,1.2237952903744762,True,False,-1,PV-/PNN+,0.0,0.0,296.31705237,19.42376350908454,1.889442801475525,False,NONE
15,484,158,296.31705237,19.42376350908454,35713.0,95.74530831099196,85.25,3.1207910098874136,2.7786994296237353,1.9309654803468927,True,True,367,PV+/PNN+,166.03287921,14.539588286344586,296.31705237,19.42376350908454,0.9434822797775269,False,NONE
16,495,541,296.31705237,19.42376350908454,14653.0,39.284182305630026,35.516129032258064,1.2804567151423927,1.1576380936583983,1.7340869832409591,True,True,392,PV+/PNN+,88.97455728,10.643586087602236,296.31705237,19.42376350908454,0.23330576717853546,False,NONE
17,522,27,296.31705237,19.42376350908454,39027.0,104.63002680965147,92.86290322580645,3.4103858746920195,3.0268398384369792,1.529970306094366,True,True,440,PV+/PNN+,142.9948242,13.493208101259413,296.31705237,19.42376350908454,0.8358359932899475,False,NONE
18,545,293,296.31705237,19.42376350908454,28837.0,77.31099195710456,78.08870967741936,2.5199297273296377,2.5452792145536494,2.127301113949777,True,True,491,PV+/PNN+,189.86534991,15.548121162390997,296.31705237,19.42376350908454,1.212612509727478,False,NONE
19,560,14,296.31705237,19.42376350908454,26805.0,71.8632707774799,71.74193548387096,2.342362809622046,2.33840792034176,1.2283191528998882,True,False,-1,PV-/PNN+,0.0,0.0,296.31705237,19.42376350908454,0.11689324676990509,False,NONE
20,314,346,296.31705237,19.42376350908454,19143.0,51.32171581769437,65.73387096774194,1.6728166858643843,2.14257677143724,1.2391764229608775,True,False,-1,PV-/PNN+,0.0,0.0,296.31705237,19.42376350908454,0.15194647014141083,False,NONE
21,553,397,296.31705237,19.42376350908454,16269.0,43.61662198391421,47.29032258064516,1.4216713504846508,1.5414145733907465,1.4964937234063165,True,False,-1,PV-/PNN+,0.0,0.0,296.31705237,19.42376350908454,0.059866245836019516,False,NONE
22,533,908,296.31705237,19.42376350908454,52229.0,140.0241286863271,107.50806451612904,4.5640465280264815,3.504194692679407,1.2008140687453828,True,False,-1,PV-/PNN+,0.0,0.0,296.31705237,19.42376350908454,2.2856948375701904,False,NONE
23,422,689,296.31705237,19.42376350908454,21523.0,57.702412868632706,41.91129032258065,1.880793685935284,1.366086551485626,1.27916736768552,True,False,-1,PV-/PNN+,0.0,0.0,296.31705237,19.42376350908454,1.0759462118148804,False,NONE
24,380,698,296.31705237,19.42376350908454,16231.0,43.51474530831099,34.41935483870968,1.4183507093070482,1.1218890517107276,1.55548489073769,True,True,176,PV+/PNN+,113.60144367,12.026714032504806,296.31705237,19.42376350908454,0.7103510499000549,False,NONE
25,497,679,296.31705237,19.42376350908454,23951.0,64.21179624664879,51.645161290322584,2.092965180125261,1.6833592987712043,1.2885770017383773,True,False,-1,PV-/PNN+,0.0,0.0,296.31705237,19.42376350908454,0.7668161392211914,False,NONE
26,544,665,296.31705237,19.42376350908454,20490.0,54.93297587131367,42.96774193548387,1.790524677080982,1.4005212904205147,1.4930555878870033,True,True,488,PV+/PNN+,81.03040038,10.15731805594071,296.31705237,19.42376350908454,1.0400317907333374,False,NONE
27,497,1072,296.31705237,19.42376350908454,17192.0,46.0911528150134,38.36290322580645,1.502327976982735,1.2504278863608085,1.280253094691619,True,False,-1,PV-/PNN+,0.0,0.0,296.31705237,19.42376350908454,1.73410964012146,False,NONE
28,389,772,296.31705237,19.42376350908454,12026.0,32.24128686327078,28.024193548387096,1.050895547417076,0.9134405938835001,1.5093414929784867,True,True,187,PV+/PNN+,142.9948242,13.493208101259413,296.31705237,19.42376350908454,0.8811919689178467,False,NONE
29,526,1023,296.31705237,19.42376350908454,28510.0,76.4343163538874,63.75806451612903,2.4913547361434256,2.0781759238109214,1.4071021999041737,True,False,-1,PV-/PNN+,0.0,0.0,296.31705237,19.42376350908454,1.0708667039871216,False,NONE
30,518,962,296.31705237,19.42376350908454,22413.0,60.088471849865954,49.28225806451613,1.958566597726503,1.606341142222178,1.2777197316773883,True,True,443,PV+/PNN+,38.92636881,7.040070461425612,296.31705237,19.42376350908454,0.6192667484283447,False,NONE
31,541,789,296.31705237,19.42376350908454,27887.0,74.76407506702412,65.79838709677419,2.4369136978895725,2.1446796562576913,1.7197915776606567,True,True,478,PV+/PNN+,94.53546711,10.971157418634661,296.31705237,19.42376350908454,0.40789371728897095,False,NONE
32,370,1257,296.31705237,19.42376350908454,13893.0,37.24664879356568,30.048387096774192,1.2140438915903407,0.9794186051251572,1.4208547419814264,True,False,-1,PV-/PNN+,0.0,0.0,296.31705237,19.42376350908454,0.2765783667564392,False,NONE
33,378,1408,296.31705237,19.42376350908454,13763.0,36.898123324396785,28.701612903225808,1.202683803351174,0.935520884498238,1.7643063849107117,True,True,174,PV+/PNN+,163.64963214,14.434859996619657,296.31705237,19.42376350908454,1.294596791267395,False,NONE
34,509,1475,296.31705237,19.42376350908454,20848.0,55.892761394101875,37.483870967741936,1.8218086123857642,1.2217760806821607,1.825830915256316,True,True,416,PV+/PNN+,114.39585936,12.068692219586765,296.31705237,19.42376350908454,1.2519336938858032,False,NONE
35,546,1215,296.31705237,19.42376350908454,28566.0,76.58445040214477,70.74193548387096,2.4962483126156823,2.305813205624766,1.4597599596999704,True,False,-1,PV-/PNN+,0.0,0.0,296.31705237,19.42376350908454,1.2061824798583984,False,NONE
36,488,1906,296.31705237,19.42376350908454,14914.0,39.983914209115284,30.06451612903226,1.303264276914874,0.9799443263302701,1.3200630849152453,True,True,386,PV+/PNN+,203.37041664,16.091589626115688,296.31705237,19.42376350908454,0.730465292930603,False,NONE
37,894,129,296.31705237,19.42376350908454,73120.0,196.03217158176943,206.2741935483871,6.389612708060585,6.723448492187674,1.3549873036114266,True,False,-1,PV-/PNN+,0.0,0.0,296.31705237,19.42376350908454,2.6851110458374023,False,NONE
38,1134,99,296.31705237,19.42376350908454,63601.0,170.51206434316353,176.04032258064515,5.557792093071133,5.7379840932037185,1.2391764229608775,True,False,-1,PV-/PNN+,0.0,0.0,296.31705237,19.42376350908454,2.6435670852661133,False,NONE
39,1022,314,296.31705237,19.42376350908454,25857.0,69.32171581769437,64.73387096774194,2.2595215507702755,2.1099820567202463,1.214023747319586,True,True,1652,PV+/PNN+,112.01261229,11.942314996545516,296.31705237,19.42376350908454,2.371000051498413,False,NONE
40,1016,512,296.31705237,19.42376350908454,19799.0,53.080428954423596,39.354838709677416,1.730141438825103,1.282759740475246,1.3493777140799157,True,True,1633,PV+/PNN+,110.42378091,11.857315232959937,296.31705237,19.42376350908454,2.385876417160034,False,NONE
41,940,195,296.31705237,19.42376350908454,53303.0,142.9034852546917,153.01612903225808,4.657898333940829,4.987517072905189,1.1501468084607676,True,False,-1,PV-/PNN+,0.0,0.0,296.31705237,19.42376350908454,3.054098129272461,False,NONE
42,957,29,296.31705237,19.42376350908454,46525.0,124.73190348525469,120.36290322580645,4.065600810209501,3.923194493154313,1.221442881861262,True,True,1497,PV+/PNN+,108.83494953,11.77170172875832,296.31705237,19.42376350908454,2.6835684776306152,False,NONE
43,711,283,296.31705237,19.42376350908454,57329.0,153.6970509383378,138.6209677419355,5.00971152817841,4.518310897342009,1.403483109883844,True,False,-1,PV-/PNN+,0.0,0.0,296.31705237,19.42376350908454,2.472217082977295,False,NONE
44,703,529,296.31705237,19.42376350908454,47442.0,127.19034852546918,93.54032258064517,4.145733124942701,3.0489201290517176,1.7054961720803548,True,True,877,PV+/PNN+,75.46949055,9.802588422925686,296.31705237,19.42376350908454,2.7767670154571533,False,NONE
45,1117,256,296.31705237,19.42376350908454,36309.0,97.343163538874,83.25806451612904,3.172872645199286,2.7137728607923037,1.1369371298865643,True,False,-1,PV-/PNN+,0.0,0.0,296.31705237,19.42376350908454,2.3037030696868896,False,NONE
46,721,175,296.31705237,19.42376350908454,66616.0,178.5951742627346,190.75,5.821258754925656,6.217441832266598,1.917574847271673,True,True,911,PV+/PNN+,237.53029131,17.39059975873043,296.31705237,19.42376350908454,2.157543420791626,False,NONE
47,780,140,296.31705237,19.42376350908454,71805.0,192.50670241286863,170.21774193548387,6.274701046256706,5.548198738157996,1.25962428157574,True,False,-1,PV-/PNN+,0.0,0.0,296.31705237,19.42376350908454,1.955438494682312,False,NONE
48,843,306,296.31705237,19.42376350908454,62568.0,167.7426273458445,161.29032258064515,5.467523084216832,5.257212051128058,1.7310107567236788,True,True,1227,PV+/PNN+,185.89327146,15.384624282804582,296.31705237,19.42376350908454,2.6899709701538086,False,NONE
49,901,59,296.31705237,19.42376350908454,48797.0,130.8230563002681,120.55645161290323,4.264140198512478,3.929503147615667,1.4977604049134319,True,True,1395,PV+/PNN+,96.91871418,11.10858854755457,296.31705237,19.42376350908454,2.6426093578338623,False,NONE
50,948,99,296.31705237,19.42376350908454,43442.0,116.46648793565684,103.60483870967742,3.796191948352954,3.376970161042108,1.5399228036502726,True,True,1480,PV+/PNN+,178.74353025,15.085865274483455,296.31705237,19.42376350908454,1.6968601942062378,False,NONE
51,929,329,296.31705237,19.42376350908454,25609.0,68.656836461126,63.41935483870968,2.2378499978217112,2.0671357785035527,1.199004523735218,True,True,1452,PV+/PNN+,85.79689452,10.45179405261774,296.31705237,19.42376350908454,2.1314332485198975,False,NONE
52,802,382,296.31705237,19.42376350908454,26975.0,72.31903485254692,60.064516129032256,2.35721830962711,1.9577857678400887,1.4503503256471133,True,True,1126,PV+/PNN+,122.34001626,12.48071098158173,296.31705237,19.42376350908454,1.5966044664382935,False,NONE
53,660,447,296.31705237,19.42376350908454,23069.0,61.847184986595174,48.483870967741936,2.015891350687222,1.5803179425690943,1.52255117155269,True,True,780,PV+/PNN+,69.11416503,9.380772250595795,296.31705237,19.42376350908454,1.3574860095977783,False,NONE
54,649,258,296.31705237,19.42376350908454,41377.0,110.93029490616622,100.7741935483871,3.6157413159384966,3.284706089544811,1.7424108902877173,True,True,750,PV+/PNN+,122.34001626,12.48071098158173,296.31705237,19.42376350908454,1.6772719621658325,False,NONE
55,970,409,296.31705237,19.42376350908454,15258.0,40.90616621983914,28.10483870967742,1.3333248181015922,0.9160691999090641,0.9970593006008227,True,False,-1,PV-/PNN+,0.0,0.0,296.31705237,19.42376350908454,0.8466720581054688,False,NONE
56,770,333,296.31705237,19.42376350908454,27895.0,74.78552278820375,76.95161290322581,2.437612780242752,2.5082158695931964,1.4116260624295858,True,True,1051,PV+/PNN+,99.30196125,11.244340084382843,296.31705237,19.42376350908454,2.0412518978118896,False,NONE
57,986,295,296.31705237,19.42376350908454,28088.0,75.3029490616622,66.36290322580645,2.4544781420132074,2.1630798984366395,1.4309881940383495,True,True,1560,PV+/PNN+,193.04301267,15.67769107892661,296.31705237,19.42376350908454,1.580391764640808,False,NONE
58,873,278,296.31705237,19.42376350908454,45055.0,120.79088471849866,97.00806451612904,3.937144427812769,3.161950188150971,1.4762268192924703,True,True,1327,PV+/PNN+,190.65976560000001,15.580614658987523,296.31705237,19.42376350908454,1.6571736335754395,False,NONE
59,717,235,296.31705237,19.42376350908454,45164.0,121.08310991957104,109.5241935483871,3.9466694248748397,3.569909843318508,1.7413251632816182,True,True,914,PV+/PNN+,170.79937335,14.746813769937054,296.31705237,19.42376350908454,1.7497268915176392,False,NONE
60,684,383,296.31705237,19.42376350908454,22803.0,61.134048257372655,54.29838709677419,1.9926468624440035,1.7698404370122607,1.4320739210444484,True,True,838,PV+/PNN+,127.90092609,12.761211420003875,296.31705237,19.42376350908454,0.07231253385543823,False,NONE
61,1035,98,296.31705237,19.42376350908454,88554.0,237.4101876675603,234.49193548387098,7.738317337932126,7.6431977405325275,1.079574553064339,True,False,-1,PV-/PNN+,0.0,0.0,296.31705237,19.42376350908454,1.063171625137329,False,NONE
62,1018,124,296.31705237,19.42376350908454,61366.0,164.5201072386059,158.04032258064515,5.362485960651612,5.1512792282978275,1.0826507795816194,True,True,1646,PV+/PNN+,86.59131021,10.500070494515818,296.31705237,19.42376350908454,0.4026409983634949,False,NONE
63,672,82,296.31705237,19.42376350908454,42679.0,114.42091152815013,73.6774193548387,3.7295169689184586,2.401494464955297,1.5410085306563712,True,True,805,PV+/PNN+,147.76131834,13.716251444643651,296.31705237,19.42376350908454,0.7462559342384338,False,NONE
64,701,494,296.31705237,19.42376350908454,20814.0,55.80160857908847,50.04838709677419,1.8188375123847516,1.6313128994650363,1.507170038966289,True,True,876,PV+/PNN+,87.3857259,10.54812598812072,296.31705237,19.42376350908454,0.1315639317035675,False,NONE
65,842,275,296.31705237,19.42376350908454,49666.0,133.15281501340482,112.50806451612904,4.3400780191266,3.667168266264377,1.3812257062588167,True,False,-1,PV-/PNN+,0.0,0.0,296.31705237,19.42376350908454,1.7879546880722046,False,NONE
66,744,245,296.31705237,19.42376350908454,34040.0,91.26005361930295,88.05645161290323,2.974595412778752,2.8701749193133637,1.9385655693895851,True,True,964,PV+/PNN+,213.69782061,16.495105814282397,296.31705237,19.42376350908454,0.7399912476539612,False,NONE
67,885,723,296.31705237,19.42376350908454,41830.0,112.14477211796246,76.10483870967742,3.655326854187285,2.4806155063247743,1.3602349841409047,True,False,-1,PV-/PNN+,0.0,0.0,296.31705237,19.42376350908454,2.2443490028381348,False,NONE
68,948,960,296.31705237,19.42376350908454,42416.0,113.71581769436997,113.59677419354838,3.706534636557683,3.702654447609491,1.1950235247128553,True,False,-1,PV-/PNN+,0.0,0.0,296.31705237,19.42376350908454,2.778949737548828,False,NONE
69,1049,932,296.31705237,19.42376350908454,48756.0,130.71313672922253,95.79032258064517,4.2605574014524334,3.122258237164954,1.1452610369333225,True,False,-1,PV-/PNN+,0.0,0.0,296.31705237,19.42376350908454,1.3882684707641602,False,NONE
70,731,821,296.31705237,19.42376350908454,48687.0,130.52815013404825,88.29838709677419,4.254527816156259,2.8780607373900553,1.3738065717171408,True,True,951,PV+/PNN+,48.45935709,7.8549582913870575,296.31705237,19.42376350908454,2.1867668628692627,False,NONE
71,810,954,296.31705237,19.42376350908454,39915.0,107.0107238605898,91.70161290322581,3.487984015894943,2.9889879116688576,1.5811804298820304,True,True,1136,PV+/PNN+,308.23328772,19.810472254058844,296.31705237,19.42376350908454,2.1228392124176025,False,NONE
72,1111,755,296.31705237,19.42376350908454,13728.0,36.80428954423593,32.66129032258065,1.1996253180560137,1.0645854403534318,1.3520920315951628,True,True,1866,PV+/PNN+,120.75118488,12.39940255265723,296.31705237,19.42376350908454,1.5697630643844604,False,NONE
73,642,723,296.31705237,19.42376350908454,64280.0,172.33243967828417,133.2258064516129,5.617126707797243,4.342457154231775,1.5325036691085967,True,True,716,PV+/PNN+,135.05066730000001,13.113041224263421,296.31705237,19.42376350908454,2.221177339553833,False,NONE
74,1027,786,296.31705237,19.42376350908454,20169.0,54.07238605898123,42.233870967741936,1.7624739976596546,1.376600975587882,1.2089570212911247,True,True,1671,PV+/PNN+,92.94663573,10.878572156378345,296.31705237,19.42376350908454,1.334616780281067,False,NONE
75,880,1014,296.31705237,19.42376350908454,59664.0,159.95710455764075,119.79032258064517,5.213756190012674,3.9045313903728087,1.383216205769998,True,True,1336,PV+/PNN+,88.18014159,10.595963539609496,296.31705237,19.42376350908454,2.0899341106414795,False,NONE
76,813,640,296.31705237,19.42376350908454,18579.0,49.80965147453083,41.604838709677416,1.62353137996523,1.3560978485884825,1.7290202572124975,True,True,1153,PV+/PNN+,158.883138,14.223090180871878,296.31705237,19.42376350908454,1.963139295578003,False,NONE
77,1082,671,296.31705237,19.42376350908454,15354.0,41.16353887399464,37.20161290322581,1.341713806339746,1.2125759595926866,1.5214654445465912,True,True,1797,PV+/PNN+,149.35014972,13.789797556005714,296.31705237,19.42376350908454,1.1709058284759521,False,NONE
78,1011,881,296.31705237,19.42376350908454,30085.0,80.656836461126,61.54838709677419,2.628986574425639,2.006152118710467,1.0261929752644765,True,False,-1,PV-/PNN+,0.0,0.0,296.31705237,19.42376350908454,2.4205033779144287,False,NONE
79,698,800,296.31705237,19.42376350908454,30612.0,82.06970509383378,61.104838709677416,2.675038624441338,1.9916947855698648,1.3262155379498057,True,False,-1,PV-/PNN+,0.0,0.0,296.31705237,19.42376350908454,1.8246434926986694,False,NONE
80,1127,827,296.31705237,19.42376350908454,14099.0,37.79892761394102,30.588709677419356,1.2320452621847127,0.9970302654964363,1.172766121087828,True,False,-1,PV-/PNN+,0.0,0.0,296.31705237,19.42376350908454,1.1067955493927002,False,NONE
81,957,1068,296.31705237,19.42376350908454,47492.0,127.32439678284182,113.33064516129032,4.150102389650073,3.69398004772513,1.4677219577446956,True,True,1494,PV+/PNN+,136.63949868,13.18995121644368,296.31705237,19.42376350908454,1.0169405937194824,False,NONE
82,888,896,296.31705237,19.42376350908454,30863.0,82.74262734584451,55.74193548387097,2.696972333272345,1.8168924848698569,1.4720648657690913,True,True,1357,PV+/PNN+,88.18014159,10.595963539609496,296.31705237,19.42376350908454,1.2311750650405884,False,NONE
83,895,639,296.31705237,19.42376350908454,26970.0,72.30563002680965,63.403225806451616,2.356781383156373,2.0666100572984396,1.831440504787827,True,True,1366,PV+/PNN+,131.07858885,12.918763206743188,296.31705237,19.42376350908454,0.2568149268627167,False,NONE
84,876,783,296.31705237,19.42376350908454,21957.0,58.865951742627345,51.903225806451616,1.9187189035952719,1.6917708380530092,1.4096355629184045,True,True,1321,PV+/PNN+,119.95676919,12.358547737957588,296.31705237,19.42376350908454,0.7761059999465942,False,NONE
85,1021,1041,296.31705237,19.42376350908454,25697.0,68.89276139410188,59.70161290322581,2.245539903706686,1.9459570407250508,1.2505765565249156,True,True,1651,PV+/PNN+,93.74105142,10.924962866435578,296.31705237,19.42376350908454,0.4832763373851776,False,NONE
86,670,1029,296.31705237,19.42376350908454,56503.0,151.48257372654155,92.13709677419355,4.937531275212626,3.0031823842069034,1.6642385458485964,True,True,800,PV+/PNN+,89.76897297000001,10.690996505268624,296.31705237,19.42376350908454,1.708616852760315,False,NONE
87,744,761,296.31705237,19.42376350908454,25326.0,67.89812332439678,50.66935483870968,2.2131199595779867,1.6515531658618796,1.544989529678734,True,True,974,PV+/PNN+,107.24611815,11.68546099424064,296.31705237,19.42376350908454,1.4045380353927612,False,NONE
88,854,802,296.31705237,19.42376350908454,18757.0,50.28686327077748,53.564516129032256,1.6390859623234737,1.745920122179628,1.3365299445077454,True,False,-1,PV-/PNN+,0.0,0.0,296.31705237,19.42376350908454,1.7472342252731323,False,NONE
89,648,752,296.31705237,19.42376350908454,34093.0,91.40214477211796,63.854838709677416,2.979226833368566,2.081330251041598,1.4309881940383495,True,True,746,PV+/PNN+,93.74105142,10.924962866435578,296.31705237,19.42376350908454,1.1895803213119507,False,NONE
90,885,978,296.31705237,19.42376350908454,29776.0,79.828418230563,69.87096774193549,2.601984518534081,2.277424260548675,1.3256726744467562,True,False,-1,PV-/PNN+,0.0,0.0,296.31705237,19.42376350908454,0.6468199491500854,False,NONE
91,649,1126,296.31705237,19.42376350908454,40860.0,109.54423592493298,80.26612903225806,3.5705631188642712,2.616251577243878,1.4347882385596957,True,False,-1,PV-/PNN+,0.0,0.0,296.31705237,19.42376350908454,0.8435460329055786,False,NONE
92,1068,1109,296.31705237,19.42376350908454,27946.0,74.92225201072387,57.0,2.4420694302442714,1.8578987388686556,1.362587392654119,True,True,1762,PV+/PNN+,130.28417316,12.879555944225542,296.31705237,19.42376350908454,1.1655458211898804,False,NONE
93,813,998,296.31705237,19.42376350908454,21580.0,57.85522788203753,59.62096774193548,1.8857746477016881,1.9433284346994866,1.3200630849152453,True,False,-1,PV-/PNN+,0.0,0.0,296.31705237,19.42376350908454,0.1460401564836502,False,NONE
94,1099,1016,296.31705237,19.42376350908454,22148.0,59.37801608579088,42.5,1.935409494777432,1.3852753754722433,1.1819948006396686,True,True,1850,PV+/PNN+,58.78676106,8.651568001725998,296.31705237,19.42376350908454,0.13850092887878418,False,NONE
95,1005,852,296.31705237,19.42376350908454,15556.0,41.70509383378016,39.70967741935484,1.3593656357575283,1.294325606987728,1.1816328916376357,True,False,-1,PV-/PNN+,0.0,0.0,296.31705237,19.42376350908454,0.08735917508602142,False,NONE
96,804,1240,296.31705237,19.42376350908454,61162.0,163.97319034852546,139.3790322580645,5.344659360645535,4.543019793982311,1.3859305232852452,True,False,-1,PV-/PNN+,0.0,0.0,296.31705237,19.42376350908454,2.101513385772705,False,NONE
97,1117,1582,296.31705237,19.42376350908454,46694.0,125.18498659517427,94.29838709677419,4.0803689249204185,3.073629025692019,1.1890520261793116,True,True,1889,PV+/PNN+,68.31974934,9.326703948667078,296.31705237,19.42376350908454,1.5521692037582397,False,NONE
98,1117,1286,296.31705237,19.42376350908454,59384.0,159.2064343163539,115.80645161290323,5.189288307651393,3.774678252709946,1.38774006829541,True,False,-1,PV-/PNN+,0.0,0.0,296.31705237,19.42376350908454,2.3969850540161133,False,NONE
99,1043,1258,296.31705237,19.42376350908454,50586.0,135.61930294906165,95.0,4.4204724897422425,3.096497898114426,1.2212619273602454,True,False,-1,PV-/PNN+,0.0,0.0,296.31705237,19.42376350908454,1.537495732307434,False,NONE
100,936,1389,296.31705237,19.42376350908454,43787.0,117.39142091152814,109.83064516129032,3.826339874833819,3.579898546215651,1.7585158408781842,True,True,1457,PV+/PNN+,190.65976560000001,15.580614658987523,296.31705237,19.42376350908454,1.6507288217544556,False,NONE
101,1149,1488,296.31705237,19.42376350908454,29930.0,80.24128686327077,69.04032258064517,2.615441853832786,2.2503496184853655,1.534856077621811,True,True,1955,PV+/PNN+,118.36793781,12.276430232296539,296.31705237,19.42376350908454,0.7655929327011108,False,NONE
102,773,1356,296.31705237,19.42376350908454,74150.0,198.7935656836461,173.07258064516128,6.479619561032445,5.641251391462962,1.385387659782196,True,True,1063,PV+/PNN+,77.05832193,9.905236127029422,296.31705237,19.42376350908454,2.1448919773101807,False,NONE
103,1102,1511,296.31705237,19.42376350908454,39836.0,106.79892761394102,94.95161290322581,3.4810805776572957,3.094920734499088,1.2212619273602454,True,False,-1,PV-/PNN+,0.0,0.0,296.31705237,19.42376350908454,1.5376099348068237,False,NONE
104,862,1379,296.31705237,19.42376350908454,61293.0,164.32439678284183,128.06451612903226,5.356106834178849,4.174226368595678,1.755801523362937,True,True,1288,PV+/PNN+,155.70547524,14.080140922851225,296.31705237,19.42376350908454,0.92558354139328,False,NONE
105,688,1342,296.31705237,19.42376350908454,62688.0,168.06434316353887,136.79032258064515,5.478009319514523,4.458641540561706,1.5214654445465912,True,False,-1,PV-/PNN+,0.0,0.0,296.31705237,19.42376350908454,1.6906938552856445,False,NONE
106,845,1298,296.31705237,19.42376350908454,63034.0,168.99195710455763,135.32258064516128,5.508244631289537,4.41080091089644,1.6001806524887614,True,True,1223,PV+/PNN+,213.69782061,16.495105814282397,296.31705237,19.42376350908454,2.0808217525482178,False,NONE
107,952,1551,296.31705237,19.42376350908454,32428.0,86.93833780160858,77.2741935483871,2.8337303186130836,2.518730293695453,1.149965853959751,True,False,-1,PV-/PNN+,0.0,0.0,296.31705237,19.42376350908454,1.655063509941101,False,NONE
108,1097,1698,296.31705237,19.42376350908454,39049.0,104.68900804289544,87.1774193548387,3.412308351163263,2.8415231136347154,1.2670434161174158,True,True,1832,PV+/PNN+,100.09637694,11.289227848029503,296.31705237,19.42376350908454,2.433537006378174,False,NONE
109,909,1418,296.31705237,19.42376350908454,48647.0,130.42091152815013,109.05645161290323,4.2510324043903625,3.554663928370237,1.5082557659723879,True,False,-1,PV-/PNN+,0.0,0.0,296.31705237,19.42376350908454,1.515889048576355,False,NONE
110,973,1602,296.31705237,19.42376350908454,33506.0,89.828418230563,72.12903225806451,2.9279316657040204,2.3510252292644673,1.2373668779507123,True,True,1541,PV+/PNN+,88.97455728,10.643586087602236,296.31705237,19.42376350908454,1.582643747329712,False,NONE
111,871,1420,296.31705237,19.42376350908454,47300.0,126.80965147453082,115.44354838709677,4.1333244131737645,3.7628495255949073,1.642704960227635,True,True,1313,PV+/PNN+,131.87300454,12.957851838301272,296.31705237,19.42376350908454,2.473210096359253,False,NONE
112,729,1567,296.31705237,19.42376350908454,56936.0,152.64343163538874,104.80645161290323,4.975369107578467,3.4161363908230125,1.376158980230355,True,True,939,PV+/PNN+,103.2740397,11.467021901548332,296.31705237,19.42376350908454,2.449965238571167,False,NONE
113,675,1227,296.31705237,19.42376350908454,35283.0,94.59249329758713,74.55645161290323,3.0832153334040155,2.430146270633945,1.6222571016127725,True,True,813,PV+/PNN+,81.82481607,10.206987389088184,296.31705237,19.42376350908454,1.1769262552261353,False,NONE
114,709,1388,296.31705237,19.42376350908454,70206.0,188.21983914209116,144.11290322580646,6.134971960914955,4.697318967682921,1.2893008197424431,True,False,-1,PV-/PNN+,0.0,0.0,296.31705237,19.42376350908454,1.8520456552505493,False,NONE
115,976,1368,296.31705237,19.42376350908454,33782.0,90.56836461126005,102.58064516129032,2.952050006888713,3.343586864517445,1.4932365423880198,True,True,1537,PV+/PNN+,166.8272949,14.574330482319754,296.31705237,19.42376350908454,1.358030915260315,False,NONE
116,940,1443,296.31705237,19.42376350908454,28831.0,77.29490616621985,62.733870967741936,2.519405415564753,2.044792627286258,1.1805471646315366,True,False,-1,PV-/PNN+,0.0,0.0,296.31705237,19.42376350908454,0.8896877765655518,False,NONE
117,1060,1669,296.31705237,19.42376350908454,41700.0,111.79624664879357,84.29838709677419,3.6439667659481185,2.7476818785220796,1.1316894493570862,True,False,-1,PV-/PNN+,0.0,0.0,296.31705237,19.42376350908454,0.8856824040412903,False,NONE
118,673,1689,296.31705237,19.42376350908454,39146.0,104.94906166219839,82.95967741935483,3.4207847246955643,2.7040470184977163,1.287310320231262,True,True,816,PV+/PNN+,77.05832193,9.905236127029422,296.31705237,19.42376350908454,2.274350166320801,False,NONE
119,649,1369,296.31705237,19.42376350908454,69690.0,186.83646112600536,139.19354838709677,6.089881149134877,4.536974000123514,1.4494455531420307,True,True,747,PV+/PNN+,88.97455728,10.643586087602236,296.31705237,19.42376350908454,1.6225963830947876,False,NONE
120,983,1641,296.31705237,19.42376350908454,32426.0,86.93297587131367,69.04032258064517,2.8335555480247887,2.2503496184853655,1.0283644292766743,True,False,-1,PV-/PNN+,0.0,0.0,296.31705237,19.42376350908454,0.786251962184906,False,NONE
121,706,1677,296.31705237,19.42376350908454,47591.0,127.58981233243968,120.46774193548387,4.158753533770669,3.9266116809875466,1.618818966093459,True,True,884,PV+/PNN+,110.42378091,11.857315232959937,296.31705237,19.42376350908454,1.7683895826339722,False,NONE
122,1102,1360,296.31705237,19.42376350908454,25436.0,68.19302949061662,53.49193548387097,2.2227323419342047,1.7435543767566204,1.4186832879692286,True,True,1837,PV+/PNN+,138.22833006,13.266415342325756,296.31705237,19.42376350908454,1.5424152612686157,False,NONE
123,802,1660,296.31705237,19.42376350908454,66743.0,178.93565683646113,128.86290322580646,5.83235668728238,4.200249568248762,1.2265096078897235,True,False,-1,PV-/PNN+,0.0,0.0,296.31705237,19.42376350908454,0.5685877799987793,False,NONE
124,921,1304,296.31705237,19.42376350908454,40628.0,108.92225201072387,97.13709677419355,3.550289730622066,3.166155957791873,1.432978693549531,True,True,1448,PV+/PNN+,40.51520019,7.182308476024236,296.31705237,19.42376350908454,1.1743414402008057,False,NONE
125,789,1721,296.31705237,19.42376350908454,53801.0,144.23860589812332,120.0725806451613,4.7014162104262525,3.913731511462283,1.2532908740401631,True,True,1100,PV+/PNN+,65.14208658,9.107221346833388,296.31705237,19.42376350908454,1.1275466680526733,False,NONE
126,683,1272,296.31705237,19.42376350908454,51311.0,137.56300268096516,106.60483870967742,4.483826827999135,3.4747543051930903,1.7639444759086789,True,False,-1,PV-/PNN+,0.0,0.0,296.31705237,19.42376350908454,0.5282017588615417,False,NONE
127,697,1477,296.31705237,19.42376350908454,83005.0,222.53351206434317,226.68548387096774,7.253416340707999,7.388748677257929,1.4215785599854924,True,False,-1,PV-/PNN+,0.0,0.0,296.31705237,19.42376350908454,0.3692987263202667,False,NONE
128,927,1660,296.31705237,19.42376350908454,26372.0,70.7024128686327,59.314516129032256,2.3045249772562055,1.9333397318023433,1.4233881049956572,True,True,1450,PV+/PNN+,99.30196125,11.244340084382843,296.31705237,19.42376350908454,0.7237554788589478,False,NONE
129,820,1521,296.31705237,19.42376350908454,39792.0,106.68096514745308,64.5241935483871,3.4772356247148086,2.10314768105378,1.20045215974335,True,False,-1,PV-/PNN+,0.0,0.0,296.31705237,19.42376350908454,1.6348134279251099,False,NONE
130,839,1650,296.31705237,19.42376350908454,42375.0,113.6058981233244,79.44354838709677,3.702951839497638,2.5894397957831248,1.3104724963613719,True,True,1202,PV+/PNN+,101.68520832,11.378472144697502,296.31705237,19.42376350908454,1.8824094533920288,False,NONE
131,836,1694,296.31705237,19.42376350908454,43836.0,117.52278820375335,84.0725806451613,3.8306217542470433,2.7403217816505006,1.319158312410163,True,False,-1,PV-/PNN+,0.0,0.0,296.31705237,19.42376350908454,0.8271741271018982,False,NONE
132,963,1468,296.31705237,19.42376350908454,24994.0,67.00804289544236,59.95967741935484,2.1841080419210375,1.9543685800068555,1.1116034997442565,True,False,-1,PV-/PNN+,0.0,0.0,296.31705237,19.42376350908454,0.4169260561466217,False,NONE
133,716,1611,296.31705237,19.42376350908454,67290.0,180.40214477211796,156.59677419354838,5.880156443181028,5.1042271804402315,1.2717482331438443,True,True,921,PV+/PNN+,79.441569,10.057243516322304,296.31705237,19.42376350908454,1.367132544517517,False,NONE
134,779,1269,296.31705237,19.42376350908454,31721.0,85.04289544235925,68.90322580645162,2.771948915650846,2.2458809882419066,1.362587392654119,True,False,-1,PV-/PNN+,0.0,0.0,296.31705237,19.42376350908454,0.9034475088119507,False,NONE
135,709,1645,296.31705237,19.42376350908454,68852.0,184.5898123324397,150.4758064516129,6.016652272639325,4.904715983099922,1.2929199097627728,True,False,-1,PV-/PNN+,0.0,0.0,296.31705237,19.42376350908454,2.0989909172058105,False,NONE
136,779,1390,296.31705237,19.42376350908454,40743.0,109.23056300268097,89.4274193548387,3.5603390394490213,2.9148612217479517,1.4072831544051903,True,False,-1,PV-/PNN+,0.0,0.0,296.31705237,19.42376350908454,0.9114271402359009,False,NONE
137,1041,1524,296.31705237,19.42376350908454,20177.0,54.09383378016086,51.49193548387097,1.763173080012834,1.6783649473226325,1.2715672786428278,True,False,-1,PV-/PNN+,0.0,0.0,296.31705237,19.42376350908454,0.861779510974884,False,NONE
138,967,1500,296.31705237,19.42376350908454,25551.0,68.50134048257372,56.435483870967744,2.2327816507611598,1.8394984966897077,1.2807959581946684,True,True,1517,PV+/PNN+,123.13443195,12.521167201073585,296.31705237,19.42376350908454,0.27039164304733276,False,NONE
139,785,1580,296.31705237,19.42376350908454,37347.0,100.1260053619303,94.51612903225806,3.263578580524326,3.080726261961042,1.783487562018459,True,False,-1,PV-/PNN+,0.0,0.0,296.31705237,19.42376350908454,0.675094485282898,False,NONE
140,1030,1801,296.31705237,19.42376350908454,39096.0,104.81501340482573,79.8225806451613,3.4164154599881926,2.601794244103276,1.1204702702940643,True,False,-1,PV-/PNN+,0.0,0.0,296.31705237,19.42376350908454,2.0873982906341553,False,NONE
141,770,2209,296.31705237,19.42376350908454,40336.0,108.13941018766756,66.37096774193549,3.5247732247310144,2.163342759039196,1.3928067943238718,True,False,-1,PV-/PNN+,0.0,0.0,296.31705237,19.42376350908454,1.3896116018295288,False,NONE
142,655,1808,296.31705237,19.42376350908454,23766.0,63.715817694369974,49.145161290322584,2.0767989007079852,1.6018725119787194,1.143994355426207,True,False,-1,PV-/PNN+,0.0,0.0,296.31705237,19.42376350908454,2.3305933475494385,False,NONE
143,821,1944,296.31705237,19.42376350908454,60089.0,161.0965147453083,125.87903225806451,5.250894940025335,4.102991145302893,1.7510967063365084,True,True,1164,PV+/PNN+,159.67755369,14.258603569939101,296.31705237,19.42376350908454,1.0239074230194092,False,NONE
144,711,2027,296.31705237,19.42376350908454,14190.0,38.042895442359246,32.266129032258064,1.2399973239521294,1.051705270828168,1.3472062600677177,True,False,-1,PV-/PNN+,0.0,0.0,296.31705237,19.42376350908454,0.8646411895751953,False,NONE
145,743,2133,296.31705237,19.42376350908454,20520.0,55.01340482573727,38.653225806451616,1.7931462359054051,1.2598908680528391,1.79886869460486,True,True,970,PV+/PNN+,104.06845539,11.511041341340722,296.31705237,19.42376350908454,1.882014274597168,False,NONE
146,867,2036,296.31705237,19.42376350908454,61898.0,165.94638069705093,138.67741935483872,5.408974937138049,4.520150921559905,1.6808863599421129,True,True,1293,PV+/PNN+,143.78923989,13.53063732184699,296.31705237,19.42376350908454,0.9230706691741943,False,NONE
147,1084,1916,296.31705237,19.42376350908454,33086.0,88.7024128686327,64.90322580645162,2.891229842162097,2.1155021293739305,1.0196786132278832,True,False,-1,PV-/PNN+,0.0,0.0,296.31705237,19.42376350908454,1.6018574237823486,False,NONE
148,912,2212,296.31705237,19.42376350908454,77562.0,207.94101876675603,193.88709677419354,6.7777781846635,6.319694606661038,1.2560051915554102,True,False,-1,PV-/PNN+,0.0,0.0,296.31705237,19.42376350908454,1.4544388055801392,False,NONE
149,776,2088,296.31705237,19.42376350908454,24288.0,65.11528150134048,58.274193548387096,2.122414024252947,1.8994307140725673,1.4657314582335144,True,False,-1,PV-/PNN+,0.0,0.0,296.31705237,19.42376350908454,1.7328416109085083,False,NONE
150,950,2281,296.31705237,19.42376350908454,59721.0,160.10991957104557,135.8790322580645,5.218737151779078,4.428938292472832,0.9753447604788448,True,False,-1,PV-/PNN+,0.0,0.0,296.31705237,19.42376350908454,2.106144666671753,False,NONE
151,1065,2150,296.31705237,19.42376350908454,67514.0,181.00268096514745,136.51612903225808,5.899730749070054,4.449704280074789,1.1130511357523885,True,False,-1,PV-/PNN+,0.0,0.0,296.31705237,19.42376350908454,1.5912867784500122,False,NONE
152,974,2213,296.31705237,19.42376350908454,74239.0,199.03217158176943,162.08064516129033,6.4873968522115675,5.282972390178586,1.1575659430024432,True,True,1545,PV+/PNN+,115.98469074,12.152213577535832,296.31705237,19.42376350908454,1.3380860090255737,False,NONE
153,1086,2274,296.31705237,19.42376350908454,62784.0,168.32171581769438,133.84677419354838,5.486398307752678,4.362697420628619,1.2804340491926354,True,True,1805,PV+/PNN+,158.883138,14.223090180871878,296.31705237,19.42376350908454,1.6645742654800415,False,NONE
154,769,1841,296.31705237,19.42376350908454,62826.0,168.4343163538874,144.41129032258064,5.49006849010687,4.707044809977507,1.3553492126134594,True,False,-1,PV-/PNN+,0.0,0.0,296.31705237,19.42376350908454,1.3087824583053589,False,NONE
155,792,2229,296.31705237,19.42376350908454,33225.0,89.07506702412869,75.65322580645162,2.9033763980485907,2.465895312581616,1.577199430859668,True,True,1123,PV+/PNN+,119.95676919,12.358547737957588,296.31705237,19.42376350908454,0.7699741125106812,False,NONE
156,849,2148,296.31705237,19.42376350908454,44286.0,118.72922252010724,76.1774193548387,3.8699451366133903,2.482981251747782,1.4517979616552452,True,False,-1,PV-/PNN+,0.0,0.0,296.31705237,19.42376350908454,1.401682734489441,False,NONE
157,893,1907,296.31705237,19.42376350908454,34860.0,93.45844504021447,71.53225806451613,3.04625135397965,2.331573544675294,1.269033915628597,True,False,-1,PV-/PNN+,0.0,0.0,296.31705237,19.42376350908454,1.8494014739990234,False,NONE
158,1000,1945,296.31705237,19.42376350908454,64637.0,173.28954423592492,152.50806451612902,5.648323257807878,4.970956854944135,1.16751844055835,True,False,-1,PV-/PNN+,0.0,0.0,296.31705237,19.42376350908454,1.3040392398834229,False,NONE
159,1096,2109,296.31705237,19.42376350908454,38544.0,103.33512064343164,71.4758064516129,3.3681787776188075,2.3297335204573986,1.4338834660546134,True,True,1831,PV+/PNN+,117.57352212,12.235164803834005,296.31705237,19.42376350908454,0.9228768348693848,False,NONE
160,971,2168,296.31705237,19.42376350908454,50078.0,134.2573726541555,83.86290322580645,4.376080760315344,2.7334874059840337,1.360777847643954,True,True,1520,PV+/PNN+,169.21054197,14.678063680958498,296.31705237,19.42376350908454,1.075912594795227,False,NONE
161,817,1909,296.31705237,19.42376350908454,58684.0,157.32975871313673,133.88709677419354,5.128118601748186,4.364011723641401,1.301967634813597,True,True,1160,PV+/PNN+,54.81468261,8.354173898786094,296.31705237,19.42376350908454,0.3889367878437042,False,NONE
162,950,2104,296.31705237,19.42376350908454,52810.0,141.58176943699732,108.98387096774194,4.614817383926142,3.552298182947229,1.2733768236529925,True,False,-1,PV-/PNN+,0.0,0.0,296.31705237,19.42376350908454,1.1336721181869507,False,NONE
163,1093,2063,296.31705237,19.42376350908454,23569.0,63.187667560321714,51.225806451612904,2.05958399776094,1.6696905474382713,1.419588060474311,True,True,1838,PV+/PNN+,168.41612628000001,14.643567596416077,296.31705237,19.42376350908454,0.42861050367355347,False,NONE
164,1098,2242,296.31705237,19.42376350908454,35452.0,95.0455764075067,64.75806451612904,3.0979834481149324,2.1107706385279155,1.1461658094384048,True,False,-1,PV-/PNN+,0.0,0.0,296.31705237,19.42376350908454,1.0691083669662476,False,NONE
165,888,1800,296.31705237,19.42376350908454,54988.0,147.42091152815013,114.24193548387096,4.80514255457926,3.7236832958140034,1.1144987717605201,True,False,-1,PV-/PNN+,0.0,0.0,296.31705237,19.42376350908454,1.6810044050216675,False,NONE
166,654,1893,296.31705237,19.42376350908454,15106.0,40.498659517426276,34.79032258064516,1.3200422533911818,1.133980639428322,1.317348767399998,True,False,-1,PV-/PNN+,0.0,0.0,296.31705237,19.42376350908454,0.2758777439594269,False,NONE
167,769,1802,296.31705237,19.42376350908454,41339.0,110.828418230563,120.65322580645162,3.6124206747608936,3.932657474846344,1.1049081832066467,True,False,-1,PV-/PNN+,0.0,0.0,296.31705237,19.42376350908454,0.26862525939941406,False,NONE
168,711,1884,296.31705237,19.42376350908454,22310.0,59.812332439678286,56.70967741935484,1.949565912429317,1.8484357571766252,2.2425691310972766,True,True,908,PV+/PNN+,139.02274575,13.304482609502795,296.31705237,19.42376350908454,0.26148104667663574,False,NONE
169,837,1882,296.31705237,19.42376350908454,57006.0,152.83109919571046,115.15322580645162,4.981486078168787,3.7533865439028773,1.4726077292721407,True,True,1211,PV+/PNN+,86.59131021,10.500070494515818,296.31705237,19.42376350908454,1.1231404542922974,False,NONE
170,997,2295,296.31705237,19.42376350908454,71343.0,191.2680965147453,173.08870967741936,6.23432904036059,5.641777112668076,1.2361001964435971,True,True,1588,PV+/PNN+,109.62936522,11.81458603008661,296.31705237,19.42376350908454,0.6254681348800659,False,NONE
171,1114,1952,296.31705237,19.42376350908454,14687.0,39.375335120643435,40.233870967741936,1.2834278151434058,1.311411546153894,1.097127139662938,True,False,-1,PV-/PNN+,0.0,0.0,296.31705237,19.42376350908454,0.2913748323917389,False,NONE
172,1040,2231,296.31705237,19.42376350908454,33884.0,90.84182305630027,66.34677419354838,2.9609633068917516,2.1625541772315264,1.1856138906599982,True,True,1695,PV+/PNN+,105.65728677,11.598579038183399,296.31705237,19.42376350908454,0.15147310495376587,False,NONE
173,787,1999,296.31705237,19.42376350908454,24040.0,64.45040214477211,67.98387096774194,2.1007424713043825,2.2159148795504766,1.260348099579806,True,False,-1,PV-/PNN+,0.0,0.0,296.31705237,19.42376350908454,0.6215029954910278,False,NONE
174,840,2603,296.31705237,19.42376350908454,71005.0,190.36193029490616,156.42741935483872,6.2047928109387565,5.098707107786548,1.413073698437718,True,True,1232,PV+/PNN+,66.73091796,9.217615939230159,296.31705237,19.42376350908454,2.8647220134735107,False,NONE
175,1144,2780,296.31705237,19.42376350908454,57826.0,155.02949061662198,143.25806451612902,5.053142019369686,4.669455743811941,1.0882603691131303,True,False,-1,PV-/PNN+,0.0,0.0,296.31705237,19.42376350908454,2.7760508060455322,False,NONE
176,850,2669,296.31705237,19.42376350908454,33901.0,90.88739946380697,62.693548387096776,2.9624488568922582,2.0434783242734764,1.301967634813597,True,True,1265,PV+/PNN+,85.00247883,10.403293586497956,296.31705237,19.42376350908454,3.225351572036743,False,NONE
177,987,2787,296.31705237,19.42376350908454,27882.0,74.75067024128687,69.33064516129032,2.4364767714188353,2.2598126001773955,1.603075924505025,True,True,1567,PV+/PNN+,181.92119301,15.21937110940298,296.31705237,19.42376350908454,1.368649959564209,False,NONE
178,1111,2607,296.31705237,19.42376350908454,80271.0,215.20375335120644,192.65322580645162,7.014504946508907,6.279476934469909,1.1389276293977455,True,False,-1,PV-/PNN+,0.0,0.0,296.31705237,19.42376350908454,2.837425470352173,False,NONE
179,969,2374,296.31705237,19.42376350908454,75756.0,203.09919571045577,190.3951612903226,6.619960343433229,6.2058759657541165,1.6977151285366459,True,True,1521,PV+/PNN+,235.14704424,17.303136003451996,296.31705237,19.42376350908454,2.5046136379241943,False,NONE
180,1043,2635,296.31705237,19.42376350908454,38132.0,102.23056300268097,92.36290322580645,3.3321760364300634,3.0105424810784824,1.2976247267892014,True,False,-1,PV-/PNN+,0.0,0.0,296.31705237,19.42376350908454,1.897154450416565,False,NONE
181,1000,2758,296.31705237,19.42376350908454,26420.0,70.83109919571045,65.35483870967742,2.3087194713752823,2.1302223231170894,1.6050664240162065,True,True,1593,PV+/PNN+,170.79937335,14.746813769937054,296.31705237,19.42376350908454,1.6851558685302734,False,NONE
182,900,2582,296.31705237,19.42376350908454,45329.0,121.5254691689008,92.87903225806451,3.9610879984091665,3.0273655596420923,1.2132999293155202,True,False,-1,PV-/PNN+,0.0,0.0,296.31705237,19.42376350908454,2.748999834060669,False,NONE
183,951,2596,296.31705237,19.42376350908454,69426.0,186.12868632707776,156.08870967741936,6.0668114314799535,5.087666962479179,1.220357154855163,True,False,-1,PV-/PNN+,0.0,0.0,296.31705237,19.42376350908454,1.9761768579483032,False,NONE
184,1136,2394,296.31705237,19.42376350908454,69804.0,187.14209115281503,188.75806451612902,6.099843072667685,6.152515263435166,1.4327977390485143,True,True,1913,PV+/PNN+,244.68003252,17.65039073821171,296.31705237,19.42376350908454,0.7350963354110718,False,NONE
185,1051,2815,296.31705237,19.42376350908454,25772.0,69.09383378016086,53.193548387096776,2.2520938007677436,1.7338285344620337,1.150327762961784,True,False,-1,PV-/PNN+,0.0,0.0,296.31705237,19.42376350908454,1.6820935010910034,False,NONE
186,1063,2675,296.31705237,19.42376350908454,32546.0,87.25469168900804,71.63709677419355,2.844041783322481,2.334990732508527,1.246957466504586,True,False,-1,PV-/PNN+,0.0,0.0,296.31705237,19.42376350908454,2.3231093883514404,False,NONE
187,860,2529,296.31705237,19.42376350908454,27967.0,74.97855227882037,73.58870967741936,2.4439045214213673,2.398602998327177,1.3320060819823332,True,False,-1,PV-/PNN+,0.0,0.0,296.31705237,19.42376350908454,2.353407621383667,False,NONE
188,696,2474,296.31705237,19.42376350908454,16235.0,43.525469168900806,33.24193548387097,1.418700250483638,1.0835114037374929,1.6403525517144206,True,True,867,PV+/PNN+,165.23846352,14.504762875171128,296.31705237,19.42376350908454,0.1991918832063675,False,NONE
189,1094,2543,296.31705237,19.42376350908454,51964.0,139.313672922252,110.9274193548387,4.540889425077411,3.6156475881633217,1.1760233021061246,True,True,1834,PV+/PNN+,70.70299641,9.487984557348323,296.31705237,19.42376350908454,0.6727746725082397,False,NONE
190,811,2569,296.31705237,19.42376350908454,22873.0,61.32171581769437,57.766129032258064,1.998763833034324,1.882870496111514,1.3705493906988442,True,True,1146,PV+/PNN+,91.35780435,10.78519212710641,296.31705237,19.42376350908454,2.027292013168335,False,NONE
191,1050,2445,296.31705237,19.42376350908454,75439.0,202.24932975871315,212.96774193548387,6.592259205188491,6.941622792309488,1.2670434161174158,True,True,1710,PV+/PNN+,178.74353025,15.085865274483455,296.31705237,19.42376350908454,1.5362998247146606,False,NONE
192,1098,2472,296.31705237,19.42376350908454,62699.0,168.09383378016085,178.8951612903226,5.478970557750145,5.831036746508686,1.0728792365267292,True,False,-1,PV-/PNN+,0.0,0.0,296.31705237,19.42376350908454,1.2881462574005127,False,NONE
193,755,2585,296.31705237,19.42376350908454,13698.0,36.72386058981233,34.58870967741935,1.1970037592315905,1.127409124364412,1.376158980230355,True,False,-1,PV-/PNN+,0.0,0.0,296.31705237,19.42376350908454,0.7863916158676147,False,NONE
194,987,2463,296.31705237,19.42376350908454,78990.0,211.76943699731905,159.23387096774192,6.90256438470604,5.190182597476175,1.069079192005383,True,False,-1,PV-/PNN+,0.0,0.0,296.31705237,19.42376350908454,1.116580843925476,False,NONE
195,1119,2518,296.31705237,19.42376350908454,73632.0,197.4048257372654,181.8790322580645,6.434353978664073,5.928295169454555,1.1414609924119765,True,False,-1,PV-/PNN+,0.0,0.0,296.31705237,19.42376350908454,0.587144672870636,False,NONE
196,1077,2498,296.31705237,19.42376350908454,61688.0,165.3833780160858,137.6290322580645,5.390624025367087,4.485979043227572,1.3578825756276902,True,True,1790,PV+/PNN+,60.37559244,8.767701627645716,296.31705237,19.42376350908454,0.7659463882446289,False,NONE
197,909,2535,296.31705237,19.42376350908454,59846.0,160.44504021447722,144.36290322580646,5.229660313547508,4.705467646362169,1.475683955789421,True,False,-1,PV-/PNN+,0.0,0.0,296.31705237,19.42376350908454,2.2009615898132324,False,NONE
198,963,2822,296.31705237,19.42376350908454,14305.0,38.35120643431635,32.28225806451613,1.2500466327790847,1.0522309920332809,1.1257179508235424,True,False,-1,PV-/PNN+,0.0,0.0,296.31705237,19.42376350908454,0.17130258679389954,False,NONE
199,1107,2411,296.31705237,19.42376350908454,85118.0,228.19839142091152,207.91935483870967,7.438061467241533,6.777072055109179,1.188509162676262,True,False,-1,PV-/PNN+,0.0,0.0,296.31705237,19.42376350908454,0.05691337212920189,False,NONE
200,1033,2407,296.31705237,19.42376350908454,52822.0,141.61394101876675,160.63709677419354,4.615866007455911,5.2359203423209895,1.0669077379931853,True,False,-1,PV-/PNN+,0.0,0.0,296.31705237,19.42376350908454,0.45331865549087524,False,NONE
201,1632,467,296.31705237,19.42376350908454,23307.0,62.48525469168901,70.56451612903226,2.0366890506943114,2.3000302723685255,1.350644395587031,True,False,-1,PV-/PNN+,0.0,0.0,296.31705237,19.42376350908454,1.003462314605713,False,NONE
202,1406,127,296.31705237,19.42376350908454,77799.0,208.57640750670242,211.74193548387098,6.798488499376443,6.901667980720915,1.5402847126523056,True,True,2511,PV+/PNN+,130.28417316,12.879555944225542,296.31705237,19.42376350908454,2.4298906326293945,False,NONE
203,1348,50,296.31705237,19.42376350908454,74309.0,199.21983914209116,213.08870967741936,6.493513822801888,6.945565701347834,1.3187964034081299,True,False,-1,PV-/PNN+,0.0,0.0,296.31705237,19.42376350908454,3.172290802001953,False,NONE
204,1495,23,296.31705237,19.42376350908454,60720.0,162.7882037533512,145.7258064516129,5.306035060632368,4.7498910881942,1.7776970179859315,True,True,2609,PV+/PNN+,151.73339679,13.899387074616614,296.31705237,19.42376350908454,1.5498803853988647,False,NONE
205,1245,240,296.31705237,19.42376350908454,41478.0,111.20107238605898,93.19354838709677,3.6245672306473873,3.037617123141792,1.301243816809531,True,False,-1,PV-/PNN+,0.0,0.0,296.31705237,19.42376350908454,1.8946746587753296,False,NONE
206,1227,144,296.31705237,19.42376350908454,73571.0,197.24128686327077,175.1048387096774,6.429023475721079,5.707492263307176,1.280615003693652,True,True,2183,PV+/PNN+,123.92884764,12.56149312576761,296.31705237,19.42376350908454,1.9103718996047974,False,NONE
207,1297,136,296.31705237,19.42376350908454,82781.0,221.9329758713137,220.45967741935485,7.233842034818974,7.1858202920843866,1.403845018885877,True,True,2327,PV+/PNN+,71.4974121,9.54113894836179,296.31705237,19.42376350908454,2.697739839553833,False,NONE
208,1402,39,296.31705237,19.42376350908454,78204.0,209.6621983914209,193.19354838709677,6.833879543506154,6.297088594841187,1.2931008642637893,True,False,-1,PV-/PNN+,0.0,0.0,296.31705237,19.42376350908454,1.1550860404968262,False,NONE
209,1247,195,296.31705237,19.42376350908454,54847.0,147.04289544235925,109.23387096774194,4.792821228104471,3.5604468616264775,1.2775387771763718,True,True,2230,PV+/PNN+,100.09637694,11.289227848029503,296.31705237,19.42376350908454,0.9088675379753113,False,NONE
210,1358,124,296.31705237,19.42376350908454,42357.0,113.55764075067025,118.38709677419355,3.7013789042029845,3.8587936455279945,1.366749346177498,True,True,2444,PV+/PNN+,128.69534178,12.800781162784691,296.31705237,19.42376350908454,0.9636221528053284,False,NONE
211,1259,51,296.31705237,19.42376350908454,38982.0,104.50938337801608,94.54838709677419,3.406453536455385,3.0817777043712677,1.248405102512718,True,False,-1,PV-/PNN+,0.0,0.0,296.31705237,19.42376350908454,0.08618171513080597,False,NONE
212,1226,1352,296.31705237,19.42376350908454,46713.0,125.23592493297588,92.9274193548387,4.0820292455092195,3.0289427232574306,1.389549613305575,True,False,-1,PV-/PNN+,0.0,0.0,296.31705237,19.42376350908454,2.2513697147369385,False,NONE
213,1329,1411,296.31705237,19.42376350908454,14222.0,38.128686327077745,29.258064516129032,1.2427936533648474,0.9536582660746298,1.3336346724914816,True,False,-1,PV-/PNN+,0.0,0.0,296.31705237,19.42376350908454,0.8827052116394043,False,NONE
214,1223,1461,296.31705237,19.42376350908454,23781.0,63.75603217158177,50.814516129032256,2.0781096801201966,1.6562846567078946,1.3805018882547508,True,True,2175,PV+/PNN+,100.09637694,11.289227848029503,296.31705237,19.42376350908454,0.9655443429946899,False,NONE
215,1267,1578,296.31705237,19.42376350908454,29348.0,78.68096514745308,53.20161290322581,2.5645836126389776,1.73409139506459,1.3806828427557671,True,True,2272,PV+/PNN+,112.01261229,11.942314996545516,296.31705237,19.42376350908454,1.541383981704712,False,NONE
216,1293,1605,296.31705237,19.42376350908454,26234.0,70.33243967828419,49.556451612903224,2.2924658066638597,1.6152784027090958,1.419949969476344,True,True,2325,PV+/PNN+,99.30196125,11.244340084382843,296.31705237,19.42376350908454,1.5570123195648193,False,NONE
217,1238,1614,296.31705237,19.42376350908454,40052.0,107.37801608579089,70.29838709677419,3.4999558011931424,2.2913558724841643,1.2286810619019213,True,False,-1,PV-/PNN+,0.0,0.0,296.31705237,19.42376350908454,1.4392975568771362,False,NONE
218,1245,1403,296.31705237,19.42376350908454,20545.0,55.080428954423596,46.29838709677419,1.795330868259091,1.509082719276309,1.4548741881725251,True,True,2212,PV+/PNN+,100.09637694,11.289227848029503,296.31705237,19.42376350908454,1.538905382156372,False,NONE
219,1217,1584,296.31705237,19.42376350908454,25799.0,69.16621983914209,53.88709677419355,2.254453203709724,1.7564345462818842,1.626238100635135,True,True,2152,PV+/PNN+,129.48975747,12.84022896403991,296.31705237,19.42376350908454,0.7378287315368652,False,NONE
220,1227,1693,296.31705237,19.42376350908454,25898.0,69.43163538873995,57.12903225806452,2.2631043478303208,1.8621045085095582,1.2071474762809598,True,False,-1,PV-/PNN+,0.0,0.0,296.31705237,19.42376350908454,1.0635638236999512,False,NONE
221,1326,1944,296.31705237,19.42376350908454,65491.0,175.57908847184987,187.7741935483871,5.722950299009789,6.120446269923286,1.1425467194180752,True,False,-1,PV-/PNN+,0.0,0.0,296.31705237,19.42376350908454,3.1415627002716064,False,NONE
222,1554,2191,296.31705237,19.42376350908454,63393.0,169.9544235924933,161.8548387096774,5.539615951888467,5.275612293307006,1.4451026451176352,True,False,-1,PV-/PNN+,0.0,0.0,296.31705237,19.42376350908454,2.8922059535980225,False,NONE
223,1397,2001,296.31705237,19.42376350908454,40132.0,107.59249329758713,78.16129032258064,3.5069466247249372,2.547644959976657,1.219271427849064,True,False,-1,PV-/PNN+,0.0,0.0,296.31705237,19.42376350908454,2.567509174346924,False,NONE
224,1598,2279,296.31705237,19.42376350908454,69585.0,186.55495978552278,155.26612903225808,6.080705693249396,5.060855181018425,1.6065140600243384,True,False,-1,PV-/PNN+,0.0,0.0,296.31705237,19.42376350908454,2.524660110473633,False,NONE
225,1223,1803,296.31705237,19.42376350908454,46805.0,125.48257372654156,100.83870967741936,4.090068692570783,3.286808974365262,0.9548969018639821,True,False,-1,PV-/PNN+,0.0,0.0,296.31705237,19.42376350908454,1.833558201789856,False,NONE
226,1489,2289,296.31705237,19.42376350908454,70228.0,188.27882037533513,170.1209677419355,6.136894437386198,5.54504441092732,1.4127117894356849,True,False,-1,PV-/PNN+,0.0,0.0,296.31705237,19.42376350908454,2.71419358253479,False,NONE
227,1375,1956,296.31705237,19.42376350908454,60939.0,163.37533512064343,153.70967741935485,5.325172440050657,5.0101230847250395,1.3146344498847509,True,False,-1,PV-/PNN+,0.0,0.0,296.31705237,19.42376350908454,2.4189794063568115,False,NONE
228,1559,2263,296.31705237,19.42376350908454,75316.0,201.91957104557642,159.7741935483871,6.581510814008357,5.207794257847454,1.5896852914298054,True,True,2672,PV+/PNN+,105.65728677,11.598579038183399,296.31705237,19.42376350908454,1.6951894760131836,False,NONE
229,1529,1879,296.31705237,19.42376350908454,17863.0,47.89008042895443,34.24193548387097,1.5609635093556653,1.1161061184544867,1.349196759578899,True,True,2644,PV+/PNN+,104.06845539,11.511041341340722,296.31705237,19.42376350908454,2.162973642349243,False,NONE
230,1331,2227,296.31705237,19.42376350908454,47491.0,127.32171581769437,113.6774193548387,4.150015004355925,3.705283053635055,1.8683552229951896,True,True,2388,PV+/PNN+,146.17248696000001,13.642308849668993,296.31705237,19.42376350908454,0.9110784530639648,False,NONE
231,1382,2282,296.31705237,19.42376350908454,59503.0,159.5254691689008,117.08064516129032,5.199687157654937,3.8162102279138574,1.420311878478377,True,False,-1,PV-/PNN+,0.0,0.0,296.31705237,19.42376350908454,1.3784140348434448,False,NONE
232,1221,2274,296.31705237,19.42376350908454,42245.0,113.25737265415549,90.53225806451613,3.6915917512584713,2.950873124298179,1.3381585350168936,True,False,-1,PV-/PNN+,0.0,0.0,296.31705237,19.42376350908454,0.3942798972129822,False,NONE
233,1536,1995,296.31705237,19.42376350908454,14141.0,37.911528150134046,32.604838709677416,1.235715444538905,1.0627454161355367,1.246595557502553,True,False,-1,PV-/PNN+,0.0,0.0,296.31705237,19.42376350908454,0.5383768081665039,False,NONE
234,1468,2034,296.31705237,19.42376350908454,19155.0,51.35388739946381,37.064516129032256,1.6738653093941536,1.2081073293492277,1.494865132897168,True,True,2583,PV+/PNN+,110.42378091,11.857315232959937,296.31705237,19.42376350908454,1.0039232969284058,False,NONE
235,1458,2117,296.31705237,19.42376350908454,66960.0,179.51742627345845,172.94354838709677,5.851319296112375,5.63704562182206,1.5764756128556021,True,False,-1,PV-/PNN+,0.0,0.0,296.31705237,19.42376350908454,2.61527419090271,False,NONE
236,1288,1805,296.31705237,19.42376350908454,23984.0,64.30026809651474,53.935483870967744,2.0958488948321263,1.7580117098972228,1.1255369963225257,True,False,-1,PV-/PNN+,0.0,0.0,296.31705237,19.42376350908454,0.6775398850440979,False,NONE
237,1234,2046,296.31705237,19.42376350908454,31056.0,83.26005361930295,96.96774193548387,2.7138376950428,3.1606358851381886,1.382130478763899,True,True,2206,PV+/PNN+,76.26390624,9.854045933561641,296.31705237,19.42376350908454,1.7855738401412964,False,NONE
238,1323,2098,296.31705237,19.42376350908454,27746.0,74.38605898123325,64.79838709677419,2.424592371414784,2.1120849415406973,1.620628511103624,True,True,2378,PV+/PNN+,81.03040038,10.15731805594071,296.31705237,19.42376350908454,1.8468762636184692,False,NONE
239,1578,1957,296.31705237,19.42376350908454,20729.0,55.57372654155496,57.854838709677416,1.8114097623822194,1.8857619627396343,0.7460754076909604,True,False,-1,PV-/PNN+,0.0,0.0,296.31705237,19.42376350908454,1.6433486938476562,False,NONE
240,1482,2134,296.31705237,19.42376350908454,41412.0,111.02412868632707,97.05645161290323,3.6187998012336564,3.163527351766309,1.4083688814112891,True,True,2600,PV+/PNN+,97.71312987,11.154022637162193,296.31705237,19.42376350908454,0.9314170479774475,False,NONE
241,1240,1966,296.31705237,19.42376350908454,28051.0,75.20375335120643,55.604838709677416,2.451244886129752,1.812423854626398,1.3084819968501904,True,True,2217,PV+/PNN+,92.15222004,10.831982768176108,296.31705237,19.42376350908454,1.0673006772994995,False,NONE
242,1357,2074,296.31705237,19.42376350908454,23244.0,62.316353887399465,56.41129032258065,2.0311837771630232,1.8387099148820385,1.4413026005962892,True,True,2435,PV+/PNN+,162.06080076,14.364616952048472,296.31705237,19.42376350908454,0.8463987708091736,False,NONE
243,1428,2124,296.31705237,19.42376350908454,32176.0,86.2627345844504,94.33870967741936,2.811709224487929,3.0749433287048014,1.2996152263003828,True,False,-1,PV-/PNN+,0.0,0.0,296.31705237,19.42376350908454,0.3199211359024048,False,NONE
244,1284,2271,296.31705237,19.42376350908454,29217.0,78.32975871313673,86.08064516129032,2.5531361391056637,2.8057740716870447,1.388101977297443,True,False,-1,PV-/PNN+,0.0,0.0,296.31705237,19.42376350908454,0.2605467736721039,False,NONE
245,1344,1965,296.31705237,19.42376350908454,23402.0,62.73994638069705,75.23387096774194,2.044990653638318,2.4522265612486827,1.3193392669111794,True,True,2426,PV+/PNN+,73.88065917,9.698854408967305,296.31705237,19.42376350908454,1.2244056463241577,False,NONE
246,1633,2421,296.31705237,19.42376350908454,72283.0,193.7882037533512,188.7016129032258,6.316471216859181,6.150675239217271,2.085681578715986,True,True,2725,PV+/PNN+,196.22067543,15.806198893222852,296.31705237,19.42376350908454,2.618685483932495,False,NONE
247,1435,2516,296.31705237,19.42376350908454,53796.0,144.22520107238606,101.94354838709677,4.7009792839555145,3.3228208769154888,1.6559146388018382,True,True,2534,PV+/PNN+,144.58365558,13.56796328882212,296.31705237,19.42376350908454,2.551191568374634,False,NONE
248,1389,2498,296.31705237,19.42376350908454,46701.0,125.20375335120643,92.16129032258064,4.08098062197945,3.003970966014572,1.598913970981646,True,True,2483,PV+/PNN+,100.89079263,11.333937836259334,296.31705237,19.42376350908454,2.6219818592071533,False,NONE
249,1567,2410,296.31705237,19.42376350908454,61375.0,164.54423592493296,118.09677419354838,5.363272428298939,3.849330663835964,1.4163308794560143,True,False,-1,PV-/PNN+,0.0,0.0,296.31705237,19.42376350908454,1.7753617763519287,False,NONE
250,1659,2637,296.31705237,19.42376350908454,66508.0,178.30563002680964,128.2741935483871,5.811821143157732,4.181060744262145,1.8513454998996401,True,True,2745,PV+/PNN+,131.07858885,12.918763206743188,296.31705237,19.42376350908454,2.1169111728668213,False,NONE
251,1351,2585,296.31705237,19.42376350908454,53615.0,143.73994638069706,123.7741935483871,4.685162545714829,4.034384528035672,1.4393121010851078,True,True,2417,PV+/PNN+,127.1065104,12.721518597815718,296.31705237,19.42376350908454,2.316627264022827,False,NONE
252,1544,2758,296.31705237,19.42376350908454,32436.0,86.95978552278821,61.54838709677419,2.834429400966263,2.006152118710467,1.3692827091917288,True,True,2659,PV+/PNN+,162.85521645,14.399781305649903,296.31705237,19.42376350908454,1.4238710403442383,False,NONE
253,1665,2809,296.31705237,19.42376350908454,64242.0,172.23056300268095,144.71774193548387,5.61380606661964,4.71703351287465,1.0987557301720863,True,False,-1,PV-/PNN+,0.0,0.0,296.31705237,19.42376350908454,1.6777503490447998,False,NONE
254,1397,2613,296.31705237,19.42376350908454,41209.0,110.4798927613941,100.75,3.6010605865217267,3.2839175077371414,1.1637183960370037,True,False,-1,PV-/PNN+,0.0,0.0,296.31705237,19.42376350908454,2.510573625564575,False,NONE
255,1480,2567,296.31705237,19.42376350908454,42091.0,112.84450402144772,85.61290322580645,3.678134415959766,2.790528156738773,1.4402168735901901,True,False,-1,PV-/PNN+,0.0,0.0,296.31705237,19.42376350908454,1.6160016059875488,False,NONE
256,1638,2759,296.31705237,19.42376350908454,62995.0,168.88739946380696,148.69354838709677,5.504836604817786,4.846623789934957,1.5542182092305745,True,False,-1,PV-/PNN+,0.0,0.0,296.31705237,19.42376350908454,0.6488924026489258,False,NONE
257,1332,2657,296.31705237,19.42376350908454,62683.0,168.0509383378016,139.0,5.477572393043786,4.53066534566216,1.6305810086595307,True,True,2397,PV+/PNN+,188.27651853,15.482929591568213,296.31705237,19.42376350908454,1.4036650657653809,False,NONE
258,1621,2472,296.31705237,19.42376350908454,41507.0,111.27882037533512,85.83064516129032,3.627101404177663,2.797625393007796,1.4758649102904373,True,False,-1,PV-/PNN+,0.0,0.0,296.31705237,19.42376350908454,1.1063789129257202,False,NONE
259,1628,2547,296.31705237,19.42376350908454,52640.0,141.12600536193028,115.18548387096774,4.599961883921077,3.7544379863131025,1.4033021553828275,True,False,-1,PV-/PNN+,0.0,0.0,296.31705237,19.42376350908454,0.65770423412323,False,NONE
260,1701,2476,296.31705237,19.42376350908454,72424.0,194.1662198391421,158.5,6.328792543333969,5.166262282643543,1.48961745236769,True,False,-1,PV-/PNN+,0.0,0.0,296.31705237,19.42376350908454,1.726256251335144,False,NONE
261,1233,2739,296.31705237,19.42376350908454,85541.0,229.33243967828417,209.20967741935485,7.4750254466658985,6.819129751518204,1.2509384655269487,True,False,-1,PV-/PNN+,0.0,0.0,296.31705237,19.42376350908454,1.1620022058486938,False,NONE
262,1262,2580,296.31705237,19.42376350908454,84714.0,227.1152815013405,205.6048387096774,7.402757808405969,6.701631062175491,1.3729017992120582,True,False,-1,PV-/PNN+,0.0,0.0,296.31705237,19.42376350908454,1.3313599824905396,False,NONE
263,1305,2638,296.31705237,19.42376350908454,63793.0,171.02680965147454,136.5,5.574570069547442,4.449178558869676,1.522189262550657,True,True,2349,PV+/PNN+,102.47962401,11.422832828117684,296.31705237,19.42376350908454,1.4261635541915894,False,NONE
264,1302,2790,296.31705237,19.42376350908454,83049.0,222.6514745308311,188.01612903225808,7.257261293650487,6.128332087999977,1.3017866803125806,True,True,2335,PV+/PNN+,100.89079263,11.333937836259334,296.31705237,19.42376350908454,0.9896763563156128,False,NONE
265,1352,2790,296.31705237,19.42376350908454,77046.0,206.55764075067023,213.98387096774192,6.732687372883422,6.974743228231594,1.3484729415748333,True,False,-1,PV-/PNN+,0.0,0.0,296.31705237,19.42376350908454,0.3795830011367798,False,NONE
266,1402,2742,296.31705237,19.42376350908454,73228.0,196.32171581769438,176.2741935483871,6.399050319828509,5.7456070506778545,1.8840982645836235,True,False,-1,PV-/PNN+,0.0,0.0,296.31705237,19.42376350908454,1.265669345855713,False,NONE
267,1499,2440,296.31705237,19.42376350908454,77420.0,207.5603217158177,174.94354838709677,6.765369472894564,5.702235051256048,1.6381810977022229,True,False,-1,PV-/PNN+,0.0,0.0,296.31705237,19.42376350908454,1.6743370294570923,False,NONE
268,1525,2570,296.31705237,19.42376350908454,75854.0,203.36193029490616,162.07258064516128,6.628524102259678,5.282709529576029,1.2773578226753552,True,False,-1,PV-/PNN+,0.0,0.0,296.31705237,19.42376350908454,1.5711309909820557,False,NONE
269,1282,2738,296.31705237,19.42376350908454,68765.0,184.35656836461126,167.53225806451613,6.009049752048498,5.460666157506714,1.3624064381531023,True,False,-1,PV-/PNN+,0.0,0.0,296.31705237,19.42376350908454,1.2210699319839478,False,NONE
270,1377,2726,296.31705237,19.42376350908454,73576.0,197.25469168900804,181.63709677419354,6.4294604021918165,5.920409351377862,1.4532455976633771,True,False,-1,PV-/PNN+,0.0,0.0,296.31705237,19.42376350908454,0.3690143823623657,False,NONE
271,1593,2546,296.31705237,19.42376350908454,82563.0,221.3485254691689,193.54032258064515,7.214792040694832,6.308391600751113,1.898393670163926,True,True,2703,PV+/PNN+,153.32222817,13.97196922387648,296.31705237,19.42376350908454,0.6520922183990479,False,NONE
272,1260,2719,296.31705237,19.42376350908454,53561.0,143.5951742627346,147.91129032258064,4.680443739830867,4.821126311486985,1.2243381538775258,True,False,-1,PV-/PNN+,0.0,0.0,296.31705237,19.42376350908454,1.2804313898086548,False,NONE
273,1642,2689,296.31705237,19.42376350908454,65598.0,175.86595174262735,166.57258064516128,5.7323005254835655,5.429385745802501,1.410178426421454,True,False,-1,PV-/PNN+,0.0,0.0,296.31705237,19.42376350908454,1.1329469680786133,False,NONE
274,1309,2515,296.31705237,19.42376350908454,75265.0,201.7828418230563,165.09677419354838,6.577054164006837,5.38128225553468,1.2125761113114542,True,False,-1,PV-/PNN+,0.0,0.0,296.31705237,19.42376350908454,1.1617257595062256,False,NONE
275,1222,2504,296.31705237,19.42376350908454,70209.0,188.2278820375335,219.58064516129033,6.135234116797396,7.157168486405738,1.248043193510685,True,False,-1,PV-/PNN+,0.0,0.0,296.31705237,19.42376350908454,0.10419443249702454,False,NONE
276,1229,2652,296.31705237,19.42376350908454,79610.0,213.43163538873995,206.16129032258064,6.956743267077451,6.719768443751883,1.3254917199457399,True,False,-1,PV-/PNN+,0.0,0.0,296.31705237,19.42376350908454,0.47799909114837646,False,NONE
277,1279,2523,296.31705237,19.42376350908454,48182.0,129.17426273458446,103.74193548387096,4.210398242611805,3.3814387912855666,1.296719954284119,True,True,2294,PV+/PNN+,121.54560057,12.44012319610657,296.31705237,19.42376350908454,1.1894316673278809,False,NONE
278,1669,2762,296.31705237,19.42376350908454,46968.0,125.9195710455764,132.83870967741936,4.104312495516815,4.329839845309069,1.1997283417392839,True,False,-1,PV-/PNN+,0.0,0.0,296.31705237,19.42376350908454,0.2661912143230438,False,NONE
279,1509,2510,296.31705237,19.42376350908454,40563.0,108.7479892761394,106.54838709677419,3.5446096865024823,3.472914280975195,1.6123046040568658,True,False,-1,PV-/PNN+,0.0,0.0,296.31705237,19.42376350908454,0.4751710295677185,False,NONE
280,1337,2830,296.31705237,19.42376350908454,53125.0,142.42627345844505,133.8709677419355,4.642343751582585,4.3634860024362885,1.8124402821810963,True,True,2398,PV+/PNN+,168.41612628000001,14.643567596416077,296.31705237,19.42376350908454,0.746009349822998,False,NONE
281,1317,2597,296.31705237,19.42376350908454,39955.0,107.11796246648794,93.87096774193549,3.491479427660841,3.05969741375653,1.3338156269924981,True,False,-1,PV-/PNN+,0.0,0.0,296.31705237,19.42376350908454,0.2504270374774933,False,NONE
282,1418,2430,296.31705237,19.42376350908454,36054.0,96.65951742627345,95.35483870967742,3.1505893951916897,3.108063764626908,1.5357608501268933,True,True,2524,PV+/PNN+,54.81468261,8.354173898786094,296.31705237,19.42376350908454,0.6378135085105896,False,NONE
283,1282,2655,296.31705237,19.42376350908454,58965.0,158.08310991957106,163.13709677419354,5.152673869403617,5.317407129113474,1.279529276687553,True,False,-1,PV-/PNN+,0.0,0.0,296.31705237,19.42376350908454,1.1133958101272583,False,NONE
284,1325,2418,296.31705237,19.42376350908454,39190.0,105.06702412868633,82.1774193548387,3.424629677638052,2.678549540049745,1.4443788271135694,True,False,-1,PV-/PNN+,0.0,0.0,296.31705237,19.42376350908454,0.4164806604385376,False,NONE
285,1674,2567,296.31705237,19.42376350908454,33539.0,89.91689008042896,95.41129032258064,2.930815380410886,3.1099037888448025,1.3833971602710144,True,False,-1,PV-/PNN+,0.0,0.0,296.31705237,19.42376350908454,0.6036889553070068,False,NONE
286,1606,2823,296.31705237,19.42376350908454,34650.0,92.89544235924933,63.66129032258065,3.027900442208688,2.0750215965802448,1.2760911411682399,True,False,-1,PV-/PNN+,0.0,0.0,296.31705237,19.42376350908454,0.6675243377685547,False,NONE
287,1355,2699,296.31705237,19.42376350908454,89046.0,238.72922252010724,226.91129032258064,7.781310902652666,7.396108774129508,1.4389501920830747,True,True,2436,PV+/PNN+,131.07858885,12.918763206743188,296.31705237,19.42376350908454,0.974570631980896,False,NONE
288,1708,2844,296.31705237,19.42376350908454,57197.0,153.343163538874,124.4758064516129,4.998176669350948,4.0572534004580785,1.3280250829599705,True,True,2778,PV+/PNN+,128.69534178,12.800781162784691,296.31705237,19.42376350908454,1.0337934494018555,False,NONE
289,1438,2461,296.31705237,19.42376350908454,54444.0,145.96246648793564,117.49193548387096,4.757604954563053,3.8296161186442337,1.2161952013317838,True,False,-1,PV-/PNN+,0.0,0.0,296.31705237,19.42376350908454,0.5210441946983337,False,NONE
290,1424,2834,296.31705237,19.42376350908454,87006.0,233.26005361930294,207.26612903225808,7.603044902591893,6.755780346302111,1.1973759332260698,True,False,-1,PV-/PNN+,0.0,0.0,296.31705237,19.42376350908454,0.8673938512802124,False,NONE
291,1463,2843,296.31705237,19.42376350908454,43942.0,117.80697050938338,118.58870967741936,3.8398845954266716,3.865365160591905,1.4709791387629922,True,True,2578,PV+/PNN+,133.46183592,13.035677474005706,296.31705237,19.42376350908454,0.7599029541015625,False,NONE
292,1813,307,296.31705237,19.42376350908454,53628.0,143.77479892761394,146.6048387096774,4.686298554538745,4.7785428938728485,1.5992758799836788,True,False,-1,PV-/PNN+,0.0,0.0,296.31705237,19.42376350908454,2.2689249515533447,False,NONE
293,1902,84,296.31705237,19.42376350908454,19941.0,53.46112600536193,55.733870967741936,1.742550150594039,1.8166296242673006,1.5589230262570033,True,False,-1,PV-/PNN+,0.0,0.0,296.31705237,19.42376350908454,1.795298457145691,False,NONE
294,1863,400,296.31705237,19.42376350908454,14967.0,40.1260053619303,35.20161290322581,1.307895697504688,1.1473865301586987,1.8940507621395302,True,False,-1,PV-/PNN+,0.0,0.0,296.31705237,19.42376350908454,0.4503612518310547,False,NONE
295,1876,273,296.31705237,19.42376350908454,23702.0,63.54423592493298,56.193548387096776,2.071206241882549,1.8316126786130156,1.630400054158514,True,False,-1,PV-/PNN+,0.0,0.0,296.31705237,19.42376350908454,0.6738218069076538,False,NONE
296,1825,1816,296.31705237,19.42376350908454,21425.0,57.43967828418231,64.33064516129032,1.8722299271088354,2.0968390265924257,0.25858398195255455,True,False,-1,PV-/PNN+,0.0,0.0,296.31705237,19.42376350908454,0.6187315583229065,False,NONE
297,1851,2500,296.31705237,19.42376350908454,36510.0,97.88203753351206,93.18548387096774,3.190437089322921,3.037354262539236,2.1821303277577715,True,True,2860,PV+/PNN+,181.12677732,15.186104684686722,296.31705237,19.42376350908454,2.4286844730377197,False,NONE
298,1817,2541,296.31705237,19.42376350908454,39213.0,105.12868632707774,100.91935483870968,3.4266395394034426,3.289437580390826,1.6908388574980193,True,True,2840,PV+/PNN+,147.76131834,13.716251444643651,296.31705237,19.42376350908454,1.9487557411193848,False,NONE
299,1799,2508,296.31705237,19.42376350908454,30870.0,82.76139410187668,77.98387096774194,2.697584030331377,2.541862026720416,2.0791672166793926,True,True,2826,PV+/PNN+,165.23846352,14.504762875171128,296.31705237,19.42376350908454,1.681602954864502,False,NONE
300,1852,2643,296.31705237,19.42376350908454,40347.0,108.16890080428955,119.78225806451613,3.5257344629666365,3.904268529770252,1.8915173991252994,True,True,2862,PV+/PNN+,185.89327146,15.384624282804582,296.31705237,19.42376350908454,2.0477492809295654,False,NONE
301,1912,2669,296.31705237,19.42376350908454,62673.0,168.0241286863271,163.2741935483871,5.476698540102313,5.321875759356933,1.3660255281734321,True,True,2893,PV+/PNN+,98.50754556,11.199272407696524,296.31705237,19.42376350908454,2.988130569458008,False,NONE
302,1846,2719,296.31705237,19.42376350908454,45156.0,121.06166219839142,113.7741935483871,3.94597034252166,3.7084373808657323,1.71653439664236,True,True,2856,PV+/PNN+,178.74353025,15.085865274483455,296.31705237,19.42376350908454,2.3819243907928467,False,NONE
303,1817,2820,296.31705237,19.42376350908454,64501.0,172.92493297587131,146.6290322580645,5.636438857803827,4.779331475680517,1.2047950677677457,True,False,-1,PV-/PNN+,0.0,0.0,296.31705237,19.42376350908454,1.8666374683380127,False,NONE
304,1819,2627,296.31705237,19.42376350908454,31518.0,84.49865951742628,77.62096774193549,2.754209700938916,2.5300332996053783,1.3864733867882946,True,True,2841,PV+/PNN+,107.24611815,11.68546099424064,296.31705237,19.42376350908454,0.5514752864837646,False,NONE
305,1867,2767,296.31705237,19.42376350908454,38236.0,102.50938337801608,76.12903225806451,3.341264107021397,2.4814040881324435,1.4870840893534594,True,True,2871,PV+/PNN+,93.74105142,10.924962866435578,296.31705237,19.42376350908454,1.7192085981369019,False,NONE
306,1923,2844,296.31705237,19.42376350908454,48674.0,130.49329758713137,101.3225806451613,4.253391807332343,3.302580610518646,1.0674506014962348,True,False,-1,PV-/PNN+,0.0,0.0,296.31705237,19.42376350908454,2.120309829711914,False,NONE
307,1904,2554,296.31705237,19.42376350908454,18552.0,49.7372654155496,51.20967741935484,1.6211719770232493,1.6691648262331584,1.4337025115535966,True,True,2887,PV+/PNN+,76.26390624,9.854045933561641,296.31705237,19.42376350908454,0.4624841809272766,False,NONE
308,1907,2624,296.31705237,19.42376350908454,23500.0,63.002680965147455,52.95967741935484,2.053554412464767,1.726205576987898,1.4514360526532122,True,True,2892,PV+/PNN+,119.1623535,12.317557416952052,296.31705237,19.42376350908454,0.19653193652629852,False,NONE
309,695,2317,296.31705237,19.42376350908454,30574.0,81.96782841823057,67.75,2.6717179832637354,2.2082919220763406,1.4170546974600804,True,False,-1,PV-/PNN+,0.0,0.0,296.31705237,19.42376350908454,3.028369188308716,False,NONE
310,1247,1214,296.31705237,19.42376350908454,36755.0,98.53887399463807,57.50806451612903,3.211846486389043,1.8744589568297092,1.3140915863817013,True,True,2231,PV+/PNN+,82.61923176,10.25641618853639,296.31705237,19.42376350908454,1.9101670980453491,False,NONE
311,706,1730,296.31705237,19.42376350908454,55536.0,148.89008042895443,143.48387096774192,4.853029695772055,4.67681584068352,1.6553717752987889,True,True,892,PV+/PNN+,114.39585936,12.068692219586765,296.31705237,19.42376350908454,2.905708074569702,False,NONE
312,987,1759,296.31705237,19.42376350908454,41579.0,111.47184986595174,79.68548387096774,3.6333931453562784,2.5973256138598173,1.0848222335938171,True,False,-1,PV-/PNN+,0.0,0.0,296.31705237,19.42376350908454,2.5968449115753174,False,NONE
313,1191,2005,296.31705237,19.42376350908454,51195.0,137.2520107238606,114.11290322580645,4.473690133878032,3.719477526173101,1.3703684361978277,True,True,2092,PV+/PNN+,61.17000813,8.825195369105854,296.31705237,19.42376350908454,1.9712132215499878,False,NONE
314,613,76,296.31705237,19.42376350908454,50950.0,136.5951742627346,132.3951612903226,4.452280736811909,4.315382512168466,1.3470253055667014,True,True,663,PV+/PNN+,73.88065917,9.698854408967305,296.31705237,19.42376350908454,2.63845157623291,False,NONE
315,980,1160,296.31705237,19.42376350908454,37804.0,101.35120643431635,77.8225806451613,3.3035136599497044,2.536604814669288,1.1876043901711795,True,False,-1,PV-/PNN+,0.0,0.0,296.31705237,19.42376350908454,2.2352898120880127,False,NONE
316,561,1730,296.31705237,19.42376350908454,15201.0,40.75335120643432,32.516129032258064,1.3283438563351881,1.0598539495074164,1.1689660765664818,True,False,-1,PV-/PNN+,0.0,0.0,296.31705237,19.42376350908454,0.5788819789886475,False,NONE
317,1287,1734,296.31705237,19.42376350908454,54155.0,145.18766756032173,105.55645161290323,4.732350604554445,3.440582426860758,1.3021485893146136,True,False,-1,PV-/PNN+,0.0,0.0,296.31705237,19.42376350908454,2.3014914989471436,False,NONE
318,1155,1000,296.31705237,19.42376350908454,39381.0,105.57908847184987,71.16935483870968,3.4413202688202125,2.3197448175602555,1.2730149146509595,True,True,1978,PV+/PNN+,104.06845539,11.511041341340722,296.31705237,19.42376350908454,2.3185079097747803,False,NONE
319,646,606,296.31705237,19.42376350908454,20033.0,53.707774798927616,41.04838709677419,1.7505895976556034,1.3379604670120908,1.5040938124490086,True,True,745,PV+/PNN+,114.39585936,12.068692219586765,296.31705237,19.42376350908454,1.7816455364227295,False,NONE
320,1829,608,296.31705237,19.42376350908454,82804.0,221.9946380697051,229.59677419354838,7.235851896584364,7.483641354780791,1.506808129964256,True,False,-1,PV-/PNN+,0.0,0.0,296.31705237,19.42376350908454,2.505182981491089,False,NONE
321,1789,460,296.31705237,19.42376350908454,44650.0,119.70509383378015,85.45967741935483,3.901753383683057,2.7855338052902012,1.636009643690025,True,False,-1,PV-/PNN+,0.0,0.0,296.31705237,19.42376350908454,2.422438144683838,False,NONE
322,1747,2444,296.31705237,19.42376350908454,36528.0,97.93029490616622,88.00806451612904,3.192010024617575,2.8685977556980253,1.5198368540374427,True,True,2793,PV+/PNN+,111.2181966,11.899891008124815,296.31705237,19.42376350908454,1.8011738061904907,False,NONE
323,375,597,296.31705237,19.42376350908454,13421.0,35.98123324396783,29.60483870967742,1.1727980327527505,0.9649612719845551,1.3329108544874158,True,True,172,PV+/PNN+,92.94663573,10.878572156378345,296.31705237,19.42376350908454,0.8235679864883423,False,NONE
324,878,1175,296.31705237,19.42376350908454,49936.0,133.87667560321717,116.44354838709677,4.363672048546409,3.7954442403119013,1.662971864341481,True,True,1330,PV+/PNN+,69.11416503,9.380772250595795,296.31705237,19.42376350908454,2.594097375869751,False,NONE
325,822,1751,296.31705237,19.42376350908454,65404.0,175.34584450402144,154.46774193548387,5.715347778418963,5.0348319813653415,1.3245869474406575,True,True,1174,PV+/PNN+,69.90858072,9.434530697868029,296.31705237,19.42376350908454,1.7667840719223022,False,NONE
326,599,1559,296.31705237,19.42376350908454,29097.0,78.00804289544236,73.83064516129032,2.542649903807971,2.4064888164038685,2.6650978909707654,True,True,622,PV+/PNN+,169.21054197,14.678063680958498,296.31705237,19.42376350908454,1.884160041809082,False,NONE
327,1124,1746,296.31705237,19.42376350908454,46983.0,125.95978552278821,95.12096774193549,4.105623274929028,3.1004408071527725,1.0377740633295314,True,False,-1,PV-/PNN+,0.0,0.0,296.31705237,19.42376350908454,1.9110673666000366,False,NONE
328,608,947,296.31705237,19.42376350908454,64278.0,172.32707774798928,146.25806451612902,5.616951937208949,4.767239887962923,2.0207189128510685,True,True,652,PV+/PNN+,98.50754556,11.199272407696524,296.31705237,19.42376350908454,2.0218868255615234,False,NONE
329,1375,1784,296.31705237,19.42376350908454,16877.0,45.24664879356568,38.25,1.4748016093262923,1.246747837925019,1.2317572884192016,True,False,-1,PV-/PNN+,0.0,0.0,296.31705237,19.42376350908454,1.3146142959594727,False,NONE
330,1190,296,296.31705237,19.42376350908454,17131.0,45.92761394101877,48.814516129032256,1.4969974740397414,1.5910952272739067,1.355892076116509,True,True,2081,PV+/PNN+,172.38820473,14.815244827816286,296.31705237,19.42376350908454,1.3120278120040894,False,NONE
331,1180,242,296.31705237,19.42376350908454,32461.0,87.02680965147454,78.66935483870968,2.836614033319949,2.56420517793771,1.0784888260582401,True,False,-1,PV-/PNN+,0.0,0.0,296.31705237,19.42376350908454,1.4996397495269775,False,NONE
332,571,1181,296.31705237,19.42376350908454,54807.0,146.93565683646113,122.9758064516129,4.789325816338574,4.008361328382588,2.345894151177689,True,True,556,PV+/PNN+,138.22833006,13.266415342325756,296.31705237,19.42376350908454,1.9631301164627075,False,NONE
333,1665,2335,296.31705237,19.42376350908454,44974.0,120.57372654155496,98.95967741935483,3.930066218986827,3.2255624539696197,1.696267492528514,True,False,-1,PV-/PNN+,0.0,0.0,296.31705237,19.42376350908454,2.6277201175689697,False,NONE
334,496,1190,296.31705237,19.42376350908454,30985.0,83.06970509383378,51.37903225806452,2.707633339158332,1.674684898886843,1.2446050579913719,True,False,-1,PV-/PNN+,0.0,0.0,296.31705237,19.42376350908454,1.7974176406860352,False,NONE
335,971,580,296.31705237,19.42376350908454,12216.0,32.75067024128686,32.37096774193548,1.067498753305089,1.0551224586614012,1.267224370618432,True,True,1535,PV+/PNN+,103.2740397,11.467021901548332,296.31705237,19.42376350908454,0.7319682836532593,False,NONE
336,1458,2313,296.31705237,19.42376350908454,58742.0,157.48525469168902,131.8709677419355,5.1331869488087385,4.2982965730023,1.620990420105657,True,True,2575,PV+/PNN+,67.52533365000001,9.272320371655413,296.31705237,19.42376350908454,1.6271768808364868,False,NONE
337,581,240,296.31705237,19.42376350908454,50609.0,135.6809651474531,111.91129032258064,4.422482351507634,3.647716581675203,1.2721101421458771,True,False,-1,PV-/PNN+,0.0,0.0,296.31705237,19.42376350908454,2.1012070178985596,False,NONE
338,605,1017,296.31705237,19.42376350908454,56435.0,151.30026809651474,130.28225806451613,4.931589075210601,4.2465130342986885,1.6452383232418657,True,True,644,PV+/PNN+,87.3857259,10.54812598812072,296.31705237,19.42376350908454,1.6640889644622803,False,NONE
339,1731,2650,296.31705237,19.42376350908454,62035.0,166.313672922252,135.3709677419355,5.4209467224362475,4.412378074511779,1.2069665217799432,True,False,-1,PV-/PNN+,0.0,0.0,296.31705237,19.42376350908454,1.5309544801712036,False,NONE
340,610,537,296.31705237,19.42376350908454,18798.0,50.396782841823054,42.11290322580645,1.6426687593835185,1.3726580665495358,2.2849124843351336,True,True,650,PV+/PNN+,171.59378904,14.781068900342463,296.31705237,19.42376350908454,0.18549281358718872,False,NONE
341,1012,1196,296.31705237,19.42376350908454,18740.0,50.24128686327078,47.153225806451616,1.6376004123229675,1.5369459431472878,1.2950913637749708,True,False,-1,PV-/PNN+,0.0,0.0,296.31705237,19.42376350908454,0.5991685390472412,False,NONE
342,1763,239,296.31705237,19.42376350908454,35857.0,96.1313672922252,88.45161290322581,3.133374492244645,2.8830550888386273,2.0085949612829643,True,True,2807,PV+/PNN+,110.42378091,11.857315232959937,296.31705237,19.42376350908454,1.2173290252685547,False,NONE
343,1184,1130,296.31705237,19.42376350908454,57306.0,153.6353887399464,118.44354838709677,5.007701666413019,3.8606336697458894,1.1700518035725809,True,False,-1,PV-/PNN+,0.0,0.0,296.31705237,19.42376350908454,2.214085102081299,False,NONE
344,577,1078,296.31705237,19.42376350908454,66845.0,179.20911528150134,126.10483870967742,5.841269987285419,4.110351242174472,1.4217595144865087,True,False,-1,PV-/PNN+,0.0,0.0,296.31705237,19.42376350908454,1.4604458808898926,False,NONE
345,632,1515,296.31705237,19.42376350908454,51826.0,138.94369973190348,89.12096774193549,4.528830254485064,2.9048725188508087,1.376882798234421,True,True,705,PV+/PNN+,69.90858072,9.434530697868029,296.31705237,19.42376350908454,1.4213378429412842,False,NONE
346,1201,1744,296.31705237,19.42376350908454,68798.0,184.44504021447722,127.51612903225806,6.011933466755363,4.156351847621843,1.2165571103338169,True,False,-1,PV-/PNN+,0.0,0.0,296.31705237,19.42376350908454,1.869139552116394,False,NONE
347,1152,2317,296.31705237,19.42376350908454,47341.0,126.9195710455764,95.19354838709677,4.13690721023381,3.1028065525757795,1.2123951568104379,True,False,-1,PV-/PNN+,0.0,0.0,296.31705237,19.42376350908454,2.009796142578125,False,NONE
348,629,1184,296.31705237,19.42376350908454,52535.0,140.84450402144773,139.34677419354838,4.590786428035598,4.541968351572086,1.552589618721426,True,False,-1,PV-/PNN+,0.0,0.0,296.31705237,19.42376350908454,1.8749995231628418,False,NONE
349,610,1231,296.31705237,19.42376350908454,43862.0,117.59249329758713,87.70967741935483,3.832893771894877,2.858871913403438,2.0409858169649144,True,True,654,PV+/PNN+,100.09637694,11.289227848029503,296.31705237,19.42376350908454,1.4037543535232544,False,NONE
350,975,2323,296.31705237,19.42376350908454,59894.0,160.57372654155495,145.6048387096774,5.233854807666584,4.745948179155854,1.2970818632861518,True,False,-1,PV-/PNN+,0.0,0.0,296.31705237,19.42376350908454,0.49390190839767456,False,NONE
351,1173,1976,296.31705237,19.42376350908454,30844.0,82.6916890080429,59.86290322580645,2.6953120126835435,1.9512142527761787,1.1997283417392839,True,False,-1,PV-/PNN+,0.0,0.0,296.31705237,19.42376350908454,1.364409327507019,False,NONE
352,1196,2809,296.31705237,19.42376350908454,31565.0,84.62466487935657,82.69354838709677,2.7583168097638455,2.695372618613355,1.2683100976245312,True,False,-1,PV-/PNN+,0.0,0.0,296.31705237,19.42376350908454,1.6057783365249634,False,NONE
353,618,1344,296.31705237,19.42376350908454,55207.0,148.00804289544237,129.90322580645162,4.824279933997548,4.2341585859785384,1.739334663770437,True,False,-1,PV-/PNN+,0.0,0.0,296.31705237,19.42376350908454,1.5397132635116577,False,NONE
354,1159,2025,296.31705237,19.42376350908454,31683.0,84.94101876675603,70.80645161290323,2.768628274473243,2.3079160904452176,1.2467765120035696,True,False,-1,PV-/PNN+,0.0,0.0,296.31705237,19.42376350908454,0.6642556190490723,False,NONE
355,1205,1173,296.31705237,19.42376350908454,17598.0,47.179624664879356,44.42741935483871,1.5378064064065944,1.4480990594832237,1.5813613843830472,True,False,-1,PV-/PNN+,0.0,0.0,296.31705237,19.42376350908454,0.3072373867034912,False,NONE
356,1491,2339,296.31705237,19.42376350908454,68158.0,182.72922252010724,150.71774193548387,5.956006878501004,4.9126018011766135,1.3797780702506848,True,False,-1,PV-/PNN+,0.0,0.0,296.31705237,19.42376350908454,2.338665246963501,False,NONE
357,610,495,296.31705237,19.42376350908454,16001.0,42.898123324396785,35.653225806451616,1.3982520916531378,1.1621067239018574,1.9877851936660684,True,True,651,PV+/PNN+,121.54560057,12.44012319610657,296.31705237,19.42376350908454,0.6305458545684814,False,NONE
358,1338,1768,296.31705237,19.42376350908454,16086.0,43.1260053619303,39.54032258064516,1.40567984165567,1.2888055343340434,1.2274143803948059,True,False,-1,PV-/PNN+,0.0,0.0,296.31705237,19.42376350908454,0.3793995976448059,False,NONE
359,864,2355,296.31705237,19.42376350908454,24321.0,65.20375335120643,56.0,2.1252977389598127,1.8253040241516618,1.3799590247517013,True,True,1291,PV+/PNN+,113.60144367,12.026714032504806,296.31705237,19.42376350908454,1.3090254068374634,False,NONE
360,585,757,296.31705237,19.42376350908454,26480.0,70.99195710455764,56.37096774193548,2.313962589024129,1.8373956118692563,1.247681284508652,True,False,-1,PV-/PNN+,0.0,0.0,296.31705237,19.42376350908454,0.42120134830474854,False,NONE
361,1185,1537,296.31705237,19.42376350908454,21756.0,58.32707774798928,45.685483870967744,1.901154459471637,1.4891053134820225,1.350282486584998,True,True,2060,PV+/PNN+,102.47962401,11.422832828117684,296.31705237,19.42376350908454,0.9786756038665771,False,NONE
362,860,1152,296.31705237,19.42376350908454,39616.0,106.20911528150134,88.7741935483871,3.46185581294486,2.8935695129408834,1.7648492484137612,True,True,1287,PV+/PNN+,83.41364745,10.305607915302103,296.31705237,19.42376350908454,1.827645182609558,False,NONE
363,1161,2576,296.31705237,19.42376350908454,55093.0,147.7024128686327,153.6209677419355,4.81431801046474,5.007231618096919,1.305767679334943,True,False,-1,PV-/PNN+,0.0,0.0,296.31705237,19.42376350908454,1.2726446390151978,False,NONE
364,1197,2567,296.31705237,19.42376350908454,63630.0,170.5898123324397,165.36290322580646,5.56032626660141,5.3899566554190415,1.2840531392129653,True,False,-1,PV-/PNN+,0.0,0.0,296.31705237,19.42376350908454,0.7438290119171143,False,NONE
365,943,1737,296.31705237,19.42376350908454,19581.0,52.49597855227882,44.62903225806452,1.7110914447009618,1.4546705745471338,1.1172130892757677,True,True,1478,PV+/PNN+,89.76897297000001,10.690996505268624,296.31705237,19.42376350908454,1.3688794374465942,False,NONE
366,612,1455,296.31705237,19.42376350908454,36824.0,98.72386058981233,72.13709677419355,3.217876071685216,2.351288089867024,1.4351501475617288,True,False,-1,PV-/PNN+,0.0,0.0,296.31705237,19.42376350908454,0.6902673244476318,False,NONE
367,1762,2538,296.31705237,19.42376350908454,37910.0,101.63538873994638,74.70967741935483,3.3127765011293326,2.4351406220825162,1.4689886392518112,True,True,2801,PV+/PNN+,170.79937335,14.746813769937054,296.31705237,19.42376350908454,1.6110990047454834,False,NONE
368,1342,2322,296.31705237,19.42376350908454,71032.0,190.4343163538874,166.43548387096774,6.207152213880737,5.424917115559043,1.3455776695585695,True,False,-1,PV-/PNN+,0.0,0.0,296.31705237,19.42376350908454,1.1785739660263062,False,NONE
369,1187,2428,296.31705237,19.42376350908454,52834.0,141.64611260053618,112.51612903225806,4.61691463098568,3.6674311268669335,1.219271427849064,True,False,-1,PV-/PNN+,0.0,0.0,296.31705237,19.42376350908454,1.8550467491149902,False,NONE
370,1157,1427,296.31705237,19.42376350908454,19601.0,52.54959785522788,46.475806451612904,1.7128391505839105,1.51486565253255,1.0842793700907676,True,False,-1,PV-/PNN+,0.0,0.0,296.31705237,19.42376350908454,0.6209438443183899,False,NONE
371,579,1210,296.31705237,19.42376350908454,44043.0,118.07774798927613,103.2258064516129,3.8487105101355628,3.364615712721957,1.589142427926756,True,True,583,PV+/PNN+,47.664941400000004,7.7903073294937615,296.31705237,19.42376350908454,1.5049278736114502,False,NONE
372,1856,1747,296.31705237,19.42376350908454,15618.0,41.871313672922255,36.556451612903224,1.3647835239946695,1.1915471113881744,0.923410818687114,True,False,-1,PV-/PNN+,0.0,0.0,296.31705237,19.42376350908454,0.1783575713634491,False,NONE
373,607,187,296.31705237,19.42376350908454,66928.0,179.43163538873995,172.33064516129033,5.848522966699656,5.617068216027774,2.0683099466184034,True,True,630,PV+/PNN+,263.74600908,18.3251698089468,296.31705237,19.42376350908454,1.167809009552002,False,NONE
374,775,1193,296.31705237,19.42376350908454,22722.0,60.916890080428956,53.75,1.985568653618061,1.7519659160384253,1.5116939014917012,True,False,-1,PV-/PNN+,0.0,0.0,296.31705237,19.42376350908454,0.25924938917160034,False,NONE
375,1194,2292,296.31705237,19.42376350908454,26996.0,72.37533512064343,68.24193548387096,2.359053400804206,2.2243264188322813,1.1638993505380204,True,False,-1,PV-/PNN+,0.0,0.0,296.31705237,19.42376350908454,0.1983334720134735,False,NONE
376,658,1746,296.31705237,19.42376350908454,16559.0,44.394101876675606,44.58064516129032,1.4470130857874075,1.4530934109317952,1.1863377086640643,True,False,-1,PV-/PNN+,0.0,0.0,296.31705237,19.42376350908454,0.532686173915863,False,NONE
377,450,1171,296.31705237,19.42376350908454,21685.0,58.13672922252011,57.274193548387096,1.894950103587169,1.8668359993555734,1.4159689704539815,True,False,-1,PV-/PNN+,0.0,0.0,296.31705237,19.42376350908454,1.4358495473861694,False,NONE
378,1730,2794,296.31705237,19.42376350908454,50057.0,134.20107238605897,106.28225806451613,4.374245669138248,3.4642398810908337,1.1067177282168117,True,False,-1,PV-/PNN+,0.0,0.0,296.31705237,19.42376350908454,1.6208950281143188,False,NONE
379,1060,2341,296.31705237,19.42376350908454,75715.0,202.98927613941018,187.1048387096774,6.616377546373184,6.098628839911103,1.1928520707006576,True,True,1726,PV+/PNN+,135.05066730000001,13.113041224263421,296.31705237,19.42376350908454,1.023682951927185,False,NONE
380,1770,2841,296.31705237,19.42376350908454,74635.0,200.09383378016085,190.08064516129033,6.522001428693952,6.195624402254417,1.2107665663012894,True,True,2811,PV+/PNN+,108.83494953,11.77170172875832,296.31705237,19.42376350908454,1.4845315217971802,False,NONE
381,596,1125,296.31705237,19.42376350908454,63610.0,170.53619302949062,156.78225806451613,5.558578560718461,5.110272974299029,1.916489120265574,True,False,-1,PV-/PNN+,0.0,0.0,296.31705237,19.42376350908454,1.4704458713531494,False,NONE
382,1011,1773,296.31705237,19.42376350908454,20981.0,56.24932975871314,58.0,1.8334308565073734,1.8904934535856497,1.2699386881336794,True,False,-1,PV-/PNN+,0.0,0.0,296.31705237,19.42376350908454,1.0227885246276855,False,NONE
383,604,1499,296.31705237,19.42376350908454,23161.0,62.09383378016086,54.0,2.0239307977487857,1.760114594717674,1.7293821662145303,True,True,640,PV+/PNN+,88.18014159,10.595963539609496,296.31705237,19.42376350908454,0.5348514318466187,False,NONE
384,897,2327,296.31705237,19.42376350908454,31131.0,83.46112600536193,70.19354838709677,2.7203915921038577,2.2879386846509306,1.4955889509012341,True,True,1390,PV+/PNN+,173.97703611,14.883361255142246,296.31705237,19.42376350908454,0.4211612343788147,False,NONE
385,1738,373,296.31705237,19.42376350908454,26216.0,70.28418230563003,73.79032258064517,2.2908928713692056,2.4051745133910867,1.4693505482538438,True,False,-1,PV-/PNN+,0.0,0.0,296.31705237,19.42376350908454,0.5521826148033142,False,NONE
386,949,1185,296.31705237,19.42376350908454,19256.0,51.624664879356565,42.13709677419355,1.6826912241030447,1.3734466483572052,1.3063105428379926,True,True,1488,PV+/PNN+,74.67507486,9.75085936304132,296.31705237,19.42376350908454,0.8046365976333618,False,NONE
387,1180,1345,296.31705237,19.42376350908454,26384.0,70.73458445040214,52.82258064516129,2.3055736007859746,1.721736946744439,1.513141537499833,True,True,2051,PV+/PNN+,146.17248696000001,13.642308849668993,296.31705237,19.42376350908454,0.25900012254714966,False,NONE
388,1678,2364,296.31705237,19.42376350908454,32488.0,87.09919571045576,81.35483870967742,2.8389734362619294,2.6517377585889927,1.6432478237306842,True,True,2760,PV+/PNN+,127.1065104,12.721518597815718,296.31705237,19.42376350908454,0.8779903054237366,False,NONE
389,764,1762,296.31705237,19.42376350908454,51934.0,139.23324396782843,104.99193548387096,4.538267866252988,3.4221821846818092,1.385749568784229,True,True,1025,PV+/PNN+,91.35780435,10.78519212710641,296.31705237,19.42376350908454,0.5401518940925598,False,NONE
390,622,1424,296.31705237,19.42376350908454,29770.0,79.81233243967829,66.40322580645162,2.6014602067691963,2.1643942014494217,1.3104724963613719,True,False,-1,PV-/PNN+,0.0,0.0,296.31705237,19.42376350908454,0.5055515766143799,False,NONE
391,1199,2673,296.31705237,19.42376350908454,35768.0,95.89276139410188,95.70161290322581,3.125597201065523,3.1193667705368333,1.5097034019805198,True,False,-1,PV-/PNN+,0.0,0.0,296.31705237,19.42376350908454,0.10720756649971008,False,NONE
392,813,624,296.31705237,19.42376350908454,11872.0,31.828418230563003,33.04032258064516,1.0374382121183707,1.0769398886735826,1.4539694156674428,True,False,-1,PV-/PNN+,0.0,0.0,296.31705237,19.42376350908454,0.7080897688865662,False,NONE
393,624,722,296.31705237,19.42376350908454,26307.0,70.52815013404826,89.71774193548387,2.2988449331366225,2.924324203439982,1.5270750340781023,True,False,-1,PV-/PNN+,0.0,0.0,296.31705237,19.42376350908454,1.594124674797058,False,NONE
394,1213,1669,296.31705237,19.42376350908454,29408.0,78.84182305630027,71.95161290322581,2.5698267302878244,2.3452422960082266,1.2751863686631575,True,False,-1,PV-/PNN+,0.0,0.0,296.31705237,19.42376350908454,0.8090511560440063,False,NONE
395,548,1200,296.31705237,19.42376350908454,19212.0,51.506702412868634,51.233870967741936,1.6788462711605576,1.6699534080408276,1.3676541186825804,True,False,-1,PV-/PNN+,0.0,0.0,296.31705237,19.42376350908454,0.31547921895980835,False,NONE
396,1166,1486,296.31705237,19.42376350908454,15934.0,42.71849865951743,42.435483870967744,1.3923972769452595,1.3831724906517922,1.2008140687453828,True,False,-1,PV-/PNN+,0.0,0.0,296.31705237,19.42376350908454,0.13085229694843292,False,NONE
397,1202,1108,296.31705237,19.42376350908454,22320.0,59.839142091152816,55.096774193548384,1.9504397653707914,1.7958636366653447,1.603075924505025,True,True,2090,PV+/PNN+,133.46183592,13.035677474005706,296.31705237,19.42376350908454,1.456038236618042,False,NONE
398,1605,1179,296.31705237,19.42376350908454,86565.0,232.07774798927613,201.7016129032258,7.564507987872874,6.574406530538193,1.0983938211700535,True,False,-1,PV-/PNN+,0.0,0.0,296.31705237,19.42376350908454,1.0458441972732544,False,NONE
399,228,317,151.73339679,13.899387074616612,2436.0,12.75392670157068,0.0,0.0,0.0,1.7640846919618223,False,True,1,PV+/PNN-,151.73339679,13.899387074616612,0.0,0.0,0.0,False,NONE
400,227,728,124.72326333,12.60169000650996,2735.0,17.420382165605094,0.0,0.0,0.0,1.3929116787798748,False,True,2,PV+/PNN-,124.72326333,12.60169000650996,0.0,0.0,0.0,False,NONE
401,229,297,108.83494953,11.77170172875832,2293.0,16.73722627737226,0.0,0.0,0.0,1.491317368008626,False,True,3,PV+/PNN-,108.83494953,11.77170172875832,0.0,0.0,0.0,False,NONE
402,234,265,93.74105142,10.924962866435578,2245.0,19.02542372881356,0.0,0.0,0.0,1.463176626041197,False,True,4,PV+/PNN-,93.74105142,10.924962866435578,0.0,0.0,0.0,False,NONE
403,235,348,131.07858885,12.91876320674319,2641.0,16.006060606060608,0.0,0.0,0.0,1.5479089289618,False,True,5,PV+/PNN-,131.07858885,12.91876320674319,0.0,0.0,0.0,False,NONE
404,238,362,85.00247883,10.403293586497956,1378.0,12.878504672897197,0.0,0.0,0.0,1.621797105124207,False,True,6,PV+/PNN-,85.00247883,10.403293586497956,0.0,0.0,0.0,False,NONE
405,242,379,109.62936522,11.814586030086609,2079.0,15.065217391304348,0.0,0.0,0.0,1.744625616028419,False,True,7,PV+/PNN-,109.62936522,11.814586030086609,0.0,0.0,0.0,False,NONE
406,243,389,102.47962401,11.422832828117684,2543.0,19.713178294573645,0.0,0.0,0.0,1.8412288808195558,False,True,8,PV+/PNN-,102.47962401,11.422832828117684,0.0,0.0,0.0,False,NONE
407,243,248,112.01261229,11.942314996545514,2655.0,18.829787234042552,0.0,0.0,0.0,1.6088947025731721,False,True,9,PV+/PNN-,112.01261229,11.942314996545514,0.0,0.0,0.0,False,NONE
408,248,437,44.48727864,7.526151898686336,779.0,13.910714285714286,0.0,0.0,0.0,1.650036848849178,False,True,10,PV+/PNN-,44.48727864,7.526151898686336,0.0,0.0,0.0,False,NONE
409,248,653,54.02026692,8.293415464071046,881.0,12.955882352941176,0.0,0.0,0.0,1.6208972817595455,False,True,11,PV+/PNN-,54.02026692,8.293415464071046,0.0,0.0,0.0,False,NONE
410,251,308,139.81716144,13.342441267550265,2186.0,12.420454545454545,0.0,0.0,0.0,1.4864466359976058,False,True,12,PV+/PNN-,139.81716144,13.342441267550265,0.0,0.0,0.0,False,NONE
411,250,400,79.441569,10.057243516322302,1546.0,15.46,0.0,0.0,0.0,1.6104552490564772,False,True,13,PV+/PNN-,79.441569,10.057243516322302,0.0,0.0,0.0,False,NONE
412,251,491,82.61923176,10.256416188536388,1197.0,11.509615384615385,0.0,0.0,0.0,1.8743128019517323,False,True,14,PV+/PNN-,82.61923176,10.256416188536388,0.0,0.0,0.0,False,NONE
413,258,360,202.57600095,16.06012998776311,3793.0,14.874509803921569,0.0,0.0,0.0,1.8078348127238533,False,True,15,PV+/PNN-,202.57600095,16.06012998776311,0.0,0.0,0.0,False,NONE
414,254,565,97.71312987,11.154022637162193,2027.0,16.479674796747968,0.0,0.0,0.0,1.5535061606249487,False,True,16,PV+/PNN-,97.71312987,11.154022637162193,0.0,0.0,0.0,False,NONE
415,255,322,115.19027505,12.11052490037406,2269.0,15.648275862068965,0.0,0.0,0.0,1.619904693099558,False,True,17,PV+/PNN-,115.19027505,12.11052490037406,0.0,0.0,0.0,False,NONE
416,256,417,115.19027505,12.11052490037406,2400.0,16.551724137931036,0.0,0.0,0.0,1.799583776874394,False,True,18,PV+/PNN-,115.19027505,12.11052490037406,0.0,0.0,0.0,False,NONE
417,254,459,85.79689452,10.451794052617739,1440.0,13.333333333333334,0.0,0.0,0.0,1.5405343628435224,False,True,19,PV+/PNN-,85.79689452,10.451794052617739,0.0,0.0,0.0,False,NONE
418,263,426,111.2181966,11.899891008124815,1268.0,9.057142857142857,0.0,0.0,0.0,1.8884424651401692,False,True,20,PV+/PNN-,111.2181966,11.899891008124815,0.0,0.0,0.0,False,NONE
419,264,228,100.89079263,11.333937836259333,3161.0,24.88976377952756,0.0,0.0,0.0,1.5173319877950258,False,True,21,PV+/PNN-,100.89079263,11.333937836259333,0.0,0.0,0.0,False,NONE
420,266,581,135.84508299,13.151552441468574,2456.0,14.362573099415204,0.0,0.0,0.0,1.6688491818774198,False,True,22,PV+/PNN-,135.84508299,13.151552441468574,0.0,0.0,0.0,False,NONE
421,265,703,85.79689452,10.451794052617739,1764.0,16.333333333333332,0.0,0.0,0.0,1.5767822302045467,False,True,23,PV+/PNN-,85.79689452,10.451794052617739,0.0,0.0,0.0,False,NONE
422,267,766,122.34001626,12.48071098158173,2720.0,17.662337662337663,0.0,0.0,0.0,1.528302939620714,False,True,24,PV+/PNN-,122.34001626,12.48071098158173,0.0,0.0,0.0,False,NONE
423,266,680,98.50754556,11.199272407696524,2374.0,19.14516129032258,0.0,0.0,0.0,1.4876342494089692,False,True,25,PV+/PNN-,98.50754556,11.199272407696524,0.0,0.0,0.0,False,NONE
424,270,398,145.37807127,13.6051868520168,2488.0,13.595628415300547,0.0,0.0,0.0,1.8386213331287105,False,True,26,PV+/PNN-,145.37807127,13.6051868520168,0.0,0.0,0.0,False,NONE
425,273,417,142.20040851,13.455674765407588,2743.0,15.324022346368714,0.0,0.0,0.0,1.8261635076073464,False,True,27,PV+/PNN-,142.20040851,13.455674765407588,0.0,0.0,0.0,False,NONE
426,269,557,100.89079263,11.333937836259333,1947.0,15.330708661417322,0.0,0.0,0.0,1.625219341042798,False,True,28,PV+/PNN-,100.89079263,11.333937836259333,0.0,0.0,0.0,False,NONE
427,270,613,114.39585936,12.068692219586765,1976.0,13.722222222222221,0.0,0.0,0.0,1.6724016044500067,False,True,29,PV+/PNN-,114.39585936,12.068692219586765,0.0,0.0,0.0,False,NONE
428,270,501,121.54560057,12.440123196106569,1813.0,11.84967320261438,0.0,0.0,0.0,1.7134286023961556,False,True,30,PV+/PNN-,121.54560057,12.440123196106569,0.0,0.0,0.0,False,NONE
429,273,748,104.86287108,11.554893086200376,2140.0,16.21212121212121,0.0,0.0,0.0,1.4705952958820483,False,True,31,PV+/PNN-,104.86287108,11.554893086200376,0.0,0.0,0.0,False,NONE
430,272,524,92.15222004,10.83198276817611,1425.0,12.28448275862069,0.0,0.0,0.0,1.6571438814466743,False,True,32,PV+/PNN-,92.15222004,10.83198276817611,0.0,0.0,0.0,False,NONE
431,279,272,129.48975747,12.84022896403991,2717.0,16.66871165644172,0.0,0.0,0.0,1.4637942459373563,False,True,33,PV+/PNN-,129.48975747,12.84022896403991,0.0,0.0,0.0,False,NONE
432,278,707,135.05066730000001,13.113041224263421,2897.0,17.041176470588237,0.0,0.0,0.0,1.7147961689943607,False,True,34,PV+/PNN-,135.05066730000001,13.113041224263421,0.0,0.0,0.0,False,NONE
433,283,654,126.31209471,12.681701540530954,3332.0,20.955974842767297,0.0,0.0,0.0,1.7192384714500026,False,True,35,PV+/PNN-,126.31209471,12.681701540530954,0.0,0.0,0.0,False,NONE
434,281,632,87.3857259,10.548125988120718,1679.0,15.263636363636364,0.0,0.0,0.0,1.728511939568733,False,True,36,PV+/PNN-,87.3857259,10.548125988120718,0.0,0.0,0.0,False,NONE
435,283,765,90.56338866,10.738197602350779,2418.0,21.210526315789473,0.0,0.0,0.0,1.4576773956180964,False,True,37,PV+/PNN-,90.56338866,10.738197602350779,0.0,0.0,0.0,False,NONE
436,287,844,156.49989093,14.116013951495509,4213.0,21.385786802030456,0.0,0.0,0.0,1.4324918616432427,False,True,38,PV+/PNN-,156.49989093,14.116013951495509,0.0,0.0,0.0,False,NONE
437,284,562,104.86287108,11.554893086200376,1945.0,14.734848484848484,0.0,0.0,0.0,1.7712594245255269,False,True,39,PV+/PNN-,104.86287108,11.554893086200376,0.0,0.0,0.0,False,NONE
438,286,618,121.54560057,12.440123196106569,2177.0,14.22875816993464,0.0,0.0,0.0,1.697988334351906,False,True,40,PV+/PNN-,121.54560057,12.440123196106569,0.0,0.0,0.0,False,NONE
439,287,596,120.75118488,12.39940255265723,1909.0,12.55921052631579,0.0,0.0,0.0,1.6749672429746525,False,True,41,PV+/PNN-,120.75118488,12.39940255265723,0.0,0.0,0.0,False,NONE
440,289,336,115.98469074,12.152213577535832,3907.0,26.76027397260274,0.0,0.0,0.0,1.5727499331976873,False,True,42,PV+/PNN-,115.98469074,12.152213577535832,0.0,0.0,0.0,False,NONE
441,288,426,116.77910643,12.193759728054031,2537.0,17.258503401360546,0.0,0.0,0.0,1.7810686804232387,False,True,43,PV+/PNN-,116.77910643,12.193759728054031,0.0,0.0,0.0,False,NONE
442,289,199,115.19027505,12.11052490037406,5397.0,37.220689655172414,0.0,0.0,0.0,1.601750588780339,False,True,44,PV+/PNN-,115.19027505,12.11052490037406,0.0,0.0,0.0,False,NONE
443,287,440,25.42130208,5.689236072348751,534.0,16.6875,0.0,0.0,0.0,1.7359134927355941,False,True,45,PV+/PNN-,25.42130208,5.689236072348751,0.0,0.0,0.0,False,NONE
444,291,492,137.43391437,13.228238528376714,1998.0,11.54913294797688,0.0,0.0,0.0,1.7978133010122264,False,True,46,PV+/PNN-,137.43391437,13.228238528376714,0.0,0.0,0.0,False,NONE
445,293,646,100.09637694,11.289227848029503,2619.0,20.785714285714285,0.0,0.0,0.0,1.715256225960577,False,True,47,PV+/PNN-,100.09637694,11.289227848029503,0.0,0.0,0.0,False,NONE
446,291,244,61.17000813,8.825195369105852,1852.0,24.051948051948052,0.0,0.0,0.0,1.3884897369424785,False,True,48,PV+/PNN-,61.17000813,8.825195369105852,0.0,0.0,0.0,False,NONE
447,295,412,104.86287108,11.554893086200376,2106.0,15.954545454545455,0.0,0.0,0.0,1.5912700141811313,False,True,49,PV+/PNN-,104.86287108,11.554893086200376,0.0,0.0,0.0,False,NONE
448,295,509,104.86287108,11.554893086200376,1331.0,10.083333333333334,0.0,0.0,0.0,1.6132573569220663,False,True,50,PV+/PNN-,104.86287108,11.554893086200376,0.0,0.0,0.0,False,NONE
449,295,758,119.1623535,12.317557416952052,3165.0,21.1,0.0,0.0,0.0,1.4637638796257952,False,True,51,PV+/PNN-,119.1623535,12.317557416952052,0.0,0.0,0.0,False,NONE
450,294,784,71.4974121,9.54113894836179,1892.0,21.022222222222222,0.0,0.0,0.0,1.4091670918213284,False,True,52,PV+/PNN-,71.4974121,9.54113894836179,0.0,0.0,0.0,False,NONE
451,296,542,89.76897297000001,10.690996505268625,1309.0,11.584070796460177,0.0,0.0,0.0,1.7584806107983404,False,True,53,PV+/PNN-,89.76897297000001,10.690996505268625,0.0,0.0,0.0,False,NONE
452,297,582,120.75118488,12.39940255265723,1793.0,11.796052631578947,0.0,0.0,0.0,1.7278095287418807,False,True,54,PV+/PNN-,120.75118488,12.39940255265723,0.0,0.0,0.0,False,NONE
453,297,276,105.65728677,11.598579038183399,3160.0,23.7593984962406,0.0,0.0,0.0,1.4260439184241098,False,True,55,PV+/PNN-,105.65728677,11.598579038183399,0.0,0.0,0.0,False,NONE
454,299,607,122.34001626,12.48071098158173,2314.0,15.025974025974026,0.0,0.0,0.0,1.601058399321614,False,True,56,PV+/PNN-,122.34001626,12.48071098158173,0.0,0.0,0.0,False,NONE
455,298,628,99.30196125,11.244340084382843,1436.0,11.488,0.0,0.0,0.0,1.5518686959893766,False,True,57,PV+/PNN-,99.30196125,11.244340084382843,0.0,0.0,0.0,False,NONE
456,299,726,109.62936522,11.814586030086609,3326.0,24.10144927536232,0.0,0.0,0.0,1.5700163239280136,False,True,58,PV+/PNN-,109.62936522,11.814586030086609,0.0,0.0,0.0,False,NONE
457,301,380,129.48975747,12.84022896403991,4959.0,30.42331288343558,0.0,0.0,0.0,1.7159726605839898,False,True,59,PV+/PNN-,129.48975747,12.84022896403991,0.0,0.0,0.0,False,NONE
458,299,862,100.09637694,11.289227848029503,2237.0,17.753968253968253,0.0,0.0,0.0,1.3917038335557712,False,True,60,PV+/PNN-,100.09637694,11.289227848029503,0.0,0.0,0.0,False,NONE
459,303,524,137.43391437,13.228238528376714,2042.0,11.803468208092486,0.0,0.0,0.0,1.887547905880458,False,True,61,PV+/PNN-,137.43391437,13.228238528376714,0.0,0.0,0.0,False,NONE
460,302,771,127.1065104,12.72151859781572,2952.0,18.45,0.0,0.0,0.0,1.3752315884126456,False,True,62,PV+/PNN-,127.1065104,12.72151859781572,0.0,0.0,0.0,False,NONE
461,307,693,135.84508299,13.151552441468574,2990.0,17.485380116959064,0.0,0.0,0.0,1.7083205437950506,False,True,63,PV+/PNN-,135.84508299,13.151552441468574,0.0,0.0,0.0,False,NONE
462,305,807,104.06845539,11.51104134134072,2792.0,21.31297709923664,0.0,0.0,0.0,1.496763083159738,False,True,64,PV+/PNN-,104.06845539,11.51104134134072,0.0,0.0,0.0,False,NONE
463,305,468,86.59131021,10.500070494515816,1180.0,10.825688073394495,0.0,0.0,0.0,1.8174389427550468,False,True,65,PV+/PNN-,86.59131021,10.500070494515816,0.0,0.0,0.0,False,NONE
464,305,924,67.52533365000001,9.272320371655413,1370.0,16.11764705882353,0.0,0.0,0.0,1.6556378848591073,False,True,66,PV+/PNN-,67.52533365000001,9.272320371655413,0.0,0.0,0.0,False,NONE
465,309,248,106.45170246,11.642101063659146,3123.0,23.30597014925373,0.0,0.0,0.0,1.5116088258680889,False,True,67,PV+/PNN-,106.45170246,11.642101063659146,0.0,0.0,0.0,False,NONE
466,310,555,111.2181966,11.899891008124815,1797.0,12.835714285714285,0.0,0.0,0.0,1.6415998452392844,False,True,68,PV+/PNN-,111.2181966,11.899891008124815,0.0,0.0,0.0,False,NONE
467,311,421,76.26390624,9.854045933561641,1880.0,19.583333333333332,0.0,0.0,0.0,1.6297478639777672,False,True,69,PV+/PNN-,76.26390624,9.854045933561641,0.0,0.0,0.0,False,NONE
468,312,396,84.20806314000001,10.354565948189398,2288.0,21.58490566037736,0.0,0.0,0.0,2.064359675718855,False,True,70,PV+/PNN-,84.20806314000001,10.354565948189398,0.0,0.0,0.0,False,NONE
469,314,566,141.40599282,13.418036440588484,2128.0,11.955056179775282,0.0,0.0,0.0,1.8170841033083058,False,True,71,PV+/PNN-,141.40599282,13.418036440588484,0.0,0.0,0.0,False,NONE
470,311,913,106.45170246,11.642101063659146,2766.0,20.64179104477612,0.0,0.0,0.0,1.9699773801966332,False,True,72,PV+/PNN-,106.45170246,11.642101063659146,0.0,0.0,0.0,False,NONE
471,312,838,70.70299641,9.487984557348323,1726.0,19.39325842696629,0.0,0.0,0.0,1.3332361659499172,False,True,73,PV+/PNN-,70.70299641,9.487984557348323,0.0,0.0,0.0,False,NONE
472,314,471,101.68520832,11.378472144697502,1679.0,13.1171875,0.0,0.0,0.0,1.69900160194231,False,True,74,PV+/PNN-,101.68520832,11.378472144697502,0.0,0.0,0.0,False,NONE
473,315,32,78.64715331000001,10.006830950662698,3799.0,38.37373737373738,0.0,0.0,0.0,1.6696744921720612,False,True,75,PV+/PNN-,78.64715331000001,10.006830950662698,0.0,0.0,0.0,False,NONE
474,316,271,91.35780435,10.78519212710641,2937.0,25.53913043478261,0.0,0.0,0.0,1.4960641531560774,False,True,76,PV+/PNN-,91.35780435,10.78519212710641,0.0,0.0,0.0,False,NONE
475,315,613,92.94663573,10.878572156378345,1297.0,11.085470085470085,0.0,0.0,0.0,1.6458647042069228,False,True,77,PV+/PNN-,92.94663573,10.878572156378345,0.0,0.0,0.0,False,NONE
476,315,662,69.11416503,9.380772250595795,1426.0,16.39080459770115,0.0,0.0,0.0,1.504308045938718,False,True,78,PV+/PNN-,69.11416503,9.380772250595795,0.0,0.0,0.0,False,NONE
477,319,589,107.24611815,11.68546099424064,1851.0,13.71111111111111,0.0,0.0,0.0,1.7618963390379145,False,True,80,PV+/PNN-,107.24611815,11.68546099424064,0.0,0.0,0.0,False,NONE
478,320,388,115.98469074,12.152213577535832,4692.0,32.136986301369866,0.0,0.0,0.0,1.9522995202509799,False,True,81,PV+/PNN-,115.98469074,12.152213577535832,0.0,0.0,0.0,False,NONE
479,317,823,53.22585123,8.232208609372499,2399.0,35.80597014925373,0.0,0.0,0.0,1.492971862670115,False,True,82,PV+/PNN-,53.22585123,8.232208609372499,0.0,0.0,0.0,False,NONE
480,319,225,96.91871418,11.108588547554572,9938.0,81.45901639344262,0.0,0.0,0.0,1.786431780744014,False,True,83,PV+/PNN-,96.91871418,11.108588547554572,0.0,0.0,0.0,False,NONE
481,321,626,119.95676919,12.358547737957586,2373.0,15.71523178807947,0.0,0.0,0.0,1.7003635354720528,False,True,84,PV+/PNN-,119.95676919,12.358547737957586,0.0,0.0,0.0,False,NONE
482,318,672,61.17000813,8.825195369105852,1408.0,18.285714285714285,0.0,0.0,0.0,1.4761469173050084,False,True,85,PV+/PNN-,61.17000813,8.825195369105852,0.0,0.0,0.0,False,NONE
483,320,290,91.35780435,10.78519212710641,2259.0,19.643478260869564,0.0,0.0,0.0,1.3851358969981729,False,True,86,PV+/PNN-,91.35780435,10.78519212710641,0.0,0.0,0.0,False,NONE
484,320,336,47.664941400000004,7.7903073294937615,3553.0,59.21666666666667,0.0,0.0,0.0,1.4747882310093894,False,True,87,PV+/PNN-,47.664941400000004,7.7903073294937615,0.0,0.0,0.0,False,NONE
485,324,400,123.13443195,12.521167201073583,3318.0,21.406451612903226,0.0,0.0,0.0,2.08889322924693,False,True,88,PV+/PNN-,123.13443195,12.521167201073583,0.0,0.0,0.0,False,NONE
486,321,930,126.31209471,12.681701540530954,3348.0,21.056603773584907,0.0,0.0,0.0,2.04228550275209,False,True,89,PV+/PNN-,126.31209471,12.681701540530954,0.0,0.0,0.0,False,NONE
487,324,434,116.77910643,12.193759728054031,2353.0,16.006802721088434,0.0,0.0,0.0,1.6194455364405163,False,True,90,PV+/PNN-,116.77910643,12.193759728054031,0.0,0.0,0.0,False,NONE
488,325,742,122.34001626,12.48071098158173,2832.0,18.38961038961039,0.0,0.0,0.0,1.5510938065149718,False,True,91,PV+/PNN-,122.34001626,12.48071098158173,0.0,0.0,0.0,False,NONE
489,325,791,121.54560057,12.440123196106569,2719.0,17.77124183006536,0.0,0.0,0.0,1.5347626435984103,False,True,92,PV+/PNN-,121.54560057,12.440123196106569,0.0,0.0,0.0,False,NONE
490,323,258,96.12429849,11.062967867954534,4066.0,33.603305785123965,0.0,0.0,0.0,1.4754297221929513,False,True,93,PV+/PNN-,96.12429849,11.062967867954534,0.0,0.0,0.0,False,NONE
491,323,902,50.04818847,7.982689565701676,953.0,15.126984126984127,0.0,0.0,0.0,1.3659910606494288,False,True,94,PV+/PNN-,50.04818847,7.982689565701676,0.0,0.0,0.0,False,NONE
492,325,942,104.86287108,11.554893086200376,2169.0,16.431818181818183,0.0,0.0,0.0,1.6725720489673783,False,True,95,PV+/PNN-,104.86287108,11.554893086200376,0.0,0.0,0.0,False,NONE
493,327,771,103.2740397,11.467021901548332,2561.0,19.7,0.0,0.0,0.0,1.4158590057956713,False,True,96,PV+/PNN-,103.2740397,11.467021901548332,0.0,0.0,0.0,False,NONE
494,327,115,108.04053384,11.728660627684029,8544.0,62.8235294117647,0.0,0.0,0.0,1.852170439536627,False,True,97,PV+/PNN-,108.04053384,11.728660627684029,0.0,0.0,0.0,False,NONE
495,328,528,128.69534178,12.800781162784691,2218.0,13.691358024691358,0.0,0.0,0.0,1.8007273877511034,False,True,98,PV+/PNN-,128.69534178,12.800781162784691,0.0,0.0,0.0,False,NONE
496,326,726,51.63701985,8.108408946599484,1136.0,17.476923076923075,0.0,0.0,0.0,1.625096695321031,False,True,99,PV+/PNN-,51.63701985,8.108408946599484,0.0,0.0,0.0,False,NONE
497,327,211,51.63701985,8.108408946599484,2738.0,42.12307692307692,0.0,0.0,0.0,1.4392230157922996,False,True,100,PV+/PNN-,51.63701985,8.108408946599484,0.0,0.0,0.0,False,NONE
498,328,849,78.64715331000001,10.006830950662698,2115.0,21.363636363636363,0.0,0.0,0.0,1.4153712722536542,False,True,101,PV+/PNN-,78.64715331000001,10.006830950662698,0.0,0.0,0.0,False,NONE
499,332,291,114.39585936,12.068692219586765,5114.0,35.513888888888886,0.0,0.0,0.0,1.599749628920368,False,True,102,PV+/PNN-,114.39585936,12.068692219586765,0.0,0.0,0.0,False,NONE
500,334,427,113.60144367,12.026714032504808,2089.0,14.608391608391608,0.0,0.0,0.0,1.6354806997639768,False,True,103,PV+/PNN-,113.60144367,12.026714032504808,0.0,0.0,0.0,False,NONE
501,331,555,54.02026692,8.293415464071046,788.0,11.588235294117647,0.0,0.0,0.0,1.5504234869004347,False,True,104,PV+/PNN-,54.02026692,8.293415464071046,0.0,0.0,0.0,False,NONE
502,335,753,134.25625161,13.074416571218995,4665.0,27.60355029585799,0.0,0.0,0.0,1.6262948496798324,False,True,105,PV+/PNN-,134.25625161,13.074416571218995,0.0,0.0,0.0,False,NONE
503,335,641,124.72326333,12.60169000650996,2090.0,13.312101910828025,0.0,0.0,0.0,1.6362413115543837,False,True,106,PV+/PNN-,124.72326333,12.60169000650996,0.0,0.0,0.0,False,NONE
504,334,1020,83.41364745,10.305607915302103,1396.0,13.295238095238096,0.0,0.0,0.0,1.508696950279628,False,True,107,PV+/PNN-,83.41364745,10.305607915302103,0.0,0.0,0.0,False,NONE
505,334,227,62.75883951,8.93907356753593,3260.0,41.265822784810126,0.0,0.0,0.0,1.4464655302835188,False,True,108,PV+/PNN-,62.75883951,8.93907356753593,0.0,0.0,0.0,False,NONE
506,339,442,140.61157713,13.380292240810528,2386.0,13.480225988700566,0.0,0.0,0.0,1.955096836516345,False,True,109,PV+/PNN-,140.61157713,13.380292240810528,0.0,0.0,0.0,False,NONE
507,339,843,115.19027505,12.11052490037406,2403.0,16.572413793103447,0.0,0.0,0.0,1.6059399974693893,False,True,110,PV+/PNN-,115.19027505,12.11052490037406,0.0,0.0,0.0,False,NONE
508,337,406,50.84260416,8.045794813057842,1200.0,18.75,0.0,0.0,0.0,1.5091690207197055,False,True,111,PV+/PNN-,50.84260416,8.045794813057842,0.0,0.0,0.0,False,NONE
509,340,912,115.19027505,12.11052490037406,2171.0,14.972413793103449,0.0,0.0,0.0,1.419278565879469,False,True,112,PV+/PNN-,115.19027505,12.11052490037406,0.0,0.0,0.0,False,NONE
510,339,967,109.62936522,11.814586030086609,2294.0,16.6231884057971,0.0,0.0,0.0,1.4849126353412616,False,True,114,PV+/PNN-,109.62936522,11.814586030086609,0.0,0.0,0.0,False,NONE
511,342,568,142.9948242,13.493208101259413,2584.0,14.355555555555556,0.0,0.0,0.0,2.0241309104980125,False,True,115,PV+/PNN-,142.9948242,13.493208101259413,0.0,0.0,0.0,False,NONE
512,341,951,93.74105142,10.924962866435578,2032.0,17.220338983050848,0.0,0.0,0.0,1.4036886005883882,False,True,116,PV+/PNN-,93.74105142,10.924962866435578,0.0,0.0,0.0,False,NONE
513,345,452,112.01261229,11.942314996545514,1624.0,11.5177304964539,0.0,0.0,0.0,1.686443331498151,False,True,117,PV+/PNN-,112.01261229,11.942314996545514,0.0,0.0,0.0,False,NONE
514,345,489,154.91105955,14.044176264056345,2583.0,13.246153846153845,0.0,0.0,0.0,1.9006189465405285,False,True,118,PV+/PNN-,154.91105955,14.044176264056345,0.0,0.0,0.0,False,NONE
515,341,263,50.04818847,7.982689565701676,1678.0,26.634920634920636,0.0,0.0,0.0,1.4816985387279689,False,True,119,PV+/PNN-,50.04818847,7.982689565701676,0.0,0.0,0.0,False,NONE
516,343,291,75.46949055,9.802588422925686,4339.0,45.67368421052632,0.0,0.0,0.0,1.585090951888208,False,True,120,PV+/PNN-,75.46949055,9.802588422925686,0.0,0.0,0.0,False,NONE
517,347,313,81.03040038,10.157318055940708,5314.0,52.09803921568628,0.0,0.0,0.0,1.5537321157670598,False,True,121,PV+/PNN-,81.03040038,10.157318055940708,0.0,0.0,0.0,False,NONE
518,348,598,125.51767902,12.64175907426016,2564.0,16.227848101265824,0.0,0.0,0.0,1.582739158210407,False,True,122,PV+/PNN-,125.51767902,12.64175907426016,0.0,0.0,0.0,False,NONE
519,350,928,156.49989093,14.116013951495509,4094.0,20.781725888324875,0.0,0.0,0.0,1.5411022228345626,False,True,123,PV+/PNN-,156.49989093,14.116013951495509,0.0,0.0,0.0,False,NONE
520,347,1149,57.99234537,8.592912627102823,1152.0,15.780821917808218,0.0,0.0,0.0,1.7021943721439992,False,True,124,PV+/PNN-,57.99234537,8.592912627102823,0.0,0.0,0.0,False,NONE
521,348,239,97.71312987,11.154022637162193,4101.0,33.34146341463415,0.0,0.0,0.0,1.4399152827551627,False,True,125,PV+/PNN-,97.71312987,11.154022637162193,0.0,0.0,0.0,False,NONE
522,349,1030,97.71312987,11.154022637162193,1740.0,14.146341463414634,0.0,0.0,0.0,1.5463724339954452,False,True,126,PV+/PNN-,97.71312987,11.154022637162193,0.0,0.0,0.0,False,NONE
523,351,963,83.41364745,10.305607915302103,1892.0,18.01904761904762,0.0,0.0,0.0,1.425130438334016,False,True,127,PV+/PNN-,83.41364745,10.305607915302103,0.0,0.0,0.0,False,NONE
524,352,383,85.00247883,10.403293586497956,3125.0,29.205607476635514,0.0,0.0,0.0,1.7466962987510422,False,True,128,PV+/PNN-,85.00247883,10.403293586497956,0.0,0.0,0.0,False,NONE
525,352,1336,104.06845539,11.51104134134072,2002.0,15.282442748091603,0.0,0.0,0.0,1.6590626945866975,False,True,129,PV+/PNN-,104.06845539,11.51104134134072,0.0,0.0,0.0,False,NONE
526,355,647,142.9948242,13.493208101259413,2619.0,14.55,0.0,0.0,0.0,1.7068995747660158,False,True,130,PV+/PNN-,142.9948242,13.493208101259413,0.0,0.0,0.0,False,NONE
527,356,253,94.53546711,10.971157418634661,3419.0,28.73109243697479,0.0,0.0,0.0,1.5036300215010252,False,True,131,PV+/PNN-,94.53546711,10.971157418634661,0.0,0.0,0.0,False,NONE
528,352,357,38.13195312,6.96786270174516,1180.0,24.583333333333332,0.0,0.0,0.0,1.3935117629007483,False,True,132,PV+/PNN-,38.13195312,6.96786270174516,0.0,0.0,0.0,False,NONE
529,355,833,125.51767902,12.64175907426016,2418.0,15.30379746835443,0.0,0.0,0.0,1.5327579216353413,False,True,133,PV+/PNN-,125.51767902,12.64175907426016,0.0,0.0,0.0,False,NONE
530,356,465,114.39585936,12.068692219586765,2237.0,15.534722222222221,0.0,0.0,0.0,1.5116298134392576,False,True,134,PV+/PNN-,114.39585936,12.068692219586765,0.0,0.0,0.0,False,NONE
531,355,1058,81.82481607,10.206987389088184,1686.0,16.368932038834952,0.0,0.0,0.0,1.585173726783103,False,True,135,PV+/PNN-,81.82481607,10.206987389088184,0.0,0.0,0.0,False,NONE
532,357,1301,136.63949868,13.189951216443678,3136.0,18.232558139534884,0.0,0.0,0.0,1.7187942237829614,False,True,136,PV+/PNN-,136.63949868,13.189951216443678,0.0,0.0,0.0,False,NONE
533,355,979,35.74870605,6.746604050629706,728.0,16.177777777777777,0.0,0.0,0.0,1.574907340513459,False,True,137,PV+/PNN-,35.74870605,6.746604050629706,0.0,0.0,0.0,False,NONE
534,359,1041,95.32988280000001,11.017158280424603,1874.0,15.616666666666667,0.0,0.0,0.0,1.6215920938215367,False,True,138,PV+/PNN-,95.32988280000001,11.017158280424603,0.0,0.0,0.0,False,NONE
535,360,308,88.97455728,10.643586087602236,4239.0,37.848214285714285,0.0,0.0,0.0,1.5090183599409575,False,True,139,PV+/PNN-,88.97455728,10.643586087602236,0.0,0.0,0.0,False,NONE
536,359,404,81.82481607,10.206987389088184,1969.0,19.116504854368934,0.0,0.0,0.0,1.6048327643207192,False,True,140,PV+/PNN-,81.82481607,10.206987389088184,0.0,0.0,0.0,False,NONE
537,360,797,119.95676919,12.358547737957586,2793.0,18.496688741721854,0.0,0.0,0.0,1.520225127271412,False,True,141,PV+/PNN-,119.95676919,12.358547737957586,0.0,0.0,0.0,False,NONE
538,360,431,84.20806314000001,10.354565948189398,1450.0,13.679245283018869,0.0,0.0,0.0,1.6963152918306692,False,True,142,PV+/PNN-,84.20806314000001,10.354565948189398,0.0,0.0,0.0,False,NONE
539,361,518,99.30196125,11.244340084382843,1542.0,12.336,0.0,0.0,0.0,1.6647220562753127,False,True,143,PV+/PNN-,99.30196125,11.244340084382843,0.0,0.0,0.0,False,NONE
540,362,610,128.69534178,12.800781162784691,3178.0,19.617283950617285,0.0,0.0,0.0,1.7686459419258291,False,True,144,PV+/PNN-,128.69534178,12.800781162784691,0.0,0.0,0.0,False,NONE
541,362,1242,122.34001626,12.48071098158173,2979.0,19.344155844155843,0.0,0.0,0.0,1.903475671572343,False,True,145,PV+/PNN-,122.34001626,12.48071098158173,0.0,0.0,0.0,False,NONE
542,363,1286,123.13443195,12.521167201073583,2724.0,17.574193548387097,0.0,0.0,0.0,1.8154254477236715,False,True,146,PV+/PNN-,123.13443195,12.521167201073583,0.0,0.0,0.0,False,NONE
543,362,334,61.96442382,8.88231697105848,1862.0,23.871794871794872,0.0,0.0,0.0,1.4676059612696852,False,True,147,PV+/PNN-,61.96442382,8.88231697105848,0.0,0.0,0.0,False,NONE
544,364,811,111.2181966,11.899891008124815,2207.0,15.764285714285714,0.0,0.0,0.0,1.454539422345645,False,True,148,PV+/PNN-,111.2181966,11.899891008124815,0.0,0.0,0.0,False,NONE
545,364,1010,128.69534178,12.800781162784691,2530.0,15.617283950617283,0.0,0.0,0.0,1.814893220972653,False,True,149,PV+/PNN-,128.69534178,12.800781162784691,0.0,0.0,0.0,False,NONE
546,363,508,80.23598469,10.107404643036364,1197.0,11.851485148514852,0.0,0.0,0.0,1.680049669328502,False,True,150,PV+/PNN-,80.23598469,10.107404643036364,0.0,0.0,0.0,False,NONE
547,364,908,67.52533365000001,9.272320371655413,1685.0,19.823529411764707,0.0,0.0,0.0,1.4332980250219127,False,True,151,PV+/PNN-,67.52533365000001,9.272320371655413,0.0,0.0,0.0,False,NONE
548,365,1086,116.77910643,12.193759728054031,2397.0,16.306122448979593,0.0,0.0,0.0,1.8233110930550864,False,True,152,PV+/PNN-,116.77910643,12.193759728054031,0.0,0.0,0.0,False,NONE
549,365,1120,75.46949055,9.802588422925686,1875.0,19.736842105263158,0.0,0.0,0.0,1.6604023104270471,False,True,153,PV+/PNN-,75.46949055,9.802588422925686,0.0,0.0,0.0,False,NONE
550,367,1213,131.07858885,12.91876320674319,2530.0,15.333333333333334,0.0,0.0,0.0,1.8489821244469704,False,True,154,PV+/PNN-,131.07858885,12.91876320674319,0.0,0.0,0.0,False,NONE
551,368,677,131.07858885,12.91876320674319,2800.0,16.96969696969697,0.0,0.0,0.0,1.696400192495926,False,True,155,PV+/PNN-,131.07858885,12.91876320674319,0.0,0.0,0.0,False,NONE
552,366,759,80.23598469,10.107404643036364,1827.0,18.08910891089109,0.0,0.0,0.0,1.4140752188938388,False,True,156,PV+/PNN-,80.23598469,10.107404643036364,0.0,0.0,0.0,False,NONE
553,367,302,75.46949055,9.802588422925686,4015.0,42.26315789473684,0.0,0.0,0.0,1.5531191487349272,False,True,157,PV+/PNN-,75.46949055,9.802588422925686,0.0,0.0,0.0,False,NONE
554,368,418,112.80702798,11.984588810142046,2716.0,19.12676056338028,0.0,0.0,0.0,1.686450073684634,False,True,158,PV+/PNN-,112.80702798,11.984588810142046,0.0,0.0,0.0,False,NONE
555,369,778,113.60144367,12.026714032504808,2388.0,16.6993006993007,0.0,0.0,0.0,1.4750006311002677,False,True,159,PV+/PNN-,113.60144367,12.026714032504808,0.0,0.0,0.0,False,NONE
556,365,1388,49.25377278,7.919081463837606,1060.0,17.096774193548388,0.0,0.0,0.0,1.8082403865849233,False,True,160,PV+/PNN-,49.25377278,7.919081463837606,0.0,0.0,0.0,False,NONE
557,368,496,93.74105142,10.924962866435578,1832.0,15.525423728813559,0.0,0.0,0.0,1.7863567643184743,False,True,161,PV+/PNN-,93.74105142,10.924962866435578,0.0,0.0,0.0,False,NONE
558,369,568,88.18014159,10.595963539609496,1727.0,15.558558558558559,0.0,0.0,0.0,1.9050906169222657,False,True,162,PV+/PNN-,88.18014159,10.595963539609496,0.0,0.0,0.0,False,NONE
559,369,1022,95.32988280000001,11.017158280424603,2001.0,16.675,0.0,0.0,0.0,1.6969626594032523,False,True,163,PV+/PNN-,95.32988280000001,11.017158280424603,0.0,0.0,0.0,False,NONE
560,367,1147,78.64715331000001,10.006830950662698,1556.0,15.717171717171718,0.0,0.0,0.0,1.840119009543648,False,True,164,PV+/PNN-,78.64715331000001,10.006830950662698,0.0,0.0,0.0,False,NONE
561,371,131,127.1065104,12.72151859781572,10501.0,65.63125,0.0,0.0,0.0,2.1096727526538777,False,True,165,PV+/PNN-,127.1065104,12.72151859781572,0.0,0.0,0.0,False,NONE
562,372,559,114.39585936,12.068692219586765,2377.0,16.506944444444443,0.0,0.0,0.0,1.7281795727598586,False,True,166,PV+/PNN-,114.39585936,12.068692219586765,0.0,0.0,0.0,False,NONE
563,371,663,106.45170246,11.642101063659146,1847.0,13.783582089552239,0.0,0.0,0.0,1.5584530847170501,False,True,167,PV+/PNN-,106.45170246,11.642101063659146,0.0,0.0,0.0,False,NONE
564,376,634,220.05314613000002,16.73858917579679,3800.0,13.71841155234657,0.0,0.0,0.0,1.7826748999272513,False,True,168,PV+/PNN-,220.05314613000002,16.73858917579679,0.0,0.0,0.0,False,NONE
565,372,740,125.51767902,12.64175907426016,2527.0,15.99367088607595,0.0,0.0,0.0,1.6391282456284295,False,True,169,PV+/PNN-,125.51767902,12.64175907426016,0.0,0.0,0.0,False,NONE
566,371,1134,88.97455728,10.643586087602236,3031.0,27.0625,0.0,0.0,0.0,1.9242394661707176,False,True,170,PV+/PNN-,88.97455728,10.643586087602236,0.0,0.0,0.0,False,NONE
567,373,1683,115.19027505,12.11052490037406,1645.0,11.344827586206897,0.0,0.0,0.0,0.9253938304258394,False,True,171,PV+/PNN-,115.19027505,12.11052490037406,0.0,0.0,0.0,False,NONE
568,375,449,86.59131021,10.500070494515816,1961.0,17.990825688073393,0.0,0.0,0.0,1.5982316563035013,False,True,173,PV+/PNN-,86.59131021,10.500070494515816,0.0,0.0,0.0,False,NONE
569,377,1442,142.20040851,13.455674765407588,2633.0,14.70949720670391,0.0,0.0,0.0,1.9415477804398569,False,True,175,PV+/PNN-,142.20040851,13.455674765407588,0.0,0.0,0.0,False,NONE
570,378,717,112.80702798,11.984588810142046,1968.0,13.859154929577464,0.0,0.0,0.0,1.6189540448054855,False,True,177,PV+/PNN-,112.80702798,11.984588810142046,0.0,0.0,0.0,False,NONE
571,377,1350,104.06845539,11.51104134134072,2013.0,15.366412213740459,0.0,0.0,0.0,1.7281044340508644,False,True,178,PV+/PNN-,104.06845539,11.51104134134072,0.0,0.0,0.0,False,NONE
572,381,521,128.69534178,12.800781162784691,3832.0,23.65432098765432,0.0,0.0,0.0,2.045712974053197,False,True,179,PV+/PNN-,128.69534178,12.800781162784691,0.0,0.0,0.0,False,NONE
573,378,846,57.19792968,8.533854108523126,980.0,13.61111111111111,0.0,0.0,0.0,1.3067981146879537,False,True,180,PV+/PNN-,57.19792968,8.533854108523126,0.0,0.0,0.0,False,NONE
574,379,1473,120.75118488,12.39940255265723,2375.0,15.625,0.0,0.0,0.0,2.042198926415808,False,True,181,PV+/PNN-,120.75118488,12.39940255265723,0.0,0.0,0.0,False,NONE
575,377,261,27.01013346,5.864330313842014,1111.0,32.6764705882353,0.0,0.0,0.0,1.701296963218531,False,True,182,PV+/PNN-,27.01013346,5.864330313842014,0.0,0.0,0.0,False,NONE
576,378,469,64.34767089,9.051519164690074,1318.0,16.271604938271604,0.0,0.0,0.0,1.5474089583775101,False,True,183,PV+/PNN-,64.34767089,9.051519164690074,0.0,0.0,0.0,False,NONE
577,380,859,100.09637694,11.289227848029503,1754.0,13.920634920634921,0.0,0.0,0.0,1.3697408400316038,False,True,184,PV+/PNN-,100.09637694,11.289227848029503,0.0,0.0,0.0,False,NONE
578,385,289,189.07093422,15.515559616363333,10669.0,44.82773109243698,0.0,0.0,0.0,1.9650419500152028,False,True,185,PV+/PNN-,189.07093422,15.515559616363333,0.0,0.0,0.0,False,NONE
579,382,532,61.17000813,8.825195369105852,1117.0,14.506493506493506,0.0,0.0,0.0,1.5690635284892906,False,True,186,PV+/PNN-,61.17000813,8.825195369105852,0.0,0.0,0.0,False,NONE
580,382,983,51.63701985,8.108408946599484,1132.0,17.415384615384614,0.0,0.0,0.0,1.4475302193466562,False,True,188,PV+/PNN-,51.63701985,8.108408946599484,0.0,0.0,0.0,False,NONE
581,384,349,63.5532552,8.995472067506276,1693.0,21.1625,0.0,0.0,0.0,1.4536957219846556,False,True,189,PV+/PNN-,63.5532552,8.995472067506276,0.0,0.0,0.0,False,NONE
582,384,1313,104.06845539,11.51104134134072,2023.0,15.442748091603054,0.0,0.0,0.0,1.857428886330759,False,True,190,PV+/PNN-,104.06845539,11.51104134134072,0.0,0.0,0.0,False,NONE
583,386,310,113.60144367,12.026714032504808,7582.0,53.02097902097902,0.0,0.0,0.0,1.7213847365192565,False,True,191,PV+/PNN-,113.60144367,12.026714032504808,0.0,0.0,0.0,False,NONE
584,385,443,68.31974934,9.326703948667076,1402.0,16.302325581395348,0.0,0.0,0.0,1.6332469313663665,False,True,192,PV+/PNN-,68.31974934,9.326703948667076,0.0,0.0,0.0,False,NONE
585,385,562,76.26390624,9.854045933561641,1488.0,15.5,0.0,0.0,0.0,1.6297478639777672,False,True,193,PV+/PNN-,76.26390624,9.854045933561641,0.0,0.0,0.0,False,NONE
586,389,802,142.9948242,13.493208101259413,3339.0,18.55,0.0,0.0,0.0,1.6094053108294684,False,True,194,PV+/PNN-,142.9948242,13.493208101259413,0.0,0.0,0.0,False,NONE
587,386,34,69.11416503,9.380772250595795,3604.0,41.42528735632184,0.0,0.0,0.0,1.6625745964139622,False,True,195,PV+/PNN-,69.11416503,9.380772250595795,0.0,0.0,0.0,False,NONE
588,390,478,118.36793781,12.276430232296539,2108.0,14.14765100671141,0.0,0.0,0.0,1.7870592881089924,False,True,196,PV+/PNN-,118.36793781,12.276430232296539,0.0,0.0,0.0,False,NONE
589,391,690,144.58365558,13.56796328882212,5256.0,28.87912087912088,0.0,0.0,0.0,1.7586053238731925,False,True,197,PV+/PNN-,144.58365558,13.56796328882212,0.0,0.0,0.0,False,NONE
590,384,1132,32.57104329,6.439777972112771,792.0,19.317073170731707,0.0,0.0,0.0,1.6890469665855148,False,True,198,PV+/PNN-,32.57104329,6.439777972112771,0.0,0.0,0.0,False,NONE
591,387,1420,95.32988280000001,11.017158280424603,1938.0,16.15,0.0,0.0,0.0,1.624404428358168,False,True,199,PV+/PNN-,95.32988280000001,11.017158280424603,0.0,0.0,0.0,False,NONE
592,392,1120,151.73339679,13.899387074616612,3373.0,17.659685863874344,0.0,0.0,0.0,2.8691113008890294,False,True,200,PV+/PNN-,151.73339679,13.899387074616612,0.0,0.0,0.0,False,NONE
593,388,129,58.78676106,8.651568001725998,6049.0,81.74324324324324,0.0,0.0,0.0,1.7959416332843636,False,True,201,PV+/PNN-,58.78676106,8.651568001725998,0.0,0.0,0.0,False,NONE
594,391,619,134.25625161,13.074416571218995,2625.0,15.532544378698224,0.0,0.0,0.0,1.6822087197572333,False,True,202,PV+/PNN-,134.25625161,13.074416571218995,0.0,0.0,0.0,False,NONE
595,390,1330,131.87300454,12.957851838301272,2717.0,16.367469879518072,0.0,0.0,0.0,1.8858227827800578,False,True,203,PV+/PNN-,131.87300454,12.957851838301272,0.0,0.0,0.0,False,NONE
596,391,426,68.31974934,9.326703948667076,1968.0,22.88372093023256,0.0,0.0,0.0,1.6301075811859411,False,True,204,PV+/PNN-,68.31974934,9.326703948667076,0.0,0.0,0.0,False,NONE
597,395,1185,127.1065104,12.72151859781572,3539.0,22.11875,0.0,0.0,0.0,1.7042747291984934,False,True,205,PV+/PNN-,127.1065104,12.72151859781572,0.0,0.0,0.0,False,NONE
598,394,259,102.47962401,11.422832828117684,3421.0,26.51937984496124,0.0,0.0,0.0,1.4325901323341699,False,True,206,PV+/PNN-,102.47962401,11.422832828117684,0.0,0.0,0.0,False,NONE
599,393,589,120.75118488,12.39940255265723,2711.0,17.835526315789473,0.0,0.0,0.0,1.8104033535545225,False,True,208,PV+/PNN-,120.75118488,12.39940255265723,0.0,0.0,0.0,False,NONE
600,393,827,126.31209471,12.681701540530954,3160.0,19.87421383647799,0.0,0.0,0.0,1.3414305110572862,False,True,209,PV+/PNN-,126.31209471,12.681701540530954,0.0,0.0,0.0,False,NONE
601,394,359,99.30196125,11.244340084382843,2559.0,20.472,0.0,0.0,0.0,1.593986218009965,False,True,210,PV+/PNN-,99.30196125,11.244340084382843,0.0,0.0,0.0,False,NONE
602,394,1039,92.94663573,10.878572156378345,1949.0,16.65811965811966,0.0,0.0,0.0,1.5870220123635628,False,True,211,PV+/PNN-,92.94663573,10.878572156378345,0.0,0.0,0.0,False,NONE
603,394,1359,98.50754556,11.199272407696524,2102.0,16.951612903225808,0.0,0.0,0.0,1.6362343775058037,False,True,212,PV+/PNN-,98.50754556,11.199272407696524,0.0,0.0,0.0,False,NONE
604,394,462,86.59131021,10.500070494515816,1715.0,15.73394495412844,0.0,0.0,0.0,1.4849126353412616,False,True,213,PV+/PNN-,86.59131021,10.500070494515816,0.0,0.0,0.0,False,NONE
605,393,511,56.40351399,8.474384017383858,781.0,11.0,0.0,0.0,0.0,1.604694320394398,False,True,214,PV+/PNN-,56.40351399,8.474384017383858,0.0,0.0,0.0,False,NONE
606,398,239,89.76897297000001,10.690996505268625,4045.0,35.796460176991154,0.0,0.0,0.0,1.4890938052718283,False,True,215,PV+/PNN-,89.76897297000001,10.690996505268625,0.0,0.0,0.0,False,NONE
607,396,1384,111.2181966,11.899891008124815,1786.0,12.757142857142858,0.0,0.0,0.0,1.8667473130004433,False,True,216,PV+/PNN-,111.2181966,11.899891008124815,0.0,0.0,0.0,False,NONE
608,398,1253,122.34001626,12.48071098158173,3112.0,20.207792207792206,0.0,0.0,0.0,2.008226002105567,False,True,217,PV+/PNN-,122.34001626,12.48071098158173,0.0,0.0,0.0,False,NONE
609,396,1285,46.07611002,7.659368469073156,804.0,13.862068965517242,0.0,0.0,0.0,1.799118287020055,False,True,218,PV+/PNN-,46.07611002,7.659368469073156,0.0,0.0,0.0,False,NONE
610,398,676,62.75883951,8.93907356753593,1121.0,14.189873417721518,0.0,0.0,0.0,1.607088991413644,False,True,219,PV+/PNN-,62.75883951,8.93907356753593,0.0,0.0,0.0,False,NONE
611,401,367,77.05832193,9.90523612702942,1723.0,17.762886597938145,0.0,0.0,0.0,1.7388925378246545,False,True,220,PV+/PNN-,77.05832193,9.90523612702942,0.0,0.0,0.0,False,NONE
612,401,1152,105.65728677,11.598579038183399,2947.0,22.157894736842106,0.0,0.0,0.0,2.0081337313893957,False,True,221,PV+/PNN-,105.65728677,11.598579038183399,0.0,0.0,0.0,False,NONE
613,400,1309,76.26390624,9.854045933561641,1583.0,16.489583333333332,0.0,0.0,0.0,1.7759892598825884,False,True,222,PV+/PNN-,76.26390624,9.854045933561641,0.0,0.0,0.0,False,NONE
614,404,224,118.36793781,12.276430232296539,9387.0,63.0,0.0,0.0,0.0,1.4418782545122744,False,True,223,PV+/PNN-,118.36793781,12.276430232296539,0.0,0.0,0.0,False,NONE
615,402,892,132.66742023,12.996822909266468,5443.0,32.59281437125748,0.0,0.0,0.0,1.896355494017746,False,True,224,PV+/PNN-,132.66742023,12.996822909266468,0.0,0.0,0.0,False,NONE
616,403,213,46.87052571,7.72511532706782,4137.0,70.11864406779661,0.0,0.0,0.0,1.939080829663666,False,True,225,PV+/PNN-,46.87052571,7.72511532706782,0.0,0.0,0.0,False,NONE
617,404,717,81.82481607,10.206987389088184,2239.0,21.737864077669904,0.0,0.0,0.0,1.4718066103161842,False,True,226,PV+/PNN-,81.82481607,10.206987389088184,0.0,0.0,0.0,False,NONE
618,405,1085,87.3857259,10.548125988120718,1810.0,16.454545454545453,0.0,0.0,0.0,1.675128716727952,False,True,227,PV+/PNN-,87.3857259,10.548125988120718,0.0,0.0,0.0,False,NONE
619,408,62,119.95676919,12.358547737957586,11865.0,78.57615894039735,0.0,0.0,0.0,2.2188760752059067,False,True,228,PV+/PNN-,119.95676919,12.358547737957586,0.0,0.0,0.0,False,NONE
620,408,1396,124.72326333,12.60169000650996,3356.0,21.37579617834395,0.0,0.0,0.0,1.9165432913582352,False,True,229,PV+/PNN-,124.72326333,12.60169000650996,0.0,0.0,0.0,False,NONE
621,406,1423,71.4974121,9.54113894836179,1124.0,12.488888888888889,0.0,0.0,0.0,1.7188988687889755,False,True,230,PV+/PNN-,71.4974121,9.54113894836179,0.0,0.0,0.0,False,NONE
622,409,1569,106.45170246,11.642101063659146,2162.0,16.134328358208954,0.0,0.0,0.0,1.7468375235290012,False,True,231,PV+/PNN-,106.45170246,11.642101063659146,0.0,0.0,0.0,False,NONE
623,411,735,107.24611815,11.68546099424064,2157.0,15.977777777777778,0.0,0.0,0.0,1.4894123705998714,False,True,232,PV+/PNN-,107.24611815,11.68546099424064,0.0,0.0,0.0,False,NONE
624,412,1544,218.46431475,16.67805158443783,3208.0,11.665454545454546,0.0,0.0,0.0,1.8022666911257659,False,True,233,PV+/PNN-,218.46431475,16.67805158443783,0.0,0.0,0.0,False,NONE
625,410,286,131.07858885,12.91876320674319,4139.0,25.084848484848486,0.0,0.0,0.0,1.6088598883738792,False,True,234,PV+/PNN-,131.07858885,12.91876320674319,0.0,0.0,0.0,False,NONE
626,411,627,108.83494953,11.77170172875832,2075.0,15.145985401459853,0.0,0.0,0.0,1.8026859099912662,False,True,235,PV+/PNN-,108.83494953,11.77170172875832,0.0,0.0,0.0,False,NONE
627,411,354,77.85273762,9.956163126610313,2331.0,23.785714285714285,0.0,0.0,0.0,1.680513372093079,False,True,236,PV+/PNN-,77.85273762,9.956163126610313,0.0,0.0,0.0,False,NONE
628,411,423,46.87052571,7.72511532706782,2400.0,40.67796610169491,0.0,0.0,0.0,1.531816655409822,False,True,237,PV+/PNN-,46.87052571,7.72511532706782,0.0,0.0,0.0,False,NONE
629,412,152,107.24611815,11.68546099424064,9157.0,67.82962962962964,0.0,0.0,0.0,1.8283924267484826,False,True,238,PV+/PNN-,107.24611815,11.68546099424064,0.0,0.0,0.0,False,NONE
630,413,592,137.43391437,13.228238528376714,3757.0,21.716763005780347,0.0,0.0,0.0,1.5578707706036934,False,True,239,PV+/PNN-,137.43391437,13.228238528376714,0.0,0.0,0.0,False,NONE
631,413,1693,91.35780435,10.78519212710641,1340.0,11.652173913043478,0.0,0.0,0.0,1.565320948005986,False,True,240,PV+/PNN-,91.35780435,10.78519212710641,0.0,0.0,0.0,False,NONE
632,414,863,70.70299641,9.487984557348323,1453.0,16.325842696629213,0.0,0.0,0.0,1.3218604307455664,False,True,241,PV+/PNN-,70.70299641,9.487984557348323,0.0,0.0,0.0,False,NONE
633,416,1485,96.12429849,11.062967867954534,2167.0,17.90909090909091,0.0,0.0,0.0,1.864229161273665,False,True,242,PV+/PNN-,96.12429849,11.062967867954534,0.0,0.0,0.0,False,NONE
634,415,1578,61.17000813,8.825195369105852,1670.0,21.68831168831169,0.0,0.0,0.0,1.526988081915276,False,True,243,PV+/PNN-,61.17000813,8.825195369105852,0.0,0.0,0.0,False,NONE
635,417,568,79.441569,10.057243516322302,1763.0,17.63,0.0,0.0,0.0,1.7123742526639911,False,True,244,PV+/PNN-,79.441569,10.057243516322302,0.0,0.0,0.0,False,NONE
636,415,825,69.90858072,9.434530697868027,1493.0,16.96590909090909,0.0,0.0,0.0,1.481844634028573,False,True,245,PV+/PNN-,69.90858072,9.434530697868027,0.0,0.0,0.0,False,NONE
637,416,1002,77.85273762,9.956163126610313,1599.0,16.316326530612244,0.0,0.0,0.0,1.5207268547465238,False,True,246,PV+/PNN-,77.85273762,9.956163126610313,0.0,0.0,0.0,False,NONE
638,414,1338,41.30961588,7.252381437585563,849.0,16.326923076923077,0.0,0.0,0.0,1.7224467369736487,False,True,247,PV+/PNN-,41.30961588,7.252381437585563,0.0,0.0,0.0,False,NONE
639,415,1778,72.29182779,9.593998848416254,929.0,10.208791208791208,0.0,0.0,0.0,1.3832977347210054,False,True,248,PV+/PNN-,72.29182779,9.593998848416254,0.0,0.0,0.0,False,NONE
640,417,493,80.23598469,10.107404643036364,1565.0,15.495049504950495,0.0,0.0,0.0,1.4675374199862334,False,True,249,PV+/PNN-,80.23598469,10.107404643036364,0.0,0.0,0.0,False,NONE
641,417,1601,72.29182779,9.593998848416254,1184.0,13.010989010989011,0.0,0.0,0.0,1.740804173399571,False,True,250,PV+/PNN-,72.29182779,9.593998848416254,0.0,0.0,0.0,False,NONE
642,423,211,152.52781248,13.93572540349032,11721.0,61.046875,0.0,0.0,0.0,2.178153098620847,False,True,251,PV+/PNN-,152.52781248,13.93572540349032,0.0,0.0,0.0,False,NONE
643,420,1027,90.56338866,10.738197602350779,1399.0,12.271929824561404,0.0,0.0,0.0,1.4268897333223447,False,True,252,PV+/PNN-,90.56338866,10.738197602350779,0.0,0.0,0.0,False,NONE
644,420,1566,90.56338866,10.738197602350779,1756.0,15.403508771929825,0.0,0.0,0.0,1.79278925829878,False,True,253,PV+/PNN-,90.56338866,10.738197602350779,0.0,0.0,0.0,False,NONE
645,425,776,144.58365558,13.56796328882212,3145.0,17.28021978021978,0.0,0.0,0.0,1.5260777958115113,False,True,254,PV+/PNN-,144.58365558,13.56796328882212,0.0,0.0,0.0,False,NONE
646,420,1119,58.78676106,8.651568001725998,1252.0,16.91891891891892,0.0,0.0,0.0,1.9099551955802223,False,True,255,PV+/PNN-,58.78676106,8.651568001725998,0.0,0.0,0.0,False,NONE
647,424,508,130.28417316,12.879555944225542,3172.0,19.341463414634145,0.0,0.0,0.0,1.589860729025303,False,True,256,PV+/PNN-,130.28417316,12.879555944225542,0.0,0.0,0.0,False,NONE
648,423,528,84.20806314000001,10.354565948189398,1483.0,13.99056603773585,0.0,0.0,0.0,1.7599907907732621,False,True,257,PV+/PNN-,84.20806314000001,10.354565948189398,0.0,0.0,0.0,False,NONE
649,424,1477,86.59131021,10.500070494515816,1643.0,15.073394495412844,0.0,0.0,0.0,1.9109426157894636,False,True,258,PV+/PNN-,86.59131021,10.500070494515816,0.0,0.0,0.0,False,NONE
650,424,1061,86.59131021,10.500070494515816,1881.0,17.256880733944953,0.0,0.0,0.0,1.7183622031159302,False,True,259,PV+/PNN-,86.59131021,10.500070494515816,0.0,0.0,0.0,False,NONE
651,425,245,108.83494953,11.77170172875832,4675.0,34.12408759124087,0.0,0.0,0.0,1.4750592004683933,False,True,260,PV+/PNN-,108.83494953,11.77170172875832,0.0,0.0,0.0,False,NONE
652,426,1261,104.86287108,11.554893086200376,2159.0,16.356060606060606,0.0,0.0,0.0,1.919546154638807,False,True,261,PV+/PNN-,104.86287108,11.554893086200376,0.0,0.0,0.0,False,NONE
653,425,1315,95.32988280000001,11.017158280424603,1752.0,14.6,0.0,0.0,0.0,1.8752646690256691,False,True,262,PV+/PNN-,95.32988280000001,11.017158280424603,0.0,0.0,0.0,False,NONE
654,426,436,75.46949055,9.802588422925686,4487.0,47.23157894736842,0.0,0.0,0.0,1.784026615953066,False,True,263,PV+/PNN-,75.46949055,9.802588422925686,0.0,0.0,0.0,False,NONE
655,426,1181,77.05832193,9.90523612702942,1950.0,20.103092783505154,0.0,0.0,0.0,1.672092344294776,False,True,264,PV+/PNN-,77.05832193,9.90523612702942,0.0,0.0,0.0,False,NONE
656,428,272,69.90858072,9.434530697868027,2500.0,28.40909090909091,0.0,0.0,0.0,1.480310633372229,False,True,266,PV+/PNN-,69.90858072,9.434530697868027,0.0,0.0,0.0,False,NONE
657,431,343,105.65728677,11.598579038183399,4400.0,33.08270676691729,0.0,0.0,0.0,1.635129361267787,False,True,267,PV+/PNN-,105.65728677,11.598579038183399,0.0,0.0,0.0,False,NONE
658,430,1736,123.92884764,12.56149312576761,1714.0,10.987179487179487,0.0,0.0,0.0,1.5333713227416756,False,True,268,PV+/PNN-,123.92884764,12.56149312576761,0.0,0.0,0.0,False,NONE
659,430,83,90.56338866,10.738197602350779,16302.0,143.0,0.0,0.0,0.0,1.7892368357261932,False,True,269,PV+/PNN-,90.56338866,10.738197602350779,0.0,0.0,0.0,False,NONE
660,429,1203,68.31974934,9.326703948667076,1485.0,17.267441860465116,0.0,0.0,0.0,1.636386281546792,False,True,270,PV+/PNN-,68.31974934,9.326703948667076,0.0,0.0,0.0,False,NONE
661,429,1950,85.79689452,10.451794052617739,1424.0,13.185185185185185,0.0,0.0,0.0,1.3867934081743516,False,True,271,PV+/PNN-,85.79689452,10.451794052617739,0.0,0.0,0.0,False,NONE
662,431,259,92.15222004,10.83198276817611,3623.0,31.232758620689655,0.0,0.0,0.0,1.4017063238781737,False,True,272,PV+/PNN-,92.15222004,10.83198276817611,0.0,0.0,0.0,False,NONE
663,429,288,62.75883951,8.93907356753593,2777.0,35.151898734177216,0.0,0.0,0.0,1.6318660146730781,False,True,273,PV+/PNN-,62.75883951,8.93907356753593,0.0,0.0,0.0,False,NONE
664,429,1520,74.67507486,9.75085936304132,1570.0,16.70212765957447,0.0,0.0,0.0,1.7060698363495346,False,True,274,PV+/PNN-,74.67507486,9.75085936304132,0.0,0.0,0.0,False,NONE
665,431,702,69.11416503,9.380772250595795,1704.0,19.586206896551722,0.0,0.0,0.0,1.477154471102279,False,True,275,PV+/PNN-,69.11416503,9.380772250595795,0.0,0.0,0.0,False,NONE
666,433,458,80.23598469,10.107404643036364,2421.0,23.97029702970297,0.0,0.0,0.0,1.7782864638357774,False,True,276,PV+/PNN-,80.23598469,10.107404643036364,0.0,0.0,0.0,False,NONE
667,431,1391,39.7207845,7.111545090435939,1730.0,34.6,0.0,0.0,0.0,1.9222869024781422,False,True,277,PV+/PNN-,39.7207845,7.111545090435939,0.0,0.0,0.0,False,NONE
668,435,155,84.20806314000001,10.354565948189398,4149.0,39.14150943396226,0.0,0.0,0.0,1.4008609767370392,False,True,279,PV+/PNN-,84.20806314000001,10.354565948189398,0.0,0.0,0.0,False,NONE
669,434,426,46.87052571,7.72511532706782,1312.0,22.23728813559322,0.0,0.0,0.0,1.6210486935890351,False,True,280,PV+/PNN-,46.87052571,7.72511532706782,0.0,0.0,0.0,False,NONE
670,432,1284,34.15987467,6.594975608221839,680.0,15.813953488372093,0.0,0.0,0.0,1.8553559566314706,False,True,281,PV+/PNN-,34.15987467,6.594975608221839,0.0,0.0,0.0,False,NONE
671,437,1431,115.98469074,12.152213577535832,3093.0,21.184931506849313,0.0,0.0,0.0,1.9495257108449875,False,True,282,PV+/PNN-,115.98469074,12.152213577535832,0.0,0.0,0.0,False,NONE
672,436,584,89.76897297000001,10.690996505268625,1961.0,17.353982300884955,0.0,0.0,0.0,1.750118270937207,False,True,283,PV+/PNN-,89.76897297000001,10.690996505268625,0.0,0.0,0.0,False,NONE
673,437,737,117.57352212,12.235164803834003,2541.0,17.16891891891892,0.0,0.0,0.0,1.614432042109357,False,True,284,PV+/PNN-,117.57352212,12.235164803834003,0.0,0.0,0.0,False,NONE
674,436,530,56.40351399,8.474384017383858,901.0,12.690140845070422,0.0,0.0,0.0,1.6151514516291954,False,True,285,PV+/PNN-,56.40351399,8.474384017383858,0.0,0.0,0.0,False,NONE
675,435,825,41.30961588,7.252381437585563,828.0,15.923076923076923,0.0,0.0,0.0,1.4355886142372687,False,True,286,PV+/PNN-,41.30961588,7.252381437585563,0.0,0.0,0.0,False,NONE
676,438,1750,115.98469074,12.152213577535832,1442.0,9.876712328767123,0.0,0.0,0.0,1.5759860441713451,False,True,287,PV+/PNN-,115.98469074,12.152213577535832,0.0,0.0,0.0,False,NONE
677,439,545,86.59131021,10.500070494515816,1656.0,15.192660550458715,0.0,0.0,0.0,1.528258708933375,False,True,288,PV+/PNN-,86.59131021,10.500070494515816,0.0,0.0,0.0,False,NONE
678,438,613,42.104031570000004,7.321783798208037,1189.0,22.433962264150942,0.0,0.0,0.0,1.4912801852355209,False,True,289,PV+/PNN-,42.104031570000004,7.321783798208037,0.0,0.0,0.0,False,NONE
679,438,1248,63.5532552,8.995472067506276,1297.0,16.2125,0.0,0.0,0.0,1.5895314801039413,False,True,290,PV+/PNN-,63.5532552,8.995472067506276,0.0,0.0,0.0,False,NONE
680,440,1381,108.83494953,11.77170172875832,4497.0,32.824817518248175,0.0,0.0,0.0,2.009115370577858,False,True,291,PV+/PNN-,108.83494953,11.77170172875832,0.0,0.0,0.0,False,NONE
681,439,938,66.73091796,9.217615939230159,2848.0,33.904761904761905,0.0,0.0,0.0,1.5274994154673907,False,True,292,PV+/PNN-,66.73091796,9.217615939230159,0.0,0.0,0.0,False,NONE
682,442,839,76.26390624,9.854045933561641,1616.0,16.833333333333332,0.0,0.0,0.0,1.538346991537254,False,True,293,PV+/PNN-,76.26390624,9.854045933561641,0.0,0.0,0.0,False,NONE
683,443,638,83.41364745,10.305607915302103,1925.0,18.333333333333332,0.0,0.0,0.0,1.8088935739611731,False,True,294,PV+/PNN-,83.41364745,10.305607915302103,0.0,0.0,0.0,False,NONE
684,443,665,109.62936522,11.814586030086609,2818.0,20.420289855072465,0.0,0.0,0.0,1.8184799664686464,False,True,295,PV+/PNN-,109.62936522,11.814586030086609,0.0,0.0,0.0,False,NONE
685,441,1004,22.24363932,5.321793043801118,681.0,24.321428571428573,0.0,0.0,0.0,1.8199822072770333,False,True,296,PV+/PNN-,22.24363932,5.321793043801118,0.0,0.0,0.0,False,NONE
686,442,2086,70.70299641,9.487984557348323,737.0,8.280898876404494,0.0,0.0,0.0,2.316099687605829,False,True,297,PV+/PNN-,70.70299641,9.487984557348323,0.0,0.0,0.0,False,NONE
687,446,381,108.83494953,11.77170172875832,2237.0,16.32846715328467,0.0,0.0,0.0,1.4977221006759904,False,True,298,PV+/PNN-,108.83494953,11.77170172875832,0.0,0.0,0.0,False,NONE
688,447,1045,136.63949868,13.189951216443678,2631.0,15.296511627906977,0.0,0.0,0.0,1.6403104692723238,False,True,299,PV+/PNN-,136.63949868,13.189951216443678,0.0,0.0,0.0,False,NONE
689,443,1554,104.06845539,11.51104134134072,2807.0,21.427480916030536,0.0,0.0,0.0,1.82187754287533,False,True,300,PV+/PNN-,104.06845539,11.51104134134072,0.0,0.0,0.0,False,NONE
690,446,556,80.23598469,10.107404643036364,1396.0,13.821782178217822,0.0,0.0,0.0,1.7421994780984107,False,True,301,PV+/PNN-,80.23598469,10.107404643036364,0.0,0.0,0.0,False,NONE
691,443,1636,52.43143554,8.17054325713784,1090.0,16.515151515151516,0.0,0.0,0.0,1.9798835137883486,False,True,302,PV+/PNN-,52.43143554,8.17054325713784,0.0,0.0,0.0,False,NONE
692,446,1611,56.40351399,8.474384017383858,999.0,14.070422535211268,0.0,0.0,0.0,1.8528135251473232,False,True,303,PV+/PNN-,56.40351399,8.474384017383858,0.0,0.0,0.0,False,NONE
693,446,1670,88.97455728,10.643586087602236,1076.0,9.607142857142858,0.0,0.0,0.0,1.6373813434343376,False,True,304,PV+/PNN-,88.97455728,10.643586087602236,0.0,0.0,0.0,False,NONE
694,449,370,84.20806314000001,10.354565948189398,2199.0,20.745283018867923,0.0,0.0,0.0,1.5116563448971505,False,True,305,PV+/PNN-,84.20806314000001,10.354565948189398,0.0,0.0,0.0,False,NONE
695,448,865,119.1623535,12.317557416952052,2885.0,19.233333333333334,0.0,0.0,0.0,1.4525145414792704,False,True,306,PV+/PNN-,119.1623535,12.317557416952052,0.0,0.0,0.0,False,NONE
696,446,1151,47.664941400000004,7.7903073294937615,1439.0,23.983333333333334,0.0,0.0,0.0,1.5839068110306789,False,True,307,PV+/PNN-,47.664941400000004,7.7903073294937615,0.0,0.0,0.0,False,NONE
697,450,406,113.60144367,12.026714032504808,4253.0,29.74125874125874,0.0,0.0,0.0,2.6960651535503137,False,True,308,PV+/PNN-,113.60144367,12.026714032504808,0.0,0.0,0.0,False,NONE
698,449,516,80.23598469,10.107404643036364,2250.0,22.277227722772277,0.0,0.0,0.0,1.6980931621971853,False,True,309,PV+/PNN-,80.23598469,10.107404643036364,0.0,0.0,0.0,False,NONE
699,448,592,75.46949055,9.802588422925686,1314.0,13.83157894736842,0.0,0.0,0.0,1.780474193380479,False,True,310,PV+/PNN-,75.46949055,9.802588422925686,0.0,0.0,0.0,False,NONE
700,447,691,38.13195312,6.96786270174516,1093.0,22.770833333333332,0.0,0.0,0.0,1.674745216563866,False,True,311,PV+/PNN-,38.13195312,6.96786270174516,0.0,0.0,0.0,False,NONE
701,449,928,100.89079263,11.333937836259333,4864.0,38.2992125984252,0.0,0.0,0.0,1.6900580459503265,False,True,312,PV+/PNN-,100.89079263,11.333937836259333,0.0,0.0,0.0,False,NONE
702,452,705,119.1623535,12.317557416952052,3111.0,20.74,0.0,0.0,0.0,1.546109034858356,False,True,313,PV+/PNN-,119.1623535,12.317557416952052,0.0,0.0,0.0,False,NONE
703,459,354,229.58613441,17.097313977747916,6201.0,21.45674740484429,0.0,0.0,0.0,1.708653796816085,False,True,314,PV+/PNN-,229.58613441,17.097313977747916,0.0,0.0,0.0,False,NONE
704,451,493,69.11416503,9.380772250595795,3051.0,35.06896551724138,0.0,0.0,0.0,1.8247202290086977,False,True,315,PV+/PNN-,69.11416503,9.380772250595795,0.0,0.0,0.0,False,NONE
705,453,959,69.90858072,9.434530697868027,1661.0,18.875,0.0,0.0,0.0,1.6291086970376238,False,True,316,PV+/PNN-,69.90858072,9.434530697868027,0.0,0.0,0.0,False,NONE
706,454,1741,94.53546711,10.971157418634661,1141.0,9.588235294117647,0.0,0.0,0.0,1.562050954060288,False,True,317,PV+/PNN-,94.53546711,10.971157418634661,0.0,0.0,0.0,False,NONE
707,457,294,148.55573403,13.753073662427433,5097.0,27.25668449197861,0.0,0.0,0.0,1.5044034672101065,False,True,318,PV+/PNN-,148.55573403,13.753073662427433,0.0,0.0,0.0,False,NONE
708,455,267,112.01261229,11.942314996545514,7884.0,55.91489361702128,0.0,0.0,0.0,2.243644591181332,False,True,319,PV+/PNN-,112.01261229,11.942314996545514,0.0,0.0,0.0,False,NONE
709,455,816,111.2181966,11.899891008124815,3187.0,22.764285714285716,0.0,0.0,0.0,1.6223152655595277,False,True,320,PV+/PNN-,111.2181966,11.899891008124815,0.0,0.0,0.0,False,NONE
710,456,1796,96.91871418,11.108588547554572,1172.0,9.60655737704918,0.0,0.0,0.0,1.3731569153938195,False,True,321,PV+/PNN-,96.91871418,11.108588547554572,0.0,0.0,0.0,False,NONE
711,455,501,42.89844726,7.390534450171232,1698.0,31.444444444444443,0.0,0.0,0.0,1.6799011632143566,False,True,322,PV+/PNN-,42.89844726,7.390534450171232,0.0,0.0,0.0,False,NONE
712,457,1668,82.61923176,10.256416188536388,1243.0,11.951923076923077,0.0,0.0,0.0,1.619255692821874,False,True,323,PV+/PNN-,82.61923176,10.256416188536388,0.0,0.0,0.0,False,NONE
713,458,1815,128.69534178,12.800781162784691,2105.0,12.993827160493828,0.0,0.0,0.0,1.5382428309988603,False,True,324,PV+/PNN-,128.69534178,12.800781162784691,0.0,0.0,0.0,False,NONE
714,458,1555,84.20806314000001,10.354565948189398,1348.0,12.716981132075471,0.0,0.0,0.0,1.7128709215557434,False,True,326,PV+/PNN-,84.20806314000001,10.354565948189398,0.0,0.0,0.0,False,NONE
715,458,1630,73.88065917,9.698854408967303,1582.0,17.010752688172044,0.0,0.0,0.0,1.843439928527275,False,True,327,PV+/PNN-,73.88065917,9.698854408967303,0.0,0.0,0.0,False,NONE
716,459,940,77.85273762,9.956163126610313,1678.0,17.122448979591837,0.0,0.0,0.0,1.6791359021159535,False,True,328,PV+/PNN-,77.85273762,9.956163126610313,0.0,0.0,0.0,False,NONE
717,460,1488,97.71312987,11.154022637162193,1848.0,15.024390243902438,0.0,0.0,0.0,2.152739197503241,False,True,329,PV+/PNN-,97.71312987,11.154022637162193,0.0,0.0,0.0,False,NONE
718,461,614,98.50754556,11.199272407696524,2831.0,22.830645161290324,0.0,0.0,0.0,1.8485202747869958,False,True,330,PV+/PNN-,98.50754556,11.199272407696524,0.0,0.0,0.0,False,NONE
719,460,1068,123.92884764,12.56149312576761,2738.0,17.55128205128205,0.0,0.0,0.0,1.5606293344044087,False,True,331,PV+/PNN-,123.92884764,12.56149312576761,0.0,0.0,0.0,False,NONE
720,460,626,88.18014159,10.595963539609496,2208.0,19.89189189189189,0.0,0.0,0.0,1.784692295137839,False,True,332,PV+/PNN-,88.18014159,10.595963539609496,0.0,0.0,0.0,False,NONE
721,461,798,75.46949055,9.802588422925686,2227.0,23.442105263157895,0.0,0.0,0.0,1.5246997681542331,False,True,333,PV+/PNN-,75.46949055,9.802588422925686,0.0,0.0,0.0,False,NONE
722,461,1366,57.99234537,8.592912627102823,1402.0,19.205479452054796,0.0,0.0,0.0,1.629150724452866,False,True,334,PV+/PNN-,57.99234537,8.592912627102823,0.0,0.0,0.0,False,NONE
723,464,384,146.17248696000001,13.642308849668991,3570.0,19.402173913043477,0.0,0.0,0.0,1.6441152251975135,False,True,335,PV+/PNN-,146.17248696000001,13.642308849668991,0.0,0.0,0.0,False,NONE
724,464,580,102.47962401,11.422832828117684,1966.0,15.24031007751938,0.0,0.0,0.0,2.001858965051327,False,True,336,PV+/PNN-,102.47962401,11.422832828117684,0.0,0.0,0.0,False,NONE
725,465,259,117.57352212,12.235164803834003,6457.0,43.62837837837838,0.0,0.0,0.0,1.5154682700365516,False,True,337,PV+/PNN-,117.57352212,12.235164803834003,0.0,0.0,0.0,False,NONE
726,465,458,91.35780435,10.78519212710641,2283.0,19.85217391304348,0.0,0.0,0.0,1.5277579406297643,False,True,338,PV+/PNN-,91.35780435,10.78519212710641,0.0,0.0,0.0,False,NONE
727,462,684,46.87052571,7.72511532706782,1399.0,23.71186440677966,0.0,0.0,0.0,1.5627046686257036,False,True,339,PV+/PNN-,46.87052571,7.72511532706782,0.0,0.0,0.0,False,NONE
728,467,1388,157.29430662000001,14.151796046802042,13262.0,66.97979797979798,0.0,0.0,0.0,1.94886261162672,False,True,340,PV+/PNN-,157.29430662000001,14.151796046802042,0.0,0.0,0.0,False,NONE
729,465,133,65.93650227,9.1625849044734,3970.0,47.83132530120482,0.0,0.0,0.0,2.0273204818761035,False,True,341,PV+/PNN-,65.93650227,9.1625849044734,0.0,0.0,0.0,False,NONE
730,467,733,89.76897297000001,10.690996505268625,4772.0,42.230088495575224,0.0,0.0,0.0,1.8134331298857884,False,True,342,PV+/PNN-,89.76897297000001,10.690996505268625,0.0,0.0,0.0,False,NONE
731,470,589,102.47962401,11.422832828117684,1966.0,15.24031007751938,0.0,0.0,0.0,1.9913944644499089,False,True,343,PV+/PNN-,102.47962401,11.422832828117684,0.0,0.0,0.0,False,NONE
732,466,602,65.14208658,9.10722134683339,1815.0,22.134146341463413,0.0,0.0,0.0,1.5631092541646652,False,True,344,PV+/PNN-,65.14208658,9.10722134683339,0.0,0.0,0.0,False,NONE
733,469,475,82.61923176,10.256416188536388,2670.0,25.673076923076923,0.0,0.0,0.0,1.7815057622429034,False,True,345,PV+/PNN-,82.61923176,10.256416188536388,0.0,0.0,0.0,False,NONE
734,468,1710,77.85273762,9.956163126610313,1186.0,12.10204081632653,0.0,0.0,0.0,1.546210049323345,False,True,346,PV+/PNN-,77.85273762,9.956163126610313,0.0,0.0,0.0,False,NONE
735,469,304,108.04053384,11.728660627684029,3692.0,27.147058823529413,0.0,0.0,0.0,1.4293276703819628,False,True,347,PV+/PNN-,108.04053384,11.728660627684029,0.0,0.0,0.0,False,NONE
736,470,365,90.56338866,10.738197602350779,2686.0,23.56140350877193,0.0,0.0,0.0,1.4766236493385592,False,True,348,PV+/PNN-,90.56338866,10.738197602350779,0.0,0.0,0.0,False,NONE
737,470,1311,100.89079263,11.333937836259333,2263.0,17.818897637795274,0.0,0.0,0.0,1.869161681637515,False,True,349,PV+/PNN-,100.89079263,11.333937836259333,0.0,0.0,0.0,False,NONE
738,471,1501,104.06845539,11.51104134134072,3591.0,27.412213740458014,0.0,0.0,0.0,3.10842398647253,False,True,350,PV+/PNN-,104.06845539,11.51104134134072,0.0,0.0,0.0,False,NONE
739,470,1606,103.2740397,11.467021901548332,1769.0,13.607692307692307,0.0,0.0,0.0,1.8992344126148024,False,True,351,PV+/PNN-,103.2740397,11.467021901548332,0.0,0.0,0.0,False,NONE
740,470,516,83.41364745,10.305607915302103,2650.0,25.238095238095237,0.0,0.0,0.0,1.7973228261533192,False,True,352,PV+/PNN-,83.41364745,10.305607915302103,0.0,0.0,0.0,False,NONE
741,471,1468,124.72326333,12.60169000650996,2754.0,17.54140127388535,0.0,0.0,0.0,1.8997767618914403,False,True,353,PV+/PNN-,124.72326333,12.60169000650996,0.0,0.0,0.0,False,NONE
742,472,426,139.81716144,13.342441267550265,3128.0,17.772727272727273,0.0,0.0,0.0,1.5366851574928808,False,True,354,PV+/PNN-,139.81716144,13.342441267550265,0.0,0.0,0.0,False,NONE
743,469,663,30.98221191,6.280746562883805,878.0,22.512820512820515,0.0,0.0,0.0,1.574907340513459,False,True,355,PV+/PNN-,30.98221191,6.280746562883805,0.0,0.0,0.0,False,NONE
744,474,338,123.13443195,12.521167201073583,3640.0,23.483870967741936,0.0,0.0,0.0,1.5506668312170768,False,True,356,PV+/PNN-,123.13443195,12.521167201073583,0.0,0.0,0.0,False,NONE
745,474,637,90.56338866,10.738197602350779,2304.0,20.210526315789473,0.0,0.0,0.0,1.7098993982717556,False,True,357,PV+/PNN-,90.56338866,10.738197602350779,0.0,0.0,0.0,False,NONE
746,474,1735,81.82481607,10.206987389088184,1157.0,11.233009708737864,0.0,0.0,0.0,1.4940868528588158,False,True,358,PV+/PNN-,81.82481607,10.206987389088184,0.0,0.0,0.0,False,NONE
747,476,1420,88.97455728,10.643586087602236,1779.0,15.883928571428571,0.0,0.0,0.0,1.6596791386890561,False,True,359,PV+/PNN-,88.97455728,10.643586087602236,0.0,0.0,0.0,False,NONE
748,479,406,171.59378904,14.781068900342463,3895.0,18.03240740740741,0.0,0.0,0.0,1.8930136247679636,False,True,360,PV+/PNN-,171.59378904,14.781068900342463,0.0,0.0,0.0,False,NONE
749,477,506,78.64715331000001,10.006830950662698,2467.0,24.91919191919192,0.0,0.0,0.0,1.7453518578850458,False,True,361,PV+/PNN-,78.64715331000001,10.006830950662698,0.0,0.0,0.0,False,NONE
750,476,813,61.96442382,8.88231697105848,3858.0,49.46153846153846,0.0,0.0,0.0,1.7202834027147016,False,True,362,PV+/PNN-,61.96442382,8.88231697105848,0.0,0.0,0.0,False,NONE
751,479,1483,82.61923176,10.256416188536388,1695.0,16.298076923076923,0.0,0.0,0.0,1.6607917105936574,False,True,363,PV+/PNN-,82.61923176,10.256416188536388,0.0,0.0,0.0,False,NONE
752,480,1589,107.24611815,11.68546099424064,1988.0,14.725925925925926,0.0,0.0,0.0,1.701399898338826,False,True,364,PV+/PNN-,107.24611815,11.68546099424064,0.0,0.0,0.0,False,NONE
753,476,1674,18.271560870000002,4.823284549321096,263.0,11.434782608695652,0.0,0.0,0.0,2.943413781121117,False,True,365,PV+/PNN-,18.271560870000002,4.823284549321096,0.0,0.0,0.0,False,NONE
754,480,1790,121.54560057,12.440123196106569,1762.0,11.516339869281046,0.0,0.0,0.0,1.5202046765852608,False,True,366,PV+/PNN-,121.54560057,12.440123196106569,0.0,0.0,0.0,False,NONE
755,480,50,44.48727864,7.526151898686336,3072.0,54.857142857142854,0.0,0.0,0.0,1.6403945590092994,False,True,368,PV+/PNN-,44.48727864,7.526151898686336,0.0,0.0,0.0,False,NONE
756,482,275,180.33236163,15.152765226941183,9251.0,40.75330396475771,0.0,0.0,0.0,1.6020643330433955,False,True,369,PV+/PNN-,180.33236163,15.152765226941183,0.0,0.0,0.0,False,NONE
757,481,685,77.85273762,9.956163126610313,3107.0,31.70408163265306,0.0,0.0,0.0,1.5496537242661588,False,True,370,PV+/PNN-,77.85273762,9.956163126610313,0.0,0.0,0.0,False,NONE
758,479,927,44.48727864,7.526151898686336,1130.0,20.178571428571427,0.0,0.0,0.0,1.4620121969715505,False,True,371,PV+/PNN-,44.48727864,7.526151898686336,0.0,0.0,0.0,False,NONE
759,482,1390,110.42378091,11.857315232959936,5801.0,41.73381294964029,0.0,0.0,0.0,2.0593572552263866,False,True,372,PV+/PNN-,110.42378091,11.857315232959936,0.0,0.0,0.0,False,NONE
760,483,497,81.82481607,10.206987389088184,2093.0,20.320388349514563,0.0,0.0,0.0,1.6762606007073906,False,True,373,PV+/PNN-,81.82481607,10.206987389088184,0.0,0.0,0.0,False,NONE
761,483,554,89.76897297000001,10.690996505268625,2246.0,19.876106194690266,0.0,0.0,0.0,1.849271729290646,False,True,374,PV+/PNN-,89.76897297000001,10.690996505268625,0.0,0.0,0.0,False,NONE
762,484,354,60.37559244,8.767701627645716,1847.0,24.30263157894737,0.0,0.0,0.0,1.4973461143453153,False,True,375,PV+/PNN-,60.37559244,8.767701627645716,0.0,0.0,0.0,False,NONE
763,483,877,64.34767089,9.051519164690074,1767.0,21.814814814814813,0.0,0.0,0.0,1.4149167535406633,False,True,376,PV+/PNN-,64.34767089,9.051519164690074,0.0,0.0,0.0,False,NONE
764,483,1112,42.104031570000004,7.321783798208037,1131.0,21.339622641509433,0.0,0.0,0.0,1.664477542359373,False,True,377,PV+/PNN-,42.104031570000004,7.321783798208037,0.0,0.0,0.0,False,NONE
765,485,634,82.61923176,10.256416188536388,2474.0,23.78846153846154,0.0,0.0,0.0,1.8308297833468963,False,True,378,PV+/PNN-,82.61923176,10.256416188536388,0.0,0.0,0.0,False,NONE
766,487,1359,83.41364745,10.305607915302103,1916.0,18.247619047619047,0.0,0.0,0.0,1.6957573731732676,False,True,379,PV+/PNN-,83.41364745,10.305607915302103,0.0,0.0,0.0,False,NONE
767,489,290,119.95676919,12.358547737957586,4749.0,31.450331125827816,0.0,0.0,0.0,1.541233825002008,False,True,380,PV+/PNN-,119.95676919,12.358547737957586,0.0,0.0,0.0,False,NONE
768,486,565,22.24363932,5.321793043801118,624.0,22.285714285714285,0.0,0.0,0.0,1.8031082000572463,False,True,381,PV+/PNN-,22.24363932,5.321793043801118,0.0,0.0,0.0,False,NONE
769,489,785,113.60144367,12.026714032504808,4035.0,28.216783216783217,0.0,0.0,0.0,1.5958326828000018,False,True,382,PV+/PNN-,113.60144367,12.026714032504808,0.0,0.0,0.0,False,NONE
770,488,589,64.34767089,9.051519164690074,1416.0,17.48148148148148,0.0,0.0,0.0,1.8432248874157524,False,True,383,PV+/PNN-,64.34767089,9.051519164690074,0.0,0.0,0.0,False,NONE
771,490,1438,67.52533365000001,9.272320371655413,1372.0,16.141176470588235,0.0,0.0,0.0,1.8327157018008726,False,True,384,PV+/PNN-,67.52533365000001,9.272320371655413,0.0,0.0,0.0,False,NONE
772,490,1624,108.83494953,11.77170172875832,2199.0,16.05109489051095,0.0,0.0,0.0,2.0672506363277816,False,True,385,PV+/PNN-,108.83494953,11.77170172875832,0.0,0.0,0.0,False,NONE
773,490,1942,73.08624348000001,9.646569098642193,911.0,9.902173913043478,0.0,0.0,0.0,1.4548328833407715,False,True,387,PV+/PNN-,73.08624348000001,9.646569098642193,0.0,0.0,0.0,False,NONE
774,492,751,69.90858072,9.434530697868027,2010.0,22.84090909090909,0.0,0.0,0.0,1.7418577452789283,False,True,388,PV+/PNN-,69.90858072,9.434530697868027,0.0,0.0,0.0,False,NONE
775,494,956,119.95676919,12.358547737957586,2872.0,19.019867549668874,0.0,0.0,0.0,1.6283975709055436,False,True,389,PV+/PNN-,119.95676919,12.358547737957586,0.0,0.0,0.0,False,NONE
776,495,552,77.05832193,9.90523612702942,2622.0,27.030927835051546,0.0,0.0,0.0,1.8279594625311593,False,True,390,PV+/PNN-,77.05832193,9.90523612702942,0.0,0.0,0.0,False,NONE
777,497,510,105.65728677,11.598579038183399,3173.0,23.857142857142858,0.0,0.0,0.0,1.6879082109176473,False,True,391,PV+/PNN-,105.65728677,11.598579038183399,0.0,0.0,0.0,False,NONE
778,494,734,63.5532552,8.995472067506276,1639.0,20.4875,0.0,0.0,0.0,1.574344873606133,False,True,393,PV+/PNN-,63.5532552,8.995472067506276,0.0,0.0,0.0,False,NONE
779,496,925,84.20806314000001,10.354565948189398,3056.0,28.830188679245282,0.0,0.0,0.0,2.2611169674514664,False,True,394,PV+/PNN-,84.20806314000001,10.354565948189398,0.0,0.0,0.0,False,NONE
780,499,330,146.17248696000001,13.642308849668991,3970.0,21.57608695652174,0.0,0.0,0.0,1.59862877095287,False,True,395,PV+/PNN-,146.17248696000001,13.642308849668991,0.0,0.0,0.0,False,NONE
781,498,1375,127.1065104,12.72151859781572,3291.0,20.56875,0.0,0.0,0.0,1.9590722382172778,False,True,396,PV+/PNN-,127.1065104,12.72151859781572,0.0,0.0,0.0,False,NONE
782,497,1225,82.61923176,10.256416188536388,1932.0,18.576923076923077,0.0,0.0,0.0,1.75100274919175,False,True,397,PV+/PNN-,82.61923176,10.256416188536388,0.0,0.0,0.0,False,NONE
783,498,1394,101.68520832,11.378472144697502,2274.0,17.765625,0.0,0.0,0.0,1.830302470621278,False,True,398,PV+/PNN-,101.68520832,11.378472144697502,0.0,0.0,0.0,False,NONE
784,499,644,87.3857259,10.548125988120718,3691.0,33.554545454545455,0.0,0.0,0.0,1.6947639251291589,False,True,399,PV+/PNN-,87.3857259,10.548125988120718,0.0,0.0,0.0,False,NONE
785,498,1051,83.41364745,10.305607915302103,2807.0,26.733333333333334,0.0,0.0,0.0,1.5974060168065087,False,True,400,PV+/PNN-,83.41364745,10.305607915302103,0.0,0.0,0.0,False,NONE
786,499,849,76.26390624,9.854045933561641,2446.0,25.479166666666668,0.0,0.0,0.0,1.4567892899749497,False,True,401,PV+/PNN-,76.26390624,9.854045933561641,0.0,0.0,0.0,False,NONE
787,498,820,48.45935709,7.854958291387057,1779.0,29.16393442622951,0.0,0.0,0.0,1.6110527548858993,False,True,402,PV+/PNN-,48.45935709,7.854958291387057,0.0,0.0,0.0,False,NONE
788,500,1333,92.15222004,10.83198276817611,2547.0,21.95689655172414,0.0,0.0,0.0,1.7793349682106496,False,True,403,PV+/PNN-,92.15222004,10.83198276817611,0.0,0.0,0.0,False,NONE
789,502,1963,138.22833006,13.266415342325757,1689.0,9.706896551724139,0.0,0.0,0.0,1.458534876928721,False,True,404,PV+/PNN-,138.22833006,13.266415342325757,0.0,0.0,0.0,False,NONE
790,501,1606,76.26390624,9.854045933561641,1074.0,11.1875,0.0,0.0,0.0,1.4947558062194706,False,True,405,PV+/PNN-,76.26390624,9.854045933561641,0.0,0.0,0.0,False,NONE
791,502,241,81.03040038,10.157318055940708,3954.0,38.76470588235294,0.0,0.0,0.0,1.387638946662489,False,True,406,PV+/PNN-,81.03040038,10.157318055940708,0.0,0.0,0.0,False,NONE
792,503,590,81.03040038,10.157318055940708,1698.0,16.647058823529413,0.0,0.0,0.0,1.7992323776706285,False,True,407,PV+/PNN-,81.03040038,10.157318055940708,0.0,0.0,0.0,False,NONE
793,501,1495,71.4974121,9.54113894836179,1622.0,18.022222222222222,0.0,0.0,0.0,1.699400016001666,False,True,408,PV+/PNN-,71.4974121,9.54113894836179,0.0,0.0,0.0,False,NONE
794,503,566,73.08624348000001,9.646569098642193,1821.0,19.793478260869566,0.0,0.0,0.0,1.85540714168876,False,True,409,PV+/PNN-,73.08624348000001,9.646569098642193,0.0,0.0,0.0,False,NONE
795,502,1107,55.6090983,8.414493627225879,1640.0,23.428571428571427,0.0,0.0,0.0,1.8879603506481755,False,True,410,PV+/PNN-,55.6090983,8.414493627225879,0.0,0.0,0.0,False,NONE
796,504,1528,88.18014159,10.595963539609496,4125.0,37.16216216216216,0.0,0.0,0.0,2.8670610465331894,False,True,411,PV+/PNN-,88.18014159,10.595963539609496,0.0,0.0,0.0,False,NONE
797,502,1740,74.67507486,9.75085936304132,1279.0,13.606382978723405,0.0,0.0,0.0,1.5251230355245837,False,True,412,PV+/PNN-,74.67507486,9.75085936304132,0.0,0.0,0.0,False,NONE
798,505,1277,96.91871418,11.108588547554572,3228.0,26.459016393442624,0.0,0.0,0.0,1.9064861927667611,False,True,413,PV+/PNN-,96.91871418,11.108588547554572,0.0,0.0,0.0,False,NONE
799,506,619,73.08624348000001,9.646569098642193,3846.0,41.80434782608695,0.0,0.0,0.0,2.6770979280436085,False,True,414,PV+/PNN-,73.08624348000001,9.646569098642193,0.0,0.0,0.0,False,NONE
800,506,899,92.15222004,10.83198276817611,4453.0,38.38793103448276,0.0,0.0,0.0,1.4651293165318562,False,True,415,PV+/PNN-,92.15222004,10.83198276817611,0.0,0.0,0.0,False,NONE
801,511,537,112.80702798,11.984588810142046,3925.0,27.640845070422536,0.0,0.0,0.0,1.7510941576815644,False,True,418,PV+/PNN-,112.80702798,11.984588810142046,0.0,0.0,0.0,False,NONE
802,506,1024,63.5532552,8.995472067506276,3148.0,39.35,0.0,0.0,0.0,1.6426846028462705,False,True,419,PV+/PNN-,63.5532552,8.995472067506276,0.0,0.0,0.0,False,NONE
803,511,2006,204.16483233,16.12298787963261,2658.0,10.342412451361868,0.0,0.0,0.0,1.6012579302574588,False,True,420,PV+/PNN-,204.16483233,16.12298787963261,0.0,0.0,0.0,False,NONE
804,509,427,67.52533365000001,9.272320371655413,1693.0,19.91764705882353,0.0,0.0,0.0,1.5389094584445802,False,True,421,PV+/PNN-,67.52533365000001,9.272320371655413,0.0,0.0,0.0,False,NONE
805,509,780,88.18014159,10.595963539609496,3445.0,31.036036036036037,0.0,0.0,0.0,1.5980140891387533,False,True,422,PV+/PNN-,88.18014159,10.595963539609496,0.0,0.0,0.0,False,NONE
806,508,1564,79.441569,10.057243516322302,1424.0,14.24,0.0,0.0,0.0,1.854790873598994,False,True,423,PV+/PNN-,79.441569,10.057243516322302,0.0,0.0,0.0,False,NONE
807,510,1685,89.76897297000001,10.690996505268625,1396.0,12.353982300884956,0.0,0.0,0.0,1.5267243346469286,False,True,424,PV+/PNN-,89.76897297000001,10.690996505268625,0.0,0.0,0.0,False,NONE
808,510,1764,115.19027505,12.11052490037406,1685.0,11.620689655172415,0.0,0.0,0.0,1.5524086642204098,False,True,425,PV+/PNN-,115.19027505,12.11052490037406,0.0,0.0,0.0,False,NONE
809,511,1433,95.32988280000001,11.017158280424603,2035.0,16.958333333333332,0.0,0.0,0.0,1.9174496870751367,False,True,426,PV+/PNN-,95.32988280000001,11.017158280424603,0.0,0.0,0.0,False,NONE
810,512,1983,170.79937335,14.746813769937052,2272.0,10.567441860465117,0.0,0.0,0.0,1.5910226714396434,False,True,427,PV+/PNN-,170.79937335,14.746813769937052,0.0,0.0,0.0,False,NONE
811,512,1742,91.35780435,10.78519212710641,1462.0,12.71304347826087,0.0,0.0,0.0,1.5717770898987742,False,True,428,PV+/PNN-,91.35780435,10.78519212710641,0.0,0.0,0.0,False,NONE
812,515,246,167.62171059,14.608990056788349,13588.0,64.39810426540285,0.0,0.0,0.0,1.5002671821952858,False,True,429,PV+/PNN-,167.62171059,14.608990056788349,0.0,0.0,0.0,False,NONE
813,517,327,208.93132647000002,16.310108123356397,8399.0,31.935361216730037,0.0,0.0,0.0,1.776967695662443,False,True,430,PV+/PNN-,208.93132647000002,16.310108123356397,0.0,0.0,0.0,False,NONE
814,512,1346,85.00247883,10.403293586497956,1655.0,15.467289719626168,0.0,0.0,0.0,1.9712625256760588,False,True,431,PV+/PNN-,85.00247883,10.403293586497956,0.0,0.0,0.0,False,NONE
815,515,690,123.92884764,12.56149312576761,4609.0,29.544871794871796,0.0,0.0,0.0,1.600867351620824,False,True,432,PV+/PNN-,123.92884764,12.56149312576761,0.0,0.0,0.0,False,NONE
816,514,1121,68.31974934,9.326703948667076,1952.0,22.697674418604652,0.0,0.0,0.0,1.7462635378616844,False,True,433,PV+/PNN-,68.31974934,9.326703948667076,0.0,0.0,0.0,False,NONE
817,515,10,97.71312987,11.154022637162193,15117.0,122.90243902439025,0.0,0.0,0.0,2.0215883771608305,False,True,434,PV+/PNN-,97.71312987,11.154022637162193,0.0,0.0,0.0,False,NONE
818,516,511,135.84508299,13.151552441468574,3981.0,23.280701754385966,0.0,0.0,0.0,1.8393654653615839,False,True,435,PV+/PNN-,135.84508299,13.151552441468574,0.0,0.0,0.0,False,NONE
819,515,1920,127.1065104,12.72151859781572,1928.0,12.05,0.0,0.0,0.0,1.4790067328143361,False,True,436,PV+/PNN-,127.1065104,12.72151859781572,0.0,0.0,0.0,False,NONE
820,515,633,53.22585123,8.232208609372499,2054.0,30.65671641791045,0.0,0.0,0.0,1.8667185300456972,False,True,437,PV+/PNN-,53.22585123,8.232208609372499,0.0,0.0,0.0,False,NONE
821,516,1385,70.70299641,9.487984557348323,1957.0,21.98876404494382,0.0,0.0,0.0,1.7655141037152489,False,True,438,PV+/PNN-,70.70299641,9.487984557348323,0.0,0.0,0.0,False,NONE
822,517,1050,84.20806314000001,10.354565948189398,2598.0,24.50943396226415,0.0,0.0,0.0,1.506562304981743,False,True,439,PV+/PNN-,84.20806314000001,10.354565948189398,0.0,0.0,0.0,False,NONE
823,518,824,69.90858072,9.434530697868027,2834.0,32.20454545454545,0.0,0.0,0.0,1.5224956514216965,False,True,442,PV+/PNN-,69.90858072,9.434530697868027,0.0,0.0,0.0,False,NONE
824,519,1273,85.00247883,10.403293586497956,2582.0,24.130841121495326,0.0,0.0,0.0,1.8179771516794883,False,True,444,PV+/PNN-,85.00247883,10.403293586497956,0.0,0.0,0.0,False,NONE
825,521,1496,93.74105142,10.924962866435578,1875.0,15.889830508474576,0.0,0.0,0.0,1.779492761381612,False,True,445,PV+/PNN-,93.74105142,10.924962866435578,0.0,0.0,0.0,False,NONE
826,522,725,92.94663573,10.878572156378345,1791.0,15.307692307692308,0.0,0.0,0.0,1.6764398284000412,False,True,446,PV+/PNN-,92.94663573,10.878572156378345,0.0,0.0,0.0,False,NONE
827,525,393,132.66742023,12.996822909266468,4163.0,24.92814371257485,0.0,0.0,0.0,1.703567435482694,False,True,447,PV+/PNN-,132.66742023,12.996822909266468,0.0,0.0,0.0,False,NONE
828,522,675,85.79689452,10.451794052617739,2858.0,26.462962962962962,0.0,0.0,0.0,1.619904693099558,False,True,448,PV+/PNN-,85.79689452,10.451794052617739,0.0,0.0,0.0,False,NONE
829,523,1457,69.11416503,9.380772250595795,1539.0,17.689655172413794,0.0,0.0,0.0,1.7874810406615813,False,True,450,PV+/PNN-,69.11416503,9.380772250595795,0.0,0.0,0.0,False,NONE
830,524,1655,114.39585936,12.068692219586765,2380.0,16.52777777777778,0.0,0.0,0.0,1.7755205374598166,False,True,451,PV+/PNN-,114.39585936,12.068692219586765,0.0,0.0,0.0,False,NONE
831,525,1442,70.70299641,9.487984557348323,1353.0,15.202247191011235,0.0,0.0,0.0,1.7488296920822008,False,True,453,PV+/PNN-,70.70299641,9.487984557348323,0.0,0.0,0.0,False,NONE
832,524,775,39.7207845,7.111545090435939,1553.0,31.06,0.0,0.0,0.0,1.7319481010389441,False,True,454,PV+/PNN-,39.7207845,7.111545090435939,0.0,0.0,0.0,False,NONE
833,526,12,51.63701985,8.108408946599484,4452.0,68.49230769230769,0.0,0.0,0.0,1.6022518855465502,False,True,455,PV+/PNN-,51.63701985,8.108408946599484,0.0,0.0,0.0,False,NONE
834,529,357,129.48975747,12.84022896403991,9965.0,61.13496932515337,0.0,0.0,0.0,1.5842932913596393,False,True,456,PV+/PNN-,129.48975747,12.84022896403991,0.0,0.0,0.0,False,NONE
835,533,749,165.23846352,14.504762875171126,4740.0,22.78846153846154,0.0,0.0,0.0,1.5838851776880896,False,True,457,PV+/PNN-,165.23846352,14.504762875171126,0.0,0.0,0.0,False,NONE
836,531,1076,212.10898923,16.433671314756197,5799.0,21.719101123595507,0.0,0.0,0.0,1.714449692353496,False,True,458,PV+/PNN-,212.10898923,16.433671314756197,0.0,0.0,0.0,False,NONE
837,529,86,91.35780435,10.78519212710641,3948.0,34.3304347826087,0.0,0.0,0.0,1.5189541107759623,False,True,459,PV+/PNN-,91.35780435,10.78519212710641,0.0,0.0,0.0,False,NONE
838,529,1566,106.45170246,11.642101063659146,3093.0,23.082089552238806,0.0,0.0,0.0,1.6889118271028662,False,True,460,PV+/PNN-,106.45170246,11.642101063659146,0.0,0.0,0.0,False,NONE
839,530,2082,115.98469074,12.152213577535832,2113.0,14.472602739726028,0.0,0.0,0.0,1.7303947677715883,False,True,461,PV+/PNN-,115.98469074,12.152213577535832,0.0,0.0,0.0,False,NONE
840,529,811,77.05832193,9.90523612702942,4241.0,43.72164948453608,0.0,0.0,0.0,1.5064835311686182,False,True,462,PV+/PNN-,77.05832193,9.90523612702942,0.0,0.0,0.0,False,NONE
841,530,926,92.94663573,10.878572156378345,6776.0,57.914529914529915,0.0,0.0,0.0,1.7947021012224806,False,True,463,PV+/PNN-,92.94663573,10.878572156378345,0.0,0.0,0.0,False,NONE
842,533,1159,92.94663573,10.878572156378345,3879.0,33.15384615384615,0.0,0.0,0.0,1.8425838994871753,False,True,464,PV+/PNN-,92.94663573,10.878572156378345,0.0,0.0,0.0,False,NONE
843,534,2068,104.86287108,11.554893086200376,1022.0,7.742424242424242,0.0,0.0,0.0,1.6158140246826398,False,True,465,PV+/PNN-,104.86287108,11.554893086200376,0.0,0.0,0.0,False,NONE
844,535,405,104.06845539,11.51104134134072,3998.0,30.519083969465647,0.0,0.0,0.0,1.6961597486271456,False,True,466,PV+/PNN-,104.06845539,11.51104134134072,0.0,0.0,0.0,False,NONE
845,535,578,147.76131834,13.716251444643651,2757.0,14.82258064516129,0.0,0.0,0.0,2.02342933887167,False,True,467,PV+/PNN-,147.76131834,13.716251444643651,0.0,0.0,0.0,False,NONE
846,533,1719,69.11416503,9.380772250595795,1167.0,13.413793103448276,0.0,0.0,0.0,1.5601668284593924,False,True,468,PV+/PNN-,69.11416503,9.380772250595795,0.0,0.0,0.0,False,NONE
847,535,171,95.32988280000001,11.017158280424603,5006.0,41.71666666666667,0.0,0.0,0.0,1.6559025751684373,False,True,469,PV+/PNN-,95.32988280000001,11.017158280424603,0.0,0.0,0.0,False,NONE
848,536,452,106.45170246,11.642101063659146,4171.0,31.12686567164179,0.0,0.0,0.0,1.7780670294283083,False,True,470,PV+/PNN-,106.45170246,11.642101063659146,0.0,0.0,0.0,False,NONE
849,537,1269,145.37807127,13.6051868520168,4324.0,23.628415300546447,0.0,0.0,0.0,1.9042732082133464,False,True,472,PV+/PNN-,145.37807127,13.6051868520168,0.0,0.0,0.0,False,NONE
850,538,485,135.05066730000001,13.113041224263421,10078.0,59.28235294117647,0.0,0.0,0.0,2.32027525158672,False,True,473,PV+/PNN-,135.05066730000001,13.113041224263421,0.0,0.0,0.0,False,NONE
851,535,1805,65.14208658,9.10722134683339,841.0,10.25609756097561,0.0,0.0,0.0,1.402600405000837,False,True,474,PV+/PNN-,65.14208658,9.10722134683339,0.0,0.0,0.0,False,NONE
852,537,1000,104.06845539,11.51104134134072,4036.0,30.80916030534351,0.0,0.0,0.0,1.8517612808523576,False,True,475,PV+/PNN-,104.06845539,11.51104134134072,0.0,0.0,0.0,False,NONE
853,539,381,100.89079263,11.333937836259333,3204.0,25.228346456692915,0.0,0.0,0.0,1.4562135364477655,False,True,476,PV+/PNN-,100.89079263,11.333937836259333,0.0,0.0,0.0,False,NONE
854,537,773,63.5532552,8.995472067506276,2166.0,27.075,0.0,0.0,0.0,1.7861136642144606,False,True,477,PV+/PNN-,63.5532552,8.995472067506276,0.0,0.0,0.0,False,NONE
855,537,1658,34.95429036,6.671220633775133,661.0,15.022727272727273,0.0,0.0,0.0,1.6229726944122467,False,True,479,PV+/PNN-,34.95429036,6.671220633775133,0.0,0.0,0.0,False,NONE
856,540,1522,81.03040038,10.157318055940708,2084.0,20.431372549019606,0.0,0.0,0.0,1.8660666807764519,False,True,480,PV+/PNN-,81.03040038,10.157318055940708,0.0,0.0,0.0,False,NONE
857,539,1056,65.14208658,9.10722134683339,4579.0,55.84146341463415,0.0,0.0,0.0,1.749958017037429,False,True,481,PV+/PNN-,65.14208658,9.10722134683339,0.0,0.0,0.0,False,NONE
858,546,1302,170.79937335,14.746813769937052,4620.0,21.488372093023255,0.0,0.0,0.0,1.892086353742449,False,True,482,PV+/PNN-,170.79937335,14.746813769937052,0.0,0.0,0.0,False,NONE
859,541,1419,77.85273762,9.956163126610313,1793.0,18.29591836734694,0.0,0.0,0.0,1.7232149413839686,False,True,483,PV+/PNN-,77.85273762,9.956163126610313,0.0,0.0,0.0,False,NONE
860,542,1825,87.3857259,10.548125988120718,1598.0,14.527272727272727,0.0,0.0,0.0,1.4615958253648287,False,True,484,PV+/PNN-,87.3857259,10.548125988120718,0.0,0.0,0.0,False,NONE
861,541,2018,92.15222004,10.83198276817611,1375.0,11.85344827586207,0.0,0.0,0.0,1.5611365989892652,False,True,485,PV+/PNN-,92.15222004,10.83198276817611,0.0,0.0,0.0,False,NONE
862,544,249,148.55573403,13.753073662427433,10659.0,57.0,0.0,0.0,0.0,1.557822784183978,False,True,486,PV+/PNN-,148.55573403,13.753073662427433,0.0,0.0,0.0,False,NONE
863,543,430,88.18014159,10.595963539609496,2703.0,24.35135135135135,0.0,0.0,0.0,1.5919333658163075,False,True,487,PV+/PNN-,88.18014159,10.595963539609496,0.0,0.0,0.0,False,NONE
864,542,1252,72.29182779,9.593998848416254,2887.0,31.725274725274726,0.0,0.0,0.0,1.855769936875043,False,True,489,PV+/PNN-,72.29182779,9.593998848416254,0.0,0.0,0.0,False,NONE
865,542,1941,70.70299641,9.487984557348323,1017.0,11.426966292134832,0.0,0.0,0.0,1.5379993996282322,False,True,490,PV+/PNN-,70.70299641,9.487984557348323,0.0,0.0,0.0,False,NONE
866,542,1637,65.14208658,9.10722134683339,1301.0,15.865853658536585,0.0,0.0,0.0,1.6141428369757282,False,True,492,PV+/PNN-,65.14208658,9.10722134683339,0.0,0.0,0.0,False,NONE
867,544,1752,73.88065917,9.698854408967303,1288.0,13.849462365591398,0.0,0.0,0.0,1.5596663017342969,False,True,493,PV+/PNN-,73.88065917,9.698854408967303,0.0,0.0,0.0,False,NONE
868,545,2053,133.46183592,13.035677474005707,1640.0,9.761904761904763,0.0,0.0,0.0,1.6331628416293908,False,True,494,PV+/PNN-,133.46183592,13.035677474005707,0.0,0.0,0.0,False,NONE
869,543,2124,116.77910643,12.193759728054031,1666.0,11.333333333333334,0.0,0.0,0.0,1.664442889026615,False,True,495,PV+/PNN-,116.77910643,12.193759728054031,0.0,0.0,0.0,False,NONE
870,545,1546,105.65728677,11.598579038183399,2455.0,18.458646616541355,0.0,0.0,0.0,1.7457619499569172,False,True,496,PV+/PNN-,105.65728677,11.598579038183399,0.0,0.0,0.0,False,NONE
871,545,1849,101.68520832,11.378472144697502,1651.0,12.8984375,0.0,0.0,0.0,1.467511315395856,False,True,497,PV+/PNN-,101.68520832,11.378472144697502,0.0,0.0,0.0,False,NONE
872,547,969,89.76897297000001,10.690996505268625,3982.0,35.23893805309734,0.0,0.0,0.0,1.6993469217803256,False,True,498,PV+/PNN-,89.76897297000001,10.690996505268625,0.0,0.0,0.0,False,NONE
873,548,633,115.19027505,12.11052490037406,3566.0,24.593103448275862,0.0,0.0,0.0,1.7842226116812085,False,True,500,PV+/PNN-,115.19027505,12.11052490037406,0.0,0.0,0.0,False,NONE
874,548,865,104.86287108,11.554893086200376,4055.0,30.71969696969697,0.0,0.0,0.0,1.6812647193533292,False,True,501,PV+/PNN-,104.86287108,11.554893086200376,0.0,0.0,0.0,False,NONE
875,548,1881,105.65728677,11.598579038183399,1789.0,13.451127819548873,0.0,0.0,0.0,1.4950624141200808,False,True,502,PV+/PNN-,105.65728677,11.598579038183399,0.0,0.0,0.0,False,NONE
876,549,618,83.41364745,10.305607915302103,3997.0,38.06666666666667,0.0,0.0,0.0,1.9220297747490787,False,True,503,PV+/PNN-,83.41364745,10.305607915302103,0.0,0.0,0.0,False,NONE
877,548,682,95.32988280000001,11.017158280424603,3043.0,25.358333333333334,0.0,0.0,0.0,1.7070870637351245,False,True,504,PV+/PNN-,95.32988280000001,11.017158280424603,0.0,0.0,0.0,False,NONE
878,548,850,61.96442382,8.88231697105848,4834.0,61.97435897435897,0.0,0.0,0.0,1.7618194204864852,False,True,505,PV+/PNN-,61.96442382,8.88231697105848,0.0,0.0,0.0,False,NONE
879,548,1393,93.74105142,10.924962866435578,2833.0,24.008474576271187,0.0,0.0,0.0,1.773200758689488,False,True,506,PV+/PNN-,93.74105142,10.924962866435578,0.0,0.0,0.0,False,NONE
880,545,1568,29.39338053,6.1175824019170015,1290.0,34.86486486486486,0.0,0.0,0.0,1.5980140891387533,False,True,507,PV+/PNN-,29.39338053,6.1175824019170015,0.0,0.0,0.0,False,NONE
881,548,770,62.75883951,8.93907356753593,2856.0,36.151898734177216,0.0,0.0,0.0,1.725847827036449,False,True,508,PV+/PNN-,62.75883951,8.93907356753593,0.0,0.0,0.0,False,NONE
882,549,1054,88.18014159,10.595963539609496,6025.0,54.27927927927928,0.0,0.0,0.0,1.8430672390333185,False,True,509,PV+/PNN-,88.18014159,10.595963539609496,0.0,0.0,0.0,False,NONE
883,552,447,95.32988280000001,11.017158280424603,2529.0,21.075,0.0,0.0,0.0,1.7121492659010606,False,True,510,PV+/PNN-,95.32988280000001,11.017158280424603,0.0,0.0,0.0,False,NONE
884,550,1775,55.6090983,8.414493627225879,1013.0,14.471428571428572,0.0,0.0,0.0,1.5379452294605922,False,True,511,PV+/PNN-,55.6090983,8.414493627225879,0.0,0.0,0.0,False,NONE
885,553,1801,137.43391437,13.228238528376714,4517.0,26.109826589595375,0.0,0.0,0.0,2.2125432356858368,False,True,512,PV+/PNN-,137.43391437,13.228238528376714,0.0,0.0,0.0,False,NONE
886,553,1435,105.65728677,11.598579038183399,2478.0,18.63157894736842,0.0,0.0,0.0,1.8716192068142763,False,True,513,PV+/PNN-,105.65728677,11.598579038183399,0.0,0.0,0.0,False,NONE
887,552,1189,72.29182779,9.593998848416254,3501.0,38.472527472527474,0.0,0.0,0.0,1.6970430118185846,False,True,514,PV+/PNN-,72.29182779,9.593998848416254,0.0,0.0,0.0,False,NONE
888,556,334,148.55573403,13.753073662427433,7127.0,38.11229946524064,0.0,0.0,0.0,1.734323094996296,False,True,515,PV+/PNN-,148.55573403,13.753073662427433,0.0,0.0,0.0,False,NONE
889,557,408,147.76131834,13.716251444643651,9055.0,48.68279569892473,0.0,0.0,0.0,2.1932580566966235,False,True,517,PV+/PNN-,147.76131834,13.716251444643651,0.0,0.0,0.0,False,NONE
890,555,928,106.45170246,11.642101063659146,7192.0,53.67164179104478,0.0,0.0,0.0,1.6596971280357724,False,True,518,PV+/PNN-,106.45170246,11.642101063659146,0.0,0.0,0.0,False,NONE
891,557,1336,112.01261229,11.942314996545514,5097.0,36.148936170212764,0.0,0.0,0.0,1.904728361064758,False,True,519,PV+/PNN-,112.01261229,11.942314996545514,0.0,0.0,0.0,False,NONE
892,556,503,69.11416503,9.380772250595795,1686.0,19.379310344827587,0.0,0.0,0.0,1.601285098926,False,True,520,PV+/PNN-,69.11416503,9.380772250595795,0.0,0.0,0.0,False,NONE
893,557,763,81.03040038,10.157318055940708,2849.0,27.931372549019606,0.0,0.0,0.0,1.7297511714715053,False,True,521,PV+/PNN-,81.03040038,10.157318055940708,0.0,0.0,0.0,False,NONE
894,558,1591,93.74105142,10.924962866435578,1989.0,16.85593220338983,0.0,0.0,0.0,1.8149567765554018,False,True,522,PV+/PNN-,93.74105142,10.924962866435578,0.0,0.0,0.0,False,NONE
895,556,2123,87.3857259,10.548125988120718,1363.0,12.39090909090909,0.0,0.0,0.0,1.6309494978252368,False,True,523,PV+/PNN-,87.3857259,10.548125988120718,0.0,0.0,0.0,False,NONE
896,558,2144,207.34249509,16.247974152264163,2223.0,8.517241379310345,0.0,0.0,0.0,1.9925551820453535,False,True,524,PV+/PNN-,207.34249509,16.247974152264163,0.0,0.0,0.0,False,NONE
897,558,1937,131.07858885,12.91876320674319,2790.0,16.90909090909091,0.0,0.0,0.0,1.6096780220572628,False,True,525,PV+/PNN-,131.07858885,12.91876320674319,0.0,0.0,0.0,False,NONE
898,565,256,231.17496579000002,17.156372232981727,15381.0,52.855670103092784,0.0,0.0,0.0,1.6978382522177498,False,True,526,PV+/PNN-,231.17496579000002,17.156372232981727,0.0,0.0,0.0,False,NONE
899,564,478,142.9948242,13.493208101259413,4266.0,23.7,0.0,0.0,0.0,1.8471413236593572,False,True,527,PV+/PNN-,142.9948242,13.493208101259413,0.0,0.0,0.0,False,NONE
900,562,573,131.07858885,12.91876320674319,2904.0,17.6,0.0,0.0,0.0,1.90093361334183,False,True,528,PV+/PNN-,131.07858885,12.91876320674319,0.0,0.0,0.0,False,NONE
901,560,651,93.74105142,10.924962866435578,2909.0,24.652542372881356,0.0,0.0,0.0,1.716572734460372,False,True,529,PV+/PNN-,93.74105142,10.924962866435578,0.0,0.0,0.0,False,NONE
902,562,1890,130.28417316,12.879555944225542,2023.0,12.335365853658537,0.0,0.0,0.0,1.5421196354278568,False,True,530,PV+/PNN-,130.28417316,12.879555944225542,0.0,0.0,0.0,False,NONE
903,562,1983,139.02274575,13.304482609502793,1744.0,9.965714285714286,0.0,0.0,0.0,1.582106916927235,False,True,531,PV+/PNN-,139.02274575,13.304482609502793,0.0,0.0,0.0,False,NONE
904,561,675,92.94663573,10.878572156378345,4056.0,34.666666666666664,0.0,0.0,0.0,1.801624770851111,False,True,532,PV+/PNN-,92.94663573,10.878572156378345,0.0,0.0,0.0,False,NONE
905,560,777,57.19792968,8.533854108523126,1980.0,27.5,0.0,0.0,0.0,1.561783112675847,False,True,533,PV+/PNN-,57.19792968,8.533854108523126,0.0,0.0,0.0,False,NONE
906,561,867,82.61923176,10.256416188536388,2847.0,27.375,0.0,0.0,0.0,1.630288697542504,False,True,534,PV+/PNN-,82.61923176,10.256416188536388,0.0,0.0,0.0,False,NONE
907,560,1056,56.40351399,8.474384017383858,3795.0,53.45070422535211,0.0,0.0,0.0,1.6826474805083438,False,True,535,PV+/PNN-,56.40351399,8.474384017383858,0.0,0.0,0.0,False,NONE
908,562,1915,117.57352212,12.235164803834003,2117.0,14.304054054054054,0.0,0.0,0.0,1.453900946396788,False,True,536,PV+/PNN-,117.57352212,12.235164803834003,0.0,0.0,0.0,False,NONE
909,562,2162,103.2740397,11.467021901548332,1335.0,10.26923076923077,0.0,0.0,0.0,1.8187583781819716,False,True,537,PV+/PNN-,103.2740397,11.467021901548332,0.0,0.0,0.0,False,NONE
910,564,1858,126.31209471,12.681701540530954,1922.0,12.08805031446541,0.0,0.0,0.0,1.541796081063311,False,True,538,PV+/PNN-,126.31209471,12.681701540530954,0.0,0.0,0.0,False,NONE
911,563,1360,100.09637694,11.289227848029503,3555.0,28.214285714285715,0.0,0.0,0.0,1.8829249326206834,False,True,540,PV+/PNN-,100.09637694,11.289227848029503,0.0,0.0,0.0,False,NONE
912,564,1771,88.18014159,10.595963539609496,2046.0,18.43243243243243,0.0,0.0,0.0,1.610175535783645,False,True,541,PV+/PNN-,88.18014159,10.595963539609496,0.0,0.0,0.0,False,NONE
913,565,700,115.19027505,12.11052490037406,6495.0,44.793103448275865,0.0,0.0,0.0,1.799118287020055,False,True,542,PV+/PNN-,115.19027505,12.11052490037406,0.0,0.0,0.0,False,NONE
914,563,1020,77.85273762,9.956163126610313,4695.0,47.90816326530612,0.0,0.0,0.0,1.6632949973790105,False,True,543,PV+/PNN-,77.85273762,9.956163126610313,0.0,0.0,0.0,False,NONE
915,566,457,85.00247883,10.403293586497956,2215.0,20.700934579439252,0.0,0.0,0.0,1.7675128310221813,False,True,544,PV+/PNN-,85.00247883,10.403293586497956,0.0,0.0,0.0,False,NONE
916,566,616,101.68520832,11.378472144697502,2662.0,20.796875,0.0,0.0,0.0,1.7306403654794107,False,True,545,PV+/PNN-,101.68520832,11.378472144697502,0.0,0.0,0.0,False,NONE
917,565,1458,92.15222004,10.83198276817611,2600.0,22.413793103448278,0.0,0.0,0.0,1.7647884102625575,False,True,546,PV+/PNN-,92.15222004,10.83198276817611,0.0,0.0,0.0,False,NONE
918,565,1486,98.50754556,11.199272407696524,3017.0,24.330645161290324,0.0,0.0,0.0,1.8033414812630497,False,True,547,PV+/PNN-,98.50754556,11.199272407696524,0.0,0.0,0.0,False,NONE
919,566,2023,110.42378091,11.857315232959936,1291.0,9.287769784172662,0.0,0.0,0.0,1.601452541319647,False,True,548,PV+/PNN-,110.42378091,11.857315232959936,0.0,0.0,0.0,False,NONE
920,567,2065,94.53546711,10.971157418634661,1222.0,10.268907563025211,0.0,0.0,0.0,1.6868335284587135,False,True,549,PV+/PNN-,94.53546711,10.971157418634661,0.0,0.0,0.0,False,NONE
921,569,733,134.25625161,13.074416571218995,4699.0,27.80473372781065,0.0,0.0,0.0,1.6494591672833272,False,True,550,PV+/PNN-,134.25625161,13.074416571218995,0.0,0.0,0.0,False,NONE
922,568,429,43.69286295,7.4586514150102134,1248.0,22.69090909090909,0.0,0.0,0.0,1.6861735214536309,False,True,551,PV+/PNN-,43.69286295,7.4586514150102134,0.0,0.0,0.0,False,NONE
923,568,1136,58.78676106,8.651568001725998,3680.0,49.729729729729726,0.0,0.0,0.0,1.821480671238636,False,True,552,PV+/PNN-,58.78676106,8.651568001725998,0.0,0.0,0.0,False,NONE
924,568,1650,57.19792968,8.533854108523126,1308.0,18.166666666666668,0.0,0.0,0.0,1.7052121740440371,False,True,553,PV+/PNN-,57.19792968,8.533854108523126,0.0,0.0,0.0,False,NONE
925,572,223,119.95676919,12.358547737957586,10459.0,69.26490066225166,0.0,0.0,0.0,1.4786547253789564,False,True,554,PV+/PNN-,119.95676919,12.358547737957586,0.0,0.0,0.0,False,NONE
926,570,350,83.41364745,10.305607915302103,3318.0,31.6,0.0,0.0,0.0,1.4964833831491156,False,True,555,PV+/PNN-,83.41364745,10.305607915302103,0.0,0.0,0.0,False,NONE
927,571,1554,75.46949055,9.802588422925686,1492.0,15.705263157894738,0.0,0.0,0.0,1.7080047728997094,False,True,557,PV+/PNN-,75.46949055,9.802588422925686,0.0,0.0,0.0,False,NONE
928,570,2043,73.88065917,9.698854408967303,1058.0,11.376344086021506,0.0,0.0,0.0,1.6874007219787064,False,True,558,PV+/PNN-,73.88065917,9.698854408967303,0.0,0.0,0.0,False,NONE
929,574,327,97.71312987,11.154022637162193,4251.0,34.5609756097561,0.0,0.0,0.0,1.668194534899274,False,True,559,PV+/PNN-,97.71312987,11.154022637162193,0.0,0.0,0.0,False,NONE
930,574,926,121.54560057,12.440123196106569,5242.0,34.26143790849673,0.0,0.0,0.0,1.6865184209476063,False,True,560,PV+/PNN-,121.54560057,12.440123196106569,0.0,0.0,0.0,False,NONE
931,573,2109,108.04053384,11.728660627684029,1332.0,9.794117647058824,0.0,0.0,0.0,1.6432305266092635,False,True,561,PV+/PNN-,108.04053384,11.728660627684029,0.0,0.0,0.0,False,NONE
932,573,2174,119.95676919,12.358547737957586,1411.0,9.344370860927153,0.0,0.0,0.0,1.9582788246327714,False,True,562,PV+/PNN-,119.95676919,12.358547737957586,0.0,0.0,0.0,False,NONE
933,575,117,128.69534178,12.800781162784691,12986.0,80.1604938271605,0.0,0.0,0.0,1.853640941255127,False,True,563,PV+/PNN-,128.69534178,12.800781162784691,0.0,0.0,0.0,False,NONE
934,572,856,56.40351399,8.474384017383858,2425.0,34.15492957746479,0.0,0.0,0.0,1.6265592311580657,False,True,564,PV+/PNN-,56.40351399,8.474384017383858,0.0,0.0,0.0,False,NONE
935,574,1365,85.00247883,10.403293586497956,2812.0,26.2803738317757,0.0,0.0,0.0,1.7738208711043448,False,True,565,PV+/PNN-,85.00247883,10.403293586497956,0.0,0.0,0.0,False,NONE
936,576,1521,124.72326333,12.60169000650996,5811.0,37.01273885350319,0.0,0.0,0.0,2.765187628985233,False,True,566,PV+/PNN-,124.72326333,12.60169000650996,0.0,0.0,0.0,False,NONE
937,574,2138,110.42378091,11.857315232959936,1482.0,10.661870503597122,0.0,0.0,0.0,1.8039406279570918,False,True,567,PV+/PNN-,110.42378091,11.857315232959936,0.0,0.0,0.0,False,NONE
938,575,2153,134.25625161,13.074416571218995,1534.0,9.076923076923077,0.0,0.0,0.0,2.0132987075727002,False,True,568,PV+/PNN-,134.25625161,13.074416571218995,0.0,0.0,0.0,False,NONE
939,575,1049,123.13443195,12.521167201073583,18551.0,119.68387096774194,0.0,0.0,0.0,2.264818362583549,False,True,569,PV+/PNN-,123.13443195,12.521167201073583,0.0,0.0,0.0,False,NONE
940,574,1343,112.80702798,11.984588810142046,5313.0,37.41549295774648,0.0,0.0,0.0,2.0790678191365806,False,True,571,PV+/PNN-,112.80702798,11.984588810142046,0.0,0.0,0.0,False,NONE
941,575,1639,86.59131021,10.500070494515816,1871.0,17.165137614678898,0.0,0.0,0.0,1.707835299529274,False,True,572,PV+/PNN-,86.59131021,10.500070494515816,0.0,0.0,0.0,False,NONE
942,575,408,92.15222004,10.83198276817611,4182.0,36.05172413793103,0.0,0.0,0.0,1.5832473670703655,False,True,573,PV+/PNN-,92.15222004,10.83198276817611,0.0,0.0,0.0,False,NONE
943,577,1401,112.80702798,11.984588810142046,3650.0,25.704225352112676,0.0,0.0,0.0,1.8699251944406283,False,True,574,PV+/PNN-,112.80702798,11.984588810142046,0.0,0.0,0.0,False,NONE
944,576,1796,77.05832193,9.90523612702942,1449.0,14.938144329896907,0.0,0.0,0.0,1.5141377200105834,False,True,575,PV+/PNN-,77.05832193,9.90523612702942,0.0,0.0,0.0,False,NONE
945,576,1501,73.88065917,9.698854408967303,1942.0,20.881720430107528,0.0,0.0,0.0,1.6728854469509324,False,True,576,PV+/PNN-,73.88065917,9.698854408967303,0.0,0.0,0.0,False,NONE
946,578,971,100.89079263,11.333937836259333,7053.0,55.53543307086614,0.0,0.0,0.0,3.0288178628524873,False,True,577,PV+/PNN-,100.89079263,11.333937836259333,0.0,0.0,0.0,False,NONE
947,582,819,109.62936522,11.814586030086609,5392.0,39.072463768115945,0.0,0.0,0.0,1.7539185475407655,False,True,578,PV+/PNN-,109.62936522,11.814586030086609,0.0,0.0,0.0,False,NONE
948,580,2053,96.91871418,11.108588547554572,1085.0,8.89344262295082,0.0,0.0,0.0,1.728894182355232,False,True,579,PV+/PNN-,96.91871418,11.108588547554572,0.0,0.0,0.0,False,NONE
949,581,674,108.04053384,11.728660627684029,4215.0,30.99264705882353,0.0,0.0,0.0,1.7757411127175915,False,True,580,PV+/PNN-,108.04053384,11.728660627684029,0.0,0.0,0.0,False,NONE
950,578,942,34.95429036,6.671220633775133,1732.0,39.36363636363637,0.0,0.0,0.0,1.6950707252604278,False,True,581,PV+/PNN-,34.95429036,6.671220633775133,0.0,0.0,0.0,False,NONE
951,582,467,104.06845539,11.51104134134072,2600.0,19.84732824427481,0.0,0.0,0.0,1.9702657590371215,False,True,582,PV+/PNN-,104.06845539,11.51104134134072,0.0,0.0,0.0,False,NONE
952,582,1624,85.00247883,10.403293586497956,3507.0,32.77570093457944,0.0,0.0,0.0,1.8514097641149543,False,True,584,PV+/PNN-,85.00247883,10.403293586497956,0.0,0.0,0.0,False,NONE
953,582,895,50.84260416,8.045794813057842,1729.0,27.015625,0.0,0.0,0.0,1.5903751804649306,False,True,585,PV+/PNN-,50.84260416,8.045794813057842,0.0,0.0,0.0,False,NONE
954,585,2080,111.2181966,11.899891008124815,1383.0,9.878571428571428,0.0,0.0,0.0,1.8310708405928935,False,True,586,PV+/PNN-,111.2181966,11.899891008124815,0.0,0.0,0.0,False,NONE
955,584,1290,76.26390624,9.854045933561641,3852.0,40.125,0.0,0.0,0.0,2.03050553544771,False,True,587,PV+/PNN-,76.26390624,9.854045933561641,0.0,0.0,0.0,False,NONE
956,585,2007,48.45935709,7.854958291387057,739.0,12.114754098360656,0.0,0.0,0.0,1.508148973152116,False,True,588,PV+/PNN-,48.45935709,7.854958291387057,0.0,0.0,0.0,False,NONE
957,586,2202,119.95676919,12.358547737957586,1555.0,10.298013245033113,0.0,0.0,0.0,2.076732120347833,False,True,589,PV+/PNN-,119.95676919,12.358547737957586,0.0,0.0,0.0,False,NONE
958,587,780,155.70547524,14.080140922851225,6640.0,33.87755102040816,0.0,0.0,0.0,1.6050968908454593,False,True,590,PV+/PNN-,155.70547524,14.080140922851225,0.0,0.0,0.0,False,NONE
959,586,1134,87.3857259,10.548125988120718,13492.0,122.65454545454546,0.0,0.0,0.0,2.119988907067793,False,True,591,PV+/PNN-,87.3857259,10.548125988120718,0.0,0.0,0.0,False,NONE
960,585,1464,79.441569,10.057243516322302,2349.0,23.49,0.0,0.0,0.0,1.8568157544653685,False,True,592,PV+/PNN-,79.441569,10.057243516322302,0.0,0.0,0.0,False,NONE
961,586,91,59.58117675,8.70982837718145,8126.0,108.34666666666666,0.0,0.0,0.0,1.8556908206507159,False,True,593,PV+/PNN-,59.58117675,8.70982837718145,0.0,0.0,0.0,False,NONE
962,590,566,194.63184405,15.74207611813598,4301.0,17.555102040816326,0.0,0.0,0.0,1.9645476813763516,False,True,594,PV+/PNN-,194.63184405,15.74207611813598,0.0,0.0,0.0,False,NONE
963,586,1013,61.17000813,8.825195369105852,5247.0,68.14285714285714,0.0,0.0,0.0,1.7724281869303604,False,True,595,PV+/PNN-,61.17000813,8.825195369105852,0.0,0.0,0.0,False,NONE
964,588,1599,88.97455728,10.643586087602236,1965.0,17.544642857142858,0.0,0.0,0.0,1.8422800025317518,False,True,596,PV+/PNN-,88.97455728,10.643586087602236,0.0,0.0,0.0,False,NONE
965,588,2111,99.30196125,11.244340084382843,2267.0,18.136,0.0,0.0,0.0,1.628544184796089,False,True,597,PV+/PNN-,99.30196125,11.244340084382843,0.0,0.0,0.0,False,NONE
966,588,2163,109.62936522,11.814586030086609,1537.0,11.13768115942029,0.0,0.0,0.0,1.9226586197386362,False,True,598,PV+/PNN-,109.62936522,11.814586030086609,0.0,0.0,0.0,False,NONE
967,589,82,89.76897297000001,10.690996505268625,8416.0,74.47787610619469,0.0,0.0,0.0,1.5422543943890337,False,True,599,PV+/PNN-,89.76897297000001,10.690996505268625,0.0,0.0,0.0,False,NONE
968,587,594,66.73091796,9.217615939230159,2173.0,25.86904761904762,0.0,0.0,0.0,1.7886447652974287,False,True,600,PV+/PNN-,66.73091796,9.217615939230159,0.0,0.0,0.0,False,NONE
969,588,1569,85.00247883,10.403293586497956,3768.0,35.21495327102804,0.0,0.0,0.0,1.7088480582580619,False,True,601,PV+/PNN-,85.00247883,10.403293586497956,0.0,0.0,0.0,False,NONE
970,589,1835,76.26390624,9.854045933561641,1161.0,12.09375,0.0,0.0,0.0,1.5067082280001534,False,True,602,PV+/PNN-,76.26390624,9.854045933561641,0.0,0.0,0.0,False,NONE
971,590,127,123.92884764,12.56149312576761,8682.0,55.65384615384615,0.0,0.0,0.0,1.531640655334518,False,True,603,PV+/PNN-,123.92884764,12.56149312576761,0.0,0.0,0.0,False,NONE
972,591,1847,97.71312987,11.154022637162193,1573.0,12.788617886178862,0.0,0.0,0.0,1.489851369161687,False,True,604,PV+/PNN-,97.71312987,11.154022637162193,0.0,0.0,0.0,False,NONE
973,593,2033,141.40599282,13.418036440588484,2083.0,11.702247191011235,0.0,0.0,0.0,1.6957429277952303,False,True,605,PV+/PNN-,141.40599282,13.418036440588484,0.0,0.0,0.0,False,NONE
974,592,1312,135.05066730000001,13.113041224263421,9850.0,57.94117647058823,0.0,0.0,0.0,3.7615139858885325,False,True,606,PV+/PNN-,135.05066730000001,13.113041224263421,0.0,0.0,0.0,False,NONE
975,592,281,126.31209471,12.681701540530954,10332.0,64.98113207547169,0.0,0.0,0.0,1.560049724093521,False,True,607,PV+/PNN-,126.31209471,12.681701540530954,0.0,0.0,0.0,False,NONE
976,593,700,120.75118488,12.39940255265723,4168.0,27.42105263157895,0.0,0.0,0.0,1.878343435255244,False,True,608,PV+/PNN-,120.75118488,12.39940255265723,0.0,0.0,0.0,False,NONE
977,593,1423,108.04053384,11.728660627684029,6213.0,45.68382352941177,0.0,0.0,0.0,3.021439881001872,False,True,609,PV+/PNN-,108.04053384,11.728660627684029,0.0,0.0,0.0,False,NONE
978,591,1618,89.76897297000001,10.690996505268625,4091.0,36.203539823008846,0.0,0.0,0.0,1.7817757004114978,False,True,610,PV+/PNN-,89.76897297000001,10.690996505268625,0.0,0.0,0.0,False,NONE
979,592,2239,113.60144367,12.026714032504808,1261.0,8.818181818181818,0.0,0.0,0.0,1.7563127514637107,False,True,611,PV+/PNN-,113.60144367,12.026714032504808,0.0,0.0,0.0,False,NONE
980,594,2253,183.51002439,15.285686766012908,2267.0,9.813852813852813,0.0,0.0,0.0,1.7952190538246187,False,True,612,PV+/PNN-,183.51002439,15.285686766012908,0.0,0.0,0.0,False,NONE
981,591,1051,79.441569,10.057243516322302,6849.0,68.49,0.0,0.0,0.0,1.846691350133496,False,True,613,PV+/PNN-,79.441569,10.057243516322302,0.0,0.0,0.0,False,NONE
982,594,1493,131.07858885,12.91876320674319,6684.0,40.50909090909091,0.0,0.0,0.0,1.8788440038904723,False,True,614,PV+/PNN-,131.07858885,12.91876320674319,0.0,0.0,0.0,False,NONE
983,595,1944,139.81716144,13.342441267550265,2151.0,12.221590909090908,0.0,0.0,0.0,1.5953606825980495,False,True,615,PV+/PNN-,139.81716144,13.342441267550265,0.0,0.0,0.0,False,NONE
984,593,656,72.29182779,9.593998848416254,3276.0,36.0,0.0,0.0,0.0,1.8290682111646108,False,True,616,PV+/PNN-,72.29182779,9.593998848416254,0.0,0.0,0.0,False,NONE
985,594,2228,91.35780435,10.78519212710641,1168.0,10.156521739130435,0.0,0.0,0.0,1.7865905383315417,False,True,618,PV+/PNN-,91.35780435,10.78519212710641,0.0,0.0,0.0,False,NONE
986,595,529,106.45170246,11.642101063659146,2242.0,16.73134328358209,0.0,0.0,0.0,1.8173557626564694,False,True,619,PV+/PNN-,106.45170246,11.642101063659146,0.0,0.0,0.0,False,NONE
987,593,938,68.31974934,9.326703948667076,3992.0,46.41860465116279,0.0,0.0,0.0,1.8702678699884916,False,True,620,PV+/PNN-,68.31974934,9.326703948667076,0.0,0.0,0.0,False,NONE
988,594,985,83.41364745,10.305607915302103,5454.0,51.94285714285714,0.0,0.0,0.0,1.7015427470771944,False,True,621,PV+/PNN-,83.41364745,10.305607915302103,0.0,0.0,0.0,False,NONE
989,594,1633,96.91871418,11.108588547554572,2794.0,22.901639344262296,0.0,0.0,0.0,1.7100838136512069,False,True,623,PV+/PNN-,96.91871418,11.108588547554572,0.0,0.0,0.0,False,NONE
990,596,1733,122.34001626,12.48071098158173,1922.0,12.480519480519481,0.0,0.0,0.0,1.549778948809534,False,True,624,PV+/PNN-,122.34001626,12.48071098158173,0.0,0.0,0.0,False,NONE
991,596,1753,89.76897297000001,10.690996505268625,1766.0,15.628318584070797,0.0,0.0,0.0,1.4777449154602902,False,True,625,PV+/PNN-,89.76897297000001,10.690996505268625,0.0,0.0,0.0,False,NONE
992,595,928,48.45935709,7.854958291387057,2357.0,38.63934426229508,0.0,0.0,0.0,1.8223927797370028,False,True,626,PV+/PNN-,48.45935709,7.854958291387057,0.0,0.0,0.0,False,NONE
993,597,1162,92.15222004,10.83198276817611,6525.0,56.25,0.0,0.0,0.0,1.7834080044361156,False,True,627,PV+/PNN-,92.15222004,10.83198276817611,0.0,0.0,0.0,False,NONE
994,598,1863,104.86287108,11.554893086200376,1900.0,14.393939393939394,0.0,0.0,0.0,1.492071305070868,False,True,628,PV+/PNN-,104.86287108,11.554893086200376,0.0,0.0,0.0,False,NONE
995,597,1919,131.87300454,12.957851838301272,2126.0,12.80722891566265,0.0,0.0,0.0,1.4930446870134482,False,True,629,PV+/PNN-,131.87300454,12.957851838301272,0.0,0.0,0.0,False,NONE
996,597,1360,71.4974121,9.54113894836179,3782.0,42.022222222222226,0.0,0.0,0.0,1.6784012514614866,False,True,631,PV+/PNN-,71.4974121,9.54113894836179,0.0,0.0,0.0,False,NONE
997,599,1986,117.57352212,12.235164803834003,1571.0,10.614864864864865,0.0,0.0,0.0,1.6472679480505643,False,True,632,PV+/PNN-,117.57352212,12.235164803834003,0.0,0.0,0.0,False,NONE
998,598,1476,68.31974934,9.326703948667076,3360.0,39.06976744186046,0.0,0.0,0.0,1.8514317689059387,False,True,633,PV+/PNN-,68.31974934,9.326703948667076,0.0,0.0,0.0,False,NONE
999,601,436,97.71312987,11.154022637162193,4787.0,38.91869918699187,0.0,0.0,0.0,2.3634585071747276,False,True,634,PV+/PNN-,97.71312987,11.154022637162193,0.0,0.0,0.0,False,NONE
1000,600,1007,81.82481607,10.206987389088184,18759.0,182.126213592233,0.0,0.0,0.0,1.7988019346918636,False,True,635,PV+/PNN-,81.82481607,10.206987389088184,0.0,0.0,0.0,False,NONE
1001,601,425,102.47962401,11.422832828117684,4704.0,36.46511627906977,0.0,0.0,0.0,1.8637275571126053,False,True,636,PV+/PNN-,102.47962401,11.422832828117684,0.0,0.0,0.0,False,NONE
1002,600,882,69.11416503,9.380772250595795,2620.0,30.114942528735632,0.0,0.0,0.0,1.6610229635661657,False,True,637,PV+/PNN-,69.11416503,9.380772250595795,0.0,0.0,0.0,False,NONE
1003,601,1241,68.31974934,9.326703948667076,7855.0,91.33720930232558,0.0,0.0,0.0,2.045286642547213,False,True,638,PV+/PNN-,68.31974934,9.326703948667076,0.0,0.0,0.0,False,NONE
1004,602,776,81.82481607,10.206987389088184,5338.0,51.8252427184466,0.0,0.0,0.0,2.1572517191277285,False,True,639,PV+/PNN-,81.82481607,10.206987389088184,0.0,0.0,0.0,False,NONE
1005,607,1877,149.35014972,13.789797556005714,2778.0,14.77659574468085,0.0,0.0,0.0,1.601594600158938,False,True,641,PV+/PNN-,149.35014972,13.789797556005714,0.0,0.0,0.0,False,NONE
1006,602,1966,70.70299641,9.487984557348323,990.0,11.123595505617978,0.0,0.0,0.0,1.5698514582004144,False,True,642,PV+/PNN-,70.70299641,9.487984557348323,0.0,0.0,0.0,False,NONE
1007,605,845,135.84508299,13.151552441468574,3989.0,23.327485380116958,0.0,0.0,0.0,1.7355557835182156,False,True,643,PV+/PNN-,135.84508299,13.151552441468574,0.0,0.0,0.0,False,NONE
1008,605,1352,93.74105142,10.924962866435578,6934.0,58.76271186440678,0.0,0.0,0.0,1.8515647922186687,False,True,645,PV+/PNN-,93.74105142,10.924962866435578,0.0,0.0,0.0,False,NONE
1009,606,1467,77.85273762,9.956163126610313,5076.0,51.795918367346935,0.0,0.0,0.0,1.7053078316813375,False,True,646,PV+/PNN-,77.85273762,9.956163126610313,0.0,0.0,0.0,False,NONE
1010,606,1518,90.56338866,10.738197602350779,4619.0,40.51754385964912,0.0,0.0,0.0,1.7702905820057304,False,True,647,PV+/PNN-,90.56338866,10.738197602350779,0.0,0.0,0.0,False,NONE
1011,607,1597,105.65728677,11.598579038183399,4125.0,31.015037593984964,0.0,0.0,0.0,1.9091733882959077,False,True,648,PV+/PNN-,105.65728677,11.598579038183399,0.0,0.0,0.0,False,NONE
1012,607,1978,75.46949055,9.802588422925686,1078.0,11.347368421052632,0.0,0.0,0.0,1.6511660117383213,False,True,649,PV+/PNN-,75.46949055,9.802588422925686,0.0,0.0,0.0,False,NONE
1013,606,1833,37.33753743,6.894898778002857,860.0,18.29787234042553,0.0,0.0,0.0,1.5610251785454077,False,True,653,PV+/PNN-,37.33753743,6.894898778002857,0.0,0.0,0.0,False,NONE
1014,615,351,135.05066730000001,13.113041224263421,6937.0,40.805882352941175,0.0,0.0,0.0,1.742985686938005,False,True,656,PV+/PNN-,135.05066730000001,13.113041224263421,0.0,0.0,0.0,False,NONE
1015,610,1042,57.19792968,8.533854108523126,4965.0,68.95833333333333,0.0,0.0,0.0,1.9526976132675808,False,True,657,PV+/PNN-,57.19792968,8.533854108523126,0.0,0.0,0.0,False,NONE
1016,612,2313,137.43391437,13.228238528376714,1680.0,9.710982658959537,0.0,0.0,0.0,1.7545066004019056,False,True,658,PV+/PNN-,137.43391437,13.228238528376714,0.0,0.0,0.0,False,NONE
1017,611,509,65.14208658,9.10722134683339,2154.0,26.26829268292683,0.0,0.0,0.0,1.76559734080211,False,True,659,PV+/PNN-,65.14208658,9.10722134683339,0.0,0.0,0.0,False,NONE
1018,611,1215,70.70299641,9.487984557348323,4574.0,51.39325842696629,0.0,0.0,0.0,1.7450377803474173,False,True,660,PV+/PNN-,70.70299641,9.487984557348323,0.0,0.0,0.0,False,NONE
1019,613,1391,90.56338866,10.738197602350779,8649.0,75.86842105263158,0.0,0.0,0.0,2.834241142495462,False,True,661,PV+/PNN-,90.56338866,10.738197602350779,0.0,0.0,0.0,False,NONE
1020,611,2187,73.88065917,9.698854408967303,1099.0,11.817204301075268,0.0,0.0,0.0,1.7229631457967522,False,True,662,PV+/PNN-,73.88065917,9.698854408967303,0.0,0.0,0.0,False,NONE
1021,616,576,155.70547524,14.080140922851225,3491.0,17.81122448979592,0.0,0.0,0.0,1.7728038605604857,False,True,664,PV+/PNN-,155.70547524,14.080140922851225,0.0,0.0,0.0,False,NONE
1022,612,1121,61.96442382,8.88231697105848,6667.0,85.47435897435898,0.0,0.0,0.0,1.8448914560300522,False,True,665,PV+/PNN-,61.96442382,8.88231697105848,0.0,0.0,0.0,False,NONE
1023,613,1582,93.74105142,10.924962866435578,6619.0,56.09322033898305,0.0,0.0,0.0,1.531816655409822,False,True,666,PV+/PNN-,93.74105142,10.924962866435578,0.0,0.0,0.0,False,NONE
1024,616,220,116.77910643,12.193759728054031,7012.0,47.70068027210884,0.0,0.0,0.0,1.4321096195514518,False,True,667,PV+/PNN-,116.77910643,12.193759728054031,0.0,0.0,0.0,False,NONE
1025,615,2064,107.24611815,11.68546099424064,1733.0,12.837037037037037,0.0,0.0,0.0,1.625404369526748,False,True,668,PV+/PNN-,107.24611815,11.68546099424064,0.0,0.0,0.0,False,NONE
1026,616,559,88.97455728,10.643586087602236,1247.0,11.133928571428571,0.0,0.0,0.0,1.7591152526628013,False,True,669,PV+/PNN-,88.97455728,10.643586087602236,0.0,0.0,0.0,False,NONE
1027,615,1309,70.70299641,9.487984557348323,4896.0,55.01123595505618,0.0,0.0,0.0,1.6676827809578314,False,True,671,PV+/PNN-,70.70299641,9.487984557348323,0.0,0.0,0.0,False,NONE
1028,615,883,77.85273762,9.956163126610313,2916.0,29.755102040816325,0.0,0.0,0.0,1.515216974838022,False,True,672,PV+/PNN-,77.85273762,9.956163126610313,0.0,0.0,0.0,False,NONE
1029,616,1178,76.26390624,9.854045933561641,11672.0,121.58333333333333,0.0,0.0,0.0,1.9151998194458317,False,True,673,PV+/PNN-,76.26390624,9.854045933561641,0.0,0.0,0.0,False,NONE
1030,618,2595,165.23846352,14.504762875171126,3562.0,17.125,0.0,0.0,0.0,15.368002075421067,False,True,674,PV+/PNN-,165.23846352,14.504762875171126,0.0,0.0,0.0,False,NONE
1031,618,1054,84.20806314000001,10.354565948189398,5538.0,52.24528301886792,0.0,0.0,0.0,1.9070811933306513,False,True,675,PV+/PNN-,84.20806314000001,10.354565948189398,0.0,0.0,0.0,False,NONE
1032,620,1445,85.79689452,10.451794052617739,5679.0,52.583333333333336,0.0,0.0,0.0,1.6874007219787064,False,True,676,PV+/PNN-,85.79689452,10.451794052617739,0.0,0.0,0.0,False,NONE
1033,620,433,104.86287108,11.554893086200376,4207.0,31.87121212121212,0.0,0.0,0.0,1.745692746919789,False,True,677,PV+/PNN-,104.86287108,11.554893086200376,0.0,0.0,0.0,False,NONE
1034,621,1683,95.32988280000001,11.017158280424603,2563.0,21.358333333333334,0.0,0.0,0.0,1.6418409024852811,False,True,678,PV+/PNN-,95.32988280000001,11.017158280424603,0.0,0.0,0.0,False,NONE
1035,620,1749,71.4974121,9.54113894836179,1555.0,17.27777777777778,0.0,0.0,0.0,1.393418018416194,False,True,679,PV+/PNN-,71.4974121,9.54113894836179,0.0,0.0,0.0,False,NONE
1036,622,2110,124.72326333,12.60169000650996,1674.0,10.662420382165605,0.0,0.0,0.0,1.7996074961026407,False,True,680,PV+/PNN-,124.72326333,12.60169000650996,0.0,0.0,0.0,False,NONE
1037,621,981,47.664941400000004,7.7903073294937615,4296.0,71.6,0.0,0.0,0.0,2.075502888033809,False,True,681,PV+/PNN-,47.664941400000004,7.7903073294937615,0.0,0.0,0.0,False,NONE
1038,624,1727,82.61923176,10.256416188536388,2030.0,19.51923076923077,0.0,0.0,0.0,1.5381306581113594,False,True,682,PV+/PNN-,82.61923176,10.256416188536388,0.0,0.0,0.0,False,NONE
1039,623,1095,40.51520019,7.182308476024235,1661.0,32.568627450980394,0.0,0.0,0.0,1.897829517896051,False,True,683,PV+/PNN-,40.51520019,7.182308476024235,0.0,0.0,0.0,False,NONE
1040,623,1163,72.29182779,9.593998848416254,5666.0,62.26373626373626,0.0,0.0,0.0,1.9484842622584886,False,True,684,PV+/PNN-,72.29182779,9.593998848416254,0.0,0.0,0.0,False,NONE
1041,623,2240,65.14208658,9.10722134683339,699.0,8.524390243902438,0.0,0.0,0.0,1.6989244342263659,False,True,685,PV+/PNN-,65.14208658,9.10722134683339,0.0,0.0,0.0,False,NONE
1042,627,514,125.51767902,12.64175907426016,3492.0,22.10126582278481,0.0,0.0,0.0,1.7984701365899631,False,True,686,PV+/PNN-,125.51767902,12.64175907426016,0.0,0.0,0.0,False,NONE
1043,626,654,94.53546711,10.971157418634661,2737.0,23.0,0.0,0.0,0.0,1.8382741982968023,False,True,687,PV+/PNN-,94.53546711,10.971157418634661,0.0,0.0,0.0,False,NONE
1044,629,477,137.43391437,13.228238528376714,4740.0,27.398843930635838,0.0,0.0,0.0,1.8844267022328673,False,True,688,PV+/PNN-,137.43391437,13.228238528376714,0.0,0.0,0.0,False,NONE
1045,625,1467,94.53546711,10.971157418634661,6032.0,50.6890756302521,0.0,0.0,0.0,1.6425924338992717,False,True,689,PV+/PNN-,94.53546711,10.971157418634661,0.0,0.0,0.0,False,NONE
1046,627,1495,100.89079263,11.333937836259333,5404.0,42.55118110236221,0.0,0.0,0.0,1.7570226100351505,False,True,690,PV+/PNN-,100.89079263,11.333937836259333,0.0,0.0,0.0,False,NONE
1047,626,936,69.11416503,9.380772250595795,3989.0,45.85057471264368,0.0,0.0,0.0,1.6998137847610786,False,True,691,PV+/PNN-,69.11416503,9.380772250595795,0.0,0.0,0.0,False,NONE
1048,630,417,84.20806314000001,10.354565948189398,3150.0,29.71698113207547,0.0,0.0,0.0,1.6154474081735766,False,True,692,PV+/PNN-,84.20806314000001,10.354565948189398,0.0,0.0,0.0,False,NONE
1049,628,954,57.99234537,8.592912627102823,5278.0,72.3013698630137,0.0,0.0,0.0,1.8649245239622194,False,True,693,PV+/PNN-,57.99234537,8.592912627102823,0.0,0.0,0.0,False,NONE
1050,627,1235,49.25377278,7.919081463837606,3032.0,48.903225806451616,0.0,0.0,0.0,1.7864674740432627,False,True,694,PV+/PNN-,49.25377278,7.919081463837606,0.0,0.0,0.0,False,NONE
1051,628,1260,97.71312987,11.154022637162193,6290.0,51.13821138211382,0.0,0.0,0.0,1.8465377006368608,False,True,695,PV+/PNN-,97.71312987,11.154022637162193,0.0,0.0,0.0,False,NONE
1052,628,1375,73.88065917,9.698854408967303,6708.0,72.12903225806451,0.0,0.0,0.0,1.5661981754967949,False,True,696,PV+/PNN-,73.88065917,9.698854408967303,0.0,0.0,0.0,False,NONE
1053,630,1654,108.83494953,11.77170172875832,3592.0,26.21897810218978,0.0,0.0,0.0,1.6548843868982408,False,True,697,PV+/PNN-,108.83494953,11.77170172875832,0.0,0.0,0.0,False,NONE
1054,631,2296,115.98469074,12.152213577535832,1530.0,10.479452054794521,0.0,0.0,0.0,1.771539607293809,False,True,698,PV+/PNN-,115.98469074,12.152213577535832,0.0,0.0,0.0,False,NONE
1055,629,2323,79.441569,10.057243516322302,1283.0,12.83,0.0,0.0,0.0,1.7420725053708164,False,True,699,PV+/PNN-,79.441569,10.057243516322302,0.0,0.0,0.0,False,NONE
1056,630,372,106.45170246,11.642101063659146,5505.0,41.082089552238806,0.0,0.0,0.0,2.1487914865555706,False,True,700,PV+/PNN-,106.45170246,11.642101063659146,0.0,0.0,0.0,False,NONE
1057,631,2025,85.79689452,10.451794052617739,1400.0,12.962962962962964,0.0,0.0,0.0,1.5430342157649726,False,True,701,PV+/PNN-,85.79689452,10.451794052617739,0.0,0.0,0.0,False,NONE
1058,630,2057,95.32988280000001,11.017158280424603,1663.0,13.858333333333333,0.0,0.0,0.0,1.767833489726358,False,True,702,PV+/PNN-,95.32988280000001,11.017158280424603,0.0,0.0,0.0,False,NONE
1059,633,496,121.54560057,12.440123196106569,2942.0,19.22875816993464,0.0,0.0,0.0,1.7615140085911043,False,True,703,PV+/PNN-,121.54560057,12.440123196106569,0.0,0.0,0.0,False,NONE
1060,636,634,178.74353025,15.085865274483455,4498.0,19.99111111111111,0.0,0.0,0.0,1.8328921620070926,False,True,704,PV+/PNN-,178.74353025,15.085865274483455,0.0,0.0,0.0,False,NONE
1061,630,2401,76.26390624,9.854045933561641,1146.0,11.9375,0.0,0.0,0.0,1.6522465402708166,False,True,706,PV+/PNN-,76.26390624,9.854045933561641,0.0,0.0,0.0,False,NONE
1062,635,1978,146.17248696000001,13.642308849668991,3144.0,17.08695652173913,0.0,0.0,0.0,1.467671801877566,False,True,707,PV+/PNN-,146.17248696000001,13.642308849668991,0.0,0.0,0.0,False,NONE
1063,632,974,40.51520019,7.182308476024235,3462.0,67.88235294117646,0.0,0.0,0.0,1.6238750477395079,False,True,708,PV+/PNN-,40.51520019,7.182308476024235,0.0,0.0,0.0,False,NONE
1064,632,1312,53.22585123,8.232208609372499,3519.0,52.52238805970149,0.0,0.0,0.0,1.7075487903008402,False,True,709,PV+/PNN-,53.22585123,8.232208609372499,0.0,0.0,0.0,False,NONE
1065,635,1575,106.45170246,11.642101063659146,3156.0,23.55223880597015,0.0,0.0,0.0,1.582127064995557,False,True,710,PV+/PNN-,106.45170246,11.642101063659146,0.0,0.0,0.0,False,NONE
1066,635,588,78.64715331000001,10.006830950662698,2266.0,22.88888888888889,0.0,0.0,0.0,1.6799011632143566,False,True,711,PV+/PNN-,78.64715331000001,10.006830950662698,0.0,0.0,0.0,False,NONE
1067,635,797,62.75883951,8.93907356753593,3340.0,42.278481012658226,0.0,0.0,0.0,1.8582767444575625,False,True,712,PV+/PNN-,62.75883951,8.93907356753593,0.0,0.0,0.0,False,NONE
1068,635,1125,73.88065917,9.698854408967303,9616.0,103.39784946236558,0.0,0.0,0.0,2.053911416429995,False,True,713,PV+/PNN-,73.88065917,9.698854408967303,0.0,0.0,0.0,False,NONE
1069,636,2092,97.71312987,11.154022637162193,1593.0,12.951219512195122,0.0,0.0,0.0,1.6654507938879264,False,True,714,PV+/PNN-,97.71312987,11.154022637162193,0.0,0.0,0.0,False,NONE
1070,637,2157,149.35014972,13.789797556005714,2260.0,12.02127659574468,0.0,0.0,0.0,1.8055187725172157,False,True,715,PV+/PNN-,149.35014972,13.789797556005714,0.0,0.0,0.0,False,NONE
1071,635,1255,83.41364745,10.305607915302103,5100.0,48.57142857142857,0.0,0.0,0.0,1.920101316781103,False,True,717,PV+/PNN-,83.41364745,10.305607915302103,0.0,0.0,0.0,False,NONE
1072,636,1397,47.664941400000004,7.7903073294937615,1428.0,23.8,0.0,0.0,0.0,1.6739015162028767,False,True,718,PV+/PNN-,47.664941400000004,7.7903073294937615,0.0,0.0,0.0,False,NONE
1073,641,424,127.90092609,12.761211420003875,4042.0,25.1055900621118,0.0,0.0,0.0,1.7255506513451815,False,True,719,PV+/PNN-,127.90092609,12.761211420003875,0.0,0.0,0.0,False,NONE
1074,641,450,150.14456541,13.82642390884524,6083.0,32.18518518518518,0.0,0.0,0.0,1.635975176166022,False,True,720,PV+/PNN-,150.14456541,13.82642390884524,0.0,0.0,0.0,False,NONE
1075,638,1549,106.45170246,11.642101063659146,3735.0,27.87313432835821,0.0,0.0,0.0,1.733741279119614,False,True,721,PV+/PNN-,106.45170246,11.642101063659146,0.0,0.0,0.0,False,NONE
1076,638,1677,92.15222004,10.83198276817611,2412.0,20.79310344827586,0.0,0.0,0.0,1.534952794682699,False,True,722,PV+/PNN-,92.15222004,10.83198276817611,0.0,0.0,0.0,False,NONE
1077,638,1785,81.03040038,10.157318055940708,2288.0,22.431372549019606,0.0,0.0,0.0,1.4915298930745113,False,True,723,PV+/PNN-,81.03040038,10.157318055940708,0.0,0.0,0.0,False,NONE
1078,639,2108,120.75118488,12.39940255265723,1902.0,12.513157894736842,0.0,0.0,0.0,1.55507298114985,False,True,724,PV+/PNN-,120.75118488,12.39940255265723,0.0,0.0,0.0,False,NONE
1079,638,1839,68.31974934,9.326703948667076,2443.0,28.406976744186046,0.0,0.0,0.0,1.7117306858770038,False,True,725,PV+/PNN-,68.31974934,9.326703948667076,0.0,0.0,0.0,False,NONE
1080,639,1849,75.46949055,9.802588422925686,2651.0,27.905263157894737,0.0,0.0,0.0,1.6781644232899806,False,True,726,PV+/PNN-,75.46949055,9.802588422925686,0.0,0.0,0.0,False,NONE
1081,640,2354,131.07858885,12.91876320674319,2561.0,15.521212121212121,0.0,0.0,0.0,1.9442946985611613,False,True,727,PV+/PNN-,131.07858885,12.91876320674319,0.0,0.0,0.0,False,NONE
1082,641,128,127.1065104,12.72151859781572,8078.0,50.4875,0.0,0.0,0.0,1.4355561642233845,False,True,728,PV+/PNN-,127.1065104,12.72151859781572,0.0,0.0,0.0,False,NONE
1083,642,307,141.40599282,13.418036440588484,5819.0,32.69101123595506,0.0,0.0,0.0,1.6191463107526014,False,True,729,PV+/PNN-,141.40599282,13.418036440588484,0.0,0.0,0.0,False,NONE
1084,643,507,136.63949868,13.189951216443678,4866.0,28.290697674418606,0.0,0.0,0.0,1.7062368230612595,False,True,730,PV+/PNN-,136.63949868,13.189951216443678,0.0,0.0,0.0,False,NONE
1085,641,1996,92.15222004,10.83198276817611,2168.0,18.689655172413794,0.0,0.0,0.0,1.6321238017759554,False,True,731,PV+/PNN-,92.15222004,10.83198276817611,0.0,0.0,0.0,False,NONE
1086,640,2175,78.64715331000001,10.006830950662698,1424.0,14.383838383838384,0.0,0.0,0.0,1.6778558290058974,False,True,732,PV+/PNN-,78.64715331000001,10.006830950662698,0.0,0.0,0.0,False,NONE
1087,641,2269,120.75118488,12.39940255265723,1663.0,10.94078947368421,0.0,0.0,0.0,1.962269418532606,False,True,733,PV+/PNN-,120.75118488,12.39940255265723,0.0,0.0,0.0,False,NONE
1088,641,2320,112.01261229,11.942314996545514,2057.0,14.588652482269504,0.0,0.0,0.0,1.7319193793245276,False,True,734,PV+/PNN-,112.01261229,11.942314996545514,0.0,0.0,0.0,False,NONE
1089,642,551,88.97455728,10.643586087602236,4953.0,44.223214285714285,0.0,0.0,0.0,1.9622059824152387,False,True,735,PV+/PNN-,88.97455728,10.643586087602236,0.0,0.0,0.0,False,NONE
1090,640,1356,53.22585123,8.232208609372499,4431.0,66.13432835820896,0.0,0.0,0.0,1.8062743250792956,False,True,736,PV+/PNN-,53.22585123,8.232208609372499,0.0,0.0,0.0,False,NONE
1091,644,294,107.24611815,11.68546099424064,5968.0,44.20740740740741,0.0,0.0,0.0,1.471413429565432,False,True,737,PV+/PNN-,107.24611815,11.68546099424064,0.0,0.0,0.0,False,NONE
1092,644,875,137.43391437,13.228238528376714,4081.0,23.589595375722542,0.0,0.0,0.0,1.6690636505491112,False,True,738,PV+/PNN-,137.43391437,13.228238528376714,0.0,0.0,0.0,False,NONE
1093,646,355,138.22833006,13.266415342325757,10256.0,58.94252873563219,0.0,0.0,0.0,1.604000456409644,False,True,739,PV+/PNN-,138.22833006,13.266415342325757,0.0,0.0,0.0,False,NONE
1094,643,1275,68.31974934,9.326703948667076,4229.0,49.174418604651166,0.0,0.0,0.0,1.867128519808066,False,True,740,PV+/PNN-,68.31974934,9.326703948667076,0.0,0.0,0.0,False,NONE
1095,643,1866,79.441569,10.057243516322302,2297.0,22.97,0.0,0.0,0.0,1.561183147974699,False,True,741,PV+/PNN-,79.441569,10.057243516322302,0.0,0.0,0.0,False,NONE
1096,646,1926,112.01261229,11.942314996545514,2917.0,20.68794326241135,0.0,0.0,0.0,1.7309619888439722,False,True,742,PV+/PNN-,112.01261229,11.942314996545514,0.0,0.0,0.0,False,NONE
1097,647,2283,121.54560057,12.440123196106569,2069.0,13.522875816993464,0.0,0.0,0.0,1.9079759797537006,False,True,743,PV+/PNN-,121.54560057,12.440123196106569,0.0,0.0,0.0,False,NONE
1098,647,213,142.20040851,13.455674765407588,7948.0,44.402234636871505,0.0,0.0,0.0,1.4947165278041548,False,True,744,PV+/PNN-,142.20040851,13.455674765407588,0.0,0.0,0.0,False,NONE
1099,646,1648,95.32988280000001,11.017158280424603,5375.0,44.791666666666664,0.0,0.0,0.0,2.350549205716338,False,True,748,PV+/PNN-,95.32988280000001,11.017158280424603,0.0,0.0,0.0,False,NONE
1100,647,1961,103.2740397,11.467021901548332,1561.0,12.007692307692308,0.0,0.0,0.0,1.6432687030961863,False,True,749,PV+/PNN-,103.2740397,11.467021901548332,0.0,0.0,0.0,False,NONE
1101,647,533,96.91871418,11.108588547554572,3641.0,29.84426229508197,0.0,0.0,0.0,2.238987121917319,False,True,751,PV+/PNN-,96.91871418,11.108588547554572,0.0,0.0,0.0,False,NONE
1102,649,565,141.40599282,13.418036440588484,3763.0,21.140449438202246,0.0,0.0,0.0,1.7507256479495925,False,True,752,PV+/PNN-,141.40599282,13.418036440588484,0.0,0.0,0.0,False,NONE
1103,649,1600,72.29182779,9.593998848416254,2252.0,24.747252747252748,0.0,0.0,0.0,2.7080000157996733,False,True,753,PV+/PNN-,72.29182779,9.593998848416254,0.0,0.0,0.0,False,NONE
1104,648,2074,104.06845539,11.51104134134072,2714.0,20.717557251908396,0.0,0.0,0.0,1.6626693526184078,False,True,755,PV+/PNN-,104.06845539,11.51104134134072,0.0,0.0,0.0,False,NONE
1105,648,1245,82.61923176,10.256416188536388,4652.0,44.73076923076923,0.0,0.0,0.0,1.8301807830692123,False,True,756,PV+/PNN-,82.61923176,10.256416188536388,0.0,0.0,0.0,False,NONE
1106,646,1408,57.99234537,8.592912627102823,1879.0,25.73972602739726,0.0,0.0,0.0,1.5126507294011855,False,True,757,PV+/PNN-,57.99234537,8.592912627102823,0.0,0.0,0.0,False,NONE
1107,651,1685,85.79689452,10.451794052617739,3196.0,29.59259259259259,0.0,0.0,0.0,1.5011616793306861,False,True,758,PV+/PNN-,85.79689452,10.451794052617739,0.0,0.0,0.0,False,NONE
1108,651,800,87.3857259,10.548125988120718,2219.0,20.172727272727272,0.0,0.0,0.0,1.6358582999255387,False,True,759,PV+/PNN-,87.3857259,10.548125988120718,0.0,0.0,0.0,False,NONE
1109,653,1824,112.01261229,11.942314996545514,4391.0,31.141843971631207,0.0,0.0,0.0,1.5366117212912473,False,True,760,PV+/PNN-,112.01261229,11.942314996545514,0.0,0.0,0.0,False,NONE
1110,654,2130,135.05066730000001,13.113041224263421,2322.0,13.658823529411764,0.0,0.0,0.0,1.7818951624095138,False,True,761,PV+/PNN-,135.05066730000001,13.113041224263421,0.0,0.0,0.0,False,NONE
1111,652,979,65.14208658,9.10722134683339,3214.0,39.19512195121951,0.0,0.0,0.0,1.6923394557991318,False,True,762,PV+/PNN-,65.14208658,9.10722134683339,0.0,0.0,0.0,False,NONE
1112,652,1424,75.46949055,9.802588422925686,5134.0,54.04210526315789,0.0,0.0,0.0,1.690953144551293,False,True,763,PV+/PNN-,75.46949055,9.802588422925686,0.0,0.0,0.0,False,NONE
1113,652,1474,50.84260416,8.045794813057842,4865.0,76.015625,0.0,0.0,0.0,1.7348588672843575,False,True,764,PV+/PNN-,50.84260416,8.045794813057842,0.0,0.0,0.0,False,NONE
1114,656,1931,132.66742023,12.996822909266468,2336.0,13.988023952095809,0.0,0.0,0.0,1.686592386303507,False,True,765,PV+/PNN-,132.66742023,12.996822909266468,0.0,0.0,0.0,False,NONE
1115,653,2093,113.60144367,12.026714032504808,2200.0,15.384615384615385,0.0,0.0,0.0,1.5547686652301702,False,True,766,PV+/PNN-,113.60144367,12.026714032504808,0.0,0.0,0.0,False,NONE
1116,655,173,99.30196125,11.244340084382843,6177.0,49.416,0.0,0.0,0.0,1.4157967017690136,False,True,767,PV+/PNN-,99.30196125,11.244340084382843,0.0,0.0,0.0,False,NONE
1117,655,1542,81.82481607,10.206987389088184,3992.0,38.75728155339806,0.0,0.0,0.0,1.6284236093658584,False,True,768,PV+/PNN-,81.82481607,10.206987389088184,0.0,0.0,0.0,False,NONE
1118,658,418,118.36793781,12.276430232296539,3473.0,23.308724832214764,0.0,0.0,0.0,1.585024194953958,False,True,770,PV+/PNN-,118.36793781,12.276430232296539,0.0,0.0,0.0,False,NONE
1119,660,2008,125.51767902,12.64175907426016,2986.0,18.89873417721519,0.0,0.0,0.0,1.7049155142827892,False,True,771,PV+/PNN-,125.51767902,12.64175907426016,0.0,0.0,0.0,False,NONE
1120,657,373,105.65728677,11.598579038183399,3602.0,27.082706766917294,0.0,0.0,0.0,1.5909778235799232,False,True,772,PV+/PNN-,105.65728677,11.598579038183399,0.0,0.0,0.0,False,NONE
1121,660,678,158.08872231,14.187487896796528,4207.0,21.14070351758794,0.0,0.0,0.0,1.7192832682834296,False,True,773,PV+/PNN-,158.08872231,14.187487896796528,0.0,0.0,0.0,False,NONE
1122,656,832,57.19792968,8.533854108523126,1480.0,20.555555555555557,0.0,0.0,0.0,1.6217795827906456,False,True,774,PV+/PNN-,57.19792968,8.533854108523126,0.0,0.0,0.0,False,NONE
1123,662,392,141.40599282,13.418036440588484,6084.0,34.17977528089887,0.0,0.0,0.0,1.7063602806526244,False,True,775,PV+/PNN-,141.40599282,13.418036440588484,0.0,0.0,0.0,False,NONE
1124,658,1785,92.94663573,10.878572156378345,1950.0,16.666666666666668,0.0,0.0,0.0,1.8143163318369337,False,True,776,PV+/PNN-,92.94663573,10.878572156378345,0.0,0.0,0.0,False,NONE
1125,661,649,130.28417316,12.879555944225542,3352.0,20.4390243902439,0.0,0.0,0.0,1.6956319450127488,False,True,777,PV+/PNN-,130.28417316,12.879555944225542,0.0,0.0,0.0,False,NONE
1126,656,1589,36.543121740000004,6.8211544248344955,1729.0,37.58695652173913,0.0,0.0,0.0,1.4951837701706971,False,True,778,PV+/PNN-,36.543121740000004,6.8211544248344955,0.0,0.0,0.0,False,NONE
1127,661,2063,72.29182779,9.593998848416254,2377.0,26.12087912087912,0.0,0.0,0.0,1.7185527353075438,False,True,779,PV+/PNN-,72.29182779,9.593998848416254,0.0,0.0,0.0,False,NONE
1128,659,1107,74.67507486,9.75085936304132,3902.0,41.51063829787234,0.0,0.0,0.0,1.7024796220474523,False,True,781,PV+/PNN-,74.67507486,9.75085936304132,0.0,0.0,0.0,False,NONE
1129,660,1182,86.59131021,10.500070494515816,4438.0,40.71559633027523,0.0,0.0,0.0,1.862642705215394,False,True,782,PV+/PNN-,86.59131021,10.500070494515816,0.0,0.0,0.0,False,NONE
1130,661,1831,73.08624348000001,9.646569098642193,2203.0,23.945652173913043,0.0,0.0,0.0,1.5032539475366822,False,True,783,PV+/PNN-,73.08624348000001,9.646569098642193,0.0,0.0,0.0,False,NONE
1131,664,1902,132.66742023,12.996822909266468,3800.0,22.75449101796407,0.0,0.0,0.0,1.6853798827907078,False,True,784,PV+/PNN-,132.66742023,12.996822909266468,0.0,0.0,0.0,False,NONE
1132,661,1087,66.73091796,9.217615939230159,4830.0,57.5,0.0,0.0,0.0,1.8545337458699305,False,True,785,PV+/PNN-,66.73091796,9.217615939230159,0.0,0.0,0.0,False,NONE
1133,662,1124,63.5532552,8.995472067506276,3583.0,44.7875,0.0,0.0,0.0,1.8173305775710666,False,True,786,PV+/PNN-,63.5532552,8.995472067506276,0.0,0.0,0.0,False,NONE
1134,664,2258,120.75118488,12.39940255265723,1824.0,12.0,0.0,0.0,0.0,1.937846513346072,False,True,787,PV+/PNN-,120.75118488,12.39940255265723,0.0,0.0,0.0,False,NONE
1135,664,312,119.1623535,12.317557416952052,6093.0,40.62,0.0,0.0,0.0,1.6491529722805223,False,True,788,PV+/PNN-,119.1623535,12.317557416952052,0.0,0.0,0.0,False,NONE
1136,663,935,92.15222004,10.83198276817611,3765.0,32.456896551724135,0.0,0.0,0.0,1.8189016058294607,False,True,789,PV+/PNN-,92.15222004,10.83198276817611,0.0,0.0,0.0,False,NONE
1137,662,1315,77.85273762,9.956163126610313,4501.0,45.92857142857143,0.0,0.0,0.0,1.8031082000572463,False,True,790,PV+/PNN-,77.85273762,9.956163126610313,0.0,0.0,0.0,False,NONE
1138,661,1640,41.30961588,7.252381437585563,1345.0,25.865384615384617,0.0,0.0,0.0,1.5900506803260885,False,True,791,PV+/PNN-,41.30961588,7.252381437585563,0.0,0.0,0.0,False,NONE
1139,662,953,44.48727864,7.526151898686336,4155.0,74.19642857142857,0.0,0.0,0.0,2.0670658844239154,False,True,792,PV+/PNN-,44.48727864,7.526151898686336,0.0,0.0,0.0,False,NONE
1140,664,1366,73.88065917,9.698854408967303,7440.0,80.0,0.0,0.0,0.0,1.6605474631773247,False,True,793,PV+/PNN-,73.88065917,9.698854408967303,0.0,0.0,0.0,False,NONE
1141,665,543,102.47962401,11.422832828117684,3426.0,26.558139534883722,0.0,0.0,0.0,1.7177477737228195,False,True,794,PV+/PNN-,102.47962401,11.422832828117684,0.0,0.0,0.0,False,NONE
1142,666,1607,81.03040038,10.157318055940708,3017.0,29.57843137254902,0.0,0.0,0.0,1.54314450339386,False,True,795,PV+/PNN-,81.03040038,10.157318055940708,0.0,0.0,0.0,False,NONE
1143,670,513,131.87300454,12.957851838301272,8110.0,48.855421686746986,0.0,0.0,0.0,1.749204314687324,False,True,796,PV+/PNN-,131.87300454,12.957851838301272,0.0,0.0,0.0,False,NONE
1144,665,1301,64.34767089,9.051519164690074,6358.0,78.49382716049382,0.0,0.0,0.0,1.8457247403372024,False,True,797,PV+/PNN-,64.34767089,9.051519164690074,0.0,0.0,0.0,False,NONE
1145,666,1577,52.43143554,8.17054325713784,2814.0,42.63636363636363,0.0,0.0,0.0,1.6822873864575587,False,True,798,PV+/PNN-,52.43143554,8.17054325713784,0.0,0.0,0.0,False,NONE
1146,667,2434,166.03287921,14.539588286344586,2786.0,13.330143540669857,0.0,0.0,0.0,1.6744828217147547,False,True,799,PV+/PNN-,166.03287921,14.539588286344586,0.0,0.0,0.0,False,NONE
1147,667,1403,67.52533365000001,9.272320371655413,4367.0,51.37647058823529,0.0,0.0,0.0,1.5714663664921693,False,True,801,PV+/PNN-,67.52533365000001,9.272320371655413,0.0,0.0,0.0,False,NONE
1148,671,604,124.72326333,12.60169000650996,2282.0,14.535031847133759,0.0,0.0,0.0,1.8335704660481993,False,True,802,PV+/PNN-,124.72326333,12.60169000650996,0.0,0.0,0.0,False,NONE
1149,667,1282,53.22585123,8.232208609372499,4875.0,72.76119402985074,0.0,0.0,0.0,1.84455565489135,False,True,803,PV+/PNN-,53.22585123,8.232208609372499,0.0,0.0,0.0,False,NONE
1150,669,1485,86.59131021,10.500070494515816,10957.0,100.5229357798165,0.0,0.0,0.0,1.6570584704642268,False,True,804,PV+/PNN-,86.59131021,10.500070494515816,0.0,0.0,0.0,False,NONE
1151,678,2119,196.22067543,15.806198893222852,6057.0,24.522267206477732,0.0,0.0,0.0,2.226549163187449,False,True,807,PV+/PNN-,196.22067543,15.806198893222852,0.0,0.0,0.0,False,NONE
1152,675,1534,88.97455728,10.643586087602236,6174.0,55.125,0.0,0.0,0.0,1.5716932439001663,False,True,808,PV+/PNN-,88.97455728,10.643586087602236,0.0,0.0,0.0,False,NONE
1153,675,149,154.11664386,14.008119269352957,8530.0,43.96907216494845,0.0,0.0,0.0,1.5478857344501575,False,True,809,PV+/PNN-,154.11664386,14.008119269352957,0.0,0.0,0.0,False,NONE
1154,673,180,101.68520832,11.378472144697502,3883.0,30.3359375,0.0,0.0,0.0,1.458019686334726,False,True,810,PV+/PNN-,101.68520832,11.378472144697502,0.0,0.0,0.0,False,NONE
1155,672,1046,60.37559244,8.767701627645716,5357.0,70.48684210526316,0.0,0.0,0.0,1.867686167537484,False,True,811,PV+/PNN-,60.37559244,8.767701627645716,0.0,0.0,0.0,False,NONE
1156,672,1429,56.40351399,8.474384017383858,7401.0,104.2394366197183,0.0,0.0,0.0,1.8328499109718004,False,True,812,PV+/PNN-,56.40351399,8.474384017383858,0.0,0.0,0.0,False,NONE
1157,673,1348,76.26390624,9.854045933561641,9325.0,97.13541666666667,0.0,0.0,0.0,1.7977848525414801,False,True,814,PV+/PNN-,76.26390624,9.854045933561641,0.0,0.0,0.0,False,NONE
1158,673,1467,52.43143554,8.17054325713784,16336.0,247.5151515151515,0.0,0.0,0.0,2.2611169674514664,False,True,815,PV+/PNN-,52.43143554,8.17054325713784,0.0,0.0,0.0,False,NONE
1159,675,1521,80.23598469,10.107404643036364,4801.0,47.53465346534654,0.0,0.0,0.0,1.5423845015155857,False,True,817,PV+/PNN-,80.23598469,10.107404643036364,0.0,0.0,0.0,False,NONE
1160,676,2316,95.32988280000001,11.017158280424603,2971.0,24.758333333333333,0.0,0.0,0.0,1.6587149097050682,False,True,818,PV+/PNN-,95.32988280000001,11.017158280424603,0.0,0.0,0.0,False,NONE
1161,679,399,213.69782061,16.495105814282393,8294.0,30.83271375464684,0.0,0.0,0.0,1.653527250236383,False,True,819,PV+/PNN-,213.69782061,16.495105814282393,0.0,0.0,0.0,False,NONE
1162,678,456,111.2181966,11.899891008124815,6161.0,44.00714285714286,0.0,0.0,0.0,1.80359031454924,False,True,820,PV+/PNN-,111.2181966,11.899891008124815,0.0,0.0,0.0,False,NONE
1163,676,1212,71.4974121,9.54113894836179,4451.0,49.455555555555556,0.0,0.0,0.0,1.6746514720793115,False,True,821,PV+/PNN-,71.4974121,9.54113894836179,0.0,0.0,0.0,False,NONE
1164,677,1586,95.32988280000001,11.017158280424603,5425.0,45.208333333333336,0.0,0.0,0.0,1.6390285679486503,False,True,823,PV+/PNN-,95.32988280000001,11.017158280424603,0.0,0.0,0.0,False,NONE
1165,677,2407,114.39585936,12.068692219586765,1747.0,12.131944444444445,0.0,0.0,0.0,1.756771640548942,False,True,824,PV+/PNN-,114.39585936,12.068692219586765,0.0,0.0,0.0,False,NONE
1166,680,877,83.41364745,10.305607915302103,2881.0,27.438095238095237,0.0,0.0,0.0,1.5061256729889938,False,True,825,PV+/PNN-,83.41364745,10.305607915302103,0.0,0.0,0.0,False,NONE
1167,677,2161,75.46949055,9.802588422925686,1178.0,12.4,0.0,0.0,0.0,1.8010782443014823,False,True,826,PV+/PNN-,75.46949055,9.802588422925686,0.0,0.0,0.0,False,NONE
1168,679,622,141.40599282,13.418036440588484,4229.0,23.758426966292134,0.0,0.0,0.0,1.7730979271848157,False,True,827,PV+/PNN-,141.40599282,13.418036440588484,0.0,0.0,0.0,False,NONE
1169,680,2210,129.48975747,12.84022896403991,1890.0,11.595092024539877,0.0,0.0,0.0,1.9168044029544618,False,True,828,PV+/PNN-,129.48975747,12.84022896403991,0.0,0.0,0.0,False,NONE
1170,678,2338,67.52533365000001,9.272320371655413,1582.0,18.611764705882354,0.0,0.0,0.0,1.773954453129614,False,True,829,PV+/PNN-,67.52533365000001,9.272320371655413,0.0,0.0,0.0,False,NONE
1171,678,1488,73.08624348000001,9.646569098642193,13246.0,143.97826086956522,0.0,0.0,0.0,1.6631901898807508,False,True,830,PV+/PNN-,73.08624348000001,9.646569098642193,0.0,0.0,0.0,False,NONE
1172,682,2060,127.1065104,12.72151859781572,2653.0,16.58125,0.0,0.0,0.0,1.7262109385842166,False,True,831,PV+/PNN-,127.1065104,12.72151859781572,0.0,0.0,0.0,False,NONE
1173,683,2361,115.98469074,12.152213577535832,1897.0,12.993150684931507,0.0,0.0,0.0,1.7946546856770789,False,True,832,PV+/PNN-,115.98469074,12.152213577535832,0.0,0.0,0.0,False,NONE
1174,681,272,77.05832193,9.90523612702942,5408.0,55.75257731958763,0.0,0.0,0.0,1.9615598495909168,False,True,833,PV+/PNN-,77.05832193,9.90523612702942,0.0,0.0,0.0,False,NONE
1175,680,724,79.441569,10.057243516322302,4205.0,42.05,0.0,0.0,0.0,1.6907755234226638,False,True,834,PV+/PNN-,79.441569,10.057243516322302,0.0,0.0,0.0,False,NONE
1176,681,930,103.2740397,11.467021901548332,3116.0,23.96923076923077,0.0,0.0,0.0,1.8769088030624685,False,True,835,PV+/PNN-,103.2740397,11.467021901548332,0.0,0.0,0.0,False,NONE
1177,682,2049,98.50754556,11.199272407696524,1984.0,16.0,0.0,0.0,0.0,1.7559853964849377,False,True,836,PV+/PNN-,98.50754556,11.199272407696524,0.0,0.0,0.0,False,NONE
1178,683,2083,124.72326333,12.60169000650996,3280.0,20.89171974522293,0.0,0.0,0.0,1.659456506200715,False,True,837,PV+/PNN-,124.72326333,12.60169000650996,0.0,0.0,0.0,False,NONE
1179,681,1089,52.43143554,8.17054325713784,2377.0,36.015151515151516,0.0,0.0,0.0,1.7508060824409364,False,True,839,PV+/PNN-,52.43143554,8.17054325713784,0.0,0.0,0.0,False,NONE
1180,681,1399,54.02026692,8.293415464071046,3616.0,53.1764705882353,0.0,0.0,0.0,1.6893858992986814,False,True,840,PV+/PNN-,54.02026692,8.293415464071046,0.0,0.0,0.0,False,NONE
1181,684,2380,104.86287108,11.554893086200376,1905.0,14.431818181818182,0.0,0.0,0.0,2.0908428945972517,False,True,841,PV+/PNN-,104.86287108,11.554893086200376,0.0,0.0,0.0,False,NONE
1182,684,854,83.41364745,10.305607915302103,2558.0,24.36190476190476,0.0,0.0,0.0,1.5684791472868735,False,True,842,PV+/PNN-,83.41364745,10.305607915302103,0.0,0.0,0.0,False,NONE
1183,684,2578,106.45170246,11.642101063659146,2088.0,15.582089552238806,0.0,0.0,0.0,1.4788682148446213,False,True,843,PV+/PNN-,106.45170246,11.642101063659146,0.0,0.0,0.0,False,NONE
1184,686,952,97.71312987,11.154022637162193,10574.0,85.96747967479675,0.0,0.0,0.0,2.825504493485645,False,True,844,PV+/PNN-,97.71312987,11.154022637162193,0.0,0.0,0.0,False,NONE
1185,687,1454,88.18014159,10.595963539609496,19660.0,177.11711711711712,0.0,0.0,0.0,2.2145994340347563,False,True,845,PV+/PNN-,88.18014159,10.595963539609496,0.0,0.0,0.0,False,NONE
1186,687,833,123.13443195,12.521167201073583,4349.0,28.058064516129033,0.0,0.0,0.0,1.7400911703295252,False,True,846,PV+/PNN-,123.13443195,12.521167201073583,0.0,0.0,0.0,False,NONE
1187,685,1421,67.52533365000001,9.272320371655413,5449.0,64.10588235294118,0.0,0.0,0.0,1.696135502186596,False,True,847,PV+/PNN-,67.52533365000001,9.272320371655413,0.0,0.0,0.0,False,NONE
1188,686,1714,78.64715331000001,10.006830950662698,3182.0,32.14141414141414,0.0,0.0,0.0,1.5592264449152733,False,True,848,PV+/PNN-,78.64715331000001,10.006830950662698,0.0,0.0,0.0,False,NONE
1189,688,1579,97.71312987,11.154022637162193,5302.0,43.10569105691057,0.0,0.0,0.0,1.6028934988292034,False,True,849,PV+/PNN-,97.71312987,11.154022637162193,0.0,0.0,0.0,False,NONE
1190,689,1934,120.75118488,12.39940255265723,3494.0,22.986842105263158,0.0,0.0,0.0,1.601698527415051,False,True,850,PV+/PNN-,120.75118488,12.39940255265723,0.0,0.0,0.0,False,NONE
1191,688,1025,73.88065917,9.698854408967303,3871.0,41.623655913978496,0.0,0.0,0.0,1.9711743487716844,False,True,851,PV+/PNN-,73.88065917,9.698854408967303,0.0,0.0,0.0,False,NONE
1192,689,2298,103.2740397,11.467021901548332,2171.0,16.7,0.0,0.0,0.0,1.7014191279766833,False,True,852,PV+/PNN-,103.2740397,11.467021901548332,0.0,0.0,0.0,False,NONE
1193,691,701,119.1623535,12.317557416952052,3667.0,24.446666666666665,0.0,0.0,0.0,1.6127051166857824,False,True,853,PV+/PNN-,119.1623535,12.317557416952052,0.0,0.0,0.0,False,NONE
1194,688,1812,41.30961588,7.252381437585563,1420.0,27.307692307692307,0.0,0.0,0.0,1.4732306303429474,False,True,854,PV+/PNN-,41.30961588,7.252381437585563,0.0,0.0,0.0,False,NONE
1195,691,1123,96.91871418,11.108588547554572,3490.0,28.60655737704918,0.0,0.0,0.0,1.846182363686211,False,True,855,PV+/PNN-,96.91871418,11.108588547554572,0.0,0.0,0.0,False,NONE
1196,691,1146,82.61923176,10.256416188536388,2629.0,25.278846153846153,0.0,0.0,0.0,1.818498778070898,False,True,856,PV+/PNN-,82.61923176,10.256416188536388,0.0,0.0,0.0,False,NONE
1197,695,222,201.78158526,16.028608603131524,27725.0,109.15354330708661,0.0,0.0,0.0,1.9305458653819374,False,True,857,PV+/PNN-,201.78158526,16.028608603131524,0.0,0.0,0.0,False,NONE
1198,692,1902,104.86287108,11.554893086200376,2326.0,17.62121212121212,0.0,0.0,0.0,1.5861566786599839,False,True,858,PV+/PNN-,104.86287108,11.554893086200376,0.0,0.0,0.0,False,NONE
1199,693,2188,86.59131021,10.500070494515816,1499.0,13.752293577981652,0.0,0.0,0.0,1.7499429138758986,False,True,859,PV+/PNN-,86.59131021,10.500070494515816,0.0,0.0,0.0,False,NONE
1200,693,459,85.79689452,10.451794052617739,3709.0,34.342592592592595,0.0,0.0,0.0,1.64052847970152,False,True,860,PV+/PNN-,85.79689452,10.451794052617739,0.0,0.0,0.0,False,NONE
1201,693,1227,88.97455728,10.643586087602236,5885.0,52.544642857142854,0.0,0.0,0.0,1.7970817689073222,False,True,861,PV+/PNN-,88.97455728,10.643586087602236,0.0,0.0,0.0,False,NONE
1202,692,1587,50.04818847,7.982689565701676,1804.0,28.634920634920636,0.0,0.0,0.0,1.5374095466917101,False,True,863,PV+/PNN-,50.04818847,7.982689565701676,0.0,0.0,0.0,False,NONE
1203,694,1180,74.67507486,9.75085936304132,2317.0,24.648936170212767,0.0,0.0,0.0,1.8489603655724123,False,True,864,PV+/PNN-,74.67507486,9.75085936304132,0.0,0.0,0.0,False,NONE
1204,693,1428,51.63701985,8.108408946599484,4196.0,64.55384615384615,0.0,0.0,0.0,1.658325509538458,False,True,865,PV+/PNN-,51.63701985,8.108408946599484,0.0,0.0,0.0,False,NONE
1205,695,2425,100.89079263,11.333937836259333,2204.0,17.35433070866142,0.0,0.0,0.0,1.6874007219787064,False,True,866,PV+/PNN-,100.89079263,11.333937836259333,0.0,0.0,0.0,False,NONE
1206,696,539,84.20806314000001,10.354565948189398,3794.0,35.79245283018868,0.0,0.0,0.0,1.9726669572415214,False,True,868,PV+/PNN-,84.20806314000001,10.354565948189398,0.0,0.0,0.0,False,NONE
1207,696,1568,67.52533365000001,9.272320371655413,4010.0,47.1764705882353,0.0,0.0,0.0,1.6318157570194076,False,True,869,PV+/PNN-,67.52533365000001,9.272320371655413,0.0,0.0,0.0,False,NONE
1208,697,1996,43.69286295,7.4586514150102134,994.0,18.072727272727274,0.0,0.0,0.0,1.6554935083267452,False,True,870,PV+/PNN-,43.69286295,7.4586514150102134,0.0,0.0,0.0,False,NONE
1209,700,1882,108.83494953,11.77170172875832,8697.0,63.481751824817515,0.0,0.0,0.0,2.708709246551512,False,True,871,PV+/PNN-,108.83494953,11.77170172875832,0.0,0.0,0.0,False,NONE
1210,700,2238,111.2181966,11.899891008124815,2086.0,14.9,0.0,0.0,0.0,1.8223927797370028,False,True,872,PV+/PNN-,111.2181966,11.899891008124815,0.0,0.0,0.0,False,NONE
1211,703,664,136.63949868,13.189951216443678,10712.0,62.27906976744186,0.0,0.0,0.0,2.2568003609533815,False,True,873,PV+/PNN-,136.63949868,13.189951216443678,0.0,0.0,0.0,False,NONE
1212,702,718,146.96690265,13.679330108642857,6034.0,32.616216216216216,0.0,0.0,0.0,1.5389094584445802,False,True,874,PV+/PNN-,146.96690265,13.679330108642857,0.0,0.0,0.0,False,NONE
1213,701,944,121.54560057,12.440123196106569,3946.0,25.790849673202615,0.0,0.0,0.0,1.7866595879774536,False,True,875,PV+/PNN-,121.54560057,12.440123196106569,0.0,0.0,0.0,False,NONE
1214,700,1287,69.90858072,9.434530697868027,3996.0,45.40909090909091,0.0,0.0,0.0,1.7986157695636666,False,True,878,PV+/PNN-,69.90858072,9.434530697868027,0.0,0.0,0.0,False,NONE
1215,701,679,47.664941400000004,7.7903073294937615,1323.0,22.05,0.0,0.0,0.0,1.7515219494138972,False,True,879,PV+/PNN-,47.664941400000004,7.7903073294937615,0.0,0.0,0.0,False,NONE
1216,700,1703,53.22585123,8.232208609372499,4000.0,59.701492537313435,0.0,0.0,0.0,1.5161421412405691,False,True,880,PV+/PNN-,53.22585123,8.232208609372499,0.0,0.0,0.0,False,NONE
1217,705,626,122.34001626,12.48071098158173,3721.0,24.162337662337663,0.0,0.0,0.0,1.8101207744862484,False,True,881,PV+/PNN-,122.34001626,12.48071098158173,0.0,0.0,0.0,False,NONE
1218,703,965,54.81468261,8.354173898786094,2214.0,32.08695652173913,0.0,0.0,0.0,1.5524086642204098,False,True,882,PV+/PNN-,54.81468261,8.354173898786094,0.0,0.0,0.0,False,NONE
1219,704,1162,76.26390624,9.854045933561641,3024.0,31.5,0.0,0.0,0.0,1.6051399367822443,False,True,883,PV+/PNN-,76.26390624,9.854045933561641,0.0,0.0,0.0,False,NONE
1220,703,1840,68.31974934,9.326703948667076,2208.0,25.674418604651162,0.0,0.0,0.0,1.4558736461723256,False,True,885,PV+/PNN-,68.31974934,9.326703948667076,0.0,0.0,0.0,False,NONE
1221,704,1852,94.53546711,10.971157418634661,2892.0,24.30252100840336,0.0,0.0,0.0,1.5972169522998445,False,True,886,PV+/PNN-,94.53546711,10.971157418634661,0.0,0.0,0.0,False,NONE
1222,707,1313,98.50754556,11.199272407696524,9396.0,75.7741935483871,0.0,0.0,0.0,1.8817239664130283,False,True,887,PV+/PNN-,98.50754556,11.199272407696524,0.0,0.0,0.0,False,NONE
1223,705,1487,96.12429849,11.062967867954534,24958.0,206.26446280991735,0.0,0.0,0.0,2.4047552107273398,False,True,888,PV+/PNN-,96.12429849,11.062967867954534,0.0,0.0,0.0,False,NONE
1224,706,2049,125.51767902,12.64175907426016,2659.0,16.829113924050635,0.0,0.0,0.0,1.8659661654691113,False,True,889,PV+/PNN-,125.51767902,12.64175907426016,0.0,0.0,0.0,False,NONE
1225,705,2086,59.58117675,8.70982837718145,2910.0,38.8,0.0,0.0,0.0,1.9798835137883486,False,True,890,PV+/PNN-,59.58117675,8.70982837718145,0.0,0.0,0.0,False,NONE
1226,708,997,129.48975747,12.84022896403991,4666.0,28.625766871165645,0.0,0.0,0.0,1.8700126774124757,False,True,891,PV+/PNN-,129.48975747,12.84022896403991,0.0,0.0,0.0,False,NONE
1227,708,321,82.61923176,10.256416188536388,3351.0,32.22115384615385,0.0,0.0,0.0,1.564739669496408,False,True,893,PV+/PNN-,82.61923176,10.256416188536388,0.0,0.0,0.0,False,NONE
1228,708,1411,100.09637694,11.289227848029503,9737.0,77.27777777777777,0.0,0.0,0.0,1.7168632742672234,False,True,895,PV+/PNN-,100.09637694,11.289227848029503,0.0,0.0,0.0,False,NONE
1229,708,1527,108.83494953,11.77170172875832,7733.0,56.44525547445255,0.0,0.0,0.0,1.5331944662183166,False,True,896,PV+/PNN-,108.83494953,11.77170172875832,0.0,0.0,0.0,False,NONE
1230,707,1756,62.75883951,8.93907356753593,2679.0,33.91139240506329,0.0,0.0,0.0,1.637846675459838,False,True,897,PV+/PNN-,62.75883951,8.93907356753593,0.0,0.0,0.0,False,NONE
1231,710,846,177.15469887,15.0186673222671,4675.0,20.96412556053812,0.0,0.0,0.0,1.5197200044941854,False,True,898,PV+/PNN-,177.15469887,15.0186673222671,0.0,0.0,0.0,False,NONE
1232,706,926,44.48727864,7.526151898686336,1530.0,27.321428571428573,0.0,0.0,0.0,1.63798398654933,False,True,899,PV+/PNN-,44.48727864,7.526151898686336,0.0,0.0,0.0,False,NONE
1233,709,1205,103.2740397,11.467021901548332,4885.0,37.57692307692308,0.0,0.0,0.0,1.7886447652974287,False,True,900,PV+/PNN-,103.2740397,11.467021901548332,0.0,0.0,0.0,False,NONE
1234,708,1259,91.35780435,10.78519212710641,6791.0,59.052173913043475,0.0,0.0,0.0,1.595840891499166,False,True,901,PV+/PNN-,91.35780435,10.78519212710641,0.0,0.0,0.0,False,NONE
1235,709,815,135.05066730000001,13.113041224263421,5855.0,34.44117647058823,0.0,0.0,0.0,1.6349920407313676,False,True,902,PV+/PNN-,135.05066730000001,13.113041224263421,0.0,0.0,0.0,False,NONE
1236,709,1431,73.88065917,9.698854408967303,6088.0,65.46236559139786,0.0,0.0,0.0,1.574907340513459,False,True,903,PV+/PNN-,73.88065917,9.698854408967303,0.0,0.0,0.0,False,NONE
1237,711,468,105.65728677,11.598579038183399,3488.0,26.225563909774436,0.0,0.0,0.0,1.7340897043612749,False,True,904,PV+/PNN-,105.65728677,11.598579038183399,0.0,0.0,0.0,False,NONE
1238,713,487,137.43391437,13.228238528376714,6594.0,38.115606936416185,0.0,0.0,0.0,1.8278548861202863,False,True,905,PV+/PNN-,137.43391437,13.228238528376714,0.0,0.0,0.0,False,NONE
1239,712,2181,120.75118488,12.39940255265723,2589.0,17.032894736842106,0.0,0.0,0.0,2.874353914044254,False,True,906,PV+/PNN-,120.75118488,12.39940255265723,0.0,0.0,0.0,False,NONE
1240,709,2322,87.3857259,10.548125988120718,3219.0,29.263636363636362,0.0,0.0,0.0,1.772691158471448,False,True,907,PV+/PNN-,87.3857259,10.548125988120718,0.0,0.0,0.0,False,NONE
1241,710,1991,34.95429036,6.671220633775133,794.0,18.045454545454547,0.0,0.0,0.0,1.6321766983503123,False,True,909,PV+/PNN-,34.95429036,6.671220633775133,0.0,0.0,0.0,False,NONE
1242,715,113,189.86534991,15.548121162390995,15679.0,65.60251046025104,0.0,0.0,0.0,1.4479169040309334,False,True,910,PV+/PNN-,189.86534991,15.548121162390995,0.0,0.0,0.0,False,NONE
1243,713,402,136.63949868,13.189951216443678,12640.0,73.48837209302326,0.0,0.0,0.0,2.4561490974104006,False,True,912,PV+/PNN-,136.63949868,13.189951216443678,0.0,0.0,0.0,False,NONE
1244,717,592,186.68768715,15.41746236559462,8273.0,35.204255319148935,0.0,0.0,0.0,1.7919477624553444,False,True,913,PV+/PNN-,186.68768715,15.41746236559462,0.0,0.0,0.0,False,NONE
1245,714,1964,81.82481607,10.206987389088184,2222.0,21.57281553398058,0.0,0.0,0.0,1.4993292628688466,False,True,916,PV+/PNN-,81.82481607,10.206987389088184,0.0,0.0,0.0,False,NONE
1246,714,2280,136.63949868,13.189951216443678,3183.0,18.50581395348837,0.0,0.0,0.0,1.7419469313635993,False,True,917,PV+/PNN-,136.63949868,13.189951216443678,0.0,0.0,0.0,False,NONE
1247,713,555,50.04818847,7.982689565701676,1436.0,22.793650793650794,0.0,0.0,0.0,1.832035069576881,False,True,918,PV+/PNN-,50.04818847,7.982689565701676,0.0,0.0,0.0,False,NONE
1248,714,1699,111.2181966,11.899891008124815,5521.0,39.43571428571428,0.0,0.0,0.0,1.4974476121331035,False,True,919,PV+/PNN-,111.2181966,11.899891008124815,0.0,0.0,0.0,False,NONE
1249,713,1285,30.98221191,6.280746562883805,1622.0,41.58974358974359,0.0,0.0,0.0,1.7185527353075438,False,True,920,PV+/PNN-,30.98221191,6.280746562883805,0.0,0.0,0.0,False,NONE
1250,716,1228,76.26390624,9.854045933561641,3587.0,37.364583333333336,0.0,0.0,0.0,1.6965408092227576,False,True,922,PV+/PNN-,76.26390624,9.854045933561641,0.0,0.0,0.0,False,NONE
1251,717,1417,84.20806314000001,10.354565948189398,6820.0,64.33962264150944,0.0,0.0,0.0,1.750439465931873,False,True,923,PV+/PNN-,84.20806314000001,10.354565948189398,0.0,0.0,0.0,False,NONE
1252,722,463,143.78923989,13.53063732184699,4048.0,22.364640883977902,0.0,0.0,0.0,1.7474386261198271,False,True,924,PV+/PNN-,143.78923989,13.53063732184699,0.0,0.0,0.0,False,NONE
1253,721,700,113.60144367,12.026714032504808,3701.0,25.88111888111888,0.0,0.0,0.0,1.6354806997639768,False,True,925,PV+/PNN-,113.60144367,12.026714032504808,0.0,0.0,0.0,False,NONE
1254,720,1175,95.32988280000001,11.017158280424603,3598.0,29.983333333333334,0.0,0.0,0.0,1.7740206257069466,False,True,926,PV+/PNN-,95.32988280000001,11.017158280424603,0.0,0.0,0.0,False,NONE
1255,722,1825,108.04053384,11.728660627684029,4298.0,31.602941176470587,0.0,0.0,0.0,1.4323054363619252,False,True,927,PV+/PNN-,108.04053384,11.728660627684029,0.0,0.0,0.0,False,NONE
1256,723,2193,115.19027505,12.11052490037406,2545.0,17.551724137931036,0.0,0.0,0.0,1.8666143158992035,False,True,928,PV+/PNN-,115.19027505,12.11052490037406,0.0,0.0,0.0,False,NONE
1257,725,281,164.44404783,14.469853647963289,18936.0,91.47826086956522,0.0,0.0,0.0,2.2087830899871994,False,True,929,PV+/PNN-,164.44404783,14.469853647963289,0.0,0.0,0.0,False,NONE
1258,725,633,189.86534991,15.548121162390995,4248.0,17.774058577405857,0.0,0.0,0.0,1.6755394951463873,False,True,930,PV+/PNN-,189.86534991,15.548121162390995,0.0,0.0,0.0,False,NONE
1259,721,1349,63.5532552,8.995472067506276,3707.0,46.3375,0.0,0.0,0.0,1.6334038988753876,False,True,931,PV+/PNN-,63.5532552,8.995472067506276,0.0,0.0,0.0,False,NONE
1260,723,1801,96.12429849,11.062967867954534,4453.0,36.80165289256198,0.0,0.0,0.0,1.4698515379880632,False,True,932,PV+/PNN-,96.12429849,11.062967867954534,0.0,0.0,0.0,False,NONE
1261,725,2069,78.64715331000001,10.006830950662698,2899.0,29.282828282828284,0.0,0.0,0.0,1.7446700798155592,False,True,933,PV+/PNN-,78.64715331000001,10.006830950662698,0.0,0.0,0.0,False,NONE
1262,728,521,137.43391437,13.228238528376714,4652.0,26.890173410404625,0.0,0.0,0.0,1.6448743222802835,False,True,934,PV+/PNN-,137.43391437,13.228238528376714,0.0,0.0,0.0,False,NONE
1263,727,2104,155.70547524,14.080140922851225,3790.0,19.336734693877553,0.0,0.0,0.0,1.7397445811094745,False,True,935,PV+/PNN-,155.70547524,14.080140922851225,0.0,0.0,0.0,False,NONE
1264,728,871,145.37807127,13.6051868520168,4913.0,26.846994535519126,0.0,0.0,0.0,1.5383930953821168,False,True,936,PV+/PNN-,145.37807127,13.6051868520168,0.0,0.0,0.0,False,NONE
1265,725,2426,58.78676106,8.651568001725998,1377.0,18.60810810810811,0.0,0.0,0.0,1.6946975899656413,False,True,937,PV+/PNN-,58.78676106,8.651568001725998,0.0,0.0,0.0,False,NONE
1266,728,1389,91.35780435,10.78519212710641,11414.0,99.25217391304348,0.0,0.0,0.0,1.746679842994306,False,True,938,PV+/PNN-,91.35780435,10.78519212710641,0.0,0.0,0.0,False,NONE
1267,729,2022,84.20806314000001,10.354565948189398,2229.0,21.028301886792452,0.0,0.0,0.0,1.717964961471151,False,True,940,PV+/PNN-,84.20806314000001,10.354565948189398,0.0,0.0,0.0,False,NONE
1268,730,2302,128.69534178,12.800781162784691,2552.0,15.753086419753087,0.0,0.0,0.0,1.7482304764006547,False,True,941,PV+/PNN-,128.69534178,12.800781162784691,0.0,0.0,0.0,False,NONE
1269,729,2380,83.41364745,10.305607915302103,1573.0,14.980952380952381,0.0,0.0,0.0,1.6784012514614866,False,True,942,PV+/PNN-,83.41364745,10.305607915302103,0.0,0.0,0.0,False,NONE
1270,731,2496,130.28417316,12.879555944225542,2675.0,16.3109756097561,0.0,0.0,0.0,1.583275750598069,False,True,943,PV+/PNN-,130.28417316,12.879555944225542,0.0,0.0,0.0,False,NONE
1271,731,149,127.90092609,12.761211420003875,20661.0,128.32919254658384,0.0,0.0,0.0,1.7150699015192268,False,True,944,PV+/PNN-,127.90092609,12.761211420003875,0.0,0.0,0.0,False,NONE
1272,731,1518,94.53546711,10.971157418634661,6748.0,56.705882352941174,0.0,0.0,0.0,1.6278454023794577,False,True,945,PV+/PNN-,94.53546711,10.971157418634661,0.0,0.0,0.0,False,NONE
1273,727,1671,35.74870605,6.746604050629706,3065.0,68.11111111111111,0.0,0.0,0.0,1.7383977215762851,False,True,946,PV+/PNN-,35.74870605,6.746604050629706,0.0,0.0,0.0,False,NONE
1274,733,309,119.95676919,12.358547737957586,5897.0,39.05298013245033,0.0,0.0,0.0,1.812111927656073,False,True,947,PV+/PNN-,119.95676919,12.358547737957586,0.0,0.0,0.0,False,NONE
1275,733,383,161.26638507,14.329366305165495,10035.0,49.433497536945815,0.0,0.0,0.0,2.3108246340398044,False,True,948,PV+/PNN-,161.26638507,14.329366305165495,0.0,0.0,0.0,False,NONE
1276,735,495,173.18262042,14.84934209921784,4623.0,21.206422018348626,0.0,0.0,0.0,1.7239352697206305,False,True,949,PV+/PNN-,173.18262042,14.84934209921784,0.0,0.0,0.0,False,NONE
1277,732,2471,111.2181966,11.899891008124815,2560.0,18.285714285714285,0.0,0.0,0.0,1.6464209901592235,False,True,950,PV+/PNN-,111.2181966,11.899891008124815,0.0,0.0,0.0,False,NONE
1278,731,1070,73.08624348000001,9.646569098642193,2302.0,25.02173913043478,0.0,0.0,0.0,1.6903353319299737,False,True,952,PV+/PNN-,73.08624348000001,9.646569098642193,0.0,0.0,0.0,False,NONE
1279,730,1597,64.34767089,9.051519164690074,6688.0,82.5679012345679,0.0,0.0,0.0,1.5407426839203102,False,True,953,PV+/PNN-,64.34767089,9.051519164690074,0.0,0.0,0.0,False,NONE
1280,733,2083,106.45170246,11.642101063659146,3443.0,25.69402985074627,0.0,0.0,0.0,1.7886447652974287,False,True,954,PV+/PNN-,106.45170246,11.642101063659146,0.0,0.0,0.0,False,NONE
1281,734,1900,64.34767089,9.051519164690074,2461.0,30.382716049382715,0.0,0.0,0.0,1.6315706733996578,False,True,955,PV+/PNN-,64.34767089,9.051519164690074,0.0,0.0,0.0,False,NONE
1282,733,1979,69.11416503,9.380772250595795,1640.0,18.850574712643677,0.0,0.0,0.0,1.4918949831563457,False,True,956,PV+/PNN-,69.11416503,9.380772250595795,0.0,0.0,0.0,False,NONE
1283,735,1488,78.64715331000001,10.006830950662698,6800.0,68.68686868686869,0.0,0.0,0.0,1.5653624475406502,False,True,957,PV+/PNN-,78.64715331000001,10.006830950662698,0.0,0.0,0.0,False,NONE
1284,740,664,166.03287921,14.539588286344586,7230.0,34.5933014354067,0.0,0.0,0.0,1.896347758748127,False,True,958,PV+/PNN-,166.03287921,14.539588286344586,0.0,0.0,0.0,False,NONE
1285,736,1424,88.97455728,10.643586087602236,5053.0,45.11607142857143,0.0,0.0,0.0,1.7609231820077786,False,True,959,PV+/PNN-,88.97455728,10.643586087602236,0.0,0.0,0.0,False,NONE
1286,737,2277,115.98469074,12.152213577535832,2919.0,19.993150684931507,0.0,0.0,0.0,1.7733888135644704,False,True,960,PV+/PNN-,115.98469074,12.152213577535832,0.0,0.0,0.0,False,NONE
1287,736,2395,83.41364745,10.305607915302103,1532.0,14.59047619047619,0.0,0.0,0.0,1.7259698813382196,False,True,961,PV+/PNN-,83.41364745,10.305607915302103,0.0,0.0,0.0,False,NONE
1288,739,125,176.36028318,14.984955344126572,18138.0,81.70270270270271,0.0,0.0,0.0,1.4374829934261846,False,True,962,PV+/PNN-,176.36028318,14.984955344126572,0.0,0.0,0.0,False,NONE
1289,737,925,78.64715331000001,10.006830950662698,2672.0,26.98989898989899,0.0,0.0,0.0,1.812847886764194,False,True,963,PV+/PNN-,78.64715331000001,10.006830950662698,0.0,0.0,0.0,False,NONE
1290,736,1282,35.74870605,6.746604050629706,2507.0,55.71111111111111,0.0,0.0,0.0,1.5299099879273605,False,True,965,PV+/PNN-,35.74870605,6.746604050629706,0.0,0.0,0.0,False,NONE
1291,738,2417,81.82481607,10.206987389088184,1593.0,15.466019417475728,0.0,0.0,0.0,1.6480826469034742,False,True,966,PV+/PNN-,81.82481607,10.206987389088184,0.0,0.0,0.0,False,NONE
1292,743,441,135.05066730000001,13.113041224263421,3714.0,21.847058823529412,0.0,0.0,0.0,1.6449179273312424,False,True,967,PV+/PNN-,135.05066730000001,13.113041224263421,0.0,0.0,0.0,False,NONE
1293,741,270,112.01261229,11.942314996545514,6337.0,44.94326241134752,0.0,0.0,0.0,1.5859173310398451,False,True,968,PV+/PNN-,112.01261229,11.942314996545514,0.0,0.0,0.0,False,NONE
1294,740,1605,78.64715331000001,10.006830950662698,7030.0,71.01010101010101,0.0,0.0,0.0,1.5885429019031863,False,True,969,PV+/PNN-,78.64715331000001,10.006830950662698,0.0,0.0,0.0,False,NONE
1295,743,581,163.64963214,14.434859996619657,4480.0,21.74757281553398,0.0,0.0,0.0,1.6336660193758894,False,True,971,PV+/PNN-,163.64963214,14.434859996619657,0.0,0.0,0.0,False,NONE
1296,742,2313,93.74105142,10.924962866435578,1891.0,16.02542372881356,0.0,0.0,0.0,1.7886447652974287,False,True,972,PV+/PNN-,93.74105142,10.924962866435578,0.0,0.0,0.0,False,NONE
1297,740,333,55.6090983,8.414493627225879,2840.0,40.57142857142857,0.0,0.0,0.0,1.8301066116089055,False,True,973,PV+/PNN-,55.6090983,8.414493627225879,0.0,0.0,0.0,False,NONE
1298,741,774,73.88065917,9.698854408967303,4323.0,46.483870967741936,0.0,0.0,0.0,1.53571609793847,False,True,975,PV+/PNN-,73.88065917,9.698854408967303,0.0,0.0,0.0,False,NONE
1299,742,1447,73.88065917,9.698854408967303,5870.0,63.11827956989247,0.0,0.0,0.0,1.5785361592704026,False,True,976,PV+/PNN-,73.88065917,9.698854408967303,0.0,0.0,0.0,False,NONE
1300,740,1146,37.33753743,6.894898778002857,1631.0,34.702127659574465,0.0,0.0,0.0,1.8152123511328382,False,True,977,PV+/PNN-,37.33753743,6.894898778002857,0.0,0.0,0.0,False,NONE
1301,744,1882,91.35780435,10.78519212710641,3677.0,31.973913043478262,0.0,0.0,0.0,1.5811678417428296,False,True,978,PV+/PNN-,91.35780435,10.78519212710641,0.0,0.0,0.0,False,NONE
1302,747,866,147.76131834,13.716251444643651,6531.0,35.11290322580645,0.0,0.0,0.0,1.5135803035211148,False,True,979,PV+/PNN-,147.76131834,13.716251444643651,0.0,0.0,0.0,False,NONE
1303,744,1724,80.23598469,10.107404643036364,3209.0,31.77227722772277,0.0,0.0,0.0,1.4742201951227827,False,True,980,PV+/PNN-,80.23598469,10.107404643036364,0.0,0.0,0.0,False,NONE
1304,746,2541,153.32222817,13.97196922387648,2529.0,13.103626943005182,0.0,0.0,0.0,1.5828343352695597,False,True,981,PV+/PNN-,153.32222817,13.97196922387648,0.0,0.0,0.0,False,NONE
1305,748,70,158.08872231,14.187487896796528,17170.0,86.28140703517587,0.0,0.0,0.0,2.0788098542728624,False,True,982,PV+/PNN-,158.08872231,14.187487896796528,0.0,0.0,0.0,False,NONE
1306,747,515,127.90092609,12.761211420003875,3536.0,21.96273291925466,0.0,0.0,0.0,1.8433542793889122,False,True,983,PV+/PNN-,127.90092609,12.761211420003875,0.0,0.0,0.0,False,NONE
1307,745,639,81.03040038,10.157318055940708,2005.0,19.65686274509804,0.0,0.0,0.0,1.6344626601127077,False,True,984,PV+/PNN-,81.03040038,10.157318055940708,0.0,0.0,0.0,False,NONE
1308,743,1109,41.30961588,7.252381437585563,962.0,18.5,0.0,0.0,0.0,1.6121166897673485,False,True,985,PV+/PNN-,41.30961588,7.252381437585563,0.0,0.0,0.0,False,NONE
1309,745,1253,78.64715331000001,10.006830950662698,2851.0,28.7979797979798,0.0,0.0,0.0,1.775350092942445,False,True,986,PV+/PNN-,78.64715331000001,10.006830950662698,0.0,0.0,0.0,False,NONE
1310,745,2200,77.85273762,9.956163126610313,2658.0,27.122448979591837,0.0,0.0,0.0,1.809306814954311,False,True,987,PV+/PNN-,77.85273762,9.956163126610313,0.0,0.0,0.0,False,NONE
1311,744,1769,47.664941400000004,7.7903073294937615,3676.0,61.266666666666666,0.0,0.0,0.0,1.4016675330569786,False,True,988,PV+/PNN-,47.664941400000004,7.7903073294937615,0.0,0.0,0.0,False,NONE
1312,750,679,116.77910643,12.193759728054031,6137.0,41.74829931972789,0.0,0.0,0.0,2.6387733195133674,False,True,989,PV+/PNN-,116.77910643,12.193759728054031,0.0,0.0,0.0,False,NONE
1313,747,992,100.89079263,11.333937836259333,5632.0,44.346456692913385,0.0,0.0,0.0,2.0185032888425596,False,True,990,PV+/PNN-,100.89079263,11.333937836259333,0.0,0.0,0.0,False,NONE
1314,747,1459,83.41364745,10.305607915302103,5889.0,56.08571428571429,0.0,0.0,0.0,1.6076911259690456,False,True,991,PV+/PNN-,83.41364745,10.305607915302103,0.0,0.0,0.0,False,NONE
1315,747,1475,74.67507486,9.75085936304132,8674.0,92.27659574468085,0.0,0.0,0.0,1.5287132498266665,False,True,992,PV+/PNN-,74.67507486,9.75085936304132,0.0,0.0,0.0,False,NONE
1316,748,1625,104.86287108,11.554893086200376,14354.0,108.74242424242425,0.0,0.0,0.0,1.6122346898178368,False,True,993,PV+/PNN-,104.86287108,11.554893086200376,0.0,0.0,0.0,False,NONE
1317,748,2062,113.60144367,12.026714032504808,2470.0,17.272727272727273,0.0,0.0,0.0,1.8596807956912176,False,True,994,PV+/PNN-,113.60144367,12.026714032504808,0.0,0.0,0.0,False,NONE
1318,747,2479,108.04053384,11.728660627684029,1984.0,14.588235294117647,0.0,0.0,0.0,1.5454605436004976,False,True,995,PV+/PNN-,108.04053384,11.728660627684029,0.0,0.0,0.0,False,NONE
1319,751,621,140.61157713,13.380292240810528,3745.0,21.15819209039548,0.0,0.0,0.0,1.7587100858227782,False,True,996,PV+/PNN-,140.61157713,13.380292240810528,0.0,0.0,0.0,False,NONE
1320,751,200,132.66742023,12.996822909266468,7870.0,47.125748502994014,0.0,0.0,0.0,1.5491753215196122,False,True,997,PV+/PNN-,132.66742023,12.996822909266468,0.0,0.0,0.0,False,NONE
1321,749,1522,61.96442382,8.88231697105848,3378.0,43.30769230769231,0.0,0.0,0.0,1.619904693099558,False,True,998,PV+/PNN-,61.96442382,8.88231697105848,0.0,0.0,0.0,False,NONE
1322,751,2261,94.53546711,10.971157418634661,2656.0,22.319327731092436,0.0,0.0,0.0,1.656772271899093,False,True,999,PV+/PNN-,94.53546711,10.971157418634661,0.0,0.0,0.0,False,NONE
1323,751,1595,85.00247883,10.403293586497956,5091.0,47.57943925233645,0.0,0.0,0.0,1.414893390429248,False,True,1000,PV+/PNN-,85.00247883,10.403293586497956,0.0,0.0,0.0,False,NONE
1324,752,2115,109.62936522,11.814586030086609,2240.0,16.231884057971016,0.0,0.0,0.0,1.89086701193324,False,True,1001,PV+/PNN-,109.62936522,11.814586030086609,0.0,0.0,0.0,False,NONE
1325,752,1556,100.89079263,11.333937836259333,5362.0,42.22047244094488,0.0,0.0,0.0,1.6262822706314461,False,True,1002,PV+/PNN-,100.89079263,11.333937836259333,0.0,0.0,0.0,False,NONE
1326,751,1198,65.93650227,9.1625849044734,3124.0,37.63855421686747,0.0,0.0,0.0,1.6060802052568408,False,True,1003,PV+/PNN-,65.93650227,9.1625849044734,0.0,0.0,0.0,False,NONE
1327,750,1330,43.69286295,7.4586514150102134,1593.0,28.963636363636365,0.0,0.0,0.0,1.8457095897134357,False,True,1004,PV+/PNN-,43.69286295,7.4586514150102134,0.0,0.0,0.0,False,NONE
1328,753,2034,91.35780435,10.78519212710641,2373.0,20.63478260869565,0.0,0.0,0.0,1.690922253920227,False,True,1005,PV+/PNN-,91.35780435,10.78519212710641,0.0,0.0,0.0,False,NONE
1329,755,2186,162.06080076,14.36461695204847,3720.0,18.235294117647058,0.0,0.0,0.0,1.8187532879837154,False,True,1006,PV+/PNN-,162.06080076,14.36461695204847,0.0,0.0,0.0,False,NONE
1330,754,397,86.59131021,10.500070494515816,2888.0,26.495412844036696,0.0,0.0,0.0,1.6335277447999366,False,True,1007,PV+/PNN-,86.59131021,10.500070494515816,0.0,0.0,0.0,False,NONE
1331,756,721,156.49989093,14.116013951495509,4102.0,20.82233502538071,0.0,0.0,0.0,1.5849575106342124,False,True,1008,PV+/PNN-,156.49989093,14.116013951495509,0.0,0.0,0.0,False,NONE
1332,756,2046,112.80702798,11.984588810142046,3177.0,22.37323943661972,0.0,0.0,0.0,1.7344578125352954,False,True,1009,PV+/PNN-,112.80702798,11.984588810142046,0.0,0.0,0.0,False,NONE
1333,757,2283,127.1065104,12.72151859781572,3216.0,20.1,0.0,0.0,0.0,1.7675522562726949,False,True,1010,PV+/PNN-,127.1065104,12.72151859781572,0.0,0.0,0.0,False,NONE
1334,756,529,88.97455728,10.643586087602236,2239.0,19.991071428571427,0.0,0.0,0.0,1.6373813434343376,False,True,1011,PV+/PNN-,88.97455728,10.643586087602236,0.0,0.0,0.0,False,NONE
1335,758,702,128.69534178,12.800781162784691,3566.0,22.012345679012345,0.0,0.0,0.0,1.5349096937702602,False,True,1012,PV+/PNN-,128.69534178,12.800781162784691,0.0,0.0,0.0,False,NONE
1336,756,1155,97.71312987,11.154022637162193,5222.0,42.45528455284553,0.0,0.0,0.0,1.764225470296436,False,True,1013,PV+/PNN-,97.71312987,11.154022637162193,0.0,0.0,0.0,False,NONE
1337,756,2603,76.26390624,9.854045933561641,1606.0,16.729166666666668,0.0,0.0,0.0,1.4736632971947368,False,True,1014,PV+/PNN-,76.26390624,9.854045933561641,0.0,0.0,0.0,False,NONE
1338,758,1537,78.64715331000001,10.006830950662698,3986.0,40.26262626262626,0.0,0.0,0.0,1.5346824344137648,False,True,1015,PV+/PNN-,78.64715331000001,10.006830950662698,0.0,0.0,0.0,False,NONE
1339,757,1697,51.63701985,8.108408946599484,3671.0,56.47692307692308,0.0,0.0,0.0,1.4599910246781915,False,True,1016,PV+/PNN-,51.63701985,8.108408946599484,0.0,0.0,0.0,False,NONE
1340,760,310,120.75118488,12.39940255265723,6339.0,41.703947368421055,0.0,0.0,0.0,1.5168844384945424,False,True,1017,PV+/PNN-,120.75118488,12.39940255265723,0.0,0.0,0.0,False,NONE
1341,760,1875,70.70299641,9.487984557348323,3732.0,41.93258426966292,0.0,0.0,0.0,1.5288988114647513,False,True,1018,PV+/PNN-,70.70299641,9.487984557348323,0.0,0.0,0.0,False,NONE
1342,759,2019,69.90858072,9.434530697868027,2333.0,26.511363636363637,0.0,0.0,0.0,1.5554766655330985,False,True,1019,PV+/PNN-,69.90858072,9.434530697868027,0.0,0.0,0.0,False,NONE
1343,759,910,51.63701985,8.108408946599484,1682.0,25.876923076923077,0.0,0.0,0.0,1.524371852224456,False,True,1020,PV+/PNN-,51.63701985,8.108408946599484,0.0,0.0,0.0,False,NONE
1344,761,1032,93.74105142,10.924962866435578,3275.0,27.75423728813559,0.0,0.0,0.0,2.2674089701435904,False,True,1021,PV+/PNN-,93.74105142,10.924962866435578,0.0,0.0,0.0,False,NONE
1345,759,1569,81.03040038,10.157318055940708,5578.0,54.68627450980392,0.0,0.0,0.0,1.5782159693800841,False,True,1022,PV+/PNN-,81.03040038,10.157318055940708,0.0,0.0,0.0,False,NONE
1346,761,1500,78.64715331000001,10.006830950662698,4217.0,42.5959595959596,0.0,0.0,0.0,1.6185411369605853,False,True,1023,PV+/PNN-,78.64715331000001,10.006830950662698,0.0,0.0,0.0,False,NONE
1347,761,1731,65.14208658,9.10722134683339,4963.0,60.52439024390244,0.0,0.0,0.0,1.473388923093602,False,True,1024,PV+/PNN-,65.14208658,9.10722134683339,0.0,0.0,0.0,False,NONE
1348,762,246,115.19027505,12.11052490037406,6392.0,44.08275862068965,0.0,0.0,0.0,1.5379784787359023,False,True,1026,PV+/PNN-,115.19027505,12.11052490037406,0.0,0.0,0.0,False,NONE
1349,760,548,32.57104329,6.439777972112771,801.0,19.536585365853657,0.0,0.0,0.0,1.7581892400714714,False,True,1027,PV+/PNN-,32.57104329,6.439777972112771,0.0,0.0,0.0,False,NONE
1350,762,926,57.99234537,8.592912627102823,2103.0,28.80821917808219,0.0,0.0,0.0,1.5755237426036799,False,True,1028,PV+/PNN-,57.99234537,8.592912627102823,0.0,0.0,0.0,False,NONE
1351,762,1052,98.50754556,11.199272407696524,3397.0,27.39516129032258,0.0,0.0,0.0,1.8795466751588623,False,True,1029,PV+/PNN-,98.50754556,11.199272407696524,0.0,0.0,0.0,False,NONE
1352,760,1743,40.51520019,7.182308476024235,3004.0,58.90196078431372,0.0,0.0,0.0,1.6185812415529082,False,True,1030,PV+/PNN-,40.51520019,7.182308476024235,0.0,0.0,0.0,False,NONE
1353,764,1301,104.06845539,11.51104134134072,7410.0,56.56488549618321,0.0,0.0,0.0,1.7487139085177799,False,True,1031,PV+/PNN-,104.06845539,11.51104134134072,0.0,0.0,0.0,False,NONE
1354,764,1560,69.90858072,9.434530697868027,3668.0,41.68181818181818,0.0,0.0,0.0,1.5953606825980495,False,True,1032,PV+/PNN-,69.90858072,9.434530697868027,0.0,0.0,0.0,False,NONE
1355,764,1578,98.50754556,11.199272407696524,7733.0,62.36290322580645,0.0,0.0,0.0,1.6182717246589335,False,True,1033,PV+/PNN-,98.50754556,11.199272407696524,0.0,0.0,0.0,False,NONE
1356,763,1657,89.76897297000001,10.690996505268625,8186.0,72.4424778761062,0.0,0.0,0.0,1.5022346250536094,False,True,1034,PV+/PNN-,89.76897297000001,10.690996505268625,0.0,0.0,0.0,False,NONE
1357,764,2445,115.19027505,12.11052490037406,2163.0,14.917241379310346,0.0,0.0,0.0,1.712071684258671,False,True,1035,PV+/PNN-,115.19027505,12.11052490037406,0.0,0.0,0.0,False,NONE
1358,764,870,83.41364745,10.305607915302103,5524.0,52.60952380952381,0.0,0.0,0.0,1.573621701868142,False,True,1036,PV+/PNN-,83.41364745,10.305607915302103,0.0,0.0,0.0,False,NONE
1359,765,1274,101.68520832,11.378472144697502,5911.0,46.1796875,0.0,0.0,0.0,1.777043885333825,False,True,1037,PV+/PNN-,101.68520832,11.378472144697502,0.0,0.0,0.0,False,NONE
1360,765,2379,97.71312987,11.154022637162193,2278.0,18.520325203252032,0.0,0.0,0.0,1.5798460743338847,False,True,1038,PV+/PNN-,97.71312987,11.154022637162193,0.0,0.0,0.0,False,NONE
1361,767,2583,163.64963214,14.434859996619657,6937.0,33.6747572815534,0.0,0.0,0.0,1.92953453431701,False,True,1039,PV+/PNN-,163.64963214,14.434859996619657,0.0,0.0,0.0,False,NONE
1362,766,6,109.62936522,11.814586030086609,11034.0,79.95652173913044,0.0,0.0,0.0,1.4105691832424896,False,True,1040,PV+/PNN-,109.62936522,11.814586030086609,0.0,0.0,0.0,False,NONE
1363,767,269,139.02274575,13.304482609502793,7976.0,45.57714285714286,0.0,0.0,0.0,1.8987597152688391,False,True,1041,PV+/PNN-,139.02274575,13.304482609502793,0.0,0.0,0.0,False,NONE
1364,766,1985,100.89079263,11.333937836259333,3516.0,27.68503937007874,0.0,0.0,0.0,1.61086979159605,False,True,1044,PV+/PNN-,100.89079263,11.333937836259333,0.0,0.0,0.0,False,NONE
1365,766,2138,104.86287108,11.554893086200376,2714.0,20.560606060606062,0.0,0.0,0.0,1.7150127337929033,False,True,1045,PV+/PNN-,104.86287108,11.554893086200376,0.0,0.0,0.0,False,NONE
1366,769,2246,150.14456541,13.82642390884524,5764.0,30.497354497354497,0.0,0.0,0.0,2.0645213912717253,False,True,1046,PV+/PNN-,150.14456541,13.82642390884524,0.0,0.0,0.0,False,NONE
1367,767,1715,94.53546711,10.971157418634661,7797.0,65.52100840336135,0.0,0.0,0.0,1.4809422807013117,False,True,1047,PV+/PNN-,94.53546711,10.971157418634661,0.0,0.0,0.0,False,NONE
1368,770,443,111.2181966,11.899891008124815,4028.0,28.771428571428572,0.0,0.0,0.0,1.8214285507530148,False,True,1048,PV+/PNN-,111.2181966,11.899891008124815,0.0,0.0,0.0,False,NONE
1369,769,2523,136.63949868,13.189951216443678,2812.0,16.348837209302324,0.0,0.0,0.0,1.5845870035697713,False,True,1049,PV+/PNN-,136.63949868,13.189951216443678,0.0,0.0,0.0,False,NONE
1370,770,735,216.08106768,16.586830928142092,7883.0,28.981617647058822,0.0,0.0,0.0,1.69186737094865,False,True,1050,PV+/PNN-,216.08106768,16.586830928142092,0.0,0.0,0.0,False,NONE
1371,770,1085,95.32988280000001,11.017158280424603,3942.0,32.85,0.0,0.0,0.0,2.0248808663744478,False,True,1052,PV+/PNN-,95.32988280000001,11.017158280424603,0.0,0.0,0.0,False,NONE
1372,770,1169,110.42378091,11.857315232959936,6395.0,46.007194244604314,0.0,0.0,0.0,2.037991605797016,False,True,1053,PV+/PNN-,110.42378091,11.857315232959936,0.0,0.0,0.0,False,NONE
1373,765,1381,23.832470700000002,5.508579140212301,3062.0,102.06666666666666,0.0,0.0,0.0,1.849391191288662,False,True,1054,PV+/PNN-,23.832470700000002,5.508579140212301,0.0,0.0,0.0,False,NONE
1374,768,1815,54.81468261,8.354173898786094,4706.0,68.20289855072464,0.0,0.0,0.0,1.3733974571931036,False,True,1055,PV+/PNN-,54.81468261,8.354173898786094,0.0,0.0,0.0,False,NONE
1375,769,2419,95.32988280000001,11.017158280424603,1798.0,14.983333333333333,0.0,0.0,0.0,1.6092178218603594,False,True,1056,PV+/PNN-,95.32988280000001,11.017158280424603,0.0,0.0,0.0,False,NONE
1376,769,1073,77.05832193,9.90523612702942,2832.0,29.195876288659793,0.0,0.0,0.0,1.7437633852695416,False,True,1057,PV+/PNN-,77.05832193,9.90523612702942,0.0,0.0,0.0,False,NONE
1377,770,2357,90.56338866,10.738197602350779,2202.0,19.31578947368421,0.0,0.0,0.0,1.765554018575615,False,True,1058,PV+/PNN-,90.56338866,10.738197602350779,0.0,0.0,0.0,False,NONE
1378,771,974,80.23598469,10.107404643036364,3762.0,37.24752475247525,0.0,0.0,0.0,1.7782864638357774,False,True,1059,PV+/PNN-,80.23598469,10.107404643036364,0.0,0.0,0.0,False,NONE
1379,773,2169,113.60144367,12.026714032504808,2701.0,18.888111888111887,0.0,0.0,0.0,1.696368725815796,False,True,1060,PV+/PNN-,113.60144367,12.026714032504808,0.0,0.0,0.0,False,NONE
1380,774,1947,101.68520832,11.378472144697502,5612.0,43.84375,0.0,0.0,0.0,1.5439716606105163,False,True,1061,PV+/PNN-,101.68520832,11.378472144697502,0.0,0.0,0.0,False,NONE
1381,773,1031,94.53546711,10.971157418634661,3989.0,33.52100840336134,0.0,0.0,0.0,1.7299402359781695,False,True,1062,PV+/PNN-,94.53546711,10.971157418634661,0.0,0.0,0.0,False,NONE
1382,775,390,115.98469074,12.152213577535832,4650.0,31.84931506849315,0.0,0.0,0.0,1.7003451658733375,False,True,1064,PV+/PNN-,115.98469074,12.152213577535832,0.0,0.0,0.0,False,NONE
1383,776,2267,145.37807127,13.6051868520168,7066.0,38.612021857923494,0.0,0.0,0.0,3.1287913277694788,False,True,1065,PV+/PNN-,145.37807127,13.6051868520168,0.0,0.0,0.0,False,NONE
1384,776,2324,101.68520832,11.378472144697502,1984.0,15.5,0.0,0.0,0.0,1.7838989507668637,False,True,1066,PV+/PNN-,101.68520832,11.378472144697502,0.0,0.0,0.0,False,NONE
1385,775,130,67.52533365000001,9.272320371655413,14788.0,173.9764705882353,0.0,0.0,0.0,1.588141855979959,False,True,1067,PV+/PNN-,67.52533365000001,9.272320371655413,0.0,0.0,0.0,False,NONE
1386,779,2123,137.43391437,13.228238528376714,3478.0,20.104046242774565,0.0,0.0,0.0,1.8177109742656168,False,True,1069,PV+/PNN-,137.43391437,13.228238528376714,0.0,0.0,0.0,False,NONE
1387,779,1219,104.86287108,11.554893086200376,3961.0,30.007575757575758,0.0,0.0,0.0,2.0182335301969556,False,True,1070,PV+/PNN-,104.86287108,11.554893086200376,0.0,0.0,0.0,False,NONE
1388,777,1529,90.56338866,10.738197602350779,3312.0,29.05263157894737,0.0,0.0,0.0,1.6950976375526443,False,True,1071,PV+/PNN-,90.56338866,10.738197602350779,0.0,0.0,0.0,False,NONE
1389,777,1588,77.05832193,9.90523612702942,10759.0,110.91752577319588,0.0,0.0,0.0,1.5572795116652969,False,True,1072,PV+/PNN-,77.05832193,9.90523612702942,0.0,0.0,0.0,False,NONE
1390,778,1454,71.4974121,9.54113894836179,5212.0,57.91111111111111,0.0,0.0,0.0,1.6034056638179885,False,True,1073,PV+/PNN-,71.4974121,9.54113894836179,0.0,0.0,0.0,False,NONE
1391,780,2636,119.1623535,12.317557416952052,2302.0,15.346666666666666,0.0,0.0,0.0,1.5591582671083248,False,True,1074,PV+/PNN-,119.1623535,12.317557416952052,0.0,0.0,0.0,False,NONE
1392,781,713,145.37807127,13.6051868520168,4263.0,23.295081967213115,0.0,0.0,0.0,1.5369177723465068,False,True,1075,PV+/PNN-,145.37807127,13.6051868520168,0.0,0.0,0.0,False,NONE
1393,779,1702,73.88065917,9.698854408967303,5011.0,53.88172043010753,0.0,0.0,0.0,1.4275772989815552,False,True,1076,PV+/PNN-,73.88065917,9.698854408967303,0.0,0.0,0.0,False,NONE
1394,779,1848,88.97455728,10.643586087602236,12551.0,112.0625,0.0,0.0,0.0,1.4553831227066343,False,True,1077,PV+/PNN-,88.97455728,10.643586087602236,0.0,0.0,0.0,False,NONE
1395,779,306,69.11416503,9.380772250595795,4569.0,52.51724137931034,0.0,0.0,0.0,1.6416275529687092,False,True,1078,PV+/PNN-,69.11416503,9.380772250595795,0.0,0.0,0.0,False,NONE
1396,783,453,139.81716144,13.342441267550265,16470.0,93.57954545454545,0.0,0.0,0.0,2.224300951699204,False,True,1079,PV+/PNN-,139.81716144,13.342441267550265,0.0,0.0,0.0,False,NONE
1397,782,626,97.71312987,11.154022637162193,2798.0,22.747967479674795,0.0,0.0,0.0,1.7472142760260816,False,True,1080,PV+/PNN-,97.71312987,11.154022637162193,0.0,0.0,0.0,False,NONE
1398,784,545,132.66742023,12.996822909266468,3193.0,19.119760479041915,0.0,0.0,0.0,1.6445589311931392,False,True,1081,PV+/PNN-,132.66742023,12.996822909266468,0.0,0.0,0.0,False,NONE
1399,781,1735,88.18014159,10.595963539609496,9911.0,89.28828828828829,0.0,0.0,0.0,1.531734204924094,False,True,1082,PV+/PNN-,88.18014159,10.595963539609496,0.0,0.0,0.0,False,NONE
1400,784,1499,116.77910643,12.193759728054031,4820.0,32.7891156462585,0.0,0.0,0.0,1.6130173432139305,False,True,1083,PV+/PNN-,116.77910643,12.193759728054031,0.0,0.0,0.0,False,NONE
1401,785,1807,132.66742023,12.996822909266468,24969.0,149.51497005988023,0.0,0.0,0.0,1.8381553254033909,False,True,1084,PV+/PNN-,132.66742023,12.996822909266468,0.0,0.0,0.0,False,NONE
1402,784,2102,116.77910643,12.193759728054031,3885.0,26.428571428571427,0.0,0.0,0.0,1.9013677250921968,False,True,1085,PV+/PNN-,116.77910643,12.193759728054031,0.0,0.0,0.0,False,NONE
1403,781,1076,45.28169433,7.593052342343362,2556.0,44.8421052631579,0.0,0.0,0.0,1.8650218506080438,False,True,1086,PV+/PNN-,45.28169433,7.593052342343362,0.0,0.0,0.0,False,NONE
1404,783,1897,50.84260416,8.045794813057842,5781.0,90.328125,0.0,0.0,0.0,1.4638201263165278,False,True,1088,PV+/PNN-,50.84260416,8.045794813057842,0.0,0.0,0.0,False,NONE
1405,787,2370,104.86287108,11.554893086200376,4192.0,31.757575757575758,0.0,0.0,0.0,2.102092232743776,False,True,1090,PV+/PNN-,104.86287108,11.554893086200376,0.0,0.0,0.0,False,NONE
1406,786,227,68.31974934,9.326703948667076,2906.0,33.7906976744186,0.0,0.0,0.0,1.4707855595293469,False,True,1091,PV+/PNN-,68.31974934,9.326703948667076,0.0,0.0,0.0,False,NONE
1407,785,2464,71.4974121,9.54113894836179,1433.0,15.922222222222222,0.0,0.0,0.0,1.5614081347376296,False,True,1092,PV+/PNN-,71.4974121,9.54113894836179,0.0,0.0,0.0,False,NONE
1408,787,2516,107.24611815,11.68546099424064,2647.0,19.607407407407408,0.0,0.0,0.0,1.5234103703315904,False,True,1093,PV+/PNN-,107.24611815,11.68546099424064,0.0,0.0,0.0,False,NONE
1409,787,317,76.26390624,9.854045933561641,5471.0,56.989583333333336,0.0,0.0,0.0,1.5699857550743548,False,True,1094,PV+/PNN-,76.26390624,9.854045933561641,0.0,0.0,0.0,False,NONE
1410,787,363,83.41364745,10.305607915302103,3177.0,30.257142857142856,0.0,0.0,0.0,1.542123555057873,False,True,1095,PV+/PNN-,83.41364745,10.305607915302103,0.0,0.0,0.0,False,NONE
1411,788,570,100.89079263,11.333937836259333,3190.0,25.118110236220474,0.0,0.0,0.0,1.61618443953929,False,True,1096,PV+/PNN-,100.89079263,11.333937836259333,0.0,0.0,0.0,False,NONE
1412,789,656,132.66742023,12.996822909266468,2487.0,14.892215568862275,0.0,0.0,0.0,1.7193299811490816,False,True,1097,PV+/PNN-,132.66742023,12.996822909266468,0.0,0.0,0.0,False,NONE
1413,787,1771,76.26390624,9.854045933561641,7930.0,82.60416666666667,0.0,0.0,0.0,1.5868597622941418,False,True,1098,PV+/PNN-,76.26390624,9.854045933561641,0.0,0.0,0.0,False,NONE
1414,788,1095,82.61923176,10.256416188536388,3875.0,37.25961538461539,0.0,0.0,0.0,1.911954818057411,False,True,1099,PV+/PNN-,82.61923176,10.256416188536388,0.0,0.0,0.0,False,NONE
1415,789,1032,94.53546711,10.971157418634661,4653.0,39.10084033613445,0.0,0.0,0.0,1.8042425870972318,False,True,1101,PV+/PNN-,94.53546711,10.971157418634661,0.0,0.0,0.0,False,NONE
1416,790,2134,85.00247883,10.403293586497956,1852.0,17.30841121495327,0.0,0.0,0.0,1.722094942430605,False,True,1103,PV+/PNN-,85.00247883,10.403293586497956,0.0,0.0,0.0,False,NONE
1417,790,953,69.11416503,9.380772250595795,3426.0,39.37931034482759,0.0,0.0,0.0,1.5244792729600725,False,True,1104,PV+/PNN-,69.11416503,9.380772250595795,0.0,0.0,0.0,False,NONE
1418,790,1385,73.88065917,9.698854408967303,9810.0,105.48387096774194,0.0,0.0,0.0,1.7360268933217484,False,True,1105,PV+/PNN-,73.88065917,9.698854408967303,0.0,0.0,0.0,False,NONE
1419,790,1434,91.35780435,10.78519212710641,4370.0,38.0,0.0,0.0,0.0,1.6862268779981995,False,True,1106,PV+/PNN-,91.35780435,10.78519212710641,0.0,0.0,0.0,False,NONE
1420,791,402,82.61923176,10.256416188536388,2656.0,25.53846153846154,0.0,0.0,0.0,1.708168730864598,False,True,1107,PV+/PNN-,82.61923176,10.256416188536388,0.0,0.0,0.0,False,NONE
1421,792,863,114.39585936,12.068692219586765,3930.0,27.291666666666668,0.0,0.0,0.0,1.5130359807075735,False,True,1108,PV+/PNN-,114.39585936,12.068692219586765,0.0,0.0,0.0,False,NONE
1422,792,2671,130.28417316,12.879555944225542,2678.0,16.329268292682926,0.0,0.0,0.0,1.6511833406289196,False,True,1109,PV+/PNN-,130.28417316,12.879555944225542,0.0,0.0,0.0,False,NONE
1423,790,586,45.28169433,7.593052342343362,1266.0,22.210526315789473,0.0,0.0,0.0,1.6696386091157724,False,True,1110,PV+/PNN-,45.28169433,7.593052342343362,0.0,0.0,0.0,False,NONE
1424,793,2355,116.77910643,12.193759728054031,3531.0,24.020408163265305,0.0,0.0,0.0,1.7066853016584629,False,True,1111,PV+/PNN-,116.77910643,12.193759728054031,0.0,0.0,0.0,False,NONE
1425,794,786,100.09637694,11.289227848029503,14635.0,116.15079365079364,0.0,0.0,0.0,2.0982694057112994,False,True,1112,PV+/PNN-,100.09637694,11.289227848029503,0.0,0.0,0.0,False,NONE
1426,795,1137,113.60144367,12.026714032504808,6144.0,42.96503496503497,0.0,0.0,0.0,1.7251607381348733,False,True,1113,PV+/PNN-,113.60144367,12.026714032504808,0.0,0.0,0.0,False,NONE
1427,795,1956,142.20040851,13.455674765407588,9028.0,50.435754189944134,0.0,0.0,0.0,1.5652291389795778,False,True,1114,PV+/PNN-,142.20040851,13.455674765407588,0.0,0.0,0.0,False,NONE
1428,795,1391,80.23598469,10.107404643036364,6742.0,66.75247524752476,0.0,0.0,0.0,1.9166199091623484,False,True,1115,PV+/PNN-,80.23598469,10.107404643036364,0.0,0.0,0.0,False,NONE
1429,795,2209,110.42378091,11.857315232959936,5119.0,36.827338129496404,0.0,0.0,0.0,1.7626660779230803,False,True,1116,PV+/PNN-,110.42378091,11.857315232959936,0.0,0.0,0.0,False,NONE
1430,793,1072,73.08624348000001,9.646569098642193,6567.0,71.3804347826087,0.0,0.0,0.0,1.6551200125147658,False,True,1117,PV+/PNN-,73.08624348000001,9.646569098642193,0.0,0.0,0.0,False,NONE
1431,795,2629,77.85273762,9.956163126610313,1950.0,19.897959183673468,0.0,0.0,0.0,1.4373899211304326,False,True,1118,PV+/PNN-,77.85273762,9.956163126610313,0.0,0.0,0.0,False,NONE
1432,797,738,159.67755369,14.258603569939103,4045.0,20.124378109452735,0.0,0.0,0.0,1.6014356304709354,False,True,1119,PV+/PNN-,159.67755369,14.258603569939103,0.0,0.0,0.0,False,NONE
1433,798,855,108.04053384,11.728660627684029,3299.0,24.25735294117647,0.0,0.0,0.0,1.5926085049499024,False,True,1120,PV+/PNN-,108.04053384,11.728660627684029,0.0,0.0,0.0,False,NONE
1434,796,2650,100.09637694,11.289227848029503,3043.0,24.150793650793652,0.0,0.0,0.0,1.5754430232823413,False,True,1121,PV+/PNN-,100.09637694,11.289227848029503,0.0,0.0,0.0,False,NONE
1435,797,1987,106.45170246,11.642101063659146,5787.0,43.1865671641791,0.0,0.0,0.0,1.4959940729184351,False,True,1122,PV+/PNN-,106.45170246,11.642101063659146,0.0,0.0,0.0,False,NONE
1436,798,2293,103.2740397,11.467021901548332,2189.0,16.838461538461537,0.0,0.0,0.0,1.7699535573001262,False,True,1124,PV+/PNN-,103.2740397,11.467021901548332,0.0,0.0,0.0,False,NONE
1437,799,1465,77.05832193,9.90523612702942,2983.0,30.75257731958763,0.0,0.0,0.0,1.715234135949489,False,True,1125,PV+/PNN-,77.05832193,9.90523612702942,0.0,0.0,0.0,False,NONE
1438,804,808,171.59378904,14.781068900342463,4958.0,22.953703703703702,0.0,0.0,0.0,1.5470964767623288,False,True,1127,PV+/PNN-,171.59378904,14.781068900342463,0.0,0.0,0.0,False,NONE
1439,802,1291,123.92884764,12.56149312576761,7341.0,47.05769230769231,0.0,0.0,0.0,1.747108747525645,False,True,1128,PV+/PNN-,123.92884764,12.56149312576761,0.0,0.0,0.0,False,NONE
1440,802,2143,182.7156087,15.252564978953412,8215.0,35.71739130434783,0.0,0.0,0.0,1.743451772047912,False,True,1129,PV+/PNN-,182.7156087,15.252564978953412,0.0,0.0,0.0,False,NONE
1441,803,2690,150.14456541,13.82642390884524,3658.0,19.354497354497354,0.0,0.0,0.0,1.460628349818605,False,True,1130,PV+/PNN-,150.14456541,13.82642390884524,0.0,0.0,0.0,False,NONE
1442,801,280,102.47962401,11.422832828117684,5787.0,44.86046511627907,0.0,0.0,0.0,1.5377583633784242,False,True,1131,PV+/PNN-,102.47962401,11.422832828117684,0.0,0.0,0.0,False,NONE
1443,801,1504,112.80702798,11.984588810142046,4274.0,30.098591549295776,0.0,0.0,0.0,1.5932865408655277,False,True,1132,PV+/PNN-,112.80702798,11.984588810142046,0.0,0.0,0.0,False,NONE
1444,800,2403,46.07611002,7.659368469073156,1160.0,20.0,0.0,0.0,0.0,1.7060203161522645,False,True,1133,PV+/PNN-,46.07611002,7.659368469073156,0.0,0.0,0.0,False,NONE
1445,804,832,131.07858885,12.91876320674319,3713.0,22.503030303030304,0.0,0.0,0.0,1.492275838491714,False,True,1134,PV+/PNN-,131.07858885,12.91876320674319,0.0,0.0,0.0,False,NONE
1446,802,1641,77.05832193,9.90523612702942,6214.0,64.0618556701031,0.0,0.0,0.0,1.5461461460769836,False,True,1135,PV+/PNN-,77.05832193,9.90523612702942,0.0,0.0,0.0,False,NONE
1447,802,1341,68.31974934,9.326703948667076,5102.0,59.325581395348834,0.0,0.0,0.0,1.8804707580748745,False,True,1137,PV+/PNN-,68.31974934,9.326703948667076,0.0,0.0,0.0,False,NONE
1448,801,2543,60.37559244,8.767701627645716,1623.0,21.355263157894736,0.0,0.0,0.0,1.512443910278809,False,True,1138,PV+/PNN-,60.37559244,8.767701627645716,0.0,0.0,0.0,False,NONE
1449,803,1311,71.4974121,9.54113894836179,2931.0,32.56666666666667,0.0,0.0,0.0,1.7436474127113297,False,True,1139,PV+/PNN-,71.4974121,9.54113894836179,0.0,0.0,0.0,False,NONE
1450,805,1699,88.18014159,10.595963539609496,10703.0,96.42342342342343,0.0,0.0,0.0,1.5244373369371593,False,True,1140,PV+/PNN-,88.18014159,10.595963539609496,0.0,0.0,0.0,False,NONE
1451,806,1457,75.46949055,9.802588422925686,4003.0,42.136842105263156,0.0,0.0,0.0,1.7996572752724476,False,True,1141,PV+/PNN-,75.46949055,9.802588422925686,0.0,0.0,0.0,False,NONE
1452,806,2002,103.2740397,11.467021901548332,13073.0,100.56153846153846,0.0,0.0,0.0,1.619904693099558,False,True,1142,PV+/PNN-,103.2740397,11.467021901548332,0.0,0.0,0.0,False,NONE
1453,812,725,186.68768715,15.41746236559462,4503.0,19.161702127659574,0.0,0.0,0.0,1.7178457392603648,False,True,1143,PV+/PNN-,186.68768715,15.41746236559462,0.0,0.0,0.0,False,NONE
1454,809,2156,96.91871418,11.108588547554572,3375.0,27.66393442622951,0.0,0.0,0.0,1.6464605077405343,False,True,1144,PV+/PNN-,96.91871418,11.108588547554572,0.0,0.0,0.0,False,NONE
1455,809,2662,133.46183592,13.035677474005707,3021.0,17.982142857142858,0.0,0.0,0.0,1.5588368574469953,False,True,1145,PV+/PNN-,133.46183592,13.035677474005707,0.0,0.0,0.0,False,NONE
1456,809,2714,100.09637694,11.289227848029503,1892.0,15.015873015873016,0.0,0.0,0.0,1.3970606612445924,False,True,1147,PV+/PNN-,100.09637694,11.289227848029503,0.0,0.0,0.0,False,NONE
1457,811,2026,81.03040038,10.157318055940708,6098.0,59.78431372549019,0.0,0.0,0.0,1.623213321966183,False,True,1148,PV+/PNN-,81.03040038,10.157318055940708,0.0,0.0,0.0,False,NONE
1458,810,2120,97.71312987,11.154022637162193,3099.0,25.195121951219512,0.0,0.0,0.0,1.7088019018672167,False,True,1149,PV+/PNN-,97.71312987,11.154022637162193,0.0,0.0,0.0,False,NONE
1459,811,2416,118.36793781,12.276430232296539,5265.0,35.33557046979866,0.0,0.0,0.0,1.711409376546457,False,True,1150,PV+/PNN-,118.36793781,12.276430232296539,0.0,0.0,0.0,False,NONE
1460,811,1583,99.30196125,11.244340084382843,4527.0,36.216,0.0,0.0,0.0,1.6598623421960137,False,True,1151,PV+/PNN-,99.30196125,11.244340084382843,0.0,0.0,0.0,False,NONE
1461,812,465,96.91871418,11.108588547554572,6449.0,52.86065573770492,0.0,0.0,0.0,1.5994345859804722,False,True,1152,PV+/PNN-,96.91871418,11.108588547554572,0.0,0.0,0.0,False,NONE
1462,815,549,116.77910643,12.193759728054031,2515.0,17.108843537414966,0.0,0.0,0.0,1.8563703725060978,False,True,1154,PV+/PNN-,116.77910643,12.193759728054031,0.0,0.0,0.0,False,NONE
1463,816,2295,123.92884764,12.56149312576761,3162.0,20.26923076923077,0.0,0.0,0.0,1.7778280940026936,False,True,1155,PV+/PNN-,123.92884764,12.56149312576761,0.0,0.0,0.0,False,NONE
1464,817,589,166.8272949,14.574330482319752,4689.0,22.32857142857143,0.0,0.0,0.0,1.772574282230965,False,True,1156,PV+/PNN-,166.8272949,14.574330482319752,0.0,0.0,0.0,False,NONE
1465,815,1652,83.41364745,10.305607915302103,5935.0,56.523809523809526,0.0,0.0,0.0,1.6404749114246318,False,True,1157,PV+/PNN-,83.41364745,10.305607915302103,0.0,0.0,0.0,False,NONE
1466,815,1718,76.26390624,9.854045933561641,7965.0,82.96875,0.0,0.0,0.0,1.4244474428036913,False,True,1158,PV+/PNN-,76.26390624,9.854045933561641,0.0,0.0,0.0,False,NONE
1467,820,1334,150.9389811,13.862953494062992,7257.0,38.194736842105264,0.0,0.0,0.0,1.799302033015189,False,True,1159,PV+/PNN-,150.9389811,13.862953494062992,0.0,0.0,0.0,False,NONE
1468,818,2274,114.39585936,12.068692219586765,2979.0,20.6875,0.0,0.0,0.0,1.7534905835895391,False,True,1161,PV+/PNN-,114.39585936,12.068692219586765,0.0,0.0,0.0,False,NONE
1469,819,2700,137.43391437,13.228238528376714,3330.0,19.248554913294797,0.0,0.0,0.0,1.4747687234865918,False,True,1162,PV+/PNN-,137.43391437,13.228238528376714,0.0,0.0,0.0,False,NONE
1470,819,332,151.73339679,13.899387074616612,7116.0,37.2565445026178,0.0,0.0,0.0,1.6149573401974215,False,True,1163,PV+/PNN-,151.73339679,13.899387074616612,0.0,0.0,0.0,False,NONE
1471,819,2674,142.20040851,13.455674765407588,3877.0,21.65921787709497,0.0,0.0,0.0,1.582951559970192,False,True,1165,PV+/PNN-,142.20040851,13.455674765407588,0.0,0.0,0.0,False,NONE
1472,818,2407,54.02026692,8.293415464071046,1431.0,21.044117647058822,0.0,0.0,0.0,1.6417416436192824,False,True,1166,PV+/PNN-,54.02026692,8.293415464071046,0.0,0.0,0.0,False,NONE
1473,819,656,109.62936522,11.814586030086609,3392.0,24.579710144927535,0.0,0.0,0.0,1.5714836289036476,False,True,1167,PV+/PNN-,109.62936522,11.814586030086609,0.0,0.0,0.0,False,NONE
1474,820,1599,85.00247883,10.403293586497956,3657.0,34.177570093457945,0.0,0.0,0.0,1.5372693680232177,False,True,1168,PV+/PNN-,85.00247883,10.403293586497956,0.0,0.0,0.0,False,NONE
1475,820,1632,98.50754556,11.199272407696524,9123.0,73.5725806451613,0.0,0.0,0.0,1.5061412250693809,False,True,1169,PV+/PNN-,98.50754556,11.199272407696524,0.0,0.0,0.0,False,NONE
1476,821,1778,143.78923989,13.53063732184699,14467.0,79.92817679558011,0.0,0.0,0.0,1.4919978538423877,False,True,1170,PV+/PNN-,143.78923989,13.53063732184699,0.0,0.0,0.0,False,NONE
1477,819,1044,96.12429849,11.062967867954534,4437.0,36.66942148760331,0.0,0.0,0.0,1.7576858429602988,False,True,1171,PV+/PNN-,96.12429849,11.062967867954534,0.0,0.0,0.0,False,NONE
1478,821,1566,115.19027505,12.11052490037406,3415.0,23.551724137931036,0.0,0.0,0.0,1.6445756553795228,False,True,1172,PV+/PNN-,115.19027505,12.11052490037406,0.0,0.0,0.0,False,NONE
1479,823,2229,146.17248696000001,13.642308849668991,4492.0,24.41304347826087,0.0,0.0,0.0,1.7963481164195054,False,True,1173,PV+/PNN-,146.17248696000001,13.642308849668991,0.0,0.0,0.0,False,NONE
1480,822,1126,91.35780435,10.78519212710641,4226.0,36.74782608695652,0.0,0.0,0.0,1.9145395322067966,False,True,1175,PV+/PNN-,91.35780435,10.78519212710641,0.0,0.0,0.0,False,NONE
1481,825,1848,131.07858885,12.91876320674319,9719.0,58.903030303030306,0.0,0.0,0.0,1.579816142613761,False,True,1176,PV+/PNN-,131.07858885,12.91876320674319,0.0,0.0,0.0,False,NONE
1482,823,2559,99.30196125,11.244340084382843,3153.0,25.224,0.0,0.0,0.0,1.5259502208997837,False,True,1177,PV+/PNN-,99.30196125,11.244340084382843,0.0,0.0,0.0,False,NONE
1483,822,2827,60.37559244,8.767701627645716,938.0,12.342105263157896,0.0,0.0,0.0,1.4209690290347001,False,True,1178,PV+/PNN-,60.37559244,8.767701627645716,0.0,0.0,0.0,False,NONE
1484,824,158,75.46949055,9.802588422925686,6605.0,69.52631578947368,0.0,0.0,0.0,1.833050047454763,False,True,1179,PV+/PNN-,75.46949055,9.802588422925686,0.0,0.0,0.0,False,NONE
1485,829,597,182.7156087,15.252564978953412,4073.0,17.708695652173912,0.0,0.0,0.0,1.9098441562847688,False,True,1180,PV+/PNN-,182.7156087,15.252564978953412,0.0,0.0,0.0,False,NONE
1486,832,969,436.13421381,23.56487487416117,25205.0,45.91074681238616,0.0,0.0,0.0,1.6251912673104931,False,True,1181,PV+/PNN-,436.13421381,23.56487487416117,0.0,0.0,0.0,False,NONE
1487,824,1535,110.42378091,11.857315232959936,4872.0,35.05035971223022,0.0,0.0,0.0,1.5257016024336965,False,True,1182,PV+/PNN-,110.42378091,11.857315232959936,0.0,0.0,0.0,False,NONE
1488,827,2264,132.66742023,12.996822909266468,3172.0,18.994011976047904,0.0,0.0,0.0,1.9347514385897167,False,True,1183,PV+/PNN-,132.66742023,12.996822909266468,0.0,0.0,0.0,False,NONE
1489,825,348,96.91871418,11.108588547554572,3312.0,27.147540983606557,0.0,0.0,0.0,1.5407904953149827,False,True,1184,PV+/PNN-,96.91871418,11.108588547554572,0.0,0.0,0.0,False,NONE
1490,824,1795,65.14208658,9.10722134683339,5590.0,68.17073170731707,0.0,0.0,0.0,1.4462258870812619,False,True,1185,PV+/PNN-,65.14208658,9.10722134683339,0.0,0.0,0.0,False,NONE
1491,824,1922,59.58117675,8.70982837718145,5960.0,79.46666666666667,0.0,0.0,0.0,1.510111152789477,False,True,1186,PV+/PNN-,59.58117675,8.70982837718145,0.0,0.0,0.0,False,NONE
1492,826,2777,119.1623535,12.317557416952052,2288.0,15.253333333333334,0.0,0.0,0.0,1.507861285160172,False,True,1187,PV+/PNN-,119.1623535,12.317557416952052,0.0,0.0,0.0,False,NONE
1493,826,388,108.04053384,11.728660627684029,2829.0,20.801470588235293,0.0,0.0,0.0,1.7256153853882241,False,True,1188,PV+/PNN-,108.04053384,11.728660627684029,0.0,0.0,0.0,False,NONE
1494,825,1884,65.93650227,9.1625849044734,8398.0,101.18072289156626,0.0,0.0,0.0,1.5296389195382876,False,True,1189,PV+/PNN-,65.93650227,9.1625849044734,0.0,0.0,0.0,False,NONE
1495,828,1298,149.35014972,13.789797556005714,11842.0,62.98936170212766,0.0,0.0,0.0,1.8202386511557533,False,True,1190,PV+/PNN-,149.35014972,13.789797556005714,0.0,0.0,0.0,False,NONE
1496,828,20,111.2181966,11.899891008124815,4530.0,32.357142857142854,0.0,0.0,0.0,1.6869186074867124,False,True,1191,PV+/PNN-,111.2181966,11.899891008124815,0.0,0.0,0.0,False,NONE
1497,830,757,119.95676919,12.358547737957586,4272.0,28.29139072847682,0.0,0.0,0.0,1.5296119922148697,False,True,1192,PV+/PNN-,119.95676919,12.358547737957586,0.0,0.0,0.0,False,NONE
1498,829,1176,78.64715331000001,10.006830950662698,7291.0,73.64646464646465,0.0,0.0,0.0,1.823074557806489,False,True,1193,PV+/PNN-,78.64715331000001,10.006830950662698,0.0,0.0,0.0,False,NONE
1499,831,1624,103.2740397,11.467021901548332,4112.0,31.630769230769232,0.0,0.0,0.0,1.5072382448935953,False,True,1194,PV+/PNN-,103.2740397,11.467021901548332,0.0,0.0,0.0,False,NONE
1500,830,2664,106.45170246,11.642101063659146,2812.0,20.98507462686567,0.0,0.0,0.0,1.5141273344083557,False,True,1195,PV+/PNN-,106.45170246,11.642101063659146,0.0,0.0,0.0,False,NONE
1501,830,118,103.2740397,11.467021901548332,10448.0,80.36923076923077,0.0,0.0,0.0,1.9859408497134006,False,True,1196,PV+/PNN-,103.2740397,11.467021901548332,0.0,0.0,0.0,False,NONE
1502,833,1384,137.43391437,13.228238528376714,12608.0,72.878612716763,0.0,0.0,0.0,1.904324375486258,False,True,1197,PV+/PNN-,137.43391437,13.228238528376714,0.0,0.0,0.0,False,NONE
1503,834,2082,107.24611815,11.68546099424064,6678.0,49.46666666666667,0.0,0.0,0.0,1.6564025457527272,False,True,1198,PV+/PNN-,107.24611815,11.68546099424064,0.0,0.0,0.0,False,NONE
1504,833,2584,109.62936522,11.814586030086609,4708.0,34.11594202898551,0.0,0.0,0.0,1.5939823051966968,False,True,1199,PV+/PNN-,109.62936522,11.814586030086609,0.0,0.0,0.0,False,NONE
1505,832,2740,113.60144367,12.026714032504808,1896.0,13.258741258741258,0.0,0.0,0.0,1.559488667249691,False,True,1200,PV+/PNN-,113.60144367,12.026714032504808,0.0,0.0,0.0,False,NONE
1506,836,641,161.26638507,14.329366305165495,4908.0,24.177339901477833,0.0,0.0,0.0,1.805435649328941,False,True,1201,PV+/PNN-,161.26638507,14.329366305165495,0.0,0.0,0.0,False,NONE
1507,834,2034,118.36793781,12.276430232296539,20659.0,138.6510067114094,0.0,0.0,0.0,2.591122719387436,False,True,1203,PV+/PNN-,118.36793781,12.276430232296539,0.0,0.0,0.0,False,NONE
1508,833,2687,68.31974934,9.326703948667076,1911.0,22.22093023255814,0.0,0.0,0.0,1.3860231046578582,False,True,1204,PV+/PNN-,68.31974934,9.326703948667076,0.0,0.0,0.0,False,NONE
1509,833,829,88.97455728,10.643586087602236,3073.0,27.4375,0.0,0.0,0.0,2.133356627073079,False,True,1205,PV+/PNN-,88.97455728,10.643586087602236,0.0,0.0,0.0,False,NONE
1510,841,2057,199.39833819,15.933670303416713,19752.0,78.69322709163346,0.0,0.0,0.0,2.89668216368998,False,True,1206,PV+/PNN-,199.39833819,15.933670303416713,0.0,0.0,0.0,False,NONE
1511,834,2191,115.98469074,12.152213577535832,3931.0,26.924657534246574,0.0,0.0,0.0,1.750736036748866,False,True,1207,PV+/PNN-,115.98469074,12.152213577535832,0.0,0.0,0.0,False,NONE
1512,837,341,131.07858885,12.91876320674319,5626.0,34.096969696969694,0.0,0.0,0.0,1.6170412252077153,False,True,1208,PV+/PNN-,131.07858885,12.91876320674319,0.0,0.0,0.0,False,NONE
1513,836,866,137.43391437,13.228238528376714,4780.0,27.63005780346821,0.0,0.0,0.0,1.498177750843522,False,True,1209,PV+/PNN-,137.43391437,13.228238528376714,0.0,0.0,0.0,False,NONE
1514,838,2216,151.73339679,13.899387074616612,5766.0,30.18848167539267,0.0,0.0,0.0,1.8771670440106571,False,True,1210,PV+/PNN-,151.73339679,13.899387074616612,0.0,0.0,0.0,False,NONE
1515,837,398,113.60144367,12.026714032504808,3008.0,21.034965034965033,0.0,0.0,0.0,1.6779607179396645,False,True,1212,PV+/PNN-,113.60144367,12.026714032504808,0.0,0.0,0.0,False,NONE
1516,837,810,80.23598469,10.107404643036364,2410.0,23.861386138613863,0.0,0.0,0.0,2.410476991753344,False,True,1213,PV+/PNN-,80.23598469,10.107404643036364,0.0,0.0,0.0,False,NONE
1517,836,1683,60.37559244,8.767701627645716,6912.0,90.94736842105263,0.0,0.0,0.0,1.5524086642204098,False,True,1214,PV+/PNN-,60.37559244,8.767701627645716,0.0,0.0,0.0,False,NONE
1518,838,2125,125.51767902,12.64175907426016,4965.0,31.424050632911392,0.0,0.0,0.0,1.7608774116446144,False,True,1215,PV+/PNN-,125.51767902,12.64175907426016,0.0,0.0,0.0,False,NONE
1519,840,582,132.66742023,12.996822909266468,5982.0,35.82035928143713,0.0,0.0,0.0,2.1938230224911184,False,True,1216,PV+/PNN-,132.66742023,12.996822909266468,0.0,0.0,0.0,False,NONE
1520,842,743,129.48975747,12.84022896403991,2274.0,13.950920245398773,0.0,0.0,0.0,1.6070680250305176,False,True,1217,PV+/PNN-,129.48975747,12.84022896403991,0.0,0.0,0.0,False,NONE
1521,840,764,92.94663573,10.878572156378345,3617.0,30.914529914529915,0.0,0.0,0.0,1.756050529129293,False,True,1218,PV+/PNN-,92.94663573,10.878572156378345,0.0,0.0,0.0,False,NONE
1522,838,1728,95.32988280000001,11.017158280424603,8323.0,69.35833333333333,0.0,0.0,0.0,1.6604023104270471,False,True,1219,PV+/PNN-,95.32988280000001,11.017158280424603,0.0,0.0,0.0,False,NONE
1523,839,2410,123.92884764,12.56149312576761,7620.0,48.84615384615385,0.0,0.0,0.0,1.5151993149665204,False,True,1220,PV+/PNN-,123.92884764,12.56149312576761,0.0,0.0,0.0,False,NONE
1524,837,2545,49.25377278,7.919081463837606,1775.0,28.629032258064516,0.0,0.0,0.0,1.5360789798141643,False,True,1221,PV+/PNN-,49.25377278,7.919081463837606,0.0,0.0,0.0,False,NONE
1525,841,197,157.29430662000001,14.151796046802042,31130.0,157.22222222222223,0.0,0.0,0.0,2.098853786913716,False,True,1222,PV+/PNN-,157.29430662000001,14.151796046802042,0.0,0.0,0.0,False,NONE
1526,839,1897,61.96442382,8.88231697105848,9740.0,124.87179487179488,0.0,0.0,0.0,1.89075414231973,False,True,1224,PV+/PNN-,61.96442382,8.88231697105848,0.0,0.0,0.0,False,NONE
1527,841,1452,123.92884764,12.56149312576761,5143.0,32.967948717948715,0.0,0.0,0.0,1.7704727575222734,False,True,1225,PV+/PNN-,123.92884764,12.56149312576761,0.0,0.0,0.0,False,NONE
1528,839,2697,81.03040038,10.157318055940708,1713.0,16.794117647058822,0.0,0.0,0.0,1.4816040064746365,False,True,1226,PV+/PNN-,81.03040038,10.157318055940708,0.0,0.0,0.0,False,NONE
1529,841,1226,66.73091796,9.217615939230159,3324.0,39.57142857142857,0.0,0.0,0.0,1.7219522605716038,False,True,1228,PV+/PNN-,66.73091796,9.217615939230159,0.0,0.0,0.0,False,NONE
1530,843,1474,100.89079263,11.333937836259333,5234.0,41.21259842519685,0.0,0.0,0.0,2.317186503252649,False,True,1229,PV+/PNN-,100.89079263,11.333937836259333,0.0,0.0,0.0,False,NONE
1531,842,2428,108.83494953,11.77170172875832,6093.0,44.47445255474452,0.0,0.0,0.0,1.5686668317606425,False,True,1231,PV+/PNN-,108.83494953,11.77170172875832,0.0,0.0,0.0,False,NONE
1532,842,1570,104.86287108,11.554893086200376,2897.0,21.946969696969695,0.0,0.0,0.0,1.5789980089303772,False,True,1233,PV+/PNN-,104.86287108,11.554893086200376,0.0,0.0,0.0,False,NONE
1533,843,2750,102.47962401,11.422832828117684,1950.0,15.116279069767442,0.0,0.0,0.0,1.4964235860028217,False,True,1234,PV+/PNN-,102.47962401,11.422832828117684,0.0,0.0,0.0,False,NONE
1534,843,458,85.00247883,10.403293586497956,2499.0,23.35514018691589,0.0,0.0,0.0,1.7132636863155764,False,True,1235,PV+/PNN-,85.00247883,10.403293586497956,0.0,0.0,0.0,False,NONE
1535,844,2178,80.23598469,10.107404643036364,3759.0,37.21782178217822,0.0,0.0,0.0,1.60119292271722,False,True,1236,PV+/PNN-,80.23598469,10.107404643036364,0.0,0.0,0.0,False,NONE
1536,845,2280,100.09637694,11.289227848029503,3598.0,28.555555555555557,0.0,0.0,0.0,1.7334694401025694,False,True,1237,PV+/PNN-,100.09637694,11.289227848029503,0.0,0.0,0.0,False,NONE
1537,841,2715,39.7207845,7.111545090435939,898.0,17.96,0.0,0.0,0.0,1.426866050505194,False,True,1238,PV+/PNN-,39.7207845,7.111545090435939,0.0,0.0,0.0,False,NONE
1538,845,1201,115.98469074,12.152213577535832,10437.0,71.48630136986301,0.0,0.0,0.0,2.2620415705867973,False,True,1239,PV+/PNN-,115.98469074,12.152213577535832,0.0,0.0,0.0,False,NONE
1539,844,1799,88.18014159,10.595963539609496,5804.0,52.288288288288285,0.0,0.0,0.0,1.4982902266506424,False,True,1240,PV+/PNN-,88.18014159,10.595963539609496,0.0,0.0,0.0,False,NONE
1540,842,1819,29.39338053,6.1175824019170015,2517.0,68.02702702702703,0.0,0.0,0.0,1.4356587764294506,False,True,1241,PV+/PNN-,29.39338053,6.1175824019170015,0.0,0.0,0.0,False,NONE
1541,845,2368,78.64715331000001,10.006830950662698,2172.0,21.939393939393938,0.0,0.0,0.0,1.661493155338225,False,True,1242,PV+/PNN-,78.64715331000001,10.006830950662698,0.0,0.0,0.0,False,NONE
1542,848,328,161.26638507,14.329366305165495,9686.0,47.714285714285715,0.0,0.0,0.0,1.8051031565758417,False,True,1243,PV+/PNN-,161.26638507,14.329366305165495,0.0,0.0,0.0,False,NONE
1543,851,492,181.12677732,15.186104684686724,5204.0,22.82456140350877,0.0,0.0,0.0,1.8152879345918294,False,True,1244,PV+/PNN-,181.12677732,15.186104684686724,0.0,0.0,0.0,False,NONE
1544,849,1771,124.72326333,12.60169000650996,6537.0,41.63694267515923,0.0,0.0,0.0,1.4892117454609526,False,True,1245,PV+/PNN-,124.72326333,12.60169000650996,0.0,0.0,0.0,False,NONE
1545,849,449,123.92884764,12.56149312576761,4356.0,27.923076923076923,0.0,0.0,0.0,1.6791800517947075,False,True,1247,PV+/PNN-,123.92884764,12.56149312576761,0.0,0.0,0.0,False,NONE
1546,848,669,78.64715331000001,10.006830950662698,2206.0,22.282828282828284,0.0,0.0,0.0,1.6819464974228155,False,True,1248,PV+/PNN-,78.64715331000001,10.006830950662698,0.0,0.0,0.0,False,NONE
1547,848,1266,80.23598469,10.107404643036364,4986.0,49.366336633663366,0.0,0.0,0.0,1.742867755612066,False,True,1249,PV+/PNN-,80.23598469,10.107404643036364,0.0,0.0,0.0,False,NONE
1548,852,1540,139.81716144,13.342441267550265,5462.0,31.03409090909091,0.0,0.0,0.0,1.3403330734808134,False,True,1250,PV+/PNN-,139.81716144,13.342441267550265,0.0,0.0,0.0,False,NONE
1549,850,1951,131.87300454,12.957851838301272,9978.0,60.10843373493976,0.0,0.0,0.0,1.541430394462958,False,True,1251,PV+/PNN-,131.87300454,12.957851838301272,0.0,0.0,0.0,False,NONE
1550,849,1009,116.77910643,12.193759728054031,5408.0,36.7891156462585,0.0,0.0,0.0,1.6575555391409877,False,True,1252,PV+/PNN-,116.77910643,12.193759728054031,0.0,0.0,0.0,False,NONE
1551,849,1320,135.05066730000001,13.113041224263421,12033.0,70.78235294117647,0.0,0.0,0.0,2.046320781430177,False,True,1253,PV+/PNN-,135.05066730000001,13.113041224263421,0.0,0.0,0.0,False,NONE
1552,849,2105,103.2740397,11.467021901548332,7031.0,54.08461538461538,0.0,0.0,0.0,1.7995479699625219,False,True,1254,PV+/PNN-,103.2740397,11.467021901548332,0.0,0.0,0.0,False,NONE
1553,852,843,142.9948242,13.493208101259413,6434.0,35.74444444444445,0.0,0.0,0.0,2.3304878860217024,False,True,1256,PV+/PNN-,142.9948242,13.493208101259413,0.0,0.0,0.0,False,NONE
1554,854,368,167.62171059,14.608990056788349,11063.0,52.43127962085308,0.0,0.0,0.0,1.8076780056685628,False,True,1257,PV+/PNN-,167.62171059,14.608990056788349,0.0,0.0,0.0,False,NONE
1555,855,388,188.27651853,15.482929591568213,5404.0,22.80168776371308,0.0,0.0,0.0,1.7885023686120298,False,True,1258,PV+/PNN-,188.27651853,15.482929591568213,0.0,0.0,0.0,False,NONE
1556,854,1350,142.20040851,13.455674765407588,10172.0,56.8268156424581,0.0,0.0,0.0,1.9954691889857685,False,True,1259,PV+/PNN-,142.20040851,13.455674765407588,0.0,0.0,0.0,False,NONE
1557,851,1859,138.22833006,13.266415342325757,11508.0,66.13793103448276,0.0,0.0,0.0,1.6024488235618475,False,True,1260,PV+/PNN-,138.22833006,13.266415342325757,0.0,0.0,0.0,False,NONE
1558,852,1391,108.04053384,11.728660627684029,16021.0,117.80147058823529,0.0,0.0,0.0,1.9683033127551615,False,True,1261,PV+/PNN-,108.04053384,11.728660627684029,0.0,0.0,0.0,False,NONE
1559,853,1635,108.83494953,11.77170172875832,6999.0,51.08759124087591,0.0,0.0,0.0,1.571622862222503,False,True,1262,PV+/PNN-,108.83494953,11.77170172875832,0.0,0.0,0.0,False,NONE
1560,856,580,115.19027505,12.11052490037406,3633.0,25.055172413793102,0.0,0.0,0.0,1.6566783915923353,False,True,1263,PV+/PNN-,115.19027505,12.11052490037406,0.0,0.0,0.0,False,NONE
1561,853,1660,102.47962401,11.422832828117684,4420.0,34.263565891472865,0.0,0.0,0.0,1.607870517407927,False,True,1264,PV+/PNN-,102.47962401,11.422832828117684,0.0,0.0,0.0,False,NONE
1562,856,536,116.77910643,12.193759728054031,3168.0,21.551020408163264,0.0,0.0,0.0,1.9142241115453678,False,True,1266,PV+/PNN-,116.77910643,12.193759728054031,0.0,0.0,0.0,False,NONE
1563,853,1612,83.41364745,10.305607915302103,6002.0,57.161904761904765,0.0,0.0,0.0,1.5176964207968477,False,True,1267,PV+/PNN-,83.41364745,10.305607915302103,0.0,0.0,0.0,False,NONE
1564,854,2294,63.5532552,8.995472067506276,4183.0,52.2875,0.0,0.0,0.0,1.6620897111490258,False,True,1269,PV+/PNN-,63.5532552,8.995472067506276,0.0,0.0,0.0,False,NONE
1565,854,2748,119.1623535,12.317557416952052,1966.0,13.106666666666667,0.0,0.0,0.0,1.6320539782978047,False,True,1270,PV+/PNN-,119.1623535,12.317557416952052,0.0,0.0,0.0,False,NONE
1566,855,2681,70.70299641,9.487984557348323,3062.0,34.40449438202247,0.0,0.0,0.0,1.5979116050378133,False,True,1272,PV+/PNN-,70.70299641,9.487984557348323,0.0,0.0,0.0,False,NONE
1567,857,818,81.82481607,10.206987389088184,2771.0,26.902912621359224,0.0,0.0,0.0,1.4757384178237074,False,True,1273,PV+/PNN-,81.82481607,10.206987389088184,0.0,0.0,0.0,False,NONE
1568,856,1457,112.80702798,11.984588810142046,4757.0,33.5,0.0,0.0,0.0,1.7140188742127367,False,True,1274,PV+/PNN-,112.80702798,11.984588810142046,0.0,0.0,0.0,False,NONE
1569,857,1904,96.91871418,11.108588547554572,6584.0,53.967213114754095,0.0,0.0,0.0,1.6104995087475455,False,True,1275,PV+/PNN-,96.91871418,11.108588547554572,0.0,0.0,0.0,False,NONE
1570,856,1964,56.40351399,8.474384017383858,4442.0,62.563380281690144,0.0,0.0,0.0,1.5410008846915395,False,True,1276,PV+/PNN-,56.40351399,8.474384017383858,0.0,0.0,0.0,False,NONE
1571,858,2130,109.62936522,11.814586030086609,10502.0,76.10144927536231,0.0,0.0,0.0,1.7143013131986566,False,True,1277,PV+/PNN-,109.62936522,11.814586030086609,0.0,0.0,0.0,False,NONE
1572,862,134,227.20288734,17.008342095551114,25119.0,87.82867132867133,0.0,0.0,0.0,1.9925488525407296,False,True,1278,PV+/PNN-,227.20288734,17.008342095551114,0.0,0.0,0.0,False,NONE
1573,860,633,119.1623535,12.317557416952052,3122.0,20.813333333333333,0.0,0.0,0.0,1.6698517544701277,False,True,1279,PV+/PNN-,119.1623535,12.317557416952052,0.0,0.0,0.0,False,NONE
1574,861,1030,185.09885577,15.351715957885437,7340.0,31.50214592274678,0.0,0.0,0.0,1.5648650128976775,False,True,1280,PV+/PNN-,185.09885577,15.351715957885437,0.0,0.0,0.0,False,NONE
1575,860,2191,103.2740397,11.467021901548332,5820.0,44.76923076923077,0.0,0.0,0.0,1.7284175395283425,False,True,1281,PV+/PNN-,103.2740397,11.467021901548332,0.0,0.0,0.0,False,NONE
1576,860,1783,68.31974934,9.326703948667076,2852.0,33.16279069767442,0.0,0.0,0.0,1.5406361010438143,False,True,1282,PV+/PNN-,68.31974934,9.326703948667076,0.0,0.0,0.0,False,NONE
1577,862,2170,124.72326333,12.60169000650996,5989.0,38.146496815286625,0.0,0.0,0.0,1.7372703993671217,False,True,1283,PV+/PNN-,124.72326333,12.60169000650996,0.0,0.0,0.0,False,NONE
1578,863,408,133.46183592,13.035677474005707,3356.0,19.976190476190474,0.0,0.0,0.0,1.6134764998729725,False,True,1284,PV+/PNN-,133.46183592,13.035677474005707,0.0,0.0,0.0,False,NONE
1579,866,710,154.11664386,14.008119269352957,5111.0,26.34536082474227,0.0,0.0,0.0,1.6940111577967674,False,True,1285,PV+/PNN-,154.11664386,14.008119269352957,0.0,0.0,0.0,False,NONE
1580,860,860,62.75883951,8.93907356753593,1825.0,23.10126582278481,0.0,0.0,0.0,1.6241765936615293,False,True,1286,PV+/PNN-,62.75883951,8.93907356753593,0.0,0.0,0.0,False,NONE
1581,861,2449,112.80702798,11.984588810142046,4009.0,28.232394366197184,0.0,0.0,0.0,1.492993145840878,False,True,1289,PV+/PNN-,112.80702798,11.984588810142046,0.0,0.0,0.0,False,NONE
1582,862,1876,98.50754556,11.199272407696524,5906.0,47.62903225806452,0.0,0.0,0.0,1.5932328752360236,False,True,1290,PV+/PNN-,98.50754556,11.199272407696524,0.0,0.0,0.0,False,NONE
1583,862,1679,60.37559244,8.767701627645716,1596.0,21.0,0.0,0.0,0.0,1.4991223256316084,False,True,1292,PV+/PNN-,60.37559244,8.767701627645716,0.0,0.0,0.0,False,NONE
1584,864,732,96.12429849,11.062967867954534,3220.0,26.611570247933884,0.0,0.0,0.0,1.5083410090017924,False,True,1294,PV+/PNN-,96.12429849,11.062967867954534,0.0,0.0,0.0,False,NONE
1585,865,1860,125.51767902,12.64175907426016,10032.0,63.49367088607595,0.0,0.0,0.0,1.5694962664682954,False,True,1295,PV+/PNN-,125.51767902,12.64175907426016,0.0,0.0,0.0,False,NONE
1586,866,2151,115.19027505,12.11052490037406,7003.0,48.296551724137935,0.0,0.0,0.0,1.6334038988753876,False,True,1296,PV+/PNN-,115.19027505,12.11052490037406,0.0,0.0,0.0,False,NONE
1587,866,2769,131.07858885,12.91876320674319,2304.0,13.963636363636363,0.0,0.0,0.0,1.4018720664778246,False,True,1297,PV+/PNN-,131.07858885,12.91876320674319,0.0,0.0,0.0,False,NONE
1588,868,473,116.77910643,12.193759728054031,3696.0,25.142857142857142,0.0,0.0,0.0,1.6754626488436188,False,True,1298,PV+/PNN-,116.77910643,12.193759728054031,0.0,0.0,0.0,False,NONE
1589,865,671,110.42378091,11.857315232959936,3199.0,23.014388489208635,0.0,0.0,0.0,1.6611792431335697,False,True,1299,PV+/PNN-,110.42378091,11.857315232959936,0.0,0.0,0.0,False,NONE
1590,864,2264,58.78676106,8.651568001725998,2215.0,29.93243243243243,0.0,0.0,0.0,1.5980140891387533,False,True,1300,PV+/PNN-,58.78676106,8.651568001725998,0.0,0.0,0.0,False,NONE
1591,868,1534,106.45170246,11.642101063659146,2924.0,21.82089552238806,0.0,0.0,0.0,1.6602008297438258,False,True,1301,PV+/PNN-,106.45170246,11.642101063659146,0.0,0.0,0.0,False,NONE
1592,867,2076,142.20040851,13.455674765407588,12034.0,67.22905027932961,0.0,0.0,0.0,1.725108000682141,False,True,1302,PV+/PNN-,142.20040851,13.455674765407588,0.0,0.0,0.0,False,NONE
1593,867,175,89.76897297000001,10.690996505268625,6285.0,55.61946902654867,0.0,0.0,0.0,1.7519102009074499,False,True,1303,PV+/PNN-,89.76897297000001,10.690996505268625,0.0,0.0,0.0,False,NONE
1594,867,1316,171.59378904,14.781068900342463,27948.0,129.38888888888889,0.0,0.0,0.0,2.8976420175756563,False,True,1304,PV+/PNN-,171.59378904,14.781068900342463,0.0,0.0,0.0,False,NONE
1595,867,2338,69.90858072,9.434530697868027,2328.0,26.454545454545453,0.0,0.0,0.0,1.5378356579851393,False,True,1305,PV+/PNN-,69.90858072,9.434530697868027,0.0,0.0,0.0,False,NONE
1596,866,2736,90.56338866,10.738197602350779,1642.0,14.403508771929825,0.0,0.0,0.0,1.3978782823128861,False,True,1306,PV+/PNN-,90.56338866,10.738197602350779,0.0,0.0,0.0,False,NONE
1597,869,446,88.97455728,10.643586087602236,2954.0,26.375,0.0,0.0,0.0,1.56506416963525,False,True,1307,PV+/PNN-,88.97455728,10.643586087602236,0.0,0.0,0.0,False,NONE
1598,870,939,140.61157713,13.380292240810528,5045.0,28.502824858757062,0.0,0.0,0.0,1.7773954271509038,False,True,1308,PV+/PNN-,140.61157713,13.380292240810528,0.0,0.0,0.0,False,NONE
1599,867,1243,84.20806314000001,10.354565948189398,4988.0,47.056603773584904,0.0,0.0,0.0,2.1751550438789664,False,True,1309,PV+/PNN-,84.20806314000001,10.354565948189398,0.0,0.0,0.0,False,NONE
1600,869,2676,97.71312987,11.154022637162193,2394.0,19.463414634146343,0.0,0.0,0.0,1.522776261297857,False,True,1310,PV+/PNN-,97.71312987,11.154022637162193,0.0,0.0,0.0,False,NONE
1601,869,2714,103.2740397,11.467021901548332,1837.0,14.13076923076923,0.0,0.0,0.0,1.6193854928774107,False,True,1311,PV+/PNN-,103.2740397,11.467021901548332,0.0,0.0,0.0,False,NONE
1602,869,1639,65.14208658,9.10722134683339,2509.0,30.597560975609756,0.0,0.0,0.0,1.4750351677004108,False,True,1314,PV+/PNN-,65.14208658,9.10722134683339,0.0,0.0,0.0,False,NONE
1603,870,1882,93.74105142,10.924962866435578,5194.0,44.016949152542374,0.0,0.0,0.0,1.6016006852679248,False,True,1315,PV+/PNN-,93.74105142,10.924962866435578,0.0,0.0,0.0,False,NONE
1604,876,365,202.57600095,16.06012998776311,6143.0,24.090196078431372,0.0,0.0,0.0,1.778189498078894,False,True,1316,PV+/PNN-,202.57600095,16.06012998776311,0.0,0.0,0.0,False,NONE
1605,871,307,82.61923176,10.256416188536388,8781.0,84.4326923076923,0.0,0.0,0.0,1.6173086919888215,False,True,1317,PV+/PNN-,82.61923176,10.256416188536388,0.0,0.0,0.0,False,NONE
1606,875,814,124.72326333,12.60169000650996,3727.0,23.738853503184714,0.0,0.0,0.0,1.4930809445686744,False,True,1318,PV+/PNN-,124.72326333,12.60169000650996,0.0,0.0,0.0,False,NONE
1607,875,380,137.43391437,13.228238528376714,4367.0,25.24277456647399,0.0,0.0,0.0,1.71627185571892,False,True,1319,PV+/PNN-,137.43391437,13.228238528376714,0.0,0.0,0.0,False,NONE
1608,875,499,120.75118488,12.39940255265723,2578.0,16.960526315789473,0.0,0.0,0.0,1.650988390609692,False,True,1320,PV+/PNN-,120.75118488,12.39940255265723,0.0,0.0,0.0,False,NONE
1609,874,1446,157.29430662000001,14.151796046802042,7873.0,39.76262626262626,0.0,0.0,0.0,1.8564816832113202,False,True,1322,PV+/PNN-,157.29430662000001,14.151796046802042,0.0,0.0,0.0,False,NONE
1610,873,1929,94.53546711,10.971157418634661,6745.0,56.680672268907564,0.0,0.0,0.0,1.598918532859823,False,True,1323,PV+/PNN-,94.53546711,10.971157418634661,0.0,0.0,0.0,False,NONE
1611,873,565,75.46949055,9.802588422925686,2031.0,21.378947368421052,0.0,0.0,0.0,1.684558783920637,False,True,1324,PV+/PNN-,75.46949055,9.802588422925686,0.0,0.0,0.0,False,NONE
1612,874,1953,77.85273762,9.956163126610313,4621.0,47.1530612244898,0.0,0.0,0.0,1.5379452294605922,False,True,1325,PV+/PNN-,77.85273762,9.956163126610313,0.0,0.0,0.0,False,NONE
1613,876,2722,115.98469074,12.152213577535832,2211.0,15.143835616438356,0.0,0.0,0.0,1.4456170020897026,False,True,1326,PV+/PNN-,115.98469074,12.152213577535832,0.0,0.0,0.0,False,NONE
1614,875,2751,82.61923176,10.256416188536388,1382.0,13.288461538461538,0.0,0.0,0.0,1.4018405997976946,False,True,1328,PV+/PNN-,82.61923176,10.256416188536388,0.0,0.0,0.0,False,NONE
1615,877,2806,122.34001626,12.48071098158173,2295.0,14.902597402597403,0.0,0.0,0.0,1.5445195179877822,False,True,1329,PV+/PNN-,122.34001626,12.48071098158173,0.0,0.0,0.0,False,NONE
1616,879,672,101.68520832,11.378472144697502,5143.0,40.1796875,0.0,0.0,0.0,1.5666461078121052,False,True,1331,PV+/PNN-,101.68520832,11.378472144697502,0.0,0.0,0.0,False,NONE
1617,877,1776,90.56338866,10.738197602350779,7723.0,67.74561403508773,0.0,0.0,0.0,1.5026747482041953,False,True,1332,PV+/PNN-,90.56338866,10.738197602350779,0.0,0.0,0.0,False,NONE
1618,877,1793,57.19792968,8.533854108523126,6642.0,92.25,0.0,0.0,0.0,1.5767822302045467,False,True,1333,PV+/PNN-,57.19792968,8.533854108523126,0.0,0.0,0.0,False,NONE
1619,881,2161,112.01261229,11.942314996545514,11355.0,80.53191489361703,0.0,0.0,0.0,1.4935291496662593,False,True,1334,PV+/PNN-,112.01261229,11.942314996545514,0.0,0.0,0.0,False,NONE
1620,880,2216,108.83494953,11.77170172875832,10244.0,74.77372262773723,0.0,0.0,0.0,1.6755766001312642,False,True,1335,PV+/PNN-,108.83494953,11.77170172875832,0.0,0.0,0.0,False,NONE
1621,879,1821,69.90858072,9.434530697868027,10151.0,115.35227272727273,0.0,0.0,0.0,1.4849126353412616,False,True,1337,PV+/PNN-,69.90858072,9.434530697868027,0.0,0.0,0.0,False,NONE
1622,880,2129,105.65728677,11.598579038183399,8844.0,66.49624060150376,0.0,0.0,0.0,1.5676333323886387,False,True,1338,PV+/PNN-,105.65728677,11.598579038183399,0.0,0.0,0.0,False,NONE
1623,881,2649,96.91871418,11.108588547554572,3784.0,31.016393442622952,0.0,0.0,0.0,1.500956773353518,False,True,1339,PV+/PNN-,96.91871418,11.108588547554572,0.0,0.0,0.0,False,NONE
1624,882,2827,102.47962401,11.422832828117684,1778.0,13.782945736434108,0.0,0.0,0.0,1.3839302045375745,False,True,1340,PV+/PNN-,102.47962401,11.422832828117684,0.0,0.0,0.0,False,NONE
1625,884,488,189.07093422,15.515559616363333,5302.0,22.277310924369747,0.0,0.0,0.0,1.740433316098037,False,True,1341,PV+/PNN-,189.07093422,15.515559616363333,0.0,0.0,0.0,False,NONE
1626,883,741,69.11416503,9.380772250595795,2504.0,28.7816091954023,0.0,0.0,0.0,1.7122268475434506,False,True,1343,PV+/PNN-,69.11416503,9.380772250595795,0.0,0.0,0.0,False,NONE
1627,882,1709,83.41364745,10.305607915302103,7299.0,69.51428571428572,0.0,0.0,0.0,1.3942751108464053,False,True,1344,PV+/PNN-,83.41364745,10.305607915302103,0.0,0.0,0.0,False,NONE
1628,884,2506,97.71312987,11.154022637162193,4023.0,32.707317073170735,0.0,0.0,0.0,1.4997288368025379,False,True,1345,PV+/PNN-,97.71312987,11.154022637162193,0.0,0.0,0.0,False,NONE
1629,886,1934,129.48975747,12.84022896403991,8323.0,51.061349693251536,0.0,0.0,0.0,1.6012708200961123,False,True,1346,PV+/PNN-,129.48975747,12.84022896403991,0.0,0.0,0.0,False,NONE
1630,885,2187,100.09637694,11.289227848029503,8323.0,66.05555555555556,0.0,0.0,0.0,1.5534800297581741,False,True,1347,PV+/PNN-,100.09637694,11.289227848029503,0.0,0.0,0.0,False,NONE
1631,884,339,57.19792968,8.533854108523126,1580.0,21.944444444444443,0.0,0.0,0.0,1.5477214399926913,False,True,1348,PV+/PNN-,57.19792968,8.533854108523126,0.0,0.0,0.0,False,NONE
1632,888,1194,135.84508299,13.151552441468574,14937.0,87.35087719298245,0.0,0.0,0.0,2.153557506225923,False,True,1349,PV+/PNN-,135.84508299,13.151552441468574,0.0,0.0,0.0,False,NONE
1633,886,1861,104.06845539,11.51104134134072,6080.0,46.412213740458014,0.0,0.0,0.0,1.4035052111969453,False,True,1350,PV+/PNN-,104.06845539,11.51104134134072,0.0,0.0,0.0,False,NONE
1634,884,2306,76.26390624,9.854045933561641,4026.0,41.9375,0.0,0.0,0.0,1.6691205474906037,False,True,1351,PV+/PNN-,76.26390624,9.854045933561641,0.0,0.0,0.0,False,NONE
1635,888,301,165.23846352,14.504762875171126,7377.0,35.46634615384615,0.0,0.0,0.0,1.548190162415463,False,True,1352,PV+/PNN-,165.23846352,14.504762875171126,0.0,0.0,0.0,False,NONE
1636,885,1829,77.85273762,9.956163126610313,6381.0,65.11224489795919,0.0,0.0,0.0,1.4380786561189955,False,True,1353,PV+/PNN-,77.85273762,9.956163126610313,0.0,0.0,0.0,False,NONE
1637,887,2758,92.15222004,10.83198276817611,1502.0,12.948275862068966,0.0,0.0,0.0,1.4034519108319445,False,True,1354,PV+/PNN-,92.15222004,10.83198276817611,0.0,0.0,0.0,False,NONE
1638,887,2607,59.58117675,8.70982837718145,3071.0,40.946666666666665,0.0,0.0,0.0,1.3463207893760771,False,True,1355,PV+/PNN-,59.58117675,8.70982837718145,0.0,0.0,0.0,False,NONE
1639,889,184,140.61157713,13.380292240810528,8662.0,48.93785310734463,0.0,0.0,0.0,1.6141846906521726,False,True,1356,PV+/PNN-,140.61157713,13.380292240810528,0.0,0.0,0.0,False,NONE
1640,890,2441,127.90092609,12.761211420003875,4373.0,27.161490683229815,0.0,0.0,0.0,1.688658411957821,False,True,1358,PV+/PNN-,127.90092609,12.761211420003875,0.0,0.0,0.0,False,NONE
1641,890,389,131.87300454,12.957851838301272,5241.0,31.572289156626507,0.0,0.0,0.0,1.5739586011517042,False,True,1359,PV+/PNN-,131.87300454,12.957851838301272,0.0,0.0,0.0,False,NONE
1642,889,1057,98.50754556,11.199272407696524,2389.0,19.266129032258064,0.0,0.0,0.0,1.557851892355825,False,True,1360,PV+/PNN-,98.50754556,11.199272407696524,0.0,0.0,0.0,False,NONE
1643,891,2065,100.09637694,11.289227848029503,8398.0,66.65079365079364,0.0,0.0,0.0,1.67829411490771,False,True,1361,PV+/PNN-,100.09637694,11.289227848029503,0.0,0.0,0.0,False,NONE
1644,894,456,178.74353025,15.085865274483455,3780.0,16.8,0.0,0.0,0.0,1.6838009337718183,False,True,1362,PV+/PNN-,178.74353025,15.085865274483455,0.0,0.0,0.0,False,NONE
1645,893,1357,139.02274575,13.304482609502793,6243.0,35.674285714285716,0.0,0.0,0.0,1.8235498545177882,False,True,1363,PV+/PNN-,139.02274575,13.304482609502793,0.0,0.0,0.0,False,NONE
1646,892,372,129.48975747,12.84022896403991,5099.0,31.282208588957054,0.0,0.0,0.0,1.6704231932422333,False,True,1364,PV+/PNN-,129.48975747,12.84022896403991,0.0,0.0,0.0,False,NONE
1647,895,525,152.52781248,13.93572540349032,4447.0,23.161458333333332,0.0,0.0,0.0,1.671581340210156,False,True,1365,PV+/PNN-,152.52781248,13.93572540349032,0.0,0.0,0.0,False,NONE
1648,890,2081,57.99234537,8.592912627102823,4652.0,63.726027397260275,0.0,0.0,0.0,1.574599139468349,False,True,1367,PV+/PNN-,57.99234537,8.592912627102823,0.0,0.0,0.0,False,NONE
1649,890,614,50.04818847,7.982689565701676,1671.0,26.523809523809526,0.0,0.0,0.0,1.6252615207883794,False,True,1368,PV+/PNN-,50.04818847,7.982689565701676,0.0,0.0,0.0,False,NONE
1650,891,1781,61.17000813,8.825195369105852,3157.0,41.0,0.0,0.0,0.0,1.4025148858004832,False,True,1369,PV+/PNN-,61.17000813,8.825195369105852,0.0,0.0,0.0,False,NONE
1651,892,2841,138.22833006,13.266415342325757,2148.0,12.344827586206897,0.0,0.0,0.0,1.367764355332625,False,True,1370,PV+/PNN-,138.22833006,13.266415342325757,0.0,0.0,0.0,False,NONE
1652,897,2282,93.74105142,10.924962866435578,9503.0,80.53389830508475,0.0,0.0,0.0,2.1593009238880057,False,True,1371,PV+/PNN-,93.74105142,10.924962866435578,0.0,0.0,0.0,False,NONE
1653,894,2347,101.68520832,11.378472144697502,5715.0,44.6484375,0.0,0.0,0.0,1.6504888311854222,False,True,1372,PV+/PNN-,101.68520832,11.378472144697502,0.0,0.0,0.0,False,NONE
1654,894,2707,124.72326333,12.60169000650996,2922.0,18.611464968152866,0.0,0.0,0.0,1.4273045597374026,False,True,1373,PV+/PNN-,124.72326333,12.60169000650996,0.0,0.0,0.0,False,NONE
1655,894,2270,78.64715331000001,10.006830950662698,4881.0,49.303030303030305,0.0,0.0,0.0,1.5830886773472952,False,True,1374,PV+/PNN-,78.64715331000001,10.006830950662698,0.0,0.0,0.0,False,NONE
1656,898,693,145.37807127,13.6051868520168,4557.0,24.901639344262296,0.0,0.0,0.0,1.739774689742854,False,True,1375,PV+/PNN-,145.37807127,13.6051868520168,0.0,0.0,0.0,False,NONE
1657,896,856,139.02274575,13.304482609502793,3523.0,20.13142857142857,0.0,0.0,0.0,1.6241473006291045,False,True,1376,PV+/PNN-,139.02274575,13.304482609502793,0.0,0.0,0.0,False,NONE
1658,895,1759,99.30196125,11.244340084382843,2982.0,23.856,0.0,0.0,0.0,1.3456008317346995,False,True,1377,PV+/PNN-,99.30196125,11.244340084382843,0.0,0.0,0.0,False,NONE
1659,898,409,135.84508299,13.151552441468574,4536.0,26.526315789473685,0.0,0.0,0.0,1.683453585786943,False,True,1378,PV+/PNN-,135.84508299,13.151552441468574,0.0,0.0,0.0,False,NONE
1660,896,1743,91.35780435,10.78519212710641,3176.0,27.617391304347827,0.0,0.0,0.0,1.3880705069494401,False,True,1379,PV+/PNN-,91.35780435,10.78519212710641,0.0,0.0,0.0,False,NONE
1661,896,1998,84.20806314000001,10.354565948189398,4104.0,38.716981132075475,0.0,0.0,0.0,1.6447381376871693,False,True,1380,PV+/PNN-,84.20806314000001,10.354565948189398,0.0,0.0,0.0,False,NONE
1662,899,572,135.84508299,13.151552441468574,3590.0,20.994152046783626,0.0,0.0,0.0,1.6795064495951801,False,True,1381,PV+/PNN-,135.84508299,13.151552441468574,0.0,0.0,0.0,False,NONE
1663,898,603,123.92884764,12.56149312576761,3065.0,19.647435897435898,0.0,0.0,0.0,1.8734474682481534,False,True,1382,PV+/PNN-,123.92884764,12.56149312576761,0.0,0.0,0.0,False,NONE
1664,898,1297,115.98469074,12.152213577535832,9043.0,61.93835616438356,0.0,0.0,0.0,1.8394979377406226,False,True,1383,PV+/PNN-,115.98469074,12.152213577535832,0.0,0.0,0.0,False,NONE
1665,900,945,191.45418129,15.613040531021587,9627.0,39.946058091286304,0.0,0.0,0.0,1.5666920562238809,False,True,1384,PV+/PNN-,191.45418129,15.613040531021587,0.0,0.0,0.0,False,NONE
1666,900,1612,141.40599282,13.418036440588484,7077.0,39.758426966292134,0.0,0.0,0.0,1.637726678253041,False,True,1385,PV+/PNN-,141.40599282,13.418036440588484,0.0,0.0,0.0,False,NONE
1667,897,2177,88.18014159,10.595963539609496,11361.0,102.35135135135135,0.0,0.0,0.0,1.5980140891387533,False,True,1386,PV+/PNN-,88.18014159,10.595963539609496,0.0,0.0,0.0,False,NONE
1668,899,2464,123.13443195,12.521167201073583,4105.0,26.483870967741936,0.0,0.0,0.0,1.568956077752072,False,True,1387,PV+/PNN-,123.13443195,12.521167201073583,0.0,0.0,0.0,False,NONE
1669,900,1880,81.82481607,10.206987389088184,3055.0,29.660194174757283,0.0,0.0,0.0,1.5327496266827938,False,True,1388,PV+/PNN-,81.82481607,10.206987389088184,0.0,0.0,0.0,False,NONE
1670,902,1728,115.19027505,12.11052490037406,3823.0,26.36551724137931,0.0,0.0,0.0,1.4444150180137725,False,True,1389,PV+/PNN-,115.19027505,12.11052490037406,0.0,0.0,0.0,False,NONE
1671,902,1066,162.06080076,14.36461695204847,13052.0,63.98039215686274,0.0,0.0,0.0,2.2905637643644283,False,True,1391,PV+/PNN-,162.06080076,14.36461695204847,0.0,0.0,0.0,False,NONE
1672,902,1393,142.20040851,13.455674765407588,13832.0,77.27374301675978,0.0,0.0,0.0,1.8122118144870754,False,True,1392,PV+/PNN-,142.20040851,13.455674765407588,0.0,0.0,0.0,False,NONE
1673,900,1409,70.70299641,9.487984557348323,10984.0,123.41573033707866,0.0,0.0,0.0,2.5185877742432736,False,True,1393,PV+/PNN-,70.70299641,9.487984557348323,0.0,0.0,0.0,False,NONE
1674,902,1463,114.39585936,12.068692219586765,4049.0,28.118055555555557,0.0,0.0,0.0,1.8331733954607556,False,True,1394,PV+/PNN-,114.39585936,12.068692219586765,0.0,0.0,0.0,False,NONE
1675,901,551,49.25377278,7.919081463837606,1844.0,29.741935483870968,0.0,0.0,0.0,1.643854896895385,False,True,1396,PV+/PNN-,49.25377278,7.919081463837606,0.0,0.0,0.0,False,NONE
1676,901,1828,77.05832193,9.90523612702942,3960.0,40.824742268041234,0.0,0.0,0.0,1.3589664371234693,False,True,1397,PV+/PNN-,77.05832193,9.90523612702942,0.0,0.0,0.0,False,NONE
1677,904,2202,117.57352212,12.235164803834003,28701.0,193.92567567567568,0.0,0.0,0.0,2.5876518098668053,False,True,1398,PV+/PNN-,117.57352212,12.235164803834003,0.0,0.0,0.0,False,NONE
1678,904,2836,108.04053384,11.728660627684029,1784.0,13.117647058823529,0.0,0.0,0.0,1.3677871734627396,False,True,1399,PV+/PNN-,108.04053384,11.728660627684029,0.0,0.0,0.0,False,NONE
1679,906,472,121.54560057,12.440123196106569,2658.0,17.372549019607842,0.0,0.0,0.0,1.7116640003339556,False,True,1400,PV+/PNN-,121.54560057,12.440123196106569,0.0,0.0,0.0,False,NONE
1680,904,874,94.53546711,10.971157418634661,2077.0,17.45378151260504,0.0,0.0,0.0,1.3918928980624354,False,True,1401,PV+/PNN-,94.53546711,10.971157418634661,0.0,0.0,0.0,False,NONE
1681,905,1021,92.94663573,10.878572156378345,5732.0,48.99145299145299,0.0,0.0,0.0,1.6672096022285339,False,True,1402,PV+/PNN-,92.94663573,10.878572156378345,0.0,0.0,0.0,False,NONE
1682,906,2781,111.2181966,11.899891008124815,2071.0,14.792857142857143,0.0,0.0,0.0,1.412595461542174,False,True,1404,PV+/PNN-,111.2181966,11.899891008124815,0.0,0.0,0.0,False,NONE
1683,907,2741,148.55573403,13.753073662427433,2873.0,15.363636363636363,0.0,0.0,0.0,1.3921507132987958,False,True,1405,PV+/PNN-,148.55573403,13.753073662427433,0.0,0.0,0.0,False,NONE
1684,909,250,152.52781248,13.93572540349032,9131.0,47.557291666666664,0.0,0.0,0.0,2.162685258669375,False,True,1406,PV+/PNN-,152.52781248,13.93572540349032,0.0,0.0,0.0,False,NONE
1685,908,546,98.50754556,11.199272407696524,3001.0,24.201612903225808,0.0,0.0,0.0,1.6678051006912118,False,True,1407,PV+/PNN-,98.50754556,11.199272407696524,0.0,0.0,0.0,False,NONE
1686,910,1349,160.47196938,14.294028726574819,9674.0,47.89108910891089,0.0,0.0,0.0,1.7087856024156642,False,True,1408,PV+/PNN-,160.47196938,14.294028726574819,0.0,0.0,0.0,False,NONE
1687,906,2103,57.19792968,8.533854108523126,14126.0,196.19444444444446,0.0,0.0,0.0,2.0689407741150028,False,True,1409,PV+/PNN-,57.19792968,8.533854108523126,0.0,0.0,0.0,False,NONE
1688,908,2612,120.75118488,12.39940255265723,4110.0,27.039473684210527,0.0,0.0,0.0,1.4320703495740337,False,True,1410,PV+/PNN-,120.75118488,12.39940255265723,0.0,0.0,0.0,False,NONE
1689,906,2803,110.42378091,11.857315232959936,3178.0,22.863309352517987,0.0,0.0,0.0,1.6747755654977146,False,True,1411,PV+/PNN-,110.42378091,11.857315232959936,0.0,0.0,0.0,False,NONE
1690,911,382,245.47444821,17.679020750115537,10358.0,33.5210355987055,0.0,0.0,0.0,1.5543745679741714,False,True,1412,PV+/PNN-,245.47444821,17.679020750115537,0.0,0.0,0.0,False,NONE
1691,910,414,130.28417316,12.879555944225542,3525.0,21.49390243902439,0.0,0.0,0.0,1.7285568371489186,False,True,1413,PV+/PNN-,130.28417316,12.879555944225542,0.0,0.0,0.0,False,NONE
1692,907,1856,135.05066730000001,13.113041224263421,5055.0,29.735294117647058,0.0,0.0,0.0,1.6167284093875982,False,True,1414,PV+/PNN-,135.05066730000001,13.113041224263421,0.0,0.0,0.0,False,NONE
1693,907,2512,61.17000813,8.825195369105852,3828.0,49.714285714285715,0.0,0.0,0.0,1.6023732570270521,False,True,1415,PV+/PNN-,61.17000813,8.825195369105852,0.0,0.0,0.0,False,NONE
1694,909,857,137.43391437,13.228238528376714,3274.0,18.92485549132948,0.0,0.0,0.0,1.486083086709108,False,True,1416,PV+/PNN-,137.43391437,13.228238528376714,0.0,0.0,0.0,False,NONE
1695,911,443,100.09637694,11.289227848029503,2535.0,20.11904761904762,0.0,0.0,0.0,1.6659734112234212,False,True,1417,PV+/PNN-,100.09637694,11.289227848029503,0.0,0.0,0.0,False,NONE
1696,911,674,92.94663573,10.878572156378345,4742.0,40.52991452991453,0.0,0.0,0.0,1.5933677928564742,False,True,1418,PV+/PNN-,92.94663573,10.878572156378345,0.0,0.0,0.0,False,NONE
1697,910,2007,77.05832193,9.90523612702942,5604.0,57.77319587628866,0.0,0.0,0.0,1.6825298745338193,False,True,1419,PV+/PNN-,77.05832193,9.90523612702942,0.0,0.0,0.0,False,NONE
1698,910,2081,60.37559244,8.767701627645716,3183.0,41.88157894736842,0.0,0.0,0.0,1.7024985179121999,False,True,1420,PV+/PNN-,60.37559244,8.767701627645716,0.0,0.0,0.0,False,NONE
1699,910,2491,97.71312987,11.154022637162193,3916.0,31.83739837398374,0.0,0.0,0.0,1.4689989374754462,False,True,1421,PV+/PNN-,97.71312987,11.154022637162193,0.0,0.0,0.0,False,NONE
1700,911,2657,115.98469074,12.152213577535832,3238.0,22.17808219178082,0.0,0.0,0.0,1.50617850745387,False,True,1422,PV+/PNN-,115.98469074,12.152213577535832,0.0,0.0,0.0,False,NONE
1701,910,2727,122.34001626,12.48071098158173,2854.0,18.532467532467532,0.0,0.0,0.0,1.4516029068035001,False,True,1423,PV+/PNN-,122.34001626,12.48071098158173,0.0,0.0,0.0,False,NONE
1702,911,326,91.35780435,10.78519212710641,4875.0,42.391304347826086,0.0,0.0,0.0,1.5195410327662158,False,True,1424,PV+/PNN-,91.35780435,10.78519212710641,0.0,0.0,0.0,False,NONE
1703,914,742,120.75118488,12.39940255265723,2754.0,18.11842105263158,0.0,0.0,0.0,1.5506324529341164,False,True,1425,PV+/PNN-,120.75118488,12.39940255265723,0.0,0.0,0.0,False,NONE
1704,912,820,179.53794594000001,15.119352253034252,6575.0,29.0929203539823,0.0,0.0,0.0,1.45892965077274,False,True,1426,PV+/PNN-,179.53794594000001,15.119352253034252,0.0,0.0,0.0,False,NONE
1705,912,2697,106.45170246,11.642101063659146,2604.0,19.432835820895523,0.0,0.0,0.0,1.3821574868983793,False,True,1427,PV+/PNN-,106.45170246,11.642101063659146,0.0,0.0,0.0,False,NONE
1706,911,350,54.02026692,8.293415464071046,1965.0,28.897058823529413,0.0,0.0,0.0,1.6496823528991824,False,True,1428,PV+/PNN-,54.02026692,8.293415464071046,0.0,0.0,0.0,False,NONE
1707,914,577,56.40351399,8.474384017383858,1191.0,16.774647887323944,0.0,0.0,0.0,1.6427202521572983,False,True,1429,PV+/PNN-,56.40351399,8.474384017383858,0.0,0.0,0.0,False,NONE
1708,914,889,123.92884764,12.56149312576761,5996.0,38.43589743589744,0.0,0.0,0.0,1.5995693510654556,False,True,1430,PV+/PNN-,123.92884764,12.56149312576761,0.0,0.0,0.0,False,NONE
1709,914,2051,106.45170246,11.642101063659146,5540.0,41.343283582089555,0.0,0.0,0.0,1.668260057072679,False,True,1431,PV+/PNN-,106.45170246,11.642101063659146,0.0,0.0,0.0,False,NONE
1710,913,2146,46.87052571,7.72511532706782,5106.0,86.54237288135593,0.0,0.0,0.0,1.6588007097417792,False,True,1432,PV+/PNN-,46.87052571,7.72511532706782,0.0,0.0,0.0,False,NONE
1711,914,1069,95.32988280000001,11.017158280424603,4833.0,40.275,0.0,0.0,0.0,1.7093369313644295,False,True,1433,PV+/PNN-,95.32988280000001,11.017158280424603,0.0,0.0,0.0,False,NONE
1712,915,2015,92.15222004,10.83198276817611,5166.0,44.53448275862069,0.0,0.0,0.0,1.6169953815099396,False,True,1434,PV+/PNN-,92.15222004,10.83198276817611,0.0,0.0,0.0,False,NONE
1713,920,433,181.12677732,15.186104684686724,5682.0,24.92105263157895,0.0,0.0,0.0,1.8333460826691454,False,True,1435,PV+/PNN-,181.12677732,15.186104684686724,0.0,0.0,0.0,False,NONE
1714,914,1665,75.46949055,9.802588422925686,3525.0,37.10526315789474,0.0,0.0,0.0,1.5772756222285171,False,True,1437,PV+/PNN-,75.46949055,9.802588422925686,0.0,0.0,0.0,False,NONE
1715,915,592,61.17000813,8.825195369105852,1190.0,15.454545454545455,0.0,0.0,0.0,1.7312293121599713,False,True,1438,PV+/PNN-,61.17000813,8.825195369105852,0.0,0.0,0.0,False,NONE
1716,916,709,101.68520832,11.378472144697502,2114.0,16.515625,0.0,0.0,0.0,1.6699994020333009,False,True,1439,PV+/PNN-,101.68520832,11.378472144697502,0.0,0.0,0.0,False,NONE
1717,914,1277,66.73091796,9.217615939230159,2989.0,35.583333333333336,0.0,0.0,0.0,1.715524067345018,False,True,1440,PV+/PNN-,66.73091796,9.217615939230159,0.0,0.0,0.0,False,NONE
1718,914,2123,41.30961588,7.252381437585563,4133.0,79.48076923076923,0.0,0.0,0.0,1.5939446819921934,False,True,1441,PV+/PNN-,41.30961588,7.252381437585563,0.0,0.0,0.0,False,NONE
1719,918,499,154.91105955,14.044176264056345,3257.0,16.702564102564104,0.0,0.0,0.0,1.8109703748497623,False,True,1442,PV+/PNN-,154.91105955,14.044176264056345,0.0,0.0,0.0,False,NONE
1720,915,2344,73.88065917,9.698854408967303,3623.0,38.956989247311824,0.0,0.0,0.0,1.6191789293481693,False,True,1443,PV+/PNN-,73.88065917,9.698854408967303,0.0,0.0,0.0,False,NONE
1721,918,2458,123.92884764,12.56149312576761,5406.0,34.65384615384615,0.0,0.0,0.0,1.3901585947993804,False,True,1444,PV+/PNN-,123.92884764,12.56149312576761,0.0,0.0,0.0,False,NONE
1722,917,1703,38.92636881,7.040070461425612,2285.0,46.63265306122449,0.0,0.0,0.0,1.6460766226649421,False,True,1445,PV+/PNN-,38.92636881,7.040070461425612,0.0,0.0,0.0,False,NONE
1723,921,2228,102.47962401,11.422832828117684,18153.0,140.72093023255815,0.0,0.0,0.0,1.4932842358223963,False,True,1446,PV+/PNN-,102.47962401,11.422832828117684,0.0,0.0,0.0,False,NONE
1724,920,567,100.89079263,11.333937836259333,2085.0,16.41732283464567,0.0,0.0,0.0,1.62415641145415,False,True,1447,PV+/PNN-,100.89079263,11.333937836259333,0.0,0.0,0.0,False,NONE
1725,926,1631,88.18014159,10.595963539609496,5087.0,45.828828828828826,0.0,0.0,0.0,1.5639620385330568,False,True,1449,PV+/PNN-,88.18014159,10.595963539609496,0.0,0.0,0.0,False,NONE
1726,929,1611,121.54560057,12.440123196106569,5662.0,37.00653594771242,0.0,0.0,0.0,1.3993294353245638,False,True,1451,PV+/PNN-,121.54560057,12.440123196106569,0.0,0.0,0.0,False,NONE
1727,929,655,78.64715331000001,10.006830950662698,2633.0,26.595959595959595,0.0,0.0,0.0,1.5040024212868792,False,True,1453,PV+/PNN-,78.64715331000001,10.006830950662698,0.0,0.0,0.0,False,NONE
1728,931,2770,116.77910643,12.193759728054031,2983.0,20.292517006802722,0.0,0.0,0.0,1.279210452090524,False,True,1454,PV+/PNN-,116.77910643,12.193759728054031,0.0,0.0,0.0,False,NONE
1729,934,1357,142.20040851,13.455674765407588,11166.0,62.37988826815643,0.0,0.0,0.0,1.5154555310910436,False,True,1455,PV+/PNN-,142.20040851,13.455674765407588,0.0,0.0,0.0,False,NONE
1730,931,2720,82.61923176,10.256416188536388,1706.0,16.403846153846153,0.0,0.0,0.0,1.2791795473153962,False,True,1456,PV+/PNN-,82.61923176,10.256416188536388,0.0,0.0,0.0,False,NONE
1731,933,2791,127.90092609,12.761211420003875,2146.0,13.329192546583851,0.0,0.0,0.0,1.274039948843053,False,True,1458,PV+/PNN-,127.90092609,12.761211420003875,0.0,0.0,0.0,False,NONE
1732,935,546,115.98469074,12.152213577535832,2008.0,13.753424657534246,0.0,0.0,0.0,1.4234265268417636,False,True,1459,PV+/PNN-,115.98469074,12.152213577535832,0.0,0.0,0.0,False,NONE
1733,934,821,100.89079263,11.333937836259333,2188.0,17.228346456692915,0.0,0.0,0.0,1.4785350578093734,False,True,1460,PV+/PNN-,100.89079263,11.333937836259333,0.0,0.0,0.0,False,NONE
1734,932,1829,49.25377278,7.919081463837606,1259.0,20.306451612903224,0.0,0.0,0.0,1.1866237335205096,False,True,1461,PV+/PNN-,49.25377278,7.919081463837606,0.0,0.0,0.0,False,NONE
1735,933,1966,58.78676106,8.651568001725998,1538.0,20.783783783783782,0.0,0.0,0.0,1.322557322631959,False,True,1462,PV+/PNN-,58.78676106,8.651568001725998,0.0,0.0,0.0,False,NONE
1736,934,2678,65.14208658,9.10722134683339,2156.0,26.29268292682927,0.0,0.0,0.0,1.3515668221897734,False,True,1463,PV+/PNN-,65.14208658,9.10722134683339,0.0,0.0,0.0,False,NONE
1737,936,888,136.63949868,13.189951216443678,3827.0,22.25,0.0,0.0,0.0,1.2773231046606253,False,True,1464,PV+/PNN-,136.63949868,13.189951216443678,0.0,0.0,0.0,False,NONE
1738,935,1408,81.82481607,10.206987389088184,4539.0,44.067961165048544,0.0,0.0,0.0,1.4508369702760604,False,True,1465,PV+/PNN-,81.82481607,10.206987389088184,0.0,0.0,0.0,False,NONE
1739,933,2085,25.42130208,5.689236072348751,1274.0,39.8125,0.0,0.0,0.0,1.6937284746861265,False,True,1466,PV+/PNN-,25.42130208,5.689236072348751,0.0,0.0,0.0,False,NONE
1740,935,2531,69.90858072,9.434530697868027,9823.0,111.625,0.0,0.0,0.0,1.3606585821773751,False,True,1467,PV+/PNN-,69.90858072,9.434530697868027,0.0,0.0,0.0,False,NONE
1741,937,810,92.15222004,10.83198276817611,1699.0,14.64655172413793,0.0,0.0,0.0,1.3964695630168604,False,True,1468,PV+/PNN-,92.15222004,10.83198276817611,0.0,0.0,0.0,False,NONE
1742,938,782,119.1623535,12.317557416952052,2366.0,15.773333333333333,0.0,0.0,0.0,1.352620418738131,False,True,1469,PV+/PNN-,119.1623535,12.317557416952052,0.0,0.0,0.0,False,NONE
1743,937,1300,105.65728677,11.598579038183399,6817.0,51.255639097744364,0.0,0.0,0.0,1.9832667733812885,False,True,1470,PV+/PNN-,105.65728677,11.598579038183399,0.0,0.0,0.0,False,NONE
1744,939,2493,135.84508299,13.151552441468574,8209.0,48.005847953216374,0.0,0.0,0.0,1.5883276035654537,False,True,1471,PV+/PNN-,135.84508299,13.151552441468574,0.0,0.0,0.0,False,NONE
1745,937,2351,39.7207845,7.111545090435939,2752.0,55.04,0.0,0.0,0.0,1.4781630324533466,False,True,1472,PV+/PNN-,39.7207845,7.111545090435939,0.0,0.0,0.0,False,NONE
1746,940,857,66.73091796,9.217615939230159,1468.0,17.476190476190474,0.0,0.0,0.0,1.3105478940701287,False,True,1473,PV+/PNN-,66.73091796,9.217615939230159,0.0,0.0,0.0,False,NONE
1747,943,351,131.87300454,12.957851838301272,4047.0,24.379518072289155,0.0,0.0,0.0,1.3271508329008428,False,True,1474,PV+/PNN-,131.87300454,12.957851838301272,0.0,0.0,0.0,False,NONE
1748,943,498,108.04053384,11.728660627684029,1853.0,13.625,0.0,0.0,0.0,1.3682834677927334,False,True,1475,PV+/PNN-,108.04053384,11.728660627684029,0.0,0.0,0.0,False,NONE
1749,942,321,65.93650227,9.1625849044734,2159.0,26.012048192771083,0.0,0.0,0.0,1.2995018572154087,False,True,1476,PV+/PNN-,65.93650227,9.1625849044734,0.0,0.0,0.0,False,NONE
1750,942,1226,53.22585123,8.232208609372499,1887.0,28.16417910447761,0.0,0.0,0.0,1.3388391400057915,False,True,1477,PV+/PNN-,53.22585123,8.232208609372499,0.0,0.0,0.0,False,NONE
1751,943,2698,124.72326333,12.60169000650996,2747.0,17.496815286624205,0.0,0.0,0.0,1.3206866287690664,False,True,1479,PV+/PNN-,124.72326333,12.60169000650996,0.0,0.0,0.0,False,NONE
1752,945,2136,101.68520832,11.378472144697502,8476.0,66.21875,0.0,0.0,0.0,1.4585469990603444,False,True,1481,PV+/PNN-,101.68520832,11.378472144697502,0.0,0.0,0.0,False,NONE
1753,945,666,65.93650227,9.1625849044734,2832.0,34.12048192771084,0.0,0.0,0.0,1.79393059888435,False,True,1482,PV+/PNN-,65.93650227,9.1625849044734,0.0,0.0,0.0,False,NONE
1754,946,834,125.51767902,12.64175907426016,3547.0,22.449367088607595,0.0,0.0,0.0,1.3319785952226852,False,True,1483,PV+/PNN-,125.51767902,12.64175907426016,0.0,0.0,0.0,False,NONE
1755,948,2462,103.2740397,11.467021901548332,8687.0,66.82307692307693,0.0,0.0,0.0,1.4054750013527255,False,True,1484,PV+/PNN-,103.2740397,11.467021901548332,0.0,0.0,0.0,False,NONE
1756,950,256,151.73339679,13.899387074616612,5972.0,31.267015706806284,0.0,0.0,0.0,1.402574547755704,False,True,1485,PV+/PNN-,151.73339679,13.899387074616612,0.0,0.0,0.0,False,NONE
1757,954,2117,171.59378904,14.781068900342463,19237.0,89.06018518518519,0.0,0.0,0.0,2.1301871706905264,False,True,1486,PV+/PNN-,171.59378904,14.781068900342463,0.0,0.0,0.0,False,NONE
1758,952,918,188.27651853,15.482929591568213,5110.0,21.561181434599156,0.0,0.0,0.0,1.3402376029758298,False,True,1487,PV+/PNN-,188.27651853,15.482929591568213,0.0,0.0,0.0,False,NONE
1759,949,1748,73.08624348000001,9.646569098642193,2405.0,26.141304347826086,0.0,0.0,0.0,1.4614357557311228,False,True,1489,PV+/PNN-,73.08624348000001,9.646569098642193,0.0,0.0,0.0,False,NONE
1760,950,2781,52.43143554,8.17054325713784,2552.0,38.666666666666664,0.0,0.0,0.0,1.4450286182763104,False,True,1490,PV+/PNN-,52.43143554,8.17054325713784,0.0,0.0,0.0,False,NONE
1761,951,584,73.88065917,9.698854408967303,1130.0,12.150537634408602,0.0,0.0,0.0,1.418142370213502,False,True,1491,PV+/PNN-,73.88065917,9.698854408967303,0.0,0.0,0.0,False,NONE
1762,954,2723,101.68520832,11.378472144697502,2302.0,17.984375,0.0,0.0,0.0,1.2544769742460444,False,True,1492,PV+/PNN-,101.68520832,11.378472144697502,0.0,0.0,0.0,False,NONE
1763,951,870,40.51520019,7.182308476024235,1037.0,20.333333333333332,0.0,0.0,0.0,1.4544732497683124,False,True,1493,PV+/PNN-,40.51520019,7.182308476024235,0.0,0.0,0.0,False,NONE
1764,954,2186,82.61923176,10.256416188536388,7521.0,72.3173076923077,0.0,0.0,0.0,1.399244598686958,False,True,1495,PV+/PNN-,82.61923176,10.256416188536388,0.0,0.0,0.0,False,NONE
1765,954,2747,96.12429849,11.062967867954534,2161.0,17.859504132231404,0.0,0.0,0.0,1.2444928961105763,False,True,1496,PV+/PNN-,96.12429849,11.062967867954534,0.0,0.0,0.0,False,NONE
1766,954,1043,89.76897297000001,10.690996505268625,6218.0,55.02654867256637,0.0,0.0,0.0,1.8134331298857884,False,True,1498,PV+/PNN-,89.76897297000001,10.690996505268625,0.0,0.0,0.0,False,NONE
1767,956,1425,127.1065104,12.72151859781572,6291.0,39.31875,0.0,0.0,0.0,1.3705912364272042,False,True,1499,PV+/PNN-,127.1065104,12.72151859781572,0.0,0.0,0.0,False,NONE
1768,955,2006,78.64715331000001,10.006830950662698,4833.0,48.81818181818182,0.0,0.0,0.0,1.7528514166493954,False,True,1500,PV+/PNN-,78.64715331000001,10.006830950662698,0.0,0.0,0.0,False,NONE
1769,957,1655,106.45170246,11.642101063659146,9512.0,70.98507462686567,0.0,0.0,0.0,1.4058314671768863,False,True,1501,PV+/PNN-,106.45170246,11.642101063659146,0.0,0.0,0.0,False,NONE
1770,957,2049,99.30196125,11.244340084382843,3649.0,29.192,0.0,0.0,0.0,1.4087771147655823,False,True,1502,PV+/PNN-,99.30196125,11.244340084382843,0.0,0.0,0.0,False,NONE
1771,957,2074,91.35780435,10.78519212710641,4122.0,35.84347826086957,0.0,0.0,0.0,1.4907818552437961,False,True,1503,PV+/PNN-,91.35780435,10.78519212710641,0.0,0.0,0.0,False,NONE
1772,959,2508,81.03040038,10.157318055940708,6082.0,59.627450980392155,0.0,0.0,0.0,1.3287453528365656,False,True,1504,PV+/PNN-,81.03040038,10.157318055940708,0.0,0.0,0.0,False,NONE
1773,957,2810,46.87052571,7.72511532706782,1567.0,26.559322033898304,0.0,0.0,0.0,1.3064485589828356,False,True,1505,PV+/PNN-,46.87052571,7.72511532706782,0.0,0.0,0.0,False,NONE
1774,959,2838,104.86287108,11.554893086200376,2487.0,18.84090909090909,0.0,0.0,0.0,1.2972532217151447,False,True,1506,PV+/PNN-,104.86287108,11.554893086200376,0.0,0.0,0.0,False,NONE
1775,958,782,56.40351399,8.474384017383858,1120.0,15.774647887323944,0.0,0.0,0.0,1.4250217928146933,False,True,1507,PV+/PNN-,56.40351399,8.474384017383858,0.0,0.0,0.0,False,NONE
1776,961,1324,139.02274575,13.304482609502793,10957.0,62.61142857142857,0.0,0.0,0.0,1.7892233026878215,False,True,1508,PV+/PNN-,139.02274575,13.304482609502793,0.0,0.0,0.0,False,NONE
1777,958,1980,68.31974934,9.326703948667076,1864.0,21.674418604651162,0.0,0.0,0.0,1.2761458483429657,False,True,1509,PV+/PNN-,68.31974934,9.326703948667076,0.0,0.0,0.0,False,NONE
1778,966,620,175.56586749,14.951167352217068,3813.0,17.25339366515837,0.0,0.0,0.0,1.4302439060681051,False,True,1510,PV+/PNN-,175.56586749,14.951167352217068,0.0,0.0,0.0,False,NONE
1779,959,846,113.60144367,12.026714032504808,5914.0,41.35664335664335,0.0,0.0,0.0,1.3593605816220067,False,True,1511,PV+/PNN-,113.60144367,12.026714032504808,0.0,0.0,0.0,False,NONE
1780,964,940,206.5480794,16.216817893198968,10471.0,40.27307692307692,0.0,0.0,0.0,1.3758805886903296,False,True,1512,PV+/PNN-,206.5480794,16.216817893198968,0.0,0.0,0.0,False,NONE
1781,960,2304,61.17000813,8.825195369105852,5426.0,70.46753246753246,0.0,0.0,0.0,1.4612451966433784,False,True,1513,PV+/PNN-,61.17000813,8.825195369105852,0.0,0.0,0.0,False,NONE
1782,961,2569,107.24611815,11.68546099424064,8049.0,59.62222222222222,0.0,0.0,0.0,1.3269219307056255,False,True,1514,PV+/PNN-,107.24611815,11.68546099424064,0.0,0.0,0.0,False,NONE
1783,965,344,115.19027505,12.11052490037406,3725.0,25.689655172413794,0.0,0.0,0.0,1.27218377190836,False,True,1515,PV+/PNN-,115.19027505,12.11052490037406,0.0,0.0,0.0,False,NONE
1784,965,2769,139.81716144,13.342441267550265,4984.0,28.318181818181817,0.0,0.0,0.0,1.2908615523137104,False,True,1516,PV+/PNN-,139.81716144,13.342441267550265,0.0,0.0,0.0,False,NONE
1785,966,2628,115.19027505,12.11052490037406,4350.0,30.0,0.0,0.0,0.0,1.3648162529218115,False,True,1518,PV+/PNN-,115.19027505,12.11052490037406,0.0,0.0,0.0,False,NONE
1786,964,1162,85.79689452,10.451794052617739,2921.0,27.046296296296298,0.0,0.0,0.0,1.35117050404369,False,True,1519,PV+/PNN-,85.79689452,10.451794052617739,0.0,0.0,0.0,False,NONE
1787,966,1352,77.05832193,9.90523612702942,5268.0,54.30927835051546,0.0,0.0,0.0,1.5037001897715399,False,True,1522,PV+/PNN-,77.05832193,9.90523612702942,0.0,0.0,0.0,False,NONE
1788,966,1527,74.67507486,9.75085936304132,3844.0,40.8936170212766,0.0,0.0,0.0,1.4806043781787628,False,True,1523,PV+/PNN-,74.67507486,9.75085936304132,0.0,0.0,0.0,False,NONE
1789,969,464,109.62936522,11.814586030086609,2014.0,14.594202898550725,0.0,0.0,0.0,1.401276251730143,False,True,1524,PV+/PNN-,109.62936522,11.814586030086609,0.0,0.0,0.0,False,NONE
1790,971,530,156.49989093,14.116013951495509,2309.0,11.720812182741117,0.0,0.0,0.0,1.4691521412882627,False,True,1525,PV+/PNN-,156.49989093,14.116013951495509,0.0,0.0,0.0,False,NONE
1791,969,1746,120.75118488,12.39940255265723,3958.0,26.039473684210527,0.0,0.0,0.0,1.3983223351344594,False,True,1526,PV+/PNN-,120.75118488,12.39940255265723,0.0,0.0,0.0,False,NONE
1792,969,2027,99.30196125,11.244340084382843,3919.0,31.352,0.0,0.0,0.0,1.4789729847998965,False,True,1527,PV+/PNN-,99.30196125,11.244340084382843,0.0,0.0,0.0,False,NONE
1793,968,2646,77.05832193,9.90523612702942,3705.0,38.1958762886598,0.0,0.0,0.0,1.2845120547516256,False,True,1528,PV+/PNN-,77.05832193,9.90523612702942,0.0,0.0,0.0,False,NONE
1794,970,198,106.45170246,11.642101063659146,7355.0,54.88805970149254,0.0,0.0,0.0,1.3176836682675508,False,True,1529,PV+/PNN-,106.45170246,11.642101063659146,0.0,0.0,0.0,False,NONE
1795,969,451,68.31974934,9.326703948667076,1305.0,15.174418604651162,0.0,0.0,0.0,1.3193119133238165,False,True,1530,PV+/PNN-,68.31974934,9.326703948667076,0.0,0.0,0.0,False,NONE
1796,969,1439,89.76897297000001,10.690996505268625,5380.0,47.610619469026545,0.0,0.0,0.0,1.321249698059079,False,True,1531,PV+/PNN-,89.76897297000001,10.690996505268625,0.0,0.0,0.0,False,NONE
1797,972,1572,181.12677732,15.186104684686724,6978.0,30.605263157894736,0.0,0.0,0.0,1.3090677179982175,False,True,1532,PV+/PNN-,181.12677732,15.186104684686724,0.0,0.0,0.0,False,NONE
1798,970,1842,121.54560057,12.440123196106569,3151.0,20.594771241830067,0.0,0.0,0.0,1.2991882682947162,False,True,1533,PV+/PNN-,121.54560057,12.440123196106569,0.0,0.0,0.0,False,NONE
1799,968,2796,62.75883951,8.93907356753593,2736.0,34.63291139240506,0.0,0.0,0.0,1.2593562856691711,False,True,1534,PV+/PNN-,62.75883951,8.93907356753593,0.0,0.0,0.0,False,NONE
1800,971,1081,115.19027505,12.11052490037406,4389.0,30.26896551724138,0.0,0.0,0.0,1.539840438153258,False,True,1536,PV+/PNN-,115.19027505,12.11052490037406,0.0,0.0,0.0,False,NONE
1801,973,103,122.34001626,12.48071098158173,12356.0,80.23376623376623,0.0,0.0,0.0,1.2350896713080506,False,True,1538,PV+/PNN-,122.34001626,12.48071098158173,0.0,0.0,0.0,False,NONE
1802,973,547,114.39585936,12.068692219586765,2841.0,19.729166666666668,0.0,0.0,0.0,1.3414835739730715,False,True,1539,PV+/PNN-,114.39585936,12.068692219586765,0.0,0.0,0.0,False,NONE
1803,974,1034,164.44404783,14.469853647963289,9756.0,47.130434782608695,0.0,0.0,0.0,1.5400180888706145,False,True,1540,PV+/PNN-,164.44404783,14.469853647963289,0.0,0.0,0.0,False,NONE
1804,971,2119,53.22585123,8.232208609372499,2819.0,42.07462686567164,0.0,0.0,0.0,1.4355498679520338,False,True,1542,PV+/PNN-,53.22585123,8.232208609372499,0.0,0.0,0.0,False,NONE
1805,977,1345,168.41612628000001,14.643567596416075,20621.0,97.26886792452831,0.0,0.0,0.0,2.3836923029159576,False,True,1543,PV+/PNN-,168.41612628000001,14.643567596416075,0.0,0.0,0.0,False,NONE
1806,973,1777,81.82481607,10.206987389088184,2750.0,26.699029126213592,0.0,0.0,0.0,1.2332769548597768,False,True,1544,PV+/PNN-,81.82481607,10.206987389088184,0.0,0.0,0.0,False,NONE
1807,975,430,65.93650227,9.1625849044734,1508.0,18.16867469879518,0.0,0.0,0.0,1.2954358313793153,False,True,1546,PV+/PNN-,65.93650227,9.1625849044734,0.0,0.0,0.0,False,NONE
1808,978,1074,86.59131021,10.500070494515816,7490.0,68.71559633027523,0.0,0.0,0.0,1.8477811942695266,False,True,1547,PV+/PNN-,86.59131021,10.500070494515816,0.0,0.0,0.0,False,NONE
1809,976,1886,85.00247883,10.403293586497956,4970.0,46.44859813084112,0.0,0.0,0.0,1.541684996080732,False,True,1548,PV+/PNN-,85.00247883,10.403293586497956,0.0,0.0,0.0,False,NONE
1810,976,811,113.60144367,12.026714032504808,2111.0,14.762237762237762,0.0,0.0,0.0,1.328208568293169,False,True,1549,PV+/PNN-,113.60144367,12.026714032504808,0.0,0.0,0.0,False,NONE
1811,979,983,166.03287921,14.539588286344586,4962.0,23.741626794258373,0.0,0.0,0.0,1.3699433229920905,False,True,1550,PV+/PNN-,166.03287921,14.539588286344586,0.0,0.0,0.0,False,NONE
1812,979,661,127.1065104,12.72151859781572,5302.0,33.1375,0.0,0.0,0.0,1.5085362454489635,False,True,1551,PV+/PNN-,127.1065104,12.72151859781572,0.0,0.0,0.0,False,NONE
1813,978,674,104.06845539,11.51104134134072,2770.0,21.14503816793893,0.0,0.0,0.0,1.3298263399777224,False,True,1552,PV+/PNN-,104.06845539,11.51104134134072,0.0,0.0,0.0,False,NONE
1814,980,443,90.56338866,10.738197602350779,1654.0,14.508771929824562,0.0,0.0,0.0,1.3345267464350892,False,True,1553,PV+/PNN-,90.56338866,10.738197602350779,0.0,0.0,0.0,False,NONE
1815,980,1995,103.2740397,11.467021901548332,2631.0,20.23846153846154,0.0,0.0,0.0,1.3348637711406934,False,True,1554,PV+/PNN-,103.2740397,11.467021901548332,0.0,0.0,0.0,False,NONE
1816,978,2733,63.5532552,8.995472067506276,1944.0,24.3,0.0,0.0,0.0,1.2166159205466471,False,True,1555,PV+/PNN-,63.5532552,8.995472067506276,0.0,0.0,0.0,False,NONE
1817,981,312,117.57352212,12.235164803834003,3759.0,25.39864864864865,0.0,0.0,0.0,1.2546052395036273,False,True,1556,PV+/PNN-,117.57352212,12.235164803834003,0.0,0.0,0.0,False,NONE
1818,981,758,93.74105142,10.924962866435578,2306.0,19.54237288135593,0.0,0.0,0.0,1.3945365966725716,False,True,1557,PV+/PNN-,93.74105142,10.924962866435578,0.0,0.0,0.0,False,NONE
1819,979,1668,88.97455728,10.643586087602236,3605.0,32.1875,0.0,0.0,0.0,1.4692439143514593,False,True,1558,PV+/PNN-,88.97455728,10.643586087602236,0.0,0.0,0.0,False,NONE
1820,982,2694,109.62936522,11.814586030086609,2616.0,18.956521739130434,0.0,0.0,0.0,1.3396494427535295,False,True,1559,PV+/PNN-,109.62936522,11.814586030086609,0.0,0.0,0.0,False,NONE
1821,986,1215,200.19275388,15.965379131403353,7139.0,28.32936507936508,0.0,0.0,0.0,1.5047328977899004,False,True,1561,PV+/PNN-,200.19275388,15.965379131403353,0.0,0.0,0.0,False,NONE
1822,984,513,126.31209471,12.681701540530954,2609.0,16.40880503144654,0.0,0.0,0.0,1.4140205798518415,False,True,1563,PV+/PNN-,126.31209471,12.681701540530954,0.0,0.0,0.0,False,NONE
1823,984,625,149.35014972,13.789797556005714,2945.0,15.664893617021276,0.0,0.0,0.0,1.4342906136819005,False,True,1564,PV+/PNN-,149.35014972,13.789797556005714,0.0,0.0,0.0,False,NONE
1824,984,1263,119.1623535,12.317557416952052,4640.0,30.933333333333334,0.0,0.0,0.0,1.3872683802294272,False,True,1565,PV+/PNN-,119.1623535,12.317557416952052,0.0,0.0,0.0,False,NONE
1825,984,1012,112.01261229,11.942314996545514,5546.0,39.333333333333336,0.0,0.0,0.0,1.5662908261884616,False,True,1566,PV+/PNN-,112.01261229,11.942314996545514,0.0,0.0,0.0,False,NONE
1826,985,2614,106.45170246,11.642101063659146,3594.0,26.82089552238806,0.0,0.0,0.0,1.2879652674924036,False,True,1568,PV+/PNN-,106.45170246,11.642101063659146,0.0,0.0,0.0,False,NONE
1827,988,495,123.92884764,12.56149312576761,2906.0,18.628205128205128,0.0,0.0,0.0,1.308817226662971,False,True,1569,PV+/PNN-,123.92884764,12.56149312576761,0.0,0.0,0.0,False,NONE
1828,986,1198,77.05832193,9.90523612702942,3976.0,40.98969072164948,0.0,0.0,0.0,1.5837212549375403,False,True,1570,PV+/PNN-,77.05832193,9.90523612702942,0.0,0.0,0.0,False,NONE
1829,987,1851,118.36793781,12.276430232296539,7917.0,53.13422818791946,0.0,0.0,0.0,1.7648626074708833,False,True,1571,PV+/PNN-,118.36793781,12.276430232296539,0.0,0.0,0.0,False,NONE
1830,987,2093,107.24611815,11.68546099424064,2707.0,20.05185185185185,0.0,0.0,0.0,1.4404152533394528,False,True,1572,PV+/PNN-,107.24611815,11.68546099424064,0.0,0.0,0.0,False,NONE
1831,991,641,139.02274575,13.304482609502793,2650.0,15.142857142857142,0.0,0.0,0.0,1.4259018215212063,False,True,1573,PV+/PNN-,139.02274575,13.304482609502793,0.0,0.0,0.0,False,NONE
1832,990,430,74.67507486,9.75085936304132,1521.0,16.180851063829788,0.0,0.0,0.0,1.3685896919537932,False,True,1574,PV+/PNN-,74.67507486,9.75085936304132,0.0,0.0,0.0,False,NONE
1833,992,929,150.14456541,13.82642390884524,4673.0,24.724867724867725,0.0,0.0,0.0,1.360277111114686,False,True,1575,PV+/PNN-,150.14456541,13.82642390884524,0.0,0.0,0.0,False,NONE
1834,989,2220,48.45935709,7.854958291387057,3678.0,60.295081967213115,0.0,0.0,0.0,1.3322167011556474,False,True,1576,PV+/PNN-,48.45935709,7.854958291387057,0.0,0.0,0.0,False,NONE
1835,996,974,338.42108394,20.757916726987464,11054.0,25.948356807511736,0.0,0.0,0.0,1.275294686498273,False,True,1577,PV+/PNN-,338.42108394,20.757916726987464,0.0,0.0,0.0,False,NONE
1836,994,358,155.70547524,14.080140922851225,3213.0,16.392857142857142,0.0,0.0,0.0,1.3733375671940982,False,True,1578,PV+/PNN-,155.70547524,14.080140922851225,0.0,0.0,0.0,False,NONE
1837,993,588,85.00247883,10.403293586497956,1956.0,18.2803738317757,0.0,0.0,0.0,1.426247862577142,False,True,1579,PV+/PNN-,85.00247883,10.403293586497956,0.0,0.0,0.0,False,NONE
1838,992,2725,84.20806314000001,10.354565948189398,2208.0,20.830188679245282,0.0,0.0,0.0,1.3276341529530578,False,True,1580,PV+/PNN-,84.20806314000001,10.354565948189398,0.0,0.0,0.0,False,NONE
1839,993,2747,142.20040851,13.455674765407588,5896.0,32.93854748603352,0.0,0.0,0.0,1.3567078877495833,False,True,1581,PV+/PNN-,142.20040851,13.455674765407588,0.0,0.0,0.0,False,NONE
1840,993,406,73.88065917,9.698854408967303,1989.0,21.387096774193548,0.0,0.0,0.0,1.2533939986482692,False,True,1582,PV+/PNN-,73.88065917,9.698854408967303,0.0,0.0,0.0,False,NONE
1841,993,2031,88.97455728,10.643586087602236,2928.0,26.142857142857142,0.0,0.0,0.0,1.3933108818624174,False,True,1583,PV+/PNN-,88.97455728,10.643586087602236,0.0,0.0,0.0,False,NONE
1842,992,2117,44.48727864,7.526151898686336,1807.0,32.267857142857146,0.0,0.0,0.0,1.3065302733035127,False,True,1584,PV+/PNN-,44.48727864,7.526151898686336,0.0,0.0,0.0,False,NONE
1843,993,2806,76.26390624,9.854045933561641,2538.0,26.4375,0.0,0.0,0.0,1.2360210288494025,False,True,1585,PV+/PNN-,76.26390624,9.854045933561641,0.0,0.0,0.0,False,NONE
1844,995,150,138.22833006,13.266415342325757,8696.0,49.97701149425287,0.0,0.0,0.0,1.2626412298944114,False,True,1586,PV+/PNN-,138.22833006,13.266415342325757,0.0,0.0,0.0,False,NONE
1845,992,1165,38.13195312,6.96786270174516,2929.0,61.020833333333336,0.0,0.0,0.0,2.0389425390576035,False,True,1587,PV+/PNN-,38.13195312,6.96786270174516,0.0,0.0,0.0,False,NONE
1846,1000,619,147.76131834,13.716251444643651,2213.0,11.897849462365592,0.0,0.0,0.0,1.4841868715898727,False,True,1589,PV+/PNN-,147.76131834,13.716251444643651,0.0,0.0,0.0,False,NONE
1847,995,806,88.18014159,10.595963539609496,2597.0,23.396396396396398,0.0,0.0,0.0,1.2958021400131976,False,True,1590,PV+/PNN-,88.18014159,10.595963539609496,0.0,0.0,0.0,False,NONE
1848,996,943,131.07858885,12.91876320674319,3713.0,22.503030303030304,0.0,0.0,0.0,1.3891909943853786,False,True,1591,PV+/PNN-,131.07858885,12.91876320674319,0.0,0.0,0.0,False,NONE
1849,999,728,166.03287921,14.539588286344586,8519.0,40.760765550239235,0.0,0.0,0.0,1.9531865199095149,False,True,1592,PV+/PNN-,166.03287921,14.539588286344586,0.0,0.0,0.0,False,NONE
1850,997,86,75.46949055,9.802588422925686,6460.0,68.0,0.0,0.0,0.0,1.2660834048699177,False,True,1594,PV+/PNN-,75.46949055,9.802588422925686,0.0,0.0,0.0,False,NONE
1851,996,389,52.43143554,8.17054325713784,935.0,14.166666666666666,0.0,0.0,0.0,1.324353899977227,False,True,1595,PV+/PNN-,52.43143554,8.17054325713784,0.0,0.0,0.0,False,NONE
1852,998,2700,101.68520832,11.378472144697502,3121.0,24.3828125,0.0,0.0,0.0,1.2534223487948077,False,True,1596,PV+/PNN-,101.68520832,11.378472144697502,0.0,0.0,0.0,False,NONE
1853,999,2590,104.86287108,11.554893086200376,4408.0,33.39393939393939,0.0,0.0,0.0,1.3719079203238995,False,True,1597,PV+/PNN-,104.86287108,11.554893086200376,0.0,0.0,0.0,False,NONE
1854,998,521,55.6090983,8.414493627225879,1038.0,14.82857142857143,0.0,0.0,0.0,1.3576344094548676,False,True,1598,PV+/PNN-,55.6090983,8.414493627225879,0.0,0.0,0.0,False,NONE
1855,1001,231,101.68520832,11.378472144697502,3805.0,29.7265625,0.0,0.0,0.0,1.2555315996972811,False,True,1599,PV+/PNN-,101.68520832,11.378472144697502,0.0,0.0,0.0,False,NONE
1856,1002,477,105.65728677,11.598579038183399,2148.0,16.150375939849624,0.0,0.0,0.0,1.419954051156818,False,True,1600,PV+/PNN-,105.65728677,11.598579038183399,0.0,0.0,0.0,False,NONE
1857,1001,489,102.47962401,11.422832828117684,2541.0,19.697674418604652,0.0,0.0,0.0,1.3216664259591355,False,True,1601,PV+/PNN-,102.47962401,11.422832828117684,0.0,0.0,0.0,False,NONE
1858,999,1036,71.4974121,9.54113894836179,4044.0,44.93333333333333,0.0,0.0,0.0,1.3026733573675613,False,True,1602,PV+/PNN-,71.4974121,9.54113894836179,0.0,0.0,0.0,False,NONE
1859,998,1134,47.664941400000004,7.7903073294937615,1987.0,33.11666666666667,0.0,0.0,0.0,1.4252911431646806,False,True,1603,PV+/PNN-,47.664941400000004,7.7903073294937615,0.0,0.0,0.0,False,NONE
1860,1000,2151,93.74105142,10.924962866435578,3140.0,26.610169491525422,0.0,0.0,0.0,1.4305726120910998,False,True,1604,PV+/PNN-,93.74105142,10.924962866435578,0.0,0.0,0.0,False,NONE
1861,1000,2210,85.79689452,10.451794052617739,4744.0,43.925925925925924,0.0,0.0,0.0,1.391168150786889,False,True,1605,PV+/PNN-,85.79689452,10.451794052617739,0.0,0.0,0.0,False,NONE
1862,1002,2677,152.52781248,13.93572540349032,5005.0,26.067708333333332,0.0,0.0,0.0,1.3305857776436258,False,True,1606,PV+/PNN-,152.52781248,13.93572540349032,0.0,0.0,0.0,False,NONE
1863,1002,897,89.76897297000001,10.690996505268625,2234.0,19.76991150442478,0.0,0.0,0.0,1.2412101593882308,False,True,1608,PV+/PNN-,89.76897297000001,10.690996505268625,0.0,0.0,0.0,False,NONE
1864,1002,1892,91.35780435,10.78519212710641,2181.0,18.965217391304346,0.0,0.0,0.0,1.3158791021482643,False,True,1609,PV+/PNN-,91.35780435,10.78519212710641,0.0,0.0,0.0,False,NONE
1865,1004,2600,88.18014159,10.595963539609496,4026.0,36.270270270270274,0.0,0.0,0.0,1.349920577582965,False,True,1611,PV+/PNN-,88.18014159,10.595963539609496,0.0,0.0,0.0,False,NONE
1866,1006,555,104.06845539,11.51104134134072,2285.0,17.442748091603054,0.0,0.0,0.0,1.3669233940181704,False,True,1612,PV+/PNN-,104.06845539,11.51104134134072,0.0,0.0,0.0,False,NONE
1867,1004,773,34.95429036,6.671220633775133,1232.0,28.0,0.0,0.0,0.0,1.326910567737801,False,True,1613,PV+/PNN-,34.95429036,6.671220633775133,0.0,0.0,0.0,False,NONE
1868,1008,1459,131.87300454,12.957851838301272,6282.0,37.8433734939759,0.0,0.0,0.0,2.050090226558226,False,True,1615,PV+/PNN-,131.87300454,12.957851838301272,0.0,0.0,0.0,False,NONE
1869,1008,713,96.91871418,11.108588547554572,2260.0,18.524590163934427,0.0,0.0,0.0,1.5380242646232143,False,True,1616,PV+/PNN-,96.91871418,11.108588547554572,0.0,0.0,0.0,False,NONE
1870,1009,694,123.13443195,12.521167201073583,3098.0,19.98709677419355,0.0,0.0,0.0,1.4539950995321034,False,True,1617,PV+/PNN-,123.13443195,12.521167201073583,0.0,0.0,0.0,False,NONE
1871,1009,823,104.06845539,11.51104134134072,2813.0,21.47328244274809,0.0,0.0,0.0,1.3571338936463855,False,True,1618,PV+/PNN-,104.06845539,11.51104134134072,0.0,0.0,0.0,False,NONE
1872,1009,913,107.24611815,11.68546099424064,3358.0,24.874074074074073,0.0,0.0,0.0,1.3609199304373447,False,True,1619,PV+/PNN-,107.24611815,11.68546099424064,0.0,0.0,0.0,False,NONE
1873,1009,928,108.83494953,11.77170172875832,3226.0,23.547445255474454,0.0,0.0,0.0,1.367656760354128,False,True,1620,PV+/PNN-,108.83494953,11.77170172875832,0.0,0.0,0.0,False,NONE
1874,1009,2013,102.47962401,11.422832828117684,3050.0,23.643410852713178,0.0,0.0,0.0,1.5095042117545945,False,True,1621,PV+/PNN-,102.47962401,11.422832828117684,0.0,0.0,0.0,False,NONE
1875,1007,2618,63.5532552,8.995472067506276,2096.0,26.2,0.0,0.0,0.0,1.339796173251093,False,True,1622,PV+/PNN-,63.5532552,8.995472067506276,0.0,0.0,0.0,False,NONE
1876,1010,272,115.98469074,12.152213577535832,6800.0,46.57534246575342,0.0,0.0,0.0,1.447003906792699,False,True,1623,PV+/PNN-,115.98469074,12.152213577535832,0.0,0.0,0.0,False,NONE
1877,1010,2442,103.2740397,11.467021901548332,15056.0,115.81538461538462,0.0,0.0,0.0,1.330710169363515,False,True,1625,PV+/PNN-,103.2740397,11.467021901548332,0.0,0.0,0.0,False,NONE
1878,1008,1053,49.25377278,7.919081463837606,3050.0,49.193548387096776,0.0,0.0,0.0,1.4174166064621132,False,True,1626,PV+/PNN-,49.25377278,7.919081463837606,0.0,0.0,0.0,False,NONE
1879,1011,2812,79.441569,10.057243516322302,2276.0,22.76,0.0,0.0,0.0,1.2662255017728212,False,True,1628,PV+/PNN-,79.441569,10.057243516322302,0.0,0.0,0.0,False,NONE
1880,1012,1652,81.82481607,10.206987389088184,5649.0,54.84466019417476,0.0,0.0,0.0,1.300117682487671,False,True,1629,PV+/PNN-,81.82481607,10.206987389088184,0.0,0.0,0.0,False,NONE
1881,1014,2684,91.35780435,10.78519212710641,2888.0,25.11304347826087,0.0,0.0,0.0,1.3240960100118127,False,True,1630,PV+/PNN-,91.35780435,10.78519212710641,0.0,0.0,0.0,False,NONE
1882,1016,1121,190.65976560000001,15.580614658987523,5831.0,24.295833333333334,0.0,0.0,0.0,1.454820655799308,False,True,1631,PV+/PNN-,190.65976560000001,15.580614658987523,0.0,0.0,0.0,False,NONE
1883,1013,1300,77.05832193,9.90523612702942,4994.0,51.48453608247423,0.0,0.0,0.0,1.4021082287781828,False,True,1632,PV+/PNN-,77.05832193,9.90523612702942,0.0,0.0,0.0,False,NONE
1884,1016,1800,116.77910643,12.193759728054031,9421.0,64.08843537414965,0.0,0.0,0.0,1.3329317811984176,False,True,1634,PV+/PNN-,116.77910643,12.193759728054031,0.0,0.0,0.0,False,NONE
1885,1015,2743,96.12429849,11.062967867954534,5218.0,43.12396694214876,0.0,0.0,0.0,1.3103154697282584,False,True,1635,PV+/PNN-,96.12429849,11.062967867954534,0.0,0.0,0.0,False,NONE
1886,1016,171,119.95676919,12.358547737957586,4629.0,30.655629139072847,0.0,0.0,0.0,1.2591808831295406,False,True,1636,PV+/PNN-,119.95676919,12.358547737957586,0.0,0.0,0.0,False,NONE
1887,1016,659,113.60144367,12.026714032504808,1928.0,13.482517482517483,0.0,0.0,0.0,1.4825526343315012,False,True,1637,PV+/PNN-,113.60144367,12.026714032504808,0.0,0.0,0.0,False,NONE
1888,1015,1337,103.2740397,11.467021901548332,7239.0,55.684615384615384,0.0,0.0,0.0,1.5866758788821314,False,True,1638,PV+/PNN-,103.2740397,11.467021901548332,0.0,0.0,0.0,False,NONE
1889,1017,400,87.3857259,10.548125988120718,1491.0,13.554545454545455,0.0,0.0,0.0,1.3744645880844735,False,True,1639,PV+/PNN-,87.3857259,10.548125988120718,0.0,0.0,0.0,False,NONE
1890,1019,641,125.51767902,12.64175907426016,2008.0,12.708860759493671,0.0,0.0,0.0,1.410154375506762,False,True,1640,PV+/PNN-,125.51767902,12.64175907426016,0.0,0.0,0.0,False,NONE
1891,1015,1360,72.29182779,9.593998848416254,3018.0,33.16483516483517,0.0,0.0,0.0,1.4003571705915594,False,True,1641,PV+/PNN-,72.29182779,9.593998848416254,0.0,0.0,0.0,False,NONE
1892,1017,1239,90.56338866,10.738197602350779,4557.0,39.973684210526315,0.0,0.0,0.0,1.4280738741798735,False,True,1642,PV+/PNN-,90.56338866,10.738197602350779,0.0,0.0,0.0,False,NONE
1893,1018,1788,115.98469074,12.152213577535832,7461.0,51.102739726027394,0.0,0.0,0.0,1.3771963700752234,False,True,1643,PV+/PNN-,115.98469074,12.152213577535832,0.0,0.0,0.0,False,NONE
1894,1022,1551,197.80950681,15.870062583211556,6442.0,25.8714859437751,0.0,0.0,0.0,1.4136216490150928,False,True,1644,PV+/PNN-,197.80950681,15.870062583211556,0.0,0.0,0.0,False,NONE
1895,1019,2774,100.89079263,11.333937836259333,3659.0,28.811023622047244,0.0,0.0,0.0,1.1761315898390163,False,True,1645,PV+/PNN-,100.89079263,11.333937836259333,0.0,0.0,0.0,False,NONE
1896,1019,568,87.3857259,10.548125988120718,1957.0,17.79090909090909,0.0,0.0,0.0,1.3959405972732934,False,True,1647,PV+/PNN-,87.3857259,10.548125988120718,0.0,0.0,0.0,False,NONE
1897,1021,675,131.87300454,12.957851838301272,3114.0,18.759036144578314,0.0,0.0,0.0,1.4210760297145972,False,True,1648,PV+/PNN-,131.87300454,12.957851838301272,0.0,0.0,0.0,False,NONE
1898,1019,810,115.19027505,12.11052490037406,2567.0,17.70344827586207,0.0,0.0,0.0,1.45000089626584,False,True,1649,PV+/PNN-,115.19027505,12.11052490037406,0.0,0.0,0.0,False,NONE
1899,1019,1027,67.52533365000001,9.272320371655413,3064.0,36.04705882352941,0.0,0.0,0.0,1.5365272456606103,False,True,1650,PV+/PNN-,67.52533365000001,9.272320371655413,0.0,0.0,0.0,False,NONE
1900,1022,1704,160.47196938,14.294028726574819,6931.0,34.31188118811881,0.0,0.0,0.0,1.4598522285792015,False,True,1653,PV+/PNN-,160.47196938,14.294028726574819,0.0,0.0,0.0,False,NONE
1901,1020,2362,70.70299641,9.487984557348323,20749.0,233.13483146067415,0.0,0.0,0.0,1.3286858718681769,False,True,1654,PV+/PNN-,70.70299641,9.487984557348323,0.0,0.0,0.0,False,NONE
1902,1021,735,96.12429849,11.062967867954534,2329.0,19.24793388429752,0.0,0.0,0.0,1.4017976906884262,False,True,1655,PV+/PNN-,96.12429849,11.062967867954534,0.0,0.0,0.0,False,NONE
1903,1026,1843,178.74353025,15.085865274483455,6433.0,28.59111111111111,0.0,0.0,0.0,1.3607199422036287,False,True,1656,PV+/PNN-,178.74353025,15.085865274483455,0.0,0.0,0.0,False,NONE
1904,1022,1993,100.89079263,11.333937836259333,5409.0,42.59055118110236,0.0,0.0,0.0,1.3966894794834772,False,True,1657,PV+/PNN-,100.89079263,11.333937836259333,0.0,0.0,0.0,False,NONE
1905,1023,1056,103.2740397,11.467021901548332,3018.0,23.215384615384615,0.0,0.0,0.0,1.4407806164587416,False,True,1659,PV+/PNN-,103.2740397,11.467021901548332,0.0,0.0,0.0,False,NONE
1906,1023,2127,133.46183592,13.035677474005707,6837.0,40.69642857142857,0.0,0.0,0.0,2.3402640965538013,False,True,1660,PV+/PNN-,133.46183592,13.035677474005707,0.0,0.0,0.0,False,NONE
1907,1023,2824,128.69534178,12.800781162784691,7969.0,49.19135802469136,0.0,0.0,0.0,1.2874242545467165,False,True,1661,PV+/PNN-,128.69534178,12.800781162784691,0.0,0.0,0.0,False,NONE
1908,1023,589,90.56338866,10.738197602350779,1751.0,15.359649122807017,0.0,0.0,0.0,1.3487364367254362,False,True,1662,PV+/PNN-,90.56338866,10.738197602350779,0.0,0.0,0.0,False,NONE
1909,1024,1874,116.77910643,12.193759728054031,4471.0,30.41496598639456,0.0,0.0,0.0,1.2048270733257482,False,True,1663,PV+/PNN-,116.77910643,12.193759728054031,0.0,0.0,0.0,False,NONE
1910,1025,2599,106.45170246,11.642101063659146,4092.0,30.53731343283582,0.0,0.0,0.0,1.3317873160930445,False,True,1664,PV+/PNN-,106.45170246,11.642101063659146,0.0,0.0,0.0,False,NONE
1911,1025,2628,113.60144367,12.026714032504808,4799.0,33.55944055944056,0.0,0.0,0.0,1.3730485874786174,False,True,1665,PV+/PNN-,113.60144367,12.026714032504808,0.0,0.0,0.0,False,NONE
1912,1026,205,144.58365558,13.56796328882212,6579.0,36.14835164835165,0.0,0.0,0.0,1.4322508985234645,False,True,1666,PV+/PNN-,144.58365558,13.56796328882212,0.0,0.0,0.0,False,NONE
1913,1022,970,95.32988280000001,11.017158280424603,6338.0,52.81666666666667,0.0,0.0,0.0,1.2633006738547248,False,True,1667,PV+/PNN-,95.32988280000001,11.017158280424603,0.0,0.0,0.0,False,NONE
1914,1026,1388,158.08872231,14.187487896796528,5002.0,25.1356783919598,0.0,0.0,0.0,1.41809495851115,False,True,1668,PV+/PNN-,158.08872231,14.187487896796528,0.0,0.0,0.0,False,NONE
1915,1024,1517,109.62936522,11.814586030086609,6085.0,44.094202898550726,0.0,0.0,0.0,1.7788627321265378,False,True,1669,PV+/PNN-,109.62936522,11.814586030086609,0.0,0.0,0.0,False,NONE
1916,1027,2210,129.48975747,12.84022896403991,11941.0,73.25766871165644,0.0,0.0,0.0,1.588848238093815,False,True,1670,PV+/PNN-,129.48975747,12.84022896403991,0.0,0.0,0.0,False,NONE
1917,1028,2297,151.73339679,13.899387074616612,22369.0,117.1151832460733,0.0,0.0,0.0,1.3834919008474629,False,True,1672,PV+/PNN-,151.73339679,13.899387074616612,0.0,0.0,0.0,False,NONE
1918,1026,2478,86.59131021,10.500070494515816,9271.0,85.05504587155963,0.0,0.0,0.0,1.2508438379438485,False,True,1673,PV+/PNN-,86.59131021,10.500070494515816,0.0,0.0,0.0,False,NONE
1919,1030,1819,156.49989093,14.116013951495509,5873.0,29.81218274111675,0.0,0.0,0.0,1.3769875130218112,False,True,1674,PV+/PNN-,156.49989093,14.116013951495509,0.0,0.0,0.0,False,NONE
1920,1027,1100,82.61923176,10.256416188536388,2124.0,20.423076923076923,0.0,0.0,0.0,1.4271516106273752,False,True,1675,PV+/PNN-,82.61923176,10.256416188536388,0.0,0.0,0.0,False,NONE
1921,1031,1573,112.80702798,11.984588810142046,4966.0,34.971830985915496,0.0,0.0,0.0,1.3879465093458654,False,True,1676,PV+/PNN-,112.80702798,11.984588810142046,0.0,0.0,0.0,False,NONE
1922,1032,2390,193.04301267,15.677691078926612,48670.0,200.2880658436214,0.0,0.0,0.0,1.8432248874157524,False,True,1677,PV+/PNN-,193.04301267,15.677691078926612,0.0,0.0,0.0,False,NONE
1923,1030,159,73.88065917,9.698854408967303,5394.0,58.0,0.0,0.0,0.0,1.3339537750524137,False,True,1678,PV+/PNN-,73.88065917,9.698854408967303,0.0,0.0,0.0,False,NONE
1924,1030,1204,117.57352212,12.235164803834003,5585.0,37.736486486486484,0.0,0.0,0.0,1.5446557419842915,False,True,1679,PV+/PNN-,117.57352212,12.235164803834003,0.0,0.0,0.0,False,NONE
1925,1031,558,77.85273762,9.956163126610313,1334.0,13.612244897959183,0.0,0.0,0.0,1.3829798570339764,False,True,1680,PV+/PNN-,77.85273762,9.956163126610313,0.0,0.0,0.0,False,NONE
1926,1030,568,69.11416503,9.380772250595795,1557.0,17.896551724137932,0.0,0.0,0.0,1.4189682393099097,False,True,1681,PV+/PNN-,69.11416503,9.380772250595795,0.0,0.0,0.0,False,NONE
1927,1032,757,111.2181966,11.899891008124815,2405.0,17.178571428571427,0.0,0.0,0.0,1.4743061165173954,False,True,1682,PV+/PNN-,111.2181966,11.899891008124815,0.0,0.0,0.0,False,NONE
1928,1033,910,112.01261229,11.942314996545514,7117.0,50.47517730496454,0.0,0.0,0.0,1.8267010368995016,False,True,1683,PV+/PNN-,112.01261229,11.942314996545514,0.0,0.0,0.0,False,NONE
1929,1033,709,88.97455728,10.643586087602236,2004.0,17.892857142857142,0.0,0.0,0.0,1.5722958870151589,False,True,1684,PV+/PNN-,88.97455728,10.643586087602236,0.0,0.0,0.0,False,NONE
1930,1032,830,78.64715331000001,10.006830950662698,1889.0,19.08080808080808,0.0,0.0,0.0,1.3894637056131731,False,True,1685,PV+/PNN-,78.64715331000001,10.006830950662698,0.0,0.0,0.0,False,NONE
1931,1034,1114,157.29430662000001,14.151796046802042,4367.0,22.055555555555557,0.0,0.0,0.0,1.5360459905527375,False,True,1686,PV+/PNN-,157.29430662000001,14.151796046802042,0.0,0.0,0.0,False,NONE
1932,1032,1681,69.90858072,9.434530697868027,3014.0,34.25,0.0,0.0,0.0,1.4089796028522197,False,True,1687,PV+/PNN-,69.90858072,9.434530697868027,0.0,0.0,0.0,False,NONE
1933,1033,2154,112.80702798,11.984588810142046,4111.0,28.950704225352112,0.0,0.0,0.0,1.446411379431325,False,True,1688,PV+/PNN-,112.80702798,11.984588810142046,0.0,0.0,0.0,False,NONE
1934,1034,677,120.75118488,12.39940255265723,3171.0,20.861842105263158,0.0,0.0,0.0,1.6816280352982529,False,True,1689,PV+/PNN-,120.75118488,12.39940255265723,0.0,0.0,0.0,False,NONE
1935,1032,385,46.87052571,7.72511532706782,636.0,10.779661016949152,0.0,0.0,0.0,1.3213205653460378,False,True,1690,PV+/PNN-,46.87052571,7.72511532706782,0.0,0.0,0.0,False,NONE
1936,1034,858,75.46949055,9.802588422925686,1587.0,16.705263157894738,0.0,0.0,0.0,1.290950362878025,False,True,1691,PV+/PNN-,75.46949055,9.802588422925686,0.0,0.0,0.0,False,NONE
1937,1037,1140,137.43391437,13.228238528376714,3694.0,21.352601156069365,0.0,0.0,0.0,1.5847911520641629,False,True,1692,PV+/PNN-,137.43391437,13.228238528376714,0.0,0.0,0.0,False,NONE
1938,1038,1851,138.22833006,13.266415342325757,4637.0,26.649425287356323,0.0,0.0,0.0,1.3941421137451657,False,True,1693,PV+/PNN-,138.22833006,13.266415342325757,0.0,0.0,0.0,False,NONE
1939,1037,2119,96.91871418,11.108588547554572,4916.0,40.295081967213115,0.0,0.0,0.0,1.4777204355426636,False,True,1694,PV+/PNN-,96.91871418,11.108588547554572,0.0,0.0,0.0,False,NONE
1940,1036,2644,109.62936522,11.814586030086609,8937.0,64.76086956521739,0.0,0.0,0.0,1.4550774341700439,False,True,1696,PV+/PNN-,109.62936522,11.814586030086609,0.0,0.0,0.0,False,NONE
1941,1039,1469,127.90092609,12.761211420003875,4990.0,30.993788819875775,0.0,0.0,0.0,1.408193546615273,False,True,1697,PV+/PNN-,127.90092609,12.761211420003875,0.0,0.0,0.0,False,NONE
1942,1037,2326,87.3857259,10.548125988120718,8783.0,79.84545454545454,0.0,0.0,0.0,1.330898969444296,False,True,1698,PV+/PNN-,87.3857259,10.548125988120718,0.0,0.0,0.0,False,NONE
1943,1037,2598,80.23598469,10.107404643036364,3726.0,36.89108910891089,0.0,0.0,0.0,1.2991314865451902,False,True,1699,PV+/PNN-,80.23598469,10.107404643036364,0.0,0.0,0.0,False,NONE
1944,1037,518,58.78676106,8.651568001725998,1431.0,19.33783783783784,0.0,0.0,0.0,1.397350219498042,False,True,1700,PV+/PNN-,58.78676106,8.651568001725998,0.0,0.0,0.0,False,NONE
1945,1039,780,122.34001626,12.48071098158173,4038.0,26.22077922077922,0.0,0.0,0.0,1.3792857330044128,False,True,1701,PV+/PNN-,122.34001626,12.48071098158173,0.0,0.0,0.0,False,NONE
1946,1038,2186,95.32988280000001,11.017158280424603,5017.0,41.80833333333333,0.0,0.0,0.0,1.3684819855247308,False,True,1702,PV+/PNN-,95.32988280000001,11.017158280424603,0.0,0.0,0.0,False,NONE
1947,1039,842,97.71312987,11.154022637162193,2764.0,22.471544715447155,0.0,0.0,0.0,1.3581518006170075,False,True,1703,PV+/PNN-,97.71312987,11.154022637162193,0.0,0.0,0.0,False,NONE
1948,1040,2768,89.76897297000001,10.690996505268625,2489.0,22.02654867256637,0.0,0.0,0.0,1.2627133190311453,False,True,1704,PV+/PNN-,89.76897297000001,10.690996505268625,0.0,0.0,0.0,False,NONE
1949,1042,140,95.32988280000001,11.017158280424603,10084.0,84.03333333333333,0.0,0.0,0.0,1.29986102283093,False,True,1705,PV+/PNN-,95.32988280000001,11.017158280424603,0.0,0.0,0.0,False,NONE
1950,1042,705,70.70299641,9.487984557348323,1319.0,14.820224719101123,0.0,0.0,0.0,1.5493751348325828,False,True,1706,PV+/PNN-,70.70299641,9.487984557348323,0.0,0.0,0.0,False,NONE
1951,1043,1963,123.92884764,12.56149312576761,5050.0,32.37179487179487,0.0,0.0,0.0,1.546351328295358,False,True,1707,PV+/PNN-,123.92884764,12.56149312576761,0.0,0.0,0.0,False,NONE
1952,1042,2026,109.62936522,11.814586030086609,3791.0,27.471014492753625,0.0,0.0,0.0,1.3890487102665292,False,True,1708,PV+/PNN-,109.62936522,11.814586030086609,0.0,0.0,0.0,False,NONE
1953,1045,2722,131.07858885,12.91876320674319,3121.0,18.915151515151514,0.0,0.0,0.0,1.3474661765328142,False,True,1709,PV+/PNN-,131.07858885,12.91876320674319,0.0,0.0,0.0,False,NONE
1954,1044,2688,108.83494953,11.77170172875832,4918.0,35.8978102189781,0.0,0.0,0.0,1.3041021054241273,False,True,1711,PV+/PNN-,108.83494953,11.77170172875832,0.0,0.0,0.0,False,NONE
1955,1046,769,102.47962401,11.422832828117684,2423.0,18.782945736434108,0.0,0.0,0.0,1.4116611311313334,False,True,1712,PV+/PNN-,102.47962401,11.422832828117684,0.0,0.0,0.0,False,NONE
1956,1045,791,106.45170246,11.642101063659146,2841.0,21.20149253731343,0.0,0.0,0.0,1.361505716868192,False,True,1713,PV+/PNN-,106.45170246,11.642101063659146,0.0,0.0,0.0,False,NONE
1957,1047,1017,189.07093422,15.515559616363333,8910.0,37.436974789915965,0.0,0.0,0.0,1.317590546943373,False,True,1714,PV+/PNN-,189.07093422,15.515559616363333,0.0,0.0,0.0,False,NONE
1958,1044,1221,82.61923176,10.256416188536388,3020.0,29.03846153846154,0.0,0.0,0.0,1.4206616078505339,False,True,1715,PV+/PNN-,82.61923176,10.256416188536388,0.0,0.0,0.0,False,NONE
1959,1043,2549,27.01013346,5.864330313842014,1538.0,45.23529411764706,0.0,0.0,0.0,1.4134462518221633,False,True,1716,PV+/PNN-,27.01013346,5.864330313842014,0.0,0.0,0.0,False,NONE
1960,1047,674,105.65728677,11.598579038183399,3902.0,29.338345864661655,0.0,0.0,0.0,1.6599963192758942,False,True,1717,PV+/PNN-,105.65728677,11.598579038183399,0.0,0.0,0.0,False,NONE
1961,1046,2788,106.45170246,11.642101063659146,2467.0,18.41044776119403,0.0,0.0,0.0,1.3479057707507516,False,True,1718,PV+/PNN-,106.45170246,11.642101063659146,0.0,0.0,0.0,False,NONE
1962,1049,330,119.95676919,12.358547737957586,3101.0,20.5364238410596,0.0,0.0,0.0,1.3803161402570188,False,True,1720,PV+/PNN-,119.95676919,12.358547737957586,0.0,0.0,0.0,False,NONE
1963,1049,563,94.53546711,10.971157418634661,1499.0,12.596638655462185,0.0,0.0,0.0,1.5093019567009538,False,True,1721,PV+/PNN-,94.53546711,10.971157418634661,0.0,0.0,0.0,False,NONE
1964,1050,449,68.31974934,9.326703948667076,1241.0,14.430232558139535,0.0,0.0,0.0,1.3828837544774328,False,True,1722,PV+/PNN-,68.31974934,9.326703948667076,0.0,0.0,0.0,False,NONE
1965,1050,1274,115.98469074,12.152213577535832,10622.0,72.75342465753425,0.0,0.0,0.0,2.0664880074643337,False,True,1723,PV+/PNN-,115.98469074,12.152213577535832,0.0,0.0,0.0,False,NONE
1966,1051,967,132.66742023,12.996822909266468,3540.0,21.197604790419163,0.0,0.0,0.0,1.4170124386245135,False,True,1724,PV+/PNN-,132.66742023,12.996822909266468,0.0,0.0,0.0,False,NONE
1967,1050,1915,149.35014972,13.789797556005714,6100.0,32.4468085106383,0.0,0.0,0.0,1.3524337275944227,False,True,1725,PV+/PNN-,149.35014972,13.789797556005714,0.0,0.0,0.0,False,NONE
1968,1052,1080,73.08624348000001,9.646569098642193,2576.0,28.0,0.0,0.0,0.0,1.3653272798271185,False,True,1727,PV+/PNN-,73.08624348000001,9.646569098642193,0.0,0.0,0.0,False,NONE
1969,1053,1746,127.1065104,12.72151859781572,4983.0,31.14375,0.0,0.0,0.0,1.9531663356903526,False,True,1728,PV+/PNN-,127.1065104,12.72151859781572,0.0,0.0,0.0,False,NONE
1970,1052,2752,94.53546711,10.971157418634661,2906.0,24.42016806722689,0.0,0.0,0.0,1.2722150653439457,False,True,1729,PV+/PNN-,94.53546711,10.971157418634661,0.0,0.0,0.0,False,NONE
1971,1054,396,104.06845539,11.51104134134072,1839.0,14.038167938931299,0.0,0.0,0.0,1.344768208966236,False,True,1730,PV+/PNN-,104.06845539,11.51104134134072,0.0,0.0,0.0,False,NONE
1972,1054,1446,130.28417316,12.879555944225542,2322.0,14.158536585365853,0.0,0.0,0.0,1.3540361890999864,False,True,1731,PV+/PNN-,130.28417316,12.879555944225542,0.0,0.0,0.0,False,NONE
1973,1054,1834,92.15222004,10.83198276817611,4451.0,38.37068965517241,0.0,0.0,0.0,1.4790940121620249,False,True,1732,PV+/PNN-,92.15222004,10.83198276817611,0.0,0.0,0.0,False,NONE
1974,1054,510,79.441569,10.057243516322302,1645.0,16.45,0.0,0.0,0.0,1.3384462526735097,False,True,1733,PV+/PNN-,79.441569,10.057243516322302,0.0,0.0,0.0,False,NONE
1975,1056,1874,146.17248696000001,13.642308849668991,14955.0,81.27717391304348,0.0,0.0,0.0,1.7493943571992285,False,True,1734,PV+/PNN-,146.17248696000001,13.642308849668991,0.0,0.0,0.0,False,NONE
1976,1056,2852,136.63949868,13.189951216443678,2560.0,14.883720930232558,0.0,0.0,0.0,1.3149953068257314,False,True,1735,PV+/PNN-,136.63949868,13.189951216443678,0.0,0.0,0.0,False,NONE
1977,1055,600,76.26390624,9.854045933561641,1168.0,12.166666666666666,0.0,0.0,0.0,1.4821003008046303,False,True,1736,PV+/PNN-,76.26390624,9.854045933561641,0.0,0.0,0.0,False,NONE
1978,1056,357,105.65728677,11.598579038183399,2377.0,17.872180451127818,0.0,0.0,0.0,1.3149038407960385,False,True,1737,PV+/PNN-,105.65728677,11.598579038183399,0.0,0.0,0.0,False,NONE
1979,1056,1372,106.45170246,11.642101063659146,5962.0,44.492537313432834,0.0,0.0,0.0,1.475342302888248,False,True,1738,PV+/PNN-,106.45170246,11.642101063659146,0.0,0.0,0.0,False,NONE
1980,1057,1557,150.9389811,13.862953494062992,4999.0,26.310526315789474,0.0,0.0,0.0,1.444059775756514,False,True,1739,PV+/PNN-,150.9389811,13.862953494062992,0.0,0.0,0.0,False,NONE
1981,1055,126,62.75883951,8.93907356753593,11995.0,151.83544303797467,0.0,0.0,0.0,1.6668955992812435,False,True,1740,PV+/PNN-,62.75883951,8.93907356753593,0.0,0.0,0.0,False,NONE
1982,1059,469,116.77910643,12.193759728054031,2225.0,15.136054421768707,0.0,0.0,0.0,1.4243039563477409,False,True,1741,PV+/PNN-,116.77910643,12.193759728054031,0.0,0.0,0.0,False,NONE
1983,1058,524,91.35780435,10.78519212710641,1608.0,13.982608695652173,0.0,0.0,0.0,1.4344373441794638,False,True,1742,PV+/PNN-,91.35780435,10.78519212710641,0.0,0.0,0.0,False,NONE
1984,1059,571,99.30196125,11.244340084382843,1710.0,13.68,0.0,0.0,0.0,1.4471148591689387,False,True,1743,PV+/PNN-,99.30196125,11.244340084382843,0.0,0.0,0.0,False,NONE
1985,1059,1133,200.98716957,15.99702510721652,5967.0,23.58498023715415,0.0,0.0,0.0,1.416082692847901,False,True,1744,PV+/PNN-,200.98716957,15.99702510721652,0.0,0.0,0.0,False,NONE
1986,1059,675,119.1623535,12.317557416952052,6563.0,43.75333333333333,0.0,0.0,0.0,1.896638411504066,False,True,1745,PV+/PNN-,119.1623535,12.317557416952052,0.0,0.0,0.0,False,NONE
1987,1058,709,84.20806314000001,10.354565948189398,1986.0,18.735849056603772,0.0,0.0,0.0,1.447980845954558,False,True,1746,PV+/PNN-,84.20806314000001,10.354565948189398,0.0,0.0,0.0,False,NONE
1988,1059,948,117.57352212,12.235164803834003,5040.0,34.054054054054056,0.0,0.0,0.0,1.2673747584807635,False,True,1747,PV+/PNN-,117.57352212,12.235164803834003,0.0,0.0,0.0,False,NONE
1989,1059,1189,119.1623535,12.317557416952052,3342.0,22.28,0.0,0.0,0.0,1.4988618146429522,False,True,1748,PV+/PNN-,119.1623535,12.317557416952052,0.0,0.0,0.0,False,NONE
1990,1059,2584,104.06845539,11.51104134134072,5178.0,39.52671755725191,0.0,0.0,0.0,1.4215385013554964,False,True,1749,PV+/PNN-,104.06845539,11.51104134134072,0.0,0.0,0.0,False,NONE
1991,1059,590,106.45170246,11.642101063659146,1662.0,12.402985074626866,0.0,0.0,0.0,1.4556979362741675,False,True,1750,PV+/PNN-,106.45170246,11.642101063659146,0.0,0.0,0.0,False,NONE
1992,1060,720,113.60144367,12.026714032504808,2692.0,18.825174825174827,0.0,0.0,0.0,1.482080634129549,False,True,1751,PV+/PNN-,113.60144367,12.026714032504808,0.0,0.0,0.0,False,NONE
1993,1061,338,147.76131834,13.716251444643651,3178.0,17.086021505376344,0.0,0.0,0.0,1.4747519428218199,False,True,1752,PV+/PNN-,147.76131834,13.716251444643651,0.0,0.0,0.0,False,NONE
1994,1060,2182,78.64715331000001,10.006830950662698,5081.0,51.323232323232325,0.0,0.0,0.0,1.739897633329155,False,True,1753,PV+/PNN-,78.64715331000001,10.006830950662698,0.0,0.0,0.0,False,NONE
1995,1060,1217,69.90858072,9.434530697868027,2293.0,26.056818181818183,0.0,0.0,0.0,1.5194276501090078,False,True,1754,PV+/PNN-,69.90858072,9.434530697868027,0.0,0.0,0.0,False,NONE
1996,1064,1590,228.79171872,17.067708217046253,7536.0,26.166666666666668,0.0,0.0,0.0,1.435696780950216,False,True,1755,PV+/PNN-,228.79171872,17.067708217046253,0.0,0.0,0.0,False,NONE
1997,1061,2128,100.89079263,11.333937836259333,6704.0,52.78740157480315,0.0,0.0,0.0,1.5322130020360978,False,True,1756,PV+/PNN-,100.89079263,11.333937836259333,0.0,0.0,0.0,False,NONE
1998,1063,791,110.42378091,11.857315232959936,2467.0,17.74820143884892,0.0,0.0,0.0,1.4805423888670721,False,True,1757,PV+/PNN-,110.42378091,11.857315232959936,0.0,0.0,0.0,False,NONE
1999,1062,174,51.63701985,8.108408946599484,4178.0,64.27692307692308,0.0,0.0,0.0,1.349920577582965,False,True,1758,PV+/PNN-,51.63701985,8.108408946599484,0.0,0.0,0.0,False,NONE
2000,1067,441,96.91871418,11.108588547554572,1990.0,16.311475409836067,0.0,0.0,0.0,1.3543465466897944,False,True,1759,PV+/PNN-,96.91871418,11.108588547554572,0.0,0.0,0.0,False,NONE
2001,1064,1730,91.35780435,10.78519212710641,2857.0,24.843478260869563,0.0,0.0,0.0,1.3381821377778957,False,True,1760,PV+/PNN-,91.35780435,10.78519212710641,0.0,0.0,0.0,False,NONE
2002,1063,1786,64.34767089,9.051519164690074,1861.0,22.97530864197531,0.0,0.0,0.0,1.316589205296966,False,True,1761,PV+/PNN-,64.34767089,9.051519164690074,0.0,0.0,0.0,False,NONE
2003,1067,2565,105.65728677,11.598579038183399,6139.0,46.1578947368421,0.0,0.0,0.0,1.4214765179736408,False,True,1763,PV+/PNN-,105.65728677,11.598579038183399,0.0,0.0,0.0,False,NONE
2004,1068,426,97.71312987,11.154022637162193,1595.0,12.967479674796747,0.0,0.0,0.0,1.4174166064621132,False,True,1764,PV+/PNN-,97.71312987,11.154022637162193,0.0,0.0,0.0,False,NONE
2005,1069,131,148.55573403,13.753073662427433,17131.0,91.6096256684492,0.0,0.0,0.0,2.180807521325207,False,True,1765,PV+/PNN-,148.55573403,13.753073662427433,0.0,0.0,0.0,False,NONE
2006,1069,2703,102.47962401,11.422832828117684,4248.0,32.93023255813954,0.0,0.0,0.0,1.3671870035753053,False,True,1766,PV+/PNN-,102.47962401,11.422832828117684,0.0,0.0,0.0,False,NONE
2007,1068,2720,95.32988280000001,11.017158280424603,3771.0,31.425,0.0,0.0,0.0,1.2526138026155262,False,True,1767,PV+/PNN-,95.32988280000001,11.017158280424603,0.0,0.0,0.0,False,NONE
2008,1070,227,139.02274575,13.304482609502793,6378.0,36.44571428571429,0.0,0.0,0.0,1.292066838543695,False,True,1768,PV+/PNN-,139.02274575,13.304482609502793,0.0,0.0,0.0,False,NONE
2009,1069,625,79.441569,10.057243516322302,1173.0,11.73,0.0,0.0,0.0,1.404592360975075,False,True,1769,PV+/PNN-,79.441569,10.057243516322302,0.0,0.0,0.0,False,NONE
2010,1070,1334,91.35780435,10.78519212710641,4283.0,37.243478260869566,0.0,0.0,0.0,1.5459525223276216,False,True,1770,PV+/PNN-,91.35780435,10.78519212710641,0.0,0.0,0.0,False,NONE
2011,1070,2372,165.23846352,14.504762875171126,49682.0,238.85576923076923,0.0,0.0,0.0,1.7587907525239592,False,True,1771,PV+/PNN-,165.23846352,14.504762875171126,0.0,0.0,0.0,False,NONE
2012,1068,2634,68.31974934,9.326703948667076,4456.0,51.81395348837209,0.0,0.0,0.0,1.291057761699987,False,True,1772,PV+/PNN-,68.31974934,9.326703948667076,0.0,0.0,0.0,False,NONE
2013,1071,2664,151.73339679,13.899387074616612,11895.0,62.27748691099477,0.0,0.0,0.0,1.3965670478031096,False,True,1773,PV+/PNN-,151.73339679,13.899387074616612,0.0,0.0,0.0,False,NONE
2014,1072,206,124.72326333,12.60169000650996,4525.0,28.821656050955415,0.0,0.0,0.0,1.3206866287690664,False,True,1774,PV+/PNN-,124.72326333,12.60169000650996,0.0,0.0,0.0,False,NONE
2015,1071,1158,127.90092609,12.761211420003875,4512.0,28.024844720496894,0.0,0.0,0.0,1.5071318249722856,False,True,1775,PV+/PNN-,127.90092609,12.761211420003875,0.0,0.0,0.0,False,NONE
2016,1072,2023,100.89079263,11.333937836259333,2912.0,22.929133858267715,0.0,0.0,0.0,1.599709030915246,False,True,1776,PV+/PNN-,100.89079263,11.333937836259333,0.0,0.0,0.0,False,NONE
2017,1070,2796,92.15222004,10.83198276817611,3635.0,31.336206896551722,0.0,0.0,0.0,1.3493387152650416,False,True,1777,PV+/PNN-,92.15222004,10.83198276817611,0.0,0.0,0.0,False,NONE
2018,1073,1832,133.46183592,13.035677474005707,4950.0,29.464285714285715,0.0,0.0,0.0,1.3643840123427826,False,True,1778,PV+/PNN-,133.46183592,13.035677474005707,0.0,0.0,0.0,False,NONE
2019,1073,1896,108.83494953,11.77170172875832,8528.0,62.24817518248175,0.0,0.0,0.0,1.8440703364573132,False,True,1779,PV+/PNN-,108.83494953,11.77170172875832,0.0,0.0,0.0,False,NONE
2020,1072,2412,56.40351399,8.474384017383858,7458.0,105.04225352112677,0.0,0.0,0.0,1.32900631511337,False,True,1780,PV+/PNN-,56.40351399,8.474384017383858,0.0,0.0,0.0,False,NONE
2021,1074,2776,112.01261229,11.942314996545514,3574.0,25.347517730496453,0.0,0.0,0.0,1.241735453280217,False,True,1781,PV+/PNN-,112.01261229,11.942314996545514,0.0,0.0,0.0,False,NONE
2022,1075,1179,130.28417316,12.879555944225542,3414.0,20.817073170731707,0.0,0.0,0.0,1.633074649954026,False,True,1782,PV+/PNN-,130.28417316,12.879555944225542,0.0,0.0,0.0,False,NONE
2023,1074,2844,78.64715331000001,10.006830950662698,1748.0,17.656565656565657,0.0,0.0,0.0,1.4330975020602992,False,True,1783,PV+/PNN-,78.64715331000001,10.006830950662698,0.0,0.0,0.0,False,NONE
2024,1077,749,115.19027505,12.11052490037406,2544.0,17.544827586206896,0.0,0.0,0.0,1.4239334644228587,False,True,1784,PV+/PNN-,115.19027505,12.11052490037406,0.0,0.0,0.0,False,NONE
2025,1074,1091,46.87052571,7.72511532706782,3175.0,53.813559322033896,0.0,0.0,0.0,2.2788489750383616,False,True,1785,PV+/PNN-,46.87052571,7.72511532706782,0.0,0.0,0.0,False,NONE
2026,1075,2578,68.31974934,9.326703948667076,4645.0,54.01162790697674,0.0,0.0,0.0,1.4009350180148794,False,True,1786,PV+/PNN-,68.31974934,9.326703948667076,0.0,0.0,0.0,False,NONE
2027,1077,352,98.50754556,11.199272407696524,2417.0,19.491935483870968,0.0,0.0,0.0,1.4027198904964921,False,True,1787,PV+/PNN-,98.50754556,11.199272407696524,0.0,0.0,0.0,False,NONE
2028,1082,960,200.98716957,15.99702510721652,5552.0,21.944664031620555,0.0,0.0,0.0,1.4814444599443093,False,True,1788,PV+/PNN-,200.98716957,15.99702510721652,0.0,0.0,0.0,False,NONE
2029,1078,984,107.24611815,11.68546099424064,4230.0,31.333333333333332,0.0,0.0,0.0,1.3004234897382563,False,True,1789,PV+/PNN-,107.24611815,11.68546099424064,0.0,0.0,0.0,False,NONE
2030,1075,2513,35.74870605,6.746604050629706,3058.0,67.95555555555555,0.0,0.0,0.0,1.5059113998814408,False,True,1791,PV+/PNN-,35.74870605,6.746604050629706,0.0,0.0,0.0,False,NONE
2031,1079,151,114.39585936,12.068692219586765,9166.0,63.65277777777778,0.0,0.0,0.0,1.3236721219077408,False,True,1792,PV+/PNN-,114.39585936,12.068692219586765,0.0,0.0,0.0,False,NONE
2032,1081,1686,112.80702798,11.984588810142046,7751.0,54.58450704225352,0.0,0.0,0.0,1.368458219317379,False,True,1793,PV+/PNN-,112.80702798,11.984588810142046,0.0,0.0,0.0,False,NONE
2033,1081,2097,113.60144367,12.026714032504808,5951.0,41.61538461538461,0.0,0.0,0.0,1.50945664584277,False,True,1794,PV+/PNN-,113.60144367,12.026714032504808,0.0,0.0,0.0,False,NONE
2034,1083,276,162.85521645,14.3997813056499,4679.0,22.82439024390244,0.0,0.0,0.0,1.36638302365105,False,True,1795,PV+/PNN-,162.85521645,14.3997813056499,0.0,0.0,0.0,False,NONE
2035,1085,582,142.20040851,13.455674765407588,2093.0,11.692737430167599,0.0,0.0,0.0,1.524505277979868,False,True,1796,PV+/PNN-,142.20040851,13.455674765407588,0.0,0.0,0.0,False,NONE
2036,1083,221,100.89079263,11.333937836259333,2628.0,20.69291338582677,0.0,0.0,0.0,1.2409702947465446,False,True,1798,PV+/PNN-,100.89079263,11.333937836259333,0.0,0.0,0.0,False,NONE
2037,1084,1221,115.98469074,12.152213577535832,5440.0,37.26027397260274,0.0,0.0,0.0,1.5135753325365162,False,True,1799,PV+/PNN-,115.98469074,12.152213577535832,0.0,0.0,0.0,False,NONE
2038,1086,436,95.32988280000001,11.017158280424603,1800.0,15.0,0.0,0.0,0.0,1.4207914079060708,False,True,1800,PV+/PNN-,95.32988280000001,11.017158280424603,0.0,0.0,0.0,False,NONE
2039,1087,1725,147.76131834,13.716251444643651,4440.0,23.870967741935484,0.0,0.0,0.0,1.4983392647419524,False,True,1801,PV+/PNN-,147.76131834,13.716251444643651,0.0,0.0,0.0,False,NONE
2040,1087,2859,123.92884764,12.56149312576761,3075.0,19.71153846153846,0.0,0.0,0.0,1.433857946830111,False,True,1802,PV+/PNN-,123.92884764,12.56149312576761,0.0,0.0,0.0,False,NONE
2041,1086,338,105.65728677,11.598579038183399,2095.0,15.75187969924812,0.0,0.0,0.0,1.3108439292845109,False,True,1803,PV+/PNN-,105.65728677,11.598579038183399,0.0,0.0,0.0,False,NONE
2042,1086,1571,146.17248696000001,13.642308849668991,4623.0,25.125,0.0,0.0,0.0,1.4177834327060217,False,True,1804,PV+/PNN-,146.17248696000001,13.642308849668991,0.0,0.0,0.0,False,NONE
2043,1086,1035,97.71312987,11.154022637162193,3370.0,27.398373983739837,0.0,0.0,0.0,1.4816201461276446,False,True,1806,PV+/PNN-,97.71312987,11.154022637162193,0.0,0.0,0.0,False,NONE
2044,1086,1233,93.74105142,10.924962866435578,4254.0,36.05084745762712,0.0,0.0,0.0,1.498068640970248,False,True,1807,PV+/PNN-,93.74105142,10.924962866435578,0.0,0.0,0.0,False,NONE
2045,1084,2801,39.7207845,7.111545090435939,1154.0,23.08,0.0,0.0,0.0,1.2500264548418256,False,True,1808,PV+/PNN-,39.7207845,7.111545090435939,0.0,0.0,0.0,False,NONE
2046,1088,502,127.1065104,12.72151859781572,2022.0,12.6375,0.0,0.0,0.0,1.4655075270385063,False,True,1809,PV+/PNN-,127.1065104,12.72151859781572,0.0,0.0,0.0,False,NONE
2047,1087,692,81.82481607,10.206987389088184,1794.0,17.41747572815534,0.0,0.0,0.0,1.4279014264821752,False,True,1810,PV+/PNN-,81.82481607,10.206987389088184,0.0,0.0,0.0,False,NONE
2048,1089,709,113.60144367,12.026714032504808,3306.0,23.11888111888112,0.0,0.0,0.0,1.4424326171655737,False,True,1811,PV+/PNN-,113.60144367,12.026714032504808,0.0,0.0,0.0,False,NONE
2049,1086,1123,71.4974121,9.54113894836179,2756.0,30.622222222222224,0.0,0.0,0.0,1.4309158122379428,False,True,1812,PV+/PNN-,71.4974121,9.54113894836179,0.0,0.0,0.0,False,NONE
2050,1086,2440,71.4974121,9.54113894836179,11533.0,128.14444444444445,0.0,0.0,0.0,1.313172739637651,False,True,1813,PV+/PNN-,71.4974121,9.54113894836179,0.0,0.0,0.0,False,NONE
2051,1088,90,104.06845539,11.51104134134072,7889.0,60.221374045801525,0.0,0.0,0.0,1.3648624465714787,False,True,1814,PV+/PNN-,104.06845539,11.51104134134072,0.0,0.0,0.0,False,NONE
2052,1089,1179,109.62936522,11.814586030086609,2795.0,20.253623188405797,0.0,0.0,0.0,1.574907340513459,False,True,1815,PV+/PNN-,109.62936522,11.814586030086609,0.0,0.0,0.0,False,NONE
2053,1089,1358,92.94663573,10.878572156378345,5210.0,44.52991452991453,0.0,0.0,0.0,1.577214897056336,False,True,1816,PV+/PNN-,92.94663573,10.878572156378345,0.0,0.0,0.0,False,NONE
2054,1091,1666,121.54560057,12.440123196106569,5492.0,35.89542483660131,0.0,0.0,0.0,1.5382918477228102,False,True,1817,PV+/PNN-,121.54560057,12.440123196106569,0.0,0.0,0.0,False,NONE
2055,1088,1761,69.11416503,9.380772250595795,2021.0,23.229885057471265,0.0,0.0,0.0,1.2839761815516133,False,True,1818,PV+/PNN-,69.11416503,9.380772250595795,0.0,0.0,0.0,False,NONE
2056,1089,2014,69.11416503,9.380772250595795,2557.0,29.39080459770115,0.0,0.0,0.0,1.4437943648746538,False,True,1819,PV+/PNN-,69.11416503,9.380772250595795,0.0,0.0,0.0,False,NONE
2057,1089,2120,62.75883951,8.93907356753593,5412.0,68.50632911392405,0.0,0.0,0.0,1.471242553542953,False,True,1820,PV+/PNN-,62.75883951,8.93907356753593,0.0,0.0,0.0,False,NONE
2058,1092,1803,84.20806314000001,10.354565948189398,4419.0,41.68867924528302,0.0,0.0,0.0,1.4046815066735947,False,True,1821,PV+/PNN-,84.20806314000001,10.354565948189398,0.0,0.0,0.0,False,NONE
2059,1092,2374,111.2181966,11.899891008124815,14188.0,101.34285714285714,0.0,0.0,0.0,1.3277433109512449,False,True,1822,PV+/PNN-,111.2181966,11.899891008124815,0.0,0.0,0.0,False,NONE
2060,1092,2415,115.19027505,12.11052490037406,24460.0,168.68965517241378,0.0,0.0,0.0,1.3368868616614742,False,True,1823,PV+/PNN-,115.19027505,12.11052490037406,0.0,0.0,0.0,False,NONE
2061,1092,830,103.2740397,11.467021901548332,3634.0,27.953846153846154,0.0,0.0,0.0,1.6936311246444737,False,True,1824,PV+/PNN-,103.2740397,11.467021901548332,0.0,0.0,0.0,False,NONE
2062,1094,1047,141.40599282,13.418036440588484,5207.0,29.252808988764045,0.0,0.0,0.0,1.4583692531977763,False,True,1825,PV+/PNN-,141.40599282,13.418036440588484,0.0,0.0,0.0,False,NONE
2063,1091,1431,23.832470700000002,5.508579140212301,964.0,32.13333333333333,0.0,0.0,0.0,1.8246426473663078,False,True,1826,PV+/PNN-,23.832470700000002,5.508579140212301,0.0,0.0,0.0,False,NONE
2064,1092,2585,68.31974934,9.326703948667076,5295.0,61.56976744186046,0.0,0.0,0.0,1.3381480144063695,False,True,1827,PV+/PNN-,68.31974934,9.326703948667076,0.0,0.0,0.0,False,NONE
2065,1096,296,121.54560057,12.440123196106569,3042.0,19.88235294117647,0.0,0.0,0.0,1.3472736744896652,False,True,1828,PV+/PNN-,121.54560057,12.440123196106569,0.0,0.0,0.0,False,NONE
2066,1091,616,30.18779622,6.199701276328615,437.0,11.5,0.0,0.0,0.0,1.4049831274580595,False,True,1829,PV+/PNN-,30.18779622,6.199701276328615,0.0,0.0,0.0,False,NONE
2067,1094,1865,105.65728677,11.598579038183399,4674.0,35.142857142857146,0.0,0.0,0.0,1.6858782551618836,False,True,1830,PV+/PNN-,105.65728677,11.598579038183399,0.0,0.0,0.0,False,NONE
2068,1097,2197,139.81716144,13.342441267550265,6412.0,36.43181818181818,0.0,0.0,0.0,2.2607334672873804,False,True,1833,PV+/PNN-,139.81716144,13.342441267550265,0.0,0.0,0.0,False,NONE
2069,1096,519,76.26390624,9.854045933561641,1186.0,12.354166666666666,0.0,0.0,0.0,1.304923224996866,False,True,1835,PV+/PNN-,76.26390624,9.854045933561641,0.0,0.0,0.0,False,NONE
2070,1097,763,87.3857259,10.548125988120718,2742.0,24.927272727272726,0.0,0.0,0.0,1.4026902001612083,False,True,1836,PV+/PNN-,87.3857259,10.548125988120718,0.0,0.0,0.0,False,NONE
2071,1097,2092,113.60144367,12.026714032504808,9268.0,64.81118881118881,0.0,0.0,0.0,1.4721686298885552,False,True,1839,PV+/PNN-,113.60144367,12.026714032504808,0.0,0.0,0.0,False,NONE
2072,1098,1546,119.95676919,12.358547737957586,5173.0,34.258278145695364,0.0,0.0,0.0,1.5524086642204098,False,True,1840,PV+/PNN-,119.95676919,12.358547737957586,0.0,0.0,0.0,False,NONE
2073,1099,209,142.20040851,13.455674765407588,6107.0,34.11731843575419,0.0,0.0,0.0,1.3785781093975755,False,True,1841,PV+/PNN-,142.20040851,13.455674765407588,0.0,0.0,0.0,False,NONE
2074,1098,388,65.14208658,9.10722134683339,1468.0,17.902439024390244,0.0,0.0,0.0,1.410008505731475,False,True,1842,PV+/PNN-,65.14208658,9.10722134683339,0.0,0.0,0.0,False,NONE
2075,1096,2641,56.40351399,8.474384017383858,3198.0,45.04225352112676,0.0,0.0,0.0,1.2501025067053515,False,True,1843,PV+/PNN-,56.40351399,8.474384017383858,0.0,0.0,0.0,False,NONE
2076,1100,1468,92.94663573,10.878572156378345,3172.0,27.11111111111111,0.0,0.0,0.0,1.5437553271846216,False,True,1844,PV+/PNN-,92.94663573,10.878572156378345,0.0,0.0,0.0,False,NONE
2077,1098,2448,50.84260416,8.045794813057842,6975.0,108.984375,0.0,0.0,0.0,1.3963240974373794,False,True,1845,PV+/PNN-,50.84260416,8.045794813057842,0.0,0.0,0.0,False,NONE
2078,1101,2813,134.25625161,13.074416571218995,8756.0,51.81065088757396,0.0,0.0,0.0,2.0752033494441084,False,True,1846,PV+/PNN-,134.25625161,13.074416571218995,0.0,0.0,0.0,False,NONE
2079,1101,497,128.69534178,12.800781162784691,2250.0,13.88888888888889,0.0,0.0,0.0,1.4182498907692633,False,True,1847,PV+/PNN-,128.69534178,12.800781162784691,0.0,0.0,0.0,False,NONE
2080,1103,1205,145.37807127,13.6051868520168,4780.0,26.120218579234972,0.0,0.0,0.0,1.5110996192233355,False,True,1848,PV+/PNN-,145.37807127,13.6051868520168,0.0,0.0,0.0,False,NONE
2081,1102,784,144.58365558,13.56796328882212,3013.0,16.554945054945055,0.0,0.0,0.0,1.4511646209016875,False,True,1849,PV+/PNN-,144.58365558,13.56796328882212,0.0,0.0,0.0,False,NONE
2082,1105,1653,146.96690265,13.679330108642857,6890.0,37.24324324324324,0.0,0.0,0.0,1.6177156327034776,False,True,1851,PV+/PNN-,146.96690265,13.679330108642857,0.0,0.0,0.0,False,NONE
2083,1104,2334,119.95676919,12.358547737957586,13765.0,91.15894039735099,0.0,0.0,0.0,1.393278953750365,False,True,1852,PV+/PNN-,119.95676919,12.358547737957586,0.0,0.0,0.0,False,NONE
2084,1101,2557,64.34767089,9.051519164690074,8470.0,104.5679012345679,0.0,0.0,0.0,1.430749155376513,False,True,1853,PV+/PNN-,64.34767089,9.051519164690074,0.0,0.0,0.0,False,NONE
2085,1106,460,115.19027505,12.11052490037406,2105.0,14.517241379310345,0.0,0.0,0.0,1.430450322383604,False,True,1854,PV+/PNN-,115.19027505,12.11052490037406,0.0,0.0,0.0,False,NONE
2086,1104,911,110.42378091,11.857315232959936,2773.0,19.949640287769785,0.0,0.0,0.0,1.321756766971522,False,True,1855,PV+/PNN-,110.42378091,11.857315232959936,0.0,0.0,0.0,False,NONE
2087,1105,147,100.89079263,11.333937836259333,7942.0,62.53543307086614,0.0,0.0,0.0,1.2967740981505649,False,True,1856,PV+/PNN-,100.89079263,11.333937836259333,0.0,0.0,0.0,False,NONE
2088,1107,415,91.35780435,10.78519212710641,1810.0,15.73913043478261,0.0,0.0,0.0,1.3939397268519746,False,True,1857,PV+/PNN-,91.35780435,10.78519212710641,0.0,0.0,0.0,False,NONE
2089,1106,520,63.5532552,8.995472067506276,1083.0,13.5375,0.0,0.0,0.0,1.3549827797489011,False,True,1858,PV+/PNN-,63.5532552,8.995472067506276,0.0,0.0,0.0,False,NONE
2090,1107,1167,140.61157713,13.380292240810528,4168.0,23.548022598870055,0.0,0.0,0.0,1.5932113483450927,False,True,1859,PV+/PNN-,140.61157713,13.380292240810528,0.0,0.0,0.0,False,NONE
2091,1109,1915,144.58365558,13.56796328882212,7829.0,43.01648351648352,0.0,0.0,0.0,1.5446206608882003,False,True,1860,PV+/PNN-,144.58365558,13.56796328882212,0.0,0.0,0.0,False,NONE
2092,1109,2627,123.92884764,12.56149312576761,7978.0,51.14102564102564,0.0,0.0,0.0,1.4671732944178955,False,True,1861,PV+/PNN-,123.92884764,12.56149312576761,0.0,0.0,0.0,False,NONE
2093,1108,2761,77.85273762,9.956163126610313,2469.0,25.193877551020407,0.0,0.0,0.0,1.4842239003526987,False,True,1862,PV+/PNN-,77.85273762,9.956163126610313,0.0,0.0,0.0,False,NONE
2094,1109,322,119.1623535,12.317557416952052,3689.0,24.593333333333334,0.0,0.0,0.0,1.3692694391949876,False,True,1863,PV+/PNN-,119.1623535,12.317557416952052,0.0,0.0,0.0,False,NONE
2095,1109,708,104.06845539,11.51104134134072,1692.0,12.916030534351146,0.0,0.0,0.0,1.3798043155599926,False,True,1864,PV+/PNN-,104.06845539,11.51104134134072,0.0,0.0,0.0,False,NONE
2096,1109,1232,86.59131021,10.500070494515816,2855.0,26.192660550458715,0.0,0.0,0.0,1.4335165766534697,False,True,1865,PV+/PNN-,86.59131021,10.500070494515816,0.0,0.0,0.0,False,NONE
2097,1112,2710,193.04301267,15.677691078926612,10658.0,43.86008230452675,0.0,0.0,0.0,1.428249302455063,False,True,1867,PV+/PNN-,193.04301267,15.677691078926612,0.0,0.0,0.0,False,NONE
2098,1112,228,130.28417316,12.879555944225542,4751.0,28.96951219512195,0.0,0.0,0.0,1.3083529012610504,False,True,1868,PV+/PNN-,130.28417316,12.879555944225542,0.0,0.0,0.0,False,NONE
2099,1111,812,103.2740397,11.467021901548332,2159.0,16.607692307692307,0.0,0.0,0.0,1.35667018047088,False,True,1869,PV+/PNN-,103.2740397,11.467021901548332,0.0,0.0,0.0,False,NONE
2100,1110,864,44.48727864,7.526151898686336,1681.0,30.017857142857142,0.0,0.0,0.0,1.2486765342642427,False,True,1870,PV+/PNN-,44.48727864,7.526151898686336,0.0,0.0,0.0,False,NONE
2101,1110,2129,104.86287108,11.554893086200376,6014.0,45.56060606060606,0.0,0.0,0.0,1.4639479597045564,False,True,1871,PV+/PNN-,104.86287108,11.554893086200376,0.0,0.0,0.0,False,NONE
2102,1113,570,104.06845539,11.51104134134072,1355.0,10.34351145038168,0.0,0.0,0.0,1.373621473219918,False,True,1872,PV+/PNN-,104.06845539,11.51104134134072,0.0,0.0,0.0,False,NONE
2103,1113,1985,131.07858885,12.91876320674319,4629.0,28.054545454545455,0.0,0.0,0.0,1.8984792122916792,False,True,1873,PV+/PNN-,131.07858885,12.91876320674319,0.0,0.0,0.0,False,NONE
2104,1113,2025,119.95676919,12.358547737957586,7128.0,47.205298013245034,0.0,0.0,0.0,2.042760609123891,False,True,1874,PV+/PNN-,119.95676919,12.358547737957586,0.0,0.0,0.0,False,NONE
2105,1115,2008,131.87300454,12.957851838301272,5487.0,33.05421686746988,0.0,0.0,0.0,1.6377952067783683,False,True,1875,PV+/PNN-,131.87300454,12.957851838301272,0.0,0.0,0.0,False,NONE
2106,1115,1098,113.60144367,12.026714032504808,4099.0,28.664335664335663,0.0,0.0,0.0,1.4301606119148198,False,True,1876,PV+/PNN-,113.60144367,12.026714032504808,0.0,0.0,0.0,False,NONE
2107,1116,1246,84.20806314000001,10.354565948189398,3487.0,32.89622641509434,0.0,0.0,0.0,1.5263017096539468,False,True,1878,PV+/PNN-,84.20806314000001,10.354565948189398,0.0,0.0,0.0,False,NONE
2108,1116,1159,91.35780435,10.78519212710641,2463.0,21.417391304347827,0.0,0.0,0.0,1.5306925505810318,False,True,1879,PV+/PNN-,91.35780435,10.78519212710641,0.0,0.0,0.0,False,NONE
2109,1116,1319,109.62936522,11.814586030086609,8130.0,58.91304347826087,0.0,0.0,0.0,1.636534149490073,False,True,1880,PV+/PNN-,109.62936522,11.814586030086609,0.0,0.0,0.0,False,NONE
2110,1116,2099,112.01261229,11.942314996545514,10185.0,72.23404255319149,0.0,0.0,0.0,2.611761230954843,False,True,1881,PV+/PNN-,112.01261229,11.942314996545514,0.0,0.0,0.0,False,NONE
2111,1116,1780,66.73091796,9.217615939230159,2869.0,34.154761904761905,0.0,0.0,0.0,1.2631399690240601,False,True,1882,PV+/PNN-,66.73091796,9.217615939230159,0.0,0.0,0.0,False,NONE
2112,1117,2197,93.74105142,10.924962866435578,4069.0,34.483050847457626,0.0,0.0,0.0,1.5238086519834826,False,True,1883,PV+/PNN-,93.74105142,10.924962866435578,0.0,0.0,0.0,False,NONE
2113,1120,410,103.2740397,11.467021901548332,1754.0,13.492307692307692,0.0,0.0,0.0,1.3525165786937017,False,True,1884,PV+/PNN-,103.2740397,11.467021901548332,0.0,0.0,0.0,False,NONE
2114,1120,1434,89.76897297000001,10.690996505268625,2938.0,26.0,0.0,0.0,0.0,1.5422543943890337,False,True,1885,PV+/PNN-,89.76897297000001,10.690996505268625,0.0,0.0,0.0,False,NONE
2115,1121,202,113.60144367,12.026714032504808,5091.0,35.6013986013986,0.0,0.0,0.0,1.3711605866708088,False,True,1886,PV+/PNN-,113.60144367,12.026714032504808,0.0,0.0,0.0,False,NONE
2116,1120,1234,108.83494953,11.77170172875832,3873.0,28.27007299270073,0.0,0.0,0.0,1.569159503504286,False,True,1887,PV+/PNN-,108.83494953,11.77170172875832,0.0,0.0,0.0,False,NONE
2117,1126,616,231.17496579000002,17.156372232981727,3324.0,11.422680412371134,0.0,0.0,0.0,1.5890559926152739,False,True,1890,PV+/PNN-,231.17496579000002,17.156372232981727,0.0,0.0,0.0,False,NONE
2118,1121,1828,50.04818847,7.982689565701676,1525.0,24.206349206349206,0.0,0.0,0.0,1.4002747578578851,False,True,1891,PV+/PNN-,50.04818847,7.982689565701676,0.0,0.0,0.0,False,NONE
2119,1120,2729,77.05832193,9.90523612702942,2837.0,29.24742268041237,0.0,0.0,0.0,1.2970370910384776,False,True,1892,PV+/PNN-,77.05832193,9.90523612702942,0.0,0.0,0.0,False,NONE
2120,1122,1391,71.4974121,9.54113894836179,2556.0,28.4,0.0,0.0,0.0,1.5329098114331003,False,True,1893,PV+/PNN-,71.4974121,9.54113894836179,0.0,0.0,0.0,False,NONE
2121,1124,489,114.39585936,12.068692219586765,2064.0,14.333333333333334,0.0,0.0,0.0,1.3133602286067596,False,True,1894,PV+/PNN-,114.39585936,12.068692219586765,0.0,0.0,0.0,False,NONE
2122,1123,1657,104.86287108,11.554893086200376,4482.0,33.95454545454545,0.0,0.0,0.0,1.3212858986645384,False,True,1895,PV+/PNN-,104.86287108,11.554893086200376,0.0,0.0,0.0,False,NONE
2123,1127,532,117.57352212,12.235164803834003,1783.0,12.047297297297296,0.0,0.0,0.0,1.3827564835241724,False,True,1896,PV+/PNN-,117.57352212,12.235164803834003,0.0,0.0,0.0,False,NONE
2124,1124,8,79.441569,10.057243516322302,3784.0,37.84,0.0,0.0,0.0,1.4072922021302412,False,True,1897,PV+/PNN-,79.441569,10.057243516322302,0.0,0.0,0.0,False,NONE
2125,1126,553,98.50754556,11.199272407696524,1482.0,11.951612903225806,0.0,0.0,0.0,1.4854569581548032,False,True,1898,PV+/PNN-,98.50754556,11.199272407696524,0.0,0.0,0.0,False,NONE
2126,1126,1049,111.2181966,11.899891008124815,5568.0,39.77142857142857,0.0,0.0,0.0,1.4728597730414137,False,True,1899,PV+/PNN-,111.2181966,11.899891008124815,0.0,0.0,0.0,False,NONE
2127,1126,1059,123.92884764,12.56149312576761,4827.0,30.942307692307693,0.0,0.0,0.0,1.4892393038591558,False,True,1900,PV+/PNN-,123.92884764,12.56149312576761,0.0,0.0,0.0,False,NONE
2128,1126,680,91.35780435,10.78519212710641,1411.0,12.269565217391305,0.0,0.0,0.0,1.5001726070878516,False,True,1901,PV+/PNN-,91.35780435,10.78519212710641,0.0,0.0,0.0,False,NONE
2129,1130,225,159.67755369,14.258603569939103,8550.0,42.53731343283582,0.0,0.0,0.0,1.824071785430514,False,True,1902,PV+/PNN-,159.67755369,14.258603569939103,0.0,0.0,0.0,False,NONE
2130,1128,1323,79.441569,10.057243516322302,2626.0,26.26,0.0,0.0,0.0,1.5753573140393202,False,True,1903,PV+/PNN-,79.441569,10.057243516322302,0.0,0.0,0.0,False,NONE
2131,1126,1474,68.31974934,9.326703948667076,2096.0,24.372093023255815,0.0,0.0,0.0,1.548484476494878,False,True,1904,PV+/PNN-,68.31974934,9.326703948667076,0.0,0.0,0.0,False,NONE
2132,1127,190,42.89844726,7.390534450171232,2662.0,49.2962962962963,0.0,0.0,0.0,1.779895280072354,False,True,1905,PV+/PNN-,42.89844726,7.390534450171232,0.0,0.0,0.0,False,NONE
2133,1128,374,84.20806314000001,10.354565948189398,1961.0,18.5,0.0,0.0,0.0,1.400224221747613,False,True,1906,PV+/PNN-,84.20806314000001,10.354565948189398,0.0,0.0,0.0,False,NONE
2134,1130,633,113.60144367,12.026714032504808,1750.0,12.237762237762238,0.0,0.0,0.0,1.49812864099592,False,True,1907,PV+/PNN-,113.60144367,12.026714032504808,0.0,0.0,0.0,False,NONE
2135,1129,2795,118.36793781,12.276430232296539,10002.0,67.12751677852349,0.0,0.0,0.0,1.3295358708744975,False,True,1908,PV+/PNN-,118.36793781,12.276430232296539,0.0,0.0,0.0,False,NONE
2136,1128,2822,81.03040038,10.157318055940708,3910.0,38.333333333333336,0.0,0.0,0.0,1.2910269837570416,False,True,1909,PV+/PNN-,81.03040038,10.157318055940708,0.0,0.0,0.0,False,NONE
2137,1130,1262,102.47962401,11.422832828117684,6591.0,51.093023255813954,0.0,0.0,0.0,1.5330493381077859,False,True,1910,PV+/PNN-,102.47962401,11.422832828117684,0.0,0.0,0.0,False,NONE
2138,1129,1346,66.73091796,9.217615939230159,2562.0,30.5,0.0,0.0,0.0,1.5146430290142197,False,True,1911,PV+/PNN-,66.73091796,9.217615939230159,0.0,0.0,0.0,False,NONE
2139,1130,1762,104.86287108,11.554893086200376,5196.0,39.36363636363637,0.0,0.0,0.0,1.3601472486252604,False,True,1912,PV+/PNN-,104.86287108,11.554893086200376,0.0,0.0,0.0,False,NONE
2140,1130,2707,113.60144367,12.026714032504808,7334.0,51.28671328671329,0.0,0.0,0.0,1.3721045870747133,False,True,1914,PV+/PNN-,113.60144367,12.026714032504808,0.0,0.0,0.0,False,NONE
2141,1133,318,140.61157713,13.380292240810528,3435.0,19.406779661016948,0.0,0.0,0.0,1.5100806461097576,False,True,1915,PV+/PNN-,140.61157713,13.380292240810528,0.0,0.0,0.0,False,NONE
2142,1132,394,107.24611815,11.68546099424064,1981.0,14.674074074074074,0.0,0.0,0.0,1.4274160181479132,False,True,1916,PV+/PNN-,107.24611815,11.68546099424064,0.0,0.0,0.0,False,NONE
2143,1132,703,112.01261229,11.942314996545514,1603.0,11.368794326241135,0.0,0.0,0.0,1.5256017307648615,False,True,1917,PV+/PNN-,112.01261229,11.942314996545514,0.0,0.0,0.0,False,NONE
2144,1131,1251,94.53546711,10.971157418634661,4221.0,35.470588235294116,0.0,0.0,0.0,1.5501398901404384,False,True,1918,PV+/PNN-,94.53546711,10.971157418634661,0.0,0.0,0.0,False,NONE
2145,1132,2104,118.36793781,12.276430232296539,5114.0,34.32214765100671,0.0,0.0,0.0,1.6969135851093247,False,True,1919,PV+/PNN-,118.36793781,12.276430232296539,0.0,0.0,0.0,False,NONE
2146,1134,2664,150.9389811,13.862953494062992,15222.0,80.11578947368422,0.0,0.0,0.0,1.873547664782252,False,True,1920,PV+/PNN-,150.9389811,13.862953494062992,0.0,0.0,0.0,False,NONE
2147,1134,581,110.42378091,11.857315232959936,1723.0,12.39568345323741,0.0,0.0,0.0,1.502879204179596,False,True,1921,PV+/PNN-,110.42378091,11.857315232959936,0.0,0.0,0.0,False,NONE
2148,1133,1204,142.20040851,13.455674765407588,4298.0,24.011173184357542,0.0,0.0,0.0,1.6911714498490498,False,True,1922,PV+/PNN-,142.20040851,13.455674765407588,0.0,0.0,0.0,False,NONE
2149,1134,1834,119.95676919,12.358547737957586,2818.0,18.662251655629138,0.0,0.0,0.0,1.2819775551350807,False,True,1923,PV+/PNN-,119.95676919,12.358547737957586,0.0,0.0,0.0,False,NONE
2150,1133,2609,74.67507486,9.75085936304132,5563.0,59.180851063829785,0.0,0.0,0.0,1.3930031492079533,False,True,1924,PV+/PNN-,74.67507486,9.75085936304132,0.0,0.0,0.0,False,NONE
2151,1136,1503,112.01261229,11.942314996545514,8006.0,56.780141843971634,0.0,0.0,0.0,1.6567642266009368,False,True,1925,PV+/PNN-,112.01261229,11.942314996545514,0.0,0.0,0.0,False,NONE
2152,1135,2210,95.32988280000001,11.017158280424603,3990.0,33.25,0.0,0.0,0.0,1.5428467267958639,False,True,1926,PV+/PNN-,95.32988280000001,11.017158280424603,0.0,0.0,0.0,False,NONE
2153,1135,2305,124.72326333,12.60169000650996,6266.0,39.910828025477706,0.0,0.0,0.0,1.4380523350366299,False,True,1927,PV+/PNN-,124.72326333,12.60169000650996,0.0,0.0,0.0,False,NONE
2154,1135,559,69.90858072,9.434530697868027,1121.0,12.738636363636363,0.0,0.0,0.0,1.4051446012113589,False,True,1928,PV+/PNN-,69.90858072,9.434530697868027,0.0,0.0,0.0,False,NONE
2155,1137,674,133.46183592,13.035677474005707,1737.0,10.339285714285714,0.0,0.0,0.0,1.4977690217944326,False,True,1929,PV+/PNN-,133.46183592,13.035677474005707,0.0,0.0,0.0,False,NONE
2156,1136,1101,99.30196125,11.244340084382843,3410.0,27.28,0.0,0.0,0.0,1.5459290454480115,False,True,1930,PV+/PNN-,99.30196125,11.244340084382843,0.0,0.0,0.0,False,NONE
2157,1138,2089,153.32222817,13.97196922387648,4936.0,25.575129533678755,0.0,0.0,0.0,1.6559258898588962,False,True,1931,PV+/PNN-,153.32222817,13.97196922387648,0.0,0.0,0.0,False,NONE
2158,1139,347,92.94663573,10.878572156378345,2251.0,19.23931623931624,0.0,0.0,0.0,1.3003081119111124,False,True,1932,PV+/PNN-,92.94663573,10.878572156378345,0.0,0.0,0.0,False,NONE
2159,1136,1272,95.32988280000001,11.017158280424603,4991.0,41.59166666666667,0.0,0.0,0.0,1.5760322743281119,False,True,1933,PV+/PNN-,95.32988280000001,11.017158280424603,0.0,0.0,0.0,False,NONE
2160,1136,1430,108.04053384,11.728660627684029,3386.0,24.897058823529413,0.0,0.0,0.0,1.5936010936098899,False,True,1934,PV+/PNN-,108.04053384,11.728660627684029,0.0,0.0,0.0,False,NONE
2161,1137,2630,104.06845539,11.51104134134072,8328.0,63.57251908396947,0.0,0.0,0.0,1.5189182682116722,False,True,1935,PV+/PNN-,104.06845539,11.51104134134072,0.0,0.0,0.0,False,NONE
2162,1137,1317,72.29182779,9.593998848416254,2931.0,32.20879120879121,0.0,0.0,0.0,1.5138395048608964,False,True,1936,PV+/PNN-,72.29182779,9.593998848416254,0.0,0.0,0.0,False,NONE
2163,1138,2191,104.06845539,11.51104134134072,8275.0,63.16793893129771,0.0,0.0,0.0,1.9903599966423642,False,True,1937,PV+/PNN-,104.06845539,11.51104134134072,0.0,0.0,0.0,False,NONE
2164,1137,2807,87.3857259,10.548125988120718,5126.0,46.6,0.0,0.0,0.0,1.2425405316388656,False,True,1938,PV+/PNN-,87.3857259,10.548125988120718,0.0,0.0,0.0,False,NONE
2165,1139,244,150.9389811,13.862953494062992,7988.0,42.04210526315789,0.0,0.0,0.0,1.3694589017321923,False,True,1939,PV+/PNN-,150.9389811,13.862953494062992,0.0,0.0,0.0,False,NONE
2166,1136,1217,37.33753743,6.894898778002857,1976.0,42.04255319148936,0.0,0.0,0.0,1.8353175512244992,False,True,1940,PV+/PNN-,37.33753743,6.894898778002857,0.0,0.0,0.0,False,NONE
2167,1139,1396,123.92884764,12.56149312576761,3338.0,21.397435897435898,0.0,0.0,0.0,1.5935120151404039,False,True,1941,PV+/PNN-,123.92884764,12.56149312576761,0.0,0.0,0.0,False,NONE
2168,1144,2365,181.12677732,15.186104684686724,30876.0,135.42105263157896,0.0,0.0,0.0,1.7415751662106544,False,True,1942,PV+/PNN-,181.12677732,15.186104684686724,0.0,0.0,0.0,False,NONE
2169,1142,176,143.78923989,13.53063732184699,7617.0,42.0828729281768,0.0,0.0,0.0,1.462538261127179,False,True,1943,PV+/PNN-,143.78923989,13.53063732184699,0.0,0.0,0.0,False,NONE
2170,1140,1125,69.90858072,9.434530697868027,2493.0,28.329545454545453,0.0,0.0,0.0,1.470339629105991,False,True,1944,PV+/PNN-,69.90858072,9.434530697868027,0.0,0.0,0.0,False,NONE
2171,1143,2279,101.68520832,11.378472144697502,3778.0,29.515625,0.0,0.0,0.0,1.5128602097990338,False,True,1945,PV+/PNN-,101.68520832,11.378472144697502,0.0,0.0,0.0,False,NONE
2172,1141,1746,100.89079263,11.333937836259333,4521.0,35.59842519685039,0.0,0.0,0.0,1.328661985810005,False,True,1946,PV+/PNN-,100.89079263,11.333937836259333,0.0,0.0,0.0,False,NONE
2173,1143,2419,162.06080076,14.36461695204847,27331.0,133.97549019607843,0.0,0.0,0.0,1.9047776385159632,False,True,1947,PV+/PNN-,162.06080076,14.36461695204847,0.0,0.0,0.0,False,NONE
2174,1141,1470,37.33753743,6.894898778002857,1266.0,26.93617021276596,0.0,0.0,0.0,1.52799520696625,False,True,1948,PV+/PNN-,37.33753743,6.894898778002857,0.0,0.0,0.0,False,NONE
2175,1146,277,132.66742023,12.996822909266468,9394.0,56.25149700598802,0.0,0.0,0.0,1.7912718562418268,False,True,1949,PV+/PNN-,132.66742023,12.996822909266468,0.0,0.0,0.0,False,NONE
2176,1144,478,89.76897297000001,10.690996505268625,1790.0,15.84070796460177,0.0,0.0,0.0,1.3564909874738555,False,True,1950,PV+/PNN-,89.76897297000001,10.690996505268625,0.0,0.0,0.0,False,NONE
2177,1147,570,128.69534178,12.800781162784691,2112.0,13.037037037037036,0.0,0.0,0.0,1.432832366144388,False,True,1951,PV+/PNN-,128.69534178,12.800781162784691,0.0,0.0,0.0,False,NONE
2178,1144,2531,87.3857259,10.548125988120718,8848.0,80.43636363636364,0.0,0.0,0.0,1.4333702132880939,False,True,1952,PV+/PNN-,87.3857259,10.548125988120718,0.0,0.0,0.0,False,NONE
2179,1148,634,170.00495766,14.712478883374446,2202.0,10.289719626168225,0.0,0.0,0.0,1.5426312020930566,False,True,1953,PV+/PNN-,170.00495766,14.712478883374446,0.0,0.0,0.0,False,NONE
2180,1147,944,128.69534178,12.800781162784691,11171.0,68.95679012345678,0.0,0.0,0.0,1.6486530016962324,False,True,1954,PV+/PNN-,128.69534178,12.800781162784691,0.0,0.0,0.0,False,NONE
2181,1145,2576,85.00247883,10.403293586497956,11248.0,105.1214953271028,0.0,0.0,0.0,1.5107755996781316,False,True,1956,PV+/PNN-,85.00247883,10.403293586497956,0.0,0.0,0.0,False,NONE
2182,1146,123,104.86287108,11.554893086200376,14435.0,109.35606060606061,0.0,0.0,0.0,1.5150813149160323,False,True,1957,PV+/PNN-,104.86287108,11.554893086200376,0.0,0.0,0.0,False,NONE
2183,1148,661,108.83494953,11.77170172875832,1378.0,10.058394160583942,0.0,0.0,0.0,1.5455112598094018,False,True,1958,PV+/PNN-,108.83494953,11.77170172875832,0.0,0.0,0.0,False,NONE
2184,1146,1679,102.47962401,11.422832828117684,3472.0,26.914728682170544,0.0,0.0,0.0,1.4336365823943116,False,True,1959,PV+/PNN-,102.47962401,11.422832828117684,0.0,0.0,0.0,False,NONE
2185,1146,1703,85.00247883,10.403293586497956,5012.0,46.8411214953271,0.0,0.0,0.0,1.3902920341088107,False,True,1960,PV+/PNN-,85.00247883,10.403293586497956,0.0,0.0,0.0,False,NONE
2186,1147,885,104.86287108,11.554893086200376,2248.0,17.03030303030303,0.0,0.0,0.0,1.3448072420618176,False,True,1961,PV+/PNN-,104.86287108,11.554893086200376,0.0,0.0,0.0,False,NONE
2187,1148,2152,78.64715331000001,10.006830950662698,3463.0,34.97979797979798,0.0,0.0,0.0,1.5237739853019832,False,True,1962,PV+/PNN-,78.64715331000001,10.006830950662698,0.0,0.0,0.0,False,NONE
2188,1149,1264,108.04053384,11.728660627684029,4336.0,31.88235294117647,0.0,0.0,0.0,1.6174232214495894,False,True,1963,PV+/PNN-,108.04053384,11.728660627684029,0.0,0.0,0.0,False,NONE
2189,1148,1448,118.36793781,12.276430232296539,3479.0,23.348993288590606,0.0,0.0,0.0,1.526135042240607,False,True,1964,PV+/PNN-,118.36793781,12.276430232296539,0.0,0.0,0.0,False,NONE
2190,1153,332,190.65976560000001,15.580614658987523,4441.0,18.504166666666666,0.0,0.0,0.0,1.3223596991239794,False,True,1965,PV+/PNN-,190.65976560000001,15.580614658987523,0.0,0.0,0.0,False,NONE
2191,1150,426,100.09637694,11.289227848029503,2099.0,16.658730158730158,0.0,0.0,0.0,1.4184879719998775,False,True,1966,PV+/PNN-,100.09637694,11.289227848029503,0.0,0.0,0.0,False,NONE
2192,1148,2006,79.441569,10.057243516322302,3899.0,38.99,0.0,0.0,0.0,1.5942562021254818,False,True,1967,PV+/PNN-,79.441569,10.057243516322302,0.0,0.0,0.0,False,NONE
2193,1150,2052,107.24611815,11.68546099424064,3960.0,29.333333333333332,0.0,0.0,0.0,1.6559025751684373,False,True,1968,PV+/PNN-,107.24611815,11.68546099424064,0.0,0.0,0.0,False,NONE
2194,1149,2851,116.77910643,12.193759728054031,3088.0,21.006802721088434,0.0,0.0,0.0,1.3802249170797256,False,True,1969,PV+/PNN-,116.77910643,12.193759728054031,0.0,0.0,0.0,False,NONE
2195,1150,386,82.61923176,10.256416188536388,1810.0,17.403846153846153,0.0,0.0,0.0,1.3927545959101166,False,True,1970,PV+/PNN-,82.61923176,10.256416188536388,0.0,0.0,0.0,False,NONE
2196,1152,455,118.36793781,12.276430232296539,3281.0,22.02013422818792,0.0,0.0,0.0,1.6339474910542802,False,True,1971,PV+/PNN-,118.36793781,12.276430232296539,0.0,0.0,0.0,False,NONE
2197,1151,796,108.83494953,11.77170172875832,1577.0,11.510948905109489,0.0,0.0,0.0,1.4873759940594786,False,True,1972,PV+/PNN-,108.83494953,11.77170172875832,0.0,0.0,0.0,False,NONE
2198,1152,2245,166.03287921,14.539588286344586,6367.0,30.464114832535884,0.0,0.0,0.0,1.3731727980580783,False,True,1973,PV+/PNN-,166.03287921,14.539588286344586,0.0,0.0,0.0,False,NONE
2199,1152,615,96.91871418,11.108588547554572,1449.0,11.87704918032787,0.0,0.0,0.0,1.508148973152116,False,True,1974,PV+/PNN-,96.91871418,11.108588547554572,0.0,0.0,0.0,False,NONE
2200,1154,2764,185.09885577,15.351715957885437,21828.0,93.6824034334764,0.0,0.0,0.0,1.3901864488885514,False,True,1976,PV+/PNN-,185.09885577,15.351715957885437,0.0,0.0,0.0,False,NONE
2201,1153,848,131.87300454,12.957851838301272,2622.0,15.795180722891565,0.0,0.0,0.0,1.4759673785018563,False,True,1977,PV+/PNN-,131.87300454,12.957851838301272,0.0,0.0,0.0,False,NONE
2202,1156,1623,158.883138,14.223090180871878,4967.0,24.835,0.0,0.0,0.0,1.5264226931019376,False,True,1979,PV+/PNN-,158.883138,14.223090180871878,0.0,0.0,0.0,False,NONE
2203,1153,404,53.22585123,8.232208609372499,1020.0,15.223880597014926,0.0,0.0,0.0,1.3035800204420571,False,True,1980,PV+/PNN-,53.22585123,8.232208609372499,0.0,0.0,0.0,False,NONE
2204,1156,1110,148.55573403,13.753073662427433,4227.0,22.60427807486631,0.0,0.0,0.0,1.3621925828337194,False,True,1981,PV+/PNN-,148.55573403,13.753073662427433,0.0,0.0,0.0,False,NONE
2205,1154,1465,88.18014159,10.595963539609496,3437.0,30.963963963963963,0.0,0.0,0.0,1.6989540962913532,False,True,1982,PV+/PNN-,88.18014159,10.595963539609496,0.0,0.0,0.0,False,NONE
2206,1156,2862,108.04053384,11.728660627684029,3255.0,23.933823529411764,0.0,0.0,0.0,1.5270976533907292,False,True,1983,PV+/PNN-,108.04053384,11.728660627684029,0.0,0.0,0.0,False,NONE
2207,1155,878,83.41364745,10.305607915302103,1667.0,15.876190476190477,0.0,0.0,0.0,1.4212735223980646,False,True,1984,PV+/PNN-,83.41364745,10.305607915302103,0.0,0.0,0.0,False,NONE
2208,1156,1733,113.60144367,12.026714032504808,5585.0,39.05594405594405,0.0,0.0,0.0,1.3074405594072773,False,True,1985,PV+/PNN-,113.60144367,12.026714032504808,0.0,0.0,0.0,False,NONE
2209,1156,507,82.61923176,10.256416188536388,1396.0,13.423076923076923,0.0,0.0,0.0,1.437535615070321,False,True,1986,PV+/PNN-,82.61923176,10.256416188536388,0.0,0.0,0.0,False,NONE
2210,1158,1281,131.87300454,12.957851838301272,6855.0,41.295180722891565,0.0,0.0,0.0,1.9659234917510953,False,True,1987,PV+/PNN-,131.87300454,12.957851838301272,0.0,0.0,0.0,False,NONE
2211,1158,1954,112.01261229,11.942314996545514,5659.0,40.13475177304964,0.0,0.0,0.0,1.4442235399176617,False,True,1988,PV+/PNN-,112.01261229,11.942314996545514,0.0,0.0,0.0,False,NONE
2212,1157,596,94.53546711,10.971157418634661,1277.0,10.731092436974789,0.0,0.0,0.0,1.5178098595008462,False,True,1989,PV+/PNN-,94.53546711,10.971157418634661,0.0,0.0,0.0,False,NONE
2213,1157,760,63.5532552,8.995472067506276,1070.0,13.375,0.0,0.0,0.0,1.505161444005006,False,True,1990,PV+/PNN-,63.5532552,8.995472067506276,0.0,0.0,0.0,False,NONE
2214,1157,1932,90.56338866,10.738197602350779,2955.0,25.92105263157895,0.0,0.0,0.0,1.312620140570804,False,True,1991,PV+/PNN-,90.56338866,10.738197602350779,0.0,0.0,0.0,False,NONE
2215,1158,2690,103.2740397,11.467021901548332,9585.0,73.73076923076923,0.0,0.0,0.0,1.4215702082392916,False,True,1992,PV+/PNN-,103.2740397,11.467021901548332,0.0,0.0,0.0,False,NONE
2216,1158,101,93.74105142,10.924962866435578,9524.0,80.71186440677967,0.0,0.0,0.0,1.610180688939003,False,True,1993,PV+/PNN-,93.74105142,10.924962866435578,0.0,0.0,0.0,False,NONE
2217,1158,2459,81.03040038,10.157318055940708,4869.0,47.73529411764706,0.0,0.0,0.0,1.4200635095554133,False,True,1994,PV+/PNN-,81.03040038,10.157318055940708,0.0,0.0,0.0,False,NONE
2218,1158,181,62.75883951,8.93907356753593,3373.0,42.69620253164557,0.0,0.0,0.0,1.4097271854505649,False,True,1995,PV+/PNN-,62.75883951,8.93907356753593,0.0,0.0,0.0,False,NONE
2219,1159,679,107.24611815,11.68546099424064,1402.0,10.385185185185184,0.0,0.0,0.0,1.6289041636167778,False,True,1996,PV+/PNN-,107.24611815,11.68546099424064,0.0,0.0,0.0,False,NONE
2220,1158,1268,58.78676106,8.651568001725998,2785.0,37.63513513513514,0.0,0.0,0.0,1.5332543857547056,False,True,1997,PV+/PNN-,58.78676106,8.651568001725998,0.0,0.0,0.0,False,NONE
2221,1160,1810,120.75118488,12.39940255265723,5437.0,35.76973684210526,0.0,0.0,0.0,1.3081796123550709,False,True,1998,PV+/PNN-,120.75118488,12.39940255265723,0.0,0.0,0.0,False,NONE
2222,1162,542,111.2181966,11.899891008124815,1689.0,12.064285714285715,0.0,0.0,0.0,1.4791272614373345,False,True,1999,PV+/PNN-,111.2181966,11.899891008124815,0.0,0.0,0.0,False,NONE
2223,1160,706,69.90858072,9.434530697868027,961.0,10.920454545454545,0.0,0.0,0.0,1.5186606497808357,False,True,2000,PV+/PNN-,69.90858072,9.434530697868027,0.0,0.0,0.0,False,NONE
2224,1161,1143,135.05066730000001,13.113041224263421,11285.0,66.38235294117646,0.0,0.0,0.0,1.5921122106199088,False,True,2001,PV+/PNN-,135.05066730000001,13.113041224263421,0.0,0.0,0.0,False,NONE
2225,1161,1383,146.17248696000001,13.642308849668991,4335.0,23.559782608695652,0.0,0.0,0.0,1.6103672107579394,False,True,2002,PV+/PNN-,146.17248696000001,13.642308849668991,0.0,0.0,0.0,False,NONE
2226,1163,2130,142.20040851,13.455674765407588,9421.0,52.63128491620112,0.0,0.0,0.0,1.9110048846900745,False,True,2003,PV+/PNN-,142.20040851,13.455674765407588,0.0,0.0,0.0,False,NONE
2227,1162,1524,86.59131021,10.500070494515816,3532.0,32.403669724770644,0.0,0.0,0.0,1.5133971979875076,False,True,2004,PV+/PNN-,86.59131021,10.500070494515816,0.0,0.0,0.0,False,NONE
2228,1164,2819,124.72326333,12.60169000650996,4587.0,29.21656050955414,0.0,0.0,0.0,1.4591179746231158,False,True,2005,PV+/PNN-,124.72326333,12.60169000650996,0.0,0.0,0.0,False,NONE
2229,1162,520,37.33753743,6.894898778002857,766.0,16.29787234042553,0.0,0.0,0.0,1.4906569782245933,False,True,2006,PV+/PNN-,37.33753743,6.894898778002857,0.0,0.0,0.0,False,NONE
2230,1166,583,130.28417316,12.879555944225542,1944.0,11.853658536585366,0.0,0.0,0.0,1.5799832613844522,False,True,2007,PV+/PNN-,130.28417316,12.879555944225542,0.0,0.0,0.0,False,NONE
2231,1165,856,96.12429849,11.062967867954534,1558.0,12.87603305785124,0.0,0.0,0.0,1.4553482590553537,False,True,2008,PV+/PNN-,96.12429849,11.062967867954534,0.0,0.0,0.0,False,NONE
2232,1166,228,197.80950681,15.870062583211556,8783.0,35.273092369477915,0.0,0.0,0.0,1.55430614294392,False,True,2009,PV+/PNN-,197.80950681,15.870062583211556,0.0,0.0,0.0,False,NONE
2233,1165,909,73.88065917,9.698854408967303,1242.0,13.35483870967742,0.0,0.0,0.0,1.3796768913899013,False,True,2010,PV+/PNN-,73.88065917,9.698854408967303,0.0,0.0,0.0,False,NONE
2234,1165,741,80.23598469,10.107404643036364,1093.0,10.821782178217822,0.0,0.0,0.0,1.5209996210786279,False,True,2011,PV+/PNN-,80.23598469,10.107404643036364,0.0,0.0,0.0,False,NONE
2235,1167,1294,79.441569,10.057243516322302,2560.0,25.6,0.0,0.0,0.0,1.5530836245092015,False,True,2012,PV+/PNN-,79.441569,10.057243516322302,0.0,0.0,0.0,False,NONE
2236,1167,1636,117.57352212,12.235164803834003,4539.0,30.66891891891892,0.0,0.0,0.0,1.3832125377733557,False,True,2013,PV+/PNN-,117.57352212,12.235164803834003,0.0,0.0,0.0,False,NONE
2237,1168,616,100.89079263,11.333937836259333,1189.0,9.362204724409448,0.0,0.0,0.0,1.58695387585147,False,True,2014,PV+/PNN-,100.89079263,11.333937836259333,0.0,0.0,0.0,False,NONE
2238,1167,1170,92.94663573,10.878572156378345,5418.0,46.30769230769231,0.0,0.0,0.0,2.3946668023704647,False,True,2015,PV+/PNN-,92.94663573,10.878572156378345,0.0,0.0,0.0,False,NONE
2239,1167,1601,107.24611815,11.68546099424064,4209.0,31.177777777777777,0.0,0.0,0.0,1.4944120764427713,False,True,2016,PV+/PNN-,107.24611815,11.68546099424064,0.0,0.0,0.0,False,NONE
2240,1167,1904,104.06845539,11.51104134134072,3571.0,27.259541984732824,0.0,0.0,0.0,1.31333876040419,False,True,2017,PV+/PNN-,104.06845539,11.51104134134072,0.0,0.0,0.0,False,NONE
2241,1168,2232,69.11416503,9.380772250595795,2559.0,29.413793103448278,0.0,0.0,0.0,1.3972453794407584,False,True,2018,PV+/PNN-,69.11416503,9.380772250595795,0.0,0.0,0.0,False,NONE
2242,1171,318,126.31209471,12.681701540530954,3773.0,23.729559748427672,0.0,0.0,0.0,1.349920577582965,False,True,2019,PV+/PNN-,126.31209471,12.681701540530954,0.0,0.0,0.0,False,NONE
2243,1168,568,72.29182779,9.593998848416254,896.0,9.846153846153847,0.0,0.0,0.0,1.349920577582965,False,True,2020,PV+/PNN-,72.29182779,9.593998848416254,0.0,0.0,0.0,False,NONE
2244,1170,662,104.06845539,11.51104134134072,1385.0,10.572519083969466,0.0,0.0,0.0,1.7559272245812003,False,True,2021,PV+/PNN-,104.06845539,11.51104134134072,0.0,0.0,0.0,False,NONE
2245,1169,2089,114.39585936,12.068692219586765,10110.0,70.20833333333333,0.0,0.0,0.0,2.2461178499227668,False,True,2022,PV+/PNN-,114.39585936,12.068692219586765,0.0,0.0,0.0,False,NONE
2246,1170,2638,99.30196125,11.244340084382843,9401.0,75.208,0.0,0.0,0.0,1.410936987689715,False,True,2023,PV+/PNN-,99.30196125,11.244340084382843,0.0,0.0,0.0,False,NONE
2247,1171,116,107.24611815,11.68546099424064,8156.0,60.41481481481482,0.0,0.0,0.0,1.3564201951787347,False,True,2024,PV+/PNN-,107.24611815,11.68546099424064,0.0,0.0,0.0,False,NONE
2248,1173,648,159.67755369,14.258603569939103,2094.0,10.417910447761194,0.0,0.0,0.0,1.7471733246677035,False,True,2025,PV+/PNN-,159.67755369,14.258603569939103,0.0,0.0,0.0,False,NONE
2249,1170,2291,86.59131021,10.500070494515816,4343.0,39.84403669724771,0.0,0.0,0.0,1.3523974960739429,False,True,2026,PV+/PNN-,86.59131021,10.500070494515816,0.0,0.0,0.0,False,NONE
2250,1170,2352,124.72326333,12.60169000650996,12876.0,82.01273885350318,0.0,0.0,0.0,1.385173280564431,False,True,2027,PV+/PNN-,124.72326333,12.60169000650996,0.0,0.0,0.0,False,NONE
2251,1169,2610,61.96442382,8.88231697105848,5256.0,67.38461538461539,0.0,0.0,0.0,1.4001099323905368,False,True,2028,PV+/PNN-,61.96442382,8.88231697105848,0.0,0.0,0.0,False,NONE
2252,1172,1031,141.40599282,13.418036440588484,2300.0,12.92134831460674,0.0,0.0,0.0,1.5971532226908565,False,True,2029,PV+/PNN-,141.40599282,13.418036440588484,0.0,0.0,0.0,False,NONE
2253,1172,1056,116.77910643,12.193759728054031,2217.0,15.081632653061224,0.0,0.0,0.0,1.5482762542890334,False,True,2030,PV+/PNN-,116.77910643,12.193759728054031,0.0,0.0,0.0,False,NONE
2254,1171,871,73.08624348000001,9.646569098642193,948.0,10.304347826086957,0.0,0.0,0.0,1.530399089585905,False,True,2031,PV+/PNN-,73.08624348000001,9.646569098642193,0.0,0.0,0.0,False,NONE
2255,1173,1094,110.42378091,11.857315232959936,3074.0,22.115107913669064,0.0,0.0,0.0,1.4261570994104922,False,True,2032,PV+/PNN-,110.42378091,11.857315232959936,0.0,0.0,0.0,False,NONE
2256,1175,2671,117.57352212,12.235164803834003,10216.0,69.02702702702703,0.0,0.0,0.0,1.4881050150855457,False,True,2033,PV+/PNN-,117.57352212,12.235164803834003,0.0,0.0,0.0,False,NONE
2257,1174,483,89.76897297000001,10.690996505268625,1863.0,16.486725663716815,0.0,0.0,0.0,1.4257789463232466,False,True,2034,PV+/PNN-,89.76897297000001,10.690996505268625,0.0,0.0,0.0,False,NONE
2258,1175,1756,119.1623535,12.317557416952052,5518.0,36.78666666666667,0.0,0.0,0.0,1.3584700745743237,False,True,2035,PV+/PNN-,119.1623535,12.317557416952052,0.0,0.0,0.0,False,NONE
2259,1173,842,44.48727864,7.526151898686336,672.0,12.0,0.0,0.0,0.0,1.699453584278554,False,True,2036,PV+/PNN-,44.48727864,7.526151898686336,0.0,0.0,0.0,False,NONE
2260,1175,2782,115.19027505,12.11052490037406,6872.0,47.39310344827586,0.0,0.0,0.0,1.4276573832575703,False,True,2037,PV+/PNN-,115.19027505,12.11052490037406,0.0,0.0,0.0,False,NONE
2261,1176,563,92.94663573,10.878572156378345,1042.0,8.905982905982906,0.0,0.0,0.0,1.4635677373196507,False,True,2038,PV+/PNN-,92.94663573,10.878572156378345,0.0,0.0,0.0,False,NONE
2262,1177,1498,112.80702798,11.984588810142046,3925.0,27.640845070422536,0.0,0.0,0.0,1.5942371891596003,False,True,2039,PV+/PNN-,112.80702798,11.984588810142046,0.0,0.0,0.0,False,NONE
2263,1177,2766,121.54560057,12.440123196106569,5940.0,38.8235294117647,0.0,0.0,0.0,1.4028586394489637,False,True,2040,PV+/PNN-,121.54560057,12.440123196106569,0.0,0.0,0.0,False,NONE
2264,1177,2841,119.1623535,12.317557416952052,5909.0,39.39333333333333,0.0,0.0,0.0,1.393568009591481,False,True,2041,PV+/PNN-,119.1623535,12.317557416952052,0.0,0.0,0.0,False,NONE
2265,1177,634,69.90858072,9.434530697868027,1080.0,12.272727272727273,0.0,0.0,0.0,1.5109906464991143,False,True,2042,PV+/PNN-,69.90858072,9.434530697868027,0.0,0.0,0.0,False,NONE
2266,1179,2314,119.95676919,12.358547737957586,7278.0,48.19867549668874,0.0,0.0,0.0,1.4044537929687668,False,True,2043,PV+/PNN-,119.95676919,12.358547737957586,0.0,0.0,0.0,False,NONE
2267,1176,2475,85.00247883,10.403293586497956,9129.0,85.3177570093458,0.0,0.0,0.0,1.4735581631933674,False,True,2044,PV+/PNN-,85.00247883,10.403293586497956,0.0,0.0,0.0,False,NONE
2268,1179,965,96.12429849,11.062967867954534,1374.0,11.355371900826446,0.0,0.0,0.0,1.440287161702155,False,True,2045,PV+/PNN-,96.12429849,11.062967867954534,0.0,0.0,0.0,False,NONE
2269,1178,1457,104.86287108,11.554893086200376,3083.0,23.356060606060606,0.0,0.0,0.0,1.5498519964598358,False,True,2046,PV+/PNN-,104.86287108,11.554893086200376,0.0,0.0,0.0,False,NONE
2270,1181,2120,146.17248696000001,13.642308849668991,5914.0,32.141304347826086,0.0,0.0,0.0,1.715279516515746,False,True,2047,PV+/PNN-,146.17248696000001,13.642308849668991,0.0,0.0,0.0,False,NONE
2271,1180,2170,126.31209471,12.681701540530954,5713.0,35.930817610062896,0.0,0.0,0.0,1.6657510523382248,False,True,2048,PV+/PNN-,126.31209471,12.681701540530954,0.0,0.0,0.0,False,NONE
2272,1181,584,123.92884764,12.56149312576761,1897.0,12.16025641025641,0.0,0.0,0.0,1.5113053133004157,False,True,2049,PV+/PNN-,123.92884764,12.56149312576761,0.0,0.0,0.0,False,NONE
2273,1179,1281,103.2740397,11.467021901548332,5013.0,38.56153846153846,0.0,0.0,0.0,1.5747342737727434,False,True,2050,PV+/PNN-,103.2740397,11.467021901548332,0.0,0.0,0.0,False,NONE
2274,1179,531,78.64715331000001,10.006830950662698,1101.0,11.121212121212121,0.0,0.0,0.0,1.463777515187185,False,True,2052,PV+/PNN-,78.64715331000001,10.006830950662698,0.0,0.0,0.0,False,NONE
2275,1180,1361,90.56338866,10.738197602350779,3413.0,29.93859649122807,0.0,0.0,0.0,1.5932615238051573,False,True,2053,PV+/PNN-,90.56338866,10.738197602350779,0.0,0.0,0.0,False,NONE
2276,1179,1437,66.73091796,9.217615939230159,2176.0,25.904761904761905,0.0,0.0,0.0,1.5805320095867217,False,True,2054,PV+/PNN-,66.73091796,9.217615939230159,0.0,0.0,0.0,False,NONE
2277,1180,2366,65.93650227,9.1625849044734,6667.0,80.32530120481928,0.0,0.0,0.0,1.8378436779141574,False,True,2055,PV+/PNN-,65.93650227,9.1625849044734,0.0,0.0,0.0,False,NONE
2278,1182,2706,117.57352212,12.235164803834003,7711.0,52.101351351351354,0.0,0.0,0.0,1.5679145086926465,False,True,2056,PV+/PNN-,117.57352212,12.235164803834003,0.0,0.0,0.0,False,NONE
2279,1181,935,73.08624348000001,9.646569098642193,1261.0,13.706521739130435,0.0,0.0,0.0,1.56854901895238,False,True,2057,PV+/PNN-,73.08624348000001,9.646569098642193,0.0,0.0,0.0,False,NONE
2280,1181,1376,62.75883951,8.93907356753593,1913.0,24.21518987341772,0.0,0.0,0.0,1.507126518263513,False,True,2058,PV+/PNN-,62.75883951,8.93907356753593,0.0,0.0,0.0,False,NONE
2281,1183,978,96.91871418,11.108588547554572,1733.0,14.204918032786885,0.0,0.0,0.0,1.543556726006751,False,True,2059,PV+/PNN-,96.91871418,11.108588547554572,0.0,0.0,0.0,False,NONE
2282,1184,498,60.37559244,8.767701627645716,703.0,9.25,0.0,0.0,0.0,1.529317917498596,False,True,2061,PV+/PNN-,60.37559244,8.767701627645716,0.0,0.0,0.0,False,NONE
2283,1185,792,116.77910643,12.193759728054031,1540.0,10.476190476190476,0.0,0.0,0.0,1.6148539698500979,False,True,2062,PV+/PNN-,116.77910643,12.193759728054031,0.0,0.0,0.0,False,NONE
2284,1185,1304,69.90858072,9.434530697868027,2385.0,27.102272727272727,0.0,0.0,0.0,1.4672716277933022,False,True,2063,PV+/PNN-,69.90858072,9.434530697868027,0.0,0.0,0.0,False,NONE
2285,1186,478,85.00247883,10.403293586497956,1474.0,13.77570093457944,0.0,0.0,0.0,1.556193488269708,False,True,2064,PV+/PNN-,85.00247883,10.403293586497956,0.0,0.0,0.0,False,NONE
2286,1187,2581,107.24611815,11.68546099424064,14745.0,109.22222222222223,0.0,0.0,0.0,1.470913458981142,False,True,2065,PV+/PNN-,107.24611815,11.68546099424064,0.0,0.0,0.0,False,NONE
2287,1191,143,135.84508299,13.151552441468574,14273.0,83.46783625730994,0.0,0.0,0.0,1.8227874933561792,False,True,2066,PV+/PNN-,135.84508299,13.151552441468574,0.0,0.0,0.0,False,NONE
2288,1187,332,65.14208658,9.10722134683339,1634.0,19.926829268292682,0.0,0.0,0.0,1.4009541603940285,False,True,2067,PV+/PNN-,65.14208658,9.10722134683339,0.0,0.0,0.0,False,NONE
2289,1188,1972,109.62936522,11.814586030086609,3531.0,25.58695652173913,0.0,0.0,0.0,1.5396920210982514,False,True,2068,PV+/PNN-,109.62936522,11.814586030086609,0.0,0.0,0.0,False,NONE
2290,1190,351,106.45170246,11.642101063659146,2421.0,18.067164179104477,0.0,0.0,0.0,1.3373280348816312,False,True,2069,PV+/PNN-,106.45170246,11.642101063659146,0.0,0.0,0.0,False,NONE
2291,1188,613,69.90858072,9.434530697868027,740.0,8.409090909090908,0.0,0.0,0.0,1.4979516409201878,False,True,2070,PV+/PNN-,69.90858072,9.434530697868027,0.0,0.0,0.0,False,NONE
2292,1189,699,80.23598469,10.107404643036364,824.0,8.158415841584159,0.0,0.0,0.0,1.7401946455574462,False,True,2071,PV+/PNN-,80.23598469,10.107404643036364,0.0,0.0,0.0,False,NONE
2293,1191,2713,125.51767902,12.64175907426016,11361.0,71.90506329113924,0.0,0.0,0.0,1.6788569208547635,False,True,2072,PV+/PNN-,125.51767902,12.64175907426016,0.0,0.0,0.0,False,NONE
2294,1189,418,59.58117675,8.70982837718145,1317.0,17.56,0.0,0.0,0.0,1.5650079229445175,False,True,2073,PV+/PNN-,59.58117675,8.70982837718145,0.0,0.0,0.0,False,NONE
2295,1189,570,55.6090983,8.414493627225879,714.0,10.2,0.0,0.0,0.0,1.464663826677517,False,True,2074,PV+/PNN-,55.6090983,8.414493627225879,0.0,0.0,0.0,False,NONE
2296,1190,993,92.94663573,10.878572156378345,1952.0,16.683760683760685,0.0,0.0,0.0,1.4970273071913651,False,True,2075,PV+/PNN-,92.94663573,10.878572156378345,0.0,0.0,0.0,False,NONE
2297,1191,1214,133.46183592,13.035677474005707,7322.0,43.583333333333336,0.0,0.0,0.0,2.529494034661413,False,True,2076,PV+/PNN-,133.46183592,13.035677474005707,0.0,0.0,0.0,False,NONE
2298,1189,2469,69.90858072,9.434530697868027,7142.0,81.1590909090909,0.0,0.0,0.0,1.4358246143382447,False,True,2077,PV+/PNN-,69.90858072,9.434530697868027,0.0,0.0,0.0,False,NONE
2299,1193,379,115.19027505,12.11052490037406,2275.0,15.689655172413794,0.0,0.0,0.0,1.4197440557338081,False,True,2078,PV+/PNN-,115.19027505,12.11052490037406,0.0,0.0,0.0,False,NONE
2300,1190,1564,81.03040038,10.157318055940708,2757.0,27.029411764705884,0.0,0.0,0.0,1.4538115239949874,False,True,2079,PV+/PNN-,81.03040038,10.157318055940708,0.0,0.0,0.0,False,NONE
2301,1190,1732,84.20806314000001,10.354565948189398,9223.0,87.00943396226415,0.0,0.0,0.0,1.3639291873503354,False,True,2080,PV+/PNN-,84.20806314000001,10.354565948189398,0.0,0.0,0.0,False,NONE
2302,1194,1637,104.86287108,11.554893086200376,3190.0,24.166666666666668,0.0,0.0,0.0,1.4501419537974578,False,True,2082,PV+/PNN-,104.86287108,11.554893086200376,0.0,0.0,0.0,False,NONE
2303,1190,192,31.7766276,6.36075929890786,2017.0,50.425,0.0,0.0,0.0,1.970884043271129,False,True,2083,PV+/PNN-,31.7766276,6.36075929890786,0.0,0.0,0.0,False,NONE
2304,1194,218,108.83494953,11.77170172875832,6213.0,45.35036496350365,0.0,0.0,0.0,1.3326770665554455,False,True,2084,PV+/PNN-,108.83494953,11.77170172875832,0.0,0.0,0.0,False,NONE
2305,1195,262,145.37807127,13.6051868520168,5989.0,32.72677595628415,0.0,0.0,0.0,1.4790113431988223,False,True,2085,PV+/PNN-,145.37807127,13.6051868520168,0.0,0.0,0.0,False,NONE
2306,1193,1253,78.64715331000001,10.006830950662698,3534.0,35.696969696969695,0.0,0.0,0.0,1.6274042518639078,False,True,2086,PV+/PNN-,78.64715331000001,10.006830950662698,0.0,0.0,0.0,False,NONE
2307,1195,1769,119.95676919,12.358547737957586,6683.0,44.258278145695364,0.0,0.0,0.0,1.4688208668667626,False,True,2087,PV+/PNN-,119.95676919,12.358547737957586,0.0,0.0,0.0,False,NONE
2308,1194,1804,68.31974934,9.326703948667076,3801.0,44.19767441860465,0.0,0.0,0.0,1.2918425992450933,False,True,2088,PV+/PNN-,68.31974934,9.326703948667076,0.0,0.0,0.0,False,NONE
2309,1197,2823,187.48210284,15.45023065413564,21168.0,89.69491525423729,0.0,0.0,0.0,1.4505926206569488,False,True,2089,PV+/PNN-,187.48210284,15.45023065413564,0.0,0.0,0.0,False,NONE
2310,1195,1893,101.68520832,11.378472144697502,3933.0,30.7265625,0.0,0.0,0.0,1.394214846534906,False,True,2091,PV+/PNN-,101.68520832,11.378472144697502,0.0,0.0,0.0,False,NONE
2311,1195,2017,87.3857259,10.548125988120718,9690.0,88.0909090909091,0.0,0.0,0.0,1.715626334055441,False,True,2093,PV+/PNN-,87.3857259,10.548125988120718,0.0,0.0,0.0,False,NONE
2312,1196,2437,131.87300454,12.957851838301272,9362.0,56.397590361445786,0.0,0.0,0.0,1.5373643686268648,False,True,2095,PV+/PNN-,131.87300454,12.957851838301272,0.0,0.0,0.0,False,NONE
2313,1198,326,115.19027505,12.11052490037406,3545.0,24.448275862068964,0.0,0.0,0.0,1.411365238355707,False,True,2096,PV+/PNN-,115.19027505,12.11052490037406,0.0,0.0,0.0,False,NONE
2314,1198,537,80.23598469,10.107404643036364,1276.0,12.633663366336634,0.0,0.0,0.0,1.4561767022540995,False,True,2097,PV+/PNN-,80.23598469,10.107404643036364,0.0,0.0,0.0,False,NONE
2315,1196,688,66.73091796,9.217615939230159,1179.0,14.035714285714286,0.0,0.0,0.0,1.5901742994266,False,True,2098,PV+/PNN-,66.73091796,9.217615939230159,0.0,0.0,0.0,False,NONE
2316,1197,912,80.23598469,10.107404643036364,3381.0,33.475247524752476,0.0,0.0,0.0,1.539043113947311,False,True,2099,PV+/PNN-,80.23598469,10.107404643036364,0.0,0.0,0.0,False,NONE
2317,1198,2476,104.06845539,11.51104134134072,7694.0,58.732824427480914,0.0,0.0,0.0,1.4710012400760937,False,True,2100,PV+/PNN-,104.06845539,11.51104134134072,0.0,0.0,0.0,False,NONE
2318,1197,2521,86.59131021,10.500070494515816,8847.0,81.1651376146789,0.0,0.0,0.0,1.3753089921154888,False,True,2101,PV+/PNN-,86.59131021,10.500070494515816,0.0,0.0,0.0,False,NONE
2319,1200,938,120.75118488,12.39940255265723,1871.0,12.30921052631579,0.0,0.0,0.0,1.5199928082455558,False,True,2102,PV+/PNN-,120.75118488,12.39940255265723,0.0,0.0,0.0,False,NONE
2320,1203,1611,200.19275388,15.965379131403353,6549.0,25.988095238095237,0.0,0.0,0.0,1.5108932496320449,False,True,2104,PV+/PNN-,200.19275388,15.965379131403353,0.0,0.0,0.0,False,NONE
2321,1198,1788,96.12429849,11.062967867954534,6284.0,51.93388429752066,0.0,0.0,0.0,1.2991591013184816,False,True,2105,PV+/PNN-,96.12429849,11.062967867954534,0.0,0.0,0.0,False,NONE
2322,1198,2354,85.79689452,10.451794052617739,4125.0,38.19444444444444,0.0,0.0,0.0,1.4680386281214746,False,True,2106,PV+/PNN-,85.79689452,10.451794052617739,0.0,0.0,0.0,False,NONE
2323,1198,631,88.97455728,10.643586087602236,1439.0,12.848214285714286,0.0,0.0,0.0,1.5964016116148547,False,True,2107,PV+/PNN-,88.97455728,10.643586087602236,0.0,0.0,0.0,False,NONE
2324,1198,1005,84.20806314000001,10.354565948189398,1902.0,17.943396226415093,0.0,0.0,0.0,1.384942102001391,False,True,2108,PV+/PNN-,84.20806314000001,10.354565948189398,0.0,0.0,0.0,False,NONE
2325,1199,1675,104.86287108,11.554893086200376,4715.0,35.71969696969697,0.0,0.0,0.0,1.396451930825408,False,True,2109,PV+/PNN-,104.86287108,11.554893086200376,0.0,0.0,0.0,False,NONE
2326,1199,519,61.17000813,8.825195369105852,1272.0,16.51948051948052,0.0,0.0,0.0,1.4182931782657384,False,True,2110,PV+/PNN-,61.17000813,8.825195369105852,0.0,0.0,0.0,False,NONE
2327,1201,1357,112.01261229,11.942314996545514,3107.0,22.0354609929078,0.0,0.0,0.0,1.4901782829843155,False,True,2111,PV+/PNN-,112.01261229,11.942314996545514,0.0,0.0,0.0,False,NONE
2328,1201,1373,96.12429849,11.062967867954534,3066.0,25.33884297520661,0.0,0.0,0.0,1.5183817405705913,False,True,2112,PV+/PNN-,96.12429849,11.062967867954534,0.0,0.0,0.0,False,NONE
2329,1201,2400,61.17000813,8.825195369105852,2738.0,35.55844155844156,0.0,0.0,0.0,1.5331240845406533,False,True,2113,PV+/PNN-,61.17000813,8.825195369105852,0.0,0.0,0.0,False,NONE
2330,1204,2045,115.98469074,12.152213577535832,3701.0,25.34931506849315,0.0,0.0,0.0,1.5884681864983108,False,True,2115,PV+/PNN-,115.98469074,12.152213577535832,0.0,0.0,0.0,False,NONE
2331,1203,708,65.14208658,9.10722134683339,839.0,10.231707317073171,0.0,0.0,0.0,1.5680479879850904,False,True,2116,PV+/PNN-,65.14208658,9.10722134683339,0.0,0.0,0.0,False,NONE
2332,1205,1252,131.87300454,12.957851838301272,5862.0,35.31325301204819,0.0,0.0,0.0,1.9256698359737718,False,True,2117,PV+/PNN-,131.87300454,12.957851838301272,0.0,0.0,0.0,False,NONE
2333,1204,2695,112.01261229,11.942314996545514,10485.0,74.36170212765957,0.0,0.0,0.0,1.5265591212454168,False,True,2119,PV+/PNN-,112.01261229,11.942314996545514,0.0,0.0,0.0,False,NONE
2334,1207,1058,144.58365558,13.56796328882212,3981.0,21.873626373626372,0.0,0.0,0.0,1.5542629507280787,False,True,2120,PV+/PNN-,144.58365558,13.56796328882212,0.0,0.0,0.0,False,NONE
2335,1206,1554,96.12429849,11.062967867954534,3796.0,31.371900826446282,0.0,0.0,0.0,1.5178239221501024,False,True,2121,PV+/PNN-,96.12429849,11.062967867954534,0.0,0.0,0.0,False,NONE
2336,1206,1805,135.05066730000001,13.113041224263421,16865.0,99.20588235294117,0.0,0.0,0.0,1.4924563091571665,False,True,2122,PV+/PNN-,135.05066730000001,13.113041224263421,0.0,0.0,0.0,False,NONE
2337,1206,2511,104.86287108,11.554893086200376,16562.0,125.46969696969697,0.0,0.0,0.0,1.4746859642989663,False,True,2123,PV+/PNN-,104.86287108,11.554893086200376,0.0,0.0,0.0,False,NONE
2338,1204,2542,46.87052571,7.72511532706782,6810.0,115.42372881355932,0.0,0.0,0.0,1.5055046441518491,False,True,2124,PV+/PNN-,46.87052571,7.72511532706782,0.0,0.0,0.0,False,NONE
2339,1206,200,146.17248696000001,13.642308849668991,9974.0,54.20652173913044,0.0,0.0,0.0,1.4104469078278534,False,True,2125,PV+/PNN-,146.17248696000001,13.642308849668991,0.0,0.0,0.0,False,NONE
2340,1206,1204,77.85273762,9.956163126610313,3805.0,38.826530612244895,0.0,0.0,0.0,2.165382804041246,False,True,2126,PV+/PNN-,77.85273762,9.956163126610313,0.0,0.0,0.0,False,NONE
2341,1207,2630,112.01261229,11.942314996545514,9163.0,64.98581560283688,0.0,0.0,0.0,1.5457069308565228,False,True,2127,PV+/PNN-,112.01261229,11.942314996545514,0.0,0.0,0.0,False,NONE
2342,1208,452,100.89079263,11.333937836259333,1960.0,15.433070866141732,0.0,0.0,0.0,1.61086979159605,False,True,2128,PV+/PNN-,100.89079263,11.333937836259333,0.0,0.0,0.0,False,NONE
2343,1210,2069,142.9948242,13.493208101259413,6846.0,38.03333333333333,0.0,0.0,0.0,1.6724016044500067,False,True,2129,PV+/PNN-,142.9948242,13.493208101259413,0.0,0.0,0.0,False,NONE
2344,1207,549,54.81468261,8.354173898786094,802.0,11.623188405797102,0.0,0.0,0.0,1.5015420917317763,False,True,2131,PV+/PNN-,54.81468261,8.354173898786094,0.0,0.0,0.0,False,NONE
2345,1207,1131,109.62936522,11.814586030086609,4167.0,30.195652173913043,0.0,0.0,0.0,1.7788627321265378,False,True,2132,PV+/PNN-,109.62936522,11.814586030086609,0.0,0.0,0.0,False,NONE
2346,1208,1450,96.91871418,11.108588547554572,3300.0,27.049180327868854,0.0,0.0,0.0,1.6901669526704746,False,True,2133,PV+/PNN-,96.91871418,11.108588547554572,0.0,0.0,0.0,False,NONE
2347,1209,1822,104.86287108,11.554893086200376,4871.0,36.90151515151515,0.0,0.0,0.0,1.3877592604394573,False,True,2134,PV+/PNN-,104.86287108,11.554893086200376,0.0,0.0,0.0,False,NONE
2348,1208,2561,103.2740397,11.467021901548332,30400.0,233.84615384615384,0.0,0.0,0.0,1.4547990224567187,False,True,2135,PV+/PNN-,103.2740397,11.467021901548332,0.0,0.0,0.0,False,NONE
2349,1207,2582,48.45935709,7.854958291387057,7060.0,115.73770491803279,0.0,0.0,0.0,1.5369177723465068,False,True,2136,PV+/PNN-,48.45935709,7.854958291387057,0.0,0.0,0.0,False,NONE
2350,1210,1030,146.96690265,13.679330108642857,2853.0,15.421621621621622,0.0,0.0,0.0,1.6396062366642825,False,True,2137,PV+/PNN-,146.96690265,13.679330108642857,0.0,0.0,0.0,False,NONE
2351,1211,1313,117.57352212,12.235164803834003,2581.0,17.43918918918919,0.0,0.0,0.0,1.6782796369950375,False,True,2138,PV+/PNN-,117.57352212,12.235164803834003,0.0,0.0,0.0,False,NONE
2352,1211,2019,132.66742023,12.996822909266468,6823.0,40.8562874251497,0.0,0.0,0.0,1.680125700901912,False,True,2139,PV+/PNN-,132.66742023,12.996822909266468,0.0,0.0,0.0,False,NONE
2353,1212,2258,149.35014972,13.789797556005714,10695.0,56.888297872340424,0.0,0.0,0.0,2.2119310315129384,False,True,2140,PV+/PNN-,149.35014972,13.789797556005714,0.0,0.0,0.0,False,NONE
2354,1211,1081,105.65728677,11.598579038183399,2259.0,16.984962406015036,0.0,0.0,0.0,1.7244474145213966,False,True,2141,PV+/PNN-,105.65728677,11.598579038183399,0.0,0.0,0.0,False,NONE
2355,1209,1329,65.93650227,9.1625849044734,1952.0,23.518072289156628,0.0,0.0,0.0,1.5231332782005385,False,True,2142,PV+/PNN-,65.93650227,9.1625849044734,0.0,0.0,0.0,False,NONE
2356,1213,1533,140.61157713,13.380292240810528,12054.0,68.10169491525424,0.0,0.0,0.0,2.161779591615206,False,True,2143,PV+/PNN-,140.61157713,13.380292240810528,0.0,0.0,0.0,False,NONE
2357,1212,1851,88.18014159,10.595963539609496,2745.0,24.72972972972973,0.0,0.0,0.0,1.3067474419936,False,True,2144,PV+/PNN-,88.18014159,10.595963539609496,0.0,0.0,0.0,False,NONE
2358,1212,1953,93.74105142,10.924962866435578,3162.0,26.796610169491526,0.0,0.0,0.0,1.6044606864916173,False,True,2145,PV+/PNN-,93.74105142,10.924962866435578,0.0,0.0,0.0,False,NONE
2359,1211,1968,65.93650227,9.1625849044734,1978.0,23.83132530120482,0.0,0.0,0.0,1.481659814672387,False,True,2146,PV+/PNN-,65.93650227,9.1625849044734,0.0,0.0,0.0,False,NONE
2360,1212,2748,128.69534178,12.800781162784691,14673.0,90.57407407407408,0.0,0.0,0.0,1.4544977581302874,False,True,2147,PV+/PNN-,128.69534178,12.800781162784691,0.0,0.0,0.0,False,NONE
2361,1212,673,46.07611002,7.659368469073156,1133.0,19.53448275862069,0.0,0.0,0.0,1.8980348810670826,False,True,2148,PV+/PNN-,46.07611002,7.659368469073156,0.0,0.0,0.0,False,NONE
2362,1214,1762,108.04053384,11.728660627684029,6172.0,45.38235294117647,0.0,0.0,0.0,1.4218832554320568,False,True,2149,PV+/PNN-,108.04053384,11.728660627684029,0.0,0.0,0.0,False,NONE
2363,1213,2146,100.09637694,11.289227848029503,3736.0,29.650793650793652,0.0,0.0,0.0,1.6713302389122424,False,True,2150,PV+/PNN-,100.09637694,11.289227848029503,0.0,0.0,0.0,False,NONE
2364,1216,608,146.17248696000001,13.642308849668991,1840.0,10.0,0.0,0.0,0.0,1.6408137890023378,False,True,2151,PV+/PNN-,146.17248696000001,13.642308849668991,0.0,0.0,0.0,False,NONE
2365,1216,2720,162.85521645,14.3997813056499,14670.0,71.5609756097561,0.0,0.0,0.0,1.4151118640125813,False,True,2153,PV+/PNN-,162.85521645,14.3997813056499,0.0,0.0,0.0,False,NONE
2366,1216,1657,135.84508299,13.151552441468574,12441.0,72.75438596491227,0.0,0.0,0.0,1.923439466246137,False,True,2154,PV+/PNN-,135.84508299,13.151552441468574,0.0,0.0,0.0,False,NONE
2367,1216,2076,104.06845539,11.51104134134072,8053.0,61.47328244274809,0.0,0.0,0.0,2.50714256890027,False,True,2155,PV+/PNN-,104.06845539,11.51104134134072,0.0,0.0,0.0,False,NONE
2368,1214,1572,31.7766276,6.36075929890786,1992.0,49.8,0.0,0.0,0.0,1.6182172923775795,False,True,2156,PV+/PNN-,31.7766276,6.36075929890786,0.0,0.0,0.0,False,NONE
2369,1216,2522,114.39585936,12.068692219586765,22303.0,154.88194444444446,0.0,0.0,0.0,1.5130359807075735,False,True,2157,PV+/PNN-,114.39585936,12.068692219586765,0.0,0.0,0.0,False,NONE
2370,1218,1046,116.77910643,12.193759728054031,5517.0,37.53061224489796,0.0,0.0,0.0,1.5087887816114365,False,True,2158,PV+/PNN-,116.77910643,12.193759728054031,0.0,0.0,0.0,False,NONE
2371,1218,2810,127.90092609,12.761211420003875,11546.0,71.71428571428571,0.0,0.0,0.0,1.5163548848191257,False,True,2160,PV+/PNN-,127.90092609,12.761211420003875,0.0,0.0,0.0,False,NONE
2372,1217,1062,120.75118488,12.39940255265723,4915.0,32.33552631578947,0.0,0.0,0.0,1.5155522800298222,False,True,2161,PV+/PNN-,120.75118488,12.39940255265723,0.0,0.0,0.0,False,NONE
2373,1220,1144,123.13443195,12.521167201073583,4294.0,27.703225806451613,0.0,0.0,0.0,1.713092758777866,False,True,2162,PV+/PNN-,123.13443195,12.521167201073583,0.0,0.0,0.0,False,NONE
2374,1220,2055,98.50754556,11.199272407696524,14780.0,119.19354838709677,0.0,0.0,0.0,2.28397852562021,False,True,2163,PV+/PNN-,98.50754556,11.199272407696524,0.0,0.0,0.0,False,NONE
2375,1218,1915,57.19792968,8.533854108523126,1654.0,22.97222222222222,0.0,0.0,0.0,1.237427196117718,False,True,2164,PV+/PNN-,57.19792968,8.533854108523126,0.0,0.0,0.0,False,NONE
2376,1218,218,34.95429036,6.671220633775133,2032.0,46.18181818181818,0.0,0.0,0.0,1.862276796801954,False,True,2165,PV+/PNN-,34.95429036,6.671220633775133,0.0,0.0,0.0,False,NONE
2377,1220,1106,92.15222004,10.83198276817611,2309.0,19.905172413793103,0.0,0.0,0.0,1.5593910120354941,False,True,2166,PV+/PNN-,92.15222004,10.83198276817611,0.0,0.0,0.0,False,NONE
2378,1220,1371,109.62936522,11.814586030086609,4453.0,32.268115942028984,0.0,0.0,0.0,1.6174591848068351,False,True,2167,PV+/PNN-,109.62936522,11.814586030086609,0.0,0.0,0.0,False,NONE
2379,1221,2260,96.12429849,11.062967867954534,6906.0,57.074380165289256,0.0,0.0,0.0,1.71417600616217,False,True,2168,PV+/PNN-,96.12429849,11.062967867954534,0.0,0.0,0.0,False,NONE
2380,1222,460,81.82481607,10.206987389088184,1510.0,14.660194174757281,0.0,0.0,0.0,1.8132185622194485,False,True,2169,PV+/PNN-,81.82481607,10.206987389088184,0.0,0.0,0.0,False,NONE
2381,1223,2447,108.83494953,11.77170172875832,15697.0,114.57664233576642,0.0,0.0,0.0,1.5144729399598666,False,True,2170,PV+/PNN-,108.83494953,11.77170172875832,0.0,0.0,0.0,False,NONE
2382,1225,2698,212.10898923,16.433671314756197,16569.0,62.056179775280896,0.0,0.0,0.0,1.5309211643899694,False,True,2171,PV+/PNN-,212.10898923,16.433671314756197,0.0,0.0,0.0,False,NONE
2383,1223,581,57.99234537,8.592912627102823,1096.0,15.013698630136986,0.0,0.0,0.0,1.4571745412813377,False,True,2172,PV+/PNN-,57.99234537,8.592912627102823,0.0,0.0,0.0,False,NONE
2384,1223,1117,107.24611815,11.68546099424064,2815.0,20.85185185185185,0.0,0.0,0.0,1.6144050166723682,False,True,2173,PV+/PNN-,107.24611815,11.68546099424064,0.0,0.0,0.0,False,NONE
2385,1223,1383,94.53546711,10.971157418634661,3125.0,26.26050420168067,0.0,0.0,0.0,1.6335173375793863,False,True,2174,PV+/PNN-,94.53546711,10.971157418634661,0.0,0.0,0.0,False,NONE
2386,1223,1707,102.47962401,11.422832828117684,5287.0,40.98449612403101,0.0,0.0,0.0,1.3718960288459436,False,True,2176,PV+/PNN-,102.47962401,11.422832828117684,0.0,0.0,0.0,False,NONE
2387,1227,249,137.43391437,13.228238528376714,6309.0,36.46820809248555,0.0,0.0,0.0,1.3655265958209184,False,True,2177,PV+/PNN-,137.43391437,13.228238528376714,0.0,0.0,0.0,False,NONE
2388,1224,916,59.58117675,8.70982837718145,768.0,10.24,0.0,0.0,0.0,1.4525145414792704,False,True,2178,PV+/PNN-,59.58117675,8.70982837718145,0.0,0.0,0.0,False,NONE
2389,1225,1190,92.94663573,10.878572156378345,3409.0,29.136752136752136,0.0,0.0,0.0,1.8004709925796727,False,True,2179,PV+/PNN-,92.94663573,10.878572156378345,0.0,0.0,0.0,False,NONE
2390,1225,2551,86.59131021,10.500070494515816,9700.0,88.9908256880734,0.0,0.0,0.0,1.440328102503659,False,True,2180,PV+/PNN-,86.59131021,10.500070494515816,0.0,0.0,0.0,False,NONE
2391,1225,1818,69.11416503,9.380772250595795,3284.0,37.747126436781606,0.0,0.0,0.0,1.4476734469941452,False,True,2181,PV+/PNN-,69.11416503,9.380772250595795,0.0,0.0,0.0,False,NONE
2392,1228,2476,135.05066730000001,13.113041224263421,14437.0,84.9235294117647,0.0,0.0,0.0,1.4722075004934219,False,True,2182,PV+/PNN-,135.05066730000001,13.113041224263421,0.0,0.0,0.0,False,NONE
2393,1226,409,68.31974934,9.326703948667076,1420.0,16.511627906976745,0.0,0.0,0.0,1.3977956678344539,False,True,2184,PV+/PNN-,68.31974934,9.326703948667076,0.0,0.0,0.0,False,NONE
2394,1228,2781,119.95676919,12.358547737957586,10822.0,71.66887417218543,0.0,0.0,0.0,1.398642876575198,False,True,2185,PV+/PNN-,119.95676919,12.358547737957586,0.0,0.0,0.0,False,NONE
2395,1227,969,77.05832193,9.90523612702942,1008.0,10.391752577319588,0.0,0.0,0.0,1.5092668725656964,False,True,2186,PV+/PNN-,77.05832193,9.90523612702942,0.0,0.0,0.0,False,NONE
2396,1230,643,93.74105142,10.924962866435578,1279.0,10.838983050847459,0.0,0.0,0.0,1.6679527136575958,False,True,2187,PV+/PNN-,93.74105142,10.924962866435578,0.0,0.0,0.0,False,NONE
2397,1230,1252,156.49989093,14.116013951495509,4976.0,25.258883248730964,0.0,0.0,0.0,1.680890952695946,False,True,2188,PV+/PNN-,156.49989093,14.116013951495509,0.0,0.0,0.0,False,NONE
2398,1227,2216,61.96442382,8.88231697105848,3709.0,47.55128205128205,0.0,0.0,0.0,1.433857946830111,False,True,2189,PV+/PNN-,61.96442382,8.88231697105848,0.0,0.0,0.0,False,NONE
2399,1227,1306,31.7766276,6.36075929890786,811.0,20.275,0.0,0.0,0.0,1.6722141154808978,False,True,2190,PV+/PNN-,31.7766276,6.36075929890786,0.0,0.0,0.0,False,NONE
2400,1232,1376,100.89079263,11.333937836259333,2927.0,23.04724409448819,0.0,0.0,0.0,1.659233087879534,False,True,2191,PV+/PNN-,100.89079263,11.333937836259333,0.0,0.0,0.0,False,NONE
2401,1230,1420,46.07611002,7.659368469073156,1552.0,26.75862068965517,0.0,0.0,0.0,1.5430988671336308,False,True,2192,PV+/PNN-,46.07611002,7.659368469073156,0.0,0.0,0.0,False,NONE
2402,1235,1837,142.20040851,13.455674765407588,4925.0,27.51396648044693,0.0,0.0,0.0,1.279407966407542,False,True,2193,PV+/PNN-,142.20040851,13.455674765407588,0.0,0.0,0.0,False,NONE
2403,1230,785,52.43143554,8.17054325713784,791.0,11.984848484848484,0.0,0.0,0.0,1.6556980417475913,False,True,2194,PV+/PNN-,52.43143554,8.17054325713784,0.0,0.0,0.0,False,NONE
2404,1233,1290,106.45170246,11.642101063659146,2488.0,18.567164179104477,0.0,0.0,0.0,1.5886751872002507,False,True,2195,PV+/PNN-,106.45170246,11.642101063659146,0.0,0.0,0.0,False,NONE
2405,1233,2627,135.05066730000001,13.113041224263421,14867.0,87.45294117647059,0.0,0.0,0.0,1.538512422980585,False,True,2196,PV+/PNN-,135.05066730000001,13.113041224263421,0.0,0.0,0.0,False,NONE
2406,1234,124,119.1623535,12.317557416952052,7189.0,47.92666666666667,0.0,0.0,0.0,1.5015616557981182,False,True,2197,PV+/PNN-,119.1623535,12.317557416952052,0.0,0.0,0.0,False,NONE
2407,1234,335,123.92884764,12.56149312576761,2369.0,15.185897435897436,0.0,0.0,0.0,1.4680386281214746,False,True,2198,PV+/PNN-,123.92884764,12.56149312576761,0.0,0.0,0.0,False,NONE
2408,1233,595,100.89079263,11.333937836259333,1312.0,10.330708661417322,0.0,0.0,0.0,1.5194578469723217,False,True,2199,PV+/PNN-,100.89079263,11.333937836259333,0.0,0.0,0.0,False,NONE
2409,1232,1586,71.4974121,9.54113894836179,4238.0,47.08888888888889,0.0,0.0,0.0,1.5561584436025848,False,True,2200,PV+/PNN-,71.4974121,9.54113894836179,0.0,0.0,0.0,False,NONE
2410,1234,1855,84.20806314000001,10.354565948189398,2809.0,26.5,0.0,0.0,0.0,1.3785745521071318,False,True,2202,PV+/PNN-,84.20806314000001,10.354565948189398,0.0,0.0,0.0,False,NONE
2411,1235,2500,125.51767902,12.64175907426016,37450.0,237.0253164556962,0.0,0.0,0.0,1.5643699857939297,False,True,2203,PV+/PNN-,125.51767902,12.64175907426016,0.0,0.0,0.0,False,NONE
2412,1236,2612,134.25625161,13.074416571218995,15660.0,92.66272189349112,0.0,0.0,0.0,1.5364332727697239,False,True,2204,PV+/PNN-,134.25625161,13.074416571218995,0.0,0.0,0.0,False,NONE
2413,1235,1810,83.41364745,10.305607915302103,4490.0,42.76190476190476,0.0,0.0,0.0,1.3653482413267704,False,True,2205,PV+/PNN-,83.41364745,10.305607915302103,0.0,0.0,0.0,False,NONE
2414,1234,2126,76.26390624,9.854045933561641,3183.0,33.15625,0.0,0.0,0.0,1.5720950059768282,False,True,2207,PV+/PNN-,76.26390624,9.854045933561641,0.0,0.0,0.0,False,NONE
2415,1236,2862,77.85273762,9.956163126610313,2198.0,22.428571428571427,0.0,0.0,0.0,1.5365677594834668,False,True,2208,PV+/PNN-,77.85273762,9.956163126610313,0.0,0.0,0.0,False,NONE
2416,1236,2802,88.18014159,10.595963539609496,5580.0,50.270270270270274,0.0,0.0,0.0,1.4551170910612772,False,True,2209,PV+/PNN-,88.18014159,10.595963539609496,0.0,0.0,0.0,False,NONE
2417,1236,2341,65.93650227,9.1625849044734,3153.0,37.98795180722892,0.0,0.0,0.0,1.432054299472049,False,True,2210,PV+/PNN-,65.93650227,9.1625849044734,0.0,0.0,0.0,False,NONE
2418,1237,2525,101.68520832,11.378472144697502,30482.0,238.140625,0.0,0.0,0.0,1.487021886243735,False,True,2211,PV+/PNN-,101.68520832,11.378472144697502,0.0,0.0,0.0,False,NONE
2419,1240,354,81.03040038,10.157318055940708,1683.0,16.5,0.0,0.0,0.0,1.5471148580338099,False,True,2213,PV+/PNN-,81.03040038,10.157318055940708,0.0,0.0,0.0,False,NONE
2420,1239,1139,86.59131021,10.500070494515816,1908.0,17.504587155963304,0.0,0.0,0.0,1.6397200410273813,False,True,2214,PV+/PNN-,86.59131021,10.500070494515816,0.0,0.0,0.0,False,NONE
2421,1238,1328,67.52533365000001,9.272320371655413,1397.0,16.435294117647057,0.0,0.0,0.0,1.5508205223644298,False,True,2215,PV+/PNN-,67.52533365000001,9.272320371655413,0.0,0.0,0.0,False,NONE
2422,1239,523,51.63701985,8.108408946599484,739.0,11.36923076923077,0.0,0.0,0.0,1.4984118411170912,False,True,2216,PV+/PNN-,51.63701985,8.108408946599484,0.0,0.0,0.0,False,NONE
2423,1239,2203,49.25377278,7.919081463837606,3025.0,48.79032258064516,0.0,0.0,0.0,1.6405889600141357,False,True,2218,PV+/PNN-,49.25377278,7.919081463837606,0.0,0.0,0.0,False,NONE
2424,1241,851,59.58117675,8.70982837718145,823.0,10.973333333333333,0.0,0.0,0.0,1.5875065992375668,False,True,2220,PV+/PNN-,59.58117675,8.70982837718145,0.0,0.0,0.0,False,NONE
2425,1244,389,96.91871418,11.108588547554572,1428.0,11.704918032786885,0.0,0.0,0.0,1.6409280463569977,False,True,2221,PV+/PNN-,96.91871418,11.108588547554572,0.0,0.0,0.0,False,NONE
2426,1243,639,93.74105142,10.924962866435578,1170.0,9.915254237288135,0.0,0.0,0.0,1.5798646759678598,False,True,2222,PV+/PNN-,93.74105142,10.924962866435578,0.0,0.0,0.0,False,NONE
2427,1243,1050,118.36793781,12.276430232296539,6060.0,40.671140939597315,0.0,0.0,0.0,1.4799297070347475,False,True,2223,PV+/PNN-,118.36793781,12.276430232296539,0.0,0.0,0.0,False,NONE
2428,1242,1093,128.69534178,12.800781162784691,3044.0,18.790123456790123,0.0,0.0,0.0,1.5565750857561595,False,True,2224,PV+/PNN-,128.69534178,12.800781162784691,0.0,0.0,0.0,False,NONE
2429,1245,1524,108.04053384,11.728660627684029,2807.0,20.639705882352942,0.0,0.0,0.0,1.5325568910206604,False,True,2225,PV+/PNN-,108.04053384,11.728660627684029,0.0,0.0,0.0,False,NONE
2430,1246,1665,142.20040851,13.455674765407588,4893.0,27.335195530726256,0.0,0.0,0.0,1.4509760845081703,False,True,2226,PV+/PNN-,142.20040851,13.455674765407588,0.0,0.0,0.0,False,NONE
2431,1244,2129,135.05066730000001,13.113041224263421,5567.0,32.747058823529414,0.0,0.0,0.0,2.011778696062613,False,True,2227,PV+/PNN-,135.05066730000001,13.113041224263421,0.0,0.0,0.0,False,NONE
2432,1244,794,75.46949055,9.802588422925686,1011.0,10.642105263157895,0.0,0.0,0.0,1.4707029450509146,False,True,2228,PV+/PNN-,75.46949055,9.802588422925686,0.0,0.0,0.0,False,NONE
2433,1246,1761,117.57352212,12.235164803834003,4432.0,29.945945945945947,0.0,0.0,0.0,1.3923336227570244,False,True,2229,PV+/PNN-,117.57352212,12.235164803834003,0.0,0.0,0.0,False,NONE
2434,1248,2370,133.46183592,13.035677474005707,4360.0,25.952380952380953,0.0,0.0,0.0,1.619101168946235,False,True,2232,PV+/PNN-,133.46183592,13.035677474005707,0.0,0.0,0.0,False,NONE
2435,1247,2559,135.05066730000001,13.113041224263421,7639.0,44.93529411764706,0.0,0.0,0.0,1.5686871182442044,False,True,2233,PV+/PNN-,135.05066730000001,13.113041224263421,0.0,0.0,0.0,False,NONE
2436,1249,2052,120.75118488,12.39940255265723,14135.0,92.99342105263158,0.0,0.0,0.0,2.412538979607977,False,True,2234,PV+/PNN-,120.75118488,12.39940255265723,0.0,0.0,0.0,False,NONE
2437,1248,2432,102.47962401,11.422832828117684,4533.0,35.13953488372093,0.0,0.0,0.0,1.7559432009179965,False,True,2235,PV+/PNN-,102.47962401,11.422832828117684,0.0,0.0,0.0,False,NONE
2438,1249,2523,123.13443195,12.521167201073583,21489.0,138.63870967741934,0.0,0.0,0.0,1.4822998858362622,False,True,2236,PV+/PNN-,123.13443195,12.521167201073583,0.0,0.0,0.0,False,NONE
2439,1249,578,55.6090983,8.414493627225879,951.0,13.585714285714285,0.0,0.0,0.0,1.7327194842261344,False,True,2237,PV+/PNN-,55.6090983,8.414493627225879,0.0,0.0,0.0,False,NONE
2440,1248,1577,54.81468261,8.354173898786094,3158.0,45.768115942028984,0.0,0.0,0.0,1.5152369381710238,False,True,2238,PV+/PNN-,54.81468261,8.354173898786094,0.0,0.0,0.0,False,NONE
2441,1251,1598,104.86287108,11.554893086200376,4960.0,37.57575757575758,0.0,0.0,0.0,1.702740728542149,False,True,2239,PV+/PNN-,104.86287108,11.554893086200376,0.0,0.0,0.0,False,NONE
2442,1253,2855,149.35014972,13.789797556005714,6603.0,35.12234042553192,0.0,0.0,0.0,1.4522416851923121,False,True,2240,PV+/PNN-,149.35014972,13.789797556005714,0.0,0.0,0.0,False,NONE
2443,1251,1823,72.29182779,9.593998848416254,3160.0,34.72527472527472,0.0,0.0,0.0,1.3343445709185462,False,True,2241,PV+/PNN-,72.29182779,9.593998848416254,0.0,0.0,0.0,False,NONE
2444,1252,1978,66.73091796,9.217615939230159,2450.0,29.166666666666668,0.0,0.0,0.0,1.4816985387279689,False,True,2242,PV+/PNN-,66.73091796,9.217615939230159,0.0,0.0,0.0,False,NONE
2445,1254,2756,123.92884764,12.56149312576761,13210.0,84.67948717948718,0.0,0.0,0.0,1.4334252799783214,False,True,2243,PV+/PNN-,123.92884764,12.56149312576761,0.0,0.0,0.0,False,NONE
2446,1254,344,93.74105142,10.924962866435578,1878.0,15.915254237288135,0.0,0.0,0.0,1.4677526279991053,False,True,2244,PV+/PNN-,93.74105142,10.924962866435578,0.0,0.0,0.0,False,NONE
2447,1254,1612,94.53546711,10.971157418634661,3635.0,30.54621848739496,0.0,0.0,0.0,1.6051576615797443,False,True,2245,PV+/PNN-,94.53546711,10.971157418634661,0.0,0.0,0.0,False,NONE
2448,1257,1698,170.79937335,14.746813769937052,5748.0,26.73488372093023,0.0,0.0,0.0,1.421811696714709,False,True,2246,PV+/PNN-,170.79937335,14.746813769937052,0.0,0.0,0.0,False,NONE
2449,1251,2261,33.36545898,6.517838737002854,2614.0,62.23809523809524,0.0,0.0,0.0,1.926850919669018,False,True,2247,PV+/PNN-,33.36545898,6.517838737002854,0.0,0.0,0.0,False,NONE
2450,1255,365,81.82481607,10.206987389088184,1424.0,13.825242718446601,0.0,0.0,0.0,1.3643372051105502,False,True,2248,PV+/PNN-,81.82481607,10.206987389088184,0.0,0.0,0.0,False,NONE
2451,1254,590,49.25377278,7.919081463837606,775.0,12.5,0.0,0.0,0.0,1.4816466984600125,False,True,2249,PV+/PNN-,49.25377278,7.919081463837606,0.0,0.0,0.0,False,NONE
2452,1257,2195,166.03287921,14.539588286344586,13816.0,66.10526315789474,0.0,0.0,0.0,1.6980579896964667,False,True,2250,PV+/PNN-,166.03287921,14.539588286344586,0.0,0.0,0.0,False,NONE
2453,1255,2279,87.3857259,10.548125988120718,11902.0,108.2,0.0,0.0,0.0,2.1733721299085738,False,True,2251,PV+/PNN-,87.3857259,10.548125988120718,0.0,0.0,0.0,False,NONE
2454,1255,632,61.96442382,8.88231697105848,970.0,12.435897435897436,0.0,0.0,0.0,1.5965406831029298,False,True,2252,PV+/PNN-,61.96442382,8.88231697105848,0.0,0.0,0.0,False,NONE
2455,1255,1896,57.99234537,8.592912627102823,1733.0,23.73972602739726,0.0,0.0,0.0,1.4377578754393907,False,True,2253,PV+/PNN-,57.99234537,8.592912627102823,0.0,0.0,0.0,False,NONE
2456,1257,787,77.85273762,9.956163126610313,1048.0,10.693877551020408,0.0,0.0,0.0,1.6137060782024935,False,True,2254,PV+/PNN-,77.85273762,9.956163126610313,0.0,0.0,0.0,False,NONE
2457,1259,2395,161.26638507,14.329366305165495,8547.0,42.10344827586207,0.0,0.0,0.0,1.3768524905840045,False,True,2255,PV+/PNN-,161.26638507,14.329366305165495,0.0,0.0,0.0,False,NONE
2458,1259,1396,76.26390624,9.854045933561641,3025.0,31.510416666666668,0.0,0.0,0.0,1.7183364018816492,False,True,2257,PV+/PNN-,76.26390624,9.854045933561641,0.0,0.0,0.0,False,NONE
2459,1259,1792,85.79689452,10.451794052617739,4189.0,38.78703703703704,0.0,0.0,0.0,1.3217972322166531,False,True,2258,PV+/PNN-,85.79689452,10.451794052617739,0.0,0.0,0.0,False,NONE
2460,1259,1303,78.64715331000001,10.006830950662698,1794.0,18.12121212121212,0.0,0.0,0.0,1.5974060168065087,False,True,2259,PV+/PNN-,78.64715331000001,10.006830950662698,0.0,0.0,0.0,False,NONE
2461,1260,1651,106.45170246,11.642101063659146,3681.0,27.470149253731343,0.0,0.0,0.0,1.4728237943479814,False,True,2260,PV+/PNN-,106.45170246,11.642101063659146,0.0,0.0,0.0,False,NONE
2462,1259,2121,68.31974934,9.326703948667076,2427.0,28.22093023255814,0.0,0.0,0.0,1.4959003609727508,False,True,2261,PV+/PNN-,68.31974934,9.326703948667076,0.0,0.0,0.0,False,NONE
2463,1260,2622,86.59131021,10.500070494515816,10276.0,94.27522935779817,0.0,0.0,0.0,1.5133971979875076,False,True,2262,PV+/PNN-,86.59131021,10.500070494515816,0.0,0.0,0.0,False,NONE
2464,1260,532,51.63701985,8.108408946599484,826.0,12.707692307692307,0.0,0.0,0.0,1.6894775228672956,False,True,2263,PV+/PNN-,51.63701985,8.108408946599484,0.0,0.0,0.0,False,NONE
2465,1261,1281,88.97455728,10.643586087602236,2289.0,20.4375,0.0,0.0,0.0,1.6241231949045047,False,True,2264,PV+/PNN-,88.97455728,10.643586087602236,0.0,0.0,0.0,False,NONE
2466,1262,2843,98.50754556,11.199272407696524,5318.0,42.88709677419355,0.0,0.0,0.0,1.4413668102579402,False,True,2265,PV+/PNN-,98.50754556,11.199272407696524,0.0,0.0,0.0,False,NONE
2467,1260,29,46.07611002,7.659368469073156,4573.0,78.84482758620689,0.0,0.0,0.0,1.5605547366713415,False,True,2266,PV+/PNN-,46.07611002,7.659368469073156,0.0,0.0,0.0,False,NONE
2468,1262,944,78.64715331000001,10.006830950662698,974.0,9.83838383838384,0.0,0.0,0.0,1.485594413410748,False,True,2267,PV+/PNN-,78.64715331000001,10.006830950662698,0.0,0.0,0.0,False,NONE
2469,1261,2413,57.19792968,8.533854108523126,2972.0,41.27777777777778,0.0,0.0,0.0,1.5336597673095353,False,True,2268,PV+/PNN-,57.19792968,8.533854108523126,0.0,0.0,0.0,False,NONE
2470,1266,2482,248.65211097,17.79308013158149,30618.0,97.82108626198082,0.0,0.0,0.0,1.877165914993564,False,True,2269,PV+/PNN-,248.65211097,17.79308013158149,0.0,0.0,0.0,False,NONE
2471,1265,1090,146.17248696000001,13.642308849668991,3877.0,21.070652173913043,0.0,0.0,0.0,1.5744182388549146,False,True,2270,PV+/PNN-,146.17248696000001,13.642308849668991,0.0,0.0,0.0,False,NONE
2472,1265,858,69.11416503,9.380772250595795,885.0,10.172413793103448,0.0,0.0,0.0,1.7005896011849766,False,True,2271,PV+/PNN-,69.11416503,9.380772250595795,0.0,0.0,0.0,False,NONE
2473,1267,1856,127.1065104,12.72151859781572,2769.0,17.30625,0.0,0.0,0.0,1.3857778429250125,False,True,2273,PV+/PNN-,127.1065104,12.72151859781572,0.0,0.0,0.0,False,NONE
2474,1267,2777,104.86287108,11.554893086200376,11044.0,83.66666666666667,0.0,0.0,0.0,1.454232622214376,False,True,2274,PV+/PNN-,104.86287108,11.554893086200376,0.0,0.0,0.0,False,NONE
2475,1268,253,101.68520832,11.378472144697502,4420.0,34.53125,0.0,0.0,0.0,1.4712025044751846,False,True,2275,PV+/PNN-,101.68520832,11.378472144697502,0.0,0.0,0.0,False,NONE
2476,1271,1747,188.27651853,15.482929591568213,7490.0,31.60337552742616,0.0,0.0,0.0,1.4188405733161038,False,True,2276,PV+/PNN-,188.27651853,15.482929591568213,0.0,0.0,0.0,False,NONE
2477,1268,1799,103.2740397,11.467021901548332,4595.0,35.34615384615385,0.0,0.0,0.0,1.4122246042406403,False,True,2277,PV+/PNN-,103.2740397,11.467021901548332,0.0,0.0,0.0,False,NONE
2478,1271,1533,112.80702798,11.984588810142046,4008.0,28.225352112676056,0.0,0.0,0.0,1.5666683886314976,False,True,2278,PV+/PNN-,112.80702798,11.984588810142046,0.0,0.0,0.0,False,NONE
2479,1270,1879,125.51767902,12.64175907426016,4797.0,30.360759493670887,0.0,0.0,0.0,1.4374945391033789,False,True,2279,PV+/PNN-,125.51767902,12.64175907426016,0.0,0.0,0.0,False,NONE
2480,1270,2754,69.90858072,9.434530697868027,12413.0,141.0568181818182,0.0,0.0,0.0,1.4557666228707202,False,True,2280,PV+/PNN-,69.90858072,9.434530697868027,0.0,0.0,0.0,False,NONE
2481,1271,1547,75.46949055,9.802588422925686,4741.0,49.90526315789474,0.0,0.0,0.0,1.570881261597861,False,True,2281,PV+/PNN-,75.46949055,9.802588422925686,0.0,0.0,0.0,False,NONE
2482,1273,1720,141.40599282,13.418036440588484,6931.0,38.938202247191015,0.0,0.0,0.0,1.5076641057499631,False,True,2282,PV+/PNN-,141.40599282,13.418036440588484,0.0,0.0,0.0,False,NONE
2483,1274,2358,200.19275388,15.965379131403353,12899.0,51.18650793650794,0.0,0.0,0.0,1.545176946840501,False,True,2283,PV+/PNN-,200.19275388,15.965379131403353,0.0,0.0,0.0,False,NONE
2484,1272,1191,110.42378091,11.857315232959936,2599.0,18.697841726618705,0.0,0.0,0.0,1.6553522478346503,False,True,2284,PV+/PNN-,110.42378091,11.857315232959936,0.0,0.0,0.0,False,NONE
2485,1272,157,71.4974121,9.54113894836179,6756.0,75.06666666666666,0.0,0.0,0.0,1.6521527957862623,False,True,2285,PV+/PNN-,71.4974121,9.54113894836179,0.0,0.0,0.0,False,NONE
2486,1272,575,78.64715331000001,10.006830950662698,1141.0,11.525252525252526,0.0,0.0,0.0,1.7528514166493954,False,True,2286,PV+/PNN-,78.64715331000001,10.006830950662698,0.0,0.0,0.0,False,NONE
2487,1280,2636,281.22315426,18.922590755469738,48086.0,135.8361581920904,0.0,0.0,0.0,2.4411063777958617,False,True,2287,PV+/PNN-,281.22315426,18.922590755469738,0.0,0.0,0.0,False,NONE
2488,1276,408,97.71312987,11.154022637162193,2270.0,18.45528455284553,0.0,0.0,0.0,1.581492318940693,False,True,2288,PV+/PNN-,97.71312987,11.154022637162193,0.0,0.0,0.0,False,NONE
2489,1275,640,73.88065917,9.698854408967303,931.0,10.010752688172044,0.0,0.0,0.0,1.9820608050425148,False,True,2289,PV+/PNN-,73.88065917,9.698854408967303,0.0,0.0,0.0,False,NONE
2490,1274,1112,89.76897297000001,10.690996505268625,1748.0,15.469026548672566,0.0,0.0,0.0,1.5309055045774953,False,True,2290,PV+/PNN-,89.76897297000001,10.690996505268625,0.0,0.0,0.0,False,NONE
2491,1274,2810,48.45935709,7.854958291387057,2904.0,47.60655737704918,0.0,0.0,0.0,1.3377491625391842,False,True,2291,PV+/PNN-,48.45935709,7.854958291387057,0.0,0.0,0.0,False,NONE
2492,1277,1092,149.35014972,13.789797556005714,3790.0,20.159574468085108,0.0,0.0,0.0,1.6410869574818439,False,True,2292,PV+/PNN-,149.35014972,13.789797556005714,0.0,0.0,0.0,False,NONE
2493,1277,1362,122.34001626,12.48071098158173,2590.0,16.818181818181817,0.0,0.0,0.0,1.7066853016584629,False,True,2293,PV+/PNN-,122.34001626,12.48071098158173,0.0,0.0,0.0,False,NONE
2494,1278,1479,118.36793781,12.276430232296539,2870.0,19.261744966442954,0.0,0.0,0.0,1.887623841204099,False,True,2295,PV+/PNN-,118.36793781,12.276430232296539,0.0,0.0,0.0,False,NONE
2495,1278,378,91.35780435,10.78519212710641,1944.0,16.904347826086955,0.0,0.0,0.0,1.47786957145822,False,True,2297,PV+/PNN-,91.35780435,10.78519212710641,0.0,0.0,0.0,False,NONE
2496,1280,2131,71.4974121,9.54113894836179,4047.0,44.96666666666667,0.0,0.0,0.0,1.5591582671083248,False,True,2298,PV+/PNN-,71.4974121,9.54113894836179,0.0,0.0,0.0,False,NONE
2497,1280,1028,67.52533365000001,9.272320371655413,870.0,10.235294117647058,0.0,0.0,0.0,1.470619358637442,False,True,2299,PV+/PNN-,67.52533365000001,9.272320371655413,0.0,0.0,0.0,False,NONE
2498,1282,2379,123.13443195,12.521167201073583,4995.0,32.225806451612904,0.0,0.0,0.0,1.593341739798732,False,True,2300,PV+/PNN-,123.13443195,12.521167201073583,0.0,0.0,0.0,False,NONE
2499,1281,2674,99.30196125,11.244340084382843,10586.0,84.688,0.0,0.0,0.0,1.431455780468976,False,True,2301,PV+/PNN-,99.30196125,11.244340084382843,0.0,0.0,0.0,False,NONE
2500,1282,50,100.09637694,11.289227848029503,9458.0,75.06349206349206,0.0,0.0,0.0,1.6799011632143566,False,True,2302,PV+/PNN-,100.09637694,11.289227848029503,0.0,0.0,0.0,False,NONE
2501,1281,1664,53.22585123,8.232208609372499,1310.0,19.55223880597015,0.0,0.0,0.0,1.444616498696994,False,True,2303,PV+/PNN-,53.22585123,8.232208609372499,0.0,0.0,0.0,False,NONE
2502,1286,1843,122.34001626,12.48071098158173,3329.0,21.616883116883116,0.0,0.0,0.0,1.3367720005285855,False,True,2304,PV+/PNN-,122.34001626,12.48071098158173,0.0,0.0,0.0,False,NONE
2503,1284,1920,81.03040038,10.157318055940708,2209.0,21.65686274509804,0.0,0.0,0.0,1.35719956108954,False,True,2305,PV+/PNN-,81.03040038,10.157318055940708,0.0,0.0,0.0,False,NONE
2504,1290,2219,157.29430662000001,14.151796046802042,10052.0,50.76767676767677,0.0,0.0,0.0,1.6918322794303675,False,True,2306,PV+/PNN-,157.29430662000001,14.151796046802042,0.0,0.0,0.0,False,NONE
2505,1287,2481,166.8272949,14.574330482319752,11586.0,55.17142857142857,0.0,0.0,0.0,1.6922218668986455,False,True,2307,PV+/PNN-,166.8272949,14.574330482319752,0.0,0.0,0.0,False,NONE
2506,1288,626,103.2740397,11.467021901548332,1652.0,12.707692307692307,0.0,0.0,0.0,1.8296615828470648,False,True,2308,PV+/PNN-,103.2740397,11.467021901548332,0.0,0.0,0.0,False,NONE
2507,1287,1454,104.06845539,11.51104134134072,2970.0,22.671755725190838,0.0,0.0,0.0,2.1995461624815564,False,True,2309,PV+/PNN-,104.06845539,11.51104134134072,0.0,0.0,0.0,False,NONE
2508,1287,1885,79.441569,10.057243516322302,2186.0,21.86,0.0,0.0,0.0,1.3647697039363775,False,True,2310,PV+/PNN-,79.441569,10.057243516322302,0.0,0.0,0.0,False,NONE
2509,1288,1358,79.441569,10.057243516322302,1625.0,16.25,0.0,0.0,0.0,1.9573848374952993,False,True,2311,PV+/PNN-,79.441569,10.057243516322302,0.0,0.0,0.0,False,NONE
2510,1289,2552,154.91105955,14.044176264056345,8161.0,41.85128205128205,0.0,0.0,0.0,1.6178278922109688,False,True,2312,PV+/PNN-,154.91105955,14.044176264056345,0.0,0.0,0.0,False,NONE
2511,1290,417,93.74105142,10.924962866435578,2148.0,18.203389830508474,0.0,0.0,0.0,1.3201765648565607,False,True,2313,PV+/PNN-,93.74105142,10.924962866435578,0.0,0.0,0.0,False,NONE
2512,1288,1075,73.08624348000001,9.646569098642193,1238.0,13.456521739130435,0.0,0.0,0.0,1.5861566786599839,False,True,2314,PV+/PNN-,73.08624348000001,9.646569098642193,0.0,0.0,0.0,False,NONE
2513,1291,1584,141.40599282,13.418036440588484,5043.0,28.331460674157302,0.0,0.0,0.0,1.6127000608034692,False,True,2315,PV+/PNN-,141.40599282,13.418036440588484,0.0,0.0,0.0,False,NONE
2514,1289,2538,101.68520832,11.378472144697502,7585.0,59.2578125,0.0,0.0,0.0,1.4606562499628177,False,True,2317,PV+/PNN-,101.68520832,11.378472144697502,0.0,0.0,0.0,False,NONE
2515,1289,1492,61.17000813,8.825195369105852,868.0,11.272727272727273,0.0,0.0,0.0,1.5541618078276604,False,True,2318,PV+/PNN-,61.17000813,8.825195369105852,0.0,0.0,0.0,False,NONE
2516,1291,1334,100.89079263,11.333937836259333,1892.0,14.89763779527559,0.0,0.0,0.0,1.7405472014111065,False,True,2319,PV+/PNN-,100.89079263,11.333937836259333,0.0,0.0,0.0,False,NONE
2517,1292,2062,95.32988280000001,11.017158280424603,3455.0,28.791666666666668,0.0,0.0,0.0,1.6755889169248552,False,True,2320,PV+/PNN-,95.32988280000001,11.017158280424603,0.0,0.0,0.0,False,NONE
2518,1290,26,61.96442382,8.88231697105848,3807.0,48.80769230769231,0.0,0.0,0.0,1.7557620845614335,False,True,2321,PV+/PNN-,61.96442382,8.88231697105848,0.0,0.0,0.0,False,NONE
2519,1293,1523,127.90092609,12.761211420003875,2613.0,16.229813664596275,0.0,0.0,0.0,1.6329008228837418,False,True,2322,PV+/PNN-,127.90092609,12.761211420003875,0.0,0.0,0.0,False,NONE
2520,1292,263,87.3857259,10.548125988120718,2298.0,20.89090909090909,0.0,0.0,0.0,1.6064054873237286,False,True,2323,PV+/PNN-,87.3857259,10.548125988120718,0.0,0.0,0.0,False,NONE
2521,1291,1089,62.75883951,8.93907356753593,967.0,12.240506329113924,0.0,0.0,0.0,1.6250309737739237,False,True,2324,PV+/PNN-,62.75883951,8.93907356753593,0.0,0.0,0.0,False,NONE
2522,1294,1761,130.28417316,12.879555944225542,2814.0,17.158536585365855,0.0,0.0,0.0,1.4030119661525389,False,True,2326,PV+/PNN-,130.28417316,12.879555944225542,0.0,0.0,0.0,False,NONE
2523,1293,2001,74.67507486,9.75085936304132,3095.0,32.92553191489362,0.0,0.0,0.0,1.7017615791870357,False,True,2328,PV+/PNN-,74.67507486,9.75085936304132,0.0,0.0,0.0,False,NONE
2524,1296,1350,113.60144367,12.026714032504808,2359.0,16.496503496503497,0.0,0.0,0.0,1.8323047839779967,False,True,2329,PV+/PNN-,113.60144367,12.026714032504808,0.0,0.0,0.0,False,NONE
2525,1295,1141,86.59131021,10.500070494515816,1311.0,12.027522935779816,0.0,0.0,0.0,1.8112466465276023,False,True,2330,PV+/PNN-,86.59131021,10.500070494515816,0.0,0.0,0.0,False,NONE
2526,1297,2829,95.32988280000001,11.017158280424603,7479.0,62.325,0.0,0.0,0.0,1.421353874813397,False,True,2331,PV+/PNN-,95.32988280000001,11.017158280424603,0.0,0.0,0.0,False,NONE
2527,1300,345,95.32988280000001,11.017158280424603,1484.0,12.366666666666667,0.0,0.0,0.0,1.5467839951471476,False,True,2332,PV+/PNN-,95.32988280000001,11.017158280424603,0.0,0.0,0.0,False,NONE
2528,1298,928,109.62936522,11.814586030086609,2232.0,16.17391304347826,0.0,0.0,0.0,1.6174591848068351,False,True,2333,PV+/PNN-,109.62936522,11.814586030086609,0.0,0.0,0.0,False,NONE
2529,1299,2596,134.25625161,13.074416571218995,19011.0,112.49112426035504,0.0,0.0,0.0,1.6123163821604822,False,True,2334,PV+/PNN-,134.25625161,13.074416571218995,0.0,0.0,0.0,False,NONE
2530,1300,1538,105.65728677,11.598579038183399,2110.0,15.864661654135338,0.0,0.0,0.0,1.6381742949014328,False,True,2336,PV+/PNN-,105.65728677,11.598579038183399,0.0,0.0,0.0,False,NONE
2531,1302,1655,126.31209471,12.681701540530954,4020.0,25.28301886792453,0.0,0.0,0.0,1.5706623072506198,False,True,2337,PV+/PNN-,126.31209471,12.681701540530954,0.0,0.0,0.0,False,NONE
2532,1300,1914,115.19027505,12.11052490037406,3937.0,27.151724137931033,0.0,0.0,0.0,1.4546557948092296,False,True,2338,PV+/PNN-,115.19027505,12.11052490037406,0.0,0.0,0.0,False,NONE
2533,1301,83,137.43391437,13.228238528376714,16689.0,96.46820809248555,0.0,0.0,0.0,1.54226475236574,False,True,2339,PV+/PNN-,137.43391437,13.228238528376714,0.0,0.0,0.0,False,NONE
2534,1301,1487,88.18014159,10.595963539609496,1788.0,16.10810810810811,0.0,0.0,0.0,1.6582132500309665,False,True,2340,PV+/PNN-,88.18014159,10.595963539609496,0.0,0.0,0.0,False,NONE
2535,1304,1788,119.95676919,12.358547737957586,3101.0,20.5364238410596,0.0,0.0,0.0,1.315949066359023,False,True,2341,PV+/PNN-,119.95676919,12.358547737957586,0.0,0.0,0.0,False,NONE
2536,1302,192,102.47962401,11.422832828117684,4331.0,33.57364341085271,0.0,0.0,0.0,1.4901448856419708,False,True,2342,PV+/PNN-,102.47962401,11.422832828117684,0.0,0.0,0.0,False,NONE
2537,1304,240,98.50754556,11.199272407696524,3515.0,28.346774193548388,0.0,0.0,0.0,1.6215376615401826,False,True,2343,PV+/PNN-,98.50754556,11.199272407696524,0.0,0.0,0.0,False,NONE
2538,1303,295,87.3857259,10.548125988120718,2169.0,19.71818181818182,0.0,0.0,0.0,1.554249465008023,False,True,2344,PV+/PNN-,87.3857259,10.548125988120718,0.0,0.0,0.0,False,NONE
2539,1303,1437,85.79689452,10.451794052617739,1214.0,11.24074074074074,0.0,0.0,0.0,1.6892756116697938,False,True,2345,PV+/PNN-,85.79689452,10.451794052617739,0.0,0.0,0.0,False,NONE
2540,1304,2250,148.55573403,13.753073662427433,11408.0,61.00534759358289,0.0,0.0,0.0,1.8202271317515757,False,True,2346,PV+/PNN-,148.55573403,13.753073662427433,0.0,0.0,0.0,False,NONE
2541,1304,1601,90.56338866,10.738197602350779,3675.0,32.23684210526316,0.0,0.0,0.0,1.8194324275931804,False,True,2347,PV+/PNN-,90.56338866,10.738197602350779,0.0,0.0,0.0,False,NONE
2542,1304,2366,95.32988280000001,11.017158280424603,7606.0,63.38333333333333,0.0,0.0,0.0,1.7841450300388189,False,True,2348,PV+/PNN-,95.32988280000001,11.017158280424603,0.0,0.0,0.0,False,NONE
2543,1303,1187,57.99234537,8.592912627102823,943.0,12.917808219178083,0.0,0.0,0.0,1.6189800899642273,False,True,2350,PV+/PNN-,57.99234537,8.592912627102823,0.0,0.0,0.0,False,NONE
2544,1306,1302,105.65728677,11.598579038183399,1498.0,11.263157894736842,0.0,0.0,0.0,1.7731663526597294,False,True,2351,PV+/PNN-,105.65728677,11.598579038183399,0.0,0.0,0.0,False,NONE
2545,1304,1857,41.30961588,7.252381437585563,1139.0,21.903846153846153,0.0,0.0,0.0,1.4213106081282179,False,True,2352,PV+/PNN-,41.30961588,7.252381437585563,0.0,0.0,0.0,False,NONE
2546,1309,2682,163.64963214,14.434859996619657,18372.0,89.18446601941747,0.0,0.0,0.0,1.477049020326215,False,True,2353,PV+/PNN-,163.64963214,14.434859996619657,0.0,0.0,0.0,False,NONE
2547,1308,814,137.43391437,13.228238528376714,1400.0,8.092485549132949,0.0,0.0,0.0,1.7338286262366176,False,True,2354,PV+/PNN-,137.43391437,13.228238528376714,0.0,0.0,0.0,False,NONE
2548,1307,1158,85.00247883,10.403293586497956,1317.0,12.30841121495327,0.0,0.0,0.0,1.7233565504470376,False,True,2355,PV+/PNN-,85.00247883,10.403293586497956,0.0,0.0,0.0,False,NONE
2549,1306,1555,70.70299641,9.487984557348323,1145.0,12.865168539325843,0.0,0.0,0.0,1.6487232222839134,False,True,2356,PV+/PNN-,70.70299641,9.487984557348323,0.0,0.0,0.0,False,NONE
2550,1311,287,115.98469074,12.152213577535832,2569.0,17.595890410958905,0.0,0.0,0.0,1.5843074723893225,False,True,2357,PV+/PNN-,115.98469074,12.152213577535832,0.0,0.0,0.0,False,NONE
2551,1308,1359,48.45935709,7.854958291387057,925.0,15.163934426229508,0.0,0.0,0.0,1.5358112800697996,False,True,2358,PV+/PNN-,48.45935709,7.854958291387057,0.0,0.0,0.0,False,NONE
2552,1313,2148,162.06080076,14.36461695204847,7179.0,35.19117647058823,0.0,0.0,0.0,1.7330598003381301,False,True,2359,PV+/PNN-,162.06080076,14.36461695204847,0.0,0.0,0.0,False,NONE
2553,1310,1127,75.46949055,9.802588422925686,954.0,10.042105263157895,0.0,0.0,0.0,1.7698169256627188,False,True,2360,PV+/PNN-,75.46949055,9.802588422925686,0.0,0.0,0.0,False,NONE
2554,1309,2291,51.63701985,8.108408946599484,869.0,13.36923076923077,0.0,0.0,0.0,1.9501160343852373,False,True,2361,PV+/PNN-,51.63701985,8.108408946599484,0.0,0.0,0.0,False,NONE
2555,1312,2450,119.1623535,12.317557416952052,7842.0,52.28,0.0,0.0,0.0,1.6802011455649306,False,True,2362,PV+/PNN-,119.1623535,12.317557416952052,0.0,0.0,0.0,False,NONE
2556,1316,2731,157.29430662000001,14.151796046802042,22774.0,115.02020202020202,0.0,0.0,0.0,2.1711222622792685,False,True,2363,PV+/PNN-,157.29430662000001,14.151796046802042,0.0,0.0,0.0,False,NONE
2557,1315,113,135.84508299,13.151552441468574,15681.0,91.70175438596492,0.0,0.0,0.0,1.6826641585485909,False,True,2364,PV+/PNN-,135.84508299,13.151552441468574,0.0,0.0,0.0,False,NONE
2558,1314,2525,107.24611815,11.68546099424064,8722.0,64.60740740740741,0.0,0.0,0.0,1.53690957610742,False,True,2365,PV+/PNN-,107.24611815,11.68546099424064,0.0,0.0,0.0,False,NONE
2559,1320,1749,190.65976560000001,15.580614658987523,5617.0,23.404166666666665,0.0,0.0,0.0,1.3853559927445178,False,True,2366,PV+/PNN-,190.65976560000001,15.580614658987523,0.0,0.0,0.0,False,NONE
2560,1315,1925,57.19792968,8.533854108523126,6212.0,86.27777777777777,0.0,0.0,0.0,1.3349214600542656,False,True,2367,PV+/PNN-,57.19792968,8.533854108523126,0.0,0.0,0.0,False,NONE
2561,1315,502,42.104031570000004,7.321783798208037,1341.0,25.30188679245283,0.0,0.0,0.0,1.2671424289575945,False,True,2368,PV+/PNN-,42.104031570000004,7.321783798208037,0.0,0.0,0.0,False,NONE
2562,1318,2010,90.56338866,10.738197602350779,2691.0,23.605263157894736,0.0,0.0,0.0,1.6352985242474338,False,True,2369,PV+/PNN-,90.56338866,10.738197602350779,0.0,0.0,0.0,False,NONE
2563,1316,36,61.96442382,8.88231697105848,5289.0,67.8076923076923,0.0,0.0,0.0,1.5065459779307322,False,True,2370,PV+/PNN-,61.96442382,8.88231697105848,0.0,0.0,0.0,False,NONE
2564,1316,1180,88.97455728,10.643586087602236,1018.0,9.089285714285714,0.0,0.0,0.0,1.6602817818040485,False,True,2371,PV+/PNN-,88.97455728,10.643586087602236,0.0,0.0,0.0,False,NONE
2565,1316,1486,39.7207845,7.111545090435939,698.0,13.96,0.0,0.0,0.0,1.4943620793843424,False,True,2372,PV+/PNN-,39.7207845,7.111545090435939,0.0,0.0,0.0,False,NONE
2566,1318,1456,86.59131021,10.500070494515816,1566.0,14.36697247706422,0.0,0.0,0.0,1.596373967435268,False,True,2373,PV+/PNN-,86.59131021,10.500070494515816,0.0,0.0,0.0,False,NONE
2567,1319,2744,71.4974121,9.54113894836179,6506.0,72.28888888888889,0.0,0.0,0.0,1.5089112233871809,False,True,2374,PV+/PNN-,71.4974121,9.54113894836179,0.0,0.0,0.0,False,NONE
2568,1320,158,81.82481607,10.206987389088184,8481.0,82.33980582524272,0.0,0.0,0.0,1.571412400506772,False,True,2375,PV+/PNN-,81.82481607,10.206987389088184,0.0,0.0,0.0,False,NONE
2569,1323,2688,142.20040851,13.455674765407588,13986.0,78.1340782122905,0.0,0.0,0.0,1.4717150877950593,False,True,2376,PV+/PNN-,142.20040851,13.455674765407588,0.0,0.0,0.0,False,NONE
2570,1322,949,94.53546711,10.971157418634661,1275.0,10.714285714285714,0.0,0.0,0.0,1.7089540757384343,False,True,2377,PV+/PNN-,94.53546711,10.971157418634661,0.0,0.0,0.0,False,NONE
2571,1321,321,62.75883951,8.93907356753593,947.0,11.987341772151899,0.0,0.0,0.0,1.6361379152350495,False,True,2379,PV+/PNN-,62.75883951,8.93907356753593,0.0,0.0,0.0,False,NONE
2572,1323,1098,99.30196125,11.244340084382843,1615.0,12.92,0.0,0.0,0.0,1.6344838353374542,False,True,2380,PV+/PNN-,99.30196125,11.244340084382843,0.0,0.0,0.0,False,NONE
2573,1321,1501,61.17000813,8.825195369105852,884.0,11.480519480519481,0.0,0.0,0.0,1.5243583665044,False,True,2381,PV+/PNN-,61.17000813,8.825195369105852,0.0,0.0,0.0,False,NONE
2574,1322,1388,61.96442382,8.88231697105848,1576.0,20.205128205128204,0.0,0.0,0.0,1.488373970155577,False,True,2382,PV+/PNN-,61.96442382,8.88231697105848,0.0,0.0,0.0,False,NONE
2575,1323,2615,55.6090983,8.414493627225879,3918.0,55.97142857142857,0.0,0.0,0.0,1.6507600205871686,False,True,2383,PV+/PNN-,55.6090983,8.414493627225879,0.0,0.0,0.0,False,NONE
2576,1324,244,92.94663573,10.878572156378345,3530.0,30.17094017094017,0.0,0.0,0.0,1.742782079007751,False,True,2384,PV+/PNN-,92.94663573,10.878572156378345,0.0,0.0,0.0,False,NONE
2577,1328,2706,134.25625161,13.074416571218995,22814.0,134.9940828402367,0.0,0.0,0.0,1.5088757225172906,False,True,2385,PV+/PNN-,134.25625161,13.074416571218995,0.0,0.0,0.0,False,NONE
2578,1332,2803,220.05314613000002,16.73858917579679,54210.0,195.70397111913357,0.0,0.0,0.0,2.261726137387199,False,True,2386,PV+/PNN-,220.05314613000002,16.73858917579679,0.0,0.0,0.0,False,NONE
2579,1327,2571,126.31209471,12.681701540530954,7085.0,44.55974842767296,0.0,0.0,0.0,1.5651437640089283,False,True,2387,PV+/PNN-,126.31209471,12.681701540530954,0.0,0.0,0.0,False,NONE
2580,1330,95,132.66742023,12.996822909266468,12503.0,74.86826347305389,0.0,0.0,0.0,1.5119918804604406,False,True,2389,PV+/PNN-,132.66742023,12.996822909266468,0.0,0.0,0.0,False,NONE
2581,1328,1333,55.6090983,8.414493627225879,801.0,11.442857142857143,0.0,0.0,0.0,1.700899927754536,False,True,2390,PV+/PNN-,55.6090983,8.414493627225879,0.0,0.0,0.0,False,NONE
2582,1328,1702,110.42378091,11.857315232959936,4208.0,30.27338129496403,0.0,0.0,0.0,2.2220275406545498,False,True,2391,PV+/PNN-,110.42378091,11.857315232959936,0.0,0.0,0.0,False,NONE
2583,1332,2816,153.32222817,13.97196922387648,24556.0,127.23316062176166,0.0,0.0,0.0,1.5272287985245616,False,True,2392,PV+/PNN-,153.32222817,13.97196922387648,0.0,0.0,0.0,False,NONE
2584,1330,1598,93.74105142,10.924962866435578,1952.0,16.54237288135593,0.0,0.0,0.0,1.6708127148812884,False,True,2393,PV+/PNN-,93.74105142,10.924962866435578,0.0,0.0,0.0,False,NONE
2585,1332,351,84.20806314000001,10.354565948189398,1871.0,17.650943396226417,0.0,0.0,0.0,1.349283822593539,False,True,2394,PV+/PNN-,84.20806314000001,10.354565948189398,0.0,0.0,0.0,False,NONE
2586,1331,1491,100.09637694,11.289227848029503,1549.0,12.293650793650794,0.0,0.0,0.0,1.6134764998729725,False,True,2395,PV+/PNN-,100.09637694,11.289227848029503,0.0,0.0,0.0,False,NONE
2587,1332,1843,90.56338866,10.738197602350779,2195.0,19.25438596491228,0.0,0.0,0.0,1.4689267337646212,False,True,2396,PV+/PNN-,90.56338866,10.738197602350779,0.0,0.0,0.0,False,NONE
2588,1333,339,84.20806314000001,10.354565948189398,1008.0,9.50943396226415,0.0,0.0,0.0,1.5027417750451877,False,True,2399,PV+/PNN-,84.20806314000001,10.354565948189398,0.0,0.0,0.0,False,NONE
2589,1334,1480,100.09637694,11.289227848029503,1544.0,12.253968253968255,0.0,0.0,0.0,1.6252615207883794,False,True,2400,PV+/PNN-,100.09637694,11.289227848029503,0.0,0.0,0.0,False,NONE
2590,1335,1667,131.87300454,12.957851838301272,3300.0,19.879518072289155,0.0,0.0,0.0,1.5036163541872907,False,True,2401,PV+/PNN-,131.87300454,12.957851838301272,0.0,0.0,0.0,False,NONE
2591,1334,2516,78.64715331000001,10.006830950662698,3934.0,39.73737373737374,0.0,0.0,0.0,1.4760495204379391,False,True,2403,PV+/PNN-,78.64715331000001,10.006830950662698,0.0,0.0,0.0,False,NONE
2592,1338,2693,159.67755369,14.258603569939103,17521.0,87.16915422885572,0.0,0.0,0.0,1.51177672643744,False,True,2404,PV+/PNN-,159.67755369,14.258603569939103,0.0,0.0,0.0,False,NONE
2593,1337,1045,155.70547524,14.080140922851225,1826.0,9.316326530612244,0.0,0.0,0.0,1.7717707580776416,False,True,2405,PV+/PNN-,155.70547524,14.080140922851225,0.0,0.0,0.0,False,NONE
2594,1336,134,49.25377278,7.919081463837606,3006.0,48.483870967741936,0.0,0.0,0.0,1.503419611001673,False,True,2406,PV+/PNN-,49.25377278,7.919081463837606,0.0,0.0,0.0,False,NONE
2595,1340,1519,73.88065917,9.698854408967303,1303.0,14.010752688172044,0.0,0.0,0.0,1.678691556962042,False,True,2407,PV+/PNN-,73.88065917,9.698854408967303,0.0,0.0,0.0,False,NONE
2596,1342,2728,104.86287108,11.554893086200376,16456.0,124.66666666666667,0.0,0.0,0.0,2.0882862268366775,False,True,2408,PV+/PNN-,104.86287108,11.554893086200376,0.0,0.0,0.0,False,NONE
2597,1341,150,96.91871418,11.108588547554572,7911.0,64.84426229508196,0.0,0.0,0.0,1.6553124459541932,False,True,2409,PV+/PNN-,96.91871418,11.108588547554572,0.0,0.0,0.0,False,NONE
2598,1345,1082,190.65976560000001,15.580614658987523,2293.0,9.554166666666667,0.0,0.0,0.0,1.6859945547103907,False,True,2410,PV+/PNN-,190.65976560000001,15.580614658987523,0.0,0.0,0.0,False,NONE
2599,1342,2756,89.76897297000001,10.690996505268625,8098.0,71.66371681415929,0.0,0.0,0.0,1.6091531132781007,False,True,2411,PV+/PNN-,89.76897297000001,10.690996505268625,0.0,0.0,0.0,False,NONE
2600,1343,1310,132.66742023,12.996822909266468,1864.0,11.161676646706587,0.0,0.0,0.0,1.430754145102903,False,True,2412,PV+/PNN-,132.66742023,12.996822909266468,0.0,0.0,0.0,False,NONE
2601,1342,1438,102.47962401,11.422832828117684,1864.0,14.449612403100776,0.0,0.0,0.0,1.6748433212570042,False,True,2413,PV+/PNN-,102.47962401,11.422832828117684,0.0,0.0,0.0,False,NONE
2602,1344,2164,107.24611815,11.68546099424064,5908.0,43.762962962962966,0.0,0.0,0.0,1.5854067227835489,False,True,2414,PV+/PNN-,107.24611815,11.68546099424064,0.0,0.0,0.0,False,NONE
2603,1345,221,132.66742023,12.996822909266468,4497.0,26.92814371257485,0.0,0.0,0.0,1.528562761802028,False,True,2415,PV+/PNN-,132.66742023,12.996822909266468,0.0,0.0,0.0,False,NONE
2604,1345,2407,100.09637694,11.289227848029503,4591.0,36.43650793650794,0.0,0.0,0.0,1.694900280743056,False,True,2416,PV+/PNN-,100.09637694,11.289227848029503,0.0,0.0,0.0,False,NONE
2605,1346,2628,132.66742023,12.996822909266468,9076.0,54.34730538922156,0.0,0.0,0.0,1.5895921052795814,False,True,2418,PV+/PNN-,132.66742023,12.996822909266468,0.0,0.0,0.0,False,NONE
2606,1346,1410,108.04053384,11.728660627684029,2105.0,15.477941176470589,0.0,0.0,0.0,1.9142072307858442,False,True,2419,PV+/PNN-,108.04053384,11.728660627684029,0.0,0.0,0.0,False,NONE
2607,1346,2466,82.61923176,10.256416188536388,9739.0,93.64423076923077,0.0,0.0,0.0,1.5965406831029298,False,True,2420,PV+/PNN-,82.61923176,10.256416188536388,0.0,0.0,0.0,False,NONE
2608,1348,307,97.71312987,11.154022637162193,1736.0,14.113821138211382,0.0,0.0,0.0,1.4327815561256592,False,True,2421,PV+/PNN-,97.71312987,11.154022637162193,0.0,0.0,0.0,False,NONE
2609,1350,2743,148.55573403,13.753073662427433,16062.0,85.89304812834224,0.0,0.0,0.0,1.5354444216678966,False,True,2422,PV+/PNN-,148.55573403,13.753073662427433,0.0,0.0,0.0,False,NONE
2610,1346,108,62.75883951,8.93907356753593,5836.0,73.87341772151899,0.0,0.0,0.0,1.4439023899463361,False,True,2423,PV+/PNN-,62.75883951,8.93907356753593,0.0,0.0,0.0,False,NONE
2611,1348,1454,106.45170246,11.642101063659146,1631.0,12.171641791044776,0.0,0.0,0.0,1.593712204280784,False,True,2424,PV+/PNN-,106.45170246,11.642101063659146,0.0,0.0,0.0,False,NONE
2612,1351,1784,239.11912269,17.448665361891926,8024.0,26.6578073089701,0.0,0.0,0.0,1.5221363589091639,False,True,2425,PV+/PNN-,239.11912269,17.448665361891926,0.0,0.0,0.0,False,NONE
2613,1350,2021,92.15222004,10.83198276817611,2668.0,23.0,0.0,0.0,0.0,1.5332072077289278,False,True,2427,PV+/PNN-,92.15222004,10.83198276817611,0.0,0.0,0.0,False,NONE
2614,1349,2189,83.41364745,10.305607915302103,5910.0,56.285714285714285,0.0,0.0,0.0,1.6874007219787064,False,True,2428,PV+/PNN-,83.41364745,10.305607915302103,0.0,0.0,0.0,False,NONE
2615,1351,327,89.76897297000001,10.690996505268625,1780.0,15.752212389380531,0.0,0.0,0.0,1.3296120379202123,False,True,2429,PV+/PNN-,89.76897297000001,10.690996505268625,0.0,0.0,0.0,False,NONE
2616,1352,2337,148.55573403,13.753073662427433,28115.0,150.3475935828877,0.0,0.0,0.0,2.842773922204126,False,True,2430,PV+/PNN-,148.55573403,13.753073662427433,0.0,0.0,0.0,False,NONE
2617,1351,2503,85.79689452,10.451794052617739,3892.0,36.03703703703704,0.0,0.0,0.0,1.4280409813782755,False,True,2431,PV+/PNN-,85.79689452,10.451794052617739,0.0,0.0,0.0,False,NONE
2618,1353,1190,151.73339679,13.899387074616612,1999.0,10.465968586387435,0.0,0.0,0.0,1.8026033681284568,False,True,2432,PV+/PNN-,151.73339679,13.899387074616612,0.0,0.0,0.0,False,NONE
2619,1354,1735,108.04053384,11.728660627684029,2002.0,14.720588235294118,0.0,0.0,0.0,1.4665497451314933,False,True,2433,PV+/PNN-,108.04053384,11.728660627684029,0.0,0.0,0.0,False,NONE
2620,1359,1822,181.12677732,15.186104684686724,3547.0,15.557017543859649,0.0,0.0,0.0,1.493201621343964,False,True,2434,PV+/PNN-,181.12677732,15.186104684686724,0.0,0.0,0.0,False,NONE
2621,1359,1161,166.8272949,14.574330482319752,1828.0,8.704761904761904,0.0,0.0,0.0,1.9978824548227885,False,True,2437,PV+/PNN-,166.8272949,14.574330482319752,0.0,0.0,0.0,False,NONE
2622,1358,1377,88.18014159,10.595963539609496,1299.0,11.702702702702704,0.0,0.0,0.0,1.7865165121345727,False,True,2438,PV+/PNN-,88.18014159,10.595963539609496,0.0,0.0,0.0,False,NONE
2623,1359,1613,92.94663573,10.878572156378345,1763.0,15.068376068376068,0.0,0.0,0.0,1.585291344956405,False,True,2439,PV+/PNN-,92.94663573,10.878572156378345,0.0,0.0,0.0,False,NONE
2624,1360,1761,156.49989093,14.116013951495509,4730.0,24.01015228426396,0.0,0.0,0.0,1.4160461287183743,False,True,2440,PV+/PNN-,156.49989093,14.116013951495509,0.0,0.0,0.0,False,NONE
2625,1362,165,77.85273762,9.956163126610313,7445.0,75.96938775510205,0.0,0.0,0.0,1.9601397774495504,False,True,2441,PV+/PNN-,77.85273762,9.956163126610313,0.0,0.0,0.0,False,NONE
2626,1361,1098,113.60144367,12.026714032504808,1293.0,9.041958041958042,0.0,0.0,0.0,1.9196248213391325,False,True,2442,PV+/PNN-,113.60144367,12.026714032504808,0.0,0.0,0.0,False,NONE
2627,1361,1394,123.92884764,12.56149312576761,1700.0,10.897435897435898,0.0,0.0,0.0,1.6908620567930217,False,True,2443,PV+/PNN-,123.92884764,12.56149312576761,0.0,0.0,0.0,False,NONE
2628,1362,283,120.75118488,12.39940255265723,2068.0,13.605263157894736,0.0,0.0,0.0,1.7224808948830006,False,True,2445,PV+/PNN-,120.75118488,12.39940255265723,0.0,0.0,0.0,False,NONE
2629,1361,1140,71.4974121,9.54113894836179,944.0,10.488888888888889,0.0,0.0,0.0,1.7878948094209937,False,True,2446,PV+/PNN-,71.4974121,9.54113894836179,0.0,0.0,0.0,False,NONE
2630,1364,2214,83.41364745,10.305607915302103,4501.0,42.86666666666667,0.0,0.0,0.0,1.7420403644046836,False,True,2447,PV+/PNN-,83.41364745,10.305607915302103,0.0,0.0,0.0,False,NONE
2631,1365,365,119.1623535,12.317557416952052,2178.0,14.52,0.0,0.0,0.0,1.3661196245139606,False,True,2448,PV+/PNN-,119.1623535,12.317557416952052,0.0,0.0,0.0,False,NONE
2632,1366,2341,135.84508299,13.151552441468574,11574.0,67.6842105263158,0.0,0.0,0.0,2.6074781682786745,False,True,2449,PV+/PNN-,135.84508299,13.151552441468574,0.0,0.0,0.0,False,NONE
2633,1365,1635,95.32988280000001,11.017158280424603,1502.0,12.516666666666667,0.0,0.0,0.0,1.5034740432830271,False,True,2450,PV+/PNN-,95.32988280000001,11.017158280424603,0.0,0.0,0.0,False,NONE
2634,1365,2154,97.71312987,11.154022637162193,8032.0,65.30081300813008,0.0,0.0,0.0,1.6698407795060823,False,True,2451,PV+/PNN-,97.71312987,11.154022637162193,0.0,0.0,0.0,False,NONE
2635,1369,2824,202.57600095,16.06012998776311,32568.0,127.71764705882353,0.0,0.0,0.0,2.045526710502187,False,True,2452,PV+/PNN-,202.57600095,16.06012998776311,0.0,0.0,0.0,False,NONE
2636,1365,1260,90.56338866,10.738197602350779,1129.0,9.903508771929825,0.0,0.0,0.0,1.4890571283426128,False,True,2453,PV+/PNN-,90.56338866,10.738197602350779,0.0,0.0,0.0,False,NONE
2637,1366,1509,110.42378091,11.857315232959936,1548.0,11.136690647482014,0.0,0.0,0.0,1.6422415084120818,False,True,2454,PV+/PNN-,110.42378091,11.857315232959936,0.0,0.0,0.0,False,NONE
2638,1365,2569,65.93650227,9.1625849044734,4289.0,51.674698795180724,0.0,0.0,0.0,1.4800334043379495,False,True,2455,PV+/PNN-,65.93650227,9.1625849044734,0.0,0.0,0.0,False,NONE
2639,1367,1217,92.15222004,10.83198276817611,1129.0,9.732758620689655,0.0,0.0,0.0,1.7066021784701881,False,True,2456,PV+/PNN-,92.15222004,10.83198276817611,0.0,0.0,0.0,False,NONE
2640,1370,2193,104.06845539,11.51104134134072,5826.0,44.47328244274809,0.0,0.0,0.0,1.6508189047999313,False,True,2457,PV+/PNN-,104.06845539,11.51104134134072,0.0,0.0,0.0,False,NONE
2641,1373,2413,136.63949868,13.189951216443678,8784.0,51.06976744186046,0.0,0.0,0.0,2.3968938627548693,False,True,2458,PV+/PNN-,136.63949868,13.189951216443678,0.0,0.0,0.0,False,NONE
2642,1371,2005,79.441569,10.057243516322302,3221.0,32.21,0.0,0.0,0.0,1.562533068552282,False,True,2459,PV+/PNN-,79.441569,10.057243516322302,0.0,0.0,0.0,False,NONE
2643,1374,2742,129.48975747,12.84022896403991,30382.0,186.3926380368098,0.0,0.0,0.0,1.723012123718625,False,True,2460,PV+/PNN-,129.48975747,12.84022896403991,0.0,0.0,0.0,False,NONE
2644,1372,4,49.25377278,7.919081463837606,5532.0,89.2258064516129,0.0,0.0,0.0,1.8855342261078187,False,True,2461,PV+/PNN-,49.25377278,7.919081463837606,0.0,0.0,0.0,False,NONE
2645,1372,1393,93.74105142,10.924962866435578,1025.0,8.686440677966102,0.0,0.0,0.0,1.770912757710534,False,True,2462,PV+/PNN-,93.74105142,10.924962866435578,0.0,0.0,0.0,False,NONE
2646,1372,83,40.51520019,7.182308476024235,4405.0,86.37254901960785,0.0,0.0,0.0,1.6543144333124573,False,True,2463,PV+/PNN-,40.51520019,7.182308476024235,0.0,0.0,0.0,False,NONE
2647,1373,2126,51.63701985,8.108408946599484,3527.0,54.261538461538464,0.0,0.0,0.0,1.5762918744391852,False,True,2464,PV+/PNN-,51.63701985,8.108408946599484,0.0,0.0,0.0,False,NONE
2648,1375,205,115.98469074,12.152213577535832,12596.0,86.27397260273973,0.0,0.0,0.0,1.5662777112503719,False,True,2465,PV+/PNN-,115.98469074,12.152213577535832,0.0,0.0,0.0,False,NONE
2649,1377,1968,104.86287108,11.554893086200376,13021.0,98.64393939393939,0.0,0.0,0.0,2.5290557487596,False,True,2466,PV+/PNN-,104.86287108,11.554893086200376,0.0,0.0,0.0,False,NONE
2650,1376,61,63.5532552,8.995472067506276,8251.0,103.1375,0.0,0.0,0.0,1.5465027616934843,False,True,2467,PV+/PNN-,63.5532552,8.995472067506276,0.0,0.0,0.0,False,NONE
2651,1379,1214,143.78923989,13.53063732184699,1980.0,10.939226519337016,0.0,0.0,0.0,1.85968340342714,False,True,2468,PV+/PNN-,143.78923989,13.53063732184699,0.0,0.0,0.0,False,NONE
2652,1378,2070,110.42378091,11.857315232959936,5004.0,36.0,0.0,0.0,0.0,1.6611792431335697,False,True,2469,PV+/PNN-,110.42378091,11.857315232959936,0.0,0.0,0.0,False,NONE
2653,1385,2804,295.52263668,19.397708817934607,29296.0,78.75268817204301,0.0,0.0,0.0,1.810962000652631,False,True,2470,PV+/PNN-,295.52263668,19.397708817934607,0.0,0.0,0.0,False,NONE
2654,1380,1645,97.71312987,11.154022637162193,1779.0,14.463414634146341,0.0,0.0,0.0,1.622099685908636,False,True,2471,PV+/PNN-,97.71312987,11.154022637162193,0.0,0.0,0.0,False,NONE
2655,1379,2116,74.67507486,9.75085936304132,13216.0,140.59574468085106,0.0,0.0,0.0,2.327894953470198,False,True,2472,PV+/PNN-,74.67507486,9.75085936304132,0.0,0.0,0.0,False,NONE
2656,1380,172,67.52533365000001,9.272320371655413,4526.0,53.247058823529414,0.0,0.0,0.0,1.6437268209392573,False,True,2473,PV+/PNN-,67.52533365000001,9.272320371655413,0.0,0.0,0.0,False,NONE
2657,1384,1751,125.51767902,12.64175907426016,2432.0,15.39240506329114,0.0,0.0,0.0,1.4870485856222473,False,True,2474,PV+/PNN-,125.51767902,12.64175907426016,0.0,0.0,0.0,False,NONE
2658,1382,1443,81.03040038,10.157318055940708,1086.0,10.647058823529411,0.0,0.0,0.0,1.8078348127238533,False,True,2475,PV+/PNN-,81.03040038,10.157318055940708,0.0,0.0,0.0,False,NONE
2659,1389,2744,243.88561683,17.621714211168094,71395.0,232.557003257329,0.0,0.0,0.0,2.6347635507743083,False,True,2476,PV+/PNN-,243.88561683,17.621714211168094,0.0,0.0,0.0,False,NONE
2660,1386,2624,112.80702798,11.984588810142046,14234.0,100.2394366197183,0.0,0.0,0.0,1.6408189555691532,False,True,2477,PV+/PNN-,112.80702798,11.984588810142046,0.0,0.0,0.0,False,NONE
2661,1388,1615,137.43391437,13.228238528376714,1901.0,10.988439306358382,0.0,0.0,0.0,1.5559200183239492,False,True,2478,PV+/PNN-,137.43391437,13.228238528376714,0.0,0.0,0.0,False,NONE
2662,1386,1485,105.65728677,11.598579038183399,1865.0,14.022556390977444,0.0,0.0,0.0,1.6706535869936545,False,True,2479,PV+/PNN-,105.65728677,11.598579038183399,0.0,0.0,0.0,False,NONE
2663,1386,1971,70.70299641,9.487984557348323,4621.0,51.92134831460674,0.0,0.0,0.0,1.676783369121312,False,True,2480,PV+/PNN-,70.70299641,9.487984557348323,0.0,0.0,0.0,False,NONE
2664,1386,1366,54.81468261,8.354173898786094,583.0,8.44927536231884,0.0,0.0,0.0,1.6805532987590825,False,True,2481,PV+/PNN-,54.81468261,8.354173898786094,0.0,0.0,0.0,False,NONE
2665,1390,2156,95.32988280000001,11.017158280424603,4967.0,41.391666666666666,0.0,0.0,0.0,1.609780288767686,False,True,2482,PV+/PNN-,95.32988280000001,11.017158280424603,0.0,0.0,0.0,False,NONE
2666,1390,1691,133.46183592,13.035677474005707,2509.0,14.93452380952381,0.0,0.0,0.0,1.5556227608337025,False,True,2484,PV+/PNN-,133.46183592,13.035677474005707,0.0,0.0,0.0,False,NONE
2667,1390,1233,117.57352212,12.235164803834003,1730.0,11.68918918918919,0.0,0.0,0.0,1.6436195140570966,False,True,2485,PV+/PNN-,117.57352212,12.235164803834003,0.0,0.0,0.0,False,NONE
2668,1391,1499,100.09637694,11.289227848029503,1723.0,13.674603174603174,0.0,0.0,0.0,1.590442140811041,False,True,2486,PV+/PNN-,100.09637694,11.289227848029503,0.0,0.0,0.0,False,NONE
2669,1392,81,62.75883951,8.93907356753593,6914.0,87.51898734177215,0.0,0.0,0.0,1.5763313073674496,False,True,2487,PV+/PNN-,62.75883951,8.93907356753593,0.0,0.0,0.0,False,NONE
2670,1393,1585,124.72326333,12.60169000650996,1772.0,11.286624203821656,0.0,0.0,0.0,1.5412309779092133,False,True,2488,PV+/PNN-,124.72326333,12.60169000650996,0.0,0.0,0.0,False,NONE
2671,1394,1876,104.06845539,11.51104134134072,2523.0,19.259541984732824,0.0,0.0,0.0,1.4375108440673559,False,True,2489,PV+/PNN-,104.06845539,11.51104134134072,0.0,0.0,0.0,False,NONE
2672,1394,353,85.00247883,10.403293586497956,2089.0,19.523364485981308,0.0,0.0,0.0,1.2723316845723556,False,True,2490,PV+/PNN-,85.00247883,10.403293586497956,0.0,0.0,0.0,False,NONE
2673,1396,1365,94.53546711,10.971157418634661,1208.0,10.15126050420168,0.0,0.0,0.0,1.7066853016584629,False,True,2491,PV+/PNN-,94.53546711,10.971157418634661,0.0,0.0,0.0,False,NONE
2674,1398,1716,149.35014972,13.789797556005714,2069.0,11.00531914893617,0.0,0.0,0.0,1.432136485100651,False,True,2493,PV+/PNN-,149.35014972,13.789797556005714,0.0,0.0,0.0,False,NONE
2675,1397,2053,80.23598469,10.107404643036364,2340.0,23.168316831683168,0.0,0.0,0.0,1.6125536404493537,False,True,2494,PV+/PNN-,80.23598469,10.107404643036364,0.0,0.0,0.0,False,NONE
2676,1397,2674,75.46949055,9.802588422925686,3484.0,36.67368421052632,0.0,0.0,0.0,1.6838482994061195,False,True,2495,PV+/PNN-,75.46949055,9.802588422925686,0.0,0.0,0.0,False,NONE
2677,1398,1644,83.41364745,10.305607915302103,1138.0,10.838095238095239,0.0,0.0,0.0,1.562050954060288,False,True,2496,PV+/PNN-,83.41364745,10.305607915302103,0.0,0.0,0.0,False,NONE
2678,1399,1918,93.74105142,10.924962866435578,3339.0,28.296610169491526,0.0,0.0,0.0,1.431716612580577,False,True,2497,PV+/PNN-,93.74105142,10.924962866435578,0.0,0.0,0.0,False,NONE
2679,1399,2483,127.90092609,12.761211420003875,9073.0,56.35403726708075,0.0,0.0,0.0,1.704589151693272,False,True,2498,PV+/PNN-,127.90092609,12.761211420003875,0.0,0.0,0.0,False,NONE
2680,1398,2701,34.95429036,6.671220633775133,7183.0,163.25,0.0,0.0,0.0,1.8914228092724954,False,True,2499,PV+/PNN-,34.95429036,6.671220633775133,0.0,0.0,0.0,False,NONE
2681,1402,2337,146.96690265,13.679330108642857,16176.0,87.43783783783783,0.0,0.0,0.0,2.613008426121404,False,True,2500,PV+/PNN-,146.96690265,13.679330108642857,0.0,0.0,0.0,False,NONE
2682,1403,2109,157.29430662000001,14.151796046802042,10325.0,52.14646464646464,0.0,0.0,0.0,1.624336250551219,False,True,2501,PV+/PNN-,157.29430662000001,14.151796046802042,0.0,0.0,0.0,False,NONE
2683,1404,113,108.04053384,11.728660627684029,31667.0,232.84558823529412,0.0,0.0,0.0,1.795592885917341,False,True,2502,PV+/PNN-,108.04053384,11.728660627684029,0.0,0.0,0.0,False,NONE
2684,1406,250,155.70547524,14.080140922851225,3789.0,19.331632653061224,0.0,0.0,0.0,1.5582629116231932,False,True,2503,PV+/PNN-,155.70547524,14.080140922851225,0.0,0.0,0.0,False,NONE
2685,1402,1958,87.3857259,10.548125988120718,3168.0,28.8,0.0,0.0,0.0,1.5560902657956361,False,True,2504,PV+/PNN-,87.3857259,10.548125988120718,0.0,0.0,0.0,False,NONE
2686,1404,1554,133.46183592,13.035677474005707,2310.0,13.75,0.0,0.0,0.0,1.7231575468015885,False,True,2505,PV+/PNN-,133.46183592,13.035677474005707,0.0,0.0,0.0,False,NONE
2687,1404,2532,127.1065104,12.72151859781572,7361.0,46.00625,0.0,0.0,0.0,1.7439286461649928,False,True,2506,PV+/PNN-,127.1065104,12.72151859781572,0.0,0.0,0.0,False,NONE
2688,1406,2414,115.19027505,12.11052490037406,16840.0,116.13793103448276,0.0,0.0,0.0,2.6723772537599317,False,True,2507,PV+/PNN-,115.19027505,12.11052490037406,0.0,0.0,0.0,False,NONE
2689,1405,1605,86.59131021,10.500070494515816,1356.0,12.440366972477063,0.0,0.0,0.0,1.5573625012023657,False,True,2508,PV+/PNN-,86.59131021,10.500070494515816,0.0,0.0,0.0,False,NONE
2690,1406,2069,93.74105142,10.924962866435578,2790.0,23.64406779661017,0.0,0.0,0.0,1.6267686960364207,False,True,2509,PV+/PNN-,93.74105142,10.924962866435578,0.0,0.0,0.0,False,NONE
2691,1408,95,100.89079263,11.333937836259333,19567.0,154.0708661417323,0.0,0.0,0.0,1.6778343556808744,False,True,2510,PV+/PNN-,100.89079263,11.333937836259333,0.0,0.0,0.0,False,NONE
2692,1413,1515,122.34001626,12.48071098158173,1869.0,12.136363636363637,0.0,0.0,0.0,1.6343681278593756,False,True,2512,PV+/PNN-,122.34001626,12.48071098158173,0.0,0.0,0.0,False,NONE
2693,1413,2139,65.93650227,9.1625849044734,4386.0,52.8433734939759,0.0,0.0,0.0,1.8036890608909737,False,True,2513,PV+/PNN-,65.93650227,9.1625849044734,0.0,0.0,0.0,False,NONE
2694,1414,1848,60.37559244,8.767701627645716,1480.0,19.473684210526315,0.0,0.0,0.0,1.6261214326015847,False,True,2514,PV+/PNN-,60.37559244,8.767701627645716,0.0,0.0,0.0,False,NONE
2695,1417,2180,135.84508299,13.151552441468574,7543.0,44.111111111111114,0.0,0.0,0.0,1.6692438954965962,False,True,2515,PV+/PNN-,135.84508299,13.151552441468574,0.0,0.0,0.0,False,NONE
2696,1415,168,62.75883951,8.93907356753593,3101.0,39.25316455696203,0.0,0.0,0.0,1.6515167572581466,False,True,2516,PV+/PNN-,62.75883951,8.93907356753593,0.0,0.0,0.0,False,NONE
2697,1417,1496,114.39585936,12.068692219586765,1811.0,12.57638888888889,0.0,0.0,0.0,1.626466807018364,False,True,2517,PV+/PNN-,114.39585936,12.068692219586765,0.0,0.0,0.0,False,NONE
2698,1415,1663,85.79689452,10.451794052617739,1386.0,12.833333333333334,0.0,0.0,0.0,1.5699076346705594,False,True,2518,PV+/PNN-,85.79689452,10.451794052617739,0.0,0.0,0.0,False,NONE
2699,1416,1698,112.01261229,11.942314996545514,1422.0,10.085106382978724,0.0,0.0,0.0,1.4801256829384852,False,True,2519,PV+/PNN-,112.01261229,11.942314996545514,0.0,0.0,0.0,False,NONE
2700,1418,2860,118.36793781,12.276430232296539,17455.0,117.14765100671141,0.0,0.0,0.0,1.4794767135523368,False,True,2520,PV+/PNN-,118.36793781,12.276430232296539,0.0,0.0,0.0,False,NONE
2701,1417,1415,145.37807127,13.6051868520168,2455.0,13.415300546448087,0.0,0.0,0.0,1.8301382256739542,False,True,2521,PV+/PNN-,145.37807127,13.6051868520168,0.0,0.0,0.0,False,NONE
2702,1416,1448,92.94663573,10.878572156378345,815.0,6.965811965811966,0.0,0.0,0.0,1.6602869325999032,False,True,2522,PV+/PNN-,92.94663573,10.878572156378345,0.0,0.0,0.0,False,NONE
2703,1419,1831,117.57352212,12.235164803834003,3399.0,22.966216216216218,0.0,0.0,0.0,1.555601043964694,False,True,2523,PV+/PNN-,117.57352212,12.235164803834003,0.0,0.0,0.0,False,NONE
2704,1417,1573,54.02026692,8.293415464071046,807.0,11.867647058823529,0.0,0.0,0.0,1.4988088765810863,False,True,2525,PV+/PNN-,54.02026692,8.293415464071046,0.0,0.0,0.0,False,NONE
2705,1421,2487,114.39585936,12.068692219586765,6058.0,42.06944444444444,0.0,0.0,0.0,1.790988377411288,False,True,2526,PV+/PNN-,114.39585936,12.068692219586765,0.0,0.0,0.0,False,NONE
2706,1422,2724,144.58365558,13.56796328882212,9867.0,54.214285714285715,0.0,0.0,0.0,1.5297863688268492,False,True,2527,PV+/PNN-,144.58365558,13.56796328882212,0.0,0.0,0.0,False,NONE
2707,1421,1991,96.91871418,11.108588547554572,2078.0,17.0327868852459,0.0,0.0,0.0,1.626543646759802,False,True,2528,PV+/PNN-,96.91871418,11.108588547554572,0.0,0.0,0.0,False,NONE
2708,1424,1588,127.90092609,12.761211420003875,2222.0,13.801242236024844,0.0,0.0,0.0,1.501262605069751,False,True,2529,PV+/PNN-,127.90092609,12.761211420003875,0.0,0.0,0.0,False,NONE
2709,1424,1714,119.1623535,12.317557416952052,2000.0,13.333333333333334,0.0,0.0,0.0,1.468713588410266,False,True,2530,PV+/PNN-,119.1623535,12.317557416952052,0.0,0.0,0.0,False,NONE
2710,1427,2320,101.68520832,11.378472144697502,12742.0,99.546875,0.0,0.0,0.0,1.9484205211597874,False,True,2531,PV+/PNN-,101.68520832,11.378472144697502,0.0,0.0,0.0,False,NONE
2711,1429,1855,107.24611815,11.68546099424064,2329.0,17.251851851851853,0.0,0.0,0.0,1.4579142237896023,False,True,2532,PV+/PNN-,107.24611815,11.68546099424064,0.0,0.0,0.0,False,NONE
2712,1428,1436,70.70299641,9.487984557348323,861.0,9.674157303370787,0.0,0.0,0.0,1.6502399869778268,False,True,2533,PV+/PNN-,70.70299641,9.487984557348323,0.0,0.0,0.0,False,NONE
2713,1431,2552,144.58365558,13.56796328882212,8030.0,44.120879120879124,0.0,0.0,0.0,1.8268430673554081,False,True,2535,PV+/PNN-,144.58365558,13.56796328882212,0.0,0.0,0.0,False,NONE
2714,1432,2072,141.40599282,13.418036440588484,5430.0,30.50561797752809,0.0,0.0,0.0,1.5971532226908565,False,True,2536,PV+/PNN-,141.40599282,13.418036440588484,0.0,0.0,0.0,False,NONE
2715,1433,2775,149.35014972,13.789797556005714,12477.0,66.36702127659575,0.0,0.0,0.0,1.5075309854443804,False,True,2537,PV+/PNN-,149.35014972,13.789797556005714,0.0,0.0,0.0,False,NONE
2716,1432,1743,95.32988280000001,11.017158280424603,1462.0,12.183333333333334,0.0,0.0,0.0,1.5107861130782683,False,True,2538,PV+/PNN-,95.32988280000001,11.017158280424603,0.0,0.0,0.0,False,NONE
2717,1431,1612,59.58117675,8.70982837718145,950.0,12.666666666666666,0.0,0.0,0.0,1.5893064933410108,False,True,2539,PV+/PNN-,59.58117675,8.70982837718145,0.0,0.0,0.0,False,NONE
2718,1434,180,141.40599282,13.418036440588484,3642.0,20.46067415730337,0.0,0.0,0.0,1.73745395687785,False,True,2540,PV+/PNN-,141.40599282,13.418036440588484,0.0,0.0,0.0,False,NONE
2719,1434,2036,130.28417316,12.879555944225542,4040.0,24.634146341463413,0.0,0.0,0.0,1.6413058729880685,False,True,2541,PV+/PNN-,130.28417316,12.879555944225542,0.0,0.0,0.0,False,NONE
2720,1434,2196,96.91871418,11.108588547554572,5969.0,48.92622950819672,0.0,0.0,0.0,1.7122967982046218,False,True,2542,PV+/PNN-,96.91871418,11.108588547554572,0.0,0.0,0.0,False,NONE
2721,1434,1381,54.02026692,8.293415464071046,808.0,11.882352941176471,0.0,0.0,0.0,1.4591053301815873,False,True,2543,PV+/PNN-,54.02026692,8.293415464071046,0.0,0.0,0.0,False,NONE
2722,1438,2332,104.06845539,11.51104134134072,8065.0,61.56488549618321,0.0,0.0,0.0,1.8563984126074133,False,True,2544,PV+/PNN-,104.06845539,11.51104134134072,0.0,0.0,0.0,False,NONE
2723,1436,2088,37.33753743,6.894898778002857,1975.0,42.02127659574468,0.0,0.0,0.0,1.622776864541224,False,True,2545,PV+/PNN-,37.33753743,6.894898778002857,0.0,0.0,0.0,False,NONE
2724,1438,1562,98.50754556,11.199272407696524,1710.0,13.790322580645162,0.0,0.0,0.0,1.6656278094370456,False,True,2546,PV+/PNN-,98.50754556,11.199272407696524,0.0,0.0,0.0,False,NONE
2725,1440,1775,179.53794594000001,15.119352253034252,2779.0,12.29646017699115,0.0,0.0,0.0,1.3415582377218316,False,True,2547,PV+/PNN-,179.53794594000001,15.119352253034252,0.0,0.0,0.0,False,NONE
2726,1439,2750,108.04053384,11.728660627684029,15077.0,110.86029411764706,0.0,0.0,0.0,2.0819547143237274,False,True,2548,PV+/PNN-,108.04053384,11.728660627684029,0.0,0.0,0.0,False,NONE
2727,1440,1703,126.31209471,12.681701540530954,2017.0,12.685534591194969,0.0,0.0,0.0,1.5668417773140642,False,True,2549,PV+/PNN-,126.31209471,12.681701540530954,0.0,0.0,0.0,False,NONE
2728,1442,2602,125.51767902,12.64175907426016,9891.0,62.60126582278481,0.0,0.0,0.0,2.6186750444884734,False,True,2550,PV+/PNN-,125.51767902,12.64175907426016,0.0,0.0,0.0,False,NONE
2729,1443,2305,155.70547524,14.080140922851225,16220.0,82.75510204081633,0.0,0.0,0.0,2.701218625143056,False,True,2551,PV+/PNN-,155.70547524,14.080140922851225,0.0,0.0,0.0,False,NONE
2730,1443,1462,146.17248696000001,13.642308849668991,1941.0,10.548913043478262,0.0,0.0,0.0,1.8198249960296438,False,True,2552,PV+/PNN-,146.17248696000001,13.642308849668991,0.0,0.0,0.0,False,NONE
2731,1444,1814,136.63949868,13.189951216443678,3085.0,17.936046511627907,0.0,0.0,0.0,1.590080866385516,False,True,2553,PV+/PNN-,136.63949868,13.189951216443678,0.0,0.0,0.0,False,NONE
2732,1445,1955,142.9948242,13.493208101259413,2548.0,14.155555555555555,0.0,0.0,0.0,1.6559025751684373,False,True,2554,PV+/PNN-,142.9948242,13.493208101259413,0.0,0.0,0.0,False,NONE
2733,1444,2657,83.41364745,10.305607915302103,4749.0,45.22857142857143,0.0,0.0,0.0,1.7407547257593665,False,True,2555,PV+/PNN-,83.41364745,10.305607915302103,0.0,0.0,0.0,False,NONE
2734,1444,208,61.17000813,8.825195369105852,951.0,12.35064935064935,0.0,0.0,0.0,1.6418189881901908,False,True,2556,PV+/PNN-,61.17000813,8.825195369105852,0.0,0.0,0.0,False,NONE
2735,1445,1503,129.48975747,12.84022896403991,1733.0,10.631901840490798,0.0,0.0,0.0,1.7159726605839898,False,True,2557,PV+/PNN-,129.48975747,12.84022896403991,0.0,0.0,0.0,False,NONE
2736,1443,2536,83.41364745,10.305607915302103,4231.0,40.2952380952381,0.0,0.0,0.0,1.8860318926801998,False,True,2559,PV+/PNN-,83.41364745,10.305607915302103,0.0,0.0,0.0,False,NONE
2737,1446,2583,130.28417316,12.879555944225542,5614.0,34.23170731707317,0.0,0.0,0.0,1.743373038610195,False,True,2560,PV+/PNN-,130.28417316,12.879555944225542,0.0,0.0,0.0,False,NONE
2738,1446,2673,118.36793781,12.276430232296539,5601.0,37.59060402684564,0.0,0.0,0.0,1.6212636735467894,False,True,2561,PV+/PNN-,118.36793781,12.276430232296539,0.0,0.0,0.0,False,NONE
2739,1447,1799,113.60144367,12.026714032504808,2374.0,16.6013986013986,0.0,0.0,0.0,1.5104006462466741,False,True,2562,PV+/PNN-,113.60144367,12.026714032504808,0.0,0.0,0.0,False,NONE
2740,1447,2800,69.90858072,9.434530697868027,5916.0,67.22727272727273,0.0,0.0,0.0,1.4849126353412616,False,True,2563,PV+/PNN-,69.90858072,9.434530697868027,0.0,0.0,0.0,False,NONE
2741,1450,59,123.92884764,12.56149312576761,16674.0,106.88461538461539,0.0,0.0,0.0,1.9214734887967782,False,True,2564,PV+/PNN-,123.92884764,12.56149312576761,0.0,0.0,0.0,False,NONE
2742,1450,1412,107.24611815,11.68546099424064,2317.0,17.16296296296296,0.0,0.0,0.0,1.3634197833587947,False,True,2565,PV+/PNN-,107.24611815,11.68546099424064,0.0,0.0,0.0,False,NONE
2743,1451,2169,61.17000813,8.825195369105852,3024.0,39.27272727272727,0.0,0.0,0.0,1.5226052228971496,False,True,2566,PV+/PNN-,61.17000813,8.825195369105852,0.0,0.0,0.0,False,NONE
2744,1452,1479,135.05066730000001,13.113041224263421,1803.0,10.605882352941176,0.0,0.0,0.0,1.739809403226045,False,True,2567,PV+/PNN-,135.05066730000001,13.113041224263421,0.0,0.0,0.0,False,NONE
2745,1453,2138,112.01261229,11.942314996545514,13239.0,93.8936170212766,0.0,0.0,0.0,1.6696889980884333,False,True,2568,PV+/PNN-,112.01261229,11.942314996545514,0.0,0.0,0.0,False,NONE
2746,1453,1528,100.89079263,11.333937836259333,1257.0,9.89763779527559,0.0,0.0,0.0,1.6454150032271102,False,True,2569,PV+/PNN-,100.89079263,11.333937836259333,0.0,0.0,0.0,False,NONE
2747,1456,1735,160.47196938,14.294028726574819,2183.0,10.806930693069306,0.0,0.0,0.0,1.4885881616663637,False,True,2570,PV+/PNN-,160.47196938,14.294028726574819,0.0,0.0,0.0,False,NONE
2748,1456,2689,112.01261229,11.942314996545514,5875.0,41.666666666666664,0.0,0.0,0.0,1.5538447499412427,False,True,2571,PV+/PNN-,112.01261229,11.942314996545514,0.0,0.0,0.0,False,NONE
2749,1459,2539,135.05066730000001,13.113041224263421,6507.0,38.27647058823529,0.0,0.0,0.0,2.0296452919423875,False,True,2572,PV+/PNN-,135.05066730000001,13.113041224263421,0.0,0.0,0.0,False,NONE
2750,1458,1696,136.63949868,13.189951216443678,2120.0,12.325581395348838,0.0,0.0,0.0,1.509242599239559,False,True,2573,PV+/PNN-,136.63949868,13.189951216443678,0.0,0.0,0.0,False,NONE
2751,1457,1980,84.20806314000001,10.354565948189398,1571.0,14.820754716981131,0.0,0.0,0.0,1.7192384714500026,False,True,2574,PV+/PNN-,84.20806314000001,10.354565948189398,0.0,0.0,0.0,False,NONE
2752,1458,1495,139.81716144,13.342441267550265,1922.0,10.920454545454545,0.0,0.0,0.0,1.7675522562726949,False,True,2576,PV+/PNN-,139.81716144,13.342441267550265,0.0,0.0,0.0,False,NONE
2753,1461,2052,89.76897297000001,10.690996505268625,2341.0,20.716814159292035,0.0,0.0,0.0,1.8098492699453028,False,True,2577,PV+/PNN-,89.76897297000001,10.690996505268625,0.0,0.0,0.0,False,NONE
2754,1464,2346,164.44404783,14.469853647963289,16655.0,80.45893719806763,0.0,0.0,0.0,1.8709768778190952,False,True,2579,PV+/PNN-,164.44404783,14.469853647963289,0.0,0.0,0.0,False,NONE
2755,1464,264,104.06845539,11.51104134134072,2404.0,18.35114503816794,0.0,0.0,0.0,1.1288839639252966,False,True,2580,PV+/PNN-,104.06845539,11.51104134134072,0.0,0.0,0.0,False,NONE
2756,1467,1517,158.08872231,14.187487896796528,2233.0,11.22110552763819,0.0,0.0,0.0,1.743025589999713,False,True,2581,PV+/PNN-,158.08872231,14.187487896796528,0.0,0.0,0.0,False,NONE
2757,1470,1967,123.13443195,12.521167201073583,2740.0,17.677419354838708,0.0,0.0,0.0,1.5798425340229023,False,True,2582,PV+/PNN-,123.13443195,12.521167201073583,0.0,0.0,0.0,False,NONE
2758,1468,2122,85.79689452,10.451794052617739,16198.0,149.9814814814815,0.0,0.0,0.0,1.8092685518993907,False,True,2584,PV+/PNN-,85.79689452,10.451794052617739,0.0,0.0,0.0,False,NONE
2759,1468,2199,76.26390624,9.854045933561641,4153.0,43.260416666666664,0.0,0.0,0.0,1.6353725330510296,False,True,2585,PV+/PNN-,76.26390624,9.854045933561641,0.0,0.0,0.0,False,NONE
2760,1472,122,94.53546711,10.971157418634661,5268.0,44.26890756302521,0.0,0.0,0.0,1.6079936291797083,False,True,2587,PV+/PNN-,94.53546711,10.971157418634661,0.0,0.0,0.0,False,NONE
2761,1470,2320,69.11416503,9.380772250595795,4686.0,53.86206896551724,0.0,0.0,0.0,1.820065330465308,False,True,2588,PV+/PNN-,69.11416503,9.380772250595795,0.0,0.0,0.0,False,NONE
2762,1472,1562,66.73091796,9.217615939230159,730.0,8.69047619047619,0.0,0.0,0.0,1.3820615437158927,False,True,2589,PV+/PNN-,66.73091796,9.217615939230159,0.0,0.0,0.0,False,NONE
2763,1474,2380,66.73091796,9.217615939230159,6121.0,72.86904761904762,0.0,0.0,0.0,1.8079293449771852,False,True,2590,PV+/PNN-,66.73091796,9.217615939230159,0.0,0.0,0.0,False,NONE
2764,1477,66,128.69534178,12.800781162784691,11292.0,69.70370370370371,0.0,0.0,0.0,1.6494862860033823,False,True,2591,PV+/PNN-,128.69534178,12.800781162784691,0.0,0.0,0.0,False,NONE
2765,1473,2537,48.45935709,7.854958291387057,4600.0,75.40983606557377,0.0,0.0,0.0,1.7161695211730972,False,True,2592,PV+/PNN-,48.45935709,7.854958291387057,0.0,0.0,0.0,False,NONE
2766,1480,2763,271.69016598,18.599103828985847,11765.0,34.400584795321635,0.0,0.0,0.0,1.4797813582919697,False,True,2593,PV+/PNN-,271.69016598,18.599103828985847,0.0,0.0,0.0,False,NONE
2767,1476,2852,140.61157713,13.380292240810528,18158.0,102.58757062146893,0.0,0.0,0.0,1.5684246710730891,False,True,2594,PV+/PNN-,140.61157713,13.380292240810528,0.0,0.0,0.0,False,NONE
2768,1476,2025,88.97455728,10.643586087602236,3384.0,30.214285714285715,0.0,0.0,0.0,1.73862538675306,False,True,2595,PV+/PNN-,88.97455728,10.643586087602236,0.0,0.0,0.0,False,NONE
2769,1477,2234,113.60144367,12.026714032504808,5705.0,39.89510489510489,0.0,0.0,0.0,1.614712690878085,False,True,2596,PV+/PNN-,113.60144367,12.026714032504808,0.0,0.0,0.0,False,NONE
2770,1478,2522,123.13443195,12.521167201073583,7229.0,46.63870967741936,0.0,0.0,0.0,1.9125326376594782,False,True,2597,PV+/PNN-,123.13443195,12.521167201073583,0.0,0.0,0.0,False,NONE
2771,1481,2737,131.87300454,12.957851838301272,6256.0,37.68674698795181,0.0,0.0,0.0,1.5080889826069932,False,True,2598,PV+/PNN-,131.87300454,12.957851838301272,0.0,0.0,0.0,False,NONE
2772,1481,1581,98.50754556,11.199272407696524,850.0,6.854838709677419,0.0,0.0,0.0,1.5295471060516659,False,True,2599,PV+/PNN-,98.50754556,11.199272407696524,0.0,0.0,0.0,False,NONE
2773,1484,2324,78.64715331000001,10.006830950662698,5796.0,58.54545454545455,0.0,0.0,0.0,1.6683109360330886,False,True,2601,PV+/PNN-,78.64715331000001,10.006830950662698,0.0,0.0,0.0,False,NONE
2774,1485,5,98.50754556,11.199272407696524,22653.0,182.68548387096774,0.0,0.0,0.0,2.260572644637925,False,True,2602,PV+/PNN-,98.50754556,11.199272407696524,0.0,0.0,0.0,False,NONE
2775,1487,31,100.09637694,11.289227848029503,14751.0,117.07142857142857,0.0,0.0,0.0,1.7141848604228127,False,True,2603,PV+/PNN-,100.09637694,11.289227848029503,0.0,0.0,0.0,False,NONE
2776,1485,1755,54.81468261,8.354173898786094,552.0,8.0,0.0,0.0,0.0,1.6355559461729838,False,True,2604,PV+/PNN-,54.81468261,8.354173898786094,0.0,0.0,0.0,False,NONE
2777,1488,2027,89.76897297000001,10.690996505268625,2470.0,21.858407079646017,0.0,0.0,0.0,1.7035280917108921,False,True,2605,PV+/PNN-,89.76897297000001,10.690996505268625,0.0,0.0,0.0,False,NONE
2778,1489,2688,108.83494953,11.77170172875832,10769.0,78.60583941605839,0.0,0.0,0.0,1.7524333921396376,False,True,2606,PV+/PNN-,108.83494953,11.77170172875832,0.0,0.0,0.0,False,NONE
2779,1489,2224,101.68520832,11.378472144697502,4470.0,34.921875,0.0,0.0,0.0,1.7348588672843575,False,True,2607,PV+/PNN-,101.68520832,11.378472144697502,0.0,0.0,0.0,False,NONE
2780,1490,2635,108.83494953,11.77170172875832,8317.0,60.70802919708029,0.0,0.0,0.0,2.2820555165563117,False,True,2608,PV+/PNN-,108.83494953,11.77170172875832,0.0,0.0,0.0,False,NONE
2781,1492,1882,78.64715331000001,10.006830950662698,1366.0,13.797979797979798,0.0,0.0,0.0,1.4255979432959494,False,True,2610,PV+/PNN-,78.64715331000001,10.006830950662698,0.0,0.0,0.0,False,NONE
2782,1492,2114,54.81468261,8.354173898786094,2377.0,34.44927536231884,0.0,0.0,0.0,1.7881556636388842,False,True,2611,PV+/PNN-,54.81468261,8.354173898786094,0.0,0.0,0.0,False,NONE
2783,1492,2543,48.45935709,7.854958291387057,2149.0,35.22950819672131,0.0,0.0,0.0,1.8190733029068806,False,True,2612,PV+/PNN-,48.45935709,7.854958291387057,0.0,0.0,0.0,False,NONE
2784,1495,2145,36.543121740000004,6.8211544248344955,2418.0,52.56521739130435,0.0,0.0,0.0,1.697671856808142,False,True,2613,PV+/PNN-,36.543121740000004,6.8211544248344955,0.0,0.0,0.0,False,NONE
2785,1497,2102,87.3857259,10.548125988120718,3166.0,28.78181818181818,0.0,0.0,0.0,1.7469199474448645,False,True,2614,PV+/PNN-,87.3857259,10.548125988120718,0.0,0.0,0.0,False,NONE
2786,1497,2164,90.56338866,10.738197602350779,4469.0,39.20175438596491,0.0,0.0,0.0,1.80344652601654,False,True,2615,PV+/PNN-,90.56338866,10.738197602350779,0.0,0.0,0.0,False,NONE
2787,1500,46,121.54560057,12.440123196106569,8335.0,54.47712418300654,0.0,0.0,0.0,1.739015332298055,False,True,2616,PV+/PNN-,121.54560057,12.440123196106569,0.0,0.0,0.0,False,NONE
2788,1498,2000,50.04818847,7.982689565701676,927.0,14.714285714285714,0.0,0.0,0.0,1.6799011632143566,False,True,2617,PV+/PNN-,50.04818847,7.982689565701676,0.0,0.0,0.0,False,NONE
2789,1502,1986,182.7156087,15.252564978953412,3217.0,13.986956521739131,0.0,0.0,0.0,1.7299525662720823,False,True,2618,PV+/PNN-,182.7156087,15.252564978953412,0.0,0.0,0.0,False,NONE
2790,1501,2746,74.67507486,9.75085936304132,2924.0,31.106382978723403,0.0,0.0,0.0,1.4195707350433626,False,True,2619,PV+/PNN-,74.67507486,9.75085936304132,0.0,0.0,0.0,False,NONE
2791,1502,1955,73.88065917,9.698854408967303,1476.0,15.870967741935484,0.0,0.0,0.0,1.556763246728742,False,True,2620,PV+/PNN-,73.88065917,9.698854408967303,0.0,0.0,0.0,False,NONE
2792,1502,2532,108.04053384,11.728660627684029,12184.0,89.58823529411765,0.0,0.0,0.0,2.7663445953850907,False,True,2621,PV+/PNN-,108.04053384,11.728660627684029,0.0,0.0,0.0,False,NONE
2793,1501,1707,89.76897297000001,10.690996505268625,1276.0,11.29203539823009,0.0,0.0,0.0,1.464006785688428,False,True,2622,PV+/PNN-,89.76897297000001,10.690996505268625,0.0,0.0,0.0,False,NONE
2794,1502,2295,74.67507486,9.75085936304132,12858.0,136.7872340425532,0.0,0.0,0.0,1.8324453797828335,False,True,2623,PV+/PNN-,74.67507486,9.75085936304132,0.0,0.0,0.0,False,NONE
2795,1504,2668,137.43391437,13.228238528376714,6748.0,39.005780346820806,0.0,0.0,0.0,1.5578707706036934,False,True,2624,PV+/PNN-,137.43391437,13.228238528376714,0.0,0.0,0.0,False,NONE
2796,1503,389,82.61923176,10.256416188536388,3021.0,29.048076923076923,0.0,0.0,0.0,1.4122246042406403,False,True,2625,PV+/PNN-,82.61923176,10.256416188536388,0.0,0.0,0.0,False,NONE
2797,1504,1745,123.92884764,12.56149312576761,1450.0,9.294871794871796,0.0,0.0,0.0,1.5524086642204098,False,True,2626,PV+/PNN-,123.92884764,12.56149312576761,0.0,0.0,0.0,False,NONE
2798,1505,2497,75.46949055,9.802588422925686,8760.0,92.21052631578948,0.0,0.0,0.0,2.3922013603799175,False,True,2627,PV+/PNN-,75.46949055,9.802588422925686,0.0,0.0,0.0,False,NONE
2799,1513,2861,138.22833006,13.266415342325757,8608.0,49.47126436781609,0.0,0.0,0.0,1.5617184613071888,False,True,2628,PV+/PNN-,138.22833006,13.266415342325757,0.0,0.0,0.0,False,NONE
2800,1511,2064,101.68520832,11.378472144697502,2995.0,23.3984375,0.0,0.0,0.0,1.5803562386781822,False,True,2629,PV+/PNN-,101.68520832,11.378472144697502,0.0,0.0,0.0,False,NONE
2801,1512,2796,127.1065104,12.72151859781572,5046.0,31.5375,0.0,0.0,0.0,1.3769189891346243,False,True,2630,PV+/PNN-,127.1065104,12.72151859781572,0.0,0.0,0.0,False,NONE
2802,1512,2095,73.88065917,9.698854408967303,2288.0,24.602150537634408,0.0,0.0,0.0,1.6757885019564873,False,True,2631,PV+/PNN-,73.88065917,9.698854408967303,0.0,0.0,0.0,False,NONE
2803,1513,2335,98.50754556,11.199272407696524,7694.0,62.04838709677419,0.0,0.0,0.0,1.7461875858411904,False,True,2632,PV+/PNN-,98.50754556,11.199272407696524,0.0,0.0,0.0,False,NONE
2804,1514,2005,108.83494953,11.77170172875832,2139.0,15.613138686131387,0.0,0.0,0.0,1.6386262193580081,False,True,2633,PV+/PNN-,108.83494953,11.77170172875832,0.0,0.0,0.0,False,NONE
2805,1513,2632,97.71312987,11.154022637162193,14901.0,121.14634146341463,0.0,0.0,0.0,2.069329470758277,False,True,2634,PV+/PNN-,97.71312987,11.154022637162193,0.0,0.0,0.0,False,NONE
2806,1514,1588,68.31974934,9.326703948667076,1110.0,12.906976744186046,0.0,0.0,0.0,1.4535191335370066,False,True,2635,PV+/PNN-,68.31974934,9.326703948667076,0.0,0.0,0.0,False,NONE
2807,1513,2305,50.04818847,7.982689565701676,3796.0,60.25396825396825,0.0,0.0,0.0,1.7752526960753754,False,True,2636,PV+/PNN-,50.04818847,7.982689565701676,0.0,0.0,0.0,False,NONE
2808,1519,1905,260.56834632,18.21444269366678,4321.0,13.173780487804878,0.0,0.0,0.0,1.4803854626725383,False,True,2637,PV+/PNN-,260.56834632,18.21444269366678,0.0,0.0,0.0,False,NONE
2809,1518,19,105.65728677,11.598579038183399,8462.0,63.62406015037594,0.0,0.0,0.0,1.8117355120192424,False,True,2638,PV+/PNN-,105.65728677,11.598579038183399,0.0,0.0,0.0,False,NONE
2810,1521,127,96.12429849,11.062967867954534,1942.0,16.049586776859503,0.0,0.0,0.0,1.4352667959177559,False,True,2639,PV+/PNN-,96.12429849,11.062967867954534,0.0,0.0,0.0,False,NONE
2811,1522,2197,74.67507486,9.75085936304132,4443.0,47.265957446808514,0.0,0.0,0.0,1.8827083800119864,False,True,2640,PV+/PNN-,74.67507486,9.75085936304132,0.0,0.0,0.0,False,NONE
2812,1526,2033,129.48975747,12.84022896403991,3066.0,18.809815950920246,0.0,0.0,0.0,1.494022528809613,False,True,2641,PV+/PNN-,129.48975747,12.84022896403991,0.0,0.0,0.0,False,NONE
2813,1523,2481,75.46949055,9.802588422925686,8142.0,85.70526315789473,0.0,0.0,0.0,1.749923359256233,False,True,2642,PV+/PNN-,75.46949055,9.802588422925686,0.0,0.0,0.0,False,NONE
2814,1525,1645,105.65728677,11.598579038183399,1550.0,11.654135338345865,0.0,0.0,0.0,1.6280245161226135,False,True,2643,PV+/PNN-,105.65728677,11.598579038183399,0.0,0.0,0.0,False,NONE
2815,1527,288,65.93650227,9.1625849044734,2211.0,26.63855421686747,0.0,0.0,0.0,1.1954115958114209,False,True,2645,PV+/PNN-,65.93650227,9.1625849044734,0.0,0.0,0.0,False,NONE
2816,1530,2082,97.71312987,11.154022637162193,1595.0,12.967479674796747,0.0,0.0,0.0,1.5913697865815442,False,True,2646,PV+/PNN-,97.71312987,11.154022637162193,0.0,0.0,0.0,False,NONE
2817,1532,2157,104.06845539,11.51104134134072,4832.0,36.88549618320611,0.0,0.0,0.0,1.661123642033389,False,True,2647,PV+/PNN-,104.06845539,11.51104134134072,0.0,0.0,0.0,False,NONE
2818,1531,2267,78.64715331000001,10.006830950662698,5822.0,58.80808080808081,0.0,0.0,0.0,1.578316230860891,False,True,2648,PV+/PNN-,78.64715331000001,10.006830950662698,0.0,0.0,0.0,False,NONE
2819,1534,2234,102.47962401,11.422832828117684,6276.0,48.651162790697676,0.0,0.0,0.0,1.6921097472493445,False,True,2649,PV+/PNN-,102.47962401,11.422832828117684,0.0,0.0,0.0,False,NONE
2820,1537,1861,104.86287108,11.554893086200376,2405.0,18.21969696969697,0.0,0.0,0.0,1.4015652663465559,False,True,2650,PV+/PNN-,104.86287108,11.554893086200376,0.0,0.0,0.0,False,NONE
2821,1540,2164,124.72326333,12.60169000650996,5316.0,33.859872611464965,0.0,0.0,0.0,1.729961912163647,False,True,2651,PV+/PNN-,124.72326333,12.60169000650996,0.0,0.0,0.0,False,NONE
2822,1535,2535,29.39338053,6.1175824019170015,1993.0,53.86486486486486,0.0,0.0,0.0,1.7530725338611208,False,True,2652,PV+/PNN-,29.39338053,6.1175824019170015,0.0,0.0,0.0,False,NONE
2823,1540,1811,85.00247883,10.403293586497956,1169.0,10.925233644859814,0.0,0.0,0.0,1.5795332365737125,False,True,2653,PV+/PNN-,85.00247883,10.403293586497956,0.0,0.0,0.0,False,NONE
2824,1542,1966,204.95924802,16.154325106244645,7983.0,30.941860465116278,0.0,0.0,0.0,1.9351477737172853,False,True,2654,PV+/PNN-,204.95924802,16.154325106244645,0.0,0.0,0.0,False,NONE
2825,1541,1716,79.441569,10.057243516322302,971.0,9.71,0.0,0.0,0.0,1.5139359277592952,False,True,2655,PV+/PNN-,79.441569,10.057243516322302,0.0,0.0,0.0,False,NONE
2826,1543,2051,116.77910643,12.193759728054031,2584.0,17.578231292517007,0.0,0.0,0.0,1.643780839369733,False,True,2656,PV+/PNN-,116.77910643,12.193759728054031,0.0,0.0,0.0,False,NONE
2827,1545,2351,121.54560057,12.440123196106569,7776.0,50.8235294117647,0.0,0.0,0.0,1.9110640333625504,False,True,2657,PV+/PNN-,121.54560057,12.440123196106569,0.0,0.0,0.0,False,NONE
2828,1547,1902,137.43391437,13.228238528376714,1523.0,8.803468208092486,0.0,0.0,0.0,1.4958368481078288,False,True,2658,PV+/PNN-,137.43391437,13.228238528376714,0.0,0.0,0.0,False,NONE
2829,1546,2427,81.03040038,10.157318055940708,8931.0,87.55882352941177,0.0,0.0,0.0,1.7337215261114551,False,True,2660,PV+/PNN-,81.03040038,10.157318055940708,0.0,0.0,0.0,False,NONE
2830,1548,2179,124.72326333,12.60169000650996,23426.0,149.21019108280254,0.0,0.0,0.0,2.313351155405712,False,True,2661,PV+/PNN-,124.72326333,12.60169000650996,0.0,0.0,0.0,False,NONE
2831,1550,1992,100.09637694,11.289227848029503,3361.0,26.674603174603174,0.0,0.0,0.0,1.834713483421292,False,True,2662,PV+/PNN-,100.09637694,11.289227848029503,0.0,0.0,0.0,False,NONE
2832,1549,2065,103.2740397,11.467021901548332,2019.0,15.53076923076923,0.0,0.0,0.0,1.6115974895452014,False,True,2663,PV+/PNN-,103.2740397,11.467021901548332,0.0,0.0,0.0,False,NONE
2833,1549,1852,78.64715331000001,10.006830950662698,1285.0,12.97979797979798,0.0,0.0,0.0,1.3935543740300913,False,True,2664,PV+/PNN-,78.64715331000001,10.006830950662698,0.0,0.0,0.0,False,NONE
2834,1553,2479,187.48210284,15.45023065413564,16826.0,71.29661016949153,0.0,0.0,0.0,2.452737049438879,False,True,2665,PV+/PNN-,187.48210284,15.45023065413564,0.0,0.0,0.0,False,NONE
2835,1549,39,38.13195312,6.96786270174516,1025.0,21.354166666666668,0.0,0.0,0.0,1.8716086341280485,False,True,2666,PV+/PNN-,38.13195312,6.96786270174516,0.0,0.0,0.0,False,NONE
2836,1554,2655,105.65728677,11.598579038183399,8698.0,65.3984962406015,0.0,0.0,0.0,1.835080003210527,False,True,2667,PV+/PNN-,105.65728677,11.598579038183399,0.0,0.0,0.0,False,NONE
2837,1554,2276,80.23598469,10.107404643036364,12332.0,122.0990099009901,0.0,0.0,0.0,1.839767995092031,False,True,2668,PV+/PNN-,80.23598469,10.107404643036364,0.0,0.0,0.0,False,NONE
2838,1557,2641,138.22833006,13.266415342325757,8334.0,47.89655172413793,0.0,0.0,0.0,1.937601518685894,False,True,2669,PV+/PNN-,138.22833006,13.266415342325757,0.0,0.0,0.0,False,NONE
2839,1559,2001,69.11416503,9.380772250595795,1235.0,14.195402298850574,0.0,0.0,0.0,1.6393001036970145,False,True,2670,PV+/PNN-,69.11416503,9.380772250595795,0.0,0.0,0.0,False,NONE
2840,1560,2218,84.20806314000001,10.354565948189398,5022.0,47.37735849056604,0.0,0.0,0.0,1.7268795313231138,False,True,2671,PV+/PNN-,84.20806314000001,10.354565948189398,0.0,0.0,0.0,False,NONE
2841,1560,1751,142.9948242,13.493208101259413,1945.0,10.805555555555555,0.0,0.0,0.0,1.6885256557933588,False,True,2673,PV+/PNN-,142.9948242,13.493208101259413,0.0,0.0,0.0,False,NONE
2842,1564,1985,138.22833006,13.266415342325757,3141.0,18.051724137931036,0.0,0.0,0.0,1.534952794682699,False,True,2674,PV+/PNN-,138.22833006,13.266415342325757,0.0,0.0,0.0,False,NONE
2843,1563,2147,94.53546711,10.971157418634661,2831.0,23.789915966386555,0.0,0.0,0.0,1.6749224645388638,False,True,2675,PV+/PNN-,94.53546711,10.971157418634661,0.0,0.0,0.0,False,NONE
2844,1567,2367,126.31209471,12.681701540530954,11465.0,72.10691823899371,0.0,0.0,0.0,1.7803669504348918,False,True,2676,PV+/PNN-,126.31209471,12.681701540530954,0.0,0.0,0.0,False,NONE
2845,1569,2302,150.9389811,13.862953494062992,9011.0,47.42631578947368,0.0,0.0,0.0,1.8802972676701668,False,True,2677,PV+/PNN-,150.9389811,13.862953494062992,0.0,0.0,0.0,False,NONE
2846,1567,2778,105.65728677,11.598579038183399,5191.0,39.03007518796993,0.0,0.0,0.0,1.3900122037593012,False,True,2678,PV+/PNN-,105.65728677,11.598579038183399,0.0,0.0,0.0,False,NONE
2847,1569,2440,112.01261229,11.942314996545514,7032.0,49.87234042553192,0.0,0.0,0.0,1.7783528176314591,False,True,2679,PV+/PNN-,112.01261229,11.942314996545514,0.0,0.0,0.0,False,NONE
2848,1572,1876,93.74105142,10.924962866435578,1279.0,10.838983050847459,0.0,0.0,0.0,1.4231366089094988,False,True,2680,PV+/PNN-,93.74105142,10.924962866435578,0.0,0.0,0.0,False,NONE
2849,1575,2584,123.92884764,12.56149312576761,10995.0,70.48076923076923,0.0,0.0,0.0,2.1330475793218007,False,True,2681,PV+/PNN-,123.92884764,12.56149312576761,0.0,0.0,0.0,False,NONE
2850,1575,2635,136.63949868,13.189951216443678,8528.0,49.58139534883721,0.0,0.0,0.0,1.7835433212542373,False,True,2682,PV+/PNN-,136.63949868,13.189951216443678,0.0,0.0,0.0,False,NONE
2851,1572,2649,104.06845539,11.51104134134072,7292.0,55.66412213740458,0.0,0.0,0.0,1.7327415658059202,False,True,2683,PV+/PNN-,104.06845539,11.51104134134072,0.0,0.0,0.0,False,NONE
2852,1573,1810,44.48727864,7.526151898686336,537.0,9.589285714285714,0.0,0.0,0.0,1.5295082258506987,False,True,2684,PV+/PNN-,44.48727864,7.526151898686336,0.0,0.0,0.0,False,NONE
2853,1575,2012,77.05832193,9.90523612702942,1255.0,12.938144329896907,0.0,0.0,0.0,1.6226880344966363,False,True,2685,PV+/PNN-,77.05832193,9.90523612702942,0.0,0.0,0.0,False,NONE
2854,1576,2525,98.50754556,11.199272407696524,10588.0,85.38709677419355,0.0,0.0,0.0,2.066249400203603,False,True,2686,PV+/PNN-,98.50754556,11.199272407696524,0.0,0.0,0.0,False,NONE
2855,1579,2054,180.33236163,15.152765226941183,3196.0,14.079295154185022,0.0,0.0,0.0,1.5289188568131291,False,True,2687,PV+/PNN-,180.33236163,15.152765226941183,0.0,0.0,0.0,False,NONE
2856,1579,1738,42.89844726,7.390534450171232,818.0,15.148148148148149,0.0,0.0,0.0,1.4024174889334138,False,True,2688,PV+/PNN-,42.89844726,7.390534450171232,0.0,0.0,0.0,False,NONE
2857,1582,1782,105.65728677,11.598579038183399,1116.0,8.390977443609023,0.0,0.0,0.0,1.774181330537611,False,True,2689,PV+/PNN-,105.65728677,11.598579038183399,0.0,0.0,0.0,False,NONE
2858,1583,1987,129.48975747,12.84022896403991,2516.0,15.43558282208589,0.0,0.0,0.0,1.5710425372238557,False,True,2690,PV+/PNN-,129.48975747,12.84022896403991,0.0,0.0,0.0,False,NONE
2859,1584,2253,108.83494953,11.77170172875832,6514.0,47.54744525547445,0.0,0.0,0.0,1.8159880470696386,False,True,2691,PV+/PNN-,108.83494953,11.77170172875832,0.0,0.0,0.0,False,NONE
2860,1587,2371,225.61405596,16.948768034767717,12741.0,44.86267605633803,0.0,0.0,0.0,1.83166160060421,False,True,2692,PV+/PNN-,225.61405596,16.948768034767717,0.0,0.0,0.0,False,NONE
2861,1587,2723,60.37559244,8.767701627645716,2443.0,32.14473684210526,0.0,0.0,0.0,1.5692826714401968,False,True,2694,PV+/PNN-,60.37559244,8.767701627645716,0.0,0.0,0.0,False,NONE
2862,1592,2030,162.85521645,14.3997813056499,2835.0,13.829268292682928,0.0,0.0,0.0,1.4990703389598148,False,True,2695,PV+/PNN-,162.85521645,14.3997813056499,0.0,0.0,0.0,False,NONE
2863,1591,2245,100.09637694,11.289227848029503,4710.0,37.38095238095238,0.0,0.0,0.0,1.7747170133064933,False,True,2696,PV+/PNN-,100.09637694,11.289227848029503,0.0,0.0,0.0,False,NONE
2864,1591,1999,87.3857259,10.548125988120718,1527.0,13.881818181818181,0.0,0.0,0.0,1.6107006891614923,False,True,2697,PV+/PNN-,87.3857259,10.548125988120718,0.0,0.0,0.0,False,NONE
2865,1595,2043,185.89327146,15.384624282804584,3224.0,13.777777777777779,0.0,0.0,0.0,1.606059353842297,False,True,2698,PV+/PNN-,185.89327146,15.384624282804584,0.0,0.0,0.0,False,NONE
2866,1594,2500,144.58365558,13.56796328882212,9055.0,49.752747252747255,0.0,0.0,0.0,1.895080810837624,False,True,2699,PV+/PNN-,144.58365558,13.56796328882212,0.0,0.0,0.0,False,NONE
2867,1593,1977,82.61923176,10.256416188536388,1449.0,13.932692307692308,0.0,0.0,0.0,1.5582496667195667,False,True,2700,PV+/PNN-,82.61923176,10.256416188536388,0.0,0.0,0.0,False,NONE
2868,1593,1907,75.46949055,9.802588422925686,1484.0,15.621052631578948,0.0,0.0,0.0,1.7975258217288956,False,True,2701,PV+/PNN-,75.46949055,9.802588422925686,0.0,0.0,0.0,False,NONE
2869,1598,2230,101.68520832,11.378472144697502,3824.0,29.875,0.0,0.0,0.0,1.7554240635834728,False,True,2702,PV+/PNN-,101.68520832,11.378472144697502,0.0,0.0,0.0,False,NONE
2870,1600,2409,95.32988280000001,11.017158280424603,4985.0,41.541666666666664,0.0,0.0,0.0,1.7335230083794577,False,True,2704,PV+/PNN-,95.32988280000001,11.017158280424603,0.0,0.0,0.0,False,NONE
2871,1600,2186,80.23598469,10.107404643036364,3648.0,36.118811881188115,0.0,0.0,0.0,1.8551383779060946,False,True,2705,PV+/PNN-,80.23598469,10.107404643036364,0.0,0.0,0.0,False,NONE
2872,1601,1829,131.87300454,12.957851838301272,1403.0,8.451807228915662,0.0,0.0,0.0,1.644707450699727,False,True,2706,PV+/PNN-,131.87300454,12.957851838301272,0.0,0.0,0.0,False,NONE
2873,1603,2265,140.61157713,13.380292240810528,18088.0,102.19209039548022,0.0,0.0,0.0,1.7579474188297934,False,True,2707,PV+/PNN-,140.61157713,13.380292240810528,0.0,0.0,0.0,False,NONE
2874,1607,2797,88.18014159,10.595963539609496,7536.0,67.89189189189189,0.0,0.0,0.0,1.4374829934261846,False,True,2708,PV+/PNN-,88.18014159,10.595963539609496,0.0,0.0,0.0,False,NONE
2875,1609,2527,117.57352212,12.235164803834003,14463.0,97.72297297297297,0.0,0.0,0.0,1.8962735681047191,False,True,2709,PV+/PNN-,117.57352212,12.235164803834003,0.0,0.0,0.0,False,NONE
2876,1612,2134,79.441569,10.057243516322302,2607.0,26.07,0.0,0.0,0.0,1.7002249674657446,False,True,2711,PV+/PNN-,79.441569,10.057243516322302,0.0,0.0,0.0,False,NONE
2877,1612,2368,114.39585936,12.068692219586765,5965.0,41.423611111111114,0.0,0.0,0.0,1.7492720817845924,False,True,2712,PV+/PNN-,114.39585936,12.068692219586765,0.0,0.0,0.0,False,NONE
2878,1615,2648,123.13443195,12.521167201073583,19618.0,126.56774193548387,0.0,0.0,0.0,1.6347102736278873,False,True,2713,PV+/PNN-,123.13443195,12.521167201073583,0.0,0.0,0.0,False,NONE
2879,1614,2224,100.89079263,11.333937836259333,3202.0,25.212598425196852,0.0,0.0,0.0,1.8223927797370028,False,True,2714,PV+/PNN-,100.89079263,11.333937836259333,0.0,0.0,0.0,False,NONE
2880,1616,2394,144.58365558,13.56796328882212,10682.0,58.69230769230769,0.0,0.0,0.0,1.8620745110011174,False,True,2715,PV+/PNN-,144.58365558,13.56796328882212,0.0,0.0,0.0,False,NONE
2881,1617,2811,145.37807127,13.6051868520168,10280.0,56.17486338797814,0.0,0.0,0.0,1.4085646682484547,False,True,2716,PV+/PNN-,145.37807127,13.6051868520168,0.0,0.0,0.0,False,NONE
2882,1620,2341,163.64963214,14.434859996619657,9418.0,45.71844660194175,0.0,0.0,0.0,1.7981466334406098,False,True,2717,PV+/PNN-,163.64963214,14.434859996619657,0.0,0.0,0.0,False,NONE
2883,1620,2005,160.47196938,14.294028726574819,5507.0,27.262376237623762,0.0,0.0,0.0,2.4833192407417317,False,True,2718,PV+/PNN-,160.47196938,14.294028726574819,0.0,0.0,0.0,False,NONE
2884,1620,2290,122.34001626,12.48071098158173,7755.0,50.357142857142854,0.0,0.0,0.0,1.7811939049666137,False,True,2719,PV+/PNN-,122.34001626,12.48071098158173,0.0,0.0,0.0,False,NONE
2885,1619,2109,99.30196125,11.244340084382843,2178.0,17.424,0.0,0.0,0.0,1.6841609125925072,False,True,2720,PV+/PNN-,99.30196125,11.244340084382843,0.0,0.0,0.0,False,NONE
2886,1625,2507,190.65976560000001,15.580614658987523,14881.0,62.00416666666667,0.0,0.0,0.0,1.7568653850334963,False,True,2721,PV+/PNN-,190.65976560000001,15.580614658987523,0.0,0.0,0.0,False,NONE
2887,1625,2185,96.91871418,11.108588547554572,2629.0,21.549180327868854,0.0,0.0,0.0,1.7382993667072444,False,True,2722,PV+/PNN-,96.91871418,11.108588547554572,0.0,0.0,0.0,False,NONE
2888,1627,2767,113.60144367,12.026714032504808,12835.0,89.75524475524476,0.0,0.0,0.0,1.5646806694711641,False,True,2723,PV+/PNN-,113.60144367,12.026714032504808,0.0,0.0,0.0,False,NONE
2889,1634,2310,180.33236163,15.152765226941183,6444.0,28.387665198237887,0.0,0.0,0.0,1.7813599516078291,False,True,2724,PV+/PNN-,180.33236163,15.152765226941183,0.0,0.0,0.0,False,NONE
2890,1630,2860,111.2181966,11.899891008124815,6233.0,44.52142857142857,0.0,0.0,0.0,1.6806511190907913,False,True,2726,PV+/PNN-,111.2181966,11.899891008124815,0.0,0.0,0.0,False,NONE
2891,1633,2051,75.46949055,9.802588422925686,1106.0,11.642105263157895,0.0,0.0,0.0,1.7712378946917537,False,True,2727,PV+/PNN-,75.46949055,9.802588422925686,0.0,0.0,0.0,False,NONE
2892,1637,2748,224.81964027,16.918902341017805,46108.0,162.92579505300353,0.0,0.0,0.0,2.0744892550912777,False,True,2728,PV+/PNN-,224.81964027,16.918902341017805,0.0,0.0,0.0,False,NONE
2893,1636,2396,131.87300454,12.957851838301272,6780.0,40.8433734939759,0.0,0.0,0.0,1.7357864294282161,False,True,2729,PV+/PNN-,131.87300454,12.957851838301272,0.0,0.0,0.0,False,NONE
2894,1635,2276,57.19792968,8.533854108523126,2781.0,38.625,0.0,0.0,0.0,1.6124051343352084,False,True,2730,PV+/PNN-,57.19792968,8.533854108523126,0.0,0.0,0.0,False,NONE
2895,1640,2482,185.89327146,15.384624282804584,15127.0,64.64529914529915,0.0,0.0,0.0,1.8642172420766459,False,True,2731,PV+/PNN-,185.89327146,15.384624282804584,0.0,0.0,0.0,False,NONE
2896,1639,377,86.59131021,10.500070494515816,3447.0,31.623853211009173,0.0,0.0,0.0,1.8335389129464033,False,True,2732,PV+/PNN-,86.59131021,10.500070494515816,0.0,0.0,0.0,False,NONE
2897,1640,1935,86.59131021,10.500070494515816,876.0,8.036697247706423,0.0,0.0,0.0,1.5257817904423971,False,True,2733,PV+/PNN-,86.59131021,10.500070494515816,0.0,0.0,0.0,False,NONE
2898,1644,2228,145.37807127,13.6051868520168,3826.0,20.907103825136613,0.0,0.0,0.0,1.6187982008228505,False,True,2734,PV+/PNN-,145.37807127,13.6051868520168,0.0,0.0,0.0,False,NONE
2899,1645,2663,201.78158526,16.028608603131524,31007.0,122.0748031496063,0.0,0.0,0.0,1.7968824696094507,False,True,2735,PV+/PNN-,201.78158526,16.028608603131524,0.0,0.0,0.0,False,NONE
2900,1648,2066,92.15222004,10.83198276817611,1382.0,11.913793103448276,0.0,0.0,0.0,1.5983757873363813,False,True,2736,PV+/PNN-,92.15222004,10.83198276817611,0.0,0.0,0.0,False,NONE
2901,1654,2334,197.01509112,15.838162927675212,18396.0,74.1774193548387,0.0,0.0,0.0,1.8142279375338801,False,True,2737,PV+/PNN-,197.01509112,15.838162927675212,0.0,0.0,0.0,False,NONE
2902,1656,1929,173.18262042,14.84934209921784,1855.0,8.509174311926605,0.0,0.0,0.0,1.7121699068884855,False,True,2738,PV+/PNN-,173.18262042,14.84934209921784,0.0,0.0,0.0,False,NONE
2903,1652,2353,65.93650227,9.1625849044734,3306.0,39.83132530120482,0.0,0.0,0.0,1.7638420076972599,False,True,2739,PV+/PNN-,65.93650227,9.1625849044734,0.0,0.0,0.0,False,NONE
2904,1651,2124,45.28169433,7.593052342343362,900.0,15.789473684210526,0.0,0.0,0.0,1.6104315662393267,False,True,2740,PV+/PNN-,45.28169433,7.593052342343362,0.0,0.0,0.0,False,NONE
2905,1653,2862,79.441569,10.057243516322302,7196.0,71.96,0.0,0.0,0.0,1.4403652562810236,False,True,2741,PV+/PNN-,79.441569,10.057243516322302,0.0,0.0,0.0,False,NONE
2906,1654,2036,104.06845539,11.51104134134072,1161.0,8.86259541984733,0.0,0.0,0.0,1.6379379832581091,False,True,2742,PV+/PNN-,104.06845539,11.51104134134072,0.0,0.0,0.0,False,NONE
2907,1654,2266,74.67507486,9.75085936304132,1918.0,20.404255319148938,0.0,0.0,0.0,1.7168404792557816,False,True,2743,PV+/PNN-,74.67507486,9.75085936304132,0.0,0.0,0.0,False,NONE
2908,1656,2215,48.45935709,7.854958291387057,1214.0,19.901639344262296,0.0,0.0,0.0,1.9131251464270054,False,True,2744,PV+/PNN-,48.45935709,7.854958291387057,0.0,0.0,0.0,False,NONE
2909,1659,2681,124.72326333,12.60169000650996,15984.0,101.80891719745223,0.0,0.0,0.0,1.6646154383443443,False,True,2746,PV+/PNN-,124.72326333,12.60169000650996,0.0,0.0,0.0,False,NONE
2910,1661,2098,85.00247883,10.403293586497956,1089.0,10.177570093457945,0.0,0.0,0.0,1.9441379533227563,False,True,2747,PV+/PNN-,85.00247883,10.403293586497956,0.0,0.0,0.0,False,NONE
2911,1662,2567,158.08872231,14.187487896796528,21439.0,107.73366834170854,0.0,0.0,0.0,1.688079074027743,False,True,2748,PV+/PNN-,158.08872231,14.187487896796528,0.0,0.0,0.0,False,NONE
2912,1666,1920,122.34001626,12.48071098158173,1251.0,8.123376623376624,0.0,0.0,0.0,1.5164692202717724,False,True,2749,PV+/PNN-,122.34001626,12.48071098158173,0.0,0.0,0.0,False,NONE
2913,1667,2061,108.04053384,11.728660627684029,1422.0,10.455882352941176,0.0,0.0,0.0,1.7290894456981802,False,True,2750,PV+/PNN-,108.04053384,11.728660627684029,0.0,0.0,0.0,False,NONE
2914,1666,2107,71.4974121,9.54113894836179,1147.0,12.744444444444444,0.0,0.0,0.0,1.9063878378977206,False,True,2751,PV+/PNN-,71.4974121,9.54113894836179,0.0,0.0,0.0,False,NONE
2915,1667,2785,140.61157713,13.380292240810528,14347.0,81.05649717514125,0.0,0.0,0.0,1.7655740887596407,False,True,2752,PV+/PNN-,140.61157713,13.380292240810528,0.0,0.0,0.0,False,NONE
2916,1668,2312,95.32988280000001,11.017158280424603,6330.0,52.75,0.0,0.0,0.0,1.775145559521599,False,True,2753,PV+/PNN-,95.32988280000001,11.017158280424603,0.0,0.0,0.0,False,NONE
2917,1672,2171,108.83494953,11.77170172875832,9563.0,69.8029197080292,0.0,0.0,0.0,1.734204537624831,False,True,2755,PV+/PNN-,108.83494953,11.77170172875832,0.0,0.0,0.0,False,NONE
2918,1672,2637,107.24611815,11.68546099424064,11583.0,85.8,0.0,0.0,0.0,1.6309040459539377,False,True,2756,PV+/PNN-,107.24611815,11.68546099424064,0.0,0.0,0.0,False,NONE
2919,1673,2831,142.9948242,13.493208101259413,10483.0,58.23888888888889,0.0,0.0,0.0,1.801019037258606,False,True,2757,PV+/PNN-,142.9948242,13.493208101259413,0.0,0.0,0.0,False,NONE
2920,1677,2216,115.98469074,12.152213577535832,3234.0,22.15068493150685,0.0,0.0,0.0,1.6420951683474974,False,True,2758,PV+/PNN-,115.98469074,12.152213577535832,0.0,0.0,0.0,False,NONE
2921,1678,1987,146.17248696000001,13.642308849668991,2224.0,12.08695652173913,0.0,0.0,0.0,1.5777196750500904,False,True,2759,PV+/PNN-,146.17248696000001,13.642308849668991,0.0,0.0,0.0,False,NONE
2922,1683,2074,55.6090983,8.414493627225879,869.0,12.414285714285715,0.0,0.0,0.0,1.6295469829394365,False,True,2761,PV+/PNN-,55.6090983,8.414493627225879,0.0,0.0,0.0,False,NONE
2923,1685,2663,128.69534178,12.800781162784691,9464.0,58.41975308641975,0.0,0.0,0.0,1.6474030752355073,False,True,2762,PV+/PNN-,128.69534178,12.800781162784691,0.0,0.0,0.0,False,NONE
2924,1689,2343,111.2181966,11.899891008124815,6162.0,44.01428571428571,0.0,0.0,0.0,1.8918172665841266,False,True,2763,PV+/PNN-,111.2181966,11.899891008124815,0.0,0.0,0.0,False,NONE
2925,1690,2476,86.59131021,10.500070494515816,8812.0,80.8440366972477,0.0,0.0,0.0,1.5678894047890217,False,True,2764,PV+/PNN-,86.59131021,10.500070494515816,0.0,0.0,0.0,False,NONE
2926,1690,2120,88.97455728,10.643586087602236,1552.0,13.857142857142858,0.0,0.0,0.0,1.88205444812125,False,True,2765,PV+/PNN-,88.97455728,10.643586087602236,0.0,0.0,0.0,False,NONE
2927,1691,2203,123.92884764,12.56149312576761,2778.0,17.807692307692307,0.0,0.0,0.0,1.6623060445749205,False,True,2766,PV+/PNN-,123.92884764,12.56149312576761,0.0,0.0,0.0,False,NONE
2928,1694,2250,120.75118488,12.39940255265723,3596.0,23.657894736842106,0.0,0.0,0.0,1.8388227341352166,False,True,2767,PV+/PNN-,120.75118488,12.39940255265723,0.0,0.0,0.0,False,NONE
2929,1695,2049,46.87052571,7.72511532706782,666.0,11.288135593220339,0.0,0.0,0.0,1.710280731768248,False,True,2768,PV+/PNN-,46.87052571,7.72511532706782,0.0,0.0,0.0,False,NONE
2930,1696,2222,50.04818847,7.982689565701676,1400.0,22.22222222222222,0.0,0.0,0.0,1.6616879490723642,False,True,2769,PV+/PNN-,50.04818847,7.982689565701676,0.0,0.0,0.0,False,NONE
2931,1696,2084,51.63701985,8.108408946599484,781.0,12.015384615384615,0.0,0.0,0.0,1.7299751401947845,False,True,2770,PV+/PNN-,51.63701985,8.108408946599484,0.0,0.0,0.0,False,NONE
2932,1696,2402,47.664941400000004,7.7903073294937615,1748.0,29.133333333333333,0.0,0.0,0.0,1.83476705169818,False,True,2771,PV+/PNN-,47.664941400000004,7.7903073294937615,0.0,0.0,0.0,False,NONE
2933,1700,2270,91.35780435,10.78519212710641,2163.0,18.808695652173913,0.0,0.0,0.0,1.7132252895498588,False,True,2772,PV+/PNN-,91.35780435,10.78519212710641,0.0,0.0,0.0,False,NONE
2934,1705,2666,167.62171059,14.608990056788349,18627.0,88.27962085308057,0.0,0.0,0.0,1.6826024260868238,False,True,2773,PV+/PNN-,167.62171059,14.608990056788349,0.0,0.0,0.0,False,NONE
2935,1702,2447,56.40351399,8.474384017383858,2944.0,41.46478873239437,0.0,0.0,0.0,1.670289052685401,False,True,2774,PV+/PNN-,56.40351399,8.474384017383858,0.0,0.0,0.0,False,NONE
2936,1706,2744,185.09885577,15.351715957885437,28604.0,122.76394849785407,0.0,0.0,0.0,1.8218134146822462,False,True,2775,PV+/PNN-,185.09885577,15.351715957885437,0.0,0.0,0.0,False,NONE
2937,1705,2135,98.50754556,11.199272407696524,1702.0,13.725806451612904,0.0,0.0,0.0,1.600853394625605,False,True,2776,PV+/PNN-,98.50754556,11.199272407696524,0.0,0.0,0.0,False,NONE
2938,1708,2330,130.28417316,12.879555944225542,3175.0,19.359756097560975,0.0,0.0,0.0,1.8092228228825349,False,True,2777,PV+/PNN-,130.28417316,12.879555944225542,0.0,0.0,0.0,False,NONE
2939,1709,2794,115.98469074,12.152213577535832,10375.0,71.06164383561644,0.0,0.0,0.0,1.4853749369089269,False,True,2779,PV+/PNN-,115.98469074,12.152213577535832,0.0,0.0,0.0,False,NONE
2940,1711,2549,177.94911456,15.052303797372671,12138.0,54.1875,0.0,0.0,0.0,1.6186994068695733,False,True,2780,PV+/PNN-,177.94911456,15.052303797372671,0.0,0.0,0.0,False,NONE
2941,1712,2389,163.64963214,14.434859996619657,10265.0,49.83009708737864,0.0,0.0,0.0,1.8928376642467934,False,True,2781,PV+/PNN-,163.64963214,14.434859996619657,0.0,0.0,0.0,False,NONE
2942,1715,2429,214.4922363,16.525737420636904,12868.0,47.65925925925926,0.0,0.0,0.0,1.6806511190907913,False,True,2782,PV+/PNN-,214.4922363,16.525737420636904,0.0,0.0,0.0,False,NONE
2943,1716,2566,150.14456541,13.82642390884524,11253.0,59.53968253968254,0.0,0.0,0.0,1.5813355337400448,False,True,2783,PV+/PNN-,150.14456541,13.82642390884524,0.0,0.0,0.0,False,NONE
2944,1716,2269,50.84260416,8.045794813057842,1320.0,20.625,0.0,0.0,0.0,1.5566271660253566,False,True,2784,PV+/PNN-,50.84260416,8.045794813057842,0.0,0.0,0.0,False,NONE
2945,1723,2205,107.24611815,11.68546099424064,2403.0,17.8,0.0,0.0,0.0,1.6129051049194982,False,True,2785,PV+/PNN-,107.24611815,11.68546099424064,0.0,0.0,0.0,False,NONE
2946,1723,2046,59.58117675,8.70982837718145,890.0,11.866666666666667,0.0,0.0,0.0,1.434515600444831,False,True,2786,PV+/PNN-,59.58117675,8.70982837718145,0.0,0.0,0.0,False,NONE
2947,1724,2766,91.35780435,10.78519212710641,8183.0,71.15652173913044,0.0,0.0,0.0,1.4866734013120217,False,True,2787,PV+/PNN-,91.35780435,10.78519212710641,0.0,0.0,0.0,False,NONE
2948,1728,2474,123.13443195,12.521167201073583,7731.0,49.87741935483871,0.0,0.0,0.0,1.5497959147154106,False,True,2788,PV+/PNN-,123.13443195,12.521167201073583,0.0,0.0,0.0,False,NONE
2949,1732,2231,75.46949055,9.802588422925686,1179.0,12.410526315789474,0.0,0.0,0.0,1.6568498878544602,False,True,2789,PV+/PNN-,75.46949055,9.802588422925686,0.0,0.0,0.0,False,NONE
2950,1736,2184,73.88065917,9.698854408967303,919.0,9.881720430107526,0.0,0.0,0.0,1.540070680446802,False,True,2790,PV+/PNN-,73.88065917,9.698854408967303,0.0,0.0,0.0,False,NONE
2951,1738,2452,127.1065104,12.72151859781572,16893.0,105.58125,0.0,0.0,0.0,1.6992125270325573,False,True,2791,PV+/PNN-,127.1065104,12.72151859781572,0.0,0.0,0.0,False,NONE
2952,1739,2393,181.92119301,15.21937110940298,21613.0,94.37991266375546,0.0,0.0,0.0,1.8751516844067302,False,True,2792,PV+/PNN-,181.92119301,15.21937110940298,0.0,0.0,0.0,False,NONE
2953,1744,2558,135.84508299,13.151552441468574,7245.0,42.36842105263158,0.0,0.0,0.0,1.555171659554644,False,True,2794,PV+/PNN-,135.84508299,13.151552441468574,0.0,0.0,0.0,False,NONE
2954,1744,2795,155.70547524,14.080140922851225,12933.0,65.98469387755102,0.0,0.0,0.0,1.724592411361094,False,True,2795,PV+/PNN-,155.70547524,14.080140922851225,0.0,0.0,0.0,False,NONE
2955,1746,2465,119.1623535,12.317557416952052,7011.0,46.74,0.0,0.0,0.0,1.6406034752891636,False,True,2796,PV+/PNN-,119.1623535,12.317557416952052,0.0,0.0,0.0,False,NONE
2956,1747,2516,146.17248696000001,13.642308849668991,15476.0,84.1086956521739,0.0,0.0,0.0,1.4900482027559794,False,True,2797,PV+/PNN-,146.17248696000001,13.642308849668991,0.0,0.0,0.0,False,NONE
2957,1746,2530,139.81716144,13.342441267550265,8778.0,49.875,0.0,0.0,0.0,1.564297169307078,False,True,2798,PV+/PNN-,139.81716144,13.342441267550265,0.0,0.0,0.0,False,NONE
2958,1745,2366,89.76897297000001,10.690996505268625,3033.0,26.84070796460177,0.0,0.0,0.0,1.6467836426532012,False,True,2799,PV+/PNN-,89.76897297000001,10.690996505268625,0.0,0.0,0.0,False,NONE
2959,1753,2246,99.30196125,11.244340084382843,1492.0,11.936,0.0,0.0,0.0,1.5426892360618125,False,True,2800,PV+/PNN-,99.30196125,11.244340084382843,0.0,0.0,0.0,False,NONE
2960,1754,2453,57.19792968,8.533854108523126,2457.0,34.125,0.0,0.0,0.0,1.7727082029231853,False,True,2802,PV+/PNN-,57.19792968,8.533854108523126,0.0,0.0,0.0,False,NONE
2961,1757,2669,169.21054197,14.678063680958497,15038.0,70.60093896713614,0.0,0.0,0.0,15.4030374260922,False,True,2803,PV+/PNN-,169.21054197,14.678063680958497,0.0,0.0,0.0,False,NONE
2962,1759,2655,139.02274575,13.304482609502793,14755.0,84.31428571428572,0.0,0.0,0.0,14.92240775619569,False,True,2804,PV+/PNN-,139.02274575,13.304482609502793,0.0,0.0,0.0,False,NONE
2963,1761,2286,146.96690265,13.679330108642857,2604.0,14.075675675675676,0.0,0.0,0.0,1.5553274114151838,False,True,2805,PV+/PNN-,146.96690265,13.679330108642857,0.0,0.0,0.0,False,NONE
2964,1760,2589,66.73091796,9.217615939230159,3426.0,40.785714285714285,0.0,0.0,0.0,1.4969654976411093,False,True,2806,PV+/PNN-,66.73091796,9.217615939230159,0.0,0.0,0.0,False,NONE
2965,1764,2368,123.92884764,12.56149312576761,4102.0,26.294871794871796,0.0,0.0,0.0,1.6056266869905076,False,True,2808,PV+/PNN-,123.92884764,12.56149312576761,0.0,0.0,0.0,False,NONE
2966,1769,2593,108.83494953,11.77170172875832,7149.0,52.18248175182482,0.0,0.0,0.0,1.5415698858602547,False,True,2809,PV+/PNN-,108.83494953,11.77170172875832,0.0,0.0,0.0,False,NONE
2967,1768,2662,96.91871418,11.108588547554572,9125.0,74.79508196721312,0.0,0.0,0.0,14.471259240917055,False,True,2810,PV+/PNN-,96.91871418,11.108588547554572,0.0,0.0,0.0,False,NONE
2968,1771,2812,110.42378091,11.857315232959936,7891.0,56.76978417266187,0.0,0.0,0.0,1.406733781747428,False,True,2812,PV+/PNN-,110.42378091,11.857315232959936,0.0,0.0,0.0,False,NONE
2969,1775,2424,162.06080076,14.36461695204847,21237.0,104.1029411764706,0.0,0.0,0.0,2.22042083239198,False,True,2813,PV+/PNN-,162.06080076,14.36461695204847,0.0,0.0,0.0,False,NONE
2970,1774,2342,158.883138,14.223090180871878,3692.0,18.46,0.0,0.0,0.0,1.7157490541079488,False,True,2814,PV+/PNN-,158.883138,14.223090180871878,0.0,0.0,0.0,False,NONE
2971,1776,2282,145.37807127,13.6051868520168,2357.0,12.879781420765028,0.0,0.0,0.0,1.5029853425274815,False,True,2815,PV+/PNN-,145.37807127,13.6051868520168,0.0,0.0,0.0,False,NONE
2972,1777,2380,181.12677732,15.186104684686724,8380.0,36.75438596491228,0.0,0.0,0.0,1.7634817720749392,False,True,2816,PV+/PNN-,181.12677732,15.186104684686724,0.0,0.0,0.0,False,NONE
2973,1775,2491,126.31209471,12.681701540530954,6768.0,42.56603773584906,0.0,0.0,0.0,1.6699960856010643,False,True,2817,PV+/PNN-,126.31209471,12.681701540530954,0.0,0.0,0.0,False,NONE
2974,1779,2604,154.11664386,14.008119269352957,23555.0,121.41752577319588,0.0,0.0,0.0,2.5408427778578333,False,True,2818,PV+/PNN-,154.11664386,14.008119269352957,0.0,0.0,0.0,False,NONE
2975,1779,197,59.58117675,8.70982837718145,5211.0,69.48,0.0,0.0,0.0,2.0050820312365643,False,True,2819,PV+/PNN-,59.58117675,8.70982837718145,0.0,0.0,0.0,False,NONE
2976,1779,2850,61.96442382,8.88231697105848,9589.0,122.93589743589743,0.0,0.0,0.0,1.3715539201724356,False,True,2820,PV+/PNN-,61.96442382,8.88231697105848,0.0,0.0,0.0,False,NONE
2977,1784,2521,112.80702798,11.984588810142046,6087.0,42.86619718309859,0.0,0.0,0.0,1.5671437127785337,False,True,2821,PV+/PNN-,112.80702798,11.984588810142046,0.0,0.0,0.0,False,NONE
2978,1787,2485,185.09885577,15.351715957885437,8177.0,35.09442060085837,0.0,0.0,0.0,1.6929046899988944,False,True,2822,PV+/PNN-,185.09885577,15.351715957885437,0.0,0.0,0.0,False,NONE
2979,1785,2584,103.2740397,11.467021901548332,6661.0,51.238461538461536,0.0,0.0,0.0,1.5591582671083248,False,True,2823,PV+/PNN-,103.2740397,11.467021901548332,0.0,0.0,0.0,False,NONE
2980,1790,2246,149.35014972,13.789797556005714,2077.0,11.047872340425531,0.0,0.0,0.0,1.7247389507203628,False,True,2824,PV+/PNN-,149.35014972,13.789797556005714,0.0,0.0,0.0,False,NONE
2981,1791,2823,104.86287108,11.554893086200376,12638.0,95.74242424242425,0.0,0.0,0.0,1.4348019472340152,False,True,2825,PV+/PNN-,104.86287108,11.554893086200376,0.0,0.0,0.0,False,NONE
2982,1798,2588,176.36028318,14.984955344126572,15262.0,68.74774774774775,0.0,0.0,0.0,2.310978898695522,False,True,2827,PV+/PNN-,176.36028318,14.984955344126572,0.0,0.0,0.0,False,NONE
2983,1798,2775,197.80950681,15.870062583211556,16848.0,67.66265060240964,0.0,0.0,0.0,2.105388177929094,False,True,2828,PV+/PNN-,197.80950681,15.870062583211556,0.0,0.0,0.0,False,NONE
2984,1800,2622,142.20040851,13.455674765407588,8573.0,47.89385474860335,0.0,0.0,0.0,1.6168881108032833,False,True,2829,PV+/PNN-,142.20040851,13.455674765407588,0.0,0.0,0.0,False,NONE
2985,1798,2642,110.42378091,11.857315232959936,7924.0,57.007194244604314,0.0,0.0,0.0,1.4839414694581081,False,True,2830,PV+/PNN-,110.42378091,11.857315232959936,0.0,0.0,0.0,False,NONE
2986,1800,2303,125.51767902,12.64175907426016,2479.0,15.689873417721518,0.0,0.0,0.0,1.6062346113012496,False,True,2831,PV+/PNN-,125.51767902,12.64175907426016,0.0,0.0,0.0,False,NONE
2987,1799,2159,91.35780435,10.78519212710641,1410.0,12.26086956521739,0.0,0.0,0.0,1.7836559283802742,False,True,2832,PV+/PNN-,91.35780435,10.78519212710641,0.0,0.0,0.0,False,NONE
2988,1805,118,138.22833006,13.266415342325757,9256.0,53.195402298850574,0.0,0.0,0.0,2.007812905048686,False,True,2833,PV+/PNN-,138.22833006,13.266415342325757,0.0,0.0,0.0,False,NONE
2989,1809,2366,102.47962401,11.422832828117684,2244.0,17.3953488372093,0.0,0.0,0.0,1.7161780986326067,False,True,2834,PV+/PNN-,102.47962401,11.422832828117684,0.0,0.0,0.0,False,NONE
2990,1809,2805,68.31974934,9.326703948667076,11547.0,134.2674418604651,0.0,0.0,0.0,1.877331407894449,False,True,2835,PV+/PNN-,68.31974934,9.326703948667076,0.0,0.0,0.0,False,NONE
2991,1812,2592,108.83494953,11.77170172875832,6976.0,50.91970802919708,0.0,0.0,0.0,1.6676938522329696,False,True,2836,PV+/PNN-,108.83494953,11.77170172875832,0.0,0.0,0.0,False,NONE
2992,1814,2402,123.92884764,12.56149312576761,3133.0,20.083333333333332,0.0,0.0,0.0,1.63331736550503,False,True,2837,PV+/PNN-,123.92884764,12.56149312576761,0.0,0.0,0.0,False,NONE
2993,1814,2463,92.15222004,10.83198276817611,2699.0,23.267241379310345,0.0,0.0,0.0,1.6967105190654854,False,True,2838,PV+/PNN-,92.15222004,10.83198276817611,0.0,0.0,0.0,False,NONE
2994,1816,2864,65.14208658,9.10722134683339,4372.0,53.31707317073171,0.0,0.0,0.0,1.8009915998484924,False,True,2839,PV+/PNN-,65.14208658,9.10722134683339,0.0,0.0,0.0,False,NONE
2995,1819,2149,106.45170246,11.642101063659146,1447.0,10.798507462686567,0.0,0.0,0.0,1.504557001955342,False,True,2842,PV+/PNN-,106.45170246,11.642101063659146,0.0,0.0,0.0,False,NONE
2996,1822,2498,162.85521645,14.3997813056499,10143.0,49.4780487804878,0.0,0.0,0.0,1.7348125666547909,False,True,2843,PV+/PNN-,162.85521645,14.3997813056499,0.0,0.0,0.0,False,NONE
2997,1820,2200,85.00247883,10.403293586497956,1249.0,11.672897196261681,0.0,0.0,0.0,1.5864720806640922,False,True,2844,PV+/PNN-,85.00247883,10.403293586497956,0.0,0.0,0.0,False,NONE
2998,1827,2131,126.31209471,12.681701540530954,1764.0,11.09433962264151,0.0,0.0,0.0,1.672118602232484,False,True,2845,PV+/PNN-,126.31209471,12.681701540530954,0.0,0.0,0.0,False,NONE
2999,1827,2268,169.21054197,14.678063680958497,4793.0,22.502347417840376,0.0,0.0,0.0,1.6002579616887262,False,True,2846,PV+/PNN-,169.21054197,14.678063680958497,0.0,0.0,0.0,False,NONE
3000,1827,2666,85.79689452,10.451794052617739,6753.0,62.52777777777778,0.0,0.0,0.0,1.6542776707694946,False,True,2847,PV+/PNN-,85.79689452,10.451794052617739,0.0,0.0,0.0,False,NONE
3001,1833,2750,247.06327959,17.736142129165177,23471.0,75.46945337620579,0.0,0.0,0.0,1.9339457020645983,False,True,2848,PV+/PNN-,247.06327959,17.736142129165177,0.0,0.0,0.0,False,NONE
3002,1832,2842,190.65976560000001,15.580614658987523,14050.0,58.541666666666664,0.0,0.0,0.0,1.462132725594549,False,True,2849,PV+/PNN-,190.65976560000001,15.580614658987523,0.0,0.0,0.0,False,NONE
3003,1834,2594,152.52781248,13.93572540349032,11072.0,57.666666666666664,0.0,0.0,0.0,1.6979469764910733,False,True,2850,PV+/PNN-,152.52781248,13.93572540349032,0.0,0.0,0.0,False,NONE
3004,1836,2553,103.2740397,11.467021901548332,6162.0,47.4,0.0,0.0,0.0,1.6822087197572333,False,True,2851,PV+/PNN-,103.2740397,11.467021901548332,0.0,0.0,0.0,False,NONE
3005,1838,2141,117.57352212,12.235164803834003,1671.0,11.29054054054054,0.0,0.0,0.0,1.714307922680529,False,True,2852,PV+/PNN-,117.57352212,12.235164803834003,0.0,0.0,0.0,False,NONE
3006,1837,2682,39.7207845,7.111545090435939,3382.0,67.64,0.0,0.0,0.0,1.7670460360561013,False,True,2853,PV+/PNN-,39.7207845,7.111545090435939,0.0,0.0,0.0,False,NONE
3007,1842,2482,159.67755369,14.258603569939103,4966.0,24.70646766169154,0.0,0.0,0.0,1.8062743250792956,False,True,2854,PV+/PNN-,159.67755369,14.258603569939103,0.0,0.0,0.0,False,NONE
3008,1844,2266,140.61157713,13.380292240810528,1997.0,11.282485875706215,0.0,0.0,0.0,1.6431660363855922,False,True,2855,PV+/PNN-,140.61157713,13.380292240810528,0.0,0.0,0.0,False,NONE
3009,1844,2204,86.59131021,10.500070494515816,1476.0,13.541284403669724,0.0,0.0,0.0,1.520208723837697,False,True,2857,PV+/PNN-,86.59131021,10.500070494515816,0.0,0.0,0.0,False,NONE
3010,1846,2863,96.12429849,11.062967867954534,7685.0,63.51239669421488,0.0,0.0,0.0,1.5451570247540551,False,True,2858,PV+/PNN-,96.12429849,11.062967867954534,0.0,0.0,0.0,False,NONE
3011,1849,2276,84.20806314000001,10.354565948189398,1408.0,13.283018867924529,0.0,0.0,0.0,1.577242108808021,False,True,2859,PV+/PNN-,84.20806314000001,10.354565948189398,0.0,0.0,0.0,False,NONE
3012,1846,2767,44.48727864,7.526151898686336,2828.0,50.5,0.0,0.0,0.0,1.5548192366803792,False,True,2861,PV+/PNN-,44.48727864,7.526151898686336,0.0,0.0,0.0,False,NONE
3013,1855,2482,102.47962401,11.422832828117684,5220.0,40.46511627906977,0.0,0.0,0.0,1.671180746046508,False,True,2863,PV+/PNN-,102.47962401,11.422832828117684,0.0,0.0,0.0,False,NONE
3014,1855,2595,116.77910643,12.193759728054031,6259.0,42.57823129251701,0.0,0.0,0.0,1.6130173432139305,False,True,2864,PV+/PNN-,116.77910643,12.193759728054031,0.0,0.0,0.0,False,NONE
3015,1861,2192,177.15469887,15.0186673222671,2735.0,12.26457399103139,0.0,0.0,0.0,1.6108245098422733,False,True,2865,PV+/PNN-,177.15469887,15.0186673222671,0.0,0.0,0.0,False,NONE
3016,1861,2141,135.84508299,13.151552441468574,2309.0,13.502923976608187,0.0,0.0,0.0,1.6538500643487204,False,True,2866,PV+/PNN-,135.84508299,13.151552441468574,0.0,0.0,0.0,False,NONE
3017,1862,2161,134.25625161,13.074416571218995,1621.0,9.591715976331361,0.0,0.0,0.0,1.7097662700096667,False,True,2867,PV+/PNN-,134.25625161,13.074416571218995,0.0,0.0,0.0,False,NONE
3018,1861,2571,121.54560057,12.440123196106569,6059.0,39.60130718954248,0.0,0.0,0.0,1.5669666312335593,False,True,2868,PV+/PNN-,121.54560057,12.440123196106569,0.0,0.0,0.0,False,NONE
3019,1866,2667,196.22067543,15.806198893222852,18272.0,73.97570850202429,0.0,0.0,0.0,2.400891132519014,False,True,2869,PV+/PNN-,196.22067543,15.806198893222852,0.0,0.0,0.0,False,NONE
3020,1865,2733,76.26390624,9.854045933561641,5013.0,52.21875,0.0,0.0,0.0,1.5348315733664648,False,True,2870,PV+/PNN-,76.26390624,9.854045933561641,0.0,0.0,0.0,False,NONE
3021,1868,2255,134.25625161,13.074416571218995,1652.0,9.775147928994082,0.0,0.0,0.0,1.5428234293499983,False,True,2872,PV+/PNN-,134.25625161,13.074416571218995,0.0,0.0,0.0,False,NONE
3022,1872,2430,173.18262042,14.84934209921784,2776.0,12.73394495412844,0.0,0.0,0.0,1.6387911965932647,False,True,2873,PV+/PNN-,173.18262042,14.84934209921784,0.0,0.0,0.0,False,NONE
3023,1878,2550,193.04301267,15.677691078926612,5828.0,23.983539094650205,0.0,0.0,0.0,1.7301759830790717,False,True,2874,PV+/PNN-,193.04301267,15.677691078926612,0.0,0.0,0.0,False,NONE
3024,1881,2165,203.37041664,16.091589626115685,2950.0,11.5234375,0.0,0.0,0.0,1.5690190150773877,False,True,2875,PV+/PNN-,203.37041664,16.091589626115685,0.0,0.0,0.0,False,NONE
3025,1880,2860,138.22833006,13.266415342325757,6963.0,40.01724137931034,0.0,0.0,0.0,1.4309933938803328,False,True,2876,PV+/PNN-,138.22833006,13.266415342325757,0.0,0.0,0.0,False,NONE
3026,1887,2215,166.8272949,14.574330482319752,2562.0,12.2,0.0,0.0,0.0,1.657831033136413,False,True,2877,PV+/PNN-,166.8272949,14.574330482319752,0.0,0.0,0.0,False,NONE
3027,1891,2502,173.97703611,14.883361255142246,4080.0,18.63013698630137,0.0,0.0,0.0,1.7481163278654288,False,True,2878,PV+/PNN-,173.97703611,14.883361255142246,0.0,0.0,0.0,False,NONE
3028,1890,2685,123.92884764,12.56149312576761,8229.0,52.75,0.0,0.0,0.0,1.5493799962578838,False,True,2879,PV+/PNN-,123.92884764,12.56149312576761,0.0,0.0,0.0,False,NONE
3029,1892,2468,119.95676919,12.358547737957586,2637.0,17.4635761589404,0.0,0.0,0.0,1.6100708345873642,False,True,2880,PV+/PNN-,119.95676919,12.358547737957586,0.0,0.0,0.0,False,NONE
3030,1891,2653,102.47962401,11.422832828117684,5212.0,40.4031007751938,0.0,0.0,0.0,1.5429906136791334,False,True,2881,PV+/PNN-,102.47962401,11.422832828117684,0.0,0.0,0.0,False,NONE
3031,1894,2342,132.66742023,12.996822909266468,2245.0,13.44311377245509,0.0,0.0,0.0,1.6756798546883152,False,True,2882,PV+/PNN-,132.66742023,12.996822909266468,0.0,0.0,0.0,False,NONE
3032,1898,2230,176.36028318,14.984955344126572,2526.0,11.378378378378379,0.0,0.0,0.0,1.6661181903501459,False,True,2883,PV+/PNN-,176.36028318,14.984955344126572,0.0,0.0,0.0,False,NONE
3033,1902,2824,114.39585936,12.068692219586765,11436.0,79.41666666666667,0.0,0.0,0.0,1.3855434817136267,False,True,2884,PV+/PNN-,114.39585936,12.068692219586765,0.0,0.0,0.0,False,NONE
3034,1903,2187,156.49989093,14.116013951495509,1993.0,10.116751269035532,0.0,0.0,0.0,1.633266851101014,False,True,2885,PV+/PNN-,156.49989093,14.116013951495509,0.0,0.0,0.0,False,NONE
3035,1904,195,193.83742836,15.709916582774113,8543.0,35.01229508196721,0.0,0.0,0.0,2.3623610107701887,False,True,2886,PV+/PNN-,193.83742836,15.709916582774113,0.0,0.0,0.0,False,NONE
3036,1906,2360,165.23846352,14.504762875171126,2204.0,10.596153846153847,0.0,0.0,0.0,1.6604672104548155,False,True,2888,PV+/PNN-,165.23846352,14.504762875171126,0.0,0.0,0.0,False,NONE
3037,1904,2441,70.70299641,9.487984557348323,1597.0,17.9438202247191,0.0,0.0,0.0,1.5562005759551933,False,True,2889,PV+/PNN-,70.70299641,9.487984557348323,0.0,0.0,0.0,False,NONE
3038,1905,2575,77.05832193,9.90523612702942,2403.0,24.77319587628866,0.0,0.0,0.0,1.4612542334660963,False,True,2890,PV+/PNN-,77.05832193,9.90523612702942,0.0,0.0,0.0,False,NONE
3039,1907,2780,152.52781248,13.93572540349032,16643.0,86.68229166666667,0.0,0.0,0.0,1.5130359807075735,False,True,2891,PV+/PNN-,152.52781248,13.93572540349032,0.0,0.0,0.0,False,NONE
3040,1918,2256,261.36276201,18.242187481558705,3275.0,9.954407294832826,0.0,0.0,0.0,1.6400098931912193,False,True,2894,PV+/PNN-,261.36276201,18.242187481558705,0.0,0.0,0.0,False,NONE
3041,1915,2465,118.36793781,12.276430232296539,1732.0,11.624161073825503,0.0,0.0,0.0,1.5691694230695943,False,True,2895,PV+/PNN-,118.36793781,12.276430232296539,0.0,0.0,0.0,False,NONE
3042,1915,2613,105.65728677,11.598579038183399,5959.0,44.80451127819549,0.0,0.0,0.0,1.522974305761834,False,True,2896,PV+/PNN-,105.65728677,11.598579038183399,0.0,0.0,0.0,False,NONE
3043,1914,2641,85.79689452,10.451794052617739,3979.0,36.842592592592595,0.0,0.0,0.0,1.4961619734877862,False,True,2897,PV+/PNN-,85.79689452,10.451794052617739,0.0,0.0,0.0,False,NONE
3044,1917,2372,142.9948242,13.493208101259413,1908.0,10.6,0.0,0.0,0.0,1.5531586200968448,False,True,2898,PV+/PNN-,142.9948242,13.493208101259413,0.0,0.0,0.0,False,NONE
3045,1918,2199,146.17248696000001,13.642308849668991,2128.0,11.565217391304348,0.0,0.0,0.0,1.7284852612964487,False,True,2899,PV+/PNN-,146.17248696000001,13.642308849668991,0.0,0.0,0.0,False,NONE
3046,1917,2523,138.22833006,13.266415342325757,3118.0,17.919540229885058,0.0,0.0,0.0,1.5120662101777005,False,True,2900,PV+/PNN-,138.22833006,13.266415342325757,0.0,0.0,0.0,False,NONE
3047,1919,2549,152.52781248,13.93572540349032,7765.0,40.442708333333336,0.0,0.0,0.0,1.852625376005788,False,True,2901,PV+/PNN-,152.52781248,13.93572540349032,0.0,0.0,0.0,False,NONE
3048,1915,2744,89.76897297000001,10.690996505268625,6891.0,60.982300884955755,0.0,0.0,0.0,1.4867045653115043,False,True,2902,PV+/PNN-,89.76897297000001,10.690996505268625,0.0,0.0,0.0,False,NONE
3049,1920,2808,114.39585936,12.068692219586765,7392.0,51.333333333333336,0.0,0.0,0.0,1.4103857701205353,False,True,2903,PV+/PNN-,114.39585936,12.068692219586765,0.0,0.0,0.0,False,NONE
3050,1919,2823,129.48975747,12.84022896403991,7872.0,48.29447852760736,0.0,0.0,0.0,1.3793206883217353,False,True,2904,PV+/PNN-,129.48975747,12.84022896403991,0.0,0.0,0.0,False,NONE
3051,1926,2338,175.56586749,14.951167352217068,2288.0,10.352941176470589,0.0,0.0,0.0,1.7603941649747084,False,True,2905,PV+/PNN-,175.56586749,14.951167352217068,0.0,0.0,0.0,False,NONE
3052,1925,2475,142.9948242,13.493208101259413,2941.0,16.33888888888889,0.0,0.0,0.0,1.6716516485735717,False,True,2906,PV+/PNN-,142.9948242,13.493208101259413,0.0,0.0,0.0,False,NONE
3053,1930,2301,145.37807127,13.6051868520168,2122.0,11.595628415300547,0.0,0.0,0.0,1.6590007535432179,False,True,2907,PV+/PNN-,145.37807127,13.6051868520168,0.0,0.0,0.0,False,NONE
3054,1934,2530,122.34001626,12.48071098158173,2983.0,19.37012987012987,0.0,0.0,0.0,1.4827212058321984,False,True,2908,PV+/PNN-,122.34001626,12.48071098158173,0.0,0.0,0.0,False,NONE
3055,1937,2710,114.39585936,12.068692219586765,6432.0,44.666666666666664,0.0,0.0,0.0,1.5041302546749078,False,True,2909,PV+/PNN-,114.39585936,12.068692219586765,0.0,0.0,0.0,False,NONE
3056,1938,2258,145.37807127,13.6051868520168,2330.0,12.73224043715847,0.0,0.0,0.0,1.7025227830937069,False,True,2910,PV+/PNN-,145.37807127,13.6051868520168,0.0,0.0,0.0,False,NONE
3057,1938,2462,131.07858885,12.91876320674319,2536.0,15.36969696969697,0.0,0.0,0.0,1.747533547707402,False,True,2911,PV+/PNN-,131.07858885,12.91876320674319,0.0,0.0,0.0,False,NONE
3058,1938,2399,135.84508299,13.151552441468574,1716.0,10.035087719298245,0.0,0.0,0.0,1.6352985242474338,False,True,2912,PV+/PNN-,135.84508299,13.151552441468574,0.0,0.0,0.0,False,NONE
3059,1939,2357,73.88065917,9.698854408967303,991.0,10.655913978494624,0.0,0.0,0.0,1.582890741778735,False,True,2913,PV+/PNN-,73.88065917,9.698854408967303,0.0,0.0,0.0,False,NONE
3060,1939,2593,79.441569,10.057243516322302,2325.0,23.25,0.0,0.0,0.0,1.4822127941860956,False,True,2914,PV+/PNN-,79.441569,10.057243516322302,0.0,0.0,0.0,False,NONE
3061,1940,2738,98.50754556,11.199272407696524,17593.0,141.8790322580645,0.0,0.0,0.0,1.7178827995370314,False,True,2915,PV+/PNN-,98.50754556,11.199272407696524,0.0,0.0,0.0,False,NONE
3062,1939,2375,46.87052571,7.72511532706782,691.0,11.711864406779661,0.0,0.0,0.0,1.6016006852679248,False,True,2916,PV+/PNN-,46.87052571,7.72511532706782,0.0,0.0,0.0,False,NONE
3063,1940,2675,42.104031570000004,7.321783798208037,2689.0,50.735849056603776,0.0,0.0,0.0,1.4709040255738912,False,True,2917,PV+/PNN-,42.104031570000004,7.321783798208037,0.0,0.0,0.0,False,NONE
