label,centroid_y,centroid_x,area_um2,diameter_um,wfa_sum_intensity,wfa_mean_intensity,wfa_pericellular_intensity,wfa_intensity_norm,wfa_pericellular_norm,pv_intensity_norm,is_pnn_plus,is_pv_plus,pv_label,cell_type,pv_area_um2,pv_diameter_um,pnn_area_um2,pnn_diameter_um,score,is_in_roi,roi_region
1,478,103,296.31705237,19.42376350908454,50984.0,136.686327077748,106.64516129032258,3.9059850839731594,3.0475206861105657,3.6535587132788665,True,False,-1,PV-/PNN+,0.0,0.0,296.31705237,19.42376350908454,1.8403629064559937,False,NONE
2,333,568,296.31705237,19.42376350908454,16976.0,45.51206434316354,34.37903225806452,1.300564937735924,0.9824244317066957,2.707828412515366,True,True,9,PV+/PNN+,146.96690265,13.679330108642857,296.31705237,19.42376350908454,1.2402125597000122,True,A
3,436,550,296.31705237,19.42376350908454,27358.0,73.34584450402144,50.25,2.0959504928475146,1.4359574557739667,1.9293909611832918,True,True,18,PV+/PNN+,90.56338866,10.738197602350779,296.31705237,19.42376350908454,1.63581120967865,True,A
4,359,121,296.31705237,19.42376350908454,30491.0,81.74530831099196,78.19354838709677,2.3359758197753333,2.234479777111921,2.942198108496864,True,True,12,PV+/PNN+,105.65728677,11.598579038183399,296.31705237,19.42376350908454,2.632490873336792,False,NONE
5,401,372,296.31705237,19.42376350908454,24057.0,64.49597855227881,57.20161290322581,1.8430543536235344,1.6346086075757897,2.5549091730589537,True,True,14,PV+/PNN+,176.36028318,14.984955344126575,296.31705237,19.42376350908454,1.4334214925765991,True,A
6,470,269,296.31705237,19.42376350908454,25371.0,68.01876675603218,62.42741935483871,1.9437224926542256,1.7839426520857449,3.585683332841295,True,True,23,PV+/PNN+,206.5480794,16.216817893198968,296.31705237,19.42376350908454,1.3303409814834595,True,A
7,398,424,296.31705237,19.42376350908454,26576.0,71.24932975871313,76.86290322580645,2.0360399260880016,2.196454904667257,1.2666078345575904,True,False,-1,PV-/PNN+,0.0,0.0,296.31705237,19.42376350908454,-0.5016129612922668,True,A
8,551,323,296.31705237,19.42376350908454,19631.0,52.630026809651476,62.45161290322581,1.5039697392020455,1.7846340134029206,2.4485710770400915,True,False,-1,PV-/PNN+,0.0,0.0,296.31705237,19.42376350908454,0.03557021543383598,True,A
9,343,262,296.31705237,19.42376350908454,35518.0,95.22252010723861,102.9274193548387,2.721104232946781,2.941281497037897,1.435364662782769,True,False,-1,PV-/PNN+,0.0,0.0,296.31705237,19.42376350908454,0.8542966842651367,True,A
10,290,355,296.31705237,19.42376350908454,23733.0,63.62734584450402,54.38709677419355,1.818232072766652,1.5541802410110146,1.8820112838582417,True,True,4,PV+/PNN+,171.59378904,14.781068900342463,296.31705237,19.42376350908454,0.39020106196403503,False,NONE
11,498,282,296.31705237,19.42376350908454,24954.0,66.90080428954424,59.29838709677419,1.911775297847682,1.6945265883976852,2.3273270151212126,True,False,-1,PV-/PNN+,0.0,0.0,296.31705237,19.42376350908454,0.14108005166053772,True,A
12,474,499,296.31705237,19.42376350908454,16355.0,43.847184986595174,45.16935483870968,1.252988899426899,1.290771579167066,2.7420322806966517,True,True,24,PV+/PNN+,147.76131834,13.716251444643651,296.31705237,19.42376350908454,-0.5655437707901001,True,A
13,567,495,296.31705237,19.42376350908454,21052.0,56.43967828418231,53.75,1.6128353598737437,1.535974392992054,2.3184100533774537,True,False,-1,PV-/PNN+,0.0,0.0,296.31705237,19.42376350908454,-0.013005141168832779,True,A
14,465,723,296.31705237,19.42376350908454,29918.0,80.20911528150134,70.18548387096774,2.2920771564080686,2.0056391811267584,3.130385927984563,True,False,-1,PV-/PNN+,0.0,0.0,296.31705237,19.42376350908454,2.641566753387451,True,B
15,494,668,296.31705237,19.42376350908454,24009.0,64.36729222520107,53.78225806451613,1.8393769786817742,1.5368962080816215,2.3291902608587147,True,False,-1,PV-/PNN+,0.0,0.0,296.31705237,19.42376350908454,1.7746130228042603,True,B
16,527,949,296.31705237,19.42376350908454,59853.0,160.46380697050938,125.78225806451613,4.585456716441344,3.594387487996559,3.0678341067969965,True,True,35,PV+/PNN+,206.5480794,16.216817893198968,296.31705237,19.42376350908454,2.189251184463501,True,B
17,388,1102,296.31705237,19.42376350908454,20018.0,53.66756032171582,40.24193548387097,1.5336185746699886,1.1499643242356112,1.6485732107454947,True,False,-1,PV-/PNN+,0.0,0.0,296.31705237,19.42376350908454,1.391785979270935,False,NONE
18,479,800,296.31705237,19.42376350908454,21393.0,57.35388739946381,40.20161290322581,1.6389600443558332,1.1488120553736518,2.1013419249584735,True,False,-1,PV-/PNN+,0.0,0.0,296.31705237,19.42376350908454,1.47934091091156,True,B
19,571,996,296.31705237,19.42376350908454,55181.0,147.93833780160858,91.96774193548387,4.227525555443333,2.6280948203572967,2.5943035115089956,True,True,44,PV+/PNN+,159.67755369,14.258603569939101,296.31705237,19.42376350908454,1.9358294010162354,True,B
20,488,1143,296.31705237,19.42376350908454,40540.0,108.68632707774799,77.08870967741936,3.1058495862284614,2.20290761029423,2.1286251661147526,True,False,-1,PV-/PNN+,0.0,0.0,296.31705237,19.42376350908454,2.2469019889831543,True,B
21,483,889,296.31705237,19.42376350908454,20306.0,54.43967828418231,39.32258064516129,1.555682824320551,1.1236925941829339,1.6600188631330068,True,True,26,PV+/PNN+,132.66742023,12.996822909266468,296.31705237,19.42376350908454,0.6206671595573425,True,B
22,465,1071,296.31705237,19.42376350908454,37898.0,101.60321715817695,99.50806451612904,2.9034407404757334,2.843569097543729,1.9395057237583027,True,False,-1,PV-/PNN+,0.0,0.0,296.31705237,19.42376350908454,2.166917562484741,True,B
23,555,1067,296.31705237,19.42376350908454,73641.0,197.4289544235925,147.63709677419354,5.6417826684620165,4.218917211178624,2.090428628495962,True,False,-1,PV-/PNN+,0.0,0.0,296.31705237,19.42376350908454,1.7660161256790161,True,B
24,411,759,296.31705237,19.42376350908454,14859.0,39.83646112600536,34.87096774193548,1.1383773804087003,0.9964821118226017,2.3330498413149687,True,False,-1,PV-/PNN+,0.0,0.0,296.31705237,19.42376350908454,-0.04180087521672249,True,B
25,545,1112,296.31705237,19.42376350908454,50009.0,134.07238605898124,92.93548387096774,3.8312884054686513,2.6557492730443255,2.725129980077884,True,False,-1,PV-/PNN+,0.0,0.0,296.31705237,19.42376350908454,2.012357473373413,True,B
26,443,844,296.31705237,19.42376350908454,16092.0,43.14209115281501,37.71774193548387,1.2328399492251703,1.0778322934769446,2.181860758614809,True,True,19,PV+/PNN+,109.62936522,11.81458603008661,296.31705237,19.42376350908454,-0.6636698842048645,True,B
27,308,663,296.31705237,19.42376350908454,11087.0,29.723860589812332,23.274193548387096,0.8493969995686964,0.6650895871230409,1.6015928003641948,True,True,6,PV+/PNN+,79.441569,10.057243516322304,296.31705237,19.42376350908454,-0.16337808966636658,False,NONE
28,527,1092,296.31705237,19.42376350908454,44925.0,120.44235924932975,93.2741935483871,3.4417931095538634,2.6654283314847858,1.9375093890395505,True,False,-1,PV-/PNN+,0.0,0.0,296.31705237,19.42376350908454,1.0160682201385498,True,B
29,414,1323,296.31705237,19.42376350908454,35963.0,96.41554959785523,68.87096774193549,2.755196563136018,1.968075216226878,2.184123271296061,True,False,-1,PV-/PNN+,0.0,0.0,296.31705237,19.42376350908454,2.0455322265625,False,NONE
30,539,1604,296.31705237,19.42376350908454,39911.0,107.0,67.08870967741936,3.0576606520958096,1.9171449325282668,2.033732722483402,True,False,-1,PV-/PNN+,0.0,0.0,296.31705237,19.42376350908454,1.6597480773925781,True,C
31,489,1637,296.31705237,19.42376350908454,23581.0,63.21983914209115,47.04838709677419,1.8065870521177443,1.3444673081343799,1.865375161201974,True,True,28,PV+/PNN+,108.83494953,11.77170172875832,296.31705237,19.42376350908454,0.43553847074508667,False,NONE
32,512,1371,296.31705237,19.42376350908454,32962.0,88.36997319034853,70.48387096774194,2.5252840172980404,2.014165970705259,1.9593359819645737,True,False,-1,PV-/PNN+,0.0,0.0,296.31705237,19.42376350908454,1.187801480293274,False,NONE
33,499,1268,296.31705237,19.42376350908454,52623.0,141.08042895442358,106.33064516129032,4.031552115838686,3.0385329889872814,2.510723631283907,True,True,30,PV+/PNN+,129.48975747,12.84022896403991,296.31705237,19.42376350908454,1.0406502485275269,True,B
34,530,1242,296.31705237,19.42376350908454,49934.0,133.87131367292224,107.01612903225806,3.8255425071221505,3.0581215596405933,1.9384410119083015,True,False,-1,PV-/PNN+,0.0,0.0,296.31705237,19.42376350908454,0.8174043297767639,True,B
35,559,1296,296.31705237,19.42376350908454,47356.0,126.95978552278821,86.37096774193549,3.6280368279584367,2.468159902317314,3.0392199758282166,True,True,40,PV+/PNN+,88.18014159,10.595963539609496,296.31705237,19.42376350908454,1.3322843313217163,True,B
36,569,1518,296.31705237,19.42376350908454,36917.0,98.97319034852546,71.68548387096774,2.828284390103505,2.048503582791653,1.5017760644265894,True,False,-1,PV-/PNN+,0.0,0.0,296.31705237,19.42376350908454,0.7873804569244385,True,C
37,528,1434,296.31705237,19.42376350908454,50218.0,134.63270777479892,117.79032258064517,3.8473003088608992,3.36600779955618,1.6558931047142527,True,False,-1,PV-/PNN+,0.0,0.0,296.31705237,19.42376350908454,1.5433120727539062,True,C
38,356,1485,296.31705237,19.42376350908454,10219.0,27.396782841823057,28.951612903225808,0.782897802705196,0.8273290428869428,1.0792185489573922,True,False,-1,PV-/PNN+,0.0,0.0,296.31705237,19.42376350908454,-0.9838377237319946,False,NONE
39,518,1651,296.31705237,19.42376350908454,23501.0,63.0053619302949,45.75,1.8004580938814767,1.307364250779283,1.47396046734531,True,False,-1,PV-/PNN+,0.0,0.0,296.31705237,19.42376350908454,-0.28672870993614197,False,NONE
40,508,1547,296.31705237,19.42376350908454,15492.0,41.533512064343164,33.91129032258065,1.1868727624531654,0.9690581129079651,1.9416351474583047,True,False,-1,PV-/PNN+,0.0,0.0,296.31705237,19.42376350908454,-0.4628314971923828,False,NONE
41,389,1249,296.31705237,19.42376350908454,15411.0,41.316353887399465,30.629032258064516,1.1806671922389447,0.8752634275444592,1.2969521222826226,True,False,-1,PV-/PNN+,0.0,0.0,296.31705237,19.42376350908454,-0.7240151166915894,False,NONE
42,531,1278,296.31705237,19.42376350908454,27640.0,74.10187667560322,70.11290322580645,2.117555070630357,2.003565097175231,2.9817255359281556,True,True,38,PV+/PNN+,113.60144367,12.026714032504806,296.31705237,19.42376350908454,-1.023503065109253,True,B
43,574,1411,296.31705237,19.42376350908454,29910.0,80.18766756032171,71.29838709677419,2.291464260584442,2.0374418017168416,3.0346949504657115,True,True,45,PV+/PNN+,114.39585936,12.068692219586765,296.31705237,19.42376350908454,-0.9456320405006409,True,C
44,783,27,296.31705237,19.42376350908454,53369.0,143.08042895442358,126.66129032258064,4.088704651391878,3.6195069491872767,2.606015341859008,True,True,114,PV+/PNN+,133.46183592,13.035677474005706,296.31705237,19.42376350908454,1.9941502809524536,False,NONE
45,811,200,296.31705237,19.42376350908454,53129.0,142.43699731903484,118.76612903225806,4.070317776683076,3.393892706015601,2.616130104434019,True,False,-1,PV-/PNN+,0.0,0.0,296.31705237,19.42376350908454,1.458036184310913,False,NONE
46,1039,350,296.31705237,19.42376350908454,27992.0,75.0455764075067,69.93548387096774,2.144522486869933,1.9984951141826095,2.0047193245708717,True,True,292,PV+/PNN+,240.70795407,17.506538374396555,296.31705237,19.42376350908454,2.2405292987823486,False,NONE
47,1109,291,296.31705237,19.42376350908454,41566.0,111.43699731903486,87.56451612903226,3.18445347560859,2.502267060631316,1.8947878260582551,True,True,336,PV+/PNN+,158.883138,14.223090180871878,296.31705237,19.42376350908454,2.034503698348999,False,NONE
48,654,454,296.31705237,19.42376350908454,79039.0,211.90080428954423,217.24193548387098,6.055334125454153,6.207963720693166,3.1817582747471174,True,False,-1,PV-/PNN+,0.0,0.0,296.31705237,19.42376350908454,1.615960717201233,True,A
49,732,135,296.31705237,19.42376350908454,37741.0,101.1823056300268,95.69354838709677,2.8914126599370586,2.734564463202357,2.4982132670463937,True,False,-1,PV-/PNN+,0.0,0.0,296.31705237,19.42376350908454,2.065150499343872,False,NONE
50,785,456,296.31705237,19.42376350908454,70865.0,189.98659517426273,155.86290322580646,5.42910781766354,4.4539800590183685,2.4669373564526107,True,True,113,PV+/PNN+,174.7714518,14.917302830020427,296.31705237,19.42376350908454,2.077500820159912,True,A
51,656,235,296.31705237,19.42376350908454,37572.0,100.72922252010724,85.54032258064517,2.878465235662944,2.444423163760948,2.8390541480280045,True,False,-1,PV-/PNN+,0.0,0.0,296.31705237,19.42376350908454,1.8937901258468628,False,NONE
52,689,357,296.31705237,19.42376350908454,57901.0,155.23056300268095,173.19354838709677,4.435910135476422,4.949225215888575,2.897214032834316,True,False,-1,PV-/PNN+,0.0,0.0,296.31705237,19.42376350908454,3.2940380573272705,True,A
53,1047,175,296.31705237,19.42376350908454,72794.0,195.15817694369974,177.56451612903226,5.576892323135536,5.0741311605249875,1.8911944235645015,True,False,-1,PV-/PNN+,0.0,0.0,296.31705237,19.42376350908454,0.9206205010414124,False,NONE
54,694,48,296.31705237,19.42376350908454,38058.0,102.03217158176943,90.60483870967742,2.9156986569482677,2.5891481328230648,2.959499676059382,True,True,76,PV+/PNN+,71.4974121,9.54113894836179,296.31705237,19.42376350908454,1.705589771270752,False,NONE
55,900,366,296.31705237,19.42376350908454,33672.0,90.27345844504022,68.5241935483871,2.5796785216449125,1.9581657040140261,2.3978641751837877,True,True,189,PV+/PNN+,193.04301267,15.67769107892661,296.31705237,19.42376350908454,1.9649606943130493,True,A
56,757,170,296.31705237,19.42376350908454,46492.0,124.64343163538874,119.10483870967742,3.5618440790067494,3.4035717644560606,2.533348758096431,True,False,-1,PV-/PNN+,0.0,0.0,296.31705237,19.42376350908454,1.379275918006897,False,NONE
57,1136,221,296.31705237,19.42376350908454,70558.0,189.16353887399464,157.9758064516129,5.4055879404318645,4.514358947385047,1.9243335798957866,True,True,353,PV+/PNN+,134.25625161,13.074416571218995,296.31705237,19.42376350908454,1.3143495321273804,False,NONE
58,944,64,296.31705237,19.42376350908454,70529.0,189.0857908847185,132.7983870967742,5.403366193071218,3.7948822699775175,1.5802985633641724,True,False,-1,PV-/PNN+,0.0,0.0,296.31705237,19.42376350908454,1.4335893392562866,False,NONE
59,820,547,296.31705237,19.42376350908454,21868.0,58.62734584450402,56.645161290322584,1.6753507338836702,1.6187072972807484,2.413435585990054,True,True,135,PV+/PNN+,219.25873044,16.708347797572188,296.31705237,19.42376350908454,0.8416531085968018,True,A
60,852,430,296.31705237,19.42376350908454,31950.0,85.656836461126,75.55645161290323,2.4477526956092586,2.159121393539768,3.0563884544094844,True,True,156,PV+/PNN+,210.52015785,16.372006289349777,296.31705237,19.42376350908454,2.8839190006256104,True,A
61,749,396,296.31705237,19.42376350908454,47924.0,128.48257372654155,105.6774193548387,3.6715524314359342,3.019866233423537,2.902936859028072,True,False,-1,PV-/PNN+,0.0,0.0,296.31705237,19.42376350908454,1.078710675239563,True,A
62,748,53,296.31705237,19.42376350908454,41034.0,110.0107238605898,98.37096774193549,3.143695903337412,2.8110751156364704,2.361131616358749,True,False,-1,PV-/PNN+,0.0,0.0,296.31705237,19.42376350908454,0.8336973190307617,False,NONE
63,827,355,296.31705237,19.42376350908454,47081.0,126.22252010723861,96.15322580645162,3.606968534021268,2.7477003282286963,2.555308440002704,True,True,142,PV+/PNN+,162.85521645,14.399781305649903,296.31705237,19.42376350908454,1.2017656564712524,True,A
64,1101,129,296.31705237,19.42376350908454,45232.0,121.26541554959786,109.62903225806451,3.4653129867855395,3.132788581895571,1.8681700298082273,True,False,-1,PV-/PNN+,0.0,0.0,296.31705237,19.42376350908454,1.678207516670227,False,NONE
65,823,390,296.31705237,19.42376350908454,59612.0,159.8176943699732,117.8225806451613,4.56699322975459,3.366929614645748,2.215931537814845,True,True,140,PV+/PNN+,163.64963214,14.434859996619657,296.31705237,19.42376350908454,1.28203284740448,True,A
66,947,351,296.31705237,19.42376350908454,22491.0,60.297587131367294,53.193548387096776,1.723079996148602,1.5200730826970124,2.2538618974711353,True,True,225,PV+/PNN+,232.76379717,17.215227885205543,296.31705237,19.42376350908454,0.5238029360771179,False,NONE
67,701,230,296.31705237,19.42376350908454,37829.0,101.41823056300268,82.66935483870968,2.898154513996953,2.3623816207894293,2.7910090257967037,True,False,-1,PV-/PNN+,0.0,0.0,296.31705237,19.42376350908454,1.2664273977279663,False,NONE
68,1013,139,296.31705237,19.42376350908454,47625.0,127.68096514745308,110.25806451612904,3.6486454500278853,3.15076397614214,2.0487717773646685,True,False,-1,PV-/PNN+,0.0,0.0,296.31705237,19.42376350908454,1.051472783088684,False,NONE
69,961,400,296.31705237,19.42376350908454,15905.0,42.64075067024129,30.322580645161292,1.2185135093478954,0.8665061841935668,1.3669569264201966,True,True,234,PV+/PNN+,183.51002439,15.28568676601291,296.31705237,19.42376350908454,0.4412603974342346,True,A
70,731,535,296.31705237,19.42376350908454,21841.0,58.55495978552279,57.04032258064516,1.6732822104789302,1.6299995321279515,2.635028739771539,True,False,-1,PV-/PNN+,0.0,0.0,296.31705237,19.42376350908454,1.0499516725540161,True,A
71,1123,261,296.31705237,19.42376350908454,35661.0,95.6058981233244,97.23387096774194,2.7320597457941087,2.7785811337292112,2.2448118467461255,True,True,345,PV+/PNN+,210.52015785,16.372006289349777,296.31705237,19.42376350908454,0.09422147274017334,False,NONE
72,687,458,296.31705237,19.42376350908454,60781.0,162.95174262734585,130.33870967741936,4.656552631982046,3.724593869397986,2.5648908466527143,True,False,-1,PV-/PNN+,0.0,0.0,296.31705237,19.42376350908454,1.279187798500061,True,A
73,1088,57,296.31705237,19.42376350908454,24107.0,64.63002680965147,58.41129032258065,1.8468849525212017,1.6691766734345757,1.882410550801992,True,False,-1,PV-/PNN+,0.0,0.0,296.31705237,19.42376350908454,0.9397720098495483,False,NONE
74,808,136,296.31705237,19.42376350908454,43046.0,115.40482573726541,83.78225806451613,3.297839202979535,2.394184241379512,2.4212878358838124,True,False,-1,PV-/PNN+,0.0,0.0,296.31705237,19.42376350908454,1.3787440061569214,False,NONE
75,660,180,296.31705237,19.42376350908454,25015.0,67.06434316353888,75.78225806451613,1.916448628502836,2.1655740991667414,2.6442118794777985,True,False,-1,PV-/PNN+,0.0,0.0,296.31705237,19.42376350908454,-0.5876426696777344,False,NONE
76,1055,127,296.31705237,19.42376350908454,46705.0,125.21447721179625,120.78225806451613,3.5781624303108113,3.4515061491135772,2.2360279739836164,True,False,-1,PV-/PNN+,0.0,0.0,296.31705237,19.42376350908454,-0.028424162417650223,False,NONE
77,1038,272,296.31705237,19.42376350908454,32085.0,86.01876675603218,76.29032258064517,2.4580953126329597,2.1800926868274315,1.6618821088705087,True,True,287,PV+/PNN+,179.53794594000001,15.11935225303425,296.31705237,19.42376350908454,-0.23500683903694153,False,NONE
78,853,15,296.31705237,19.42376350908454,30051.0,80.5656836461126,75.98387096774194,2.3022665494758634,2.171335443476539,1.920074732495782,True,False,-1,PV-/PNN+,0.0,0.0,296.31705237,19.42376350908454,-0.7486155033111572,False,NONE
79,1089,158,296.31705237,19.42376350908454,31715.0,85.02680965147454,102.95161290322581,2.4297488807902234,2.941972858355073,2.1272942763022513,True,False,-1,PV-/PNN+,0.0,0.0,296.31705237,19.42376350908454,-0.43567436933517456,False,NONE
80,916,443,296.31705237,19.42376350908454,17409.0,46.67292225201072,36.57258064516129,1.333737924189721,1.0451078577972939,1.7093948751768089,True,True,201,PV+/PNN+,158.883138,14.223090180871878,296.31705237,19.42376350908454,-1.194522738456726,True,A
81,812,79,296.31705237,19.42376350908454,28879.0,77.42359249329759,67.43548387096774,2.2124773113145473,1.9270544447411186,2.3894795693650286,True,True,128,PV+/PNN+,144.58365558,13.56796328882212,296.31705237,19.42376350908454,-0.2612893283367157,False,NONE
82,1080,205,296.31705237,19.42376350908454,29400.0,78.82037533512064,99.54032258064517,2.252392151828238,2.844490912633297,1.897582694664508,True,False,-1,PV-/PNN+,0.0,0.0,296.31705237,19.42376350908454,-0.26282626390457153,False,NONE
83,967,975,296.31705237,19.42376350908454,48803.0,130.8391420911528,99.12096774193549,3.7388943600569213,2.8325073164689174,1.6496379225954958,True,True,240,PV+/PNN+,202.57600095,16.06012998776311,296.31705237,19.42376350908454,2.396362781524658,True,B
84,1032,1017,296.31705237,19.42376350908454,54113.0,145.07506702412869,125.64516129032258,4.145703962989165,3.5904697738658964,1.692492574558041,True,True,288,PV+/PNN+,137.43391437,13.228238528376714,296.31705237,19.42376350908454,2.177931547164917,True,B
85,930,837,296.31705237,19.42376350908454,34723.0,93.0911528150134,102.38709677419355,2.660197710473874,2.9258410942876396,2.2928569689774263,True,True,216,PV+/PNN+,278.83990719,18.842239688651418,296.31705237,19.42376350908454,2.9333302974700928,True,B
86,666,806,296.31705237,19.42376350908454,39945.0,107.0911528150134,87.74193548387096,3.060265459346223,2.507337043623938,2.042782773208412,True,False,-1,PV-/PNN+,0.0,0.0,296.31705237,19.42376350908454,2.407697916030884,True,B
87,921,686,296.31705237,19.42376350908454,37830.0,101.42091152815013,72.3225806451613,2.898231125974906,2.0667094308106138,1.938174833945801,True,True,202,PV+/PNN+,221.64197751,16.798908611544785,296.31705237,19.42376350908454,1.3837891817092896,True,B
88,868,1004,296.31705237,19.42376350908454,50659.0,135.81501340482575,129.07258064516128,3.8810861911383236,3.688412627132456,2.5409348300276893,True,True,171,PV+/PNN+,223.23080889,16.859012233282403,296.31705237,19.42376350908454,2.658879518508911,True,B
89,701,684,296.31705237,19.42376350908454,39429.0,105.70777479892762,82.19354838709677,3.020733678722299,2.3487848482183065,2.577933566815228,True,False,-1,PV-/PNN+,0.0,0.0,296.31705237,19.42376350908454,2.5898821353912354,True,B
90,815,783,296.31705237,19.42376350908454,43137.0,115.64879356568365,77.86290322580645,3.3048108929732893,2.225031172443853,1.9641271852895787,True,True,132,PV+/PNN+,152.52781248,13.935725403490322,296.31705237,19.42376350908454,1.4470301866531372,True,B
91,666,865,296.31705237,19.42376350908454,36540.0,97.96246648793566,67.04838709677419,2.799401674415096,1.915992663666307,1.8818781948769918,True,True,70,PV+/PNN+,156.49989093,14.116013951495507,296.31705237,19.42376350908454,1.992799997329712,True,B
92,802,735,296.31705237,19.42376350908454,38390.0,102.92225201072387,73.91935483870968,2.9411338336287773,2.112339277744211,2.279148803908662,True,True,122,PV+/PNN+,200.98716957,15.99702510721652,296.31705237,19.42376350908454,1.847888469696045,True,B
93,935,929,296.31705237,19.42376350908454,32686.0,87.63002680965147,83.65322580645162,2.504139111382918,2.3904969810212418,1.9100930589020215,True,True,220,PV+/PNN+,266.12925615,18.407778055515923,296.31705237,19.42376350908454,2.7834298610687256,True,B
94,892,950,296.31705237,19.42376350908454,49639.0,133.08042895442358,98.48387096774194,3.8029419736259147,2.814301468449957,2.4593512845213525,True,True,182,PV+/PNN+,254.2130208,17.990944135012548,296.31705237,19.42376350908454,1.2792216539382935,True,B
95,845,862,296.31705237,19.42376350908454,37397.0,100.26005361930295,83.71774193548387,2.865058139521109,2.392340611200377,1.8838745295957435,True,True,147,PV+/PNN+,212.90340492,16.464417218744998,296.31705237,19.42376350908454,0.6394422054290771,True,B
96,864,899,296.31705237,19.42376350908454,33148.0,88.8686327077748,73.89516129032258,2.5395338451973615,2.111647916427035,1.9790331511895944,True,True,165,PV+/PNN+,227.20288734,17.008342095551114,296.31705237,19.42376350908454,1.6444309949874878,True,B
97,810,1077,296.31705237,19.42376350908454,56837.0,152.37801608579088,122.71774193548387,4.3543949909340665,3.5068150544876344,2.370980200971259,True,False,-1,PV-/PNN+,0.0,0.0,296.31705237,19.42376350908454,1.4860161542892456,True,B
98,793,1049,296.31705237,19.42376350908454,47927.0,128.49061662198392,113.14516129032258,3.6717822673697946,3.233266426658442,2.5091265635089055,True,False,-1,PV-/PNN+,0.0,0.0,296.31705237,19.42376350908454,1.7529131174087524,True,B
99,1088,937,296.31705237,19.42376350908454,26672.0,71.50670241286863,49.91935483870968,2.0433946759715225,1.4265088511058985,2.4306040645713223,True,True,320,PV+/PNN+,231.96938148,17.185825254205643,296.31705237,19.42376350908454,1.4859881401062012,True,B
100,961,1120,296.31705237,19.42376350908454,55164.0,147.89276139410188,128.83064516129033,4.226223151818127,3.6814990139607,1.75770617537061,True,False,-1,PV-/PNN+,0.0,0.0,296.31705237,19.42376350908454,1.6682854890823364,True,B
101,814,925,296.31705237,19.42376350908454,42316.0,113.44772117962466,82.0,3.2419124590735957,2.343253957680901,2.7605316490904213,True,True,126,PV+/PNN+,215.28665199,16.556312354123577,296.31705237,19.42376350908454,0.663497805595398,True,B
102,684,1126,296.31705237,19.42376350908454,42403.0,113.68096514745308,74.34677419354838,3.2485777011555363,2.124553327680982,2.0978816114459704,True,False,-1,PV-/PNN+,0.0,0.0,296.31705237,19.42376350908454,1.189139723777771,True,B
103,792,839,296.31705237,19.42376350908454,21780.0,58.39142091152815,59.266129032258064,1.6686088798237764,1.6936047733081177,2.6983790948466058,True,True,117,PV+/PNN+,237.53029131,17.39059975873043,296.31705237,19.42376350908454,1.4485092163085938,True,B
104,649,838,296.31705237,19.42376350908454,21747.0,58.3029490616622,48.16129032258065,1.6660806845513159,1.376269928724463,1.852997885945711,True,True,64,PV+/PNN+,142.20040851,13.455674765407588,296.31705237,19.42376350908454,0.4943135976791382,True,B
105,716,1001,296.31705237,19.42376350908454,24216.0,64.92225201072387,64.90322580645162,1.8552356581181162,1.85469196021006,1.8782847923832378,True,True,82,PV+/PNN+,270.10133460000003,18.544640743310826,296.31705237,19.42376350908454,0.3721078932285309,True,B
106,765,1089,296.31705237,19.42376350908454,78106.0,209.39946380697052,168.03225806451613,5.983855150023686,4.801734801557755,2.0867021370209584,True,False,-1,PV-/PNN+,0.0,0.0,296.31705237,19.42376350908454,0.7302614450454712,True,B
107,1119,980,296.31705237,19.42376350908454,20537.0,55.05898123324397,45.42741935483871,1.573380191227773,1.298146099883607,2.0313371208208997,True,True,343,PV+/PNN+,236.73587562,17.361494132040853,296.31705237,19.42376350908454,-0.48979711532592773,True,B
108,1146,1091,296.31705237,19.42376350908454,29053.0,77.89008042895442,56.41129032258065,2.2258077954784286,1.612024137881383,1.8589868901019673,True,True,357,PV+/PNN+,200.19275388,15.965379131403353,296.31705237,19.42376350908454,0.6392346620559692,True,B
109,652,1090,296.31705237,19.42376350908454,29311.0,78.58176943699732,63.96774193548387,2.2455736857903905,1.827959322612599,1.69142786270804,True,False,-1,PV-/PNN+,0.0,0.0,296.31705237,19.42376350908454,-0.47726112604141235,True,B
110,918,1113,296.31705237,19.42376350908454,67725.0,181.56836461126005,143.58870967741936,5.188546206890048,4.103229417437888,1.9866192231208524,True,False,-1,PV-/PNN+,0.0,0.0,296.31705237,19.42376350908454,0.3851274251937866,True,B
111,994,1097,296.31705237,19.42376350908454,27647.0,74.12064343163539,71.35483870967742,2.1180913544760305,2.039054978123585,1.7277611545893286,True,True,258,PV+/PNN+,194.63184405,15.742076118135982,296.31705237,19.42376350908454,0.835112452507019,True,B
112,773,997,296.31705237,19.42376350908454,40753.0,109.25737265415549,100.41129032258064,3.122167937532523,2.8693799200516223,2.7372410773716465,True,True,103,PV+/PNN+,239.11912269,17.448665361891926,296.31705237,19.42376350908454,0.5678832530975342,True,B
113,1095,824,296.31705237,19.42376350908454,12785.0,34.27613941018767,25.991935483870968,0.9794841381334701,0.7427525084191132,1.6515011683329979,True,True,326,PV+/PNN+,187.48210284,15.45023065413564,296.31705237,19.42376350908454,-0.9203444719314575,True,B
114,1094,1117,296.31705237,19.42376350908454,23024.0,61.72654155495979,60.854838709677416,1.763914180397733,1.739004166469323,2.172544529927299,True,True,321,PV+/PNN+,188.27651853,15.482929591568213,296.31705237,19.42376350908454,0.11348187923431396,True,B
115,901,823,296.31705237,19.42376350908454,19172.0,51.39946380697051,49.63709677419355,1.4688048413214618,1.4184429690721818,2.127693543246002,True,True,192,PV+/PNN+,178.74353025,15.085865274483455,296.31705237,19.42376350908454,0.33828872442245483,True,B
116,759,1056,296.31705237,19.42376350908454,33335.0,89.36997319034853,107.65322580645162,2.5538602850746366,3.076327407659554,2.3768361161462654,True,False,-1,PV-/PNN+,0.0,0.0,296.31705237,19.42376350908454,0.009786795824766159,True,B
117,1024,941,296.31705237,19.42376350908454,21842.0,58.55764075067024,50.66129032258065,1.6733588224568834,1.447710598165954,2.2034211735773317,True,True,276,PV+/PNN+,247.06327959,17.736142129165177,296.31705237,19.42376350908454,0.8379166722297668,True,B
118,730,787,296.31705237,19.42376350908454,19435.0,52.10455764075067,56.08870967741935,1.4889537915231905,1.6028059869857065,1.6906293288205392,True,False,-1,PV-/PNN+,0.0,0.0,296.31705237,19.42376350908454,-1.2192219495773315,True,B
119,831,886,296.31705237,19.42376350908454,28303.0,75.87935656836461,70.56451612903226,2.1683488120134227,2.016470508429178,2.1547106064397803,True,True,145,PV+/PNN+,212.90340492,16.464417218744998,296.31705237,19.42376350908454,0.15955016016960144,True,B
120,1024,1715,296.31705237,19.42376350908454,60086.0,161.08847184986595,150.08870967741936,4.603307307304473,4.288975157985764,2.3373086887149737,True,False,-1,PV-/PNN+,0.0,0.0,296.31705237,19.42376350908454,2.277207136154175,True,C
121,705,1492,296.31705237,19.42376350908454,78146.0,209.50670241286863,217.1290322580645,5.986919629141819,6.2047373678796784,2.304568799327439,True,True,78,PV+/PNN+,97.71312987,11.154022637162193,296.31705237,19.42376350908454,2.2284276485443115,True,C
122,924,1585,296.31705237,19.42376350908454,53725.0,144.03485254691688,118.69354838709677,4.115978515543268,3.3918186220640734,2.0127046634458803,True,False,-1,PV-/PNN+,0.0,0.0,296.31705237,19.42376350908454,1.1290500164031982,True,C
123,1054,1456,296.31705237,19.42376350908454,61125.0,163.87399463806972,110.25,4.682907152397995,3.1505335223697477,1.7748746539518783,True,False,-1,PV-/PNN+,0.0,0.0,296.31705237,19.42376350908454,2.0173590183258057,True,C
124,1086,1691,296.31705237,19.42376350908454,35932.0,96.33243967828419,79.69354838709677,2.7528215918194645,2.2773441787768154,2.011773040577129,True,False,-1,PV-/PNN+,0.0,0.0,296.31705237,19.42376350908454,1.4196325540542603,True,C
125,1029,1380,296.31705237,19.42376350908454,60614.0,162.5040214477212,118.7258064516129,4.643758431663837,3.3927404371536407,1.8569905553832151,True,True,282,PV+/PNN+,124.72326333,12.60169000650996,296.31705237,19.42376350908454,2.510852098464966,True,C
126,819,1428,296.31705237,19.42376350908454,51646.0,138.46112600536193,188.8709677419355,3.9567022133782714,5.39722734941844,1.4666405733765522,True,False,-1,PV-/PNN+,0.0,0.0,296.31705237,19.42376350908454,1.937605619430542,True,C
127,965,1567,296.31705237,19.42376350908454,36704.0,98.40214477211796,81.86290322580645,2.8119660387994436,2.3393362435502385,2.2968496384149306,True,False,-1,PV-/PNN+,0.0,0.0,296.31705237,19.42376350908454,1.3461536169052124,True,C
128,746,1724,296.31705237,19.42376350908454,71906.0,192.7774798927614,142.2741935483871,5.508860886712968,4.065665452538007,2.2099425336585887,True,True,93,PV+/PNN+,144.58365558,13.56796328882212,296.31705237,19.42376350908454,0.9776971340179443,True,C
129,1131,1445,296.31705237,19.42376350908454,35747.0,95.83646112600536,72.87096774193549,2.7386483758980957,2.082380287333263,2.0228194260208907,True,True,349,PV+/PNN+,139.81716144,13.342441267550267,296.31705237,19.42376350908454,2.3828628063201904,True,C
130,835,1223,296.31705237,19.42376350908454,53112.0,142.39142091152814,119.1774193548387,4.069015373057869,3.4056458484075876,2.3929398828775326,True,False,-1,PV-/PNN+,0.0,0.0,296.31705237,19.42376350908454,1.9135687351226807,True,B
131,948,1294,296.31705237,19.42376350908454,52379.0,140.42627345844505,115.88709677419355,4.012858793218071,3.3116207092716903,1.4993804627640868,True,False,-1,PV-/PNN+,0.0,0.0,296.31705237,19.42376350908454,1.3006385564804077,True,C
132,1119,1495,296.31705237,19.42376350908454,39948.0,107.09919571045576,92.87903225806451,3.060495295280083,2.654136096637582,2.039987904602159,True,True,342,PV+/PNN+,165.23846352,14.504762875171128,296.31705237,19.42376350908454,0.6450707912445068,True,C
133,885,1395,296.31705237,19.42376350908454,64472.0,172.84718498659518,134.45967741935485,4.939327442607828,3.84235574709025,2.1105250646647336,True,False,-1,PV-/PNN+,0.0,0.0,296.31705237,19.42376350908454,1.0926347970962524,True,C
134,655,1688,296.31705237,19.42376350908454,53308.0,142.91689008042894,85.0241935483871,4.084031320736725,2.429674122327866,2.1151831790084885,True,True,66,PV+/PNN+,132.66742023,12.996822909266468,296.31705237,19.42376350908454,1.1398776769638062,True,C
135,1051,1540,296.31705237,19.42376350908454,40213.0,107.80965147453082,96.30645161290323,3.0807974694377185,2.7520789499041425,2.500342690746396,True,True,304,PV+/PNN+,130.28417316,12.879555944225542,296.31705237,19.42376350908454,0.9161373376846313,True,C
136,1001,1279,296.31705237,19.42376350908454,40556.0,108.72922252010724,101.05645161290323,3.107075377875715,2.887816221842975,1.991809693389608,True,True,262,PV+/PNN+,197.80950681,15.870062583211556,296.31705237,19.42376350908454,2.001293897628784,True,C
137,674,1459,296.31705237,19.42376350908454,62750.0,168.23056300268095,122.78225806451613,4.807401616572174,3.50865868466677,2.1475238014522726,True,False,-1,PV-/PNN+,0.0,0.0,296.31705237,19.42376350908454,0.49944114685058594,True,C
138,641,1471,296.31705237,19.42376350908454,65900.0,176.67560321715817,135.58870967741936,5.0487293471251995,3.874619275225117,2.052631357820922,True,True,63,PV+/PNN+,90.56338866,10.738197602350779,296.31705237,19.42376350908454,0.8574181199073792,True,C
139,924,1716,296.31705237,19.42376350908454,59244.0,158.83109919571046,127.04032258064517,4.538800021867759,3.6303382764896965,1.7039382269455532,True,True,213,PV+/PNN+,123.13443195,12.521167201073585,296.31705237,19.42376350908454,0.6844946146011353,True,C
140,1107,1292,296.31705237,19.42376350908454,48950.0,131.23324396782843,120.20967741935483,3.750156320816063,3.4351439312737515,2.4344636450275763,True,True,333,PV+/PNN+,159.67755369,14.258603569939101,296.31705237,19.42376350908454,2.521106004714966,True,C
141,865,1605,296.31705237,19.42376350908454,38899.0,104.28686327077747,82.62903225806451,2.9801293304070278,2.3612293519274696,1.7937732892893983,True,True,170,PV+/PNN+,85.79689452,10.45179405261774,296.31705237,19.42376350908454,0.9784918427467346,True,C
142,713,1545,296.31705237,19.42376350908454,68574.0,183.84450402144773,136.68548387096774,5.2535897761724355,3.905960988270416,2.178932801027306,True,True,84,PV+/PNN+,91.35780435,10.78519212710641,296.31705237,19.42376350908454,0.1751120686531067,True,C
143,825,1276,296.31705237,19.42376350908454,44966.0,120.55227882037534,121.2741935483871,3.4449342006499504,3.4655638292294837,2.2633112151398955,True,False,-1,PV-/PNN+,0.0,0.0,296.31705237,19.42376350908454,0.16577427089214325,False,NONE
144,657,1516,296.31705237,19.42376350908454,41318.0,110.77211796246648,92.18548387096774,3.165453705076161,2.634317072211878,1.4887333442640756,True,True,67,PV+/PNN+,136.63949868,13.18995121644368,296.31705237,19.42376350908454,1.4085034132003784,True,C
145,754,1586,296.31705237,19.42376350908454,68010.0,182.33243967828417,129.7258064516129,5.21038062060675,3.7070793826962007,2.2380243087023683,True,True,97,PV+/PNN+,132.66742023,12.996822909266468,296.31705237,19.42376350908454,1.3132084608078003,True,C
146,692,1575,296.31705237,19.42376350908454,79259.0,212.49061662198392,183.58870967741936,6.072188760603888,5.246280128501741,2.1473907124710228,True,False,-1,PV-/PNN+,0.0,0.0,296.31705237,19.42376350908454,0.1440383642911911,True,C
147,974,1327,296.31705237,19.42376350908454,46189.0,123.83109919571045,102.28225806451613,3.538630649686887,2.9228451952465444,1.7003448244517996,True,False,-1,PV-/PNN+,0.0,0.0,296.31705237,19.42376350908454,1.9321906566619873,True,C
148,797,1383,296.31705237,19.42376350908454,64297.0,172.37801608579088,120.6774193548387,4.925920346465993,3.448510250072482,2.2047520633898334,True,False,-1,PV-/PNN+,0.0,0.0,296.31705237,19.42376350908454,1.2044750452041626,True,C
149,697,1624,296.31705237,19.42376350908454,68197.0,182.8337801608579,193.16129032258064,5.224707060484025,5.519828756330934,1.989946447652106,True,False,-1,PV-/PNN+,0.0,0.0,296.31705237,19.42376350908454,0.684150218963623,True,C
150,656,1217,296.31705237,19.42376350908454,49048.0,131.4959785522788,108.59677419354838,3.75766429465549,3.103290499029407,2.4371254246525793,True,False,-1,PV-/PNN+,0.0,0.0,296.31705237,19.42376350908454,1.2846499681472778,True,B
151,855,1250,296.31705237,19.42376350908454,41560.0,111.42091152815013,100.54838709677419,3.1839938037408695,2.873297634182285,2.0310709428583995,True,False,-1,PV-/PNN+,0.0,0.0,296.31705237,19.42376350908454,-0.10064150393009186,True,B
152,894,1223,296.31705237,19.42376350908454,29510.0,79.11528150134048,71.63709677419355,2.2608194694031054,2.047120860157302,3.088995254815769,True,False,-1,PV-/PNN+,0.0,0.0,296.31705237,19.42376350908454,0.47604498267173767,True,B
153,745,1689,296.31705237,19.42376350908454,78850.0,211.3941018766756,168.23387096774192,6.040854461620971,4.807496145867552,1.9172798638895292,True,False,-1,PV-/PNN+,0.0,0.0,296.31705237,19.42376350908454,0.5310602188110352,True,C
154,788,1282,296.31705237,19.42376350908454,34628.0,92.83646112600536,129.5241935483871,2.652919572568307,3.7013180383864035,1.7220383283955725,True,False,-1,PV-/PNN+,0.0,0.0,296.31705237,19.42376350908454,1.0024607181549072,True,B
155,657,1313,296.31705237,19.42376350908454,34840.0,93.40482573726541,73.19354838709677,2.669161311894415,2.091598438228939,1.9207401774020325,True,False,-1,PV-/PNN+,0.0,0.0,296.31705237,19.42376350908454,0.34936100244522095,True,B
156,679,1356,296.31705237,19.42376350908454,39281.0,105.31099195710456,96.6774193548387,3.0093951059852047,2.7626798234341696,2.491691906965137,True,False,-1,PV-/PNN+,0.0,0.0,296.31705237,19.42376350908454,0.6448144912719727,True,C
157,1096,1520,296.31705237,19.42376350908454,43167.0,115.72922252010724,110.39516129032258,3.3071092523118897,3.154681690272802,1.6192936348704636,True,False,-1,PV-/PNN+,0.0,0.0,296.31705237,19.42376350908454,0.5732046961784363,True,C
158,879,1314,296.31705237,19.42376350908454,28490.0,76.38069705093834,83.95967741935483,2.1826752518906973,2.3992542243721338,2.168551860489795,True,False,-1,PV-/PNN+,0.0,0.0,296.31705237,19.42376350908454,-0.028940532356500626,True,C
159,750,1442,296.31705237,19.42376350908454,56098.0,150.39678284182307,100.87903225806451,4.297778739226548,2.882746238850353,1.8278440684894344,True,False,-1,PV-/PNN+,0.0,0.0,296.31705237,19.42376350908454,1.72711980342865,True,C
160,1050,1264,296.31705237,19.42376350908454,31282.0,83.86595174262735,75.7741935483871,2.3965758943364266,2.1653436453943495,1.816265327120672,True,True,302,PV+/PNN+,142.20040851,13.455674765407588,296.31705237,19.42376350908454,0.10983508825302124,True,C
161,812,1325,296.31705237,19.42376350908454,47015.0,126.0455764075067,120.40322580645162,3.6019121434763473,3.440674821811158,2.6633766927778186,True,False,-1,PV-/PNN+,0.0,0.0,296.31705237,19.42376350908454,1.0847654342651367,True,C
162,767,1551,296.31705237,19.42376350908454,49684.0,133.20107238605897,101.08064516129032,3.806389512633815,2.8885075831601505,2.096949988577219,True,True,102,PV+/PNN+,121.54560057,12.44012319610657,296.31705237,19.42376350908454,1.2422503232955933,True,C
163,846,1486,296.31705237,19.42376350908454,29220.0,78.33780160857908,72.14516129032258,2.2386019957966363,2.0616394478179916,2.1927740550773205,True,True,151,PV+/PNN+,181.92119301,15.21937110940298,296.31705237,19.42376350908454,0.5674967765808105,True,C
164,1003,1454,296.31705237,19.42376350908454,32695.0,87.65415549597856,86.74193548387096,2.504828619184498,2.4787607758473413,1.9154166181520271,True,True,263,PV+/PNN+,133.46183592,13.035677474005706,296.31705237,19.42376350908454,0.5147124528884888,True,C
165,776,1246,296.31705237,19.42376350908454,28820.0,77.26541554959786,79.31451612903226,2.2079572046153,2.266512851474396,2.114517734102238,True,False,-1,PV-/PNN+,0.0,0.0,296.31705237,19.42376350908454,-0.5909466743469238,True,B
166,904,1531,296.31705237,19.42376350908454,30866.0,82.75067024128687,73.66935483870968,2.3647053115078367,2.105195210800062,2.6914584678215983,True,True,193,PV+/PNN+,139.81716144,13.342441267550267,296.31705237,19.42376350908454,0.4088212251663208,True,C
167,953,1665,296.31705237,19.42376350908454,25303.0,67.83646112600536,63.45161290322581,1.938512878153398,1.813210281179517,3.123864567903306,True,True,230,PV+/PNN+,224.02522458,16.888983834246268,296.31705237,19.42376350908454,-0.16264915466308594,True,C
168,817,1632,296.31705237,19.42376350908454,44651.0,119.70777479892762,95.74193548387096,3.420801427594648,2.7359471858367086,2.2554589652461368,True,True,137,PV+/PNN+,151.73339679,13.899387074616614,296.31705237,19.42376350908454,0.8211948871612549,True,C
169,1043,1504,296.31705237,19.42376350908454,26361.0,70.67292225201072,68.16935483870968,2.0195683508280333,1.948025738028782,2.7151483064841235,True,True,298,PV+/PNN+,131.07858885,12.918763206743188,296.31705237,19.42376350908454,-1.5855084657669067,True,C
170,657,1552,296.31705237,19.42376350908454,47800.0,128.15013404825737,107.58064516129032,3.66205254616972,3.0742533237080267,3.1408999575033243,True,True,65,PV+/PNN+,134.25625161,13.074416571218995,296.31705237,19.42376350908454,-0.23172470927238464,True,C
171,719,2046,296.31705237,19.42376350908454,32847.0,88.06166219839142,67.59677419354838,2.5164736398334058,1.9316635201889565,2.398396531108788,True,False,-1,PV-/PNN+,0.0,0.0,296.31705237,19.42376350908454,1.7457951307296753,True,C
172,749,2173,296.31705237,19.42376350908454,20718.0,55.54423592493298,55.806451612903224,1.5872469592373277,1.5947401049519898,3.153144143778337,True,False,-1,PV-/PNN+,0.0,0.0,296.31705237,19.42376350908454,1.5182676315307617,True,C
173,1129,1979,296.31705237,19.42376350908454,37136.0,99.5603217158177,76.11290322580645,2.8450624132752873,2.1750227038348093,2.5212376608026683,True,True,347,PV+/PNN+,155.70547524,14.080140922851225,296.31705237,19.42376350908454,1.638161301612854,True,C
174,871,2091,296.31705237,19.42376350908454,59519.0,159.56836461126005,121.43548387096774,4.559868315804929,3.4701729046773218,2.751614687346662,True,True,175,PV+/PNN+,163.64963214,14.434859996619657,296.31705237,19.42376350908454,1.876308560371399,True,C
175,756,2259,296.31705237,19.42376350908454,19884.0,53.30831099195711,46.145161290322584,1.523352569624241,1.3186564856264866,3.246040252690935,True,True,98,PV+/PNN+,160.47196938,14.29402872657482,296.31705237,19.42376350908454,0.26268666982650757,False,NONE
176,1100,2234,296.31705237,19.42376350908454,40621.0,108.90348525469169,84.93548387096774,3.112055156442682,2.427139130831555,2.0377253919209064,True,True,327,PV+/PNN+,163.64963214,14.434859996619657,296.31705237,19.42376350908454,1.2524749040603638,True,C
177,1019,1959,296.31705237,19.42376350908454,56191.0,150.64611260053618,112.45967741935483,4.304903653176208,3.21367785600513,1.702607337133052,True,False,-1,PV-/PNN+,0.0,0.0,296.31705237,19.42376350908454,2.127034902572632,True,C
178,977,1860,296.31705237,19.42376350908454,34015.0,91.19302949061662,74.16935483870968,2.605956430082909,2.1194833446883603,1.8399551657831972,True,True,244,PV+/PNN+,181.12677732,15.186104684686722,296.31705237,19.42376350908454,1.245925784111023,True,C
179,1022,2117,296.31705237,19.42376350908454,64551.0,173.05898123324397,136.3709677419355,4.945379788866142,3.8969732911471318,2.1632283012397893,True,True,277,PV+/PNN+,186.68768715,15.417462365594622,296.31705237,19.42376350908454,2.0209882259368896,True,C
180,1062,1981,296.31705237,19.42376350908454,32427.0,86.93565683646112,64.44354838709677,2.4842966090930023,1.841556095183721,2.49475295353389,True,True,310,PV+/PNN+,141.40599282,13.418036440588484,296.31705237,19.42376350908454,1.6511036157608032,True,C
181,640,2188,296.31705237,19.42376350908454,16069.0,43.080428954423596,34.564516129032256,1.2310778737322434,0.9877248684717094,1.2438496187638164,True,False,-1,PV-/PNN+,0.0,0.0,296.31705237,19.42376350908454,-0.08113037049770355,False,NONE
182,1080,2126,296.31705237,19.42376350908454,43310.0,116.11260053619303,98.61290322580645,3.318064765159217,2.8179887288082273,1.7108588539705605,True,False,-1,PV-/PNN+,0.0,0.0,296.31705237,19.42376350908454,1.3110066652297974,True,C
183,922,2249,296.31705237,19.42376350908454,46828.0,125.54423592493298,102.8225806451613,3.587585703599072,2.9382855979968023,3.301006001947243,True,True,207,PV+/PNN+,152.52781248,13.935725403490322,296.31705237,19.42376350908454,1.236085295677185,True,C
184,775,1836,296.31705237,19.42376350908454,52316.0,140.2573726541555,128.63709677419354,4.00803223860701,3.6759681234232935,1.8565912884394649,True,True,106,PV+/PNN+,123.92884764,12.56149312576761,296.31705237,19.42376350908454,2.2129580974578857,True,C
185,1035,1843,296.31705237,19.42376350908454,24983.0,66.97855227882037,61.12096774193548,1.9139970452083288,1.746609140958256,2.1713467290960478,True,True,289,PV+/PNN+,153.32222817,13.97196922387648,296.31705237,19.42376350908454,0.5079395174980164,True,C
186,796,2014,296.31705237,19.42376350908454,32117.0,86.10455764075067,61.693548387096776,2.460546895927467,1.7629713587980815,1.4760898910453122,True,True,121,PV+/PNN+,100.09637694,11.289227848029503,296.31705237,19.42376350908454,1.8716275691986084,True,C
187,1064,1901,296.31705237,19.42376350908454,21625.0,57.975871313672926,47.00806451612903,1.6567340232410084,1.3433150392724205,3.2763845404159673,True,True,309,PV+/PNN+,197.01509112,15.83816292767521,296.31705237,19.42376350908454,1.273714303970337,True,C
188,868,2004,296.31705237,19.42376350908454,68642.0,184.02680965147454,156.20967741935485,5.258799390673262,4.4638895712312205,2.3889472134400282,True,True,173,PV+/PNN+,166.03287921,14.539588286344586,296.31705237,19.42376350908454,0.7986832857131958,True,C
189,752,1794,296.31705237,19.42376350908454,49313.0,132.2064343163539,102.36290322580645,3.777966468813126,2.9251497329704637,1.8987804954957594,True,True,95,PV+/PNN+,112.01261229,11.942314996545516,296.31705237,19.42376350908454,0.9385539293289185,True,C
190,1014,2002,296.31705237,19.42376350908454,34876.0,93.50134048257372,61.91935483870968,2.6719193431007353,1.7694240644250547,1.9120893936207737,True,True,272,PV+/PNN+,108.83494953,11.77170172875832,296.31705237,19.42376350908454,1.3880797624588013,True,C
191,953,2227,296.31705237,19.42376350908454,57082.0,153.03485254691688,173.40322580645162,4.373164925532635,4.955217013970764,1.7422678535455938,True,False,-1,PV-/PNN+,0.0,0.0,296.31705237,19.42376350908454,0.75960373878479,True,C
192,840,1902,296.31705237,19.42376350908454,87594.0,234.83646112600536,226.93548387096774,6.710749596844989,6.484969155108237,2.641017743927795,True,True,146,PV+/PNN+,211.31457354,16.40286778005525,296.31705237,19.42376350908454,1.4158707857131958,True,C
193,921,2155,296.31705237,19.42376350908454,71628.0,192.03217158176943,145.43548387096774,5.48756275684194,4.156003331315634,2.2653075498586475,True,True,205,PV+/PNN+,147.76131834,13.716251444643651,296.31705237,19.42376350908454,0.6435787677764893,True,C
194,922,2288,296.31705237,19.42376350908454,28707.0,76.96246648793566,62.95161290322581,2.1993000511065723,1.7989221472912187,2.26796932948365,True,True,209,PV+/PNN+,119.1623535,12.317557416952052,296.31705237,19.42376350908454,0.708254337310791,True,C
195,738,1973,296.31705237,19.42376350908454,25273.0,67.75603217158177,61.596774193548384,1.9362145188147977,1.7602059135293784,2.295252570639929,True,True,90,PV+/PNN+,127.90092609,12.761211420003875,296.31705237,19.42376350908454,1.3565621376037598,True,C
196,1019,2260,296.31705237,19.42376350908454,64198.0,172.11260053619304,130.7741935483871,4.918335760648613,3.737038373107149,2.260250168571142,True,True,275,PV+/PNN+,115.98469074,12.152213577535832,296.31705237,19.42376350908454,1.387987494468689,True,C
197,912,2091,296.31705237,19.42376350908454,48287.0,129.45576407506704,104.79838709677419,3.699362579432998,2.994746772232819,2.4731925385713676,True,True,199,PV+/PNN+,171.59378904,14.781068900342463,296.31705237,19.42376350908454,0.7441238164901733,True,C
198,1041,2289,296.31705237,19.42376350908454,47360.0,126.97050938337802,89.18548387096774,3.62834327587025,2.548588268882089,2.006981837252124,True,True,295,PV+/PNN+,140.61157713,13.380292240810528,296.31705237,19.42376350908454,1.2353334426879883,True,C
199,868,2249,296.31705237,19.42376350908454,23621.0,63.32707774798928,51.86290322580645,1.8096515312358779,1.4820482102523478,2.4166297215400574,True,True,172,PV+/PNN+,146.17248696000001,13.642308849668993,296.31705237,19.42376350908454,1.1736027002334595,True,C
200,934,2047,296.31705237,19.42376350908454,64630.0,173.27077747989276,146.28225806451613,4.951432135124456,4.180200977416784,2.1982307033085764,True,False,-1,PV-/PNN+,0.0,0.0,296.31705237,19.42376350908454,1.936010718345642,True,C
201,814,2039,296.31705237,19.42376350908454,32417.0,86.9088471849866,65.39516129032258,2.4835304893134693,1.8687496403259662,1.7510517263081031,True,True,127,PV+/PNN+,137.43391437,13.228238528376714,296.31705237,19.42376350908454,0.6807043552398682,True,C
202,747,2229,296.31705237,19.42376350908454,15079.0,40.42627345844504,36.524193548387096,1.1552320155584352,1.0437251351629426,2.2094101777335884,True,False,-1,PV-/PNN+,0.0,0.0,296.31705237,19.42376350908454,0.27318963408470154,False,NONE
203,949,2136,296.31705237,19.42376350908454,75765.0,203.12332439678283,171.1209677419355,5.804506509634913,4.889998596383855,2.0783175312021993,True,True,229,PV+/PNN+,165.23846352,14.504762875171128,296.31705237,19.42376350908454,0.95713871717453,True,C
204,935,2000,296.31705237,19.42376350908454,69623.0,186.656836461126,132.51612903225808,5.33395574104549,3.786816387943801,1.9325850967332951,True,False,-1,PV-/PNN+,0.0,0.0,296.31705237,19.42376350908454,1.057289719581604,True,C
205,904,1971,296.31705237,19.42376350908454,73410.0,196.80965147453082,168.01612903225808,5.624085301554794,4.801273894012971,2.417960611352559,True,True,194,PV+/PNN+,180.33236163,15.152765226941185,296.31705237,19.42376350908454,0.6674257516860962,True,C
206,663,2152,296.31705237,19.42376350908454,13062.0,35.01876675603217,28.443548387096776,1.0007056560265457,0.8128104552262527,2.4789153647651236,True,False,-1,PV-/PNN+,0.0,0.0,296.31705237,19.42376350908454,-0.624395489692688,False,NONE
207,1072,1849,296.31705237,19.42376350908454,17931.0,48.07238605898123,46.57258064516129,1.373729376681365,1.3308705355632575,2.06926748047719,True,False,-1,PV-/PNN+,0.0,0.0,296.31705237,19.42376350908454,-1.0230755805969238,True,C
208,977,2212,296.31705237,19.42376350908454,85560.0,229.3833780160858,214.8548387096774,6.554920833687893,6.139749404065161,2.0670049677959375,True,False,-1,PV-/PNN+,0.0,0.0,296.31705237,19.42376350908454,1.2276527881622314,True,C
209,887,1882,296.31705237,19.42376350908454,78052.0,209.25469168900804,178.1451612903226,5.979718103214205,5.090723832137205,2.042117328302161,True,False,-1,PV-/PNN+,0.0,0.0,296.31705237,19.42376350908454,0.53326416015625,True,C
210,807,1830,296.31705237,19.42376350908454,19728.0,52.89008042895443,50.42741935483871,1.5114011010635198,1.4410274387665887,1.5275953267891167,True,False,-1,PV-/PNN+,0.0,0.0,296.31705237,19.42376350908454,-1.0072596073150635,True,C
211,1014,1822,296.31705237,19.42376350908454,19176.0,51.41018766756032,48.5,1.4691112892332752,1.385948987164923,2.5404024741026885,True,True,271,PV+/PNN+,167.62171059,14.608990056788347,296.31705237,19.42376350908454,-0.8079405426979065,True,C
212,1047,2203,296.31705237,19.42376350908454,40001.0,107.24128686327077,80.88709677419355,3.06455573011161,2.311451337090818,1.7527818830643551,True,False,-1,PV-/PNN+,0.0,0.0,296.31705237,19.42376350908454,0.24072378873825073,True,C
213,883,2186,296.31705237,19.42376350908454,41394.0,110.97587131367293,110.18548387096774,3.171276215400615,3.1486898921906126,3.116278495972048,True,True,181,PV+/PNN+,180.33236163,15.152765226941185,296.31705237,19.42376350908454,0.48114508390426636,True,C
214,651,2265,296.31705237,19.42376350908454,14580.0,39.088471849865954,31.0,1.117002638559718,0.8858643010744869,1.6632129986830102,True,False,-1,PV-/PNN+,0.0,0.0,296.31705237,19.42376350908454,-1.2743964195251465,False,NONE
215,751,1890,296.31705237,19.42376350908454,22793.0,61.107238605898125,53.33870967741935,1.7462168134905112,1.5242212506000667,2.140336996464765,True,True,96,PV+/PNN+,179.53794594000001,15.11935225303425,296.31705237,19.42376350908454,-1.572677731513977,True,C
216,1145,2006,296.31705237,19.42376350908454,24967.0,66.93565683646112,59.25,1.9127712535610752,1.6931438657633338,2.6282412017277816,True,True,359,PV+/PNN+,127.90092609,12.761211420003875,296.31705237,19.42376350908454,-0.7652625441551208,True,C
217,919,2497,296.31705237,19.42376350908454,62377.0,167.23056300268095,128.0483870967742,4.778825348795578,3.659144998038685,2.0849719802647066,True,True,203,PV+/PNN+,143.78923989,13.53063732184699,296.31705237,19.42376350908454,2.7400505542755127,True,C
218,780,2392,296.31705237,19.42376350908454,29288.0,78.5201072386059,52.774193548387096,2.2438116102974637,1.5080894865326333,2.2144675590210934,True,True,110,PV+/PNN+,103.2740397,11.467021901548332,296.31705237,19.42376350908454,1.358422040939331,False,NONE
219,1069,2731,296.31705237,19.42376350908454,62300.0,167.0241286863271,137.18548387096774,4.772926226493171,3.920249122158714,1.992741316258359,True,False,-1,PV-/PNN+,0.0,0.0,296.31705237,19.42376350908454,2.646197557449341,False,NONE
220,1038,2574,296.31705237,19.42376350908454,57873.0,155.15549597855227,101.6774193548387,4.433765000093728,2.9055611623171513,1.9548109566020686,True,False,-1,PV-/PNN+,0.0,0.0,296.31705237,19.42376350908454,2.1174798011779785,False,NONE
221,949,2764,296.31705237,19.42376350908454,52475.0,140.68364611260054,87.11290322580645,4.020213543101591,2.4893616493773694,2.3070974899711914,True,True,228,PV+/PNN+,166.03287921,14.539588286344586,296.31705237,19.42376350908454,2.147993326187134,False,NONE
222,1020,2375,296.31705237,19.42376350908454,70337.0,188.5710455764075,147.63709677419354,5.388656693304176,4.218917211178624,2.5885806853152395,True,True,273,PV+/PNN+,170.00495766,14.712478883374446,296.31705237,19.42376350908454,2.298509120941162,True,C
223,923,2404,296.31705237,19.42376350908454,26488.0,71.01340482573727,56.82258064516129,2.0292980720281077,1.62377728027337,2.075123395652196,True,True,208,PV+/PNN+,153.32222817,13.97196922387648,296.31705237,19.42376350908454,0.4781073033809662,True,C
224,1144,2440,296.31705237,19.42376350908454,45570.0,122.171581769437,92.30645161290323,3.491207835333769,2.637773878797757,2.3874832346462767,True,True,360,PV+/PNN+,105.65728677,11.598579038183399,296.31705237,19.42376350908454,2.1541192531585693,False,NONE
225,1129,2603,296.31705237,19.42376350908454,62615.0,167.8686327077748,136.58870967741936,4.797058999548473,3.903195543001713,2.568218071183968,True,True,348,PV+/PNN+,74.67507486,9.75085936304132,296.31705237,19.42376350908454,1.4556884765625,False,NONE
226,1092,2503,296.31705237,19.42376350908454,60432.0,162.01608579088472,113.58064516129032,4.629815051676329,3.245710930367605,2.5256295971839227,True,True,323,PV+/PNN+,121.54560057,12.44012319610657,296.31705237,19.42376350908454,1.75403892993927,False,NONE
227,942,2371,296.31705237,19.42376350908454,22308.0,59.806970509383376,50.935483870967744,1.7090600041831405,1.4555460264272788,2.2454772916523766,True,True,224,PV+/PNN+,158.883138,14.223090180871878,296.31705237,19.42376350908454,-0.11226806044578552,True,C
228,1008,2440,296.31705237,19.42376350908454,29466.0,78.99731903485255,64.2258064516129,2.2574485423731585,1.8353338433291397,2.153113538664779,True,True,269,PV+/PNN+,109.62936522,11.81458603008661,296.31705237,19.42376350908454,1.1229667663574219,True,C
229,1099,2533,296.31705237,19.42376350908454,66361.0,177.91152815013405,116.40322580645162,5.08404746896169,3.3263697507047723,1.9878170239521036,True,True,331,PV+/PNN+,47.664941400000004,7.7903073294937615,296.31705237,19.42376350908454,1.2745503187179565,False,NONE
230,1107,2627,296.31705237,19.42376350908454,51751.0,138.7426273458445,109.29032258064517,3.964746471063372,3.123109523455111,2.1322185686085064,True,False,-1,PV-/PNN+,0.0,0.0,296.31705237,19.42376350908454,0.5033436417579651,False,NONE
231,1142,2578,296.31705237,19.42376350908454,32371.0,86.78552278820375,88.68548387096774,2.480006338327615,2.5343001349937913,3.3635578231348093,True,True,352,PV+/PNN+,211.31457354,16.40286778005525,296.31705237,19.42376350908454,0.12418878078460693,False,NONE
232,982,2484,296.31705237,19.42376350908454,17381.0,46.597855227882036,38.274193548387096,1.3315927888070274,1.0937336037719863,2.996764590809421,True,True,247,PV+/PNN+,158.08872231,14.187487896796528,296.31705237,19.42376350908454,0.22197529673576355,False,NONE
233,987,2371,296.31705237,19.42376350908454,27391.0,73.4343163538874,61.82258064516129,2.098478688119975,1.7666586191563518,2.224715410577354,True,False,-1,PV-/PNN+,0.0,0.0,296.31705237,19.42376350908454,-0.3313542902469635,True,C
234,1096,2402,296.31705237,19.42376350908454,24589.0,65.92225201072387,63.604838709677416,1.8838119258947126,1.817588902854963,1.5979993978704412,True,False,-1,PV-/PNN+,0.0,0.0,296.31705237,19.42376350908454,0.20851044356822968,True,C
235,1243,319,296.31705237,19.42376350908454,58208.0,156.05361930294907,102.04838709677419,4.459430012708098,2.9161620358471794,2.204485885427333,True,True,414,PV+/PNN+,197.80950681,15.870062583211556,296.31705237,19.42376350908454,2.2886223793029785,False,NONE
236,1500,46,296.31705237,19.42376350908454,67098.0,179.88739946380696,167.3709677419355,5.140510496713302,4.782837592221618,3.0742223778970037,True,False,-1,PV-/PNN+,0.0,0.0,296.31705237,19.42376350908454,2.4862430095672607,False,NONE
237,1259,99,296.31705237,19.42376350908454,51877.0,139.08042895442358,115.04838709677419,3.974399580285493,3.2876535169429317,2.321737277908707,True,True,422,PV+/PNN+,167.62171059,14.608990056788347,296.31705237,19.42376350908454,1.7679802179336548,False,NONE
238,1309,126,296.31705237,19.42376350908454,56386.0,151.16890080428954,138.80645161290323,4.3198429888771095,3.9665703304094873,2.599627070759001,True,True,452,PV+/PNN+,184.30444008,15.318736938146314,296.31705237,19.42376350908454,0.7603251934051514,False,NONE
239,1241,201,296.31705237,19.42376350908454,91509.0,245.33243967828417,241.8951612903226,7.01068549053232,6.912460902895223,2.177202644271054,True,False,-1,PV-/PNN+,0.0,0.0,296.31705237,19.42376350908454,1.4110416173934937,False,NONE
240,1546,58,296.31705237,19.42376350908454,70454.0,188.8847184986595,159.3951612903226,5.3976202947247165,4.554918811326024,2.8184253559342327,True,False,-1,PV-/PNN+,0.0,0.0,296.31705237,19.42376350908454,0.7423110604286194,False,NONE
241,1274,162,296.31705237,19.42376350908454,86313.0,231.40214477211796,209.25806451612902,6.612609653086759,5.9798144860251785,2.2796811598336624,True,False,-1,PV-/PNN+,0.0,0.0,296.31705237,19.42376350908454,0.8215042352676392,False,NONE
242,1441,196,296.31705237,19.42376350908454,58907.0,157.92761394101876,141.9516129032258,4.512981785297483,4.05644730164233,1.9689183886145836,True,False,-1,PV-/PNN+,0.0,0.0,296.31705237,19.42376350908454,0.5772906541824341,False,NONE
243,1580,55,296.31705237,19.42376350908454,87400.0,234.31635388739946,220.73387096774192,6.69588687312204,6.307750204138861,2.375638315315014,True,True,537,PV+/PNN+,116.77910643,12.19375972805403,296.31705237,19.42376350908454,1.3671549558639526,False,NONE
244,1224,145,296.31705237,19.42376350908454,35193.0,94.35120643431635,121.31451612903226,2.696205340111945,3.466716098091443,1.8866693982019964,True,False,-1,PV-/PNN+,0.0,0.0,296.31705237,19.42376350908454,-0.8516721725463867,False,NONE
245,1368,203,296.31705237,19.42376350908454,59971.0,160.78016085790884,148.20967741935485,4.594496929839838,4.2352794290184494,2.6957173152216027,True,False,-1,PV-/PNN+,0.0,0.0,296.31705237,19.42376350908454,0.6471866369247437,False,NONE
246,1493,88,296.31705237,19.42376350908454,51213.0,137.30026809651474,167.58870967741936,3.923529226924474,4.7890598440762,2.4483048990775913,True,False,-1,PV-/PNN+,0.0,0.0,296.31705237,19.42376350908454,0.1050301194190979,False,NONE
247,1562,25,296.31705237,19.42376350908454,42046.0,112.72386058981233,128.3709677419355,3.2212272250261935,3.6683631489343607,2.2550596983023863,True,False,-1,PV-/PNN+,0.0,0.0,296.31705237,19.42376350908454,1.0190320014953613,False,NONE
248,1329,193,296.31705237,19.42376350908454,34534.0,92.58445040214477,114.37903225806451,2.6457180466406927,3.2685258538344035,2.093888942008466,True,False,-1,PV-/PNN+,0.0,0.0,296.31705237,19.42376350908454,0.16340140998363495,False,NONE
249,1488,133,296.31705237,19.42376350908454,94635.0,253.71313672922253,251.56451612903226,7.250174533614466,7.188774975993118,2.687332709402844,True,False,-1,PV-/PNN+,0.0,0.0,296.31705237,19.42376350908454,0.28078392148017883,False,NONE
250,1424,135,296.31705237,19.42376350908454,92692.0,248.5040214477212,239.3548387096774,7.101317460451123,6.839867964591772,2.549319435846448,True,False,-1,PV-/PNN+,0.0,0.0,296.31705237,19.42376350908454,0.7032766342163086,False,NONE
251,1246,170,296.31705237,19.42376350908454,37628.0,100.87935656836461,110.31451612903226,2.8827555064283312,3.152377152548883,2.7253961580403843,True,False,-1,PV-/PNN+,0.0,0.0,296.31705237,19.42376350908454,-0.4837608337402344,False,NONE
252,1440,57,296.31705237,19.42376350908454,33072.0,88.66487935656836,80.83064516129032,2.5337113348729075,2.3098381606840745,2.4141010308963047,True,False,-1,PV-/PNN+,0.0,0.0,296.31705237,19.42376350908454,-0.3027637004852295,False,NONE
253,1281,293,296.31705237,19.42376350908454,27472.0,73.6514745308311,63.61290322580645,2.1046842583341956,1.817819356627355,2.132617835552257,True,True,439,PV+/PNN+,153.32222817,13.97196922387648,296.31705237,19.42376350908454,-0.24200886487960815,False,NONE
254,1304,16,296.31705237,19.42376350908454,33300.0,89.27613941018767,85.99193548387096,2.5511788658462695,2.4573285750148943,2.103338259677226,True,True,451,PV+/PNN+,160.47196938,14.29402872657482,296.31705237,19.42376350908454,-0.3501051068305969,False,NONE
255,1523,27,296.31705237,19.42376350908454,33081.0,88.68900804289544,94.85483870967742,2.5344008426744877,2.710597270873599,2.321338010964957,True,False,-1,PV-/PNN+,0.0,0.0,296.31705237,19.42376350908454,-1.0600918531417847,False,NONE
256,1543,97,296.31705237,19.42376350908454,36011.0,96.54423592493298,94.29032258064517,2.758873938077778,2.694465506806166,1.961598494645826,True,False,-1,PV-/PNN+,0.0,0.0,296.31705237,19.42376350908454,0.5765632390975952,False,NONE
257,1273,1077,296.31705237,19.42376350908454,22823.0,61.187667560321714,48.12096774193548,1.7485151728291113,1.3751176598625034,2.597497647058999,True,True,432,PV+/PNN+,234.35262855,17.273883005349166,296.31705237,19.42376350908454,2.4337143898010254,False,NONE
258,1580,767,296.31705237,19.42376350908454,21521.0,57.6970509383378,56.28225806451613,1.6487663775338608,1.6083368775231124,1.695021265201794,True,False,-1,PV-/PNN+,0.0,0.0,296.31705237,19.42376350908454,0.4663017690181732,False,NONE
259,1257,1053,296.31705237,19.42376350908454,16111.0,43.193029490616624,33.556451612903224,1.2342955768062838,0.958918146922721,1.7172471250705674,True,True,418,PV+/PNN+,215.28665199,16.556312354123577,296.31705237,19.42376350908454,0.004745256155729294,False,NONE
260,1473,724,296.31705237,19.42376350908454,26173.0,70.16890080428955,41.13709677419355,2.0051652989728055,1.1755446929711129,0.2659117845377814,True,False,-1,PV-/PNN+,0.0,0.0,296.31705237,19.42376350908454,-0.7926741242408752,False,NONE
261,1371,1513,296.31705237,19.42376350908454,32743.0,87.7828418230563,68.43548387096774,2.508505994126258,1.9556307125177148,1.7219052394143224,True,True,480,PV+/PNN+,219.25873044,16.708347797572188,296.31705237,19.42376350908454,2.348439931869507,False,NONE
262,1306,1369,296.31705237,19.42376350908454,35384.0,94.8632707774799,70.75,2.710838227901033,2.021770945194192,1.996867074677113,True,True,450,PV+/PNN+,194.63184405,15.742076118135982,296.31705237,19.42376350908454,1.8353720903396606,False,NONE
263,1242,1634,296.31705237,19.42376350908454,79708.0,213.69436997319036,180.34677419354838,6.106587538704939,5.1536377120001955,1.8998452073457608,True,True,415,PV+/PNN+,150.14456541,13.82642390884524,296.31705237,19.42376350908454,1.9360555410385132,True,C
264,1255,1488,296.31705237,19.42376350908454,35097.0,94.09383378016086,76.14516129032258,2.6888505902284243,2.175944518924377,2.63635962958404,True,True,417,PV+/PNN+,189.07093422,15.515559616363333,296.31705237,19.42376350908454,1.673891305923462,True,C
265,1231,1422,296.31705237,19.42376350908454,38881.0,104.23860589812332,89.44354838709677,2.978750314803868,2.55596278959863,2.7867501783966993,True,True,406,PV+/PNN+,269.30691891,18.517349130666563,296.31705237,19.42376350908454,1.9577319622039795,True,C
266,1310,1471,296.31705237,19.42376350908454,26432.0,70.8632707774799,56.70161290322581,2.0250078012627206,1.6203204736874917,2.3840229211337727,True,True,453,PV+/PNN+,207.34249509,16.24797415226416,296.31705237,19.42376350908454,1.0623679161071777,True,C
267,1268,1596,296.31705237,19.42376350908454,43978.0,117.90348525469169,84.60483870967742,3.3692415664320494,2.4176905261634865,2.066605700852187,True,True,428,PV+/PNN+,183.51002439,15.28568676601291,296.31705237,19.42376350908454,1.258012056350708,True,C
268,1225,1331,296.31705237,19.42376350908454,24416.0,65.45844504021447,56.274193548387096,1.870558053708784,1.6081064237507205,2.906663350503076,True,True,403,PV+/PNN+,227.20288734,17.008342095551114,296.31705237,19.42376350908454,1.537183165550232,True,C
269,1293,1719,296.31705237,19.42376350908454,35151.0,94.23860589812332,88.41129032258064,2.6929876370379047,2.526464706732466,1.8577890892707163,True,True,444,PV+/PNN+,135.05066730000001,13.113041224263421,296.31705237,19.42376350908454,1.883091688156128,True,C
270,1282,1520,296.31705237,19.42376350908454,24581.0,65.90080428954424,55.37096774193548,1.8831990300710857,1.5822956012428269,2.489030127340134,True,True,440,PV+/PNN+,178.74353025,15.085865274483455,296.31705237,19.42376350908454,0.8255689144134521,True,C
271,1268,1401,296.31705237,19.42376350908454,32554.0,87.27613941018767,78.91129032258064,2.4940263302930767,2.2549901628548006,1.9074312792770187,True,True,430,PV+/PNN+,193.04301267,15.67769107892661,296.31705237,19.42376350908454,0.4486427307128906,True,C
272,1597,1325,296.31705237,19.42376350908454,47896.0,128.40750670241286,135.38709677419354,3.6694072960532407,3.868857930915319,0.3179495762065865,True,False,-1,PV-/PNN+,0.0,0.0,296.31705237,19.42376350908454,1.609127163887024,False,NONE
273,1388,1660,296.31705237,19.42376350908454,11319.0,30.345844504021446,25.548387096774192,0.8671709784538716,0.7300775509375583,2.3362439768649725,True,True,485,PV+/PNN+,235.94145993,17.332339629300566,296.31705237,19.42376350908454,0.14534564316272736,True,C
274,1379,1553,296.31705237,19.42376350908454,16521.0,44.292225201072384,38.153225806451616,1.2657064877671536,1.0902767971861076,2.2022233727460807,True,True,483,PV+/PNN+,241.50236976,17.53540325529143,296.31705237,19.42376350908454,0.5264145731925964,False,NONE
275,1266,1651,296.31705237,19.42376350908454,33675.0,90.28150134048258,73.36290322580645,2.5799083575787725,2.0964379674491695,2.296982727396181,True,True,419,PV+/PNN+,230.3805501,17.126868561566074,296.31705237,19.42376350908454,0.5497021675109863,True,C
276,1311,1656,296.31705237,19.42376350908454,15721.0,42.14745308310992,47.0,1.2044169054044807,1.3430845855000286,1.6226208594017173,True,False,-1,PV-/PNN+,0.0,0.0,296.31705237,19.42376350908454,0.40598320960998535,True,C
277,1400,1997,296.31705237,19.42376350908454,58615.0,157.14477211796248,123.29032258064517,4.4906110877351075,3.52317727232746,3.0016888831156767,True,True,487,PV+/PNN+,301.08354651,19.57936356692016,296.31705237,19.42376350908454,2.630779504776001,True,C
278,1598,2296,296.31705237,19.42376350908454,40824.0,109.44772117962466,100.09677419354838,3.1276073879672106,2.860392222928338,3.0432126452657204,True,False,-1,PV-/PNN+,0.0,0.0,296.31705237,19.42376350908454,0.41321590542793274,False,NONE
279,1338,2130,296.31705237,19.42376350908454,74764.0,200.4396782841823,159.66935483870967,5.727817919703618,4.562754239587348,2.5989616258527506,True,True,467,PV+/PNN+,231.96938148,17.185825254205643,296.31705237,19.42376350908454,1.8685505390167236,True,C
280,1607,2227,296.31705237,19.42376350908454,25646.0,68.75603217158177,53.37096774193548,1.964790786591394,1.5251430656896343,2.906264083559326,True,True,542,PV+/PNN+,133.46183592,13.035677474005706,296.31705237,19.42376350908454,2.4284257888793945,False,NONE
281,1258,1907,296.31705237,19.42376350908454,53723.0,144.02949061662198,111.06451612903226,4.115825291587361,3.1738093533813303,1.9718463462020868,True,False,-1,PV-/PNN+,0.0,0.0,296.31705237,19.42376350908454,1.1956731081008911,True,C
282,1499,2055,296.31705237,19.42376350908454,27675.0,74.19571045576407,47.66935483870968,2.120236489858724,1.3622122486085568,2.4357945348400776,True,True,519,PV+/PNN+,199.39833819,15.933670303416712,296.31705237,19.42376350908454,1.540527582168579,True,C
283,1355,1972,296.31705237,19.42376350908454,73793.0,197.83646112600536,154.49193548387098,5.653427689110924,4.414802917711745,2.2860694309336695,True,True,474,PV+/PNN+,146.17248696000001,13.642308849668993,296.31705237,19.42376350908454,1.402992844581604,True,C
284,1304,2197,296.31705237,19.42376350908454,52585.0,140.9785522788204,103.56451612903226,4.028640860676459,2.9594873450568575,2.3937384167650335,True,True,449,PV+/PNN+,118.36793781,12.276430232296539,296.31705237,19.42376350908454,0.786133348941803,True,C
285,1467,2177,296.31705237,19.42376350908454,82995.0,222.50670241286863,181.7741935483871,6.358411110237571,5.1944280297135625,2.2205896521586,True,True,509,PV+/PNN+,222.4363932,16.828987254451757,296.31705237,19.42376350908454,1.1569286584854126,True,C
286,1417,2106,296.31705237,19.42376350908454,46248.0,123.9892761394102,101.29032258064517,3.5431507563861344,2.8944993812423405,2.4762535851401206,True,True,495,PV+/PNN+,244.68003252,17.65039073821171,296.31705237,19.42376350908454,1.6306474208831787,True,C
287,1398,2075,296.31705237,19.42376350908454,35482.0,95.1260053619303,81.78225806451613,2.7183462017404607,2.3370317058263193,3.2550903034159453,True,True,488,PV+/PNN+,224.02522458,16.888983834246268,296.31705237,19.42376350908454,2.1305596828460693,True,C
288,1478,1860,296.31705237,19.42376350908454,11998.0,32.166219839142094,26.096774193548388,0.9191905114841905,0.7457484074602081,2.1596348987460354,True,True,514,PV+/PNN+,224.02522458,16.888983834246268,296.31705237,19.42376350908454,0.29570668935775757,True,C
289,1316,1972,296.31705237,19.42376350908454,66058.0,177.09919571045577,148.30645161290323,5.060834039641828,4.238044874287152,2.0559585823521758,True,True,459,PV+/PNN+,147.76131834,13.716251444643651,296.31705237,19.42376350908454,1.8723242282867432,True,C
290,1291,2294,296.31705237,19.42376350908454,35921.0,96.3029490616622,70.08064516129032,2.7519788600619774,2.0026432820856637,2.3136188500524484,True,True,445,PV+/PNN+,61.17000813,8.825195369105854,296.31705237,19.42376350908454,0.3577825427055359,False,NONE
291,1252,2093,296.31705237,19.42376350908454,56561.0,151.63806970509384,111.62096774193549,4.333250085018944,3.189710663676372,2.2642428380086463,True,False,-1,PV-/PNN+,0.0,0.0,296.31705237,19.42376350908454,1.5888012647628784,True,C
292,1273,2269,296.31705237,19.42376350908454,40351.0,108.17962466487936,87.83064516129032,3.09136992239528,2.509872035120249,2.243081689989874,True,True,434,PV+/PNN+,118.36793781,12.276430232296539,296.31705237,19.42376350908454,1.4382556676864624,True,C
293,1360,1823,296.31705237,19.42376350908454,11690.0,31.34048257372654,40.766129032258064,0.8955940222745612,1.164943819441085,1.1047716333574193,True,False,-1,PV-/PNN+,0.0,0.0,296.31705237,19.42376350908454,0.34044426679611206,True,C
294,1315,1886,296.31705237,19.42376350908454,27815.0,74.57104557640751,59.17741935483871,2.130962166772192,1.6910697818118068,2.3089607357086934,True,True,458,PV+/PNN+,138.22833006,13.266415342325756,296.31705237,19.42376350908454,-0.05526425316929817,True,C
295,1273,2233,296.31705237,19.42376350908454,35541.0,95.28418230563003,79.83064516129032,2.722866308439708,2.281261892907478,2.5545099061152037,True,True,433,PV+/PNN+,112.80702798,11.984588810142046,296.31705237,19.42376350908454,-0.5189718008041382,True,C
296,1447,2248,296.31705237,19.42376350908454,29463.0,78.9892761394102,67.90322580645162,2.2572187064392986,1.9404207635398492,2.527625931902675,True,True,505,PV+/PNN+,170.79937335,14.746813769937054,296.31705237,19.42376350908454,0.38552454113960266,False,NONE
297,1333,2036,296.31705237,19.42376350908454,23497.0,62.9946380697051,63.145161290322584,1.8001516459696636,1.8044530378286245,2.753477933084164,True,True,466,PV+/PNN+,139.81716144,13.342441267550267,296.31705237,19.42376350908454,1.715532898902893,True,C
298,1363,2258,296.31705237,19.42376350908454,28036.0,75.16353887399464,86.7258064516129,2.1478934138998804,2.4782998683025577,1.840620610689448,True,False,-1,PV-/PNN+,0.0,0.0,296.31705237,19.42376350908454,0.0759894847869873,False,NONE
299,1374,1878,296.31705237,19.42376350908454,18472.0,49.52278820375335,36.91129032258065,1.4151764567541227,1.0547869162377541,2.375638315315014,True,True,479,PV+/PNN+,193.04301267,15.67769107892661,296.31705237,19.42376350908454,-0.3633102774620056,True,C
300,1248,1848,296.31705237,19.42376350908454,30226.0,81.0348525469169,69.83064516129032,2.3156736456176983,1.9954992151415145,1.8668391399957256,True,True,416,PV+/PNN+,112.80702798,11.984588810142046,296.31705237,19.42376350908454,-0.14408661425113678,True,C
301,1682,2435,296.31705237,19.42376350908454,56649.0,151.87399463806972,128.7983870967742,4.339991939078839,3.680577198871132,2.686267997552843,True,True,563,PV+/PNN+,114.39585936,12.068692219586765,296.31705237,19.42376350908454,1.147167682647705,False,NONE
302,1494,2419,296.31705237,19.42376350908454,59876.0,160.5254691689008,140.04032258064515,4.587218791934271,4.0018297575854485,3.045741335909473,True,True,517,PV+/PNN+,193.04301267,15.67769107892661,296.31705237,19.42376350908454,2.5753684043884277,False,NONE
303,1331,2649,296.31705237,19.42376350908454,77906.0,208.8632707774799,193.13709677419354,5.968532754433017,5.519137395013758,4.284932840329534,True,True,463,PV+/PNN+,196.22067543,15.806198893222852,296.31705237,19.42376350908454,1.7918514013290405,False,NONE
304,1471,2470,296.31705237,19.42376350908454,70902.0,190.0857908847185,189.66129032258064,5.431942460847814,5.419811819112847,4.282537238667032,True,True,512,PV+/PNN+,208.13691078,16.279070781961433,296.31705237,19.42376350908454,1.2559186220169067,False,NONE
305,1694,2553,296.31705237,19.42376350908454,90557.0,242.78016085790884,229.88709677419354,6.937750887520739,6.569315235803674,2.3299887947462157,True,False,-1,PV-/PNN+,0.0,0.0,296.31705237,19.42376350908454,1.5939522981643677,False,NONE
306,1482,2511,296.31705237,19.42376350908454,68911.0,184.7479892761394,185.25,5.279408012742711,5.293753605614474,2.38136114150877,True,False,-1,PV-/PNN+,0.0,0.0,296.31705237,19.42376350908454,0.9087942838668823,False,NONE
307,1655,2608,296.31705237,19.42376350908454,64707.0,173.47721179624665,157.55645161290323,4.957331257426864,4.502375351220669,2.651531773446556,True,True,558,PV+/PNN+,151.73339679,13.899387074616614,296.31705237,19.42376350908454,0.7973072528839111,False,NONE
308,1613,2415,296.31705237,19.42376350908454,80856.0,216.7721179624665,185.25806451612902,6.194538089395374,5.293984059386866,2.314151205977449,True,False,-1,PV-/PNN+,0.0,0.0,296.31705237,19.42376350908454,0.9302860498428345,False,NONE
309,1643,2697,296.31705237,19.42376350908454,67057.0,179.7774798927614,153.98387096774192,5.137369405617216,4.400284330051054,2.8013899663342148,True,False,-1,PV-/PNN+,0.0,0.0,296.31705237,19.42376350908454,0.8776789307594299,False,NONE
310,1344,2400,296.31705237,19.42376350908454,68973.0,184.9142091152815,134.2258064516129,5.284157955375818,3.835672587690884,2.272361265864905,True,False,-1,PV-/PNN+,0.0,0.0,296.31705237,19.42376350908454,2.067664861679077,False,NONE
311,1574,2584,296.31705237,19.42376350908454,82314.0,220.6809651474531,195.94354838709677,6.306238353251347,5.599335307806141,2.917842824928088,True,True,534,PV+/PNN+,227.99730303,17.038051012682235,296.31705237,19.42376350908454,0.41329705715179443,False,NONE
312,1323,2423,296.31705237,19.42376350908454,55755.0,149.47721179624665,112.66129032258064,4.271500830788551,3.2194392003149277,2.5481216350151965,True,True,461,PV+/PNN+,108.04053384,11.72866062768403,296.31705237,19.42376350908454,1.9318841695785522,False,NONE
313,1260,2396,296.31705237,19.42376350908454,39942.0,107.08310991957104,95.1774193548387,3.060035623412363,2.719815421769275,3.15620519034709,True,True,423,PV+/PNN+,235.94145993,17.332339629300566,296.31705237,19.42376350908454,1.8713445663452148,False,NONE
314,1665,2661,296.31705237,19.42376350908454,84125.0,225.53619302949062,211.18548387096774,6.444982645324847,6.034892937626844,2.6001594266840016,True,True,561,PV+/PNN+,191.45418129,15.61304053102159,296.31705237,19.42376350908454,0.9768537282943726,False,NONE
315,1294,2740,296.31705237,19.42376350908454,77127.0,206.77479892761394,191.9758064516129,5.9088520236073645,5.485952051789324,3.2122356514533994,True,False,-1,PV-/PNN+,0.0,0.0,296.31705237,19.42376350908454,0.4212402105331421,False,NONE
316,1550,2444,296.31705237,19.42376350908454,71169.0,190.80160857908848,158.3709677419355,5.452397858961356,4.525651182232251,2.860614562990527,True,True,531,PV+/PNN+,107.24611815,11.68546099424064,296.31705237,19.42376350908454,1.664250373840332,False,NONE
317,1518,2638,296.31705237,19.42376350908454,49565.0,132.88203753351206,148.18548387096774,3.797272687257368,4.234588067701274,2.2535957195086347,True,False,-1,PV-/PNN+,0.0,0.0,296.31705237,19.42376350908454,0.2787382900714874,False,NONE
318,1218,2803,296.31705237,19.42376350908454,82070.0,220.02680965147454,201.09677419354838,6.2875450306307314,5.74659526836457,3.962192060797943,True,True,401,PV+/PNN+,136.63949868,13.18995121644368,296.31705237,19.42376350908454,1.9365034103393555,False,NONE
319,1366,2432,296.31705237,19.42376350908454,58715.0,157.41286863270778,143.86290322580646,4.498272285530442,4.111064845699213,2.5377406944776855,True,True,477,PV+/PNN+,136.63949868,13.18995121644368,296.31705237,19.42376350908454,1.016645073890686,False,NONE
320,1629,2488,296.31705237,19.42376350908454,65397.0,175.32707774798928,143.25,5.010193522214669,4.093550358997428,3.362759289247309,True,True,548,PV+/PNN+,166.03287921,14.539588286344586,296.31705237,19.42376350908454,1.4503382444381714,False,NONE
321,1255,2686,296.31705237,19.42376350908454,80915.0,216.9302949061662,215.6290322580645,6.199058196094621,6.161872966214784,2.5012743136151467,True,False,-1,PV-/PNN+,0.0,0.0,296.31705237,19.42376350908454,0.06579843163490295,False,NONE
322,1375,2647,296.31705237,19.42376350908454,85678.0,229.69973190348526,228.84677419354838,6.563961047086387,6.539586699165119,2.773308191290435,True,True,482,PV+/PNN+,114.39585936,12.068692219586765,296.31705237,19.42376350908454,1.446547031402588,False,NONE
323,1288,2598,296.31705237,19.42376350908454,60568.0,162.38069705093835,214.5,4.6402342806779835,6.1296094380799175,2.401191399715041,True,False,-1,PV-/PNN+,0.0,0.0,296.31705237,19.42376350908454,1.624829888343811,False,NONE
324,1425,2378,296.31705237,19.42376350908454,73988.0,198.3592493297587,156.91129032258064,5.668367024811825,4.483939049429316,2.607213142690259,True,True,497,PV+/PNN+,141.40599282,13.418036440588484,296.31705237,19.42376350908454,0.973536491394043,False,NONE
325,1704,2375,296.31705237,19.42376350908454,29543.0,79.20375335120643,73.89516129032258,2.2633476646755657,2.111647916427035,2.8237489151842383,True,True,566,PV+/PNN+,104.06845539,11.511041341340722,296.31705237,19.42376350908454,0.4523165822029114,False,NONE
326,1217,2702,296.31705237,19.42376350908454,71782.0,192.44504021447722,167.83064516129033,5.499361001446754,4.795973457247958,2.4896955722463847,True,False,-1,PV-/PNN+,0.0,0.0,296.31705237,19.42376350908454,-0.3523705303668976,False,NONE
327,1260,2456,296.31705237,19.42376350908454,44156.0,118.38069705093834,106.04032258064517,3.382878498507744,3.030236653181173,2.302439375627437,True,True,421,PV+/PNN+,184.30444008,15.318736938146314,296.31705237,19.42376350908454,1.3904701471328735,False,NONE
328,1609,2654,296.31705237,19.42376350908454,45149.0,121.04289544235925,148.73387096774192,3.4589541926154124,4.250258924223923,2.993437366278168,True,True,543,PV+/PNN+,293.9338053,19.345494163821353,296.31705237,19.42376350908454,-0.28835421800613403,False,NONE
329,1428,2453,296.31705237,19.42376350908454,77568.0,207.95710455764075,170.51612903225808,5.942637905884788,4.872714563454462,2.5650239356339646,True,False,-1,PV-/PNN+,0.0,0.0,296.31705237,19.42376350908454,1.2465322017669678,False,NONE
330,1482,2662,296.31705237,19.42376350908454,44502.0,119.3083109919571,97.89516129032258,3.4093862428796,2.7974783430653476,2.042117328302161,True,False,-1,PV-/PNN+,0.0,0.0,296.31705237,19.42376350908454,-0.2569645047187805,False,NONE
331,1371,2575,296.31705237,19.42376350908454,44744.0,119.95710455764075,92.2258064516129,3.4279263415443086,2.6354693410738377,2.1225030729772465,True,False,-1,PV-/PNN+,0.0,0.0,296.31705237,19.42376350908454,0.6526522636413574,False,NONE
332,1365,2515,296.31705237,19.42376350908454,38374.0,102.87935656836461,129.25806451612902,2.939908041981524,3.6937130638974702,2.1697496613210463,True,False,-1,PV-/PNN+,0.0,0.0,296.31705237,19.42376350908454,1.4483389854431152,False,NONE
333,1269,2720,296.31705237,19.42376350908454,70035.0,187.76139410187668,183.0,5.365519875962267,5.229457003117132,2.860614562990527,True,False,-1,PV-/PNN+,0.0,0.0,296.31705237,19.42376350908454,0.5961734056472778,False,NONE
334,1435,2604,296.31705237,19.42376350908454,53439.0,143.2680965147453,149.8790322580645,4.094067489848612,4.282983359903574,2.369915489121258,True,False,-1,PV-/PNN+,0.0,0.0,296.31705237,19.42376350908454,0.159201517701149,False,NONE
335,1653,2792,296.31705237,19.42376350908454,47472.0,127.27077747989276,122.61290322580645,3.636923817401024,3.5038191554465397,1.9850221553458507,True,False,-1,PV-/PNN+,0.0,0.0,296.31705237,19.42376350908454,0.7583450078964233,False,NONE
336,1535,2773,296.31705237,19.42376350908454,82443.0,221.02680965147454,186.08870967741936,6.316121298407327,5.317720797943233,1.7763386327456299,True,False,-1,PV-/PNN+,0.0,0.0,296.31705237,19.42376350908454,0.8552446961402893,False,NONE
337,1541,2572,296.31705237,19.42376350908454,38646.0,103.60857908847186,116.08064516129032,2.960746499984833,3.3171515998090957,2.5080618516589044,True,True,528,PV+/PNN+,262.1571777,18.269890136062752,296.31705237,19.42376350908454,-0.8858759999275208,False,NONE
338,1575,2744,296.31705237,19.42376350908454,64544.0,173.0402144772118,154.74193548387098,4.9448435050204695,4.421946984655894,2.1471245345085226,True,False,-1,PV-/PNN+,0.0,0.0,296.31705237,19.42376350908454,1.021331787109375,False,NONE
339,1216,2609,296.31705237,19.42376350908454,56770.0,152.19839142091152,160.16935483870967,4.349261988411192,4.577042373475646,2.1710805511335476,True,False,-1,PV-/PNN+,0.0,0.0,296.31705237,19.42376350908454,-0.07309430837631226,False,NONE
340,1515,2531,296.31705237,19.42376350908454,56035.0,150.2278820375335,156.18548387096774,4.292952184615487,4.463198209914045,2.2003601270085786,True,False,-1,PV-/PNN+,0.0,0.0,296.31705237,19.42376350908454,-0.2554156482219696,False,NONE
341,1277,2567,296.31705237,19.42376350908454,43935.0,117.78820375335121,88.94354838709677,3.3659472513800557,2.541674655710332,2.0954860097834676,True,True,435,PV+/PNN+,100.09637694,11.289227848029503,296.31705237,19.42376350908454,-0.6806642413139343,False,NONE
342,1401,2739,296.31705237,19.42376350908454,85192.0,228.39678284182307,213.15322580645162,6.526727625801063,6.091123658090469,3.0032859508906786,True,True,489,PV+/PNN+,176.36028318,14.984955344126575,296.31705237,19.42376350908454,-0.217787504196167,False,NONE
343,1560,2500,296.31705237,19.42376350908454,91605.0,245.5898123324397,233.44354838709677,7.018040240415842,6.6709453494285045,2.1520488268147773,True,True,532,PV+/PNN+,101.68520832,11.378472144697502,296.31705237,19.42376350908454,0.2746971547603607,False,NONE
344,1275,2810,296.31705237,19.42376350908454,50724.0,135.98927613941018,140.6209677419355,3.88606596970529,4.018422429197666,1.9753066597145905,True,False,-1,PV-/PNN+,0.0,0.0,296.31705237,19.42376350908454,1.3806495666503906,False,NONE
345,1384,2766,296.31705237,19.42376350908454,69602.0,186.60053619302948,192.26612903225808,5.33234688950847,5.494248387595433,2.1573723860647833,True,False,-1,PV-/PNN+,0.0,0.0,296.31705237,19.42376350908454,-0.4409683048725128,False,NONE
346,1317,2477,296.31705237,19.42376350908454,78802.0,211.26541554959786,168.7258064516129,6.037177086679211,4.821553825983458,1.8206572635019267,True,False,-1,PV-/PNN+,0.0,0.0,296.31705237,19.42376350908454,0.8979735374450684,False,NONE
347,1481,2554,296.31705237,19.42376350908454,48809.0,130.85522788203752,137.03225806451613,3.739354031924641,3.9158705004832677,3.072625310122002,True,True,515,PV+/PNN+,146.96690265,13.679330108642857,296.31705237,19.42376350908454,-0.6369426846504211,False,NONE
348,1358,2677,296.31705237,19.42376350908454,60966.0,163.44772117962466,180.2983870967742,4.670725847903413,5.1522549893658445,2.078051353239699,True,False,-1,PV-/PNN+,0.0,0.0,296.31705237,19.42376350908454,-1.4583083391189575,False,NONE
349,1278,2665,296.31705237,19.42376350908454,46935.0,125.83109919571045,134.58064516129033,3.5957831852400797,3.845812553676129,2.1708143731710474,True,False,-1,PV-/PNN+,0.0,0.0,296.31705237,19.42376350908454,-0.18332043290138245,False,NONE
350,1219,2658,296.31705237,19.42376350908454,41397.0,110.98391420911528,112.66129032258064,3.1715060513344753,3.2194392003149277,2.086302870077208,True,False,-1,PV-/PNN+,0.0,0.0,296.31705237,19.42376350908454,-1.1477688550949097,False,NONE
351,1436,2782,296.31705237,19.42376350908454,65238.0,174.90080428954423,139.3548387096774,4.998012217720087,3.9822411869321366,2.1505848480210257,True,False,-1,PV-/PNN+,0.0,0.0,296.31705237,19.42376350908454,-0.6561338901519775,False,NONE
352,1665,2483,296.31705237,19.42376350908454,29522.0,79.14745308310992,82.88709677419355,2.2617388131385456,2.3686038726440106,1.8681700298082273,True,False,-1,PV-/PNN+,0.0,0.0,296.31705237,19.42376350908454,-0.9133121967315674,False,NONE
353,1390,2823,296.31705237,19.42376350908454,71321.0,191.20911528150134,200.03225806451613,5.464042879610264,5.716175370408838,2.136477416008511,True,False,-1,PV-/PNN+,0.0,0.0,296.31705237,19.42376350908454,0.7283906936645508,False,NONE
354,1845,339,296.31705237,19.42376350908454,51733.0,138.69436997319036,143.00806451612902,3.9633674554602125,4.08663674582567,5.162654671674214,True,False,-1,PV-/PNN+,0.0,0.0,296.31705237,19.42376350908454,3.3272035121917725,False,NONE
355,1862,173,296.31705237,19.42376350908454,48390.0,129.7319034852547,132.2016129032258,3.7072536131621914,3.777828690820516,4.487228091829748,True,True,673,PV+/PNN+,219.25873044,16.708347797572188,296.31705237,19.42376350908454,3.091594696044922,False,NONE
356,1825,567,296.31705237,19.42376350908454,44261.0,118.66219839142092,80.64516129032258,3.390922756192845,2.3045377239190605,4.2547216415857525,True,False,-1,PV-/PNN+,0.0,0.0,296.31705237,19.42376350908454,1.4609678983688354,False,NONE
357,1851,220,296.31705237,19.42376350908454,22458.0,60.20911528150134,50.975806451612904,1.7205518008761418,1.4566982952892382,3.8960468371166233,True,False,-1,PV-/PNN+,0.0,0.0,296.31705237,19.42376350908454,1.0097148418426514,False,NONE
358,1904,395,296.31705237,19.42376350908454,14719.0,39.46112600536193,31.0,1.1276517034952325,0.8858643010744869,4.657848165792429,True,False,-1,PV-/PNN+,0.0,0.0,296.31705237,19.42376350908454,1.8759794235229492,False,NONE
359,1918,551,296.31705237,19.42376350908454,14299.0,38.33512064343164,27.201612903225808,1.095474672754829,0.7773205742778992,3.3716762509910683,True,False,-1,PV-/PNN+,0.0,0.0,296.31705237,19.42376350908454,0.528291642665863,False,NONE
360,1794,497,296.31705237,19.42376350908454,12766.0,34.22520107238606,39.07258064516129,0.9780285105523566,1.1165485272387847,1.4344330399140182,True,True,607,PV+/PNN+,178.74353025,15.085865274483455,296.31705237,19.42376350908454,-0.568709135055542,False,NONE
361,1858,2604,296.31705237,19.42376350908454,68752.0,184.32171581769438,160.74193548387098,5.26722670824813,4.593404591315472,2.2879326766711716,True,False,-1,PV-/PNN+,0.0,0.0,296.31705237,19.42376350908454,2.3260498046875,False,NONE
362,1819,2651,296.31705237,19.42376350908454,53802.0,144.24128686327077,132.91129032258064,4.121877637845675,3.7981086227910037,2.3748397814275135,True,False,-1,PV-/PNN+,0.0,0.0,296.31705237,19.42376350908454,1.7448540925979614,False,NONE
363,1825,2748,296.31705237,19.42376350908454,83371.0,223.51474530831098,188.69354838709677,6.387217213948028,5.392157366425818,2.4449776745463376,True,False,-1,PV-/PNN+,0.0,0.0,296.31705237,19.42376350908454,1.4116079807281494,False,NONE
364,1924,2760,296.31705237,19.42376350908454,38553.0,103.35924932975871,94.76612903225806,2.953621586035172,2.708062279377288,2.1565738521772824,True,False,-1,PV-/PNN+,0.0,0.0,296.31705237,19.42376350908454,2.2911787033081055,False,NONE
365,1839,2674,296.31705237,19.42376350908454,34263.0,91.85790884718499,95.98387096774194,2.6249562006153373,2.742860799008466,1.8374264751394447,True,False,-1,PV-/PNN+,0.0,0.0,296.31705237,19.42376350908454,-0.5914895534515381,False,NONE
366,1830,2712,296.31705237,19.42376350908454,25551.0,68.50134048257372,82.4274193548387,1.9575126486858268,2.355468007617672,1.7250993749643255,True,False,-1,PV-/PNN+,0.0,0.0,296.31705237,19.42376350908454,-0.05950513854622841,False,NONE
367,1790,814,296.31705237,19.42376350908454,34581.0,92.71045576407506,102.94354838709677,2.6493188096045,2.9417424045826808,3.655022692072618,True,True,603,PV+/PNN+,283.60640133,19.002602066911443,296.31705237,19.42376350908454,2.942950963973999,False,NONE
368,1181,2331,296.31705237,19.42376350908454,35501.0,95.17694369973191,74.23387096774194,2.719801829321574,2.1213269748674954,2.2014248388585798,True,True,381,PV+/PNN+,160.47196938,14.29402872657482,296.31705237,19.42376350908454,1.3130003213882446,True,C
369,1061,1196,296.31705237,19.42376350908454,57627.0,154.4959785522788,119.51612903225806,4.414918453517206,3.415324906848048,1.8126719246269183,True,True,308,PV+/PNN+,169.21054197,14.678063680958498,296.31705237,19.42376350908454,2.1326234340667725,True,B
370,731,2310,296.31705237,19.42376350908454,23712.0,63.571045576407506,45.04838709677419,1.8166232212296318,1.2873147725811873,2.2277764571461076,True,True,89,PV+/PNN+,117.57352212,12.235164803834005,296.31705237,19.42376350908454,1.5552566051483154,False,NONE
371,610,779,296.31705237,19.42376350908454,28375.0,76.07238605898124,68.76612903225806,2.173864874426063,1.965079317185783,2.3683184213462565,True,False,-1,PV-/PNN+,0.0,0.0,296.31705237,19.42376350908454,1.1768301725387573,True,B
372,636,155,296.31705237,19.42376350908454,45014.0,120.68096514745308,117.15322580645162,3.448611575591711,3.3478019515372193,3.339335628547284,True,False,-1,PV-/PNN+,0.0,0.0,296.31705237,19.42376350908454,2.0263638496398926,False,NONE
373,1193,1663,296.31705237,19.42376350908454,38951.0,104.42627345844504,101.70967741935483,2.984113153260602,2.906482977406719,2.3255968583649613,True,False,-1,PV-/PNN+,0.0,0.0,296.31705237,19.42376350908454,1.5993911027908325,True,C
374,1242,1188,296.31705237,19.42376350908454,69803.0,187.13941018766755,149.6209677419355,5.3477458970770915,4.275608839187034,1.6469761429704928,True,True,413,PV+/PNN+,233.55821286,17.244580383732874,296.31705237,19.42376350908454,1.2223347425460815,False,NONE
375,519,1786,296.31705237,19.42376350908454,21788.0,58.41286863270778,49.935483870967744,1.669221775647403,1.4269697586506824,2.077518997314699,True,True,34,PV+/PNN+,185.09885577,15.351715957885435,296.31705237,19.42376350908454,1.2880388498306274,False,NONE
376,617,1718,296.31705237,19.42376350908454,29094.0,78.0,63.274193548387096,2.2289488865745155,1.808140298186895,2.1008095690334736,True,True,55,PV+/PNN+,120.75118488,12.39940255265723,296.31705237,19.42376350908454,1.3473738431930542,True,C
377,1354,1766,296.31705237,19.42376350908454,23072.0,61.85522788203753,54.88709677419355,1.7675915553394934,1.5684683748993127,1.8722957882269815,True,True,472,PV+/PNN+,204.16483233,16.12298787963261,296.31705237,19.42376350908454,0.8873336315155029,True,C
378,590,1249,296.31705237,19.42376350908454,63543.0,170.35656836461126,125.54838709677419,4.868154915089175,3.5877043285971935,3.2343284223409223,True,True,47,PV+/PNN+,100.89079263,11.333937836259334,296.31705237,19.42376350908454,2.0305025577545166,True,B
379,907,2340,296.31705237,19.42376350908454,25560.0,68.5254691689008,58.233870967741936,1.9582021564874066,1.6641066904419537,2.555308440002704,True,True,197,PV+/PNN+,188.27651853,15.482929591568213,296.31705237,19.42376350908454,1.2593518495559692,True,C
380,1175,1190,296.31705237,19.42376350908454,37970.0,101.79624664879357,69.73387096774194,2.908956802888374,1.9927337698728118,1.5228041234641116,True,True,377,PV+/PNN+,192.24859698,15.645399198959066,296.31705237,19.42376350908454,2.222975730895996,False,NONE
381,1469,2324,296.31705237,19.42376350908454,60667.0,162.64611260053618,117.19354838709677,4.647818866495364,3.348954220399179,3.015130870221941,True,True,513,PV+/PNN+,88.97455728,10.643586087602236,296.31705237,19.42376350908454,2.208568572998047,False,NONE
382,612,1782,296.31705237,19.42376350908454,26776.0,71.78552278820375,48.983870967741936,2.05136232167867,1.3997762135084375,1.9831589096083486,True,True,52,PV+/PNN+,150.9389811,13.862953494062992,296.31705237,19.42376350908454,1.0014139413833618,True,C
383,601,1331,296.31705237,19.42376350908454,69892.0,187.37801608579088,139.6290322580645,5.354564363114939,3.9900766151934617,2.2973819943399314,True,False,-1,PV-/PNN+,0.0,0.0,296.31705237,19.42376350908454,2.0732874870300293,True,B
384,533,1193,296.31705237,19.42376350908454,47932.0,128.5040214477212,119.00806451612904,3.6721653272595614,3.400806319187358,1.8214557973894274,True,False,-1,PV-/PNN+,0.0,0.0,296.31705237,19.42376350908454,1.4961353540420532,True,B
385,1153,136,296.31705237,19.42376350908454,69737.0,186.96246648793564,155.90322580645162,5.342689506532171,4.455132327880328,2.101608102920974,True,False,-1,PV-/PNN+,0.0,0.0,296.31705237,19.42376350908454,2.0937516689300537,False,NONE
386,1155,1060,296.31705237,19.42376350908454,36781.0,98.60857908847186,68.15322580645162,2.8178651611018513,1.9475648304839983,1.673460850239271,True,True,366,PV+/PNN+,189.86534991,15.548121162390997,296.31705237,19.42376350908454,1.0983721017837524,True,B
387,1762,2569,296.31705237,19.42376350908454,76723.0,205.69168900804289,168.20967741935485,5.877900784514214,4.806804784550377,2.493954419646389,True,False,-1,PV-/PNN+,0.0,0.0,296.31705237,19.42376350908454,1.9534369707107544,False,NONE
388,1178,1399,296.31705237,19.42376350908454,71588.0,191.92493297587131,182.49193548387098,5.484498277723806,5.214938415456443,2.161631233464788,True,True,379,PV+/PNN+,112.01261229,11.942314996545516,296.31705237,19.42376350908454,1.1894197463989258,True,C
389,636,1002,296.31705237,19.42376350908454,30957.0,82.99463806970509,65.91129032258064,2.3716770015015904,1.8834986817590482,2.3021731976649367,True,True,61,PV+/PNN+,200.19275388,15.965379131403353,296.31705237,19.42376350908454,1.8304128646850586,True,B
390,573,1786,296.31705237,19.42376350908454,19214.0,51.51206434316354,44.443548387096776,1.4720225443955022,1.2700307396517945,2.218726406421098,True,True,42,PV+/PNN+,215.28665199,16.556312354123577,296.31705237,19.42376350908454,0.44112053513526917,False,NONE
391,1175,1356,296.31705237,19.42376350908454,39786.0,106.66487935656836,86.0,3.048084154851642,2.457559028787286,2.4966161992713922,True,True,372,PV+/PNN+,313.79419755,19.988376152881898,296.31705237,19.42376350908454,1.7702062129974365,True,C
392,977,1184,296.31705237,19.42376350908454,30747.0,82.43163538873995,62.75,2.355588486131389,1.793160802981421,1.673327761258021,True,True,242,PV+/PNN+,118.36793781,12.276430232296539,296.31705237,19.42376350908454,0.5673748254776001,True,B
393,611,1504,296.31705237,19.42376350908454,66517.0,178.32975871313673,153.16935483870967,5.0959989375224115,4.377008499039472,1.9923420493146085,True,False,-1,PV-/PNN+,0.0,0.0,296.31705237,19.42376350908454,0.7806788682937622,True,C
394,816,1157,296.31705237,19.42376350908454,47315.0,126.84986595174263,109.1774193548387,3.62489573686235,3.119883170641624,2.713684327690372,True,False,-1,PV-/PNN+,0.0,0.0,296.31705237,19.42376350908454,1.016318440437317,True,B
395,1206,1995,296.31705237,19.42376350908454,67844.0,181.88739946380696,145.2258064516129,5.197663032266496,4.150011533233444,2.3279924600274637,True,True,395,PV+/PNN+,95.32988280000001,11.017158280424605,296.31705237,19.42376350908454,1.8463889360427856,True,C
396,595,38,296.31705237,19.42376350908454,24646.0,66.07506702412869,63.13709677419355,1.8881788086380529,1.8042225840562327,2.215532270871095,True,False,-1,PV-/PNN+,0.0,0.0,296.31705237,19.42376350908454,0.26812922954559326,False,NONE
397,1187,2034,296.31705237,19.42376350908454,33360.0,89.43699731903486,84.6774193548387,2.55577558452347,2.4197646101150134,2.8926890074718115,True,True,384,PV+/PNN+,91.35780435,10.78519212710641,296.31705237,19.42376350908454,0.5471402406692505,True,C
398,1770,2779,296.31705237,19.42376350908454,81333.0,218.0509383378016,199.90322580645162,6.231082002879118,5.712488110050567,2.3550095232212422,True,False,-1,PV-/PNN+,0.0,0.0,296.31705237,19.42376350908454,1.6806451082229614,False,NONE
399,602,1069,296.31705237,19.42376350908454,38216.0,102.45576407506702,97.29032258064517,2.927803349464896,2.780194310135955,1.891726779489502,True,False,-1,PV-/PNN+,0.0,0.0,296.31705237,19.42376350908454,1.1300753355026245,True,B
400,555,1173,296.31705237,19.42376350908454,34435.0,92.31903485254692,92.12903225806451,2.6381334608233122,2.6327038958051348,1.6711983375580186,True,False,-1,PV-/PNN+,0.0,0.0,296.31705237,19.42376350908454,0.42318445444107056,True,B
401,1774,2689,296.31705237,19.42376350908454,72130.0,193.37801608579088,163.33064516129033,5.526021969774517,4.667380252253274,2.386551611777526,True,False,-1,PV-/PNN+,0.0,0.0,296.31705237,19.42376350908454,1.2006676197052002,False,NONE
402,1194,2755,296.31705237,19.42376350908454,77943.0,208.96246648793564,177.2983870967742,5.97136739761729,5.0665261860360555,2.325863036327461,True,False,-1,PV-/PNN+,0.0,0.0,296.31705237,19.42376350908454,0.8317978382110596,False,NONE
403,584,519,296.31705237,19.42376350908454,27663.0,74.16353887399464,69.43548387096774,2.119317146123284,1.9842069802943112,3.1442271820345775,True,False,-1,PV-/PNN+,0.0,0.0,296.31705237,19.42376350908454,0.8393256068229675,True,A
404,413,1158,296.31705237,19.42376350908454,21970.0,58.90080428954423,39.685483870967744,1.683165155634911,1.1340630139405699,2.10746401809598,True,True,16,PV+/PNN+,58.78676106,8.651568001725998,296.31705237,19.42376350908454,0.04426845535635948,False,NONE
405,1167,63,296.31705237,19.42376350908454,32069.0,85.97587131367293,68.83064516129032,2.4568695209857063,1.9669229473649181,2.3542109893337417,True,True,371,PV+/PNN+,165.23846352,14.504762875171128,296.31705237,19.42376350908454,0.7884095907211304,False,NONE
406,1210,1820,296.31705237,19.42376350908454,37190.0,99.70509383378015,76.01612903225806,2.8491994600847677,2.1722572585661064,1.8412860555956985,True,True,398,PV+/PNN+,142.20040851,13.455674765407588,296.31705237,19.42376350908454,0.8243957161903381,True,C
407,590,697,296.31705237,19.42376350908454,25756.0,69.05093833780161,53.854838709677416,1.9732181041662618,1.5389702920331485,2.3458263835149826,True,True,48,PV+/PNN+,104.86287108,11.554893086200376,296.31705237,19.42376350908454,0.18827001750469208,True,B
408,611,1621,296.31705237,19.42376350908454,26232.0,70.32707774798928,58.46774193548387,2.0096854056720526,1.670789849841319,2.7441617043966544,True,True,51,PV+/PNN+,124.72326333,12.60169000650996,296.31705237,19.42376350908454,0.6867393255233765,True,C
409,1199,752,296.31705237,19.42376350908454,9567.0,25.648793565683647,22.379032258064516,0.7329467930796174,0.6395092183875394,2.013636286314631,True,True,388,PV+/PNN+,228.79171872,17.067708217046253,296.31705237,19.42376350908454,-0.6813966035842896,False,NONE
410,610,1224,296.31705237,19.42376350908454,49256.0,132.05361930294907,91.37903225806451,3.7735995860697855,2.6112716949726873,2.5789982786652295,True,False,-1,PV-/PNN+,0.0,0.0,296.31705237,19.42376350908454,1.1632708311080933,True,B
411,846,604,296.31705237,19.42376350908454,21809.0,58.46916890080429,51.346774193548384,1.6708306271844233,1.4672991688192658,2.170415106227297,True,True,153,PV+/PNN+,181.92119301,15.21937110940298,296.31705237,19.42376350908454,0.16055412590503693,True,A
412,1773,2378,296.31705237,19.42376350908454,37151.0,99.60053619302948,79.75,2.846211592944587,2.278957355183559,2.0727277939896935,True,True,588,PV+/PNN+,214.4922363,16.525737420636904,296.31705237,19.42376350908454,0.3339780569076538,False,NONE
413,1160,2051,296.31705237,19.42376350908454,34636.0,92.85790884718499,68.98387096774194,2.6535324683919335,1.9713015690403646,2.187450495827315,True,False,-1,PV-/PNN+,0.0,0.0,296.31705237,19.42376350908454,-0.022339630872011185,True,C
414,619,301,296.31705237,19.42376350908454,25117.0,67.33780160857908,68.1774193548387,1.9242630502540765,1.9482561918011738,2.216596982721096,True,False,-1,PV-/PNN+,0.0,0.0,296.31705237,19.42376350908454,-0.03663581982254982,True,A
415,676,1189,296.31705237,19.42376350908454,81887.0,219.53619302949062,202.90322580645162,6.2735250386652694,5.798216913380356,2.62704340089653,True,False,-1,PV-/PNN+,0.0,0.0,296.31705237,19.42376350908454,1.1791189908981323,True,B
416,1162,2681,296.31705237,19.42376350908454,83991.0,225.1769436997319,208.94354838709677,6.4347166402791,5.970826788901894,2.162695945314789,True,False,-1,PV-/PNN+,0.0,0.0,296.31705237,19.42376350908454,1.3970282077789307,False,NONE
417,1151,1772,296.31705237,19.42376350908454,23854.0,63.951742627345844,61.693548387096776,1.8275021220990064,1.7629713587980815,2.2501354059961316,True,False,-1,PV-/PNN+,0.0,0.0,296.31705237,19.42376350908454,0.638166069984436,True,C
418,1194,66,296.31705237,19.42376350908454,31633.0,84.80697050938338,81.2741935483871,2.423466698598049,2.3225131181656296,1.9123555715832738,True,False,-1,PV-/PNN+,0.0,0.0,296.31705237,19.42376350908454,0.4682089686393738,False,NONE
419,1176,850,296.31705237,19.42376350908454,14219.0,38.120643431635386,29.717741935483872,1.0893457145185617,0.8492221512641739,1.317314736413894,True,True,376,PV+/PNN+,150.9389811,13.862953494062992,296.31705237,19.42376350908454,0.0724429041147232,False,NONE
420,620,1564,296.31705237,19.42376350908454,24851.0,66.62466487935657,63.33064516129032,1.9038842641184879,1.8097534745936383,2.0289415191583973,True,False,-1,PV-/PNN+,0.0,0.0,296.31705237,19.42376350908454,-0.1591147631406784,True,C
421,1174,2800,296.31705237,19.42376350908454,50799.0,136.19034852546918,97.3225806451613,3.8918118680517915,2.7811161252255223,2.115316267989739,True,False,-1,PV-/PNN+,0.0,0.0,296.31705237,19.42376350908454,1.4785305261611938,False,NONE
422,1755,2638,296.31705237,19.42376350908454,41104.0,110.19839142091153,111.04032258064517,3.1490587417941462,3.173117992064155,2.571146028771471,True,False,-1,PV-/PNN+,0.0,0.0,296.31705237,19.42376350908454,0.2656097114086151,False,NONE
423,1183,2516,296.31705237,19.42376350908454,45702.0,122.5254691689008,134.28225806451613,3.5013206164236097,3.837285764097628,2.018693667602136,True,False,-1,PV-/PNN+,0.0,0.0,296.31705237,19.42376350908454,2.2480742931365967,False,NONE
424,1198,181,296.31705237,19.42376350908454,58236.0,156.12868632707776,155.55645161290323,4.461575148090792,4.445222815667476,2.027743718327146,True,False,-1,PV-/PNN+,0.0,0.0,296.31705237,19.42376350908454,0.05035872384905815,False,NONE
425,1184,158,296.31705237,19.42376350908454,46257.0,124.01340482573727,136.67741935483872,3.5438402641877143,3.905730534498024,2.3769692051275153,True,False,-1,PV-/PNN+,0.0,0.0,296.31705237,19.42376350908454,-1.006900429725647,False,NONE
426,619,1283,296.31705237,19.42376350908454,34229.0,91.76675603217159,80.1774193548387,2.622351393364924,2.29117140512033,1.833966161626941,True,False,-1,PV-/PNN+,0.0,0.0,296.31705237,19.42376350908454,-1.5285263061523438,True,B
427,1749,1138,296.31705237,19.42376350908454,94585.0,253.57908847184987,250.7258064516129,7.246343934716799,7.16480778366436,0.4525025362504789,True,False,-1,PV-/PNN+,0.0,0.0,296.31705237,19.42376350908454,1.5397721529006958,False,NONE
428,710,1755,296.31705237,19.42376350908454,29364.0,78.72386058981233,70.91129032258064,2.2496341206219177,2.02638002064203,2.450434322777593,True,True,80,PV+/PNN+,159.67755369,14.258603569939101,296.31705237,19.42376350908454,0.8619652986526489,True,C
429,623,1397,296.31705237,19.42376350908454,90797.0,243.42359249329758,227.48387096774192,6.956137762229541,6.500640011630886,2.303504087477438,True,False,-1,PV-/PNN+,0.0,0.0,296.31705237,19.42376350908454,0.6870073080062866,True,C
430,1198,2615,296.31705237,19.42376350908454,59637.0,159.8847184986595,154.49193548387098,4.568908529203423,4.414802917711745,2.087367581927209,True,False,-1,PV-/PNN+,0.0,0.0,296.31705237,19.42376350908454,0.4408954381942749,False,NONE
431,1180,242,296.31705237,19.42376350908454,34588.0,92.72922252010724,118.78225806451613,2.6498550934501734,3.3943536135603845,1.914351906302026,True,False,-1,PV-/PNN+,0.0,0.0,296.31705237,19.42376350908454,-0.2234131097793579,False,NONE
432,1153,748,296.31705237,19.42376350908454,16590.0,44.47721179624665,31.137096774193548,1.2709927142459343,0.8897820152051493,1.140439480332457,True,True,362,PV+/PNN+,139.02274575,13.304482609502795,296.31705237,19.42376350908454,0.4030722379684448,False,NONE
433,487,1788,296.31705237,19.42376350908454,14060.0,37.69436997319035,31.887096774193548,1.0771644100239803,0.9112142160375966,2.670962764709077,True,True,27,PV+/PNN+,203.37041664,16.091589626115688,296.31705237,19.42376350908454,-0.1467161327600479,False,NONE
434,1225,2345,296.31705237,19.42376350908454,28401.0,76.14209115281501,68.96774193548387,2.17585678585285,1.9708406614955807,1.9456278168958092,True,False,-1,PV-/PNN+,0.0,0.0,296.31705237,19.42376350908454,-0.11543838679790497,False,NONE
435,597,1469,296.31705237,19.42376350908454,30310.0,81.26005361930295,69.7258064516129,2.3221090517657785,1.9925033161004198,2.8402519488592555,True,True,49,PV+/PNN+,123.13443195,12.521167201073585,296.31705237,19.42376350908454,-0.5477218627929688,True,C
436,611,366,296.31705237,19.42376350908454,32225.0,86.3941018766756,83.89516129032258,2.4688209895464275,2.3974105941929986,2.869797702696787,True,False,-1,PV-/PNN+,0.0,0.0,296.31705237,19.42376350908454,0.6521377563476562,True,A
437,846,1747,296.31705237,19.42376350908454,25343.0,67.94369973190348,73.13709677419355,1.9415773572715316,2.0899852618221963,1.5092290473765972,True,False,-1,PV-/PNN+,0.0,0.0,296.31705237,19.42376350908454,0.20797792077064514,True,C
438,1211,2054,296.31705237,19.42376350908454,29970.0,80.3485254691689,71.06451612903226,2.2960609792616427,2.030758642317476,2.2360279739836164,True,False,-1,PV-/PNN+,0.0,0.0,296.31705237,19.42376350908454,0.818333625793457,True,C
439,1155,178,296.31705237,19.42376350908454,50790.0,136.1662198391421,128.08870967741936,3.8911223602502107,3.660297266900644,2.75015070855291,True,False,-1,PV-/PNN+,0.0,0.0,296.31705237,19.42376350908454,-0.9488397836685181,False,NONE
440,1756,548,296.31705237,19.42376350908454,16079.0,43.107238605898125,50.29838709677419,1.2318439935117769,1.4373401784083182,1.9452285499520587,True,True,577,PV+/PNN+,142.20040851,13.455674765407588,296.31705237,19.42376350908454,-0.6607215404510498,False,NONE
441,1250,2319,296.31705237,19.42376350908454,24998.0,67.01876675603218,61.0,1.9151462248776292,1.7431523343723774,2.1605665216147867,True,False,-1,PV-/PNN+,0.0,0.0,296.31705237,19.42376350908454,-1.0925579071044922,False,NONE
442,624,2188,296.31705237,19.42376350908454,10383.0,27.83646112600536,31.048387096774192,0.795462167089544,0.8872470237088383,1.1042392774324186,True,False,-1,PV-/PNN+,0.0,0.0,296.31705237,19.42376350908454,-0.9142114520072937,False,NONE
443,739,621,296.31705237,19.42376350908454,11700.0,31.367292225201073,36.41129032258065,0.8963601420540948,1.040498782349456,1.7321530909705831,True,False,-1,PV-/PNN+,0.0,0.0,296.31705237,19.42376350908454,-1.129625678062439,False,NONE
444,1397,2329,296.31705237,19.42376350908454,25388.0,68.06434316353888,83.62096774193549,1.9450248962794323,2.389575165931674,2.2456103806336265,True,False,-1,PV-/PNN+,0.0,0.0,296.31705237,19.42376350908454,0.24159228801727295,False,NONE
445,1268,2345,296.31705237,19.42376350908454,31609.0,84.74262734584451,74.40322580645162,2.4216280111271695,2.1261665040877253,2.4930227967776384,True,False,-1,PV-/PNN+,0.0,0.0,296.31705237,19.42376350908454,0.20001383125782013,False,NONE
446,623,1744,296.31705237,19.42376350908454,10465.0,28.056300268096514,29.370967741935484,0.801744349281718,0.8393126390513219,1.601459711382945,True,False,-1,PV-/PNN+,0.0,0.0,296.31705237,19.42376350908454,-0.9082010984420776,True,C
447,622,449,296.31705237,19.42376350908454,20808.0,55.78552278820376,53.28225806451613,1.5941420372531285,1.5226080741933234,1.5814963641954236,True,False,-1,PV-/PNN+,0.0,0.0,296.31705237,19.42376350908454,-1.098612666130066,True,A
448,1293,1775,296.31705237,19.42376350908454,14491.0,38.84986595174263,34.75806451612903,1.1101841725218706,0.9932557590091151,1.3457957784014243,True,False,-1,PV-/PNN+,0.0,0.0,296.31705237,19.42376350908454,-0.9176661968231201,True,C
449,1767,670,296.31705237,19.42376350908454,21052.0,56.43967828418231,63.854838709677416,1.6128353598737437,1.8247329697991121,1.7627635566581157,True,False,-1,PV-/PNN+,0.0,0.0,296.31705237,19.42376350908454,-0.47915565967559814,False,NONE
450,1758,2844,296.31705237,19.42376350908454,60123.0,161.18766756032173,160.58064516129033,4.606141950488747,4.588795515867634,3.0533274078407313,True,False,-1,PV-/PNN+,0.0,0.0,296.31705237,19.42376350908454,1.3274004459381104,False,NONE
451,1109,2352,296.31705237,19.42376350908454,28700.0,76.94369973190348,69.34677419354838,2.198763767260899,1.981671988798,2.079914598977201,True,True,340,PV+/PNN+,81.03040038,10.15731805594071,296.31705237,19.42376350908454,-0.34852951765060425,True,C
452,1775,2351,296.31705237,19.42376350908454,13208.0,35.41018766756032,43.92741935483871,1.0118910048077336,1.2552816982187125,1.213239153076284,True,False,-1,PV-/PNN+,0.0,0.0,296.31705237,19.42376350908454,-1.0429073572158813,False,NONE
453,1727,259,296.31705237,19.42376350908454,20960.0,56.193029490616624,61.193548387096776,1.6057870579020364,1.7486832249097832,1.9930074942208593,True,True,571,PV+/PNN+,253.41860511000002,17.962811288817694,296.31705237,19.42376350908454,-1.6592649221420288,False,NONE
454,760,1744,296.31705237,19.42376350908454,37084.0,99.42091152815013,82.95161290322581,2.8410785904217133,2.3704475028231458,1.7258979088518263,True,False,-1,PV-/PNN+,0.0,0.0,296.31705237,19.42376350908454,0.31894561648368835,True,C
455,1192,2670,296.31705237,19.42376350908454,48763.0,130.7319034852547,145.16129032258064,3.735829880938788,4.148167903054309,1.844480191145702,True,False,-1,PV-/PNN+,0.0,0.0,296.31705237,19.42376350908454,-0.5447309613227844,False,NONE
456,831,1198,296.31705237,19.42376350908454,24808.0,66.50938337801608,63.75806451612903,1.900589949066494,1.8219675245304094,1.9568072913208208,True,False,-1,PV-/PNN+,0.0,0.0,296.31705237,19.42376350908454,-0.8823010325431824,True,B
457,398,1208,296.31705237,19.42376350908454,15691.0,42.06702412868633,37.443548387096776,1.2021185460658803,1.06999686521562,1.7893813529081437,True,False,-1,PV-/PNN+,0.0,0.0,296.31705237,19.42376350908454,-0.15867571532726288,False,NONE
458,1198,2143,296.31705237,19.42376350908454,25197.0,67.55227882037534,68.75,1.9303920084903439,1.964618409640999,2.4356614458588277,True,False,-1,PV-/PNN+,0.0,0.0,296.31705237,19.42376350908454,-0.9637936949729919,True,C
459,605,1437,296.31705237,19.42376350908454,30261.0,81.12868632707774,73.44354838709677,2.318355064846065,2.0987425051730884,1.6303400203142255,True,False,-1,PV-/PNN+,0.0,0.0,296.31705237,19.42376350908454,-0.3360831141471863,True,C
460,641,576,296.31705237,19.42376350908454,24309.0,65.171581769437,55.104838709677416,1.8623605720677767,1.574690626753894,2.7521470432716626,True,False,-1,PV-/PNN+,0.0,0.0,296.31705237,19.42376350908454,-0.332846462726593,True,A
461,1022,2349,296.31705237,19.42376350908454,19483.0,52.23324396782842,62.024193548387096,1.4926311664649512,1.7724199634661495,1.8314374709831882,True,False,-1,PV-/PNN+,0.0,0.0,296.31705237,19.42376350908454,-0.8049879670143127,True,C
462,1167,2346,296.31705237,19.42376350908454,15423.0,41.3485254691689,42.733870967741936,1.1815865359743847,1.2211745399047103,1.6111752070142051,True,False,-1,PV-/PNN+,0.0,0.0,296.31705237,19.42376350908454,-0.4183526039123535,True,C
463,1198,2729,296.31705237,19.42376350908454,40843.0,109.49865951742628,101.34677419354838,3.129063015548324,2.8961125576490834,2.0928242301584645,True,False,-1,PV-/PNN+,0.0,0.0,296.31705237,19.42376350908454,-0.47288990020751953,False,NONE
464,1199,1634,296.31705237,19.42376350908454,18415.0,49.369973190348524,49.62903225806452,1.4108095740107824,1.41821251529979,1.417397650314,True,False,-1,PV-/PNN+,0.0,0.0,296.31705237,19.42376350908454,-0.6665897369384766,True,C
465,623,1473,296.31705237,19.42376350908454,36161.0,96.94638069705094,96.68548387096774,2.7703657347707793,2.762910277206562,1.703805137964303,True,False,-1,PV-/PNN+,0.0,0.0,296.31705237,19.42376350908454,-0.24546951055526733,True,C
466,1156,2762,296.31705237,19.42376350908454,26632.0,71.39946380697052,87.8225806451613,2.040330196853389,2.509641581347857,1.773410675158127,True,False,-1,PV-/PNN+,0.0,0.0,296.31705237,19.42376350908454,-0.09945306181907654,False,NONE
467,1200,2804,296.31705237,19.42376350908454,40958.0,109.80697050938338,117.89516129032258,3.137873393012958,3.3690036985972744,1.8402213437456976,True,False,-1,PV-/PNN+,0.0,0.0,296.31705237,19.42376350908454,1.6695486307144165,False,NONE
468,1607,2320,296.31705237,19.42376350908454,25133.0,67.38069705093834,65.58064516129032,1.92548884190133,1.87405007709098,1.9838243545145995,True,False,-1,PV-/PNN+,0.0,0.0,296.31705237,19.42376350908454,0.26166021823883057,False,NONE
469,1744,2599,296.31705237,19.42376350908454,28103.0,75.343163538874,72.00806451612904,2.153026416422754,2.0577217336873295,1.874824478870734,True,False,-1,PV-/PNN+,0.0,0.0,296.31705237,19.42376350908454,-1.17902410030365,False,NONE
470,1307,2324,296.31705237,19.42376350908454,26155.0,70.12064343163539,69.96774193548387,2.003786283369645,1.999416929272177,2.010175972802127,True,False,-1,PV-/PNN+,0.0,0.0,296.31705237,19.42376350908454,-1.0659159421920776,False,NONE
471,1014,1743,296.31705237,19.42376350908454,17667.0,47.36461126005362,45.07258064516129,1.3535038145016831,1.2880061338983628,1.9021077200270131,True,True,279,PV+/PNN+,244.68003252,17.65039073821171,296.31705237,19.42376350908454,-1.1137657165527344,True,C
472,616,405,296.31705237,19.42376350908454,19368.0,51.924932975871315,50.75806451612903,1.4838207890003168,1.4504760434346569,1.5266637039203657,True,False,-1,PV-/PNN+,0.0,0.0,296.31705237,19.42376350908454,-0.617038369178772,True,A
473,848,1167,296.31705237,19.42376350908454,41519.0,111.31099195710456,99.12903225806451,3.180852712644783,2.8327377702413092,1.9506851981833144,True,False,-1,PV-/PNN+,0.0,0.0,296.31705237,19.42376350908454,-0.531548798084259,True,B
474,855,2350,296.31705237,19.42376350908454,12103.0,32.447721179624665,33.564516129032256,0.9272347691692913,0.959148600695113,1.83303453875819,True,False,-1,PV-/PNN+,0.0,0.0,296.31705237,19.42376350908454,-0.29055699706077576,True,C
475,185,449,65.14208658,9.10722134683339,749.0,9.134146341463415,0.0,0.0,0.0,0.11018144611154954,False,True,1,PV+/PNN-,65.14208658,9.10722134683339,0.0,0.0,0.0,False,NONE
476,282,1047,92.15222004,10.83198276817611,2212.0,19.06896551724138,0.0,0.0,0.0,0.7656023958730623,False,True,2,PV+/PNN-,92.15222004,10.83198276817611,0.0,0.0,0.0,False,NONE
477,286,377,112.01261229,11.942314996545514,15071.0,106.88652482269504,0.0,0.0,0.0,3.535861803073024,False,True,3,PV+/PNN-,112.01261229,11.942314996545514,0.0,0.0,0.0,False,NONE
478,303,538,139.81716144,13.342441267550265,4375.0,24.857954545454547,0.0,0.0,0.0,4.085608649098251,False,True,5,PV+/PNN-,139.81716144,13.342441267550265,0.0,0.0,0.0,False,NONE
479,308,1117,98.50754556,11.199272407696524,1596.0,12.870967741935484,0.0,0.0,0.0,0.6397437066941246,False,True,7,PV+/PNN-,98.50754556,11.199272407696524,0.0,0.0,0.0,False,NONE
480,322,330,166.03287921,14.539588286344586,7975.0,38.1578947368421,0.0,0.0,0.0,2.335320632258213,False,True,8,PV+/PNN-,166.03287921,14.539588286344586,0.0,0.0,0.0,True,A
481,346,765,96.91871418,11.108588547554572,3023.0,24.778688524590162,0.0,0.0,0.0,4.567488383776606,False,True,10,PV+/PNN-,96.91871418,11.108588547554572,0.0,0.0,0.0,True,B
482,345,307,85.00247883,10.403293586497956,4571.0,42.7196261682243,0.0,0.0,0.0,2.694132685669148,False,True,11,PV+/PNN-,85.00247883,10.403293586497956,0.0,0.0,0.0,True,A
483,396,871,186.68768715,15.41746236559462,6269.0,26.676595744680853,0.0,0.0,0.0,1.6111531199066784,False,True,13,PV+/PNN-,186.68768715,15.41746236559462,0.0,0.0,0.0,True,B
484,415,897,144.58365558,13.56796328882212,5340.0,29.34065934065934,0.0,0.0,0.0,2.4952019460310746,False,True,15,PV+/PNN-,144.58365558,13.56796328882212,0.0,0.0,0.0,True,B
485,418,420,159.67755369,14.258603569939103,15852.0,78.86567164179104,0.0,0.0,0.0,3.4868081517859664,False,True,17,PV+/PNN-,159.67755369,14.258603569939103,0.0,0.0,0.0,True,A
486,449,528,75.46949055,9.802588422925686,3317.0,34.915789473684214,0.0,0.0,0.0,2.3582652999836142,False,True,21,PV+/PNN-,75.46949055,9.802588422925686,0.0,0.0,0.0,True,A
487,460,1198,102.47962401,11.422832828117684,6798.0,52.69767441860465,0.0,0.0,0.0,4.109141898351151,False,True,22,PV+/PNN-,102.47962401,11.422832828117684,0.0,0.0,0.0,True,B
488,497,378,104.86287108,11.554893086200376,5793.0,43.88636363636363,0.0,0.0,0.0,3.153783374188281,False,True,29,PV+/PNN-,104.86287108,11.554893086200376,0.0,0.0,0.0,True,A
489,503,1025,77.05832193,9.90523612702942,3969.0,40.91752577319588,0.0,0.0,0.0,3.184776787723924,False,True,31,PV+/PNN-,77.05832193,9.90523612702942,0.0,0.0,0.0,True,B
490,508,406,195.42625974,15.774170088491289,11627.0,47.264227642276424,0.0,0.0,0.0,1.8008410716107472,False,True,32,PV+/PNN-,195.42625974,15.774170088491289,0.0,0.0,0.0,True,A
491,511,362,125.51767902,12.64175907426016,5810.0,36.77215189873418,0.0,0.0,0.0,2.536150365385279,False,True,33,PV+/PNN-,125.51767902,12.64175907426016,0.0,0.0,0.0,True,A
492,526,1856,191.45418129,15.613040531021587,8978.0,37.25311203319502,0.0,0.0,0.0,2.1469732217248603,False,True,36,PV+/PNN-,191.45418129,15.613040531021587,0.0,0.0,0.0,False,NONE
493,529,1754,187.48210284,15.45023065413564,9144.0,38.74576271186441,0.0,0.0,0.0,2.89649557791011,False,True,37,PV+/PNN-,187.48210284,15.45023065413564,0.0,0.0,0.0,False,NONE
494,559,226,181.92119301,15.21937110940298,7546.0,32.951965065502186,0.0,0.0,0.0,1.9267239509869736,False,True,39,PV+/PNN-,181.92119301,15.21937110940298,0.0,0.0,0.0,False,NONE
495,574,323,390.05810379,22.285362965180543,28079.0,57.187372708757636,0.0,0.0,0.0,1.9355398889626392,False,True,41,PV+/PNN-,390.05810379,22.285362965180543,0.0,0.0,0.0,True,A
496,568,1958,109.62936522,11.814586030086609,3781.0,27.39855072463768,0.0,0.0,0.0,3.7224447984436133,False,True,43,PV+/PNN-,109.62936522,11.814586030086609,0.0,0.0,0.0,False,NONE
497,587,258,309.02770341,19.83598478524072,17012.0,43.732647814910024,0.0,0.0,0.0,2.1090911934040153,False,True,46,PV+/PNN-,309.02770341,19.83598478524072,0.0,0.0,0.0,False,NONE
498,606,858,65.93650227,9.1625849044734,3339.0,40.2289156626506,0.0,0.0,0.0,1.925279634099854,False,True,50,PV+/PNN-,65.93650227,9.1625849044734,0.0,0.0,0.0,True,B
499,621,840,131.87300454,12.957851838301272,4937.0,29.740963855421686,0.0,0.0,0.0,2.0945415590611023,False,True,53,PV+/PNN-,131.87300454,12.957851838301272,0.0,0.0,0.0,True,B
500,622,1365,101.68520832,11.378472144697502,8617.0,67.3203125,0.0,0.0,0.0,3.8961362562759008,False,True,54,PV+/PNN-,101.68520832,11.378472144697502,0.0,0.0,0.0,True,C
501,627,670,252.62418942,17.93463431258665,9704.0,30.51572327044025,0.0,0.0,0.0,1.6411583130071024,False,True,56,PV+/PNN-,252.62418942,17.93463431258665,0.0,0.0,0.0,True,B
502,623,931,128.69534178,12.800781162784691,6226.0,38.4320987654321,0.0,0.0,0.0,2.060763751804843,False,True,57,PV+/PNN-,128.69534178,12.800781162784691,0.0,0.0,0.0,True,B
503,631,1562,148.55573403,13.753073662427433,17479.0,93.47058823529412,0.0,0.0,0.0,3.4465484109723303,False,True,58,PV+/PNN-,148.55573403,13.753073662427433,0.0,0.0,0.0,True,C
504,631,1594,98.50754556,11.199272407696524,7100.0,57.25806451612903,0.0,0.0,0.0,2.4340686712767696,False,True,59,PV+/PNN-,98.50754556,11.199272407696524,0.0,0.0,0.0,True,C
505,633,1731,159.67755369,14.258603569939103,9404.0,46.78606965174129,0.0,0.0,0.0,2.6159705300833656,False,True,60,PV+/PNN-,159.67755369,14.258603569939103,0.0,0.0,0.0,True,C
506,639,827,200.98716957,15.99702510721652,10263.0,40.56521739130435,0.0,0.0,0.0,1.3266041368877923,False,True,62,PV+/PNN-,200.98716957,15.99702510721652,0.0,0.0,0.0,True,B
507,660,1237,60.37559244,8.767701627645716,6940.0,91.3157894736842,0.0,0.0,0.0,4.913923623913342,False,True,68,PV+/PNN-,60.37559244,8.767701627645716,0.0,0.0,0.0,True,B
508,663,1364,49.25377278,7.919081463837606,8999.0,145.1451612903226,0.0,0.0,0.0,3.9681724785683126,False,True,69,PV+/PNN-,49.25377278,7.919081463837606,0.0,0.0,0.0,True,C
509,682,885,242.29678545000002,17.56422069996706,10346.0,33.92131147540984,0.0,0.0,0.0,1.4389724650679367,False,True,71,PV+/PNN-,242.29678545000002,17.56422069996706,0.0,0.0,0.0,True,B
510,685,1553,172.38820473,14.815244827816286,32632.0,150.3778801843318,0.0,0.0,0.0,4.008435268619507,False,True,72,PV+/PNN-,172.38820473,14.815244827816286,0.0,0.0,0.0,True,C
511,689,899,180.33236163,15.152765226941183,9203.0,40.541850220264315,0.0,0.0,0.0,1.2804186012638827,False,True,74,PV+/PNN-,180.33236163,15.152765226941183,0.0,0.0,0.0,True,B
512,695,2027,123.13443195,12.521167201073583,11122.0,71.75483870967741,0.0,0.0,0.0,3.834618973841679,False,True,75,PV+/PNN-,123.13443195,12.521167201073583,0.0,0.0,0.0,True,C
513,701,731,234.35262855,17.273883005349163,9020.0,30.576271186440678,0.0,0.0,0.0,1.5343643677202254,False,True,77,PV+/PNN-,234.35262855,17.273883005349163,0.0,0.0,0.0,True,B
514,706,899,168.41612628000001,14.643567596416075,8444.0,39.83018867924528,0.0,0.0,0.0,2.0149577594539307,False,True,79,PV+/PNN-,168.41612628000001,14.643567596416075,0.0,0.0,0.0,True,B
515,711,922,116.77910643,12.193759728054031,5971.0,40.61904761904762,0.0,0.0,0.0,2.332845228323387,False,True,81,PV+/PNN-,116.77910643,12.193759728054031,0.0,0.0,0.0,True,B
516,711,1854,180.33236163,15.152765226941183,9165.0,40.37444933920705,0.0,0.0,0.0,2.667775664699932,False,True,83,PV+/PNN-,180.33236163,15.152765226941183,0.0,0.0,0.0,True,C
517,712,1347,48.45935709,7.854958291387057,3018.0,49.47540983606557,0.0,0.0,0.0,3.3317233751770914,False,True,85,PV+/PNN-,48.45935709,7.854958291387057,0.0,0.0,0.0,True,C
518,717,1774,102.47962401,11.422832828117684,10191.0,79.0,0.0,0.0,0.0,3.414536061441259,False,True,86,PV+/PNN-,102.47962401,11.422832828117684,0.0,0.0,0.0,True,C
519,725,1824,122.34001626,12.48071098158173,10522.0,68.32467532467533,0.0,0.0,0.0,2.8250919039950353,False,True,87,PV+/PNN-,122.34001626,12.48071098158173,0.0,0.0,0.0,True,C
520,732,885,273.27899736,18.65340789733415,10539.0,30.636627906976745,0.0,0.0,0.0,1.5733976675544086,False,True,88,PV+/PNN-,273.27899736,18.65340789733415,0.0,0.0,0.0,True,B
521,742,826,212.10898923,16.433671314756197,7890.0,29.55056179775281,0.0,0.0,0.0,1.3589317106968735,False,True,91,PV+/PNN-,212.10898923,16.433671314756197,0.0,0.0,0.0,True,B
522,745,1763,123.92884764,12.56149312576761,12343.0,79.12179487179488,0.0,0.0,0.0,3.189510707904938,False,True,92,PV+/PNN-,123.92884764,12.56149312576761,0.0,0.0,0.0,True,C
523,746,1466,62.75883951,8.93907356753593,8107.0,102.62025316455696,0.0,0.0,0.0,2.2370404610435064,False,True,94,PV+/PNN-,62.75883951,8.93907356753593,0.0,0.0,0.0,True,C
524,763,1515,131.07858885,12.91876320674319,23944.0,145.11515151515152,0.0,0.0,0.0,3.0630735542676732,False,True,99,PV+/PNN-,131.07858885,12.91876320674319,0.0,0.0,0.0,True,C
525,764,1918,185.89327146,15.384624282804584,16602.0,70.94871794871794,0.0,0.0,0.0,2.7825083936865984,False,True,100,PV+/PNN-,185.89327146,15.384624282804584,0.0,0.0,0.0,True,C
526,766,2108,93.74105142,10.924962866435578,5213.0,44.17796610169491,0.0,0.0,0.0,4.085804655433985,False,True,101,PV+/PNN-,93.74105142,10.924962866435578,0.0,0.0,0.0,True,C
527,770,2330,57.99234537,8.592912627102823,2554.0,34.986301369863014,0.0,0.0,0.0,3.1192976103960235,False,True,105,PV+/PNN-,57.99234537,8.592912627102823,0.0,0.0,0.0,False,NONE
528,773,1569,41.30961588,7.252381437585563,6234.0,119.88461538461539,0.0,0.0,0.0,3.1751908454031197,False,True,107,PV+/PNN-,41.30961588,7.252381437585563,0.0,0.0,0.0,True,C
529,781,694,166.8272949,14.574330482319752,11562.0,55.05714285714286,0.0,0.0,0.0,2.473835801980743,False,True,108,PV+/PNN-,166.8272949,14.574330482319752,0.0,0.0,0.0,True,B
530,782,932,192.24859698,15.645399198959067,16942.0,70.00826446280992,0.0,0.0,0.0,3.434336963163294,False,True,109,PV+/PNN-,192.24859698,15.645399198959067,0.0,0.0,0.0,True,B
531,783,428,121.54560057,12.440123196106569,9777.0,63.90196078431372,0.0,0.0,0.0,2.5943722306561767,False,True,111,PV+/PNN-,121.54560057,12.440123196106569,0.0,0.0,0.0,True,A
532,784,1811,144.58365558,13.56796328882212,23820.0,130.87912087912088,0.0,0.0,0.0,2.5183864853197324,False,True,112,PV+/PNN-,144.58365558,13.56796328882212,0.0,0.0,0.0,True,C
533,787,350,136.63949868,13.189951216443678,12917.0,75.09883720930233,0.0,0.0,0.0,2.7245481026714877,False,True,115,PV+/PNN-,136.63949868,13.189951216443678,0.0,0.0,0.0,True,A
534,792,779,224.81964027,16.918902341017805,18648.0,65.89399293286219,0.0,0.0,0.0,2.8945080469752584,False,True,116,PV+/PNN-,224.81964027,16.918902341017805,0.0,0.0,0.0,True,B
535,790,2498,131.87300454,12.957851838301272,3643.0,21.94578313253012,0.0,0.0,0.0,2.2138622446786607,False,True,118,PV+/PNN-,131.87300454,12.957851838301272,0.0,0.0,0.0,False,NONE
536,793,686,154.11664386,14.008119269352957,9316.0,48.02061855670103,0.0,0.0,0.0,2.4874831394395205,False,True,119,PV+/PNN-,154.11664386,14.008119269352957,0.0,0.0,0.0,True,B
537,795,2354,160.47196938,14.294028726574819,6947.0,34.39108910891089,0.0,0.0,0.0,3.6538617871965653,False,True,120,PV+/PNN-,160.47196938,14.294028726574819,0.0,0.0,0.0,False,NONE
538,804,366,179.53794594000001,15.119352253034252,28637.0,126.71238938053098,0.0,0.0,0.0,2.642677822857636,False,True,123,PV+/PNN-,179.53794594000001,15.119352253034252,0.0,0.0,0.0,True,A
539,810,1048,261.36276201,18.242187481558705,26448.0,80.38905775075987,0.0,0.0,0.0,2.0066610483094753,False,True,124,PV+/PNN-,261.36276201,18.242187481558705,0.0,0.0,0.0,True,B
540,810,1648,131.07858885,12.91876320674319,11704.0,70.93333333333334,0.0,0.0,0.0,2.886768564305896,False,True,125,PV+/PNN-,131.07858885,12.91876320674319,0.0,0.0,0.0,True,C
541,812,2847,121.54560057,12.440123196106569,3267.0,21.352941176470587,0.0,0.0,0.0,0.54379287876185,False,True,129,PV+/PNN-,121.54560057,12.440123196106569,0.0,0.0,0.0,False,NONE
542,813,623,136.63949868,13.189951216443678,5380.0,31.27906976744186,0.0,0.0,0.0,2.180792951672221,False,True,130,PV+/PNN-,136.63949868,13.189951216443678,0.0,0.0,0.0,False,NONE
543,811,1611,100.89079263,11.333937836259333,15051.0,118.51181102362204,0.0,0.0,0.0,2.509862220712351,False,True,131,PV+/PNN-,100.89079263,11.333937836259333,0.0,0.0,0.0,True,C
544,814,1598,113.60144367,12.026714032504808,22427.0,156.83216783216784,0.0,0.0,0.0,3.1416910458534124,False,True,133,PV+/PNN-,113.60144367,12.026714032504808,0.0,0.0,0.0,True,C
545,814,2596,115.19027505,12.11052490037406,3928.0,27.089655172413792,0.0,0.0,0.0,4.124067729764968,False,True,134,PV+/PNN-,115.19027505,12.11052490037406,0.0,0.0,0.0,False,NONE
546,819,1188,227.99730303,17.038051012682235,18424.0,64.1951219512195,0.0,0.0,0.0,1.9881091704963112,False,True,136,PV+/PNN-,227.99730303,17.038051012682235,0.0,0.0,0.0,True,B
547,817,2698,119.95676919,12.358547737957586,1981.0,13.119205298013245,0.0,0.0,0.0,0.9928438001260507,False,True,138,PV+/PNN-,119.95676919,12.358547737957586,0.0,0.0,0.0,False,NONE
548,818,1934,131.07858885,12.91876320674319,25166.0,152.52121212121213,0.0,0.0,0.0,2.58199560384296,False,True,139,PV+/PNN-,131.07858885,12.91876320674319,0.0,0.0,0.0,True,C
549,826,2311,170.00495766,14.712478883374446,7530.0,35.18691588785047,0.0,0.0,0.0,4.278275281711391,False,True,141,PV+/PNN-,170.00495766,14.712478883374446,0.0,0.0,0.0,True,C
550,829,1047,301.08354651,19.57936356692016,17176.0,45.31926121372032,0.0,0.0,0.0,1.8151489950061754,False,True,143,PV+/PNN-,301.08354651,19.57936356692016,0.0,0.0,0.0,True,B
551,828,1818,171.59378904,14.781068900342463,22499.0,104.16203703703704,0.0,0.0,0.0,3.175261560773499,False,True,144,PV+/PNN-,171.59378904,14.781068900342463,0.0,0.0,0.0,True,C
552,847,1039,316.17744462,20.064137799653786,15586.0,39.1608040201005,0.0,0.0,0.0,1.671245487171979,False,True,148,PV+/PNN-,316.17744462,20.064137799653786,0.0,0.0,0.0,True,B
553,844,2185,129.48975747,12.84022896403991,10300.0,63.190184049079754,0.0,0.0,0.0,2.7933629861215143,False,True,149,PV+/PNN-,129.48975747,12.84022896403991,0.0,0.0,0.0,True,C
554,845,998,137.43391437,13.228238528376714,12576.0,72.69364161849711,0.0,0.0,0.0,2.822718052554902,False,True,150,PV+/PNN-,137.43391437,13.228238528376714,0.0,0.0,0.0,True,B
555,846,1736,152.52781248,13.93572540349032,24239.0,126.24479166666667,0.0,0.0,0.0,2.196666907778887,False,True,152,PV+/PNN-,152.52781248,13.93572540349032,0.0,0.0,0.0,True,C
556,848,1195,242.29678545000002,17.56422069996706,17774.0,58.27540983606557,0.0,0.0,0.0,1.9046324834549255,False,True,154,PV+/PNN-,242.29678545000002,17.56422069996706,0.0,0.0,0.0,True,B
557,847,1763,84.20806314000001,10.354565948189398,7630.0,71.98113207547169,0.0,0.0,0.0,2.303210287273546,False,True,155,PV+/PNN-,84.20806314000001,10.354565948189398,0.0,0.0,0.0,True,C
558,848,737,78.64715331000001,10.006830950662698,4817.0,48.656565656565654,0.0,0.0,0.0,2.2509473832150717,False,True,157,PV+/PNN-,78.64715331000001,10.006830950662698,0.0,0.0,0.0,True,B
559,850,1521,97.71312987,11.154022637162193,7245.0,58.90243902439025,0.0,0.0,0.0,2.9454366070406173,False,True,158,PV+/PNN-,97.71312987,11.154022637162193,0.0,0.0,0.0,True,C
560,852,1771,88.18014159,10.595963539609496,6460.0,58.1981981981982,0.0,0.0,0.0,2.37298612768866,False,True,159,PV+/PNN-,88.18014159,10.595963539609496,0.0,0.0,0.0,True,C
561,853,751,134.25625161,13.074416571218995,5873.0,34.751479289940825,0.0,0.0,0.0,2.164869469505619,False,True,160,PV+/PNN-,134.25625161,13.074416571218995,0.0,0.0,0.0,True,B
562,860,1179,190.65976560000001,15.580614658987523,14704.0,61.266666666666666,0.0,0.0,0.0,1.8471031531511737,False,True,161,PV+/PNN-,190.65976560000001,15.580614658987523,0.0,0.0,0.0,True,B
563,860,443,158.883138,14.223090180871878,13652.0,68.26,0.0,0.0,0.0,2.9837438303288137,False,True,162,PV+/PNN-,158.883138,14.223090180871878,0.0,0.0,0.0,True,A
564,860,1451,189.86534991,15.548121162390995,12806.0,53.58158995815899,0.0,0.0,0.0,1.7424616400120165,False,True,163,PV+/PNN-,189.86534991,15.548121162390995,0.0,0.0,0.0,True,C
565,858,88,75.46949055,9.802588422925686,3531.0,37.16842105263158,0.0,0.0,0.0,1.252550836264286,False,True,164,PV+/PNN-,75.46949055,9.802588422925686,0.0,0.0,0.0,False,NONE
566,865,2524,146.17248696000001,13.642308849668991,6080.0,33.04347826086956,0.0,0.0,0.0,4.333169639626223,False,True,166,PV+/PNN-,146.17248696000001,13.642308849668991,0.0,0.0,0.0,False,NONE
567,862,1689,76.26390624,9.854045933561641,5338.0,55.604166666666664,0.0,0.0,0.0,2.1004851646416762,False,True,167,PV+/PNN-,76.26390624,9.854045933561641,0.0,0.0,0.0,True,C
568,866,1514,151.73339679,13.899387074616612,7976.0,41.75916230366492,0.0,0.0,0.0,1.9347458764760004,False,True,168,PV+/PNN-,151.73339679,13.899387074616612,0.0,0.0,0.0,True,C
569,866,1580,131.07858885,12.91876320674319,17620.0,106.78787878787878,0.0,0.0,0.0,2.7486730175610905,False,True,169,PV+/PNN-,131.07858885,12.91876320674319,0.0,0.0,0.0,True,C
570,868,2159,124.72326333,12.60169000650996,13344.0,84.99363057324841,0.0,0.0,0.0,3.4616732241337593,False,True,174,PV+/PNN-,124.72326333,12.60169000650996,0.0,0.0,0.0,True,C
571,866,2785,82.61923176,10.256416188536388,1344.0,12.923076923076923,0.0,0.0,0.0,0.7723179175980529,False,True,176,PV+/PNN-,82.61923176,10.256416188536388,0.0,0.0,0.0,False,NONE
572,876,914,192.24859698,15.645399198959067,10267.0,42.425619834710744,0.0,0.0,0.0,2.401697357825579,False,True,177,PV+/PNN-,192.24859698,15.645399198959067,0.0,0.0,0.0,True,B
573,874,1842,204.16483233,16.12298787963261,24755.0,96.32295719844358,0.0,0.0,0.0,2.675849253530385,False,True,178,PV+/PNN-,204.16483233,16.12298787963261,0.0,0.0,0.0,True,C
574,877,418,142.20040851,13.455674765407588,13439.0,75.07821229050279,0.0,0.0,0.0,2.3395615357160233,False,True,179,PV+/PNN-,142.20040851,13.455674765407588,0.0,0.0,0.0,True,A
575,877,1806,154.91105955,14.044176264056345,12348.0,63.323076923076925,0.0,0.0,0.0,2.904195403035381,False,True,180,PV+/PNN-,154.91105955,14.044176264056345,0.0,0.0,0.0,True,C
576,890,1156,279.63432288,18.869061395736054,18786.0,53.36931818181818,0.0,0.0,0.0,1.6232432016265401,False,True,183,PV+/PNN-,279.63432288,18.869061395736054,0.0,0.0,0.0,True,B
577,887,146,81.82481607,10.206987389088184,4258.0,41.33980582524272,0.0,0.0,0.0,1.2203303407374566,False,True,184,PV+/PNN-,81.82481607,10.206987389088184,0.0,0.0,0.0,False,NONE
578,891,1573,162.85521645,14.3997813056499,11076.0,54.02926829268293,0.0,0.0,0.0,2.8145910948451434,False,True,185,PV+/PNN-,162.85521645,14.3997813056499,0.0,0.0,0.0,True,C
579,894,1102,212.10898923,16.433671314756197,16861.0,63.149812734082396,0.0,0.0,0.0,1.7618329307105725,False,True,186,PV+/PNN-,212.10898923,16.433671314756197,0.0,0.0,0.0,True,B
580,892,1024,129.48975747,12.84022896403991,4829.0,29.625766871165645,0.0,0.0,0.0,1.4508919827608913,False,True,187,PV+/PNN-,129.48975747,12.84022896403991,0.0,0.0,0.0,True,B
581,895,1453,158.883138,14.223090180871878,9680.0,48.4,0.0,0.0,0.0,2.044761806359601,False,True,188,PV+/PNN-,158.883138,14.223090180871878,0.0,0.0,0.0,True,C
582,898,1483,140.61157713,13.380292240810528,7050.0,39.83050847457627,0.0,0.0,0.0,1.5826603288450012,False,True,190,PV+/PNN-,140.61157713,13.380292240810528,0.0,0.0,0.0,True,C
583,900,1798,172.38820473,14.815244827816286,12047.0,55.516129032258064,0.0,0.0,0.0,2.4711287393920736,False,True,191,PV+/PNN-,172.38820473,14.815244827816286,0.0,0.0,0.0,True,C
584,906,1113,222.4363932,16.828987254451757,33449.0,119.46071428571429,0.0,0.0,0.0,1.770807834939106,False,True,195,PV+/PNN-,222.4363932,16.828987254451757,0.0,0.0,0.0,True,B
585,904,2757,152.52781248,13.93572540349032,5491.0,28.598958333333332,0.0,0.0,0.0,2.505379276880581,False,True,196,PV+/PNN-,152.52781248,13.93572540349032,0.0,0.0,0.0,False,NONE
586,911,1473,185.09885577,15.351715957885437,12367.0,53.07725321888412,0.0,0.0,0.0,1.7332155180312063,False,True,198,PV+/PNN-,185.09885577,15.351715957885437,0.0,0.0,0.0,True,C
587,914,316,156.49989093,14.116013951495509,15554.0,78.95431472081218,0.0,0.0,0.0,2.7983579696446177,False,True,200,PV+/PNN-,156.49989093,14.116013951495509,0.0,0.0,0.0,False,NONE
588,915,162,86.59131021,10.500070494515816,9595.0,88.02752293577981,0.0,0.0,0.0,3.97183063344004,False,True,204,PV+/PNN-,86.59131021,10.500070494515816,0.0,0.0,0.0,False,NONE
589,922,2724,96.12429849,11.062967867954534,5182.0,42.82644628099174,0.0,0.0,0.0,2.8365793529221133,False,True,210,PV+/PNN-,96.12429849,11.062967867954534,0.0,0.0,0.0,False,NONE
590,926,591,189.07093422,15.515559616363333,5955.0,25.021008403361346,0.0,0.0,0.0,1.9982024380688164,False,True,211,PV+/PNN-,189.07093422,15.515559616363333,0.0,0.0,0.0,True,A
591,925,222,184.30444008,15.318736938146312,13157.0,56.71120689655172,0.0,0.0,0.0,2.7547135954359434,False,True,212,PV+/PNN-,184.30444008,15.318736938146312,0.0,0.0,0.0,False,NONE
592,931,1428,343.18757808,20.903588105235478,16488.0,38.166666666666664,0.0,0.0,0.0,1.5754500578389068,False,True,214,PV+/PNN-,343.18757808,20.903588105235478,0.0,0.0,0.0,True,C
593,927,2031,137.43391437,13.228238528376714,31261.0,180.69942196531792,0.0,0.0,0.0,2.4775183151122318,False,True,215,PV+/PNN-,137.43391437,13.228238528376714,0.0,0.0,0.0,True,C
594,934,1658,382.90836258,22.08017366885156,19730.0,40.933609958506224,0.0,0.0,0.0,1.9057657341838632,False,True,217,PV+/PNN-,382.90836258,22.08017366885156,0.0,0.0,0.0,True,C
595,933,2174,185.89327146,15.384624282804584,47251.0,201.92735042735043,0.0,0.0,0.0,3.027537152051041,False,True,218,PV+/PNN-,185.89327146,15.384624282804584,0.0,0.0,0.0,True,C
596,932,103,109.62936522,11.814586030086609,8239.0,59.70289855072464,0.0,0.0,0.0,2.4853470344459727,False,True,219,PV+/PNN-,109.62936522,11.814586030086609,0.0,0.0,0.0,False,NONE
597,935,1756,153.32222817,13.97196922387648,8278.0,42.89119170984456,0.0,0.0,0.0,1.8719992687350768,False,True,221,PV+/PNN-,153.32222817,13.97196922387648,0.0,0.0,0.0,True,C
598,945,1348,329.68251135,20.488162696015937,18017.0,43.4144578313253,0.0,0.0,0.0,1.5417787638342972,False,True,222,PV+/PNN-,329.68251135,20.488162696015937,0.0,0.0,0.0,True,C
599,939,2230,119.95676919,12.358547737957586,33124.0,219.36423841059602,0.0,0.0,0.0,2.9522309023615683,False,True,223,PV+/PNN-,119.95676919,12.358547737957586,0.0,0.0,0.0,True,C
600,947,793,241.50236976,17.53540325529143,10956.0,36.03947368421053,0.0,0.0,0.0,2.999270078439996,False,True,226,PV+/PNN-,241.50236976,17.53540325529143,0.0,0.0,0.0,True,B
601,950,1330,284.40081702,19.029197744120825,15402.0,43.022346368715084,0.0,0.0,0.0,1.7191728259724548,False,True,227,PV+/PNN-,284.40081702,19.029197744120825,0.0,0.0,0.0,True,C
602,951,2644,115.98469074,12.152213577535832,5376.0,36.821917808219176,0.0,0.0,0.0,2.430087205308522,False,True,231,PV+/PNN-,115.98469074,12.152213577535832,0.0,0.0,0.0,False,NONE
603,955,2094,140.61157713,13.380292240810528,41599.0,235.0225988700565,0.0,0.0,0.0,2.7690245306905363,False,True,232,PV+/PNN-,140.61157713,13.380292240810528,0.0,0.0,0.0,True,C
604,959,1497,163.64963214,14.434859996619657,7702.0,37.38834951456311,0.0,0.0,0.0,1.7594059671651205,False,True,233,PV+/PNN-,163.64963214,14.434859996619657,0.0,0.0,0.0,True,C
605,960,1551,144.58365558,13.56796328882212,8954.0,49.1978021978022,0.0,0.0,0.0,2.1174303352688275,False,True,235,PV+/PNN-,144.58365558,13.56796328882212,0.0,0.0,0.0,True,C
606,961,2756,150.14456541,13.82642390884524,10080.0,53.333333333333336,0.0,0.0,0.0,1.7185653397419973,False,True,236,PV+/PNN-,150.14456541,13.82642390884524,0.0,0.0,0.0,False,NONE
607,967,1417,410.71291173000003,22.86779221411543,28806.0,55.71760154738878,0.0,0.0,0.0,1.8892838115358004,False,True,237,PV+/PNN-,410.71291173000003,22.86779221411543,0.0,0.0,0.0,True,C
608,964,1462,213.69782061,16.495105814282393,10552.0,39.226765799256505,0.0,0.0,0.0,1.4979392426808835,False,True,238,PV+/PNN-,213.69782061,16.495105814282393,0.0,0.0,0.0,True,C
609,968,1342,328.09367997,20.438734004714846,29471.0,71.35835351089588,0.0,0.0,0.0,1.5611447065420274,False,True,239,PV+/PNN-,328.09367997,20.438734004714846,0.0,0.0,0.0,True,C
610,965,2115,101.68520832,11.378472144697502,31059.0,242.6484375,0.0,0.0,0.0,2.6438344474450344,False,True,241,PV+/PNN-,101.68520832,11.378472144697502,0.0,0.0,0.0,True,C
611,981,1472,311.41095048,19.912326253220627,18409.0,46.96173469387755,0.0,0.0,0.0,1.5981745864273929,False,True,243,PV+/PNN-,311.41095048,19.912326253220627,0.0,0.0,0.0,True,C
612,982,636,165.23846352,14.504762875171126,5336.0,25.653846153846153,0.0,0.0,0.0,1.4942776520647125,False,True,245,PV+/PNN-,165.23846352,14.504762875171126,0.0,0.0,0.0,True,B
613,984,1723,295.52263668,19.397708817934607,15915.0,42.78225806451613,0.0,0.0,0.0,2.0217182220308696,False,True,246,PV+/PNN-,295.52263668,19.397708817934607,0.0,0.0,0.0,True,C
614,982,343,123.13443195,12.521167201073583,4601.0,29.683870967741935,0.0,0.0,0.0,1.581824364136311,False,True,248,PV+/PNN-,123.13443195,12.521167201073583,0.0,0.0,0.0,False,NONE
615,988,1373,318.56069169,20.139614446604835,12632.0,31.50124688279302,0.0,0.0,0.0,1.420187540529433,False,True,249,PV+/PNN-,318.56069169,20.139614446604835,0.0,0.0,0.0,True,C
616,988,1334,218.46431475,16.67805158443783,19670.0,71.52727272727273,0.0,0.0,0.0,2.2909419395272197,False,True,250,PV+/PNN-,218.46431475,16.67805158443783,0.0,0.0,0.0,True,C
617,985,1948,87.3857259,10.548125988120718,4266.0,38.78181818181818,0.0,0.0,0.0,2.592676196238255,False,True,251,PV+/PNN-,87.3857259,10.548125988120718,0.0,0.0,0.0,True,C
618,992,1417,311.41095048,19.912326253220627,27828.0,70.98979591836735,0.0,0.0,0.0,1.7386163943788968,False,True,252,PV+/PNN-,311.41095048,19.912326253220627,0.0,0.0,0.0,True,C
619,993,1599,183.51002439,15.285686766012908,9153.0,39.62337662337662,0.0,0.0,0.0,1.5425612115378338,False,True,253,PV+/PNN-,183.51002439,15.285686766012908,0.0,0.0,0.0,True,C
620,993,1851,142.20040851,13.455674765407588,8857.0,49.4804469273743,0.0,0.0,0.0,2.140715445020387,False,True,254,PV+/PNN-,142.20040851,13.455674765407588,0.0,0.0,0.0,True,C
621,996,1126,174.7714518,14.917302830020427,13041.0,59.277272727272724,0.0,0.0,0.0,2.1093417826314367,False,True,256,PV+/PNN-,174.7714518,14.917302830020427,0.0,0.0,0.0,True,B
622,999,1639,305.05562496,19.708091867123283,11992.0,31.229166666666668,0.0,0.0,0.0,2.0044326980409397,False,True,257,PV+/PNN-,305.05562496,19.708091867123283,0.0,0.0,0.0,True,C
623,1001,1655,281.22315426,18.922590755469738,10065.0,28.43220338983051,0.0,0.0,0.0,1.7435066337524279,False,True,259,PV+/PNN-,281.22315426,18.922590755469738,0.0,0.0,0.0,True,C
624,998,1829,217.66989906,16.647700237020825,8871.0,32.37591240875913,0.0,0.0,0.0,1.81085287997443,False,True,260,PV+/PNN-,217.66989906,16.647700237020825,0.0,0.0,0.0,True,C
625,996,2633,142.20040851,13.455674765407588,11209.0,62.62011173184357,0.0,0.0,0.0,3.6097360062683457,False,True,261,PV+/PNN-,142.20040851,13.455674765407588,0.0,0.0,0.0,False,NONE
626,1013,1360,356.69264481,21.310916936825258,15847.0,35.29398663697105,0.0,0.0,0.0,1.3716280828912901,False,True,264,PV+/PNN-,356.69264481,21.310916936825258,0.0,0.0,0.0,True,C
627,1013,1726,440.10629226000003,23.671939827403307,41040.0,74.07942238267148,0.0,0.0,0.0,2.2254755072139525,False,True,265,PV+/PNN-,440.10629226000003,23.671939827403307,0.0,0.0,0.0,True,C
628,1008,1016,137.43391437,13.228238528376714,5270.0,30.46242774566474,0.0,0.0,0.0,1.9254282944641041,False,True,266,PV+/PNN-,137.43391437,13.228238528376714,0.0,0.0,0.0,True,B
629,1010,1463,118.36793781,12.276430232296539,12182.0,81.75838926174497,0.0,0.0,0.0,1.3433376517141733,False,True,267,PV+/PNN-,118.36793781,12.276430232296539,0.0,0.0,0.0,True,C
630,1012,1553,263.74600908,18.3251698089468,12533.0,37.75,0.0,0.0,0.0,1.8635259459293627,False,True,268,PV+/PNN-,263.74600908,18.3251698089468,0.0,0.0,0.0,True,C
631,1011,2333,109.62936522,11.814586030086609,12804.0,92.78260869565217,0.0,0.0,0.0,3.0112664677011485,False,True,270,PV+/PNN-,109.62936522,11.814586030086609,0.0,0.0,0.0,True,C
632,1024,1641,404.35758621,22.690175604790493,19015.0,37.357563850687626,0.0,0.0,0.0,1.79687172627921,False,True,274,PV+/PNN-,404.35758621,22.690175604790493,0.0,0.0,0.0,True,C
633,1022,961,221.64197751,16.798908611544785,11597.0,41.5663082437276,0.0,0.0,0.0,2.542071572114854,False,True,278,PV+/PNN-,221.64197751,16.798908611544785,0.0,0.0,0.0,True,B
634,1025,2032,99.30196125,11.244340084382843,7197.0,57.576,0.0,0.0,0.0,2.1413655081118663,False,True,280,PV+/PNN-,99.30196125,11.244340084382843,0.0,0.0,0.0,True,C
635,1025,1481,105.65728677,11.598579038183399,11809.0,88.78947368421052,0.0,0.0,0.0,2.9091069842791124,False,True,281,PV+/PNN-,105.65728677,11.598579038183399,0.0,0.0,0.0,True,C
636,1030,1785,170.00495766,14.712478883374446,8523.0,39.82710280373832,0.0,0.0,0.0,1.807996396771598,False,True,283,PV+/PNN-,170.00495766,14.712478883374446,0.0,0.0,0.0,True,C
637,1029,1003,99.30196125,11.244340084382843,15607.0,124.856,0.0,0.0,0.0,2.0698807545027904,False,True,284,PV+/PNN-,99.30196125,11.244340084382843,0.0,0.0,0.0,True,B
638,1034,1801,205.75366371,16.185601660417575,8272.0,31.93822393822394,0.0,0.0,0.0,2.0044711316058375,False,True,285,PV+/PNN-,205.75366371,16.185601660417575,0.0,0.0,0.0,True,C
639,1036,1624,269.30691891,18.517349130666563,18598.0,54.86135693215339,0.0,0.0,0.0,1.7071641625176255,False,True,286,PV+/PNN-,269.30691891,18.517349130666563,0.0,0.0,0.0,True,C
640,1032,2076,77.85273762,9.956163126610313,6042.0,61.6530612244898,0.0,0.0,0.0,2.2840472932491647,False,True,290,PV+/PNN-,77.85273762,9.956163126610313,0.0,0.0,0.0,True,C
641,1035,2837,152.52781248,13.93572540349032,9528.0,49.625,0.0,0.0,0.0,2.3957527739499964,False,True,291,PV+/PNN-,152.52781248,13.93572540349032,0.0,0.0,0.0,False,NONE
642,1035,1995,148.55573403,13.753073662427433,9309.0,49.780748663101605,0.0,0.0,0.0,2.7635037324364142,False,True,293,PV+/PNN-,148.55573403,13.753073662427433,0.0,0.0,0.0,True,C
643,1041,1319,267.71808753,18.462644877808422,17711.0,52.554896142433236,0.0,0.0,0.0,1.5227042079974757,False,True,294,PV+/PNN-,267.71808753,18.462644877808422,0.0,0.0,0.0,True,C
644,1048,1722,305.85004065,19.733736760037036,17225.0,44.74025974025974,0.0,0.0,0.0,1.813938516905621,False,True,296,PV+/PNN-,305.85004065,19.733736760037036,0.0,0.0,0.0,True,C
645,1039,739,60.37559244,8.767701627645716,5262.0,69.23684210526316,0.0,0.0,0.0,2.5565727853245805,False,True,297,PV+/PNN-,60.37559244,8.767701627645716,0.0,0.0,0.0,True,B
646,1042,1900,192.24859698,15.645399198959067,8781.0,36.28512396694215,0.0,0.0,0.0,3.179972022635132,False,True,299,PV+/PNN-,192.24859698,15.645399198959067,0.0,0.0,0.0,True,C
647,1047,1608,244.68003252,17.650390738211705,12463.0,40.464285714285715,0.0,0.0,0.0,1.6119205917306223,False,True,300,PV+/PNN-,244.68003252,17.650390738211705,0.0,0.0,0.0,True,C
648,1045,2732,133.46183592,13.035677474005707,10717.0,63.791666666666664,0.0,0.0,0.0,4.576832625045357,False,True,301,PV+/PNN-,133.46183592,13.035677474005707,0.0,0.0,0.0,False,NONE
649,1052,1770,208.93132647000002,16.310108123356397,10480.0,39.847908745247146,0.0,0.0,0.0,1.5885500802016812,False,True,303,PV+/PNN-,208.93132647000002,16.310108123356397,0.0,0.0,0.0,True,C
650,1055,1786,170.79937335,14.746813769937052,8356.0,38.86511627906977,0.0,0.0,0.0,1.7947383391580911,False,True,305,PV+/PNN-,170.79937335,14.746813769937052,0.0,0.0,0.0,True,C
651,1061,1651,226.40847165,16.97858119419376,15954.0,55.97894736842105,0.0,0.0,0.0,2.598463826364987,False,True,306,PV+/PNN-,226.40847165,16.97858119419376,0.0,0.0,0.0,True,C
652,1061,817,206.5480794,16.216817893198968,9860.0,37.92307692307692,0.0,0.0,0.0,1.966212587249629,False,True,307,PV+/PNN-,206.5480794,16.216817893198968,0.0,0.0,0.0,True,B
653,1062,2084,111.2181966,11.899891008124815,10162.0,72.58571428571429,0.0,0.0,0.0,2.2452453365707687,False,True,311,PV+/PNN-,111.2181966,11.899891008124815,0.0,0.0,0.0,True,C
654,1065,1176,163.64963214,14.434859996619657,16994.0,82.49514563106796,0.0,0.0,0.0,2.6589899249006903,False,True,312,PV+/PNN-,163.64963214,14.434859996619657,0.0,0.0,0.0,True,B
655,1065,2186,135.05066730000001,13.113041224263421,8579.0,50.46470588235294,0.0,0.0,0.0,2.700535136342858,False,True,313,PV+/PNN-,135.05066730000001,13.113041224263421,0.0,0.0,0.0,True,C
656,1067,2439,153.32222817,13.97196922387648,12689.0,65.74611398963731,0.0,0.0,0.0,3.6359689011870087,False,True,314,PV+/PNN-,153.32222817,13.97196922387648,0.0,0.0,0.0,False,NONE
657,1065,1380,150.14456541,13.82642390884524,12854.0,68.01058201058201,0.0,0.0,0.0,2.635238583773721,False,True,315,PV+/PNN-,150.14456541,13.82642390884524,0.0,0.0,0.0,True,C
658,1067,2157,132.66742023,12.996822909266468,6905.0,41.34730538922156,0.0,0.0,0.0,2.6907850535152726,False,True,316,PV+/PNN-,132.66742023,12.996822909266468,0.0,0.0,0.0,True,C
659,1076,1678,289.16731116,19.187997696832507,19375.0,53.22802197802198,0.0,0.0,0.0,1.903587055241678,False,True,317,PV+/PNN-,289.16731116,19.187997696832507,0.0,0.0,0.0,True,C
660,1072,2108,117.57352212,12.235164803834003,9263.0,62.58783783783784,0.0,0.0,0.0,2.405633694089201,False,True,318,PV+/PNN-,117.57352212,12.235164803834003,0.0,0.0,0.0,True,C
661,1083,1291,133.46183592,13.035677474005707,32514.0,193.53571428571428,0.0,0.0,0.0,2.327568634997887,False,True,319,PV+/PNN-,133.46183592,13.035677474005707,0.0,0.0,0.0,True,C
662,1090,229,163.64963214,14.434859996619657,13843.0,67.19902912621359,0.0,0.0,0.0,2.2943849080097403,False,True,322,PV+/PNN-,163.64963214,14.434859996619657,0.0,0.0,0.0,False,NONE
663,1091,1762,142.20040851,13.455674765407588,8722.0,48.726256983240226,0.0,0.0,0.0,1.8423076436417194,False,True,324,PV+/PNN-,142.20040851,13.455674765407588,0.0,0.0,0.0,True,C
664,1093,1003,173.18262042,14.84934209921784,10740.0,49.26605504587156,0.0,0.0,0.0,2.382369687366684,False,True,325,PV+/PNN-,173.18262042,14.84934209921784,0.0,0.0,0.0,True,B
665,1100,873,156.49989093,14.116013951495509,5461.0,27.720812182741117,0.0,0.0,0.0,1.6540676913775119,False,True,328,PV+/PNN-,156.49989093,14.116013951495509,0.0,0.0,0.0,True,B
666,1102,1754,180.33236163,15.152765226941183,11228.0,49.4625550660793,0.0,0.0,0.0,1.6257270506909824,False,True,329,PV+/PNN-,180.33236163,15.152765226941183,0.0,0.0,0.0,True,C
667,1103,1811,248.65211097,17.79308013158149,12224.0,39.054313099041536,0.0,0.0,0.0,1.7807747903858302,False,True,330,PV+/PNN-,248.65211097,17.79308013158149,0.0,0.0,0.0,True,C
668,1104,1725,170.79937335,14.746813769937052,7791.0,36.23720930232558,0.0,0.0,0.0,1.9157267464292658,False,True,332,PV+/PNN-,170.79937335,14.746813769937052,0.0,0.0,0.0,True,C
669,1106,1344,116.77910643,12.193759728054031,16924.0,115.12925170068027,0.0,0.0,0.0,1.9769073489584696,False,True,334,PV+/PNN-,116.77910643,12.193759728054031,0.0,0.0,0.0,True,C
670,1110,1517,167.62171059,14.608990056788349,25581.0,121.23696682464455,0.0,0.0,0.0,2.1680226583321227,False,True,335,PV+/PNN-,167.62171059,14.608990056788349,0.0,0.0,0.0,True,C
671,1108,2035,113.60144367,12.026714032504808,5699.0,39.85314685314685,0.0,0.0,0.0,3.5822220886366143,False,True,337,PV+/PNN-,113.60144367,12.026714032504808,0.0,0.0,0.0,True,C
672,1109,2145,103.2740397,11.467021901548332,6271.0,48.238461538461536,0.0,0.0,0.0,3.1572432844008413,False,True,338,PV+/PNN-,103.2740397,11.467021901548332,0.0,0.0,0.0,True,C
673,1113,2108,77.05832193,9.90523612702942,6187.0,63.78350515463917,0.0,0.0,0.0,2.8608231147961978,False,True,341,PV+/PNN-,77.05832193,9.90523612702942,0.0,0.0,0.0,True,C
674,1121,1122,204.95924802,16.154325106244645,19495.0,75.56201550387597,0.0,0.0,0.0,2.806323028069467,False,True,344,PV+/PNN-,204.95924802,16.154325106244645,0.0,0.0,0.0,True,B
675,1126,1780,155.70547524,14.080140922851225,10616.0,54.16326530612245,0.0,0.0,0.0,2.7315868327447594,False,True,346,PV+/PNN-,155.70547524,14.080140922851225,0.0,0.0,0.0,True,C
676,1132,1857,112.01261229,11.942314996545514,4058.0,28.78014184397163,0.0,0.0,0.0,2.562029905502578,False,True,350,PV+/PNN-,112.01261229,11.942314996545514,0.0,0.0,0.0,True,C
677,1135,2252,126.31209471,12.681701540530954,6860.0,43.144654088050316,0.0,0.0,0.0,2.409051182947361,False,True,351,PV+/PNN-,126.31209471,12.681701540530954,0.0,0.0,0.0,True,C
678,1145,1245,164.44404783,14.469853647963289,7597.0,36.70048309178744,0.0,0.0,0.0,2.6228822806711634,False,True,354,PV+/PNN-,164.44404783,14.469853647963289,0.0,0.0,0.0,True,C
679,1142,2291,134.25625161,13.074416571218995,5918.0,35.01775147928994,0.0,0.0,0.0,2.741482599578826,False,True,355,PV+/PNN-,134.25625161,13.074416571218995,0.0,0.0,0.0,True,C
680,1142,295,134.25625161,13.074416571218995,9667.0,57.201183431952664,0.0,0.0,0.0,2.1572322095046497,False,True,356,PV+/PNN-,134.25625161,13.074416571218995,0.0,0.0,0.0,False,NONE
681,1141,2171,40.51520019,7.182308476024235,2899.0,56.84313725490196,0.0,0.0,0.0,3.5430896396655145,False,True,358,PV+/PNN-,40.51520019,7.182308476024235,0.0,0.0,0.0,True,C
682,1151,224,153.32222817,13.97196922387648,33202.0,172.03108808290156,0.0,0.0,0.0,2.6315504971734778,False,True,361,PV+/PNN-,153.32222817,13.97196922387648,0.0,0.0,0.0,False,NONE
683,1152,967,143.78923989,13.53063732184699,5640.0,31.16022099447514,0.0,0.0,0.0,1.4876201027303035,False,True,363,PV+/PNN-,143.78923989,13.53063732184699,0.0,0.0,0.0,True,B
684,1153,1819,139.02274575,13.304482609502793,4424.0,25.28,0.0,0.0,0.0,1.7601702227948983,False,True,364,PV+/PNN-,139.02274575,13.304482609502793,0.0,0.0,0.0,True,C
685,1153,1670,123.92884764,12.56149312576761,13353.0,85.59615384615384,0.0,0.0,0.0,1.9936430794197781,False,True,365,PV+/PNN-,123.92884764,12.56149312576761,0.0,0.0,0.0,True,C
686,1154,2355,89.76897297000001,10.690996505268625,7917.0,70.06194690265487,0.0,0.0,0.0,2.3468015841917533,False,True,367,PV+/PNN-,89.76897297000001,10.690996505268625,0.0,0.0,0.0,True,C
687,1154,2117,60.37559244,8.767701627645716,6425.0,84.53947368421052,0.0,0.0,0.0,3.538312411370274,False,True,368,PV+/PNN-,60.37559244,8.767701627645716,0.0,0.0,0.0,True,C
688,1161,1901,126.31209471,12.681701540530954,8567.0,53.880503144654085,0.0,0.0,0.0,2.5339371955418324,False,True,369,PV+/PNN-,126.31209471,12.681701540530954,0.0,0.0,0.0,True,C
689,1165,1393,156.49989093,14.116013951495509,35604.0,180.73096446700507,0.0,0.0,0.0,2.6310360703340345,False,True,370,PV+/PNN-,156.49989093,14.116013951495509,0.0,0.0,0.0,True,C
690,1167,1649,166.8272949,14.574330482319752,8258.0,39.32380952380952,0.0,0.0,0.0,2.6844605224360554,False,True,373,PV+/PNN-,166.8272949,14.574330482319752,0.0,0.0,0.0,True,C
691,1165,1849,91.35780435,10.78519212710641,6528.0,56.76521739130435,0.0,0.0,0.0,2.6418278507701873,False,True,374,PV+/PNN-,91.35780435,10.78519212710641,0.0,0.0,0.0,True,C
692,1168,2311,123.92884764,12.56149312576761,9789.0,62.75,0.0,0.0,0.0,2.827059077025588,False,True,375,PV+/PNN-,123.92884764,12.56149312576761,0.0,0.0,0.0,True,C
693,1178,944,232.76379717,17.215227885205547,6483.0,22.12627986348123,0.0,0.0,0.0,1.6542878608243616,False,True,378,PV+/PNN-,232.76379717,17.215227885205547,0.0,0.0,0.0,True,B
694,1179,1663,93.74105142,10.924962866435578,13118.0,111.16949152542372,0.0,0.0,0.0,2.6579606479645714,False,True,380,PV+/PNN-,93.74105142,10.924962866435578,0.0,0.0,0.0,True,C
695,1185,2243,112.80702798,11.984588810142046,6902.0,48.605633802816904,0.0,0.0,0.0,2.7736699683803123,False,True,382,PV+/PNN-,112.80702798,11.984588810142046,0.0,0.0,0.0,True,C
696,1192,1127,115.98469074,12.152213577535832,3561.0,24.39041095890411,0.0,0.0,0.0,1.5735894201997818,False,True,385,PV+/PNN-,115.98469074,12.152213577535832,0.0,0.0,0.0,True,B
697,1191,2502,125.51767902,12.64175907426016,33790.0,213.86075949367088,0.0,0.0,0.0,2.3397809428919936,False,True,386,PV+/PNN-,125.51767902,12.64175907426016,0.0,0.0,0.0,False,NONE
698,1196,2512,111.2181966,11.899891008124815,20111.0,143.65,0.0,0.0,0.0,2.8331507010739805,False,True,387,PV+/PNN-,111.2181966,11.899891008124815,0.0,0.0,0.0,False,NONE
699,1198,254,101.68520832,11.378472144697502,11122.0,86.890625,0.0,0.0,0.0,2.5887626429067923,False,True,389,PV+/PNN-,101.68520832,11.378472144697502,0.0,0.0,0.0,False,NONE
700,1201,1169,138.22833006,13.266415342325757,13425.0,77.15517241379311,0.0,0.0,0.0,2.2047979561419884,False,True,390,PV+/PNN-,138.22833006,13.266415342325757,0.0,0.0,0.0,True,B
701,1206,1203,198.6039225,15.90189824726965,6628.0,26.512,0.0,0.0,0.0,2.2269486436827317,False,True,392,PV+/PNN-,198.6039225,15.90189824726965,0.0,0.0,0.0,True,C
702,1203,1783,147.76131834,13.716251444643651,8141.0,43.76881720430107,0.0,0.0,0.0,2.302490178410602,False,True,393,PV+/PNN-,147.76131834,13.716251444643651,0.0,0.0,0.0,True,C
703,1209,1582,211.31457354,16.40286778005525,11406.0,42.8796992481203,0.0,0.0,0.0,2.259092894835685,False,True,396,PV+/PNN-,211.31457354,16.40286778005525,0.0,0.0,0.0,True,C
704,1210,2639,125.51767902,12.64175907426016,40088.0,253.72151898734177,0.0,0.0,0.0,2.9634502287306677,False,True,397,PV+/PNN-,125.51767902,12.64175907426016,0.0,0.0,0.0,False,NONE
705,1210,2144,106.45170246,11.642101063659146,11772.0,87.85074626865672,0.0,0.0,0.0,4.105853670446649,False,True,399,PV+/PNN-,106.45170246,11.642101063659146,0.0,0.0,0.0,True,C
706,1215,2596,153.32222817,13.97196922387648,47787.0,247.60103626943004,0.0,0.0,0.0,2.5381820258144736,False,True,400,PV+/PNN-,153.32222817,13.97196922387648,0.0,0.0,0.0,False,NONE
707,1220,1386,173.18262042,14.84934209921784,13206.0,60.57798165137615,0.0,0.0,0.0,2.906117563579968,False,True,402,PV+/PNN-,173.18262042,14.84934209921784,0.0,0.0,0.0,True,C
708,1222,2307,70.70299641,9.487984557348323,4696.0,52.764044943820224,0.0,0.0,0.0,2.8000426273217833,False,True,404,PV+/PNN-,70.70299641,9.487984557348323,0.0,0.0,0.0,True,C
709,1230,1517,131.87300454,12.957851838301272,7765.0,46.77710843373494,0.0,0.0,0.0,2.676790618954301,False,True,407,PV+/PNN-,131.87300454,12.957851838301272,0.0,0.0,0.0,True,C
710,1228,301,131.07858885,12.91876320674319,14867.0,90.10303030303031,0.0,0.0,0.0,2.341005335994182,False,True,408,PV+/PNN-,131.07858885,12.91876320674319,0.0,0.0,0.0,False,NONE
711,1236,904,187.48210284,15.45023065413564,3867.0,16.385593220338983,0.0,0.0,0.0,1.1840503709554109,False,True,409,PV+/PNN-,187.48210284,15.45023065413564,0.0,0.0,0.0,False,NONE
712,1236,1746,179.53794594000001,15.119352253034252,13087.0,57.9070796460177,0.0,0.0,0.0,2.6850713745001866,False,True,410,PV+/PNN-,179.53794594000001,15.119352253034252,0.0,0.0,0.0,True,C
713,1234,2176,112.01261229,11.942314996545514,13001.0,92.20567375886525,0.0,0.0,0.0,4.682561184991657,False,True,411,PV+/PNN-,112.01261229,11.942314996545514,0.0,0.0,0.0,True,C
714,1234,2414,67.52533365000001,9.272320371655413,5105.0,60.05882352941177,0.0,0.0,0.0,2.5481044117352702,False,True,412,PV+/PNN-,67.52533365000001,9.272320371655413,0.0,0.0,0.0,False,NONE
715,1256,2587,172.38820473,14.815244827816286,30533.0,140.70506912442397,0.0,0.0,0.0,2.984250546692242,False,True,420,PV+/PNN-,172.38820473,14.815244827816286,0.0,0.0,0.0,False,NONE
716,1259,2540,116.77910643,12.193759728054031,15826.0,107.65986394557824,0.0,0.0,0.0,3.525608596365976,False,True,424,PV+/PNN-,116.77910643,12.193759728054031,0.0,0.0,0.0,False,NONE
717,1263,1414,238.324707,17.4196567543629,23614.0,78.71333333333334,0.0,0.0,0.0,2.896621786867753,False,True,425,PV+/PNN-,238.324707,17.4196567543629,0.0,0.0,0.0,True,C
718,1262,1846,142.9948242,13.493208101259413,8780.0,48.77777777777778,0.0,0.0,0.0,2.479627390814812,False,True,426,PV+/PNN-,142.9948242,13.493208101259413,0.0,0.0,0.0,True,C
719,1264,2372,133.46183592,13.035677474005707,18934.0,112.70238095238095,0.0,0.0,0.0,2.6676767343863053,False,True,427,PV+/PNN-,133.46183592,13.035677474005707,0.0,0.0,0.0,False,NONE
720,1265,2054,104.06845539,11.51104134134072,7298.0,55.70992366412214,0.0,0.0,0.0,3.8395012911744835,False,True,429,PV+/PNN-,104.06845539,11.51104134134072,0.0,0.0,0.0,True,C
721,1279,1730,162.06080076,14.36461695204847,16798.0,82.34313725490196,0.0,0.0,0.0,3.3372205575805536,False,True,436,PV+/PNN-,162.06080076,14.36461695204847,0.0,0.0,0.0,True,C
722,1281,2177,139.02274575,13.304482609502793,16359.0,93.48,0.0,0.0,0.0,2.673586518910865,False,True,437,PV+/PNN-,139.02274575,13.304482609502793,0.0,0.0,0.0,True,C
723,1282,2385,178.74353025,15.085865274483455,10388.0,46.16888888888889,0.0,0.0,0.0,2.5463133993899447,False,True,438,PV+/PNN-,178.74353025,15.085865274483455,0.0,0.0,0.0,False,NONE
724,1280,2345,108.04053384,11.728660627684029,11054.0,81.27941176470588,0.0,0.0,0.0,2.803323670944143,False,True,441,PV+/PNN-,108.04053384,11.728660627684029,0.0,0.0,0.0,False,NONE
725,1284,235,169.21054197,14.678063680958497,24879.0,116.80281690140845,0.0,0.0,0.0,3.1626503210588046,False,True,442,PV+/PNN-,169.21054197,14.678063680958497,0.0,0.0,0.0,False,NONE
726,1291,2822,97.71312987,11.154022637162193,23921.0,194.47967479674796,0.0,0.0,0.0,4.454882059264775,False,True,446,PV+/PNN-,97.71312987,11.154022637162193,0.0,0.0,0.0,False,NONE
727,1298,2584,119.95676919,12.358547737957586,31452.0,208.2913907284768,0.0,0.0,0.0,3.0988561788040245,False,True,447,PV+/PNN-,119.95676919,12.358547737957586,0.0,0.0,0.0,False,NONE
728,1300,2595,108.04053384,11.728660627684029,32745.0,240.77205882352942,0.0,0.0,0.0,2.9069882441925987,False,True,448,PV+/PNN-,108.04053384,11.728660627684029,0.0,0.0,0.0,False,NONE
729,1309,1702,127.90092609,12.761211420003875,11910.0,73.9751552795031,0.0,0.0,0.0,3.315234949986117,False,True,454,PV+/PNN-,127.90092609,12.761211420003875,0.0,0.0,0.0,True,C
730,1311,1713,166.8272949,14.574330482319752,13266.0,63.17142857142857,0.0,0.0,0.0,3.2900952405129464,False,True,455,PV+/PNN-,166.8272949,14.574330482319752,0.0,0.0,0.0,True,C
731,1312,2817,162.06080076,14.36461695204847,50783.0,248.93627450980392,0.0,0.0,0.0,5.818843369758364,False,True,456,PV+/PNN-,162.06080076,14.36461695204847,0.0,0.0,0.0,False,NONE
732,1315,1667,164.44404783,14.469853647963289,9311.0,44.98067632850242,0.0,0.0,0.0,3.4173971381150294,False,True,457,PV+/PNN-,164.44404783,14.469853647963289,0.0,0.0,0.0,True,C
733,1319,2373,145.37807127,13.6051868520168,16481.0,90.06010928961749,0.0,0.0,0.0,3.61492800013108,False,True,460,PV+/PNN-,145.37807127,13.6051868520168,0.0,0.0,0.0,False,NONE
734,1325,2434,140.61157713,13.380292240810528,21924.0,123.86440677966101,0.0,0.0,0.0,3.689788992784837,False,True,462,PV+/PNN-,140.61157713,13.380292240810528,0.0,0.0,0.0,False,NONE
735,1331,2541,155.70547524,14.080140922851225,15613.0,79.65816326530613,0.0,0.0,0.0,3.5263684258048484,False,True,464,PV+/PNN-,155.70547524,14.080140922851225,0.0,0.0,0.0,False,NONE
736,1334,1063,142.9948242,13.493208101259413,2674.0,14.855555555555556,0.0,0.0,0.0,1.1128124259746153,False,True,465,PV+/PNN-,142.9948242,13.493208101259413,0.0,0.0,0.0,False,NONE
737,1336,362,82.61923176,10.256416188536388,3826.0,36.78846153846154,0.0,0.0,0.0,1.8233958252314972,False,True,468,PV+/PNN-,82.61923176,10.256416188536388,0.0,0.0,0.0,False,NONE
738,1344,2441,122.34001626,12.48071098158173,21359.0,138.69480519480518,0.0,0.0,0.0,3.131970896761269,False,True,469,PV+/PNN-,122.34001626,12.48071098158173,0.0,0.0,0.0,False,NONE
739,1346,2251,132.66742023,12.996822909266468,24023.0,143.85029940119762,0.0,0.0,0.0,2.8307938648504134,False,True,470,PV+/PNN-,132.66742023,12.996822909266468,0.0,0.0,0.0,True,C
740,1350,2844,166.8272949,14.574330482319752,48247.0,229.74761904761905,0.0,0.0,0.0,4.493800152475291,False,True,471,PV+/PNN-,166.8272949,14.574330482319752,0.0,0.0,0.0,False,NONE
741,1353,2417,141.40599282,13.418036440588484,13541.0,76.07303370786516,0.0,0.0,0.0,3.051042464432302,False,True,473,PV+/PNN-,141.40599282,13.418036440588484,0.0,0.0,0.0,False,NONE
742,1357,2351,127.90092609,12.761211420003875,8865.0,55.06211180124224,0.0,0.0,0.0,4.773666991786185,False,True,475,PV+/PNN-,127.90092609,12.761211420003875,0.0,0.0,0.0,False,NONE
743,1366,1938,138.22833006,13.266415342325757,6265.0,36.00574712643678,0.0,0.0,0.0,2.4307555106534346,False,True,476,PV+/PNN-,138.22833006,13.266415342325757,0.0,0.0,0.0,True,C
744,1369,2783,155.70547524,14.080140922851225,42629.0,217.49489795918367,0.0,0.0,0.0,2.98916901252236,False,True,478,PV+/PNN-,155.70547524,14.080140922851225,0.0,0.0,0.0,False,NONE
745,1373,1786,165.23846352,14.504762875171126,6657.0,32.00480769230769,0.0,0.0,0.0,1.8453529477342845,False,True,481,PV+/PNN-,165.23846352,14.504762875171126,0.0,0.0,0.0,True,C
746,1385,2780,177.15469887,15.0186673222671,50935.0,228.4080717488789,0.0,0.0,0.0,2.4685302465465866,False,True,484,PV+/PNN-,177.15469887,15.0186673222671,0.0,0.0,0.0,False,NONE
747,1392,257,88.97455728,10.643586087602236,4446.0,39.69642857142857,0.0,0.0,0.0,4.13803112409679,False,True,486,PV+/PNN-,88.97455728,10.643586087602236,0.0,0.0,0.0,False,NONE
748,1403,2753,301.08354651,19.57936356692016,90063.0,237.63324538258576,0.0,0.0,0.0,4.10379803453157,False,True,490,PV+/PNN-,301.08354651,19.57936356692016,0.0,0.0,0.0,False,NONE
749,1403,2536,128.69534178,12.800781162784691,10269.0,63.388888888888886,0.0,0.0,0.0,3.0327700894591123,False,True,491,PV+/PNN-,128.69534178,12.800781162784691,0.0,0.0,0.0,False,NONE
750,1412,1921,250.24094235,17.84983651218722,18673.0,59.27936507936508,0.0,0.0,0.0,2.8412668051543757,False,True,492,PV+/PNN-,250.24094235,17.84983651218722,0.0,0.0,0.0,True,C
751,1411,2127,146.17248696000001,13.642308849668991,9577.0,52.04891304347826,0.0,0.0,0.0,3.0341090696243387,False,True,493,PV+/PNN-,146.17248696000001,13.642308849668991,0.0,0.0,0.0,True,C
752,1410,2638,162.06080076,14.36461695204847,19841.0,97.25980392156863,0.0,0.0,0.0,3.0887662634803825,False,True,494,PV+/PNN-,162.06080076,14.36461695204847,0.0,0.0,0.0,False,NONE
753,1420,2478,172.38820473,14.815244827816286,22177.0,102.19815668202764,0.0,0.0,0.0,3.280044794056985,False,True,496,PV+/PNN-,172.38820473,14.815244827816286,0.0,0.0,0.0,False,NONE
754,1424,2222,121.54560057,12.440123196106569,12560.0,82.09150326797386,0.0,0.0,0.0,3.3357604931686042,False,True,498,PV+/PNN-,121.54560057,12.440123196106569,0.0,0.0,0.0,False,NONE
755,1431,2466,173.18262042,14.84934209921784,31239.0,143.2981651376147,0.0,0.0,0.0,2.0742693062725217,False,True,499,PV+/PNN-,173.18262042,14.84934209921784,0.0,0.0,0.0,False,NONE
756,1432,2027,194.63184405,15.74207611813598,18208.0,74.31836734693877,0.0,0.0,0.0,3.690339618713421,False,True,500,PV+/PNN-,194.63184405,15.74207611813598,0.0,0.0,0.0,True,C
757,1432,2442,175.56586749,14.951167352217068,25487.0,115.32579185520362,0.0,0.0,0.0,2.331610553237196,False,True,501,PV+/PNN-,175.56586749,14.951167352217068,0.0,0.0,0.0,False,NONE
758,1430,2563,112.80702798,11.984588810142046,10573.0,74.45774647887323,0.0,0.0,0.0,3.252262631187553,False,True,502,PV+/PNN-,112.80702798,11.984588810142046,0.0,0.0,0.0,False,NONE
759,1438,2631,131.87300454,12.957851838301272,25688.0,154.74698795180723,0.0,0.0,0.0,3.47465425110379,False,True,503,PV+/PNN-,131.87300454,12.957851838301272,0.0,0.0,0.0,False,NONE
760,1440,1858,187.48210284,15.45023065413564,6582.0,27.889830508474578,0.0,0.0,0.0,2.4055427326782874,False,True,504,PV+/PNN-,187.48210284,15.45023065413564,0.0,0.0,0.0,True,C
761,1451,2115,219.25873044,16.708347797572188,19230.0,69.67391304347827,0.0,0.0,0.0,3.1905898859485533,False,True,506,PV+/PNN-,219.25873044,16.708347797572188,0.0,0.0,0.0,True,C
762,1458,2437,119.1623535,12.317557416952052,11976.0,79.84,0.0,0.0,0.0,3.0966798125931523,False,True,507,PV+/PNN-,119.1623535,12.317557416952052,0.0,0.0,0.0,False,NONE
763,1465,2681,216.87548337,16.61729345321425,15947.0,58.413919413919416,0.0,0.0,0.0,2.8696095256024186,False,True,508,PV+/PNN-,216.87548337,16.61729345321425,0.0,0.0,0.0,False,NONE
764,1463,2644,120.75118488,12.39940255265723,10072.0,66.26315789473684,0.0,0.0,0.0,3.767580946794119,False,True,510,PV+/PNN-,120.75118488,12.39940255265723,0.0,0.0,0.0,False,NONE
765,1467,1657,195.42625974,15.774170088491289,5766.0,23.4390243902439,0.0,0.0,0.0,1.4541529316480328,False,True,511,PV+/PNN-,195.42625974,15.774170088491289,0.0,0.0,0.0,False,NONE
766,1486,1718,177.15469887,15.0186673222671,2975.0,13.340807174887892,0.0,0.0,0.0,1.1758298099250672,False,True,516,PV+/PNN-,177.15469887,15.0186673222671,0.0,0.0,0.0,False,NONE
767,1496,2534,174.7714518,14.917302830020427,46612.0,211.87272727272727,0.0,0.0,0.0,3.812745838802245,False,True,518,PV+/PNN-,174.7714518,14.917302830020427,0.0,0.0,0.0,False,NONE
768,1501,2298,123.13443195,12.521167201073583,8984.0,57.961290322580645,0.0,0.0,0.0,4.052404065482232,False,True,520,PV+/PNN-,123.13443195,12.521167201073583,0.0,0.0,0.0,False,NONE
769,1501,2703,139.81716144,13.342441267550265,11010.0,62.55681818181818,0.0,0.0,0.0,2.2102056868715154,False,True,521,PV+/PNN-,139.81716144,13.342441267550265,0.0,0.0,0.0,False,NONE
770,1506,1877,170.79937335,14.746813769937052,2870.0,13.348837209302326,0.0,0.0,0.0,1.0778127579042802,False,True,522,PV+/PNN-,170.79937335,14.746813769937052,0.0,0.0,0.0,False,NONE
771,1506,1913,212.10898923,16.433671314756197,3968.0,14.861423220973784,0.0,0.0,0.0,1.5169686451738666,False,True,523,PV+/PNN-,212.10898923,16.433671314756197,0.0,0.0,0.0,True,C
772,1513,2218,167.62171059,14.608990056788349,5962.0,28.255924170616115,0.0,0.0,0.0,2.6769139236573944,False,True,524,PV+/PNN-,167.62171059,14.608990056788349,0.0,0.0,0.0,False,NONE
773,1517,1738,154.91105955,14.044176264056345,4370.0,22.41025641025641,0.0,0.0,0.0,1.3197185281675505,False,True,525,PV+/PNN-,154.91105955,14.044176264056345,0.0,0.0,0.0,False,NONE
774,1518,1485,88.97455728,10.643586087602236,2840.0,25.357142857142858,0.0,0.0,0.0,0.5194700597088087,False,True,526,PV+/PNN-,88.97455728,10.643586087602236,0.0,0.0,0.0,False,NONE
775,1528,2096,147.76131834,13.716251444643651,4577.0,24.607526881720432,0.0,0.0,0.0,1.7633653192023702,False,True,527,PV+/PNN-,147.76131834,13.716251444643651,0.0,0.0,0.0,True,C
776,1544,1793,192.24859698,15.645399198959067,3461.0,14.301652892561984,0.0,0.0,0.0,1.610089046939953,False,True,529,PV+/PNN-,192.24859698,15.645399198959067,0.0,0.0,0.0,False,NONE
777,1544,2712,88.97455728,10.643586087602236,5454.0,48.69642857142857,0.0,0.0,0.0,2.9333215487652695,False,True,530,PV+/PNN-,88.97455728,10.643586087602236,0.0,0.0,0.0,False,NONE
778,1555,1530,61.96442382,8.88231697105848,3941.0,50.52564102564103,0.0,0.0,0.0,0.6599865517504581,False,True,533,PV+/PNN-,61.96442382,8.88231697105848,0.0,0.0,0.0,False,NONE
779,1573,2665,212.10898923,16.433671314756197,18967.0,71.0374531835206,0.0,0.0,0.0,3.906673020271269,False,True,535,PV+/PNN-,212.10898923,16.433671314756197,0.0,0.0,0.0,False,NONE
780,1574,2784,58.78676106,8.651568001725998,4045.0,54.66216216216216,0.0,0.0,0.0,3.5541124682890652,False,True,536,PV+/PNN-,58.78676106,8.651568001725998,0.0,0.0,0.0,False,NONE
781,1586,2829,65.14208658,9.10722134683339,5828.0,71.07317073170732,0.0,0.0,0.0,2.52206540934459,False,True,538,PV+/PNN-,65.14208658,9.10722134683339,0.0,0.0,0.0,False,NONE
782,1591,2654,246.2688639,17.707604472499426,44031.0,142.03548387096774,0.0,0.0,0.0,3.6499820542375927,False,True,539,PV+/PNN-,246.2688639,17.707604472499426,0.0,0.0,0.0,False,NONE
783,1599,2625,119.1623535,12.317557416952052,18776.0,125.17333333333333,0.0,0.0,0.0,2.962645899576135,False,True,540,PV+/PNN-,119.1623535,12.317557416952052,0.0,0.0,0.0,False,NONE
784,1601,2402,104.06845539,11.51104134134072,14425.0,110.1145038167939,0.0,0.0,0.0,4.709186986323066,False,True,541,PV+/PNN-,104.06845539,11.51104134134072,0.0,0.0,0.0,False,NONE
785,1605,2118,75.46949055,9.802588422925686,2469.0,25.989473684210527,0.0,0.0,0.0,3.043327522070589,False,True,544,PV+/PNN-,75.46949055,9.802588422925686,0.0,0.0,0.0,False,NONE
786,1625,2643,141.40599282,13.418036440588484,25092.0,140.96629213483146,0.0,0.0,0.0,3.975837419830612,False,True,545,PV+/PNN-,141.40599282,13.418036440588484,0.0,0.0,0.0,False,NONE
787,1626,2099,126.31209471,12.681701540530954,4247.0,26.71069182389937,0.0,0.0,0.0,3.515541254534381,False,True,546,PV+/PNN-,126.31209471,12.681701540530954,0.0,0.0,0.0,False,NONE
788,1626,2775,108.04053384,11.728660627684029,7274.0,53.48529411764706,0.0,0.0,0.0,2.6748380026925367,False,True,547,PV+/PNN-,108.04053384,11.728660627684029,0.0,0.0,0.0,False,NONE
789,1634,2812,181.12677732,15.186104684686724,14776.0,64.80701754385964,0.0,0.0,0.0,2.691782434420694,False,True,549,PV+/PNN-,181.12677732,15.186104684686724,0.0,0.0,0.0,False,NONE
790,1636,2625,216.08106768,16.586830928142092,25181.0,92.57720588235294,0.0,0.0,0.0,3.500139411547316,False,True,550,PV+/PNN-,216.08106768,16.586830928142092,0.0,0.0,0.0,False,NONE
791,1636,2587,135.05066730000001,13.113041224263421,12538.0,73.75294117647059,0.0,0.0,0.0,3.244263123353066,False,True,551,PV+/PNN-,135.05066730000001,13.113041224263421,0.0,0.0,0.0,False,NONE
792,1636,2857,103.2740397,11.467021901548332,12377.0,95.20769230769231,0.0,0.0,0.0,2.6153796873320467,False,True,552,PV+/PNN-,103.2740397,11.467021901548332,0.0,0.0,0.0,False,NONE
793,1642,2521,158.08872231,14.187487896796528,24902.0,125.1356783919598,0.0,0.0,0.0,4.7354657934152815,False,True,553,PV+/PNN-,158.08872231,14.187487896796528,0.0,0.0,0.0,False,NONE
794,1645,2597,112.01261229,11.942314996545514,14364.0,101.87234042553192,0.0,0.0,0.0,3.404538846531529,False,True,554,PV+/PNN-,112.01261229,11.942314996545514,0.0,0.0,0.0,False,NONE
795,1655,1007,619.6442382,28.08835252811269,35332.0,45.297435897435896,0.0,0.0,0.0,1.3611506636728106,False,True,555,PV+/PNN-,619.6442382,28.08835252811269,0.0,0.0,0.0,False,NONE
796,1651,2678,119.95676919,12.358547737957586,24225.0,160.43046357615893,0.0,0.0,0.0,4.144629731188451,False,True,556,PV+/PNN-,119.95676919,12.358547737957586,0.0,0.0,0.0,False,NONE
797,1652,92,64.34767089,9.051519164690074,2411.0,29.765432098765434,0.0,0.0,0.0,0.7041836582375508,False,True,557,PV+/PNN-,64.34767089,9.051519164690074,0.0,0.0,0.0,False,NONE
798,1661,931,162.85521645,14.3997813056499,4792.0,23.37560975609756,0.0,0.0,0.0,0.9008241308460752,False,True,559,PV+/PNN-,162.85521645,14.3997813056499,0.0,0.0,0.0,False,NONE
799,1659,339,78.64715331000001,10.006830950662698,4034.0,40.74747474747475,0.0,0.0,0.0,0.8193468532353368,False,True,560,PV+/PNN-,78.64715331000001,10.006830950662698,0.0,0.0,0.0,False,NONE
800,1672,2514,133.46183592,13.035677474005707,15392.0,91.61904761904762,0.0,0.0,0.0,3.123616610456096,False,True,562,PV+/PNN-,133.46183592,13.035677474005707,0.0,0.0,0.0,False,NONE
801,1684,258,95.32988280000001,11.017158280424603,4826.0,40.21666666666667,0.0,0.0,0.0,0.41492597146934534,False,True,564,PV+/PNN-,95.32988280000001,11.017158280424603,0.0,0.0,0.0,False,NONE
802,1687,168,54.02026692,8.293415464071046,3211.0,47.220588235294116,0.0,0.0,0.0,0.4840113525614497,False,True,565,PV+/PNN-,54.02026692,8.293415464071046,0.0,0.0,0.0,False,NONE
803,1707,292,170.79937335,14.746813769937052,7791.0,36.23720930232558,0.0,0.0,0.0,1.695915746959498,False,True,567,PV+/PNN-,170.79937335,14.746813769937052,0.0,0.0,0.0,False,NONE
804,1706,2745,64.34767089,9.051519164690074,15107.0,186.50617283950618,0.0,0.0,0.0,3.709681186520361,False,True,568,PV+/PNN-,64.34767089,9.051519164690074,0.0,0.0,0.0,False,NONE
805,1719,2858,158.883138,14.223090180871878,14372.0,71.86,0.0,0.0,0.0,2.2845335840900427,False,True,569,PV+/PNN-,158.883138,14.223090180871878,0.0,0.0,0.0,False,NONE
806,1724,2775,239.11912269,17.448665361891926,23880.0,79.33554817275747,0.0,0.0,0.0,2.665835080604233,False,True,570,PV+/PNN-,239.11912269,17.448665361891926,0.0,0.0,0.0,False,NONE
807,1729,2342,67.52533365000001,9.272320371655413,3439.0,40.45882352941177,0.0,0.0,0.0,2.3536238320635205,False,True,572,PV+/PNN-,67.52533365000001,9.272320371655413,0.0,0.0,0.0,False,NONE
808,1739,498,119.1623535,12.317557416952052,4318.0,28.786666666666665,0.0,0.0,0.0,1.1063589412737957,False,True,573,PV+/PNN-,119.1623535,12.317557416952052,0.0,0.0,0.0,False,NONE
809,1747,918,328.88809566,20.46346327450349,8332.0,20.1256038647343,0.0,0.0,0.0,1.2277448876196417,False,True,574,PV+/PNN-,328.88809566,20.46346327450349,0.0,0.0,0.0,False,NONE
810,1748,453,154.91105955,14.044176264056345,5379.0,27.584615384615386,0.0,0.0,0.0,1.4747549061872338,False,True,575,PV+/PNN-,154.91105955,14.044176264056345,0.0,0.0,0.0,False,NONE
811,1754,470,230.3805501,17.126868561566074,7910.0,27.275862068965516,0.0,0.0,0.0,1.4310645119058247,False,True,576,PV+/PNN-,230.3805501,17.126868561566074,0.0,0.0,0.0,False,NONE
812,1758,442,172.38820473,14.815244827816286,7091.0,32.67741935483871,0.0,0.0,0.0,1.5842035290029726,False,True,578,PV+/PNN-,172.38820473,14.815244827816286,0.0,0.0,0.0,False,NONE
813,1759,535,148.55573403,13.753073662427433,7141.0,38.18716577540107,0.0,0.0,0.0,1.737742116477307,False,True,579,PV+/PNN-,148.55573403,13.753073662427433,0.0,0.0,0.0,False,NONE
814,1761,425,195.42625974,15.774170088491289,7365.0,29.9390243902439,0.0,0.0,0.0,1.416214997822078,False,True,580,PV+/PNN-,195.42625974,15.774170088491289,0.0,0.0,0.0,False,NONE
815,1761,194,108.83494953,11.77170172875832,6201.0,45.262773722627735,0.0,0.0,0.0,2.536099911343879,False,True,581,PV+/PNN-,108.83494953,11.77170172875832,0.0,0.0,0.0,False,NONE
816,1766,453,208.13691078,16.279070781961433,8152.0,31.114503816793892,0.0,0.0,0.0,1.6573291449814056,False,True,582,PV+/PNN-,208.13691078,16.279070781961433,0.0,0.0,0.0,False,NONE
817,1766,481,139.02274575,13.304482609502793,4406.0,25.177142857142858,0.0,0.0,0.0,1.811798100401453,False,True,583,PV+/PNN-,139.02274575,13.304482609502793,0.0,0.0,0.0,False,NONE
818,1767,346,85.00247883,10.403293586497956,3250.0,30.373831775700936,0.0,0.0,0.0,1.331060216150299,False,True,584,PV+/PNN-,85.00247883,10.403293586497956,0.0,0.0,0.0,False,NONE
819,1768,496,150.14456541,13.82642390884524,5899.0,31.211640211640212,0.0,0.0,0.0,1.6791667762449316,False,True,585,PV+/PNN-,150.14456541,13.82642390884524,0.0,0.0,0.0,False,NONE
820,1773,518,244.68003252,17.650390738211705,8913.0,28.93831168831169,0.0,0.0,0.0,1.5879053764353657,False,True,586,PV+/PNN-,244.68003252,17.650390738211705,0.0,0.0,0.0,False,NONE
821,1771,574,108.04053384,11.728660627684029,3083.0,22.669117647058822,0.0,0.0,0.0,1.506786473132477,False,True,587,PV+/PNN-,108.04053384,11.728660627684029,0.0,0.0,0.0,False,NONE
822,1776,436,243.88561683,17.621714211168094,7310.0,23.811074918566774,0.0,0.0,0.0,1.538261086416795,False,True,589,PV+/PNN-,243.88561683,17.621714211168094,0.0,0.0,0.0,False,NONE
823,1776,534,275.66224443,18.73456886610221,10302.0,29.688760806916427,0.0,0.0,0.0,1.7021405668443446,False,True,590,PV+/PNN-,275.66224443,18.73456886610221,0.0,0.0,0.0,False,NONE
824,1777,563,229.58613441,17.097313977747916,7303.0,25.269896193771626,0.0,0.0,0.0,1.5260249689134662,False,True,591,PV+/PNN-,229.58613441,17.097313977747916,0.0,0.0,0.0,False,NONE
825,1777,412,98.50754556,11.199272407696524,3123.0,25.18548387096774,0.0,0.0,0.0,1.644998054321751,False,True,592,PV+/PNN-,98.50754556,11.199272407696524,0.0,0.0,0.0,False,NONE
826,1778,264,86.59131021,10.500070494515816,4226.0,38.77064220183486,0.0,0.0,0.0,1.1486018641825229,False,True,593,PV+/PNN-,86.59131021,10.500070494515816,0.0,0.0,0.0,False,NONE
827,1781,350,150.9389811,13.862953494062992,4287.0,22.563157894736843,0.0,0.0,0.0,1.3560156112247903,False,True,594,PV+/PNN-,150.9389811,13.862953494062992,0.0,0.0,0.0,False,NONE
828,1781,366,123.13443195,12.521167201073583,3825.0,24.677419354838708,0.0,0.0,0.0,1.5203321029672137,False,True,595,PV+/PNN-,123.13443195,12.521167201073583,0.0,0.0,0.0,False,NONE
829,1780,251,57.19792968,8.533854108523126,3076.0,42.72222222222222,0.0,0.0,0.0,1.5230499683878098,False,True,596,PV+/PNN-,57.19792968,8.533854108523126,0.0,0.0,0.0,False,NONE
830,1783,449,168.41612628000001,14.643567596416075,4957.0,23.382075471698112,0.0,0.0,0.0,1.5138526339186127,False,True,597,PV+/PNN-,168.41612628000001,14.643567596416075,0.0,0.0,0.0,False,NONE
831,1787,546,257.39068356,18.103038329380148,11136.0,34.370370370370374,0.0,0.0,0.0,1.7794580084357952,False,True,598,PV+/PNN-,257.39068356,18.103038329380148,0.0,0.0,0.0,False,NONE
832,1787,461,157.29430662000001,14.151796046802042,5772.0,29.151515151515152,0.0,0.0,0.0,1.2894433495071411,False,True,599,PV+/PNN-,157.29430662000001,14.151796046802042,0.0,0.0,0.0,False,NONE
833,1784,286,82.61923176,10.256416188536388,2836.0,27.26923076923077,0.0,0.0,0.0,1.000958388877081,False,True,600,PV+/PNN-,82.61923176,10.256416188536388,0.0,0.0,0.0,False,NONE
834,1784,379,117.57352212,12.235164803834003,3322.0,22.445945945945947,0.0,0.0,0.0,1.475178051673774,False,True,601,PV+/PNN-,117.57352212,12.235164803834003,0.0,0.0,0.0,False,NONE
835,1788,574,135.05066730000001,13.113041224263421,3571.0,21.00588235294118,0.0,0.0,0.0,1.4016618354720716,False,True,602,PV+/PNN-,135.05066730000001,13.113041224263421,0.0,0.0,0.0,False,NONE
836,1789,398,201.78158526,16.028608603131524,5469.0,21.531496062992126,0.0,0.0,0.0,1.4103072562420436,False,True,604,PV+/PNN-,201.78158526,16.028608603131524,0.0,0.0,0.0,False,NONE
837,1790,425,110.42378091,11.857315232959936,2687.0,19.33093525179856,0.0,0.0,0.0,1.7389052024509861,False,True,605,PV+/PNN-,110.42378091,11.857315232959936,0.0,0.0,0.0,False,NONE
838,1792,654,211.31457354,16.40286778005525,6145.0,23.101503759398497,0.0,0.0,0.0,1.4678038511262008,False,True,606,PV+/PNN-,211.31457354,16.40286778005525,0.0,0.0,0.0,False,NONE
839,1791,519,177.94911456,15.052303797372671,6253.0,27.915178571428573,0.0,0.0,0.0,1.398181146204298,False,True,608,PV+/PNN-,177.94911456,15.052303797372671,0.0,0.0,0.0,False,NONE
840,1791,243,143.78923989,13.53063732184699,7762.0,42.88397790055249,0.0,0.0,0.0,1.316203700774839,False,True,609,PV+/PNN-,143.78923989,13.53063732184699,0.0,0.0,0.0,False,NONE
841,1797,560,242.29678545000002,17.56422069996706,7929.0,25.996721311475408,0.0,0.0,0.0,1.4445063485440492,False,True,610,PV+/PNN-,242.29678545000002,17.56422069996706,0.0,0.0,0.0,False,NONE
842,1793,585,103.2740397,11.467021901548332,3040.0,23.384615384615383,0.0,0.0,0.0,1.4812465771880579,False,True,611,PV+/PNN-,103.2740397,11.467021901548332,0.0,0.0,0.0,False,NONE
843,1794,327,77.05832193,9.90523612702942,1885.0,19.432989690721648,0.0,0.0,0.0,0.8776943903176171,False,True,612,PV+/PNN-,77.05832193,9.90523612702942,0.0,0.0,0.0,False,NONE
844,1799,252,92.94663573,10.878572156378345,4642.0,39.675213675213676,0.0,0.0,0.0,1.6984417657711885,False,True,613,PV+/PNN-,92.94663573,10.878572156378345,0.0,0.0,0.0,False,NONE
845,1802,452,209.72574216,16.34108651427568,6900.0,26.136363636363637,0.0,0.0,0.0,1.424956499499093,False,True,614,PV+/PNN-,209.72574216,16.34108651427568,0.0,0.0,0.0,False,NONE
846,1803,298,123.13443195,12.521167201073583,4478.0,28.89032258064516,0.0,0.0,0.0,1.416563912244362,False,True,615,PV+/PNN-,123.13443195,12.521167201073583,0.0,0.0,0.0,False,NONE
847,1802,368,83.41364745,10.305607915302103,2383.0,22.695238095238096,0.0,0.0,0.0,1.485010655331393,False,True,616,PV+/PNN-,83.41364745,10.305607915302103,0.0,0.0,0.0,False,NONE
848,1807,241,202.57600095,16.06012998776311,8121.0,31.847058823529412,0.0,0.0,0.0,1.3500728929165022,False,True,617,PV+/PNN-,202.57600095,16.06012998776311,0.0,0.0,0.0,False,NONE
849,1811,644,385.29160965,22.14878131322453,9575.0,19.742268041237114,0.0,0.0,0.0,1.5957149323675393,False,True,618,PV+/PNN-,385.29160965,22.14878131322453,0.0,0.0,0.0,False,NONE
850,1808,276,84.20806314000001,10.354565948189398,4064.0,38.339622641509436,0.0,0.0,0.0,1.457888089524715,False,True,619,PV+/PNN-,84.20806314000001,10.354565948189398,0.0,0.0,0.0,False,NONE
851,1812,411,181.12677732,15.186104684686724,3858.0,16.92105263157895,0.0,0.0,0.0,1.2658758451607146,False,True,620,PV+/PNN-,181.12677732,15.186104684686724,0.0,0.0,0.0,False,NONE
852,1809,311,92.94663573,10.878572156378345,3356.0,28.683760683760685,0.0,0.0,0.0,1.5380593057508265,False,True,621,PV+/PNN-,92.94663573,10.878572156378345,0.0,0.0,0.0,False,NONE
853,1814,624,229.58613441,17.097313977747916,5847.0,20.231833910034602,0.0,0.0,0.0,1.4537088374509977,False,True,622,PV+/PNN-,229.58613441,17.097313977747916,0.0,0.0,0.0,False,NONE
854,1811,435,166.03287921,14.539588286344586,5090.0,24.354066985645932,0.0,0.0,0.0,1.3923565445786865,False,True,623,PV+/PNN-,166.03287921,14.539588286344586,0.0,0.0,0.0,False,NONE
855,1816,504,211.31457354,16.40286778005525,5933.0,22.304511278195488,0.0,0.0,0.0,1.1051919143508406,False,True,624,PV+/PNN-,211.31457354,16.40286778005525,0.0,0.0,0.0,False,NONE
856,1813,583,151.73339679,13.899387074616612,5918.0,30.984293193717278,0.0,0.0,0.0,1.4760104557371314,False,True,625,PV+/PNN-,151.73339679,13.899387074616612,0.0,0.0,0.0,False,NONE
857,1810,254,62.75883951,8.93907356753593,3055.0,38.67088607594937,0.0,0.0,0.0,2.0755462479850286,False,True,626,PV+/PNN-,62.75883951,8.93907356753593,0.0,0.0,0.0,False,NONE
858,1812,287,142.20040851,13.455674765407588,4848.0,27.083798882681563,0.0,0.0,0.0,1.3700135119057795,False,True,627,PV+/PNN-,142.20040851,13.455674765407588,0.0,0.0,0.0,False,NONE
859,1818,394,257.39068356,18.103038329380148,6833.0,21.089506172839506,0.0,0.0,0.0,1.1529551845599586,False,True,628,PV+/PNN-,257.39068356,18.103038329380148,0.0,0.0,0.0,False,NONE
860,1819,489,164.44404783,14.469853647963289,3703.0,17.88888888888889,0.0,0.0,0.0,0.9446405141779018,False,True,629,PV+/PNN-,164.44404783,14.469853647963289,0.0,0.0,0.0,False,NONE
861,1819,270,162.06080076,14.36461695204847,6022.0,29.519607843137255,0.0,0.0,0.0,1.3456926996806522,False,True,630,PV+/PNN-,162.06080076,14.36461695204847,0.0,0.0,0.0,False,NONE
862,1819,296,98.50754556,11.199272407696524,3556.0,28.677419354838708,0.0,0.0,0.0,1.401591187194074,False,True,631,PV+/PNN-,98.50754556,11.199272407696524,0.0,0.0,0.0,False,NONE
863,1821,43,181.12677732,15.186104684686724,6965.0,30.54824561403509,0.0,0.0,0.0,1.2641340139324233,False,True,632,PV+/PNN-,181.12677732,15.186104684686724,0.0,0.0,0.0,False,NONE
864,1824,247,181.12677732,15.186104684686724,7466.0,32.74561403508772,0.0,0.0,0.0,1.587896893491072,False,True,633,PV+/PNN-,181.12677732,15.186104684686724,0.0,0.0,0.0,False,NONE
865,1825,608,158.08872231,14.187487896796528,4635.0,23.29145728643216,0.0,0.0,0.0,1.3909791531414217,False,True,634,PV+/PNN-,158.08872231,14.187487896796528,0.0,0.0,0.0,False,NONE
866,1822,383,81.03040038,10.157318055940708,2819.0,27.637254901960784,0.0,0.0,0.0,1.3198982284028675,False,True,635,PV+/PNN-,81.03040038,10.157318055940708,0.0,0.0,0.0,False,NONE
867,1827,434,211.31457354,16.40286778005525,4987.0,18.74812030075188,0.0,0.0,0.0,1.1160161512695081,False,True,636,PV+/PNN-,211.31457354,16.40286778005525,0.0,0.0,0.0,False,NONE
868,1826,551,99.30196125,11.244340084382843,4267.0,34.136,0.0,0.0,0.0,1.198958173032219,False,True,637,PV+/PNN-,99.30196125,11.244340084382843,0.0,0.0,0.0,False,NONE
869,1829,408,211.31457354,16.40286778005525,4292.0,16.13533834586466,0.0,0.0,0.0,0.9939635487728093,False,True,638,PV+/PNN-,211.31457354,16.40286778005525,0.0,0.0,0.0,False,NONE
870,1830,303,154.91105955,14.044176264056345,4394.0,22.533333333333335,0.0,0.0,0.0,1.1873393548174105,False,True,639,PV+/PNN-,154.91105955,14.044176264056345,0.0,0.0,0.0,False,NONE
871,1826,373,90.56338866,10.738197602350779,2400.0,21.05263157894737,0.0,0.0,0.0,0.961490838016807,False,True,640,PV+/PNN-,90.56338866,10.738197602350779,0.0,0.0,0.0,False,NONE
872,1833,494,170.79937335,14.746813769937052,4009.0,18.64651162790698,0.0,0.0,0.0,0.9674454703553843,False,True,641,PV+/PNN-,170.79937335,14.746813769937052,0.0,0.0,0.0,False,NONE
873,1835,615,155.70547524,14.080140922851225,4438.0,22.642857142857142,0.0,0.0,0.0,1.589056633160929,False,True,642,PV+/PNN-,155.70547524,14.080140922851225,0.0,0.0,0.0,False,NONE
874,1834,481,154.91105955,14.044176264056345,3540.0,18.153846153846153,0.0,0.0,0.0,0.8673381607767832,False,True,643,PV+/PNN-,154.91105955,14.044176264056345,0.0,0.0,0.0,False,NONE
875,1834,655,213.69782061,16.495105814282393,4793.0,17.817843866171003,0.0,0.0,0.0,1.7489183445714835,False,True,644,PV+/PNN-,213.69782061,16.495105814282393,0.0,0.0,0.0,False,NONE
876,1834,507,166.8272949,14.574330482319752,4394.0,20.923809523809524,0.0,0.0,0.0,1.1046569233307226,False,True,645,PV+/PNN-,166.8272949,14.574330482319752,0.0,0.0,0.0,False,NONE
877,1835,364,170.00495766,14.712478883374446,4710.0,22.009345794392523,0.0,0.0,0.0,0.7968267414563048,False,True,646,PV+/PNN-,170.00495766,14.712478883374446,0.0,0.0,0.0,False,NONE
878,1837,459,177.94911456,15.052303797372671,4502.0,20.098214285714285,0.0,0.0,0.0,0.9004295446232464,False,True,647,PV+/PNN-,177.94911456,15.052303797372671,0.0,0.0,0.0,False,NONE
879,1837,578,128.69534178,12.800781162784691,4902.0,30.25925925925926,0.0,0.0,0.0,1.3440163294298946,False,True,648,PV+/PNN-,128.69534178,12.800781162784691,0.0,0.0,0.0,False,NONE
880,1836,539,123.13443195,12.521167201073583,2907.0,18.75483870967742,0.0,0.0,0.0,1.001170877159366,False,True,649,PV+/PNN-,123.13443195,12.521167201073583,0.0,0.0,0.0,False,NONE
881,1839,527,145.37807127,13.6051868520168,3114.0,17.016393442622952,0.0,0.0,0.0,0.9215001062918563,False,True,650,PV+/PNN-,145.37807127,13.6051868520168,0.0,0.0,0.0,False,NONE
882,1841,569,121.54560057,12.440123196106569,5666.0,37.032679738562095,0.0,0.0,0.0,1.4133423507676721,False,True,651,PV+/PNN-,121.54560057,12.440123196106569,0.0,0.0,0.0,False,NONE
883,1842,2466,188.27651853,15.482929591568213,6685.0,28.206751054852322,0.0,0.0,0.0,3.060430540852685,False,True,652,PV+/PNN-,188.27651853,15.482929591568213,0.0,0.0,0.0,False,NONE
884,1841,669,128.69534178,12.800781162784691,2427.0,14.981481481481481,0.0,0.0,0.0,1.6219513068108602,False,True,653,PV+/PNN-,128.69534178,12.800781162784691,0.0,0.0,0.0,False,NONE
885,1844,431,171.59378904,14.781068900342463,3323.0,15.38425925925926,0.0,0.0,0.0,0.7060222578674138,False,True,654,PV+/PNN-,171.59378904,14.781068900342463,0.0,0.0,0.0,False,NONE
886,1845,846,269.30691891,18.517349130666563,5981.0,17.64306784660767,0.0,0.0,0.0,0.9984084113951937,False,True,655,PV+/PNN-,269.30691891,18.517349130666563,0.0,0.0,0.0,False,NONE
887,1844,310,125.51767902,12.64175907426016,5262.0,33.30379746835443,0.0,0.0,0.0,1.3054639207353609,False,True,656,PV+/PNN-,125.51767902,12.64175907426016,0.0,0.0,0.0,False,NONE
888,1846,374,177.94911456,15.052303797372671,4344.0,19.392857142857142,0.0,0.0,0.0,0.9655849190065185,False,True,657,PV+/PNN-,177.94911456,15.052303797372671,0.0,0.0,0.0,False,NONE
889,1845,472,130.28417316,12.879555944225542,3455.0,21.067073170731707,0.0,0.0,0.0,0.7794429223550551,False,True,658,PV+/PNN-,130.28417316,12.879555944225542,0.0,0.0,0.0,False,NONE
890,1849,604,218.46431475,16.67805158443783,5460.0,19.854545454545455,0.0,0.0,0.0,1.1831087756411156,False,True,659,PV+/PNN-,218.46431475,16.67805158443783,0.0,0.0,0.0,False,NONE
891,1843,1897,19.86039225,5.028621758161151,1195.0,47.8,0.0,0.0,0.0,1.1477274329457148,False,True,660,PV+/PNN-,19.86039225,5.028621758161151,0.0,0.0,0.0,False,NONE
892,1846,2734,122.34001626,12.48071098158173,12377.0,80.37012987012987,0.0,0.0,0.0,3.5542518636979983,False,True,661,PV+/PNN-,122.34001626,12.48071098158173,0.0,0.0,0.0,False,NONE
893,1848,648,150.14456541,13.82642390884524,3160.0,16.719576719576718,0.0,0.0,0.0,1.6518504388869661,False,True,662,PV+/PNN-,150.14456541,13.82642390884524,0.0,0.0,0.0,False,NONE
894,1847,2401,158.08872231,14.187487896796528,4557.0,22.899497487437184,0.0,0.0,0.0,2.4843546244862664,False,True,663,PV+/PNN-,158.08872231,14.187487896796528,0.0,0.0,0.0,False,NONE
895,1852,385,148.55573403,13.753073662427433,3363.0,17.983957219251337,0.0,0.0,0.0,0.7143696968286638,False,True,664,PV+/PNN-,148.55573403,13.753073662427433,0.0,0.0,0.0,False,NONE
896,1852,442,216.08106768,16.586830928142092,4675.0,17.1875,0.0,0.0,0.0,0.5947937398181616,False,True,665,PV+/PNN-,216.08106768,16.586830928142092,0.0,0.0,0.0,False,NONE
897,1852,455,137.43391437,13.228238528376714,2543.0,14.699421965317919,0.0,0.0,0.0,0.6057494977069633,False,True,666,PV+/PNN-,137.43391437,13.228238528376714,0.0,0.0,0.0,False,NONE
898,1855,465,97.71312987,11.154022637162193,2654.0,21.577235772357724,0.0,0.0,0.0,0.9617669819920239,False,True,667,PV+/PNN-,97.71312987,11.154022637162193,0.0,0.0,0.0,False,NONE
899,1855,320,178.74353025,15.085865274483455,6469.0,28.75111111111111,0.0,0.0,0.0,0.9299636927847342,False,True,668,PV+/PNN-,178.74353025,15.085865274483455,0.0,0.0,0.0,False,NONE
900,1853,480,74.67507486,9.75085936304132,3058.0,32.53191489361702,0.0,0.0,0.0,1.3207991192102408,False,True,669,PV+/PNN-,74.67507486,9.75085936304132,0.0,0.0,0.0,False,NONE
901,1856,2782,115.98469074,12.152213577535832,14098.0,96.56164383561644,0.0,0.0,0.0,3.418510810434012,False,True,670,PV+/PNN-,115.98469074,12.152213577535832,0.0,0.0,0.0,False,NONE
902,1862,232,273.27899736,18.65340789733415,9685.0,28.15406976744186,0.0,0.0,0.0,1.3484204169153804,False,True,671,PV+/PNN-,273.27899736,18.65340789733415,0.0,0.0,0.0,False,NONE
903,1859,292,189.86534991,15.548121162390995,5272.0,22.05857740585774,0.0,0.0,0.0,1.0925435959546081,False,True,672,PV+/PNN-,189.86534991,15.548121162390995,0.0,0.0,0.0,False,NONE
904,1862,268,121.54560057,12.440123196106569,3644.0,23.81699346405229,0.0,0.0,0.0,1.183625549954194,False,True,674,PV+/PNN-,121.54560057,12.440123196106569,0.0,0.0,0.0,False,NONE
905,1861,344,120.75118488,12.39940255265723,10335.0,67.99342105263158,0.0,0.0,0.0,1.081677192768908,False,True,675,PV+/PNN-,120.75118488,12.39940255265723,0.0,0.0,0.0,False,NONE
906,1862,395,115.98469074,12.152213577535832,2658.0,18.205479452054796,0.0,0.0,0.0,0.7558533450959626,False,True,676,PV+/PNN-,115.98469074,12.152213577535832,0.0,0.0,0.0,False,NONE
907,1866,650,297.90588375,19.475768323734403,7879.0,21.010666666666665,0.0,0.0,0.0,2.0348002735650033,False,True,677,PV+/PNN-,297.90588375,19.475768323734403,0.0,0.0,0.0,False,NONE
908,1867,1133,243.09120114,17.592990941526043,8812.0,28.797385620915033,0.0,0.0,0.0,0.6109558417115535,False,True,678,PV+/PNN-,243.09120114,17.592990941526043,0.0,0.0,0.0,False,NONE
909,1867,380,131.07858885,12.91876320674319,3263.0,19.775757575757577,0.0,0.0,0.0,0.8857370144154829,False,True,679,PV+/PNN-,131.07858885,12.91876320674319,0.0,0.0,0.0,False,NONE
910,1873,356,173.97703611,14.883361255142246,5931.0,27.08219178082192,0.0,0.0,0.0,0.8781454067781553,False,True,680,PV+/PNN-,173.97703611,14.883361255142246,0.0,0.0,0.0,False,NONE
911,1874,276,135.84508299,13.151552441468574,3414.0,19.964912280701753,0.0,0.0,0.0,1.0506145358643795,False,True,681,PV+/PNN-,135.84508299,13.151552441468574,0.0,0.0,0.0,False,NONE
912,1873,390,103.2740397,11.467021901548332,2567.0,19.746153846153845,0.0,0.0,0.0,0.8435353671070945,False,True,682,PV+/PNN-,103.2740397,11.467021901548332,0.0,0.0,0.0,False,NONE
913,1876,223,150.9389811,13.862953494062992,4665.0,24.55263157894737,0.0,0.0,0.0,1.4579127380798325,False,True,683,PV+/PNN-,150.9389811,13.862953494062992,0.0,0.0,0.0,False,NONE
914,1876,545,192.24859698,15.645399198959067,3656.0,15.107438016528926,0.0,0.0,0.0,1.170694125479209,False,True,684,PV+/PNN-,192.24859698,15.645399198959067,0.0,0.0,0.0,False,NONE
915,1876,602,178.74353025,15.085865274483455,3261.0,14.493333333333334,0.0,0.0,0.0,1.3511500959937632,False,True,685,PV+/PNN-,178.74353025,15.085865274483455,0.0,0.0,0.0,False,NONE
916,1878,2481,160.47196938,14.294028726574819,5823.0,28.826732673267326,0.0,0.0,0.0,2.7465401757942436,False,True,686,PV+/PNN-,160.47196938,14.294028726574819,0.0,0.0,0.0,False,NONE
917,1880,213,125.51767902,12.64175907426016,2799.0,17.71518987341772,0.0,0.0,0.0,0.8913600825815208,False,True,687,PV+/PNN-,125.51767902,12.64175907426016,0.0,0.0,0.0,False,NONE
918,1879,582,123.92884764,12.56149312576761,2808.0,18.0,0.0,0.0,0.0,1.2038231076528365,False,True,688,PV+/PNN-,123.92884764,12.56149312576761,0.0,0.0,0.0,False,NONE
919,1883,557,131.87300454,12.957851838301272,2058.0,12.397590361445783,0.0,0.0,0.0,1.0688023318224413,False,True,689,PV+/PNN-,131.87300454,12.957851838301272,0.0,0.0,0.0,False,NONE
920,1886,232,122.34001626,12.48071098158173,2885.0,18.733766233766232,0.0,0.0,0.0,1.0573141767576124,False,True,690,PV+/PNN-,122.34001626,12.48071098158173,0.0,0.0,0.0,False,NONE
921,1885,298,162.85521645,14.3997813056499,3256.0,15.882926829268293,0.0,0.0,0.0,0.8172799574208345,False,True,691,PV+/PNN-,162.85521645,14.3997813056499,0.0,0.0,0.0,False,NONE
922,1884,494,129.48975747,12.84022896403991,5132.0,31.484662576687118,0.0,0.0,0.0,0.9310194776028642,False,True,692,PV+/PNN-,129.48975747,12.84022896403991,0.0,0.0,0.0,False,NONE
923,1883,652,66.73091796,9.217615939230159,1432.0,17.047619047619047,0.0,0.0,0.0,1.1937764739610848,False,True,693,PV+/PNN-,66.73091796,9.217615939230159,0.0,0.0,0.0,False,NONE
924,1887,402,77.85273762,9.956163126610313,2548.0,26.0,0.0,0.0,0.0,1.3833961317062473,False,True,694,PV+/PNN-,77.85273762,9.956163126610313,0.0,0.0,0.0,False,NONE
925,1893,524,210.52015785,16.372006289349773,3380.0,12.754716981132075,0.0,0.0,0.0,0.920909456871635,False,True,695,PV+/PNN-,210.52015785,16.372006289349773,0.0,0.0,0.0,False,NONE
926,1889,357,170.00495766,14.712478883374446,7844.0,36.654205607476634,0.0,0.0,0.0,1.1835254832343716,False,True,696,PV+/PNN-,170.00495766,14.712478883374446,0.0,0.0,0.0,False,NONE
927,1891,465,202.57600095,16.06012998776311,4403.0,17.266666666666666,0.0,0.0,0.0,0.7483316799381449,False,True,697,PV+/PNN-,202.57600095,16.06012998776311,0.0,0.0,0.0,False,NONE
928,1891,571,185.09885577,15.351715957885437,3498.0,15.012875536480687,0.0,0.0,0.0,1.3558922626614134,False,True,698,PV+/PNN-,185.09885577,15.351715957885437,0.0,0.0,0.0,False,NONE
929,1893,585,196.22067543,15.806198893222852,3593.0,14.54655870445344,0.0,0.0,0.0,1.2898930180585009,False,True,699,PV+/PNN-,196.22067543,15.806198893222852,0.0,0.0,0.0,False,NONE
930,1889,665,92.15222004,10.83198276817611,1948.0,16.79310344827586,0.0,0.0,0.0,1.3309242320655248,False,True,700,PV+/PNN-,92.15222004,10.83198276817611,0.0,0.0,0.0,False,NONE
931,1893,242,137.43391437,13.228238528376714,2863.0,16.54913294797688,0.0,0.0,0.0,0.8137875772131444,False,True,701,PV+/PNN-,137.43391437,13.228238528376714,0.0,0.0,0.0,False,NONE
932,1891,269,128.69534178,12.800781162784691,3015.0,18.61111111111111,0.0,0.0,0.0,0.9808929025319408,False,True,702,PV+/PNN-,128.69534178,12.800781162784691,0.0,0.0,0.0,False,NONE
933,1892,391,142.9948242,13.493208101259413,4150.0,23.055555555555557,0.0,0.0,0.0,1.2060294272086722,False,True,703,PV+/PNN-,142.9948242,13.493208101259413,0.0,0.0,0.0,False,NONE
934,1893,503,145.37807127,13.6051868520168,2561.0,13.994535519125684,0.0,0.0,0.0,0.5677655938972197,False,True,704,PV+/PNN-,145.37807127,13.6051868520168,0.0,0.0,0.0,False,NONE
935,1894,332,168.41612628000001,14.643567596416075,5058.0,23.858490566037737,0.0,0.0,0.0,0.8488346168530504,False,True,705,PV+/PNN-,168.41612628000001,14.643567596416075,0.0,0.0,0.0,False,NONE
936,1898,380,126.31209471,12.681701540530954,3789.0,23.830188679245282,0.0,0.0,0.0,1.014074422267111,False,True,706,PV+/PNN-,126.31209471,12.681701540530954,0.0,0.0,0.0,False,NONE
937,1899,454,158.883138,14.223090180871878,3674.0,18.37,0.0,0.0,0.0,1.1636129337477314,False,True,707,PV+/PNN-,158.883138,14.223090180871878,0.0,0.0,0.0,False,NONE
938,1899,481,154.91105955,14.044176264056345,3858.0,19.784615384615385,0.0,0.0,0.0,0.6720788800853267,False,True,708,PV+/PNN-,154.91105955,14.044176264056345,0.0,0.0,0.0,False,NONE
939,1903,922,286.78406409,19.10876268101238,5596.0,15.501385041551247,0.0,0.0,0.0,0.8272781581105708,False,True,709,PV+/PNN-,286.78406409,19.10876268101238,0.0,0.0,0.0,False,NONE
940,1904,492,173.97703611,14.883361255142246,3223.0,14.71689497716895,0.0,0.0,0.0,0.5700918167390451,False,True,710,PV+/PNN-,173.97703611,14.883361255142246,0.0,0.0,0.0,False,NONE
941,1903,273,128.69534178,12.800781162784691,3338.0,20.604938271604937,0.0,0.0,0.0,1.2389097172560566,False,True,711,PV+/PNN-,128.69534178,12.800781162784691,0.0,0.0,0.0,False,NONE
942,1906,471,81.82481607,10.206987389088184,1833.0,17.796116504854368,0.0,0.0,0.0,0.7041479572738641,False,True,712,PV+/PNN-,81.82481607,10.206987389088184,0.0,0.0,0.0,False,NONE
943,1907,511,197.01509112,15.838162927675212,3608.0,14.548387096774194,0.0,0.0,0.0,0.9820346135924203,False,True,713,PV+/PNN-,197.01509112,15.838162927675212,0.0,0.0,0.0,False,NONE
944,1909,568,241.50236976,17.53540325529143,4286.0,14.098684210526315,0.0,0.0,0.0,1.0181547851621588,False,True,714,PV+/PNN-,241.50236976,17.53540325529143,0.0,0.0,0.0,False,NONE
945,1906,438,106.45170246,11.642101063659146,2129.0,15.888059701492537,0.0,0.0,0.0,0.791681791369168,False,True,715,PV+/PNN-,106.45170246,11.642101063659146,0.0,0.0,0.0,False,NONE
946,1913,448,171.59378904,14.781068900342463,3667.0,16.97685185185185,0.0,0.0,0.0,0.9358472116002959,False,True,716,PV+/PNN-,171.59378904,14.781068900342463,0.0,0.0,0.0,False,NONE
947,1909,461,101.68520832,11.378472144697502,1718.0,13.421875,0.0,0.0,0.0,0.7647999897845984,False,True,717,PV+/PNN-,101.68520832,11.378472144697502,0.0,0.0,0.0,False,NONE
948,1913,616,205.75366371,16.185601660417575,4497.0,17.362934362934364,0.0,0.0,0.0,2.0359047963202532,False,True,718,PV+/PNN-,205.75366371,16.185601660417575,0.0,0.0,0.0,False,NONE
949,1913,354,130.28417316,12.879555944225542,2917.0,17.786585365853657,0.0,0.0,0.0,1.0476318269012994,False,True,719,PV+/PNN-,130.28417316,12.879555944225542,0.0,0.0,0.0,False,NONE
950,1910,383,73.08624348000001,9.646569098642193,2164.0,23.52173913043478,0.0,0.0,0.0,1.3063450217962873,False,True,720,PV+/PNN-,73.08624348000001,9.646569098642193,0.0,0.0,0.0,False,NONE
951,1917,523,159.67755369,14.258603569939103,2943.0,14.64179104477612,0.0,0.0,0.0,0.8775059755840444,False,True,721,PV+/PNN-,159.67755369,14.258603569939103,0.0,0.0,0.0,False,NONE
952,1913,497,88.97455728,10.643586087602236,1358.0,12.125,0.0,0.0,0.0,0.7543839945600618,False,True,722,PV+/PNN-,88.97455728,10.643586087602236,0.0,0.0,0.0,False,NONE
953,1915,2406,216.08106768,16.586830928142092,6160.0,22.647058823529413,0.0,0.0,0.0,1.8968061791746407,False,True,723,PV+/PNN-,216.08106768,16.586830928142092,0.0,0.0,0.0,False,NONE
954,1914,603,99.30196125,11.244340084382843,2152.0,17.216,0.0,0.0,0.0,1.4320778973018156,False,True,724,PV+/PNN-,99.30196125,11.244340084382843,0.0,0.0,0.0,False,NONE
955,1915,477,116.77910643,12.193759728054031,2362.0,16.068027210884352,0.0,0.0,0.0,0.8287206413297035,False,True,725,PV+/PNN-,116.77910643,12.193759728054031,0.0,0.0,0.0,False,NONE
956,1921,346,170.00495766,14.712478883374446,3669.0,17.14485981308411,0.0,0.0,0.0,0.9322988861464014,False,True,726,PV+/PNN-,170.00495766,14.712478883374446,0.0,0.0,0.0,False,NONE
957,1920,576,127.90092609,12.761211420003875,2335.0,14.503105590062113,0.0,0.0,0.0,1.2718884085465711,False,True,727,PV+/PNN-,127.90092609,12.761211420003875,0.0,0.0,0.0,False,NONE
958,1920,364,104.06845539,11.51104134134072,3203.0,24.450381679389313,0.0,0.0,0.0,1.2277915696215285,False,True,728,PV+/PNN-,104.06845539,11.51104134134072,0.0,0.0,0.0,False,NONE
959,1918,389,82.61923176,10.256416188536388,2139.0,20.567307692307693,0.0,0.0,0.0,1.1479756438957462,False,True,729,PV+/PNN-,82.61923176,10.256416188536388,0.0,0.0,0.0,False,NONE
960,1921,629,170.79937335,14.746813769937052,3441.0,16.004651162790697,0.0,0.0,0.0,1.4631746886973915,False,True,730,PV+/PNN-,170.79937335,14.746813769937052,0.0,0.0,0.0,False,NONE
961,1924,666,251.03535804,17.87814713507186,6200.0,19.620253164556964,0.0,0.0,0.0,1.709042357843561,False,True,731,PV+/PNN-,251.03535804,17.87814713507186,0.0,0.0,0.0,False,NONE
962,1921,464,138.22833006,13.266415342325757,2738.0,15.735632183908047,0.0,0.0,0.0,1.109531476635118,False,True,732,PV+/PNN-,138.22833006,13.266415342325757,0.0,0.0,0.0,False,NONE
963,1921,487,132.66742023,12.996822909266468,2186.0,13.089820359281438,0.0,0.0,0.0,0.7749532296193457,False,True,733,PV+/PNN-,132.66742023,12.996822909266468,0.0,0.0,0.0,False,NONE
964,1920,935,196.22067543,15.806198893222852,7417.0,30.02834008097166,0.0,0.0,0.0,0.9727457474919202,False,True,734,PV+/PNN-,196.22067543,15.806198893222852,0.0,0.0,0.0,False,NONE
965,1922,1173,85.79689452,10.451794052617739,1177.0,10.898148148148149,0.0,0.0,0.0,0.4955026002480938,False,True,735,PV+/PNN-,85.79689452,10.451794052617739,0.0,0.0,0.0,False,NONE
966,1926,598,177.15469887,15.0186673222671,3101.0,13.905829596412556,0.0,0.0,0.0,1.0302424006689155,False,True,736,PV+/PNN-,177.15469887,15.0186673222671,0.0,0.0,0.0,False,NONE
967,1929,429,212.10898923,16.433671314756197,3895.0,14.588014981273409,0.0,0.0,0.0,0.8260683528015061,False,True,737,PV+/PNN-,212.10898923,16.433671314756197,0.0,0.0,0.0,False,NONE
968,1926,451,153.32222817,13.97196922387648,2770.0,14.352331606217616,0.0,0.0,0.0,0.956062281105837,False,True,738,PV+/PNN-,153.32222817,13.97196922387648,0.0,0.0,0.0,False,NONE
969,1927,584,89.76897297000001,10.690996505268625,1460.0,12.920353982300885,0.0,0.0,0.0,0.8518248355948728,False,True,739,PV+/PNN-,89.76897297000001,10.690996505268625,0.0,0.0,0.0,False,NONE
970,1932,362,131.87300454,12.957851838301272,2658.0,16.012048192771083,0.0,0.0,0.0,0.9614436197003774,False,True,740,PV+/PNN-,131.87300454,12.957851838301272,0.0,0.0,0.0,False,NONE
971,1932,295,84.20806314000001,10.354565948189398,2172.0,20.49056603773585,0.0,0.0,0.0,0.8551569712406455,False,True,741,PV+/PNN-,84.20806314000001,10.354565948189398,0.0,0.0,0.0,False,NONE
972,1936,393,135.05066730000001,13.113041224263421,2576.0,15.152941176470588,0.0,0.0,0.0,1.0369377453669428,False,True,742,PV+/PNN-,135.05066730000001,13.113041224263421,0.0,0.0,0.0,False,NONE
973,1937,442,163.64963214,14.434859996619657,2965.0,14.393203883495145,0.0,0.0,0.0,0.9817586509013424,False,True,743,PV+/PNN-,163.64963214,14.434859996619657,0.0,0.0,0.0,False,NONE
974,1936,484,141.40599282,13.418036440588484,2571.0,14.4438202247191,0.0,0.0,0.0,0.9049938571373694,False,True,744,PV+/PNN-,141.40599282,13.418036440588484,0.0,0.0,0.0,False,NONE
975,1937,573,107.24611815,11.68546099424064,1586.0,11.748148148148148,0.0,0.0,0.0,0.8663481455914724,False,True,746,PV+/PNN-,107.24611815,11.68546099424064,0.0,0.0,0.0,False,NONE
976,1938,341,127.90092609,12.761211420003875,2496.0,15.503105590062113,0.0,0.0,0.0,0.803525137617543,False,True,747,PV+/PNN-,127.90092609,12.761211420003875,0.0,0.0,0.0,False,NONE
977,1937,583,86.59131021,10.500070494515816,1707.0,15.660550458715596,0.0,0.0,0.0,1.2141842069431428,False,True,748,PV+/PNN-,86.59131021,10.500070494515816,0.0,0.0,0.0,False,NONE
978,1938,1155,77.85273762,9.956163126610313,1138.0,11.612244897959183,0.0,0.0,0.0,0.5982390448718704,False,True,749,PV+/PNN-,77.85273762,9.956163126610313,0.0,0.0,0.0,False,NONE
979,1939,562,98.50754556,11.199272407696524,1812.0,14.612903225806452,0.0,0.0,0.0,1.1325625445792733,False,True,750,PV+/PNN-,98.50754556,11.199272407696524,0.0,0.0,0.0,False,NONE
