label,centroid_y,centroid_x,area_um2,diameter_um,wfa_sum_intensity,wfa_mean_intensity,wfa_pericellular_intensity,wfa_intensity_norm,wfa_pericellular_norm,pv_intensity_norm,is_pnn_plus,is_pv_plus,pv_label,cell_type,pv_area_um2,pv_diameter_um,pnn_area_um2,pnn_diameter_um,score,is_in_roi,roi_region
1,477,81,296.31705237,19.42376350908454,71538.0,191.79088471849866,189.57258064516128,9.63030572942226,9.518919067546136,1.111772180751016,True,False,-1,PV-/PNN+,0.0,0.0,296.31705237,19.42376350908454,3.0015711784362793,False,NONE
2,504,229,296.31705237,19.42376350908454,70292.0,188.4504021447721,132.24193548387098,9.46257164489571,6.640202274625498,1.314556865991845,True,False,-1,PV-/PNN+,0.0,0.0,296.31705237,19.42376350908454,2.2704994678497314,False,NONE
3,387,221,296.31705237,19.42376350908454,64303.0,172.3941018766756,122.11290322580645,8.65634417119628,6.131597929160829,1.3623381503383312,True,False,-1,PV-/PNN+,0.0,0.0,296.31705237,19.42376350908454,2.0537755489349365,False,NONE
4,474,308,296.31705237,19.42376350908454,40587.0,108.81233243967829,71.83064516129032,5.463742607286494,3.60679849128487,1.3232443722366607,True,True,391,PV+/PNN+,100.09637694,11.289227848029503,296.31705237,19.42376350908454,1.647025227546692,False,NONE
5,350,205,296.31705237,19.42376350908454,25927.0,69.50938337801608,50.733870967741936,3.4902420622149193,2.5474760647438104,1.4910504139128369,True,True,132,PV+/PNN+,100.89079263,11.333937836259334,296.31705237,19.42376350908454,1.6794817447662354,False,NONE
6,340,259,296.31705237,19.42376350908454,30067.0,80.60857908847186,70.0241935483871,4.0475607700318585,3.5160919838134648,1.8298631574606483,True,True,114,PV+/PNN+,142.20040851,13.455674765407588,296.31705237,19.42376350908454,1.3655644655227661,False,NONE
7,430,492,296.31705237,19.42376350908454,15240.0,40.85790884718499,28.677419354838708,2.0515790113840926,1.439965806108566,1.2173939672011433,True,False,-1,PV-/PNN+,0.0,0.0,296.31705237,19.42376350908454,1.5598667860031128,False,NONE
8,527,109,296.31705237,19.42376350908454,52545.0,140.87131367292224,100.88709677419355,7.073505193778028,5.065796466371812,1.3296456926275775,True,False,-1,PV-/PNN+,0.0,0.0,296.31705237,19.42376350908454,2.1325604915618896,False,NONE
9,570,170,296.31705237,19.42376350908454,35111.0,94.1313672922252,78.24193548387096,4.726574190860032,3.928725604855261,1.4089763417578678,True,False,-1,PV-/PNN+,0.0,0.0,296.31705237,19.42376350908454,2.6083149909973145,False,NONE
10,504,376,296.31705237,19.42376350908454,17690.0,47.42627345844504,37.096774193548384,2.381393222531798,1.8627229212877963,1.4261227356621093,True,False,-1,PV-/PNN+,0.0,0.0,296.31705237,19.42376350908454,1.0901272296905518,False,NONE
11,316,275,296.31705237,19.42376350908454,13955.0,37.41286863270778,28.241935483870968,1.8785948230882556,1.4180990587717095,1.5079681892316885,True,True,87,PV+/PNN+,95.32988280000001,11.017158280424605,296.31705237,19.42376350908454,1.073609471321106,False,NONE
12,290,551,296.31705237,19.42376350908454,6758.0,18.117962466487935,14.879032258064516,0.9097487505862006,0.7471138673426053,1.6984074708614636,True,True,39,PV+/PNN+,225.61405596,16.948768034767717,296.31705237,19.42376350908454,-0.47590047121047974,False,NONE
13,396,356,296.31705237,19.42376350908454,14980.0,40.160857908847184,33.556451612903224,2.016578319588826,1.684954364234461,1.5971294375337441,True,True,209,PV+/PNN+,189.07093422,15.515559616363333,296.31705237,19.42376350908454,1.15994393825531,False,NONE
14,400,65,296.31705237,19.42376350908454,14695.0,39.396782841823054,28.653225806451612,1.978212176659399,1.438750986812074,1.5271721504044389,True,False,-1,PV-/PNN+,0.0,0.0,296.31705237,19.42376350908454,-0.2381877303123474,False,NONE
15,497,568,296.31705237,19.42376350908454,15031.0,40.297587131367294,26.620967741935484,2.023443839902513,1.3367061659067427,1.1970469131014434,True,False,-1,PV-/PNN+,0.0,0.0,296.31705237,19.42376350908454,-0.06268331408500671,False,NONE
16,509,696,296.31705237,19.42376350908454,31546.0,84.57372654155496,62.806451612903224,4.246660859128779,3.153670893693339,1.1872163139296785,True,False,-1,PV-/PNN+,0.0,0.0,296.31705237,19.42376350908454,2.1016135215759277,False,NONE
17,543,1082,296.31705237,19.42376350908454,27282.0,73.14209115281501,46.71774193548387,3.6726495136864052,2.3458160615261314,1.167555115586148,True,False,-1,PV-/PNN+,0.0,0.0,296.31705237,19.42376350908454,1.6372814178466797,False,NONE
18,537,901,296.31705237,19.42376350908454,18875.0,50.603217158176946,32.685483870967744,2.5409156062909943,1.6412208695607478,1.157495897828993,True,True,542,PV+/PNN+,46.07611002,7.659368469073157,296.31705237,19.42376350908454,0.9444125294685364,False,NONE
19,401,1075,296.31705237,19.42376350908454,10528.0,28.22520107238606,21.39516129032258,1.4172587816175675,1.0743051978644618,1.0267260669859783,True,False,-1,PV-/PNN+,0.0,0.0,296.31705237,19.42376350908454,1.100059151649475,False,NONE
20,424,849,296.31705237,19.42376350908454,12951.0,34.72117962466488,27.596774193548388,1.7434383055403795,1.3857038775319217,1.136005750802344,True,False,-1,PV-/PNN+,0.0,0.0,296.31705237,19.42376350908454,0.4934788942337036,False,NONE
21,487,946,296.31705237,19.42376350908454,19059.0,51.09651474530831,37.67741935483871,2.565685326638414,1.8918785844036057,1.0447869352317793,True,False,-1,PV-/PNN+,0.0,0.0,296.31705237,19.42376350908454,0.7479588985443115,False,NONE
22,486,783,296.31705237,19.42376350908454,23734.0,63.630026809651476,34.483870967741936,3.195024688726382,1.731522437266656,1.229739370812197,True,True,428,PV+/PNN+,46.07611002,7.659368469073157,296.31705237,19.42376350908454,1.4666742086410522,False,NONE
23,521,763,296.31705237,19.42376350908454,18376.0,49.265415549597854,30.419354838709676,2.4737412016531555,1.527432795455993,1.1867590767588987,True,False,-1,PV-/PNN+,0.0,0.0,296.31705237,19.42376350908454,0.7710817456245422,False,NONE
24,518,806,296.31705237,19.42376350908454,17971.0,48.179624664879356,34.20161290322581,2.419220893279759,1.717349545474249,1.1014843444084712,True,False,-1,PV-/PNN+,0.0,0.0,296.31705237,19.42376350908454,0.14944109320640564,False,NONE
25,475,1087,296.31705237,19.42376350908454,16728.0,44.847184986595174,35.306451612903224,2.2518906628893114,1.7728262933473853,1.061704710550631,True,False,-1,PV-/PNN+,0.0,0.0,296.31705237,19.42376350908454,0.6625092625617981,False,NONE
26,571,927,296.31705237,19.42376350908454,12902.0,34.58981233243968,26.14516129032258,1.7368420213174254,1.3128147197423992,1.0701635982100568,True,False,-1,PV-/PNN+,0.0,0.0,296.31705237,19.42376350908454,0.0716547816991806,False,NONE
27,498,976,296.31705237,19.42376350908454,25799.0,69.16621983914209,56.63709677419355,3.4730109524080186,2.8438919730878687,1.0491306883541873,True,False,-1,PV-/PNN+,0.0,0.0,296.31705237,19.42376350908454,0.3847762942314148,False,NONE
28,408,756,296.31705237,19.42376350908454,7214.0,19.34048257372654,15.338709677419354,0.9711345792732837,0.770195433975954,1.270204860426207,True,True,251,PV+/PNN+,94.53546711,10.971157418634661,296.31705237,19.42376350908454,-0.8214374780654907,False,NONE
29,304,1119,296.31705237,19.42376350908454,6363.0,17.05898123324397,13.5,0.8565746226664687,0.677869167442559,1.2189942972988725,True,False,-1,PV-/PNN+,0.0,0.0,296.31705237,19.42376350908454,-1.5132765769958496,False,NONE
30,512,1123,296.31705237,19.42376350908454,15774.0,42.289544235924936,34.45161290322581,2.123465047609756,1.7299026782046667,1.081823146064941,True,False,-1,PV-/PNN+,0.0,0.0,296.31705237,19.42376350908454,0.19858422875404358,False,NONE
31,428,880,296.31705237,19.42376350908454,9534.0,25.560321715817693,21.556451612903224,1.2834484445233556,1.0824039931744087,1.4377822835169933,True,True,295,PV+/PNN+,108.04053384,11.72866062768403,296.31705237,19.42376350908454,0.13625071942806244,False,NONE
32,394,834,296.31705237,19.42376350908454,10587.0,28.38337801608579,21.846774193548388,1.4252012462941857,1.0969818247323133,1.1426356897786505,True,False,-1,PV-/PNN+,0.0,0.0,296.31705237,19.42376350908454,-0.746044933795929,False,NONE
33,469,834,296.31705237,19.42376350908454,12488.0,33.479892761394105,25.919354838709676,1.6811101505357318,1.3014764063084734,1.0793083416256521,True,False,-1,PV-/PNN+,0.0,0.0,296.31705237,19.42376350908454,-0.250410795211792,False,NONE
34,482,916,296.31705237,19.42376350908454,11850.0,31.769436997319033,34.21774193548387,1.5952238375919618,1.7181594250052437,1.0987409213837924,True,False,-1,PV-/PNN+,0.0,0.0,296.31705237,19.42376350908454,-0.09688887000083923,False,NONE
35,286,966,296.31705237,19.42376350908454,5893.0,15.798927613941018,13.806451612903226,0.7933041413442558,0.6932568785314582,1.1508659588526866,True,False,-1,PV-/PNN+,0.0,0.0,296.31705237,19.42376350908454,-1.5723477602005005,False,NONE
36,245,944,296.31705237,19.42376350908454,5252.0,14.080428954423592,11.346774193548388,0.7070139742643868,0.5697502500547673,1.1234317286059001,True,False,-1,PV-/PNN+,0.0,0.0,296.31705237,19.42376350908454,-1.9737199544906616,False,NONE
37,436,1472,296.31705237,19.42376350908454,18857.0,50.55495978552279,41.75806451612903,2.5384924814743988,2.0967781057452632,1.1371488437292934,True,True,315,PV+/PNN+,61.96442382,8.88231697105848,296.31705237,19.42376350908454,2.124112367630005,False,NONE
38,554,1520,296.31705237,19.42376350908454,32711.0,87.6970509383378,57.29032258064516,4.403490881980646,2.8766920940931535,1.039300089182422,True,False,-1,PV-/PNN+,0.0,0.0,296.31705237,19.42376350908454,0.9926034212112427,False,NONE
39,393,1361,296.31705237,19.42376350908454,10626.0,28.487935656836463,19.887096774193548,1.4304513500634757,0.9985814617164578,1.2304252265683668,True,False,-1,PV-/PNN+,0.0,0.0,296.31705237,19.42376350908454,1.3926876783370972,False,NONE
40,492,1722,296.31705237,19.42376350908454,10387.0,27.847184986595174,21.85483870967742,1.3982776372209036,1.0973867644978106,1.2196801530550423,True,False,-1,PV-/PNN+,0.0,0.0,296.31705237,19.42376350908454,0.6602684855461121,False,NONE
41,405,1289,296.31705237,19.42376350908454,11353.0,30.43699731903485,23.427419354838708,1.5283186690448558,1.176350018769793,0.9437375204894497,True,False,-1,PV-/PNN+,0.0,0.0,296.31705237,19.42376350908454,2.023822546005249,False,NONE
42,548,1360,296.31705237,19.42376350908454,39605.0,106.17962466487936,69.01612903225806,5.33154768673668,3.465474513126296,1.1385205552416326,True,False,-1,PV-/PNN+,0.0,0.0,296.31705237,19.42376350908454,1.7988994121551514,False,NONE
43,524,1701,296.31705237,19.42376350908454,17405.0,46.66219839142091,35.62903225806452,2.3430270796023707,1.7890238839672794,1.1977327688576132,True,False,-1,PV-/PNN+,0.0,0.0,296.31705237,19.42376350908454,0.29682043194770813,False,NONE
44,545,1261,296.31705237,19.42376350908454,35004.0,93.84450402144772,76.16129032258064,4.712170060005826,3.8242511453569454,1.0287836342544874,True,False,-1,PV-/PNN+,0.0,0.0,296.31705237,19.42376350908454,-0.2732013463973999,False,NONE
45,504,1347,296.31705237,19.42376350908454,40577.0,108.78552278820375,75.03225806451613,5.4623964268328296,3.767559578187317,0.9926618977628854,True,False,-1,PV-/PNN+,0.0,0.0,296.31705237,19.42376350908454,1.1386643648147583,False,NONE
46,468,1481,296.31705237,19.42376350908454,21301.0,57.107238605898125,41.29032258064516,2.8674989843499055,2.0732915993464167,1.0907392708951464,True,False,-1,PV-/PNN+,0.0,0.0,296.31705237,19.42376350908454,1.1826423406600952,False,NONE
47,501,1235,296.31705237,19.42376350908454,25012.0,67.05630026809652,41.556451612903224,3.367066550704654,2.0866546116078295,1.0040928270323797,True,False,-1,PV-/PNN+,0.0,0.0,296.31705237,19.42376350908454,1.7196872234344482,False,NONE
48,552,1639,296.31705237,19.42376350908454,31992.0,85.76943699731903,48.104838709677416,4.306700507362198,2.415465701191675,0.9569973984420632,True,False,-1,PV-/PNN+,0.0,0.0,296.31705237,19.42376350908454,0.8439168930053711,False,NONE
49,511,1566,296.31705237,19.42376350908454,15343.0,41.134048257372655,30.322580645161292,2.065444670056833,1.522573518270025,1.037471140499303,True,False,-1,PV-/PNN+,0.0,0.0,296.31705237,19.42376350908454,1.023679494857788,False,NONE
50,546,1416,296.31705237,19.42376350908454,33618.0,90.12868632707774,55.57258064516129,4.525589449127981,2.7904399240422184,1.2359120726177242,True,False,-1,PV-/PNN+,0.0,0.0,296.31705237,19.42376350908454,0.7023293375968933,False,NONE
51,533,1457,296.31705237,19.42376350908454,22250.0,59.6514745308311,42.61290322580645,2.995251509402629,2.139701720887982,1.0681060309415478,True,False,-1,PV-/PNN+,0.0,0.0,296.31705237,19.42376350908454,1.0309263467788696,False,NONE
52,507,1285,296.31705237,19.42376350908454,31870.0,85.44235924932975,71.88709677419355,4.290277105827496,3.609633069643352,1.0964547355298937,True,False,-1,PV-/PNN+,0.0,0.0,296.31705237,19.42376350908454,2.3206634521484375,False,NONE
53,402,1452,296.31705237,19.42376350908454,7919.0,21.230563002680967,17.016129032258064,1.066040301256603,0.8544229051994022,0.987175051713528,True,False,-1,PV-/PNN+,0.0,0.0,296.31705237,19.42376350908454,-0.5034838318824768,False,NONE
54,561,1605,296.31705237,19.42376350908454,27748.0,74.39142091152814,46.36290322580645,3.735381522827152,2.327998711844248,1.0941685496759948,True,False,-1,PV-/PNN+,0.0,0.0,296.31705237,19.42376350908454,0.47790786623954773,False,NONE
55,275,1222,296.31705237,19.42376350908454,5669.0,15.198391420911529,11.89516129032258,0.7631496991821799,0.5972861541085869,1.209849553883277,True,False,-1,PV-/PNN+,0.0,0.0,296.31705237,19.42376350908454,-1.7240291833877563,False,NONE
56,494,1407,296.31705237,19.42376350908454,13408.0,35.94638069705094,32.62903225806452,1.8049587522728292,1.6383862912022664,1.06399089640453,True,False,-1,PV-/PNN+,0.0,0.0,296.31705237,19.42376350908454,-0.4745337963104248,False,NONE
57,415,1617,296.31705237,19.42376350908454,5745.0,15.402144772117962,15.685483870967742,0.773380670630027,0.7876078438923401,1.2647180143768497,True,False,-1,PV-/PNN+,0.0,0.0,296.31705237,19.42376350908454,-0.5989008545875549,False,NONE
58,481,1952,296.31705237,19.42376350908454,6283.0,16.844504021447722,14.919354838709678,0.8458051790371559,0.7491385661700921,1.0246684997174693,True,False,-1,PV-/PNN+,0.0,0.0,296.31705237,19.42376350908454,-0.9129297733306885,False,NONE
59,486,2124,296.31705237,19.42376350908454,7370.0,19.758713136729224,12.508064516129032,0.9921349943504438,0.6280615762863853,1.3707970379977568,True,True,416,PV+/PNN+,85.00247883,10.403293586497956,296.31705237,19.42376350908454,-1.83358895778656,False,NONE
60,444,1796,296.31705237,19.42376350908454,6451.0,17.29490616621984,13.580645161290322,0.8684210106587127,0.6819185650975325,1.1408067410955314,True,False,-1,PV-/PNN+,0.0,0.0,296.31705237,19.42376350908454,-1.018471121788025,False,NONE
61,920,67,296.31705237,19.42376350908454,43985.0,117.92225201072387,114.40322580645162,5.921174725441556,5.744475513345366,1.6549699396373851,True,True,1407,PV+/PNN+,146.96690265,13.679330108642857,296.31705237,19.42376350908454,2.4535553455352783,False,NONE
62,818,517,296.31705237,19.42376350908454,29682.0,79.57640750670241,61.733870967741936,3.99573282256579,3.099813904882192,1.2811785525249215,True,False,-1,PV-/PNN+,0.0,0.0,296.31705237,19.42376350908454,2.4897139072418213,False,NONE
63,927,184,296.31705237,19.42376350908454,76242.0,204.40214477211796,191.61290322580646,10.263549014825854,9.621368828216967,1.549119534601868,True,True,1412,PV+/PNN+,193.83742836,15.709916582774115,296.31705237,19.42376350908454,2.2899715900421143,False,NONE
64,792,362,296.31705237,19.42376350908454,47689.0,127.85254691689008,91.36290322580645,6.41979996547874,4.587562603319444,1.302440080966181,True,False,-1,PV-/PNN+,0.0,0.0,296.31705237,19.42376350908454,2.8287222385406494,False,NONE
65,1017,256,296.31705237,19.42376350908454,38094.0,102.12868632707774,89.4758064516129,5.128139820188033,4.492806698193065,1.0722211654785656,True,False,-1,PV-/PNN+,0.0,0.0,296.31705237,19.42376350908454,1.7976244688034058,False,NONE
66,909,448,296.31705237,19.42376350908454,26217.0,70.28686327077747,47.87903225806452,3.5292812953711783,2.40412738775775,1.4057756815624094,True,False,-1,PV-/PNN+,0.0,0.0,296.31705237,19.42376350908454,1.10917067527771,False,NONE
67,758,206,296.31705237,19.42376350908454,70203.0,188.2117962466488,136.75,9.4505906388581,6.8665636035385145,1.4343530047361452,True,True,1050,PV+/PNN+,89.76897297000001,10.690996505268624,296.31705237,19.42376350908454,2.193530321121216,False,NONE
68,749,365,296.31705237,19.42376350908454,41476.0,111.19571045576407,110.33870967741936,5.583418049617233,5.540385871534703,1.276148943646344,True,False,-1,PV-/PNN+,0.0,0.0,296.31705237,19.42376350908454,2.4942071437835693,False,NONE
69,1145,250,296.31705237,19.42376350908454,40185.0,107.73458445040214,97.41129032258064,5.409626153049197,4.891267427442455,1.2983249464291629,True,False,-1,PV-/PNN+,0.0,0.0,296.31705237,19.42376350908454,0.251203328371048,False,NONE
70,934,226,296.31705237,19.42376350908454,39920.0,107.02412868632707,89.93548387096774,5.373952371027098,4.5158882648264145,1.10377053026237,True,False,-1,PV-/PNN+,0.0,0.0,296.31705237,19.42376350908454,1.6740456819534302,False,NONE
71,749,19,296.31705237,19.42376350908454,29127.0,78.08847184986595,66.63709677419355,3.9210198073874323,3.346017282304579,1.2215091017381614,True,False,-1,PV-/PNN+,0.0,0.0,296.31705237,19.42376350908454,1.0211387872695923,False,NONE
72,986,60,296.31705237,19.42376350908454,25484.0,68.32171581769437,71.0,3.4306062681175997,3.5650896954386435,1.408747723172478,True,True,1545,PV+/PNN+,94.53546711,10.971157418634661,296.31705237,19.42376350908454,2.253643751144409,False,NONE
73,827,78,296.31705237,19.42376350908454,34958.0,93.72117962466488,62.88709677419355,4.705977629918971,3.1577202913483124,1.2203660088112118,True,False,-1,PV-/PNN+,0.0,0.0,296.31705237,19.42376350908454,1.8483420610427856,False,NONE
74,792,323,296.31705237,19.42376350908454,49481.0,132.656836461126,109.81451612903226,6.661035502775348,5.514064786777375,1.4354960976630946,True,True,1131,PV+/PNN+,91.35780435,10.78519212710641,296.31705237,19.42376350908454,1.6850905418395996,False,NONE
75,891,370,296.31705237,19.42376350908454,17662.0,47.35120643431635,38.66129032258065,2.3776239172615385,1.941281235794282,1.744131187939441,True,True,1340,PV+/PNN+,115.98469074,12.152213577535832,296.31705237,19.42376350908454,1.230614423751831,False,NONE
76,1108,133,296.31705237,19.42376350908454,56829.0,152.35656836461126,153.5241935483871,7.65020890012773,7.708838315772996,1.438925376443943,True,False,-1,PV-/PNN+,0.0,0.0,296.31705237,19.42376350908454,1.8535890579223633,False,NONE
77,1038,168,296.31705237,19.42376350908454,40176.0,107.71045576407506,111.48387096774194,5.408414590640899,5.597887318235326,1.569466588701568,True,True,1643,PV+/PNN+,147.76131834,13.716251444643651,296.31705237,19.42376350908454,1.414232611656189,False,NONE
78,648,435,296.31705237,19.42376350908454,39655.0,106.31367292225201,90.71774193548387,5.338278589005,4.555167422079657,1.4983662086453133,True,True,805,PV+/PNN+,96.91871418,11.10858854755457,296.31705237,19.42376350908454,2.06955623626709,False,NONE
79,808,183,296.31705237,19.42376350908454,83375.0,223.5254691689008,207.13709677419354,11.223779532424457,10.400877876799358,1.466588225276119,True,True,1159,PV+/PNN+,137.43391437,13.228238528376714,296.31705237,19.42376350908454,1.3066450357437134,False,NONE
80,933,380,296.31705237,19.42376350908454,14336.0,38.4343163538874,29.137096774193548,1.9298842983728577,1.4630473727419149,1.5159698397203347,True,True,1439,PV+/PNN+,132.66742023,12.996822909266468,296.31705237,19.42376350908454,0.23386594653129578,False,NONE
81,892,490,296.31705237,19.42376350908454,10898.0,29.2171581769437,31.830645161290324,1.4670674584031391,1.598297254418029,1.731785784328387,True,True,1332,PV+/PNN+,166.8272949,14.574330482319754,296.31705237,19.42376350908454,0.6636245250701904,False,NONE
82,1111,275,296.31705237,19.42376350908454,18826.0,50.47184986595174,59.67741935483871,2.53431932206804,2.9965542646803685,1.1142869851903048,True,False,-1,PV-/PNN+,0.0,0.0,296.31705237,19.42376350908454,0.26826295256614685,False,NONE
83,679,169,296.31705237,19.42376350908454,29768.0,79.80697050938338,68.93548387096774,4.007309974467301,3.461425115471323,1.211678502566396,True,False,-1,PV-/PNN+,0.0,0.0,296.31705237,19.42376350908454,-0.1817193627357483,False,NONE
84,761,549,296.31705237,19.42376350908454,10515.0,28.19034852546917,24.258064516129032,1.415508747027804,1.21805881461602,1.2347689796907746,True,True,1053,PV+/PNN+,53.22585123,8.232208609372499,296.31705237,19.42376350908454,0.6144269704818726,False,NONE
85,724,113,296.31705237,19.42376350908454,24904.0,66.76675603217159,41.66129032258065,3.3525278018050817,2.091918828559295,1.1970469131014434,True,False,-1,PV-/PNN+,0.0,0.0,296.31705237,19.42376350908454,1.2009981870651245,False,NONE
86,1122,38,296.31705237,19.42376350908454,29334.0,78.64343163538874,68.10483870967742,3.948885742778279,3.4197163196250964,1.2123643583225658,True,False,-1,PV-/PNN+,0.0,0.0,296.31705237,19.42376350908454,0.31104135513305664,False,NONE
87,679,541,296.31705237,19.42376350908454,18270.0,48.98123324396783,32.0,2.459471688844316,1.6068009894934732,1.1387491738270226,True,False,-1,PV-/PNN+,0.0,0.0,296.31705237,19.42376350908454,0.38117945194244385,False,NONE
88,768,473,296.31705237,19.42376350908454,15543.0,41.67024128686327,37.07258064516129,2.092368279130115,1.8615081019913045,1.2718051905239363,True,True,1077,PV+/PNN+,48.45935709,7.8549582913870575,296.31705237,19.42376350908454,0.20376168191432953,False,NONE
89,763,401,296.31705237,19.42376350908454,54001.0,144.77479892761394,99.4274193548387,7.269509067831522,4.992502368816791,1.202076521980021,True,False,-1,PV-/PNN+,0.0,0.0,296.31705237,19.42376350908454,0.7497497797012329,False,NONE
90,651,223,296.31705237,19.42376350908454,20448.0,54.820375335120644,66.25806451612904,2.7526697916523575,3.3269851133262036,1.2720338091093262,True,False,-1,PV-/PNN+,0.0,0.0,296.31705237,19.42376350908454,0.8186674118041992,False,NONE
91,765,151,296.31705237,19.42376350908454,27368.0,73.37265415549598,67.15322580645162,3.6842266655879166,3.371933427296409,1.647425526319519,True,True,1057,PV+/PNN+,149.35014972,13.789797556005714,296.31705237,19.42376350908454,0.08449709415435791,False,NONE
92,648,171,296.31705237,19.42376350908454,34378.0,92.16621983914209,85.74193548387096,4.627899163606452,4.305319586767793,1.360737820240602,True,False,-1,PV-/PNN+,0.0,0.0,296.31705237,19.42376350908454,0.909509003162384,False,NONE
93,786,224,296.31705237,19.42376350908454,27456.0,73.60857908847186,100.15322580645162,3.696073053580161,5.028946947711553,1.1828725608072705,True,False,-1,PV-/PNN+,0.0,0.0,296.31705237,19.42376350908454,0.027981411665678024,False,NONE
94,1051,239,296.31705237,19.42376350908454,19941.0,53.46112600536193,67.30645161290323,2.684418442651588,3.379627282840859,1.3650815733630097,True,True,1673,PV+/PNN+,134.25625161,13.074416571218995,296.31705237,19.42376350908454,-1.533921718597412,False,NONE
95,824,16,296.31705237,19.42376350908454,21394.0,57.35656836461126,57.92741935483871,2.880018462568982,2.9086823355674443,1.3374187245308335,True,False,-1,PV-/PNN+,0.0,0.0,296.31705237,19.42376350908454,-0.09449569880962372,False,NONE
96,948,456,296.31705237,19.42376350908454,9857.0,26.42627345844504,27.637096774193548,1.326930073176706,1.3877285763594083,1.1039991488477598,True,False,-1,PV-/PNN+,0.0,0.0,296.31705237,19.42376350908454,-0.9451797008514404,False,NONE
97,846,266,296.31705237,19.42376350908454,25931.0,69.5201072386059,67.35483870967742,3.4907805343963854,3.382056921433843,1.7009222753007522,True,True,1228,PV+/PNN+,126.31209471,12.681701540530954,296.31705237,19.42376350908454,-0.043222758919000626,False,NONE
98,1139,477,296.31705237,19.42376350908454,9785.0,26.233243967828418,24.088709677419356,1.3172375739103246,1.2095550795405758,1.0598757618675119,True,False,-1,PV-/PNN+,0.0,0.0,296.31705237,19.42376350908454,0.1194426417350769,False,NONE
99,810,141,296.31705237,19.42376350908454,38182.0,102.36461126005362,88.75806451612904,5.139986208180278,4.456767059063802,1.3374187245308335,True,False,-1,PV-/PNN+,0.0,0.0,296.31705237,19.42376350908454,-0.09688155353069305,False,NONE
100,725,205,296.31705237,19.42376350908454,23924.0,64.13941018766756,67.13709677419355,3.220602117346,3.3711235477654147,1.448984594201098,True,False,-1,PV-/PNN+,0.0,0.0,296.31705237,19.42376350908454,-0.8839663863182068,False,NONE
101,977,1137,296.31705237,19.42376350908454,34553.0,92.63538873994638,78.43548387096774,4.651457321545575,3.9384441592271977,1.4300092516137373,True,True,1525,PV+/PNN+,154.91105955,14.044176264056347,296.31705237,19.42376350908454,2.32700514793396,False,NONE
102,1132,797,296.31705237,19.42376350908454,20711.0,55.525469168900806,33.08870967741935,2.7880743375837236,1.6614678578356148,1.0873099921142981,True,False,-1,PV-/PNN+,0.0,0.0,296.31705237,19.42376350908454,1.8485968112945557,False,NONE
103,1037,984,296.31705237,19.42376350908454,35901.0,96.24932975871313,73.08064516129032,4.832922446699495,3.669564154936959,0.8527473235042751,True,False,-1,PV-/PNN+,0.0,0.0,296.31705237,19.42376350908454,1.9835749864578247,False,NONE
104,1077,843,296.31705237,19.42376350908454,23187.0,62.16353887399464,35.45161290322581,3.1213886179109553,1.7801152091263377,0.9544825940027744,True,False,-1,PV-/PNN+,0.0,0.0,296.31705237,19.42376350908454,2.007981777191162,False,NONE
105,680,893,296.31705237,19.42376350908454,24135.0,64.70509383378015,41.57258064516129,3.249006524918312,2.087464491138824,1.1007984886523015,True,False,-1,PV-/PNN+,0.0,0.0,296.31705237,19.42376350908454,2.417938232421875,False,NONE
106,856,869,296.31705237,19.42376350908454,21457.0,57.525469168900806,44.145161290322584,2.8884993994270656,2.216640276332478,1.037471140499303,True,False,-1,PV-/PNN+,0.0,0.0,296.31705237,19.42376350908454,0.6954938173294067,False,NONE
107,988,714,296.31705237,19.42376350908454,15353.0,41.160857908847184,28.483870967741936,2.0667908505104973,1.4302472517366298,1.3573085414597537,True,True,1552,PV+/PNN+,85.79689452,10.45179405261774,296.31705237,19.42376350908454,1.370261549949646,False,NONE
108,756,673,296.31705237,19.42376350908454,23297.0,62.45844504021448,43.83870967741935,3.1361966029012605,2.2012525652435784,1.1083429019701676,True,False,-1,PV-/PNN+,0.0,0.0,296.31705237,19.42376350908454,1.3343944549560547,False,NONE
109,702,695,296.31705237,19.42376350908454,23272.0,62.39142091152815,34.58064516129032,3.1328311517671,1.7363817144526241,1.1595534650975021,True,False,-1,PV-/PNN+,0.0,0.0,296.31705237,19.42376350908454,1.5409373044967651,False,NONE
110,898,1100,296.31705237,19.42376350908454,24193.0,64.86058981233244,39.645161290322584,3.256814371549564,1.9906838871849584,1.1152014595318642,True,False,-1,PV-/PNN+,0.0,0.0,296.31705237,19.42376350908454,0.8288174271583557,False,NONE
111,705,1009,296.31705237,19.42376350908454,22852.0,61.265415549597854,43.33064516129032,3.076291572713208,2.1757413600172457,1.1446932570471595,True,False,-1,PV-/PNN+,0.0,0.0,296.31705237,19.42376350908454,1.4549020528793335,False,NONE
112,695,942,296.31705237,19.42376350908454,15226.0,40.820375335120644,46.07258064516129,2.049694358748963,2.3134208802863436,1.0125517146918055,True,False,-1,PV-/PNN+,0.0,0.0,296.31705237,19.42376350908454,0.6320133209228516,False,NONE
113,1012,1095,296.31705237,19.42376350908454,45629.0,122.32975871313673,103.1774193548387,6.142486792023934,5.180799359773058,0.8655499642861086,True,False,-1,PV-/PNN+,0.0,0.0,296.31705237,19.42376350908454,1.5839732885360718,False,NONE
114,764,816,296.31705237,19.42376350908454,13335.0,35.75067024128686,30.322580645161292,1.795131634961081,1.522573518270025,1.434810241906925,True,True,1062,PV+/PNN+,105.65728677,11.598579038183399,296.31705237,19.42376350908454,1.220108985900879,False,NONE
115,1149,730,296.31705237,19.42376350908454,10739.0,28.79088471849866,23.54032258064516,1.4456631891898801,1.182019175486756,1.2269959477875185,True,True,1904,PV+/PNN+,68.31974934,9.326703948667078,296.31705237,19.42376350908454,0.05052846297621727,False,NONE
116,854,919,296.31705237,19.42376350908454,16695.0,44.75871313672922,32.814516129032256,2.2474482673922194,1.6476999058087052,1.1972755316868333,True,False,-1,PV-/PNN+,0.0,0.0,296.31705237,19.42376350908454,1.2555718421936035,False,NONE
117,1027,919,296.31705237,19.42376350908454,18086.0,48.48793565683646,36.516129032258064,2.4347019684968965,1.8335672581719875,1.0655912265022591,True,False,-1,PV-/PNN+,0.0,0.0,296.31705237,19.42376350908454,0.9756016731262207,False,NONE
118,707,1105,296.31705237,19.42376350908454,20576.0,55.16353887399464,42.88709677419355,2.769900901459258,2.1534696729148917,1.1211455427520014,True,True,950,PV+/PNN+,46.87052571,7.72511532706782,296.31705237,19.42376350908454,0.48537200689315796,False,NONE
119,945,720,296.31705237,19.42376350908454,32342.0,86.70777479892762,70.9758064516129,4.353816823240441,3.563874876142151,1.1069711904578283,True,False,-1,PV-/PNN+,0.0,0.0,296.31705237,19.42376350908454,2.115114450454712,False,NONE
120,682,988,296.31705237,19.42376350908454,19726.0,52.88471849865952,44.524193548387096,2.6554755628978093,2.235672445310853,1.2960387605752641,True,True,883,PV+/PNN+,93.74105142,10.924962866435578,296.31705237,19.42376350908454,1.1660321950912476,False,NONE
121,1120,1081,296.31705237,19.42376350908454,20560.0,55.120643431635386,33.70967741935484,2.767747012733395,1.6926482197789108,1.0260402112298086,True,False,-1,PV-/PNN+,0.0,0.0,296.31705237,19.42376350908454,1.278033971786499,False,NONE
122,1077,794,296.31705237,19.42376350908454,19723.0,52.87667560321716,33.064516129032256,2.65507170876171,1.6602530385391228,1.230196607982977,True,False,-1,PV-/PNN+,0.0,0.0,296.31705237,19.42376350908454,1.4712001085281372,False,NONE
123,923,861,296.31705237,19.42376350908454,25236.0,67.656836461126,56.024193548387096,3.39722099286673,2.81311655091007,1.2528298479365756,True,True,1415,PV+/PNN+,75.46949055,9.802588422925686,296.31705237,19.42376350908454,1.977888584136963,False,NONE
124,1107,827,296.31705237,19.42376350908454,11686.0,31.32975871313673,21.798387096774192,1.5731464781518707,1.094552186139329,1.2235666690066704,True,False,-1,PV-/PNN+,0.0,0.0,296.31705237,19.42376350908454,-0.298400342464447,False,NONE
125,1024,775,296.31705237,19.42376350908454,12289.0,32.94638069705094,25.330645161290324,1.6543211595078162,1.2719158034271671,1.133719564948445,True,False,-1,PV-/PNN+,0.0,0.0,296.31705237,19.42376350908454,0.7568913698196411,False,NONE
126,854,983,296.31705237,19.42376350908454,11527.0,30.903485254691688,26.806451612903224,1.5517422089386113,1.3460197805131815,1.2377410213008433,True,False,-1,PV-/PNN+,0.0,0.0,296.31705237,19.42376350908454,0.12879088521003723,False,NONE
127,794,920,296.31705237,19.42376350908454,13254.0,35.533512064343164,27.016129032258064,1.784227573286402,1.3565482144161127,1.097826447042233,True,False,-1,PV-/PNN+,0.0,0.0,296.31705237,19.42376350908454,1.3748232126235962,False,NONE
128,940,839,296.31705237,19.42376350908454,25653.0,68.77479892761394,56.67741935483871,3.4533567177845232,2.8459166719153552,0.9499102222949766,True,False,-1,PV-/PNN+,0.0,0.0,296.31705237,19.42376350908454,1.5979911088943481,False,NONE
129,884,913,296.31705237,19.42376350908454,10503.0,28.158176943699733,25.653225806451612,1.4138933304834072,1.288113394047061,1.4320668188822463,True,True,1303,PV+/PNN+,164.44404783,14.469853647963289,296.31705237,19.42376350908454,0.32015126943588257,False,NONE
130,861,1128,296.31705237,19.42376350908454,12597.0,33.77211796246649,27.25,1.6957835174806704,1.3682914676155358,1.2800354595979722,True,True,1270,PV+/PNN+,72.29182779,9.593998848416254,296.31705237,19.42376350908454,0.08442924916744232,False,NONE
131,739,1010,296.31705237,19.42376350908454,19066.0,51.11528150134048,49.314516129032256,2.5666276529559786,2.476206666016277,1.5493481531872582,True,True,1010,PV+/PNN+,119.95676919,12.358547737957588,296.31705237,19.42376350908454,-0.07213303446769714,False,NONE
132,808,952,296.31705237,19.42376350908454,10174.0,27.276139410187668,25.629032258064516,1.3696039935578583,1.286898574750569,1.5534632877242758,True,True,1164,PV+/PNN+,233.55821286,17.244580383732874,296.31705237,19.42376350908454,-0.5493471622467041,False,NONE
133,909,1018,296.31705237,19.42376350908454,25283.0,67.7828418230563,45.87096774193548,3.403548040998951,2.30329738614891,1.2624318285229508,True,False,-1,PV-/PNN+,0.0,0.0,296.31705237,19.42376350908454,-0.018563825637102127,False,NONE
134,939,690,296.31705237,19.42376350908454,22323.0,59.847184986595174,54.79838709677419,3.0050786267143765,2.7515657065544734,1.234540361105385,True,False,-1,PV-/PNN+,0.0,0.0,296.31705237,19.42376350908454,1.944062352180481,False,NONE
135,892,702,296.31705237,19.42376350908454,9202.0,24.67024128686327,20.653225806451612,1.2387552534617075,1.0370507394387058,1.3824565858526412,True,False,-1,PV-/PNN+,0.0,0.0,296.31705237,19.42376350908454,-0.3720405697822571,False,NONE
136,931,891,296.31705237,19.42376350908454,10013.0,26.844504021447722,25.016129032258064,1.3479304882538663,1.2561231525727705,1.0548461529889344,True,False,-1,PV-/PNN+,0.0,0.0,296.31705237,19.42376350908454,0.48554062843322754,False,NONE
137,1044,858,296.31705237,19.42376350908454,10442.0,27.994638069705093,24.129032258064516,1.4056816297160561,1.2115797783680624,1.0319842944499458,True,False,-1,PV-/PNN+,0.0,0.0,296.31705237,19.42376350908454,-0.6247933506965637,False,NONE
138,646,1013,296.31705237,19.42376350908454,11235.0,30.12064343163539,26.112903225806452,1.5124337396916196,1.3111949606804099,1.0989695399691823,True,False,-1,PV-/PNN+,0.0,0.0,296.31705237,19.42376350908454,-1.450609564781189,False,NONE
139,1144,1381,296.31705237,19.42376350908454,36817.0,98.70509383378015,72.20967741935483,4.956232576255127,3.6258306602632455,1.04341522371944,True,False,-1,PV-/PNN+,0.0,0.0,296.31705237,19.42376350908454,2.272624969482422,False,NONE
140,1104,1631,296.31705237,19.42376350908454,25535.0,68.45844504021447,48.13709677419355,3.4374717884312864,2.4170854602536647,1.2692903860846474,True,False,-1,PV-/PNN+,0.0,0.0,296.31705237,19.42376350908454,2.239562749862671,False,NONE
141,852,1256,296.31705237,19.42376350908454,34672.0,92.9544235924933,78.25,4.667476868944178,3.9291305446207585,1.2429992487648105,True,False,-1,PV-/PNN+,0.0,0.0,296.31705237,19.42376350908454,1.2588114738464355,False,NONE
142,912,1560,296.31705237,19.42376350908454,34713.0,93.06434316353888,82.23387096774194,4.6729962088042,4.129170788776448,1.0450155538171693,True,False,-1,PV-/PNN+,0.0,0.0,296.31705237,19.42376350908454,1.9109994173049927,False,NONE
143,993,1274,296.31705237,19.42376350908454,21006.0,56.316353887399465,47.354838709677416,2.8277866609668143,2.3778063030004217,1.213964688420295,True,True,1556,PV+/PNN+,92.94663573,10.878572156378345,296.31705237,19.42376350908454,2.047001600265503,False,NONE
144,1134,1242,296.31705237,19.42376350908454,30039.0,80.53351206434316,45.895161290322584,4.043791464761598,2.3045122054454024,1.049587925524967,True,False,-1,PV-/PNN+,0.0,0.0,296.31705237,19.42376350908454,2.3296236991882324,False,NONE
145,867,1644,296.31705237,19.42376350908454,33102.0,88.74530831099196,74.65322580645162,4.456126537718913,3.748527409208942,1.2052771821754795,True,False,-1,PV-/PNN+,0.0,0.0,296.31705237,19.42376350908454,1.7944408655166626,False,NONE
146,952,1222,296.31705237,19.42376350908454,24093.0,64.59249329758713,60.153225806451616,3.2433525670129226,3.020445710844712,1.375140791120165,True,True,1468,PV+/PNN+,121.54560057,12.44012319610657,296.31705237,19.42376350908454,1.5747779607772827,False,NONE
147,699,1389,296.31705237,19.42376350908454,50110.0,134.343163538874,96.04838709677419,6.745710253310819,4.822832607073403,1.0527885857204253,True,False,-1,PV-/PNN+,0.0,0.0,296.31705237,19.42376350908454,2.209230422973633,False,NONE
148,1022,1431,296.31705237,19.42376350908454,20536.0,55.056300268096514,42.38709677419355,2.7645161796446014,2.1283634074540565,1.0482162140126277,True,False,-1,PV-/PNN+,0.0,0.0,296.31705237,19.42376350908454,1.6269280910491943,False,NONE
149,825,1653,296.31705237,19.42376350908454,29721.0,79.68096514745308,65.65322580645162,4.00098292633508,3.2966146309139024,1.1380633180708528,True,False,-1,PV-/PNN+,0.0,0.0,296.31705237,19.42376350908454,1.3452649116516113,False,NONE
150,859,1705,296.31705237,19.42376350908454,24324.0,65.21179624664879,47.733870967741936,3.2744493354925637,2.396838471978797,1.6138185942672059,True,True,1261,PV+/PNN+,111.2181966,11.899891008124815,296.31705237,19.42376350908454,1.5935847759246826,False,NONE
151,741,1444,296.31705237,19.42376350908454,77503.0,207.7828418230563,168.01612903225808,10.433302370032896,8.43651507437173,1.234083123934605,True,False,-1,PV-/PNN+,0.0,0.0,296.31705237,19.42376350908454,1.6951977014541626,False,NONE
152,1080,1467,296.31705237,19.42376350908454,18142.0,48.638069705093834,54.25,2.4422405790374153,2.7240298025006537,1.1506373402672967,True,True,1744,PV+/PNN+,92.94663573,10.878572156378345,296.31705237,19.42376350908454,0.8459194898605347,False,NONE
153,737,1379,296.31705237,19.42376350908454,34331.0,92.04021447721179,63.79838709677419,4.6215721154742315,3.2034784848495126,1.1851587466611695,True,True,1012,PV+/PNN+,82.61923176,10.25641618853639,296.31705237,19.42376350908454,1.504010796546936,False,NONE
154,1002,1589,296.31705237,19.42376350908454,14085.0,37.761394101876675,34.145161290322584,1.896095168985889,1.7145149671157676,1.1504087216819068,True,True,1581,PV+/PNN+,73.08624348000001,9.646569098642193,296.31705237,19.42376350908454,1.4322174787521362,False,NONE
155,694,1630,296.31705237,19.42376350908454,35027.0,93.90616621983914,101.95161290322581,4.715266275049252,5.119248515417461,1.2551160337904745,True,False,-1,PV-/PNN+,0.0,0.0,296.31705237,19.42376350908454,1.3868824243545532,False,NONE
156,950,1500,296.31705237,19.42376350908454,21325.0,57.171581769437,46.20161290322581,2.8707298174386993,2.3198999165343013,1.1849301280757796,True,False,-1,PV-/PNN+,0.0,0.0,296.31705237,19.42376350908454,0.6026089787483215,False,NONE
157,734,1704,296.31705237,19.42376350908454,23585.0,63.23056300268097,57.056451612903224,3.1749665999667864,2.8649488408937303,1.1885880254420178,True,False,-1,PV-/PNN+,0.0,0.0,296.31705237,19.42376350908454,0.7928729057312012,False,NONE
158,1037,1280,296.31705237,19.42376350908454,15945.0,42.74798927613941,44.57258064516129,2.1464847333674117,2.2381020839038372,1.2404844443255219,True,True,1651,PV+/PNN+,76.26390624,9.854045933561641,296.31705237,19.42376350908454,0.2196509838104248,False,NONE
159,748,1308,296.31705237,19.42376350908454,17321.0,46.43699731903485,44.435483870967744,2.3317191637915924,2.2312181078903826,1.021239220936621,True,False,-1,PV-/PNN+,0.0,0.0,296.31705237,19.42376350908454,0.14011286199092865,False,NONE
160,925,1589,296.31705237,19.42376350908454,23622.0,63.32975871313673,63.314516129032256,3.1799474676453436,3.1791820989196715,1.1885880254420178,True,False,-1,PV-/PNN+,0.0,0.0,296.31705237,19.42376350908454,0.1829143762588501,False,NONE
161,727,1281,296.31705237,19.42376350908454,17614.0,47.22252010723861,37.32258064516129,2.371162251083951,1.874061234721722,1.1975041502722232,True,False,-1,PV-/PNN+,0.0,0.0,296.31705237,19.42376350908454,0.9621288180351257,False,NONE
162,766,1719,296.31705237,19.42376350908454,28423.0,76.20107238605898,48.895161290322584,3.8262487034494796,2.4551497982104156,1.1250320587036293,True,False,-1,PV-/PNN+,0.0,0.0,296.31705237,19.42376350908454,1.6397958993911743,False,NONE
163,820,1444,296.31705237,19.42376350908454,28362.0,76.03753351206434,67.58064516129032,3.8180370026821286,3.3933952348677683,1.4899073209858875,True,True,1180,PV+/PNN+,126.31209471,12.681701540530954,296.31705237,19.42376350908454,0.8645389080047607,False,NONE
164,938,1696,296.31705237,19.42376350908454,14849.0,39.80965147453083,32.71774193548387,1.9989433556458263,1.642840628622737,1.3746835539493851,True,True,1452,PV+/PNN+,87.3857259,10.54812598812072,296.31705237,19.42376350908454,0.18135754764080048,False,NONE
165,1112,1335,296.31705237,19.42376350908454,13758.0,36.88471849865952,35.604838709677416,1.8520750681510727,1.7878090646707872,1.3026686995515708,True,True,1811,PV+/PNN+,119.95676919,12.358547737957588,296.31705237,19.42376350908454,0.21575717628002167,False,NONE
166,670,1472,296.31705237,19.42376350908454,32539.0,87.23592493297588,67.49193548387096,4.380336578177625,3.388940897447297,1.0200961280096716,True,False,-1,PV-/PNN+,0.0,0.0,296.31705237,19.42376350908454,0.6176811456680298,False,NONE
167,641,1521,296.31705237,19.42376350908454,23912.0,64.10723860589812,93.62096774193549,3.2189867008016027,4.700945737658702,0.9883181446404775,True,False,-1,PV-/PNN+,0.0,0.0,296.31705237,19.42376350908454,1.236000418663025,False,NONE
168,677,1514,296.31705237,19.42376350908454,35040.0,93.94101876675603,65.24193548387096,4.717016309639016,3.2759627028735374,1.1666406412445887,True,True,868,PV+/PNN+,92.15222004,10.831982768176108,296.31705237,19.42376350908454,0.10711595416069031,False,NONE
169,872,1610,296.31705237,19.42376350908454,23160.0,62.0911528150134,66.39516129032258,3.117753930686062,3.3338690893396583,1.0763363000155837,True,False,-1,PV-/PNN+,0.0,0.0,296.31705237,19.42376350908454,0.303192675113678,False,NONE
170,768,1523,296.31705237,19.42376350908454,16467.0,44.14745308310992,35.66935483870968,2.2167553530486783,1.7910485827947662,1.2052771821754795,True,True,1075,PV+/PNN+,55.6090983,8.414493627225879,296.31705237,19.42376350908454,-0.26335608959198,False,NONE
171,826,1345,296.31705237,19.42376350908454,14680.0,39.35656836461126,34.935483870967744,1.9761929059789032,1.7541990641345075,1.1526949075358057,True,False,-1,PV-/PNN+,0.0,0.0,296.31705237,19.42376350908454,0.16474592685699463,False,NONE
172,961,2114,296.31705237,19.42376350908454,43890.0,117.66756032171581,107.65322580645162,5.908386011131747,5.405540929624086,1.1828725608072705,True,False,-1,PV-/PNN+,0.0,0.0,296.31705237,19.42376350908454,2.9133083820343018,False,NONE
173,1134,1994,296.31705237,19.42376350908454,38258.0,102.56836461126005,75.69354838709677,5.150217179628124,3.8007646389580994,1.0866241363581286,True,False,-1,PV-/PNN+,0.0,0.0,296.31705237,19.42376350908454,2.1683483123779297,False,NONE
174,1095,2102,296.31705237,19.42376350908454,35809.0,96.00268096514745,75.08870967741936,4.820537586525786,3.7703941565457986,1.0902820337243666,True,False,-1,PV-/PNN+,0.0,0.0,296.31705237,19.42376350908454,2.370737314224243,False,NONE
175,659,1888,296.31705237,19.42376350908454,55189.0,147.9597855227882,139.94354838709677,7.429435305726817,7.0269197506754635,1.193617634320595,True,False,-1,PV-/PNN+,0.0,0.0,296.31705237,19.42376350908454,2.2750463485717773,False,NONE
176,1039,1793,296.31705237,19.42376350908454,26751.0,71.71849865951742,45.75806451612903,3.6011673315968413,2.2976282294319472,1.0669629380145984,True,False,-1,PV-/PNN+,0.0,0.0,296.31705237,19.42376350908454,1.0934414863586426,False,NONE
177,1038,1911,296.31705237,19.42376350908454,21826.0,58.51474530831099,46.20967741935484,2.9381734581672707,2.3203048562997988,1.0889103222120273,True,False,-1,PV-/PNN+,0.0,0.0,296.31705237,19.42376350908454,1.811355471611023,False,NONE
178,775,1930,296.31705237,19.42376350908454,71056.0,190.49865951742626,188.94354838709677,9.565419831555648,9.487333765837343,1.2013906662238514,True,False,-1,PV-/PNN+,0.0,0.0,296.31705237,19.42376350908454,2.7839479446411133,False,NONE
179,1073,1926,296.31705237,19.42376350908454,28944.0,77.59785522788204,59.36290322580645,3.8963847050853793,2.9807616138259716,1.1222886356789508,True,False,-1,PV-/PNN+,0.0,0.0,296.31705237,19.42376350908454,1.3557958602905273,False,NONE
180,1041,1979,296.31705237,19.42376350908454,38890.0,104.2627345844504,66.93548387096774,5.235295784299696,3.361000053627981,1.1264037702159686,True,False,-1,PV-/PNN+,0.0,0.0,296.31705237,19.42376350908454,1.370893120765686,False,NONE
181,1011,2161,296.31705237,19.42376350908454,36469.0,97.77211796246648,76.4758064516129,4.909385496467617,3.840043796211342,1.4924221254251764,True,True,1607,PV+/PNN+,146.17248696000001,13.642308849668993,296.31705237,19.42376350908454,1.0339956283569336,False,NONE
182,699,2232,296.31705237,19.42376350908454,31634.0,84.80965147453082,61.645161290322584,4.258507247121022,3.095359567461721,1.2283676592998578,True,False,-1,PV-/PNN+,0.0,0.0,296.31705237,19.42376350908454,1.666347622871399,False,NONE
183,883,2115,296.31705237,19.42376350908454,41516.0,111.3029490616622,65.95967741935483,5.588802771431889,3.3120023420028013,1.3367328687746638,True,False,-1,PV-/PNN+,0.0,0.0,296.31705237,19.42376350908454,2.3593766689300537,False,NONE
184,1148,2188,296.31705237,19.42376350908454,19246.0,51.597855227882036,45.32258064516129,2.590858901121932,2.27576148209509,1.3721687495100963,True,True,1907,PV+/PNN+,123.92884764,12.56149312576761,296.31705237,19.42376350908454,0.958890974521637,False,NONE
185,798,1836,296.31705237,19.42376350908454,34980.0,93.78016085790885,67.98387096774194,4.708939226917032,3.4136422231426358,1.2077919866147682,True,False,-1,PV-/PNN+,0.0,0.0,296.31705237,19.42376350908454,1.6935510635375977,False,NONE
186,677,2295,296.31705237,19.42376350908454,16472.0,44.160857908847184,31.991935483870968,2.21742844327551,1.606396049727976,1.3399335289701222,True,True,876,PV+/PNN+,46.07611002,7.659368469073157,296.31705237,19.42376350908454,0.6295936107635498,False,NONE
187,676,2083,296.31705237,19.42376350908454,28829.0,77.28954423592494,47.67741935483871,3.880903629868242,2.394003893620316,1.3419910962386312,True,False,-1,PV-/PNN+,0.0,0.0,296.31705237,19.42376350908454,2.2206194400787354,False,NONE
188,887,2008,296.31705237,19.42376350908454,26620.0,71.36729222520107,50.604838709677416,3.5835323676538415,2.5409970284958527,1.2306538451537568,True,False,-1,PV-/PNN+,0.0,0.0,296.31705237,19.42376350908454,1.3324024677276611,False,NONE
189,666,2143,296.31705237,19.42376350908454,31117.0,83.42359249329759,66.0241935483871,4.188909717666589,3.315241860126781,1.1474366800718383,True,False,-1,PV-/PNN+,0.0,0.0,296.31705237,19.42376350908454,2.1731960773468018,False,NONE
190,859,1828,296.31705237,19.42376350908454,59882.0,160.54155495978551,119.01612903225806,8.061197792631381,5.976101059209848,0.9455664691725688,True,False,-1,PV-/PNN+,0.0,0.0,296.31705237,19.42376350908454,1.9612780809402466,False,NONE
191,724,2249,296.31705237,19.42376350908454,37644.0,100.92225201072387,68.91935483870968,5.067561699773149,3.460615235940328,1.2055058007608694,True,False,-1,PV-/PNN+,0.0,0.0,296.31705237,19.42376350908454,1.1568208932876587,False,NONE
192,703,1830,296.31705237,19.42376350908454,34499.0,92.49061662198392,66.39516129032258,4.644187947095789,3.3338690893396583,0.9826026800057303,True,False,-1,PV-/PNN+,0.0,0.0,296.31705237,19.42376350908454,0.7026571035385132,False,NONE
193,859,1968,296.31705237,19.42376350908454,58676.0,157.30831099195711,94.04838709677419,7.89884842991949,4.722407545230062,1.2999252765268923,True,False,-1,PV-/PNN+,0.0,0.0,296.31705237,19.42376350908454,1.9635506868362427,False,NONE
194,813,2138,296.31705237,19.42376350908454,66351.0,177.8847184986595,121.71774193548387,8.932041928106688,6.111755880651459,1.274548613548615,True,False,-1,PV-/PNN+,0.0,0.0,296.31705237,19.42376350908454,1.7245539426803589,False,NONE
195,831,2062,296.31705237,19.42376350908454,31588.0,84.68632707774799,68.5,4.2523148170341685,3.439558368134466,1.2836933569642102,True,True,1210,PV+/PNN+,67.52533365000001,9.272320371655413,296.31705237,19.42376350908454,1.1577595472335815,False,NONE
196,687,2184,296.31705237,19.42376350908454,26584.0,71.27077747989276,43.95967741935484,3.578686118020651,2.207326661726039,1.0651339893314793,True,False,-1,PV-/PNN+,0.0,0.0,296.31705237,19.42376350908454,1.4638116359710693,False,NONE
197,916,1987,296.31705237,19.42376350908454,20244.0,54.27345844504021,45.975806451612904,2.72520771039761,2.3085616031003755,1.5260290574774895,True,True,1399,PV+/PNN+,84.20806314000001,10.3545659481894,296.31705237,19.42376350908454,0.5041329264640808,False,NONE
198,655,1991,296.31705237,19.42376350908454,25352.0,67.96782841823057,47.66129032258065,3.412836686129234,2.393194014089321,1.2359120726177242,True,False,-1,PV-/PNN+,0.0,0.0,296.31705237,19.42376350908454,0.9728700518608093,False,NONE
199,1065,2211,296.31705237,19.42376350908454,17995.0,48.24396782841823,47.49193548387097,2.422451726368553,2.384690279013877,1.075421825674024,True,False,-1,PV-/PNN+,0.0,0.0,296.31705237,19.42376350908454,0.524239718914032,False,NONE
200,1039,2266,296.31705237,19.42376350908454,17133.0,45.93297587131367,35.346774193548384,2.306410971262707,1.774850992174872,1.2066488936878188,True,False,-1,PV-/PNN+,0.0,0.0,296.31705237,19.42376350908454,-0.6181462407112122,False,NONE
201,982,1842,296.31705237,19.42376350908454,15950.0,42.761394101876675,33.08064516129032,2.147157823594244,1.6610629180701175,0.9668279976138282,True,False,-1,PV-/PNN+,0.0,0.0,296.31705237,19.42376350908454,1.1326498985290527,False,NONE
202,710,1964,296.31705237,19.42376350908454,55843.0,149.71313672922253,96.12096774193549,7.517475507396449,4.82647706496288,1.3307887855545268,True,False,-1,PV-/PNN+,0.0,0.0,296.31705237,19.42376350908454,1.4721516370773315,False,NONE
203,1084,2067,296.31705237,19.42376350908454,17174.0,46.042895442359246,36.62096774193548,2.31193031112273,1.838831475123453,1.2372837841300635,True,False,-1,PV-/PNN+,0.0,0.0,296.31705237,19.42376350908454,1.0578144788742065,False,NONE
204,887,1950,296.31705237,19.42376350908454,20012.0,53.6514745308311,44.87096774193548,2.6939763238726027,2.2530848552272387,1.2539729408635252,True,False,-1,PV-/PNN+,0.0,0.0,296.31705237,19.42376350908454,-0.34499672055244446,False,NONE
205,736,2019,296.31705237,19.42376350908454,67082.0,179.84450402144773,142.44354838709677,9.030447719269535,7.152451077979641,1.2766061808171238,True,False,-1,PV-/PNN+,0.0,0.0,296.31705237,19.42376350908454,0.7314398288726807,False,NONE
206,738,2201,296.31705237,19.42376350908454,21045.0,56.420911528150135,43.86290322580645,2.8330367647361046,2.2024673845400704,1.2898660587697373,True,False,-1,PV-/PNN+,0.0,0.0,296.31705237,19.42376350908454,0.6857689619064331,False,NONE
207,703,2146,296.31705237,19.42376350908454,15140.0,40.58981233243968,32.806451612903224,2.038117206847452,1.6472949660432077,1.2096209352978873,True,False,-1,PV-/PNN+,0.0,0.0,296.31705237,19.42376350908454,0.8557588458061218,False,NONE
208,933,1828,296.31705237,19.42376350908454,16455.0,44.11528150134048,44.87096774193548,2.2151399365042814,2.2530848552272387,1.1927031599790356,True,True,1442,PV+/PNN+,30.98221191,6.280746562883805,296.31705237,19.42376350908454,-0.05935678258538246,False,NONE
209,924,2138,296.31705237,19.42376350908454,12778.0,34.257372654155496,31.64516129032258,1.7201493836919906,1.5889836398115897,1.2464285275456588,True,False,-1,PV-/PNN+,0.0,0.0,296.31705237,19.42376350908454,-1.0064224004745483,False,NONE
210,824,1985,296.31705237,19.42376350908454,22516.0,60.36461126005362,74.6774193548387,3.031059909470094,3.7497422285054336,1.1410353596809213,True,False,-1,PV-/PNN+,0.0,0.0,296.31705237,19.42376350908454,0.42157089710235596,False,NONE
211,1107,2142,296.31705237,19.42376350908454,14395.0,38.59249329758713,31.532258064516128,1.937826763049476,1.583314483094627,1.1355485136315642,True,False,-1,PV-/PNN+,0.0,0.0,296.31705237,19.42376350908454,0.05670371279120445,False,NONE
212,928,2079,296.31705237,19.42376350908454,16701.0,44.77479892761394,37.45161290322581,2.2482559756644185,1.88054027096968,1.2743199949632251,True,True,1422,PV+/PNN+,73.88065917,9.698854408967305,296.31705237,19.42376350908454,-0.10443811118602753,False,NONE
213,693,2397,296.31705237,19.42376350908454,22736.0,60.9544235924933,43.854838709677416,3.060675879450704,2.2020624447745734,1.410576671855597,True,True,913,PV+/PNN+,121.54560057,12.44012319610657,296.31705237,19.42376350908454,1.6408692598342896,False,NONE
214,720,2567,296.31705237,19.42376350908454,73208.0,196.2680965147453,155.65322580645162,9.855117865184164,7.815742413864296,1.1643544553906897,True,False,-1,PV-/PNN+,0.0,0.0,296.31705237,19.42376350908454,1.2263015508651733,False,NONE
215,780,2683,296.31705237,19.42376350908454,65607.0,175.89008042895443,140.28225806451613,8.83188610235408,7.043927220826352,1.1709843943669966,True,False,-1,PV-/PNN+,0.0,0.0,296.31705237,19.42376350908454,2.0139873027801514,False,NONE
216,936,2807,296.31705237,19.42376350908454,71522.0,191.7479892761394,128.98387096774192,9.628151840696397,6.476606609364568,1.075650444259414,True,False,-1,PV-/PNN+,0.0,0.0,296.31705237,19.42376350908454,1.6470903158187866,False,NONE
217,829,2460,296.31705237,19.42376350908454,42278.0,113.34584450402144,90.71774193548387,5.691381722001093,4.555167422079657,1.1090287577263374,True,False,-1,PV-/PNN+,0.0,0.0,296.31705237,19.42376350908454,1.7412775754928589,False,NONE
218,896,2789,296.31705237,19.42376350908454,42739.0,114.58176943699732,92.0725806451613,5.753440640915009,4.623197302683212,1.378798688486403,True,False,-1,PV-/PNN+,0.0,0.0,296.31705237,19.42376350908454,2.1855990886688232,False,NONE
219,888,2500,296.31705237,19.42376350908454,78459.0,210.34584450402144,206.90322580645162,10.561997221403184,10.389134623599936,1.2850650684765497,True,True,1337,PV+/PNN+,93.74105142,10.924962866435578,296.31705237,19.42376350908454,1.223955750465393,False,NONE
220,992,2391,296.31705237,19.42376350908454,38704.0,103.76407506702412,80.95161290322581,5.210256827861543,4.06478536606237,1.2768347994025138,True,False,-1,PV-/PNN+,0.0,0.0,296.31705237,19.42376350908454,1.2832969427108765,False,NONE
221,926,2524,296.31705237,19.42376350908454,74724.0,200.33243967828417,157.2016129032258,10.059198821959642,7.893490848839786,1.2036768520777503,True,False,-1,PV-/PNN+,0.0,0.0,296.31705237,19.42376350908454,0.8581790924072266,False,NONE
222,890,2387,296.31705237,19.42376350908454,40040.0,107.34584450402144,76.19354838709677,5.390106536471068,3.825870904418935,1.1773857147579132,True,False,-1,PV-/PNN+,0.0,0.0,296.31705237,19.42376350908454,1.0531474351882935,False,NONE
223,957,2694,296.31705237,19.42376350908454,60737.0,162.8337801608579,147.75,8.176296221419662,7.418901443676895,1.2352262168615544,True,False,-1,PV-/PNN+,0.0,0.0,296.31705237,19.42376350908454,1.7377753257751465,False,NONE
224,1136,2712,296.31705237,19.42376350908454,40151.0,107.64343163538874,56.25806451612903,5.4050491395067395,2.8248598041094932,1.0822803832357206,True,False,-1,PV-/PNN+,0.0,0.0,296.31705237,19.42376350908454,1.3711930513381958,False,NONE
225,1121,2510,296.31705237,19.42376350908454,49132.0,131.72117962466487,98.46774193548387,6.614053804942469,4.944314536722608,1.1021702001646407,True,False,-1,PV-/PNN+,0.0,0.0,296.31705237,19.42376350908454,1.8765287399291992,False,NONE
226,812,2407,296.31705237,19.42376350908454,35729.0,95.78820375335121,72.25806451612904,4.809768142896473,3.62826029885623,1.1490370101695675,True,False,-1,PV-/PNN+,0.0,0.0,296.31705237,19.42376350908454,1.0771833658218384,False,NONE
227,883,2425,296.31705237,19.42376350908454,52368.0,140.39678284182307,95.59677419354838,7.049677799748174,4.800155980205552,1.0726784026493454,True,False,-1,PV-/PNN+,0.0,0.0,296.31705237,19.42376350908454,0.6952767372131348,False,NONE
228,915,2582,296.31705237,19.42376350908454,78844.0,211.37801608579088,177.74193548387098,10.613825168869251,8.92487243156153,1.0159809934726538,True,False,-1,PV-/PNN+,0.0,0.0,296.31705237,19.42376350908454,1.058782935142517,False,NONE
229,1077,2500,296.31705237,19.42376350908454,37346.0,100.12332439678285,71.75,5.0274455222539585,3.602749093629897,1.1348626578753946,True,False,-1,PV-/PNN+,0.0,0.0,296.31705237,19.42376350908454,1.447487235069275,False,NONE
230,944,2443,296.31705237,19.42376350908454,70878.0,190.0214477211796,151.33870967741936,9.541457819480428,7.5990996393232155,1.2066488936878188,True,False,-1,PV-/PNN+,0.0,0.0,296.31705237,19.42376350908454,1.3691258430480957,False,NONE
231,947,2399,296.31705237,19.42376350908454,54817.0,146.96246648793564,119.48387096774194,7.379357392850512,5.999587565608694,1.2308824637391467,True,False,-1,PV-/PNN+,0.0,0.0,296.31705237,19.42376350908454,1.3842417001724243,False,NONE
232,1121,2652,296.31705237,19.42376350908454,42046.0,112.72386058981233,64.12096774193549,5.660150335476087,3.2196760754694065,1.113601129434135,True,False,-1,PV-/PNN+,0.0,0.0,296.31705237,19.42376350908454,1.0632282495498657,False,NONE
233,1082,2398,296.31705237,19.42376350908454,46361.0,124.29222520107238,88.5241935483871,6.241027201232147,4.445023805864379,1.1387491738270226,True,False,-1,PV-/PNN+,0.0,0.0,296.31705237,19.42376350908454,1.7146234512329102,False,NONE
234,721,2521,296.31705237,19.42376350908454,42196.0,113.1260053619303,91.4758064516129,5.680343042281049,4.593231760036407,1.1129152736779655,True,False,-1,PV-/PNN+,0.0,0.0,296.31705237,19.42376350908454,2.5243561267852783,False,NONE
235,1088,2595,296.31705237,19.42376350908454,45674.0,122.45040214477211,105.9758064516129,6.148544604065423,5.321313458400637,1.02329678820513,True,False,-1,PV-/PNN+,0.0,0.0,296.31705237,19.42376350908454,0.935968279838562,False,NONE
236,1109,2570,296.31705237,19.42376350908454,25123.0,67.3538873994638,45.443548387096776,3.3820091537403254,2.281835578577551,1.288722965842788,True,True,1806,PV+/PNN+,76.26390624,9.854045933561641,296.31705237,19.42376350908454,1.2851732969284058,False,NONE
237,981,2516,296.31705237,19.42376350908454,37855.0,101.48793565683646,87.66129032258064,5.095966107345461,4.401695250956163,1.1993330989553423,True,False,-1,PV-/PNN+,0.0,0.0,296.31705237,19.42376350908454,0.9724371433258057,False,NONE
238,1105,2382,296.31705237,19.42376350908454,22235.0,59.611260053619304,66.55645161290323,2.9932322387221326,3.3419678846496055,1.5086540449878583,True,True,1777,PV+/PNN+,186.68768715,15.417462365594622,296.31705237,19.42376350908454,0.48208341002464294,False,NONE
239,1141,2405,296.31705237,19.42376350908454,20340.0,54.53083109919571,55.36290322580645,2.738131042752785,2.7799114901392876,1.2066488936878188,True,False,-1,PV-/PNN+,0.0,0.0,296.31705237,19.42376350908454,1.75558340549469,False,NONE
240,964,2424,296.31705237,19.42376350908454,60402.0,161.93565683646113,123.95967741935483,8.131199176221914,6.224329135459722,1.1984186246137827,True,False,-1,PV-/PNN+,0.0,0.0,296.31705237,19.42376350908454,0.7710428237915039,False,NONE
241,769,2714,296.31705237,19.42376350908454,22442.0,60.166219839142094,51.66129032258065,3.02109817411298,2.5940441377760055,1.2285962778852477,True,False,-1,PV-/PNN+,0.0,0.0,296.31705237,19.42376350908454,0.5571377873420715,False,NONE
242,868,2701,296.31705237,19.42376350908454,24858.0,66.64343163538874,47.104838709677416,3.3463353717182267,2.365253170270004,1.2210518645673816,True,False,-1,PV-/PNN+,0.0,0.0,296.31705237,19.42376350908454,1.175251841545105,False,NONE
243,1065,2648,296.31705237,19.42376350908454,44465.0,119.20911528150134,91.31451612903226,5.985791387217433,4.585132964726461,1.0591899061113421,True,False,-1,PV-/PNN+,0.0,0.0,296.31705237,19.42376350908454,2.052683115005493,False,NONE
244,1033,2793,296.31705237,19.42376350908454,34388.0,92.19302949061662,92.60483870967742,4.629245344060117,4.649923327206037,1.6129041199256462,True,True,1638,PV+/PNN+,148.55573403,13.753073662427433,296.31705237,19.42376350908454,0.9284732341766357,False,NONE
245,642,2503,296.31705237,19.42376350908454,6938.0,18.60053619302949,15.524193548387096,0.9339799987521545,0.7795090485823931,1.2196801530550423,True,False,-1,PV-/PNN+,0.0,0.0,296.31705237,19.42376350908454,0.39865586161613464,False,NONE
246,792,2838,296.31705237,19.42376350908454,19253.0,51.61662198391421,37.21774193548387,2.5918012274394973,1.8687970177702566,1.2027623777361907,True,False,-1,PV-/PNN+,0.0,0.0,296.31705237,19.42376350908454,0.5723786354064941,False,NONE
247,1141,2838,296.31705237,19.42376350908454,63342.0,169.8176943699732,158.08870967741936,8.52697622959916,7.938034223044495,1.073364258405515,True,False,-1,PV-/PNN+,0.0,0.0,296.31705237,19.42376350908454,1.7538789510726929,False,NONE
248,1000,2739,296.31705237,19.42376350908454,45592.0,122.23056300268097,99.9758064516129,6.137505924345378,5.020038272870611,1.1385205552416326,True,False,-1,PV-/PNN+,0.0,0.0,296.31705237,19.42376350908454,-0.05454796925187111,False,NONE
249,983,2641,296.31705237,19.42376350908454,36801.0,98.66219839142092,83.93548387096774,4.954078687529265,4.214613079296388,1.3975454124883735,True,True,1535,PV+/PNN+,142.20040851,13.455674765407588,296.31705237,19.42376350908454,-0.3952004909515381,False,NONE
250,1096,2835,296.31705237,19.42376350908454,36371.0,97.50938337801608,82.98387096774194,4.8961929280217085,4.166830186967701,1.2608314984252218,True,True,1765,PV+/PNN+,84.20806314000001,10.3545659481894,296.31705237,19.42376350908454,1.0964257717132568,False,NONE
251,1031,2843,296.31705237,19.42376350908454,43713.0,117.19302949061662,118.08870967741936,5.884558617101892,5.929532986177653,1.1828725608072705,True,True,1628,PV+/PNN+,104.06845539,11.511041341340722,296.31705237,19.42376350908454,0.5313186645507812,False,NONE
252,774,2751,296.31705237,19.42376350908454,10262.0,27.512064343163537,31.362903225806452,1.3814503815501022,1.5748107480191826,1.1890452626127976,True,False,-1,PV-/PNN+,0.0,0.0,296.31705237,19.42376350908454,0.12617750465869904,False,NONE
253,908,2692,296.31705237,19.42376350908454,35888.0,96.21447721179625,99.20967741935483,4.831172412109733,4.981568995148363,1.1023988187500307,True,False,-1,PV-/PNN+,0.0,0.0,296.31705237,19.42376350908454,0.6227751970291138,False,NONE
254,1626,70,296.31705237,19.42376350908454,64698.0,173.45308310991956,137.99193548387098,8.709518299116011,6.928924327425106,1.747560466720289,True,False,-1,PV-/PNN+,0.0,0.0,296.31705237,19.42376350908454,2.3426101207733154,False,NONE
255,1375,49,296.31705237,19.42376350908454,52809.0,141.57908847184987,125.74193548387096,7.109044357754761,6.313820823634635,1.5125405609394862,True,False,-1,PV-/PNN+,0.0,0.0,296.31705237,19.42376350908454,2.4243760108947754,False,NONE
256,1406,193,296.31705237,19.42376350908454,64067.0,171.76139410187668,158.9516129032258,8.624574312489807,7.98136277795271,1.5868416011911992,True,False,-1,PV-/PNN+,0.0,0.0,296.31705237,19.42376350908454,1.5052090883255005,False,NONE
257,1303,315,296.31705237,19.42376350908454,29408.0,78.84182305630027,67.6774193548387,3.958847478135394,3.3982545120537364,1.2848364498911597,True,False,-1,PV-/PNN+,0.0,0.0,296.31705237,19.42376350908454,2.3583462238311768,False,NONE
258,1272,176,296.31705237,19.42376350908454,55101.0,147.72386058981232,124.80645161290323,7.417588917734572,6.266847810836944,1.0406718006947613,True,False,-1,PV-/PNN+,0.0,0.0,296.31705237,19.42376350908454,1.992735505104065,False,NONE
259,1600,29,296.31705237,19.42376350908454,23639.0,63.375335120643435,71.16935483870968,3.1822359744165727,3.5735934305140877,1.9396000784477934,True,True,2711,PV+/PNN+,209.72574216,16.34108651427568,296.31705237,19.42376350908454,0.08953693509101868,False,NONE
260,1367,172,296.31705237,19.42376350908454,85496.0,229.2117962466488,201.1290322580645,11.509304406646613,10.099197751503835,1.5882133127035387,True,True,2398,PV+/PNN+,177.94911456,15.05230379737267,296.31705237,19.42376350908454,1.4229661226272583,False,NONE
261,1437,154,296.31705237,19.42376350908454,85019.0,227.9329758713137,212.48387096774192,11.445091599006837,10.6693529413241,1.5381458425031536,True,False,-1,PV-/PNN+,0.0,0.0,296.31705237,19.42376350908454,1.3785934448242188,False,NONE
262,1555,121,296.31705237,19.42376350908454,91326.0,244.84182305630026,230.6209677419355,12.294127611132785,11.580062473927635,1.3479351794587684,True,False,-1,PV-/PNN+,0.0,0.0,296.31705237,19.42376350908454,1.3019615411758423,False,NONE
263,1226,173,296.31705237,19.42376350908454,40135.0,107.60053619302948,104.70161290322581,5.402895250780876,5.257332975452057,1.2064202751024289,True,False,-1,PV-/PNN+,0.0,0.0,296.31705237,19.42376350908454,-0.19317200779914856,False,NONE
264,1449,184,296.31705237,19.42376350908454,44244.0,118.61662198391421,114.26612903225806,5.956040799191457,5.737591537331911,1.4297806330283476,True,False,-1,PV-/PNN+,0.0,0.0,296.31705237,19.42376350908454,-0.22651493549346924,False,NONE
265,1406,121,296.31705237,19.42376350908454,28528.0,76.48257372654156,74.18548387096774,3.8403835982129526,3.725040902810096,1.3591374901428728,True,False,-1,PV-/PNN+,0.0,0.0,296.31705237,19.42376350908454,0.38828837871551514,False,NONE
266,1715,18,296.31705237,19.42376350908454,42334.0,113.49597855227881,97.25806451612904,5.698920332541612,4.883573571898006,2.177363407253275,True,True,2795,PV+/PNN+,255.00743649,18.01903305786991,296.31705237,19.42376350908454,-0.6614545583724976,False,NONE
267,1486,85,296.31705237,19.42376350908454,39172.0,105.01876675603218,84.81451612903226,5.273258073093024,4.258751513735599,1.363024006094501,True,False,-1,PV-/PNN+,0.0,0.0,296.31705237,19.42376350908454,0.23746350407600403,False,NONE
268,1455,15,296.31705237,19.42376350908454,18050.0,48.39142091152815,63.153225806451616,2.4298557188637058,3.171083303609725,1.4636161836660508,True,False,-1,PV-/PNN+,0.0,0.0,296.31705237,19.42376350908454,-0.1619097888469696,False,NONE
269,1516,179,296.31705237,19.42376350908454,60222.0,161.45308310991956,113.89516129032258,8.10696792805596,5.718964308119032,1.3954878452198645,True,False,-1,PV-/PNN+,0.0,0.0,296.31705237,19.42376350908454,0.34189510345458984,False,NONE
270,1627,1135,296.31705237,19.42376350908454,60786.0,162.96514745308312,170.79032258064515,8.182892505642616,8.575814353702816,0.9794020198102719,True,False,-1,PV-/PNN+,0.0,0.0,296.31705237,19.42376350908454,2.1863529682159424,False,NONE
271,1224,1479,296.31705237,19.42376350908454,7209.0,19.327077747989275,21.79032258064516,0.9704614890464517,1.0941472463738318,1.0324415316207256,True,False,-1,PV-/PNN+,0.0,0.0,296.31705237,19.42376350908454,0.5833169221878052,False,NONE
272,1687,2262,296.31705237,19.42376350908454,9846.0,26.396782841823057,21.846774193548388,1.3254492746776758,1.0969818247323133,1.898220114492224,True,True,2780,PV+/PNN+,166.03287921,14.539588286344586,296.31705237,19.42376350908454,2.674455404281616,False,NONE
273,1477,2196,296.31705237,19.42376350908454,15199.0,40.74798927613941,32.71774193548387,2.0460596715240698,1.642840628622737,1.2772920365732936,True,False,-1,PV-/PNN+,0.0,0.0,296.31705237,19.42376350908454,2.704404592514038,False,NONE
274,1411,2022,296.31705237,19.42376350908454,11537.0,30.93029490616622,27.169354838709676,1.5530883893922756,1.3642420699605622,1.4009746912692218,True,True,2485,PV+/PNN+,135.84508299,13.151552441468574,296.31705237,19.42376350908454,0.7851594686508179,False,NONE
275,1370,2269,296.31705237,19.42376350908454,37879.0,101.55227882037534,69.20967741935483,5.099196940434255,3.4751930674982323,1.1332623277776652,True,False,-1,PV-/PNN+,0.0,0.0,296.31705237,19.42376350908454,2.101309061050415,False,NONE
276,1357,2070,296.31705237,19.42376350908454,21357.0,57.257372654155496,34.71774193548387,2.8750375948904243,1.743265690466079,1.1174876453857632,True,False,-1,PV-/PNN+,0.0,0.0,296.31705237,19.42376350908454,1.4121215343475342,False,NONE
277,1325,2210,296.31705237,19.42376350908454,45877.0,122.99463806970509,85.39516129032258,6.175872067274804,4.287907176851408,1.1460649685594988,True,False,-1,PV-/PNN+,0.0,0.0,296.31705237,19.42376350908454,2.0648837089538574,False,NONE
278,1408,2253,296.31705237,19.42376350908454,22943.0,61.50938337801609,40.61290322580645,3.0885418148415513,2.03927665904464,1.3026686995515708,True,True,2481,PV+/PNN+,84.20806314000001,10.3545659481894,296.31705237,19.42376350908454,2.0650131702423096,False,NONE
279,1270,1851,296.31705237,19.42376350908454,18155.0,48.67292225201072,30.048387096774192,2.4439906136271787,1.508805566243115,1.0381569962554726,True,False,-1,PV-/PNN+,0.0,0.0,296.31705237,19.42376350908454,0.1283641904592514,False,NONE
280,1281,1888,296.31705237,19.42376350908454,10759.0,28.844504021447722,22.04032258064516,1.4483555500972083,1.1067003791042496,1.097826447042233,True,False,-1,PV-/PNN+,0.0,0.0,296.31705237,19.42376350908454,0.11597976088523865,False,NONE
281,1293,2145,296.31705237,19.42376350908454,24341.0,65.25737265415549,39.41129032258065,3.2767378422637923,1.9789406339855353,1.154066619048145,True,False,-1,PV-/PNN+,0.0,0.0,296.31705237,19.42376350908454,0.41145873069763184,False,NONE
282,1293,1793,296.31705237,19.42376350908454,9254.0,24.80965147453083,19.330645161290324,1.2457553918207607,0.970640617897141,1.2096209352978873,True,True,2239,PV+/PNN+,96.91871418,11.10858854755457,296.31705237,19.42376350908454,0.06876175105571747,False,NONE
283,1277,2047,296.31705237,19.42376350908454,7921.0,21.23592493297587,28.524193548387096,1.0663095373473357,1.4322719505641166,1.2688331489138678,True,True,2185,PV+/PNN+,58.78676106,8.651568001725998,296.31705237,19.42376350908454,0.3810562491416931,False,NONE
284,1218,2279,296.31705237,19.42376350908454,19203.0,51.48257372654155,44.66935483870968,2.5850703251711766,2.2429613610898054,1.2084778423709377,True,False,-1,PV-/PNN+,0.0,0.0,296.31705237,19.42376350908454,-0.6970902681350708,False,NONE
285,1627,2411,296.31705237,19.42376350908454,16749.0,44.90348525469169,36.733870967741936,2.2547176418420056,1.8445006318404158,1.2516867550096262,True,False,-1,PV-/PNN+,0.0,0.0,296.31705237,19.42376350908454,2.584205389022827,False,NONE
286,1717,2806,296.31705237,19.42376350908454,26976.0,72.32171581769437,62.79032258064516,3.6314563918042837,3.1528610141623443,1.5822692294834013,True,True,2800,PV+/PNN+,96.91871418,11.10858854755457,296.31705237,19.42376350908454,2.14933180809021,False,NONE
287,1526,2628,296.31705237,19.42376350908454,51618.0,138.38605898123325,100.30645161290323,6.948714265723366,5.036640803256003,1.2089350795417175,True,False,-1,PV-/PNN+,0.0,0.0,296.31705237,19.42376350908454,2.6249163150787354,False,NONE
288,1485,2753,296.31705237,19.42376350908454,46376.0,124.33243967828419,111.80645161290323,6.243046471912644,5.61408490885522,1.4885356094735482,True,False,-1,PV-/PNN+,0.0,0.0,296.31705237,19.42376350908454,2.4382190704345703,False,NONE
289,1331,2656,296.31705237,19.42376350908454,50808.0,136.21447721179624,108.16935483870968,6.839673648976573,5.431457074615916,1.2969532349168236,True,False,-1,PV-/PNN+,0.0,0.0,296.31705237,19.42376350908454,2.483003854751587,False,NONE
290,1607,2699,296.31705237,19.42376350908454,38514.0,103.25469168900804,104.83064516129032,5.184679399241926,5.263812011700014,1.5095685193294177,True,True,2717,PV+/PNN+,170.79937335,14.746813769937054,296.31705237,19.42376350908454,3.0382802486419678,False,NONE
291,1515,2372,296.31705237,19.42376350908454,27199.0,72.9195710455764,67.20967741935483,3.661476215920993,3.3747680056548903,1.2539729408635252,True,False,-1,PV-/PNN+,0.0,0.0,296.31705237,19.42376350908454,1.7117633819580078,False,NONE
292,1283,2449,296.31705237,19.42376350908454,69095.0,185.24128686327077,143.6451612903226,9.301433844592118,7.212787103038746,1.1069711904578283,True,False,-1,PV-/PNN+,0.0,0.0,296.31705237,19.42376350908454,2.516702890396118,False,NONE
293,1540,2810,296.31705237,19.42376350908454,64817.0,173.7721179624665,147.04032258064515,8.725537846514616,7.383266744313128,1.111772180751016,True,False,-1,PV-/PNN+,0.0,0.0,296.31705237,19.42376350908454,2.732001543045044,False,NONE
294,1472,2472,296.31705237,19.42376350908454,44825.0,120.17426273458445,89.01612903225806,6.034253883549341,4.469725131559717,1.0102655288379065,True,False,-1,PV-/PNN+,0.0,0.0,296.31705237,19.42376350908454,2.5033586025238037,False,NONE
295,1579,2561,296.31705237,19.42376350908454,18315.0,49.101876675603215,37.193548387096776,2.465529500885804,1.8675821984737648,1.7784239757479237,True,True,2688,PV+/PNN+,143.78923989,13.53063732184699,296.31705237,19.42376350908454,1.8209236860275269,False,NONE
296,1360,2392,296.31705237,19.42376350908454,60316.0,161.70509383378015,129.41129032258064,8.119622024320403,6.498068416935928,1.0566751016720535,True,False,-1,PV-/PNN+,0.0,0.0,296.31705237,19.42376350908454,1.468518614768982,False,NONE
297,1602,2658,296.31705237,19.42376350908454,24326.0,65.2171581769437,49.50806451612903,3.2747185715832967,2.4859252203882134,1.2224235760797209,True,False,-1,PV-/PNN+,0.0,0.0,296.31705237,19.42376350908454,1.6247752904891968,False,NONE
298,1669,2705,296.31705237,19.42376350908454,25326.0,67.89812332439678,58.82258064516129,3.4093366169497066,2.9536306495376494,1.2290535150560276,True,False,-1,PV-/PNN+,0.0,0.0,296.31705237,19.42376350908454,2.1899614334106445,False,NONE
299,1353,2484,296.31705237,19.42376350908454,59879.0,160.53351206434317,116.45967741935483,8.060793938495282,5.847735153547188,1.134176802119225,True,False,-1,PV-/PNN+,0.0,0.0,296.31705237,19.42376350908454,2.8412318229675293,False,NONE
300,1596,2520,296.31705237,19.42376350908454,12847.0,34.44235924932976,41.54032258064516,1.729438028822273,2.0858447320768345,1.615418924364935,True,True,2702,PV+/PNN+,153.32222817,13.97196922387648,296.31705237,19.42376350908454,-0.1250666230916977,False,NONE
301,1396,2432,296.31705237,19.42376350908454,71971.0,192.95174262734585,166.73387096774192,9.688595343065915,8.37212965165765,1.1764712404163538,True,False,-1,PV-/PNN+,0.0,0.0,296.31705237,19.42376350908454,2.352782964706421,False,NONE
302,1492,2508,296.31705237,19.42376350908454,30658.0,82.19302949061662,72.81451612903226,4.127120034843407,3.6562011426755467,1.2011620476384615,True,False,-1,PV-/PNN+,0.0,0.0,296.31705237,19.42376350908454,1.640087366104126,False,NONE
303,1663,2601,296.31705237,19.42376350908454,17652.0,47.32439678284182,42.104838709677416,2.3762777368078742,2.1141905156616487,1.1513231960234662,True,False,-1,PV-/PNN+,0.0,0.0,296.31705237,19.42376350908454,0.47787612676620483,False,NONE
304,1371,2587,296.31705237,19.42376350908454,41348.0,110.85254691689008,99.76612903225806,5.566186939810332,5.009509838967681,1.26403215862068,True,False,-1,PV-/PNN+,0.0,0.0,296.31705237,19.42376350908454,0.41310983896255493,False,NONE
305,1300,2375,296.31705237,19.42376350908454,48270.0,129.4101876675603,111.48387096774194,6.498013049836624,5.597887318235326,1.3330749714084256,True,True,2249,PV+/PNN+,136.63949868,13.18995121644368,296.31705237,19.42376350908454,2.1436049938201904,False,NONE
306,1512,2796,296.31705237,19.42376350908454,34552.0,92.63270777479893,80.6774193548387,4.651322703500209,4.05101741403546,1.4604155234705924,True,False,-1,PV-/PNN+,0.0,0.0,296.31705237,19.42376350908454,1.2226825952529907,False,NONE
307,1608,2770,296.31705237,19.42376350908454,39070.0,104.74530831099196,107.89516129032258,5.25952703246565,5.417689122589006,0.9217901362920207,True,False,-1,PV-/PNN+,0.0,0.0,296.31705237,19.42376350908454,1.766137719154358,False,NONE
308,1348,2563,296.31705237,19.42376350908454,45881.0,123.00536193029491,107.4758064516129,6.1764105394562705,5.396632254783144,1.0045500642031593,True,False,-1,PV-/PNN+,0.0,0.0,296.31705237,19.42376350908454,1.2870417833328247,False,NONE
309,1510,2698,296.31705237,19.42376350908454,22052.0,59.120643431635386,43.91129032258065,2.9685971364200796,2.204897023133055,1.502709961767721,True,True,2614,PV+/PNN+,118.36793781,12.276430232296539,296.31705237,19.42376350908454,1.0554932355880737,False,NONE
310,1450,2414,296.31705237,19.42376350908454,31796.0,85.24396782841823,80.93548387096774,4.280315370470381,4.063975486531375,1.3175289076019134,True,False,-1,PV-/PNN+,0.0,0.0,296.31705237,19.42376350908454,1.131819486618042,False,NONE
311,1332,2613,296.31705237,19.42376350908454,34245.0,91.80965147453082,73.14516129032258,4.60999496357272,3.6728036730609377,1.1026274373354206,True,False,-1,PV-/PNN+,0.0,0.0,296.31705237,19.42376350908454,-0.08448903262615204,False,NONE
312,1312,2689,296.31705237,19.42376350908454,28233.0,75.6916890080429,71.45967741935483,3.800671274829862,3.588171262071992,1.1911028298813064,True,False,-1,PV-/PNN+,0.0,0.0,296.31705237,19.42376350908454,-0.18261587619781494,False,NONE
313,1441,2653,296.31705237,19.42376350908454,29630.0,79.43699731903486,48.54838709677419,3.988732684206737,2.437737388294029,1.1472080614864484,True,False,-1,PV-/PNN+,0.0,0.0,296.31705237,19.42376350908454,0.9230226278305054,False,NONE
314,1696,2716,296.31705237,19.42376350908454,14985.0,40.17426273458445,44.483870967741936,2.017251409815658,2.2336477464833666,1.300153895112282,True,False,-1,PV-/PNN+,0.0,0.0,296.31705237,19.42376350908454,0.21474187076091766,False,NONE
315,1392,2813,296.31705237,19.42376350908454,48353.0,129.63270777479892,102.0241935483871,6.509186347602036,5.122892973306938,1.188130788271238,True,False,-1,PV-/PNN+,0.0,0.0,296.31705237,19.42376350908454,2.0501644611358643,False,NONE
316,1627,2517,296.31705237,19.42376350908454,10517.0,28.195710455764075,26.483870967741936,1.4157779831185369,1.3298221898932878,1.2624318285229508,True,False,-1,PV-/PNN+,0.0,0.0,296.31705237,19.42376350908454,-0.1736576408147812,False,NONE
317,1344,2823,296.31705237,19.42376350908454,59132.0,158.53083109919572,125.94354838709677,7.960234258606573,6.323944317772069,1.1245748215328495,True,False,-1,PV-/PNN+,0.0,0.0,296.31705237,19.42376350908454,2.0294458866119385,False,NONE
318,1275,2563,296.31705237,19.42376350908454,17534.0,47.00804289544236,60.63709677419355,2.360392807454638,3.0447420967745527,1.2445995788625397,True,False,-1,PV-/PNN+,0.0,0.0,296.31705237,19.42376350908454,-0.07142110168933868,False,NONE
319,1227,2679,296.31705237,19.42376350908454,25912.0,69.46916890080429,52.79838709677419,3.4882227915344233,2.651140644711131,1.177842951928693,True,False,-1,PV-/PNN+,0.0,0.0,296.31705237,19.42376350908454,-0.402101993560791,False,NONE
320,1482,2618,296.31705237,19.42376350908454,21805.0,58.45844504021448,72.20967741935483,2.9353464792145765,3.6258306602632455,1.188130788271238,True,False,-1,PV-/PNN+,0.0,0.0,296.31705237,19.42376350908454,1.4069701433181763,False,NONE
321,1314,2453,296.31705237,19.42376350908454,23979.0,64.28686327077747,72.25,3.228006109841152,3.6278553590907325,1.097826447042233,True,False,-1,PV-/PNN+,0.0,0.0,296.31705237,19.42376350908454,0.5210369825363159,False,NONE
322,1409,2539,296.31705237,19.42376350908454,38866.0,104.19839142091153,89.53225806451613,5.232064951210902,4.495641276551547,1.1200024498250518,True,False,-1,PV-/PNN+,0.0,0.0,296.31705237,19.42376350908454,-0.11725525557994843,False,NONE
323,1923,485,296.31705237,19.42376350908454,19993.0,53.60053619302949,48.354838709677416,2.691418581010641,2.428018833922093,1.752361457013477,True,False,-1,PV-/PNN+,0.0,0.0,296.31705237,19.42376350908454,1.8394982814788818,False,NONE
324,1863,1124,296.31705237,19.42376350908454,12628.0,33.85522788203753,26.774193548387096,1.699956676887029,1.3444000214511922,2.3469983976125706,True,False,-1,PV-/PNN+,0.0,0.0,296.31705237,19.42376350908454,1.2602310180664062,False,NONE
325,1841,823,296.31705237,19.42376350908454,12817.0,34.361930294906166,36.354838709677416,1.7253994874612806,1.8254684628620403,1.6243350491951407,True,False,-1,PV-/PNN+,0.0,0.0,296.31705237,19.42376350908454,-1.2918455600738525,False,NONE
326,1804,840,296.31705237,19.42376350908454,8661.0,23.219839142091153,31.25,1.1659268909184795,1.56914159130222,1.3010683694538416,True,False,-1,PV-/PNN+,0.0,0.0,296.31705237,19.42376350908454,-1.6717020273208618,False,NONE
327,1811,2769,296.31705237,19.42376350908454,12091.0,32.415549597855225,29.56451612903226,1.6276667865252665,1.4845091803132744,1.065819845087649,True,False,-1,PV-/PNN+,0.0,0.0,296.31705237,19.42376350908454,0.9222930669784546,False,NONE
328,1188,446,296.31705237,19.42376350908454,26734.0,71.67292225201072,50.46774193548387,3.5988788248256123,2.534113052482398,1.2418561558378611,True,False,-1,PV-/PNN+,0.0,0.0,296.31705237,19.42376350908454,2.7480671405792236,False,NONE
329,1433,603,296.31705237,19.42376350908454,16416.0,44.01072386058981,36.04838709677419,2.209889832734991,1.8100807517731412,1.057132338842833,True,False,-1,PV-/PNN+,0.0,0.0,296.31705237,19.42376350908454,1.4276427030563354,False,NONE
330,620,1765,296.31705237,19.42376350908454,22412.0,60.0857908847185,48.08870967741935,3.0170596327519874,2.4146558216606806,1.1307475233383766,True,False,-1,PV-/PNN+,0.0,0.0,296.31705237,19.42376350908454,1.5404632091522217,False,NONE
331,1181,2079,296.31705237,19.42376350908454,32935.0,88.2975871313673,68.8225806451613,4.433645324142723,3.4557559587543603,1.1184021197273228,True,False,-1,PV-/PNN+,0.0,0.0,296.31705237,19.42376350908454,1.7483534812927246,False,NONE
332,740,610,296.31705237,19.42376350908454,35478.0,95.11528150134048,62.58064516129032,4.775979013509504,3.142332580259413,1.1714416315377763,True,False,-1,PV-/PNN+,0.0,0.0,296.31705237,19.42376350908454,2.4340062141418457,False,NONE
333,1163,1034,296.31705237,19.42376350908454,20781.0,55.71313672922252,38.91935483870968,2.797497600759372,1.954239308290197,1.1670978784153685,True,False,-1,PV-/PNN+,0.0,0.0,296.31705237,19.42376350908454,1.722875952720642,False,NONE
334,1191,2447,296.31705237,19.42376350908454,46286.0,124.0911528150134,107.71774193548387,6.230930847829666,5.4087804477480645,1.1458363499741089,True,False,-1,PV-/PNN+,0.0,0.0,296.31705237,19.42376350908454,2.357557535171509,False,NONE
335,1201,1361,296.31705237,19.42376350908454,25681.0,68.84986595174263,41.54838709677419,3.4571260230547827,2.086249671842332,1.0290122528398773,True,False,-1,PV-/PNN+,0.0,0.0,296.31705237,19.42376350908454,2.283620834350586,False,NONE
336,611,395,296.31705237,19.42376350908454,45562.0,122.15013404825737,80.36290322580645,6.133467382984385,4.035224763181064,1.2992394207707225,True,False,-1,PV-/PNN+,0.0,0.0,296.31705237,19.42376350908454,2.9325201511383057,False,NONE
337,913,632,296.31705237,19.42376350908454,28172.0,75.52815013404826,50.024193548387096,3.792459574062511,2.511841365380044,1.5596359895298026,True,True,1394,PV+/PNN+,139.81716144,13.342441267550267,296.31705237,19.42376350908454,2.222219944000244,False,NONE
338,895,1735,296.31705237,19.42376350908454,35491.0,95.15013404825737,77.19354838709677,4.777729048099268,3.8760834353406057,1.1785288076848626,True,True,1345,PV+/PNN+,73.88065917,9.698854408967305,296.31705237,19.42376350908454,2.0837042331695557,False,NONE
339,1414,2336,296.31705237,19.42376350908454,51344.0,137.6514745308311,103.91129032258064,6.91182892129297,5.217648878433317,1.2647180143768497,True,False,-1,PV-/PNN+,0.0,0.0,296.31705237,19.42376350908454,1.478645920753479,False,NONE
340,1021,1214,296.31705237,19.42376350908454,28031.0,75.15013404825737,48.99193548387097,3.773478429665847,2.4600090753963832,1.017352704984993,True,False,-1,PV-/PNN+,0.0,0.0,296.31705237,19.42376350908454,2.6441450119018555,False,NONE
341,448,1748,296.31705237,19.42376350908454,21766.0,58.35388739946381,40.62903225806452,2.9300963754452862,2.040086538575635,0.9869464331281382,True,False,-1,PV-/PNN+,0.0,0.0,296.31705237,19.42376350908454,1.262515902519226,False,NONE
342,637,644,296.31705237,19.42376350908454,16778.0,44.98123324396783,34.66935483870968,2.2586215651576316,1.7408360518730952,1.2391127328131826,True,True,764,PV+/PNN+,103.2740397,11.467021901548332,296.31705237,19.42376350908454,1.465172529220581,False,NONE
343,430,1157,296.31705237,19.42376350908454,24437.0,65.51474530831099,42.975806451612904,3.2896611746189683,2.1579240103353627,1.2057344193462591,True,True,293,PV+/PNN+,89.76897297000001,10.690996505268624,296.31705237,19.42376350908454,2.1455047130584717,False,NONE
344,639,498,296.31705237,19.42376350908454,21044.0,56.41823056300268,43.185483870967744,2.832902146690738,2.1684524442382935,1.1321192348507159,True,False,-1,PV-/PNN+,0.0,0.0,296.31705237,19.42376350908454,2.1852824687957764,False,NONE
345,587,436,296.31705237,19.42376350908454,28483.0,76.36193029490616,55.61290322580645,3.8343257861714637,2.792464622869705,1.3634812432652805,True,False,-1,PV-/PNN+,0.0,0.0,296.31705237,19.42376350908454,2.0531816482543945,False,NONE
346,1159,1589,296.31705237,19.42376350908454,29133.0,78.10455764075067,44.37903225806452,3.921827515659631,2.228383529531901,1.021467839522011,True,False,-1,PV-/PNN+,0.0,0.0,296.31705237,19.42376350908454,2.2585983276367188,False,NONE
347,614,2045,296.31705237,19.42376350908454,47699.0,127.87935656836461,83.84677419354838,6.421146145932404,4.210158741875917,1.1588676093413324,True,False,-1,PV-/PNN+,0.0,0.0,296.31705237,19.42376350908454,1.5996278524398804,False,NONE
348,1210,2339,296.31705237,19.42376350908454,40982.0,109.87131367292226,84.85483870967742,5.516916735206227,4.260776212563086,1.1588676093413324,True,False,-1,PV-/PNN+,0.0,0.0,296.31705237,19.42376350908454,2.270775079727173,False,NONE
349,633,1217,296.31705237,19.42376350908454,32307.0,86.61394101876675,60.33870967741935,4.349105191652617,3.029759325451151,1.1446932570471595,True,True,762,PV+/PNN+,93.74105142,10.924962866435578,296.31705237,19.42376350908454,1.5440272092819214,False,NONE
350,798,2305,296.31705237,19.42376350908454,29926.0,80.23056300268097,66.41935483870968,4.028579625635194,3.3350839086361503,1.1851587466611695,True,False,-1,PV-/PNN+,0.0,0.0,296.31705237,19.42376350908454,2.421018123626709,False,NONE
351,625,1592,296.31705237,19.42376350908454,56324.0,151.00268096514745,125.5,7.582226787217692,6.301672630669715,1.0409004192801512,True,False,-1,PV-/PNN+,0.0,0.0,296.31705237,19.42376350908454,2.377979278564453,False,NONE
352,750,1166,296.31705237,19.42376350908454,29926.0,80.23056300268097,60.82258064516129,4.028579625635194,3.0540557113809914,1.2178512043719232,True,False,-1,PV-/PNN+,0.0,0.0,296.31705237,19.42376350908454,1.3984421491622925,False,NONE
353,1177,1243,296.31705237,19.42376350908454,13407.0,35.943699731903486,26.10483870967742,1.8048241342274627,1.3107900209149124,1.0379283776700827,True,False,-1,PV-/PNN+,0.0,0.0,296.31705237,19.42376350908454,0.9247530102729797,False,NONE
354,1127,1162,296.31705237,19.42376350908454,28388.0,76.10723860589812,40.13709677419355,3.821537071861655,2.0153852128802967,1.116115933873424,True,False,-1,PV-/PNN+,0.0,0.0,296.31705237,19.42376350908454,1.2881003618240356,False,NONE
355,602,1635,296.31705237,19.42376350908454,41081.0,110.1367292225201,98.49193548387096,5.530243921697501,4.945529356019099,1.0729070212347354,True,False,-1,PV-/PNN+,0.0,0.0,296.31705237,19.42376350908454,1.9224339723587036,False,NONE
356,611,1159,296.31705237,19.42376350908454,30545.0,81.89008042895442,52.25806451612903,4.111908195717002,2.624009680422809,1.2292821336414173,True,True,708,PV+/PNN+,90.56338866,10.738197602350779,296.31705237,19.42376350908454,0.9091880321502686,False,NONE
357,684,1775,296.31705237,19.42376350908454,60748.0,162.8632707774799,113.5725806451613,8.177777019918691,5.702766717499139,1.0246684997174693,True,False,-1,PV-/PNN+,0.0,0.0,296.31705237,19.42376350908454,2.1168549060821533,False,NONE
358,388,1188,296.31705237,19.42376350908454,9392.0,25.179624664879356,26.008064516129032,1.2643326820813254,1.3059307437289442,1.3335322085792054,True,True,213,PV+/PNN+,131.87300454,12.957851838301272,296.31705237,19.42376350908454,1.8455530405044556,False,NONE
359,1177,1165,296.31705237,19.42376350908454,9999.0,26.80697050938338,23.177419354838708,1.3460458356187366,1.1637968860393755,1.492650744010566,True,True,1963,PV+/PNN+,152.52781248,13.935725403490322,296.31705237,19.42376350908454,-0.4196099638938904,False,NONE
360,597,2283,296.31705237,19.42376350908454,7286.0,19.533512064343164,16.14516129032258,0.9808270785396653,0.8106894105256888,1.2958101419898742,True,True,676,PV+/PNN+,68.31974934,9.326703948667078,296.31705237,19.42376350908454,-0.5814867615699768,False,NONE
361,1190,2693,296.31705237,19.42376350908454,26241.0,70.35120643431635,55.88709677419355,3.532512128459972,2.8062325748966153,1.1300616675822068,True,False,-1,PV-/PNN+,0.0,0.0,296.31705237,19.42376350908454,0.3746740221977234,False,NONE
362,1216,1750,296.31705237,19.42376350908454,73635.0,197.41286863270778,157.6451612903226,9.912599770555621,7.915762535942141,0.9830599171765101,True,False,-1,PV-/PNN+,0.0,0.0,296.31705237,19.42376350908454,0.9500532746315002,False,NONE
363,1211,1631,296.31705237,19.42376350908454,13550.0,36.32707774798928,33.66129032258065,1.8240745147148594,1.6902185811859267,1.1654975483176393,True,False,-1,PV-/PNN+,0.0,0.0,296.31705237,19.42376350908454,0.27866441011428833,False,NONE
364,550,598,296.31705237,19.42376350908454,17189.0,46.083109919571044,29.64516129032258,2.313949581803226,1.4885585779682478,1.2770634179879037,True,True,564,PV+/PNN+,180.33236163,15.152765226941185,296.31705237,19.42376350908454,0.3325681686401367,False,NONE
365,595,1256,296.31705237,19.42376350908454,21139.0,56.67292225201072,60.50806451612903,2.8456908610005467,3.038263060526595,1.131890616265326,True,False,-1,PV-/PNN+,0.0,0.0,296.31705237,19.42376350908454,0.7105260491371155,False,NONE
366,625,22,296.31705237,19.42376350908454,54966.0,147.36193029490616,128.31451612903226,7.399415481610108,6.442996608828289,1.4258941170767196,True,True,744,PV+/PNN+,73.88065917,9.698854408967305,296.31705237,19.42376350908454,1.7558255195617676,False,NONE
367,956,2343,296.31705237,19.42376350908454,27530.0,73.80697050938338,69.99193548387096,3.706034788937275,3.514472224751475,1.162068269536791,True,False,-1,PV-/PNN+,0.0,0.0,296.31705237,19.42376350908454,0.6871956586837769,False,NONE
368,1155,177,296.31705237,19.42376350908454,86146.0,230.9544235924933,216.81451612903226,11.59680613613478,10.886805595396176,1.0870813735289082,True,False,-1,PV-/PNN+,0.0,0.0,296.31705237,19.42376350908454,1.3442087173461914,False,NONE
369,578,84,296.31705237,19.42376350908454,81348.0,218.0911528150134,190.8709677419355,10.950908754466743,9.58411436979121,1.3015256066246215,True,False,-1,PV-/PNN+,0.0,0.0,296.31705237,19.42376350908454,2.092392683029175,False,NONE
370,1185,1900,296.31705237,19.42376350908454,14858.0,39.833780160857906,28.903225806451612,2.000154918054124,1.4513041195424918,1.3691967079000276,True,True,2000,PV+/PNN+,146.17248696000001,13.642308849668993,296.31705237,19.42376350908454,1.309535264968872,False,NONE
371,613,1694,296.31705237,19.42376350908454,22932.0,61.479892761394105,45.87903225806452,3.087061016342521,2.303702325914408,1.0662770822584287,True,False,-1,PV-/PNN+,0.0,0.0,296.31705237,19.42376350908454,0.9288400411605835,False,NONE
372,587,1406,296.31705237,19.42376350908454,59471.0,159.4396782841823,107.04032258064517,8.005869775985785,5.374765507446288,1.0203247465950616,True,False,-1,PV-/PNN+,0.0,0.0,296.31705237,19.42376350908454,2.6653528213500977,False,NONE
373,421,1210,296.31705237,19.42376350908454,17571.0,47.107238605898125,33.08064516129032,2.365373675133195,1.6610629180701175,1.1003412514815218,True,False,-1,PV-/PNN+,0.0,0.0,296.31705237,19.42376350908454,0.424862802028656,False,NONE
374,579,1734,296.31705237,19.42376350908454,20425.0,54.75871313672922,40.29032258064516,2.7495735766089298,2.023079068424746,1.1474366800718383,True,False,-1,PV-/PNN+,0.0,0.0,296.31705237,19.42376350908454,0.9233776926994324,False,NONE
375,605,1553,296.31705237,19.42376350908454,48740.0,130.67024128686327,88.6774193548387,6.561283531158837,4.452717661408828,1.015523756301874,True,False,-1,PV-/PNN+,0.0,0.0,296.31705237,19.42376350908454,1.3907703161239624,False,NONE
376,587,1493,296.31705237,19.42376350908454,30991.0,83.08579088471849,68.43548387096774,4.171947843950421,3.4363188500104873,1.136005750802344,True,True,650,PV+/PNN+,78.64715331000001,10.0068309506627,296.31705237,19.42376350908454,2.2402102947235107,False,NONE
377,1193,2538,296.31705237,19.42376350908454,21649.0,58.0402144772118,60.49193548387097,2.9143460641374164,3.0374531809956005,1.2235666690066704,True,False,-1,PV-/PNN+,0.0,0.0,296.31705237,19.42376350908454,0.9506074786186218,False,NONE
378,1186,193,296.31705237,19.42376350908454,51928.0,139.2171581769437,140.73387096774192,6.990445859786954,7.066603847694203,1.1776143333433031,True,False,-1,PV-/PNN+,0.0,0.0,296.31705237,19.42376350908454,0.2651933431625366,False,NONE
379,714,2363,296.31705237,19.42376350908454,12034.0,32.2627345844504,26.080645161290324,1.6199935579393812,1.3095752016184206,1.1915600670520863,True,False,-1,PV-/PNN+,0.0,0.0,296.31705237,19.42376350908454,0.40171754360198975,False,NONE
380,1323,2317,296.31705237,19.42376350908454,30153.0,80.83914209115281,76.54032258064517,4.0591379219333685,3.8432833143353213,1.408519104587088,True,True,2305,PV+/PNN+,148.55573403,13.753073662427433,296.31705237,19.42376350908454,1.5766953229904175,False,NONE
381,908,1191,296.31705237,19.42376350908454,18088.0,48.493297587131366,44.83064516129032,2.434971204587629,2.251060156399752,1.308841401357098,True,True,1356,PV+/PNN+,146.17248696000001,13.642308849668993,296.31705237,19.42376350908454,0.8485060930252075,False,NONE
382,636,283,296.31705237,19.42376350908454,24410.0,65.44235924932975,51.16129032258065,3.286026487394075,2.56893787231517,1.4915076510836167,True,True,763,PV+/PNN+,94.53546711,10.971157418634661,296.31705237,19.42376350908454,1.0287541151046753,False,NONE
383,862,1186,296.31705237,19.42376350908454,15184.0,40.707774798927616,31.443548387096776,2.0440404008435737,1.5788601456741562,1.2791209852564125,True,True,1271,PV+/PNN+,77.05832193,9.905236127029422,296.31705237,19.42376350908454,0.31402912735939026,False,NONE
384,1740,869,296.31705237,19.42376350908454,17432.0,46.734584450402146,38.41129032258065,2.346661766827264,1.928728103063864,1.8467809327794997,True,True,2815,PV+/PNN+,169.21054197,14.678063680958498,296.31705237,19.42376350908454,-0.031111184507608414,False,NONE
385,1544,2360,296.31705237,19.42376350908454,9091.0,24.37265415549598,30.64516129032258,1.223812650426036,1.5387711088899187,1.1414925968517011,True,False,-1,PV-/PNN+,0.0,0.0,296.31705237,19.42376350908454,0.026720937341451645,False,NONE
386,872,1773,296.31705237,19.42376350908454,10803.0,28.962466487935657,30.95967741935484,1.4542787440933302,1.5545637597443154,1.049587925524967,True,False,-1,PV-/PNN+,0.0,0.0,296.31705237,19.42376350908454,0.48124194145202637,False,NONE
387,1023,1748,296.31705237,19.42376350908454,12134.0,32.53083109919571,28.016129032258064,1.6334553624760222,1.4067607453377837,0.9453378505871789,True,False,-1,PV-/PNN+,0.0,0.0,296.31705237,19.42376350908454,-0.5938735604286194,False,NONE
388,681,578,296.31705237,19.42376350908454,9890.0,26.514745308310992,30.346774193548388,1.3313724686737978,1.523788337566517,1.1387491738270226,True,False,-1,PV-/PNN+,0.0,0.0,296.31705237,19.42376350908454,0.6162319183349609,False,NONE
389,620,2586,296.31705237,19.42376350908454,9513.0,25.50402144772118,25.725806451612904,1.280621465570661,1.2917578519365371,1.3458776121902594,True,True,724,PV+/PNN+,109.62936522,11.81458603008661,296.31705237,19.42376350908454,-0.7684415578842163,False,NONE
390,715,1192,296.31705237,19.42376350908454,18373.0,49.257372654155496,44.03225806451613,2.4733373475170564,2.210971119615515,1.3470207051172087,True,True,968,PV+/PNN+,87.3857259,10.54812598812072,296.31705237,19.42376350908454,-0.45657408237457275,False,NONE
391,1195,2377,296.31705237,19.42376350908454,28874.0,77.41018766756032,71.86290322580645,3.8869614419097305,3.6084182503468596,1.5939287773382858,True,True,2025,PV+/PNN+,141.40599282,13.418036440588484,296.31705237,19.42376350908454,0.07519784569740295,False,NONE
392,1889,599,296.31705237,19.42376350908454,11649.0,31.230563002680967,24.991935483870968,1.5681656104733135,1.2549083332762785,1.4572148632751336,True,False,-1,PV-/PNN+,0.0,0.0,296.31705237,19.42376350908454,0.40473467111587524,False,NONE
393,604,539,296.31705237,19.42376350908454,10810.0,28.98123324396783,23.338709677419356,1.4552210704108952,1.1718956813493224,1.2219663389089412,True,False,-1,PV-/PNN+,0.0,0.0,296.31705237,19.42376350908454,0.028541844338178635,False,NONE
394,613,997,296.31705237,19.42376350908454,17762.0,47.61930294906166,36.693548387096776,2.3910857217981794,1.8424759330129292,1.0722211654785656,True,False,-1,PV-/PNN+,0.0,0.0,296.31705237,19.42376350908454,-1.0076175928115845,False,NONE
395,1241,1764,296.31705237,19.42376350908454,18268.0,48.975871313672926,42.403225806451616,2.4592024527535834,2.129173286985051,1.2359120726177242,True,False,-1,PV-/PNN+,0.0,0.0,296.31705237,19.42376350908454,0.3670874536037445,False,NONE
396,856,2348,296.31705237,19.42376350908454,28969.0,77.66487935656836,63.70161290322581,3.8997501562195396,3.1986192076635445,1.3250733209197798,True,True,1273,PV+/PNN+,85.79689452,10.45179405261774,296.31705237,19.42376350908454,0.5244768261909485,False,NONE
397,1265,1160,296.31705237,19.42376350908454,7762.0,20.80965147453083,17.951612903225808,1.0449052681340767,0.9013959179970946,1.039300089182422,True,False,-1,PV-/PNN+,0.0,0.0,296.31705237,19.42376350908454,-1.0552161931991577,False,NONE
398,1404,2303,296.31705237,19.42376350908454,32031.0,85.8739946380697,70.03225806451613,4.311950611131488,3.516496923578962,1.2624318285229508,True,True,2477,PV+/PNN+,135.84508299,13.151552441468574,296.31705237,19.42376350908454,-0.003592435270547867,False,NONE
399,622,2309,296.31705237,19.42376350908454,5615.0,15.05361930294906,15.233870967741936,0.7558803247323937,0.7649312170244886,1.1389777924124125,True,False,-1,PV-/PNN+,0.0,0.0,296.31705237,19.42376350908454,-1.982303261756897,False,NONE
400,1777,729,296.31705237,19.42376350908454,18121.0,48.58176943699732,42.443548387096776,2.4394136000847206,2.1311979858125376,1.9761790521101752,True,True,2830,PV+/PNN+,186.68768715,15.417462365594622,296.31705237,19.42376350908454,-1.2694042921066284,False,NONE
401,794,2346,296.31705237,19.42376350908454,13280.0,35.603217158176946,36.016129032258064,1.7877276424659287,1.808460992711152,1.4137773320510554,True,True,1145,PV+/PNN+,76.26390624,9.854045933561641,296.31705237,19.42376350908454,-1.1578503847122192,False,NONE
402,620,1529,296.31705237,19.42376350908454,20012.0,53.6514745308311,49.725806451612904,2.6939763238726027,2.496858594056642,1.0070648686424482,True,False,-1,PV-/PNN+,0.0,0.0,296.31705237,19.42376350908454,0.780190110206604,False,NONE
403,1172,2553,296.31705237,19.42376350908454,17262.0,46.27882037533512,57.846774193548384,2.3237766991149744,2.9046329379124702,1.16389721821991,True,False,-1,PV-/PNN+,0.0,0.0,296.31705237,19.42376350908454,0.7163492441177368,False,NONE
404,1193,2486,296.31705237,19.42376350908454,16846.0,45.16353887399464,37.983870967741936,2.2677755922425478,1.9072662954925046,1.2413989186670815,True,True,2021,PV+/PNN+,110.42378091,11.857315232959937,296.31705237,19.42376350908454,-0.6356849074363708,False,NONE
405,1630,1171,296.31705237,19.42376350908454,25639.0,68.7372654155496,55.314516129032256,3.4514720651493933,2.7774818515463036,0.8742374705309244,True,False,-1,PV-/PNN+,0.0,0.0,296.31705237,19.42376350908454,-0.44896799325942993,False,NONE
406,622,1200,296.31705237,19.42376350908454,15916.0,42.67024128686327,52.21774193548387,2.1425808100517862,2.6219849815953222,1.0059217757154988,True,False,-1,PV-/PNN+,0.0,0.0,296.31705237,19.42376350908454,0.5915448665618896,False,NONE
407,958,2304,296.31705237,19.42376350908454,10800.0,28.9544235924933,27.717741935483872,1.4538748899572311,1.3917779740143819,1.2697476232554272,True,True,1492,PV+/PNN+,75.46949055,9.802588422925686,296.31705237,19.42376350908454,-0.028751526027917862,False,NONE
408,1151,332,296.31705237,19.42376350908454,13502.0,36.19839142091153,39.12903225806452,1.8176128485372716,1.9647677421931282,1.4860208050342594,True,False,-1,PV-/PNN+,0.0,0.0,296.31705237,19.42376350908454,-0.5687907934188843,False,NONE
409,624,2504,296.31705237,19.42376350908454,4147.0,11.117962466487935,11.96774193548387,0.5582610341345035,0.600930611998063,1.2448281974479296,True,False,-1,PV-/PNN+,0.0,0.0,296.31705237,19.42376350908454,-0.9157888889312744,False,NONE
410,621,1091,296.31705237,19.42376350908454,9296.0,24.92225201072386,25.25,1.25140934972615,1.2678664057721936,1.0738214955762948,True,False,-1,PV-/PNN+,0.0,0.0,296.31705237,19.42376350908454,-1.2666956186294556,False,NONE
411,1121,2342,296.31705237,19.42376350908454,15304.0,41.029490616621985,38.58870967741935,2.060194566287543,1.9376367779048056,1.1389777924124125,True,False,-1,PV-/PNN+,0.0,0.0,296.31705237,19.42376350908454,-0.3700796067714691,False,NONE
412,1168,2001,296.31705237,19.42376350908454,7550.0,20.241286863270776,20.588709677419356,1.0163662425163975,1.033811221314727,1.1465222057302786,True,False,-1,PV-/PNN+,0.0,0.0,296.31705237,19.42376350908454,-1.1160849332809448,False,NONE
413,1168,729,296.31705237,19.42376350908454,4560.0,12.225201072386058,13.935483870967742,0.6138582868708309,0.6997359147794158,1.1787574262702525,True,False,-1,PV-/PNN+,0.0,0.0,296.31705237,19.42376350908454,-1.3473104238510132,False,NONE
414,1167,65,296.31705237,19.42376350908454,15723.0,42.152815013404826,43.29838709677419,2.116599527296069,2.174121600955256,1.2027623777361907,True,False,-1,PV-/PNN+,0.0,0.0,296.31705237,19.42376350908454,0.11109109222888947,False,NONE
415,1065,2352,296.31705237,19.42376350908454,14813.0,39.71313672922252,36.733870967741936,1.9940971060126356,1.8445006318404158,1.1017129629938611,True,False,-1,PV-/PNN+,0.0,0.0,296.31705237,19.42376350908454,-0.8752069473266602,False,NONE
416,1507,2350,296.31705237,19.42376350908454,13241.0,35.498659517426276,36.12096774193548,1.7824775386966387,1.8137252096626173,1.248257476228778,True,False,-1,PV-/PNN+,0.0,0.0,296.31705237,19.42376350908454,-0.37686023116111755,False,NONE
417,1776,683,296.31705237,19.42376350908454,15572.0,41.74798927613941,44.193548387096776,2.096272202445741,2.219069914925462,1.3365042501892739,True,False,-1,PV-/PNN+,0.0,0.0,296.31705237,19.42376350908454,-0.8875595331192017,False,NONE
418,1040,1777,296.31705237,19.42376350908454,11736.0,31.463806970509385,35.935483870967744,1.579877380420191,1.8044115950561785,0.9540253568319945,True,False,-1,PV-/PNN+,0.0,0.0,296.31705237,19.42376350908454,0.188744455575943,False,NONE
419,577,2350,296.31705237,19.42376350908454,3766.0,10.09651474530831,9.911290322580646,0.5069715588499011,0.4976709717962396,1.2269959477875185,True,False,-1,PV-/PNN+,0.0,0.0,296.31705237,19.42376350908454,-1.8777316808700562,False,NONE
420,1743,20,296.31705237,19.42376350908454,6502.0,17.431635388739945,18.516129032258064,0.8752865309723996,0.9297417015819088,0.9778016897125428,True,False,-1,PV-/PNN+,0.0,0.0,296.31705237,19.42376350908454,-1.442317008972168,False,NONE
421,487,591,296.31705237,19.42376350908454,6668.0,17.87667560321716,18.024193548387096,0.8976331265032238,0.9050403758865706,1.1984186246137827,True,False,-1,PV-/PNN+,0.0,0.0,296.31705237,19.42376350908454,-1.8393603563308716,False,NONE
422,1193,1954,296.31705237,19.42376350908454,15332.0,41.10455764075067,47.12903225806452,2.0639638715578026,2.3664679895664964,1.0470731210856783,True,False,-1,PV-/PNN+,0.0,0.0,296.31705237,19.42376350908454,0.1973772644996643,False,NONE
423,624,623,296.31705237,19.42376350908454,5845.0,15.67024128686327,15.112903225806452,0.786842475166668,0.7588571205420284,1.198190006028393,True,False,-1,PV-/PNN+,0.0,0.0,296.31705237,19.42376350908454,-0.0668923407793045,False,NONE
424,968,1168,296.31705237,19.42376350908454,12450.0,33.37801608579088,32.653225806451616,1.675994664811808,1.6396011104987585,0.9435089019040598,True,False,-1,PV-/PNN+,0.0,0.0,296.31705237,19.42376350908454,-0.34920263290405273,False,NONE
425,239,338,93.74105142,10.924962866435578,777.0,6.584745762711864,0.0,0.0,0.0,1.685982631979215,False,True,1,PV+/PNN-,93.74105142,10.924962866435578,0.0,0.0,0.0,False,NONE
426,248,1246,76.26390624,9.854045933561641,747.0,7.78125,0.0,0.0,0.0,1.4541118422671857,False,True,2,PV+/PNN-,76.26390624,9.854045933561641,0.0,0.0,0.0,False,NONE
427,249,713,57.99234537,8.592912627102823,480.0,6.575342465753424,0.0,0.0,0.0,1.697317617879057,False,True,3,PV+/PNN-,57.99234537,8.592912627102823,0.0,0.0,0.0,False,NONE
428,253,779,132.66742023,12.996822909266468,781.0,4.676646706586826,0.0,0.0,0.0,1.7111115455466022,False,True,4,PV+/PNN-,132.66742023,12.996822909266468,0.0,0.0,0.0,False,NONE
429,258,818,135.05066730000001,13.113041224263421,895.0,5.264705882352941,0.0,0.0,0.0,1.885574817089747,False,True,5,PV+/PNN-,135.05066730000001,13.113041224263421,0.0,0.0,0.0,False,NONE
430,258,858,105.65728677,11.598579038183399,1066.0,8.015037593984962,0.0,0.0,0.0,1.7183179150311707,False,True,6,PV+/PNN-,105.65728677,11.598579038183399,0.0,0.0,0.0,False,NONE
431,259,950,89.76897297000001,10.690996505268625,1130.0,10.0,0.0,0.0,0.0,1.4119382675013261,False,True,7,PV+/PNN-,89.76897297000001,10.690996505268625,0.0,0.0,0.0,False,NONE
432,261,1102,120.75118488,12.39940255265723,1303.0,8.572368421052632,0.0,0.0,0.0,1.4362060185335157,False,True,8,PV+/PNN-,120.75118488,12.39940255265723,0.0,0.0,0.0,False,NONE
433,265,1142,146.96690265,13.679330108642857,1412.0,7.632432432432433,0.0,0.0,0.0,1.5815005767260366,False,True,9,PV+/PNN-,146.96690265,13.679330108642857,0.0,0.0,0.0,False,NONE
434,265,1120,99.30196125,11.244340084382843,1144.0,9.152,0.0,0.0,0.0,1.4994708936499173,False,True,10,PV+/PNN-,99.30196125,11.244340084382843,0.0,0.0,0.0,False,NONE
435,267,318,143.78923989,13.53063732184699,1760.0,9.723756906077348,0.0,0.0,0.0,1.980164088778159,False,True,11,PV+/PNN-,143.78923989,13.53063732184699,0.0,0.0,0.0,False,NONE
436,266,999,113.60144367,12.026714032504808,931.0,6.510489510489511,0.0,0.0,0.0,1.6041190910674823,False,True,12,PV+/PNN-,113.60144367,12.026714032504808,0.0,0.0,0.0,False,NONE
437,266,1071,87.3857259,10.548125988120718,1239.0,11.263636363636364,0.0,0.0,0.0,1.473702419983297,False,True,13,PV+/PNN-,87.3857259,10.548125988120718,0.0,0.0,0.0,False,NONE
438,268,862,85.00247883,10.403293586497956,925.0,8.644859813084112,0.0,0.0,0.0,1.6648496811218978,False,True,14,PV+/PNN-,85.00247883,10.403293586497956,0.0,0.0,0.0,False,NONE
439,268,901,64.34767089,9.051519164690074,679.0,8.382716049382717,0.0,0.0,0.0,1.565475642038095,False,True,15,PV+/PNN-,64.34767089,9.051519164690074,0.0,0.0,0.0,False,NONE
440,274,951,140.61157713,13.380292240810528,1387.0,7.836158192090395,0.0,0.0,0.0,1.679960405118309,False,True,16,PV+/PNN-,140.61157713,13.380292240810528,0.0,0.0,0.0,False,NONE
441,272,302,78.64715331000001,10.006830950662698,903.0,9.121212121212121,0.0,0.0,0.0,1.5780132289493252,False,True,17,PV+/PNN-,78.64715331000001,10.006830950662698,0.0,0.0,0.0,False,NONE
442,273,1086,114.39585936,12.068692219586765,1357.0,9.42361111111111,0.0,0.0,0.0,1.4852015884366125,False,True,18,PV+/PNN-,114.39585936,12.068692219586765,0.0,0.0,0.0,False,NONE
443,278,449,154.91105955,14.044176264056345,2146.0,11.005128205128205,0.0,0.0,0.0,1.7995155057538932,False,True,19,PV+/PNN-,154.91105955,14.044176264056345,0.0,0.0,0.0,False,NONE
444,278,571,180.33236163,15.152765226941183,1877.0,8.268722466960352,0.0,0.0,0.0,1.7967799331810341,False,True,20,PV+/PNN-,180.33236163,15.152765226941183,0.0,0.0,0.0,False,NONE
445,276,867,86.59131021,10.500070494515816,1566.0,14.36697247706422,0.0,0.0,0.0,2.0192117816188384,False,True,21,PV+/PNN-,86.59131021,10.500070494515816,0.0,0.0,0.0,False,NONE
446,276,932,125.51767902,12.64175907426016,1196.0,7.569620253164557,0.0,0.0,0.0,1.6876841016442203,False,True,22,PV+/PNN-,125.51767902,12.64175907426016,0.0,0.0,0.0,False,NONE
447,277,1194,160.47196938,14.294028726574819,1388.0,6.871287128712871,0.0,0.0,0.0,1.4458710806941297,False,True,23,PV+/PNN-,160.47196938,14.294028726574819,0.0,0.0,0.0,False,NONE
448,279,270,149.35014972,13.789797556005714,1747.0,9.292553191489361,0.0,0.0,0.0,1.8905589597690524,False,True,24,PV+/PNN-,149.35014972,13.789797556005714,0.0,0.0,0.0,False,NONE
449,277,1029,129.48975747,12.84022896403991,1588.0,9.742331288343559,0.0,0.0,0.0,1.5935388634319152,False,True,25,PV+/PNN-,129.48975747,12.84022896403991,0.0,0.0,0.0,False,NONE
450,280,329,149.35014972,13.789797556005714,2203.0,11.71808510638298,0.0,0.0,0.0,2.1164462826973125,False,True,26,PV+/PNN-,149.35014972,13.789797556005714,0.0,0.0,0.0,False,NONE
451,278,339,79.441569,10.057243516322302,937.0,9.37,0.0,0.0,0.0,1.7276660774196615,False,True,27,PV+/PNN-,79.441569,10.057243516322302,0.0,0.0,0.0,False,NONE
452,278,654,93.74105142,10.924962866435578,712.0,6.033898305084746,0.0,0.0,0.0,1.8630361016898485,False,True,28,PV+/PNN-,93.74105142,10.924962866435578,0.0,0.0,0.0,False,NONE
453,279,823,123.13443195,12.521167201073583,1173.0,7.567741935483871,0.0,0.0,0.0,1.8364326231337227,False,True,29,PV+/PNN-,123.13443195,12.521167201073583,0.0,0.0,0.0,False,NONE
454,283,1051,142.20040851,13.455674765407588,1278.0,7.139664804469274,0.0,0.0,0.0,1.5568593593362965,False,True,30,PV+/PNN-,142.20040851,13.455674765407588,0.0,0.0,0.0,False,NONE
455,282,355,116.77910643,12.193759728054031,1860.0,12.653061224489797,0.0,0.0,0.0,1.6846110390859963,False,True,31,PV+/PNN-,116.77910643,12.193759728054031,0.0,0.0,0.0,False,NONE
456,285,490,189.07093422,15.515559616363333,1638.0,6.882352941176471,0.0,0.0,0.0,1.8717445453724089,False,True,32,PV+/PNN-,189.07093422,15.515559616363333,0.0,0.0,0.0,False,NONE
457,283,889,155.70547524,14.080140922851225,1462.0,7.459183673469388,0.0,0.0,0.0,1.8229649415729146,False,True,33,PV+/PNN-,155.70547524,14.080140922851225,0.0,0.0,0.0,False,NONE
458,284,1146,75.46949055,9.802588422925686,943.0,9.926315789473684,0.0,0.0,0.0,1.5618740451551985,False,True,35,PV+/PNN-,75.46949055,9.802588422925686,0.0,0.0,0.0,False,NONE
459,286,422,101.68520832,11.378472144697502,1510.0,11.796875,0.0,0.0,0.0,1.9186814778846188,False,True,36,PV+/PNN-,101.68520832,11.378472144697502,0.0,0.0,0.0,False,NONE
460,283,1451,45.28169433,7.593052342343362,401.0,7.035087719298246,0.0,0.0,0.0,1.6351803940178469,False,True,37,PV+/PNN-,45.28169433,7.593052342343362,0.0,0.0,0.0,False,NONE
461,290,413,157.29430662000001,14.151796046802042,3036.0,15.333333333333334,0.0,0.0,0.0,1.966056329190412,False,True,38,PV+/PNN-,157.29430662000001,14.151796046802042,0.0,0.0,0.0,False,NONE
462,287,1065,72.29182779,9.593998848416254,838.0,9.208791208791208,0.0,0.0,0.0,1.443110855161081,False,True,40,PV+/PNN-,72.29182779,9.593998848416254,0.0,0.0,0.0,False,NONE
463,290,316,127.90092609,12.761211420003875,1577.0,9.79503105590062,0.0,0.0,0.0,1.7362147369236112,False,True,41,PV+/PNN-,127.90092609,12.761211420003875,0.0,0.0,0.0,False,NONE
464,291,656,115.19027505,12.11052490037406,919.0,6.337931034482758,0.0,0.0,0.0,2.048945982819927,False,True,42,PV+/PNN-,115.19027505,12.11052490037406,0.0,0.0,0.0,False,NONE
465,290,342,96.91871418,11.108588547554572,1459.0,11.959016393442623,0.0,0.0,0.0,1.781682727551145,False,True,43,PV+/PNN-,96.91871418,11.108588547554572,0.0,0.0,0.0,False,NONE
466,293,282,127.1065104,12.72151859781572,2244.0,14.025,0.0,0.0,0.0,1.7609232230363279,False,True,44,PV+/PNN-,127.1065104,12.72151859781572,0.0,0.0,0.0,False,NONE
467,294,1174,127.1065104,12.72151859781572,1458.0,9.1125,0.0,0.0,0.0,1.5360111164620753,False,True,45,PV+/PNN-,127.1065104,12.72151859781572,0.0,0.0,0.0,False,NONE
468,293,269,81.03040038,10.157318055940708,1336.0,13.098039215686274,0.0,0.0,0.0,1.7447879060327667,False,True,46,PV+/PNN-,81.03040038,10.157318055940708,0.0,0.0,0.0,False,NONE
469,294,640,117.57352212,12.235164803834003,910.0,6.148648648648648,0.0,0.0,0.0,1.772907780015307,False,True,47,PV+/PNN-,117.57352212,12.235164803834003,0.0,0.0,0.0,False,NONE
470,294,1222,93.74105142,10.924962866435578,1054.0,8.932203389830509,0.0,0.0,0.0,1.5284411772979167,False,True,48,PV+/PNN-,93.74105142,10.924962866435578,0.0,0.0,0.0,False,NONE
471,293,1349,96.91871418,11.108588547554572,985.0,8.073770491803279,0.0,0.0,0.0,1.7117854059524342,False,True,49,PV+/PNN-,96.91871418,11.108588547554572,0.0,0.0,0.0,False,NONE
472,297,240,149.35014972,13.789797556005714,1940.0,10.319148936170214,0.0,0.0,0.0,1.7903157903571136,False,True,50,PV+/PNN-,149.35014972,13.789797556005714,0.0,0.0,0.0,False,NONE
473,296,428,84.20806314000001,10.354565948189398,1093.0,10.31132075471698,0.0,0.0,0.0,1.6918185106881984,False,True,51,PV+/PNN-,84.20806314000001,10.354565948189398,0.0,0.0,0.0,False,NONE
474,296,954,118.36793781,12.276430232296539,1461.0,9.805369127516778,0.0,0.0,0.0,1.5744348234632621,False,True,52,PV+/PNN-,118.36793781,12.276430232296539,0.0,0.0,0.0,False,NONE
475,295,1383,126.31209471,12.681701540530954,1035.0,6.509433962264151,0.0,0.0,0.0,1.7081762423654816,False,True,53,PV+/PNN-,126.31209471,12.681701540530954,0.0,0.0,0.0,False,NONE
476,295,297,50.84260416,8.045794813057842,867.0,13.546875,0.0,0.0,0.0,1.7707831139643462,False,True,54,PV+/PNN-,50.84260416,8.045794813057842,0.0,0.0,0.0,False,NONE
477,299,531,171.59378904,14.781068900342463,1833.0,8.48611111111111,0.0,0.0,0.0,1.7090477608564847,False,True,55,PV+/PNN-,171.59378904,14.781068900342463,0.0,0.0,0.0,False,NONE
478,300,598,170.00495766,14.712478883374446,1619.0,7.565420560747664,0.0,0.0,0.0,1.60746855281133,False,True,56,PV+/PNN-,170.00495766,14.712478883374446,0.0,0.0,0.0,False,NONE
479,297,769,108.83494953,11.77170172875832,1026.0,7.489051094890511,0.0,0.0,0.0,1.707984420215862,False,True,57,PV+/PNN-,108.83494953,11.77170172875832,0.0,0.0,0.0,False,NONE
480,299,843,108.83494953,11.77170172875832,1115.0,8.138686131386862,0.0,0.0,0.0,1.6980253273866148,False,True,58,PV+/PNN-,108.83494953,11.77170172875832,0.0,0.0,0.0,False,NONE
481,298,1188,66.73091796,9.217615939230159,730.0,8.69047619047619,0.0,0.0,0.0,1.4933229915176056,False,True,59,PV+/PNN-,66.73091796,9.217615939230159,0.0,0.0,0.0,False,NONE
482,300,1295,127.90092609,12.761211420003875,1406.0,8.732919254658386,0.0,0.0,0.0,1.6795414675975504,False,True,60,PV+/PNN-,127.90092609,12.761211420003875,0.0,0.0,0.0,False,NONE
483,299,351,96.12429849,11.062967867954534,1395.0,11.52892561983471,0.0,0.0,0.0,1.693513899488242,False,True,61,PV+/PNN-,96.12429849,11.062967867954534,0.0,0.0,0.0,False,NONE
484,304,450,155.70547524,14.080140922851225,1614.0,8.23469387755102,0.0,0.0,0.0,1.664597581493549,False,True,62,PV+/PNN-,155.70547524,14.080140922851225,0.0,0.0,0.0,False,NONE
485,302,492,80.23598469,10.107404643036364,589.0,5.8316831683168315,0.0,0.0,0.0,1.629507261745793,False,True,63,PV+/PNN-,80.23598469,10.107404643036364,0.0,0.0,0.0,False,NONE
486,304,1106,101.68520832,11.378472144697502,1601.0,12.5078125,0.0,0.0,0.0,1.3897116537733734,False,True,64,PV+/PNN-,101.68520832,11.378472144697502,0.0,0.0,0.0,False,NONE
487,304,1224,84.20806314000001,10.354565948189398,960.0,9.056603773584905,0.0,0.0,0.0,1.6186109574439635,False,True,65,PV+/PNN-,84.20806314000001,10.354565948189398,0.0,0.0,0.0,False,NONE
488,304,686,90.56338866,10.738197602350779,808.0,7.087719298245614,0.0,0.0,0.0,1.824430457918357,False,True,66,PV+/PNN-,90.56338866,10.738197602350779,0.0,0.0,0.0,False,NONE
489,305,210,98.50754556,11.199272407696524,1786.0,14.403225806451612,0.0,0.0,0.0,1.717185537734012,False,True,67,PV+/PNN-,98.50754556,11.199272407696524,0.0,0.0,0.0,False,NONE
490,307,426,125.51767902,12.64175907426016,1918.0,12.139240506329115,0.0,0.0,0.0,1.7891502388713112,False,True,68,PV+/PNN-,125.51767902,12.64175907426016,0.0,0.0,0.0,False,NONE
491,305,1520,82.61923176,10.256416188536388,633.0,6.086538461538462,0.0,0.0,0.0,1.8596451247189383,False,True,69,PV+/PNN-,82.61923176,10.256416188536388,0.0,0.0,0.0,False,NONE
492,308,229,108.04053384,11.728660627684029,2088.0,15.352941176470589,0.0,0.0,0.0,1.7092567675534218,False,True,70,PV+/PNN-,108.04053384,11.728660627684029,0.0,0.0,0.0,False,NONE
493,307,731,92.94663573,10.878572156378345,1089.0,9.307692307692308,0.0,0.0,0.0,2.1180202753020714,False,True,71,PV+/PNN-,92.94663573,10.878572156378345,0.0,0.0,0.0,False,NONE
494,309,462,88.18014159,10.595963539609496,946.0,8.522522522522523,0.0,0.0,0.0,1.6186834329941509,False,True,72,PV+/PNN-,88.18014159,10.595963539609496,0.0,0.0,0.0,False,NONE
495,310,908,128.69534178,12.800781162784691,1556.0,9.604938271604938,0.0,0.0,0.0,1.7323403960818327,False,True,73,PV+/PNN-,128.69534178,12.800781162784691,0.0,0.0,0.0,False,NONE
496,309,956,114.39585936,12.068692219586765,1217.0,8.45138888888889,0.0,0.0,0.0,1.576398177200264,False,True,74,PV+/PNN-,114.39585936,12.068692219586765,0.0,0.0,0.0,False,NONE
497,310,305,151.73339679,13.899387074616612,2276.0,11.916230366492147,0.0,0.0,0.0,1.6550441509059413,False,True,75,PV+/PNN-,151.73339679,13.899387074616612,0.0,0.0,0.0,False,NONE
498,310,587,134.25625161,13.074416571218995,1237.0,7.319526627218935,0.0,0.0,0.0,1.5177893189945912,False,True,76,PV+/PNN-,134.25625161,13.074416571218995,0.0,0.0,0.0,False,NONE
499,311,1426,119.95676919,12.358547737957586,859.0,5.688741721854305,0.0,0.0,0.0,1.55527558207336,False,True,77,PV+/PNN-,119.95676919,12.358547737957586,0.0,0.0,0.0,False,NONE
500,314,878,137.43391437,13.228238528376714,1457.0,8.421965317919074,0.0,0.0,0.0,1.5807865124151503,False,True,78,PV+/PNN-,137.43391437,13.228238528376714,0.0,0.0,0.0,False,NONE
501,313,945,115.19027505,12.11052490037406,1484.0,10.23448275862069,0.0,0.0,0.0,1.5755241928744503,False,True,79,PV+/PNN-,115.19027505,12.11052490037406,0.0,0.0,0.0,False,NONE
502,311,1049,62.75883951,8.93907356753593,706.0,8.936708860759493,0.0,0.0,0.0,1.3589985826479523,False,True,80,PV+/PNN-,62.75883951,8.93907356753593,0.0,0.0,0.0,False,NONE
503,313,1175,108.04053384,11.728660627684029,1082.0,7.955882352941177,0.0,0.0,0.0,1.5462315439423104,False,True,81,PV+/PNN-,108.04053384,11.728660627684029,0.0,0.0,0.0,False,NONE
504,315,1072,151.73339679,13.899387074616612,1671.0,8.74869109947644,0.0,0.0,0.0,1.5340522531731358,False,True,82,PV+/PNN-,151.73339679,13.899387074616612,0.0,0.0,0.0,False,NONE
505,313,1338,90.56338866,10.738197602350779,848.0,7.43859649122807,0.0,0.0,0.0,1.4780953607407434,False,True,83,PV+/PNN-,90.56338866,10.738197602350779,0.0,0.0,0.0,False,NONE
506,312,1361,81.03040038,10.157318055940708,1208.0,11.843137254901961,0.0,0.0,0.0,1.5240768340669542,False,True,84,PV+/PNN-,81.03040038,10.157318055940708,0.0,0.0,0.0,False,NONE
507,317,555,136.63949868,13.189951216443678,2760.0,16.046511627906977,0.0,0.0,0.0,1.9315718444027068,False,True,85,PV+/PNN-,136.63949868,13.189951216443678,0.0,0.0,0.0,False,NONE
508,316,1018,107.24611815,11.68546099424064,1147.0,8.496296296296297,0.0,0.0,0.0,1.4124022335967104,False,True,86,PV+/PNN-,107.24611815,11.68546099424064,0.0,0.0,0.0,False,NONE
509,316,1482,92.94663573,10.878572156378345,825.0,7.051282051282051,0.0,0.0,0.0,1.7667175317729598,False,True,88,PV+/PNN-,92.94663573,10.878572156378345,0.0,0.0,0.0,False,NONE
510,318,416,123.13443195,12.521167201073583,1362.0,8.787096774193548,0.0,0.0,0.0,1.71979879566088,False,True,89,PV+/PNN-,123.13443195,12.521167201073583,0.0,0.0,0.0,False,NONE
511,318,1120,135.05066730000001,13.113041224263421,1309.0,7.7,0.0,0.0,0.0,1.5665469948846182,False,True,90,PV+/PNN-,135.05066730000001,13.113041224263421,0.0,0.0,0.0,False,NONE
512,317,1497,69.90858072,9.434530697868027,549.0,6.238636363636363,0.0,0.0,0.0,1.523316809714455,False,True,91,PV+/PNN-,69.90858072,9.434530697868027,0.0,0.0,0.0,False,NONE
513,319,501,130.28417316,12.879555944225542,2162.0,13.182926829268293,0.0,0.0,0.0,1.933240578529814,False,True,92,PV+/PNN-,130.28417316,12.879555944225542,0.0,0.0,0.0,False,NONE
514,321,867,115.98469074,12.152213577535832,1054.0,7.219178082191781,0.0,0.0,0.0,1.5892640186678988,False,True,93,PV+/PNN-,115.98469074,12.152213577535832,0.0,0.0,0.0,False,NONE
515,320,733,92.94663573,10.878572156378345,928.0,7.931623931623932,0.0,0.0,0.0,1.7535983421805863,False,True,94,PV+/PNN-,92.94663573,10.878572156378345,0.0,0.0,0.0,False,NONE
516,321,927,112.01261229,11.942314996545514,964.0,6.836879432624113,0.0,0.0,0.0,1.4726522927183756,False,True,95,PV+/PNN-,112.01261229,11.942314996545514,0.0,0.0,0.0,False,NONE
517,318,1741,36.543121740000004,6.8211544248344955,259.0,5.630434782608695,0.0,0.0,0.0,1.5627521602480519,False,True,96,PV+/PNN-,36.543121740000004,6.8211544248344955,0.0,0.0,0.0,False,NONE
518,321,1214,87.3857259,10.548125988120718,899.0,8.172727272727272,0.0,0.0,0.0,1.5178902358376096,False,True,97,PV+/PNN-,87.3857259,10.548125988120718,0.0,0.0,0.0,False,NONE
519,324,638,110.42378091,11.857315232959936,939.0,6.755395683453237,0.0,0.0,0.0,1.7993582013223302,False,True,98,PV+/PNN-,110.42378091,11.857315232959936,0.0,0.0,0.0,False,NONE
520,324,838,115.98469074,12.152213577535832,993.0,6.801369863013699,0.0,0.0,0.0,1.7019902059530532,False,True,99,PV+/PNN-,115.98469074,12.152213577535832,0.0,0.0,0.0,False,NONE
521,328,539,162.06080076,14.36461695204847,1602.0,7.852941176470588,0.0,0.0,0.0,1.8806422590420262,False,True,100,PV+/PNN-,162.06080076,14.36461695204847,0.0,0.0,0.0,False,NONE
522,328,353,130.28417316,12.879555944225542,1884.0,11.487804878048781,0.0,0.0,0.0,1.7866096363174935,False,True,101,PV+/PNN-,130.28417316,12.879555944225542,0.0,0.0,0.0,False,NONE
523,332,806,151.73339679,13.899387074616612,1404.0,7.350785340314136,0.0,0.0,0.0,1.8041633163773694,False,True,102,PV+/PNN-,151.73339679,13.899387074616612,0.0,0.0,0.0,False,NONE
524,333,1265,109.62936522,11.814586030086609,1058.0,7.666666666666667,0.0,0.0,0.0,1.9440167244524995,False,True,103,PV+/PNN-,109.62936522,11.814586030086609,0.0,0.0,0.0,False,NONE
525,329,502,55.6090983,8.414493627225879,463.0,6.614285714285714,0.0,0.0,0.0,1.704276436546401,False,True,104,PV+/PNN-,55.6090983,8.414493627225879,0.0,0.0,0.0,False,NONE
526,333,782,125.51767902,12.64175907426016,2091.0,13.234177215189874,0.0,0.0,0.0,1.859312993336853,False,True,105,PV+/PNN-,125.51767902,12.64175907426016,0.0,0.0,0.0,False,NONE
527,332,1007,126.31209471,12.681701540530954,1213.0,7.628930817610063,0.0,0.0,0.0,1.5799959843041473,False,True,106,PV+/PNN-,126.31209471,12.681701540530954,0.0,0.0,0.0,False,NONE
528,331,1073,86.59131021,10.500070494515816,1000.0,9.174311926605505,0.0,0.0,0.0,1.489569636653339,False,True,107,PV+/PNN-,86.59131021,10.500070494515816,0.0,0.0,0.0,False,NONE
529,334,321,153.32222817,13.97196922387648,2666.0,13.813471502590673,0.0,0.0,0.0,1.9502728942735077,False,True,108,PV+/PNN-,153.32222817,13.97196922387648,0.0,0.0,0.0,False,NONE
530,334,1480,115.98469074,12.152213577535832,1121.0,7.678082191780822,0.0,0.0,0.0,1.6646095013610849,False,True,109,PV+/PNN-,115.98469074,12.152213577535832,0.0,0.0,0.0,False,NONE
531,332,1510,77.05832193,9.90523612702942,521.0,5.371134020618556,0.0,0.0,0.0,1.6624177203573032,False,True,110,PV+/PNN-,77.05832193,9.90523612702942,0.0,0.0,0.0,False,NONE
532,335,1540,132.66742023,12.996822909266468,1076.0,6.4431137724550895,0.0,0.0,0.0,1.751451089592613,False,True,111,PV+/PNN-,132.66742023,12.996822909266468,0.0,0.0,0.0,False,NONE
533,335,1668,142.9948242,13.493208101259413,1371.0,7.616666666666666,0.0,0.0,0.0,1.7391307914356633,False,True,112,PV+/PNN-,142.9948242,13.493208101259413,0.0,0.0,0.0,False,NONE
534,334,898,46.07611002,7.659368469073156,560.0,9.655172413793103,0.0,0.0,0.0,1.5893445805312436,False,True,113,PV+/PNN-,46.07611002,7.659368469073156,0.0,0.0,0.0,False,NONE
535,337,412,127.1065104,12.72151859781572,1549.0,9.68125,0.0,0.0,0.0,1.9511924695932195,False,True,115,PV+/PNN-,127.1065104,12.72151859781572,0.0,0.0,0.0,False,NONE
536,339,188,125.51767902,12.64175907426016,2084.0,13.189873417721518,0.0,0.0,0.0,1.920840331868174,False,True,116,PV+/PNN-,125.51767902,12.64175907426016,0.0,0.0,0.0,False,NONE
537,340,1208,146.17248696000001,13.642308849668991,1515.0,8.233695652173912,0.0,0.0,0.0,1.5849977426003372,False,True,117,PV+/PNN-,146.17248696000001,13.642308849668991,0.0,0.0,0.0,False,NONE
538,339,515,68.31974934,9.326703948667076,672.0,7.813953488372093,0.0,0.0,0.0,1.61327894807146,False,True,118,PV+/PNN-,68.31974934,9.326703948667076,0.0,0.0,0.0,False,NONE
539,342,531,175.56586749,14.951167352217068,1471.0,6.656108597285068,0.0,0.0,0.0,1.8903208768540467,False,True,119,PV+/PNN-,175.56586749,14.951167352217068,0.0,0.0,0.0,False,NONE
540,340,1491,95.32988280000001,11.017158280424603,849.0,7.075,0.0,0.0,0.0,1.6877290777688778,False,True,120,PV+/PNN-,95.32988280000001,11.017158280424603,0.0,0.0,0.0,False,NONE
541,342,367,131.87300454,12.957851838301272,1894.0,11.409638554216867,0.0,0.0,0.0,2.01063435192514,False,True,121,PV+/PNN-,131.87300454,12.957851838301272,0.0,0.0,0.0,False,NONE
542,340,1382,89.76897297000001,10.690996505268625,834.0,7.380530973451328,0.0,0.0,0.0,1.7137957271488573,False,True,122,PV+/PNN-,89.76897297000001,10.690996505268625,0.0,0.0,0.0,False,NONE
543,344,905,115.19027505,12.11052490037406,1091.0,7.524137931034483,0.0,0.0,0.0,1.6084578826097877,False,True,123,PV+/PNN-,115.19027505,12.11052490037406,0.0,0.0,0.0,False,NONE
544,342,1504,99.30196125,11.244340084382843,788.0,6.304,0.0,0.0,0.0,1.7723500371712853,False,True,124,PV+/PNN-,99.30196125,11.244340084382843,0.0,0.0,0.0,False,NONE
545,343,868,117.57352212,12.235164803834003,1110.0,7.5,0.0,0.0,0.0,1.6922424926567943,False,True,125,PV+/PNN-,117.57352212,12.235164803834003,0.0,0.0,0.0,False,NONE
546,346,589,166.03287921,14.539588286344586,1256.0,6.009569377990431,0.0,0.0,0.0,1.7634325034380274,False,True,126,PV+/PNN-,166.03287921,14.539588286344586,0.0,0.0,0.0,False,NONE
547,343,133,59.58117675,8.70982837718145,875.0,11.666666666666666,0.0,0.0,0.0,1.803276340103707,False,True,127,PV+/PNN-,59.58117675,8.70982837718145,0.0,0.0,0.0,False,NONE
548,346,331,115.19027505,12.11052490037406,1487.0,10.255172413793103,0.0,0.0,0.0,1.8772203149142386,False,True,128,PV+/PNN-,115.19027505,12.11052490037406,0.0,0.0,0.0,False,NONE
549,346,510,82.61923176,10.256416188536388,648.0,6.230769230769231,0.0,0.0,0.0,1.4972275122296212,False,True,129,PV+/PNN-,82.61923176,10.256416188536388,0.0,0.0,0.0,False,NONE
550,345,1348,70.70299641,9.487984557348323,930.0,10.44943820224719,0.0,0.0,0.0,1.4697914542197281,False,True,130,PV+/PNN-,70.70299641,9.487984557348323,0.0,0.0,0.0,False,NONE
551,346,1620,108.83494953,11.77170172875832,1316.0,9.605839416058394,0.0,0.0,0.0,2.0254305041481104,False,True,131,PV+/PNN-,108.83494953,11.77170172875832,0.0,0.0,0.0,False,NONE
552,348,810,91.35780435,10.78519212710641,1292.0,11.234782608695653,0.0,0.0,0.0,1.7381215011252353,False,True,133,PV+/PNN-,91.35780435,10.78519212710641,0.0,0.0,0.0,False,NONE
553,347,821,99.30196125,11.244340084382843,913.0,7.304,0.0,0.0,0.0,1.8678577374037642,False,True,134,PV+/PNN-,99.30196125,11.244340084382843,0.0,0.0,0.0,False,NONE
554,348,1036,142.20040851,13.455674765407588,1408.0,7.865921787709497,0.0,0.0,0.0,1.5887778345736074,False,True,135,PV+/PNN-,142.20040851,13.455674765407588,0.0,0.0,0.0,False,NONE
555,349,121,123.92884764,12.56149312576761,1725.0,11.057692307692308,0.0,0.0,0.0,2.100163600579118,False,True,136,PV+/PNN-,123.92884764,12.56149312576761,0.0,0.0,0.0,False,NONE
556,350,679,127.90092609,12.761211420003875,1127.0,7.0,0.0,0.0,0.0,1.82784534994612,False,True,137,PV+/PNN-,127.90092609,12.761211420003875,0.0,0.0,0.0,False,NONE
557,348,1232,77.05832193,9.90523612702942,999.0,10.29896907216495,0.0,0.0,0.0,1.461099022334129,False,True,138,PV+/PNN-,77.05832193,9.90523612702942,0.0,0.0,0.0,False,NONE
558,346,1588,28.59896484,6.034346109793383,294.0,8.166666666666666,0.0,0.0,0.0,1.4994140438283503,False,True,139,PV+/PNN-,28.59896484,6.034346109793383,0.0,0.0,0.0,False,NONE
559,348,1753,90.56338866,10.738197602350779,648.0,5.684210526315789,0.0,0.0,0.0,1.6793138081290329,False,True,140,PV+/PNN-,90.56338866,10.738197602350779,0.0,0.0,0.0,False,NONE
560,347,175,44.48727864,7.526151898686336,1166.0,20.821428571428573,0.0,0.0,0.0,1.816656351679643,False,True,141,PV+/PNN-,44.48727864,7.526151898686336,0.0,0.0,0.0,False,NONE
561,348,1647,57.99234537,8.592912627102823,519.0,7.109589041095891,0.0,0.0,0.0,1.539617770381691,False,True,142,PV+/PNN-,57.99234537,8.592912627102823,0.0,0.0,0.0,False,NONE
562,353,1076,169.21054197,14.678063680958497,1796.0,8.431924882629108,0.0,0.0,0.0,1.5969995650040156,False,True,143,PV+/PNN-,169.21054197,14.678063680958497,0.0,0.0,0.0,False,NONE
563,354,464,172.38820473,14.815244827816286,1737.0,8.004608294930875,0.0,0.0,0.0,1.7978428594617781,False,True,144,PV+/PNN-,172.38820473,14.815244827816286,0.0,0.0,0.0,False,NONE
564,351,638,73.08624348000001,9.646569098642193,655.0,7.119565217391305,0.0,0.0,0.0,1.6313427058342653,False,True,145,PV+/PNN-,73.08624348000001,9.646569098642193,0.0,0.0,0.0,False,NONE
565,354,1092,168.41612628000001,14.643567596416075,1757.0,8.287735849056604,0.0,0.0,0.0,1.5454034041997287,False,True,146,PV+/PNN-,168.41612628000001,14.643567596416075,0.0,0.0,0.0,False,NONE
566,352,1667,95.32988280000001,11.017158280424603,972.0,8.1,0.0,0.0,0.0,1.5818462851004302,False,True,147,PV+/PNN-,95.32988280000001,11.017158280424603,0.0,0.0,0.0,False,NONE
567,354,139,100.89079263,11.333937836259333,1484.0,11.68503937007874,0.0,0.0,0.0,1.9512470252782859,False,True,148,PV+/PNN-,100.89079263,11.333937836259333,0.0,0.0,0.0,False,NONE
568,353,423,118.36793781,12.276430232296539,1405.0,9.429530201342281,0.0,0.0,0.0,1.9389986121023381,False,True,149,PV+/PNN-,118.36793781,12.276430232296539,0.0,0.0,0.0,False,NONE
569,356,566,170.00495766,14.712478883374446,1479.0,6.911214953271028,0.0,0.0,0.0,1.7134642481627957,False,True,150,PV+/PNN-,170.00495766,14.712478883374446,0.0,0.0,0.0,False,NONE
570,355,850,119.1623535,12.317557416952052,1020.0,6.8,0.0,0.0,0.0,1.6412543486378948,False,True,151,PV+/PNN-,119.1623535,12.317557416952052,0.0,0.0,0.0,False,NONE
571,355,1579,85.00247883,10.403293586497956,1007.0,9.411214953271028,0.0,0.0,0.0,1.699915926200578,False,True,152,PV+/PNN-,85.00247883,10.403293586497956,0.0,0.0,0.0,False,NONE
572,357,303,104.86287108,11.554893086200376,1906.0,14.43939393939394,0.0,0.0,0.0,1.7197071024002881,False,True,153,PV+/PNN-,104.86287108,11.554893086200376,0.0,0.0,0.0,False,NONE
573,362,1274,124.72326333,12.60169000650996,1829.0,11.64968152866242,0.0,0.0,0.0,1.5344020311462274,False,True,154,PV+/PNN-,124.72326333,12.60169000650996,0.0,0.0,0.0,False,NONE
574,359,182,71.4974121,9.54113894836179,1952.0,21.68888888888889,0.0,0.0,0.0,1.7424470310270688,False,True,155,PV+/PNN-,71.4974121,9.54113894836179,0.0,0.0,0.0,False,NONE
575,360,1708,86.59131021,10.500070494515816,478.0,4.385321100917431,0.0,0.0,0.0,1.8048514452517086,False,True,156,PV+/PNN-,86.59131021,10.500070494515816,0.0,0.0,0.0,False,NONE
576,357,1750,40.51520019,7.182308476024235,314.0,6.1568627450980395,0.0,0.0,0.0,1.6118596467806297,False,True,157,PV+/PNN-,40.51520019,7.182308476024235,0.0,0.0,0.0,False,NONE
577,359,1807,87.3857259,10.548125988120718,807.0,7.336363636363636,0.0,0.0,0.0,1.523316809714455,False,True,158,PV+/PNN-,87.3857259,10.548125988120718,0.0,0.0,0.0,False,NONE
578,364,1042,165.23846352,14.504762875171126,1945.0,9.350961538461538,0.0,0.0,0.0,1.5820922699052873,False,True,159,PV+/PNN-,165.23846352,14.504762875171126,0.0,0.0,0.0,False,NONE
579,360,1387,79.441569,10.057243516322302,907.0,9.07,0.0,0.0,0.0,1.7378990453017125,False,True,160,PV+/PNN-,79.441569,10.057243516322302,0.0,0.0,0.0,False,NONE
580,361,120,113.60144367,12.026714032504808,1387.0,9.6993006993007,0.0,0.0,0.0,2.075813589593274,False,True,161,PV+/PNN-,113.60144367,12.026714032504808,0.0,0.0,0.0,False,NONE
581,363,1126,121.54560057,12.440123196106569,1254.0,8.196078431372548,0.0,0.0,0.0,1.4078691105698034,False,True,162,PV+/PNN-,121.54560057,12.440123196106569,0.0,0.0,0.0,False,NONE
582,364,261,119.95676919,12.358547737957586,2095.0,13.874172185430464,0.0,0.0,0.0,1.5716528485512564,False,True,163,PV+/PNN-,119.95676919,12.358547737957586,0.0,0.0,0.0,False,NONE
583,363,1196,115.19027505,12.11052490037406,1440.0,9.931034482758621,0.0,0.0,0.0,1.4920137653312728,False,True,164,PV+/PNN-,115.19027505,12.11052490037406,0.0,0.0,0.0,False,NONE
584,363,1505,105.65728677,11.598579038183399,1087.0,8.172932330827068,0.0,0.0,0.0,1.8048749741838606,False,True,165,PV+/PNN-,105.65728677,11.598579038183399,0.0,0.0,0.0,False,NONE
585,363,1617,101.68520832,11.378472144697502,895.0,6.9921875,0.0,0.0,0.0,1.8207487774509248,False,True,166,PV+/PNN-,101.68520832,11.378472144697502,0.0,0.0,0.0,False,NONE
586,363,1782,105.65728677,11.598579038183399,850.0,6.390977443609023,0.0,0.0,0.0,1.8689913142969636,False,True,167,PV+/PNN-,105.65728677,11.598579038183399,0.0,0.0,0.0,False,NONE
587,367,750,139.02274575,13.304482609502793,1049.0,5.994285714285715,0.0,0.0,0.0,1.7186513199997588,False,True,168,PV+/PNN-,139.02274575,13.304482609502793,0.0,0.0,0.0,False,NONE
588,364,1877,98.50754556,11.199272407696524,958.0,7.725806451612903,0.0,0.0,0.0,1.4661752368638021,False,True,169,PV+/PNN-,98.50754556,11.199272407696524,0.0,0.0,0.0,False,NONE
589,364,1378,74.67507486,9.75085936304132,821.0,8.73404255319149,0.0,0.0,0.0,1.6864439089302632,False,True,170,PV+/PNN-,74.67507486,9.75085936304132,0.0,0.0,0.0,False,NONE
590,366,1429,101.68520832,11.378472144697502,1054.0,8.234375,0.0,0.0,0.0,1.731476792021571,False,True,171,PV+/PNN-,101.68520832,11.378472144697502,0.0,0.0,0.0,False,NONE
591,365,1770,98.50754556,11.199272407696524,850.0,6.854838709677419,0.0,0.0,0.0,1.805211067902195,False,True,172,PV+/PNN-,98.50754556,11.199272407696524,0.0,0.0,0.0,False,NONE
592,366,133,70.70299641,9.487984557348323,1148.0,12.898876404494382,0.0,0.0,0.0,1.945988555097958,False,True,173,PV+/PNN-,70.70299641,9.487984557348323,0.0,0.0,0.0,False,NONE
593,368,478,122.34001626,12.48071098158173,1175.0,7.62987012987013,0.0,0.0,0.0,1.6429229278163535,False,True,174,PV+/PNN-,122.34001626,12.48071098158173,0.0,0.0,0.0,False,NONE
594,366,1638,102.47962401,11.422832828117684,1052.0,8.155038759689923,0.0,0.0,0.0,1.599066492679722,False,True,175,PV+/PNN-,102.47962401,11.422832828117684,0.0,0.0,0.0,False,NONE
595,366,974,43.69286295,7.4586514150102134,502.0,9.127272727272727,0.0,0.0,0.0,1.4124596576588992,False,True,176,PV+/PNN-,43.69286295,7.4586514150102134,0.0,0.0,0.0,False,NONE
596,368,166,94.53546711,10.971157418634661,1400.0,11.764705882352942,0.0,0.0,0.0,1.9004083209523843,False,True,177,PV+/PNN-,94.53546711,10.971157418634661,0.0,0.0,0.0,False,NONE
597,370,490,120.75118488,12.39940255265723,1003.0,6.598684210526316,0.0,0.0,0.0,1.6190978787061432,False,True,178,PV+/PNN-,120.75118488,12.39940255265723,0.0,0.0,0.0,False,NONE
598,372,512,146.96690265,13.679330108642857,1272.0,6.875675675675676,0.0,0.0,0.0,1.7575813754171896,False,True,179,PV+/PNN-,146.96690265,13.679330108642857,0.0,0.0,0.0,False,NONE
599,371,1058,101.68520832,11.378472144697502,1182.0,9.234375,0.0,0.0,0.0,1.4216896784047837,False,True,180,PV+/PNN-,101.68520832,11.378472144697502,0.0,0.0,0.0,False,NONE
600,369,1746,87.3857259,10.548125988120718,656.0,5.963636363636364,0.0,0.0,0.0,1.6147933407812773,False,True,181,PV+/PNN-,87.3857259,10.548125988120718,0.0,0.0,0.0,False,NONE
601,374,101,117.57352212,12.235164803834003,1618.0,10.932432432432432,0.0,0.0,0.0,2.015479822714834,False,True,182,PV+/PNN-,117.57352212,12.235164803834003,0.0,0.0,0.0,False,NONE
602,373,677,97.71312987,11.154022637162193,575.0,4.67479674796748,0.0,0.0,0.0,1.82543390470468,False,True,183,PV+/PNN-,97.71312987,11.154022637162193,0.0,0.0,0.0,False,NONE
603,374,731,132.66742023,12.996822909266468,1127.0,6.748502994011976,0.0,0.0,0.0,1.6018373376244974,False,True,184,PV+/PNN-,132.66742023,12.996822909266468,0.0,0.0,0.0,False,NONE
604,374,91,87.3857259,10.548125988120718,1320.0,12.0,0.0,0.0,0.0,1.800847302273119,False,True,185,PV+/PNN-,87.3857259,10.548125988120718,0.0,0.0,0.0,False,NONE
605,374,219,123.92884764,12.56149312576761,14984.0,96.05128205128206,0.0,0.0,0.0,1.9706116033544303,False,True,186,PV+/PNN-,123.92884764,12.56149312576761,0.0,0.0,0.0,False,NONE
606,375,456,87.3857259,10.548125988120718,1299.0,11.809090909090909,0.0,0.0,0.0,1.4488952251177183,False,True,187,PV+/PNN-,87.3857259,10.548125988120718,0.0,0.0,0.0,False,NONE
607,374,667,88.18014159,10.595963539609496,623.0,5.612612612612613,0.0,0.0,0.0,1.7515890969277002,False,True,188,PV+/PNN-,88.18014159,10.595963539609496,0.0,0.0,0.0,False,NONE
608,375,1406,73.88065917,9.698854408967303,814.0,8.75268817204301,0.0,0.0,0.0,1.6422262972001684,False,True,189,PV+/PNN-,73.88065917,9.698854408967303,0.0,0.0,0.0,False,NONE
609,375,1541,52.43143554,8.17054325713784,582.0,8.818181818181818,0.0,0.0,0.0,1.5969631694716424,False,True,190,PV+/PNN-,52.43143554,8.17054325713784,0.0,0.0,0.0,False,NONE
610,378,637,122.34001626,12.48071098158173,871.0,5.6558441558441555,0.0,0.0,0.0,1.7979678957262215,False,True,191,PV+/PNN-,122.34001626,12.48071098158173,0.0,0.0,0.0,False,NONE
611,378,947,89.76897297000001,10.690996505268625,912.0,8.070796460176991,0.0,0.0,0.0,1.5387184005532892,False,True,192,PV+/PNN-,89.76897297000001,10.690996505268625,0.0,0.0,0.0,False,NONE
612,377,1029,86.59131021,10.500070494515816,898.0,8.238532110091743,0.0,0.0,0.0,1.4465411019811052,False,True,193,PV+/PNN-,86.59131021,10.500070494515816,0.0,0.0,0.0,False,NONE
613,377,1338,79.441569,10.057243516322302,810.0,8.1,0.0,0.0,0.0,1.5835517797474388,False,True,194,PV+/PNN-,79.441569,10.057243516322302,0.0,0.0,0.0,False,NONE
614,378,433,73.88065917,9.698854408967303,806.0,8.666666666666666,0.0,0.0,0.0,1.5798748799977054,False,True,195,PV+/PNN-,73.88065917,9.698854408967303,0.0,0.0,0.0,False,NONE
615,376,1288,44.48727864,7.526151898686336,824.0,14.714285714285714,0.0,0.0,0.0,1.5288541299969503,False,True,196,PV+/PNN-,44.48727864,7.526151898686336,0.0,0.0,0.0,False,NONE
616,378,1449,81.03040038,10.157318055940708,1292.0,12.666666666666666,0.0,0.0,0.0,1.630252236111114,False,True,197,PV+/PNN-,81.03040038,10.157318055940708,0.0,0.0,0.0,False,NONE
617,381,794,135.84508299,13.151552441468574,1099.0,6.426900584795321,0.0,0.0,0.0,1.6980144073286882,False,True,198,PV+/PNN-,135.84508299,13.151552441468574,0.0,0.0,0.0,False,NONE
618,379,1797,82.61923176,10.256416188536388,585.0,5.625,0.0,0.0,0.0,1.4480305512582208,False,True,199,PV+/PNN-,82.61923176,10.256416188536388,0.0,0.0,0.0,False,NONE
619,381,1744,115.19027505,12.11052490037406,821.0,5.662068965517242,0.0,0.0,0.0,1.6025768665856204,False,True,200,PV+/PNN-,115.19027505,12.11052490037406,0.0,0.0,0.0,False,NONE
620,380,319,63.5532552,8.995472067506276,1196.0,14.95,0.0,0.0,0.0,1.7438682765662423,False,True,201,PV+/PNN-,63.5532552,8.995472067506276,0.0,0.0,0.0,False,NONE
621,381,1911,107.24611815,11.68546099424064,670.0,4.962962962962963,0.0,0.0,0.0,1.6284315555511266,False,True,202,PV+/PNN-,107.24611815,11.68546099424064,0.0,0.0,0.0,False,NONE
622,383,1678,111.2181966,11.899891008124815,898.0,6.414285714285715,0.0,0.0,0.0,1.6878305953073902,False,True,203,PV+/PNN-,111.2181966,11.899891008124815,0.0,0.0,0.0,False,NONE
623,382,1770,126.31209471,12.681701540530954,1044.0,6.566037735849057,0.0,0.0,0.0,1.617538319301191,False,True,204,PV+/PNN-,126.31209471,12.681701540530954,0.0,0.0,0.0,False,NONE
624,380,1861,45.28169433,7.593052342343362,676.0,11.859649122807017,0.0,0.0,0.0,1.4092771556860126,False,True,205,PV+/PNN-,45.28169433,7.593052342343362,0.0,0.0,0.0,False,NONE
625,385,471,125.51767902,12.64175907426016,1509.0,9.550632911392405,0.0,0.0,0.0,1.7162889169263258,False,True,206,PV+/PNN-,125.51767902,12.64175907426016,0.0,0.0,0.0,False,NONE
626,385,599,109.62936522,11.814586030086609,1059.0,7.673913043478261,0.0,0.0,0.0,1.6356682357360985,False,True,207,PV+/PNN-,109.62936522,11.814586030086609,0.0,0.0,0.0,False,NONE
627,383,1172,117.57352212,12.235164803834003,1826.0,12.337837837837839,0.0,0.0,0.0,1.4421801018454057,False,True,208,PV+/PNN-,117.57352212,12.235164803834003,0.0,0.0,0.0,False,NONE
628,384,530,55.6090983,8.414493627225879,406.0,5.8,0.0,0.0,0.0,1.4983988684432263,False,True,210,PV+/PNN-,55.6090983,8.414493627225879,0.0,0.0,0.0,False,NONE
629,386,1808,130.28417316,12.879555944225542,1179.0,7.189024390243903,0.0,0.0,0.0,1.5177862422615724,False,True,211,PV+/PNN-,130.28417316,12.879555944225542,0.0,0.0,0.0,False,NONE
630,385,1940,93.74105142,10.924962866435578,702.0,5.9491525423728815,0.0,0.0,0.0,1.4149824232384498,False,True,212,PV+/PNN-,93.74105142,10.924962866435578,0.0,0.0,0.0,False,NONE
631,387,122,61.17000813,8.825195369105852,1176.0,15.272727272727273,0.0,0.0,0.0,1.664518476918085,False,True,214,PV+/PNN-,61.17000813,8.825195369105852,0.0,0.0,0.0,False,NONE
632,388,645,92.15222004,10.83198276817611,790.0,6.810344827586207,0.0,0.0,0.0,1.7488671401867846,False,True,215,PV+/PNN-,92.15222004,10.83198276817611,0.0,0.0,0.0,False,NONE
633,389,816,139.81716144,13.342441267550265,2129.0,12.096590909090908,0.0,0.0,0.0,1.6841759639209433,False,True,216,PV+/PNN-,139.81716144,13.342441267550265,0.0,0.0,0.0,False,NONE
634,387,1097,104.86287108,11.554893086200376,1291.0,9.780303030303031,0.0,0.0,0.0,1.4839095470373636,False,True,217,PV+/PNN-,104.86287108,11.554893086200376,0.0,0.0,0.0,False,NONE
635,388,232,52.43143554,8.17054325713784,5517.0,83.5909090909091,0.0,0.0,0.0,1.589210921076149,False,True,218,PV+/PNN-,52.43143554,8.17054325713784,0.0,0.0,0.0,False,NONE
636,390,849,123.13443195,12.521167201073583,1605.0,10.35483870967742,0.0,0.0,0.0,1.6977924131188342,False,True,219,PV+/PNN-,123.13443195,12.521167201073583,0.0,0.0,0.0,False,NONE
637,387,1468,39.7207845,7.111545090435939,859.0,17.18,0.0,0.0,0.0,1.4871913321914558,False,True,220,PV+/PNN-,39.7207845,7.111545090435939,0.0,0.0,0.0,False,NONE
638,389,1553,39.7207845,7.111545090435939,215.0,4.3,0.0,0.0,0.0,1.5400616662487205,False,True,221,PV+/PNN-,39.7207845,7.111545090435939,0.0,0.0,0.0,False,NONE
639,391,253,104.86287108,11.554893086200376,4766.0,36.10606060606061,0.0,0.0,0.0,1.7720347790698687,False,True,222,PV+/PNN-,104.86287108,11.554893086200376,0.0,0.0,0.0,False,NONE
640,389,1382,50.04818847,7.982689565701676,681.0,10.80952380952381,0.0,0.0,0.0,1.742040960873019,False,True,223,PV+/PNN-,50.04818847,7.982689565701676,0.0,0.0,0.0,False,NONE
641,390,1729,81.03040038,10.157318055940708,805.0,7.892156862745098,0.0,0.0,0.0,1.5065202715242194,False,True,224,PV+/PNN-,81.03040038,10.157318055940708,0.0,0.0,0.0,False,NONE
642,391,207,71.4974121,9.54113894836179,6803.0,75.58888888888889,0.0,0.0,0.0,1.6249573997887021,False,True,225,PV+/PNN-,71.4974121,9.54113894836179,0.0,0.0,0.0,False,NONE
643,392,1925,100.09637694,11.289227848029503,709.0,5.626984126984127,0.0,0.0,0.0,1.666917982373833,False,True,226,PV+/PNN-,100.09637694,11.289227848029503,0.0,0.0,0.0,False,NONE
644,394,95,154.91105955,14.044176264056345,2416.0,12.38974358974359,0.0,0.0,0.0,2.053153171206447,False,True,227,PV+/PNN-,154.91105955,14.044176264056345,0.0,0.0,0.0,False,NONE
645,393,163,112.01261229,11.942314996545514,2432.0,17.24822695035461,0.0,0.0,0.0,1.8917685304406897,False,True,228,PV+/PNN-,112.01261229,11.942314996545514,0.0,0.0,0.0,False,NONE
646,392,663,77.85273762,9.956163126610313,858.0,8.755102040816327,0.0,0.0,0.0,1.78293802638802,False,True,229,PV+/PNN-,77.85273762,9.956163126610313,0.0,0.0,0.0,False,NONE
647,392,1533,86.59131021,10.500070494515816,825.0,7.568807339449541,0.0,0.0,0.0,1.5599799661169949,False,True,230,PV+/PNN-,86.59131021,10.500070494515816,0.0,0.0,0.0,False,NONE
648,393,694,95.32988280000001,11.017158280424603,934.0,7.783333333333333,0.0,0.0,0.0,1.6593041669854018,False,True,231,PV+/PNN-,95.32988280000001,11.017158280424603,0.0,0.0,0.0,False,NONE
649,396,546,109.62936522,11.814586030086609,1095.0,7.934782608695652,0.0,0.0,0.0,1.6968435872048835,False,True,232,PV+/PNN-,109.62936522,11.814586030086609,0.0,0.0,0.0,False,NONE
650,395,179,88.97455728,10.643586087602236,2743.0,24.491071428571427,0.0,0.0,0.0,1.7054946470085501,False,True,233,PV+/PNN-,88.97455728,10.643586087602236,0.0,0.0,0.0,False,NONE
651,396,1893,85.00247883,10.403293586497956,782.0,7.308411214953271,0.0,0.0,0.0,1.4719853331891553,False,True,234,PV+/PNN-,85.00247883,10.403293586497956,0.0,0.0,0.0,False,NONE
652,397,455,99.30196125,11.244340084382843,1244.0,9.952,0.0,0.0,0.0,1.8876414753090631,False,True,235,PV+/PNN-,99.30196125,11.244340084382843,0.0,0.0,0.0,False,NONE
653,397,498,91.35780435,10.78519212710641,1102.0,9.582608695652175,0.0,0.0,0.0,1.5875930605414375,False,True,236,PV+/PNN-,91.35780435,10.78519212710641,0.0,0.0,0.0,False,NONE
654,396,1814,50.04818847,7.982689565701676,474.0,7.523809523809524,0.0,0.0,0.0,1.4225991063539574,False,True,237,PV+/PNN-,50.04818847,7.982689565701676,0.0,0.0,0.0,False,NONE
655,397,977,71.4974121,9.54113894836179,883.0,9.811111111111112,0.0,0.0,0.0,1.426930521330487,False,True,238,PV+/PNN-,71.4974121,9.54113894836179,0.0,0.0,0.0,False,NONE
656,400,702,89.76897297000001,10.690996505268625,733.0,6.486725663716814,0.0,0.0,0.0,1.6149374091142907,False,True,239,PV+/PNN-,89.76897297000001,10.690996505268625,0.0,0.0,0.0,False,NONE
657,397,1649,57.99234537,8.592912627102823,562.0,7.698630136986301,0.0,0.0,0.0,1.4052808632543055,False,True,240,PV+/PNN-,57.99234537,8.592912627102823,0.0,0.0,0.0,False,NONE
658,400,1838,169.21054197,14.678063680958497,1289.0,6.051643192488263,0.0,0.0,0.0,1.599001319284542,False,True,241,PV+/PNN-,169.21054197,14.678063680958497,0.0,0.0,0.0,False,NONE
659,398,1599,56.40351399,8.474384017383858,650.0,9.154929577464788,0.0,0.0,0.0,1.5445536028542222,False,True,242,PV+/PNN-,56.40351399,8.474384017383858,0.0,0.0,0.0,False,NONE
660,400,1619,106.45170246,11.642101063659146,1194.0,8.91044776119403,0.0,0.0,0.0,1.7933148937574979,False,True,243,PV+/PNN-,106.45170246,11.642101063659146,0.0,0.0,0.0,False,NONE
661,400,1222,100.09637694,11.289227848029503,1561.0,12.38888888888889,0.0,0.0,0.0,1.4327508602051986,False,True,244,PV+/PNN-,100.09637694,11.289227848029503,0.0,0.0,0.0,False,NONE
662,402,148,79.441569,10.057243516322302,1621.0,16.21,0.0,0.0,0.0,1.7711561909183793,False,True,245,PV+/PNN-,79.441569,10.057243516322302,0.0,0.0,0.0,False,NONE
663,401,688,38.92636881,7.040070461425612,394.0,8.040816326530612,0.0,0.0,0.0,1.653285627202166,False,True,246,PV+/PNN-,38.92636881,7.040070461425612,0.0,0.0,0.0,False,NONE
664,401,894,34.15987467,6.594975608221839,1329.0,30.906976744186046,0.0,0.0,0.0,1.8423308454313292,False,True,247,PV+/PNN-,34.15987467,6.594975608221839,0.0,0.0,0.0,False,NONE
665,403,1467,83.41364745,10.305607915302103,1310.0,12.476190476190476,0.0,0.0,0.0,1.5349451823076952,False,True,248,PV+/PNN-,83.41364745,10.305607915302103,0.0,0.0,0.0,False,NONE
666,402,817,40.51520019,7.182308476024235,416.0,8.156862745098039,0.0,0.0,0.0,1.5968111646011427,False,True,249,PV+/PNN-,40.51520019,7.182308476024235,0.0,0.0,0.0,False,NONE
667,407,485,82.61923176,10.256416188536388,1329.0,12.778846153846153,0.0,0.0,0.0,1.578402497832432,False,True,250,PV+/PNN-,82.61923176,10.256416188536388,0.0,0.0,0.0,False,NONE
668,405,856,59.58117675,8.70982837718145,1138.0,15.173333333333334,0.0,0.0,0.0,1.6145349325014275,False,True,252,PV+/PNN-,59.58117675,8.70982837718145,0.0,0.0,0.0,False,NONE
669,406,1699,92.94663573,10.878572156378345,994.0,8.495726495726496,0.0,0.0,0.0,1.6486448254415984,False,True,253,PV+/PNN-,92.94663573,10.878572156378345,0.0,0.0,0.0,False,NONE
670,406,2016,96.91871418,11.108588547554572,1030.0,8.442622950819672,0.0,0.0,0.0,1.4538642892531903,False,True,254,PV+/PNN-,96.91871418,11.108588547554572,0.0,0.0,0.0,False,NONE
671,408,48,100.89079263,11.333937836259333,1330.0,10.472440944881889,0.0,0.0,0.0,1.9371464789841208,False,True,255,PV+/PNN-,100.89079263,11.333937836259333,0.0,0.0,0.0,False,NONE
672,408,781,96.12429849,11.062967867954534,1227.0,10.140495867768594,0.0,0.0,0.0,1.6047154178671357,False,True,256,PV+/PNN-,96.12429849,11.062967867954534,0.0,0.0,0.0,False,NONE
673,408,1540,88.97455728,10.643586087602236,1012.0,9.035714285714286,0.0,0.0,0.0,1.8204632593738586,False,True,257,PV+/PNN-,88.97455728,10.643586087602236,0.0,0.0,0.0,False,NONE
674,408,1762,104.86287108,11.554893086200376,1023.0,7.75,0.0,0.0,0.0,1.615051749061127,False,True,258,PV+/PNN-,104.86287108,11.554893086200376,0.0,0.0,0.0,False,NONE
675,411,133,111.2181966,11.899891008124815,3146.0,22.47142857142857,0.0,0.0,0.0,1.7024491208531778,False,True,260,PV+/PNN-,111.2181966,11.899891008124815,0.0,0.0,0.0,False,NONE
676,411,1524,75.46949055,9.802588422925686,948.0,9.978947368421053,0.0,0.0,0.0,1.5340475535461118,False,True,261,PV+/PNN-,75.46949055,9.802588422925686,0.0,0.0,0.0,False,NONE
677,412,463,89.76897297000001,10.690996505268625,1649.0,14.5929203539823,0.0,0.0,0.0,1.9364156036389115,False,True,262,PV+/PNN-,89.76897297000001,10.690996505268625,0.0,0.0,0.0,False,NONE
678,413,2038,98.50754556,11.199272407696524,685.0,5.524193548387097,0.0,0.0,0.0,1.5789579473917867,False,True,264,PV+/PNN-,98.50754556,11.199272407696524,0.0,0.0,0.0,False,NONE
679,415,1065,103.2740397,11.467021901548332,1165.0,8.961538461538462,0.0,0.0,0.0,1.5782385079625276,False,True,265,PV+/PNN-,103.2740397,11.467021901548332,0.0,0.0,0.0,False,NONE
680,414,1118,82.61923176,10.256416188536388,1279.0,12.298076923076923,0.0,0.0,0.0,1.3422570851697098,False,True,266,PV+/PNN-,82.61923176,10.256416188536388,0.0,0.0,0.0,False,NONE
681,414,1233,58.78676106,8.651568001725998,569.0,7.6891891891891895,0.0,0.0,0.0,1.3517197438790738,False,True,267,PV+/PNN-,58.78676106,8.651568001725998,0.0,0.0,0.0,False,NONE
682,414,1460,89.76897297000001,10.690996505268625,1711.0,15.141592920353983,0.0,0.0,0.0,1.596825961535439,False,True,268,PV+/PNN-,89.76897297000001,10.690996505268625,0.0,0.0,0.0,False,NONE
683,414,674,80.23598469,10.107404643036364,766.0,7.584158415841584,0.0,0.0,0.0,1.5670287449741924,False,True,269,PV+/PNN-,80.23598469,10.107404643036364,0.0,0.0,0.0,False,NONE
684,415,1801,76.26390624,9.854045933561641,630.0,6.5625,0.0,0.0,0.0,1.5678114854010892,False,True,270,PV+/PNN-,76.26390624,9.854045933561641,0.0,0.0,0.0,False,NONE
685,416,1973,104.06845539,11.51104134134072,970.0,7.404580152671755,0.0,0.0,0.0,1.4412080719377596,False,True,271,PV+/PNN-,104.06845539,11.51104134134072,0.0,0.0,0.0,False,NONE
686,417,314,79.441569,10.057243516322302,3217.0,32.17,0.0,0.0,0.0,1.7123166255965843,False,True,272,PV+/PNN-,79.441569,10.057243516322302,0.0,0.0,0.0,False,NONE
687,417,582,98.50754556,11.199272407696524,939.0,7.57258064516129,0.0,0.0,0.0,1.6903652590108937,False,True,273,PV+/PNN-,98.50754556,11.199272407696524,0.0,0.0,0.0,False,NONE
688,416,235,41.30961588,7.252381437585563,1288.0,24.76923076923077,0.0,0.0,0.0,1.7153340392028302,False,True,274,PV+/PNN-,41.30961588,7.252381437585563,0.0,0.0,0.0,False,NONE
689,417,266,63.5532552,8.995472067506276,1986.0,24.825,0.0,0.0,0.0,1.6799122273034217,False,True,275,PV+/PNN-,63.5532552,8.995472067506276,0.0,0.0,0.0,False,NONE
690,418,470,57.99234537,8.592912627102823,2082.0,28.52054794520548,0.0,0.0,0.0,1.8830529938203993,False,True,276,PV+/PNN-,57.99234537,8.592912627102823,0.0,0.0,0.0,False,NONE
691,416,565,31.7766276,6.36075929890786,238.0,5.95,0.0,0.0,0.0,1.5818462851004302,False,True,277,PV+/PNN-,31.7766276,6.36075929890786,0.0,0.0,0.0,False,NONE
692,418,1900,100.09637694,11.289227848029503,1449.0,11.5,0.0,0.0,0.0,1.3352940232332815,False,True,278,PV+/PNN-,100.09637694,11.289227848029503,0.0,0.0,0.0,False,NONE
693,420,1876,105.65728677,11.598579038183399,1445.0,10.864661654135338,0.0,0.0,0.0,1.5080163194601919,False,True,279,PV+/PNN-,105.65728677,11.598579038183399,0.0,0.0,0.0,False,NONE
694,419,1946,96.91871418,11.108588547554572,757.0,6.204918032786885,0.0,0.0,0.0,1.496501655428404,False,True,280,PV+/PNN-,96.91871418,11.108588547554572,0.0,0.0,0.0,False,NONE
695,419,2066,76.26390624,9.854045933561641,576.0,6.0,0.0,0.0,0.0,1.693947027002763,False,True,281,PV+/PNN-,76.26390624,9.854045933561641,0.0,0.0,0.0,False,NONE
696,420,1581,58.78676106,8.651568001725998,571.0,7.716216216216216,0.0,0.0,0.0,1.471565313668864,False,True,282,PV+/PNN-,58.78676106,8.651568001725998,0.0,0.0,0.0,False,NONE
697,421,806,88.97455728,10.643586087602236,700.0,6.25,0.0,0.0,0.0,1.4915464345936382,False,True,283,PV+/PNN-,88.97455728,10.643586087602236,0.0,0.0,0.0,False,NONE
698,422,667,100.89079263,11.333937836259333,1064.0,8.377952755905511,0.0,0.0,0.0,1.6014191862659024,False,True,284,PV+/PNN-,100.89079263,11.333937836259333,0.0,0.0,0.0,False,NONE
699,423,332,78.64715331000001,10.006830950662698,2996.0,30.262626262626263,0.0,0.0,0.0,1.5874881992104837,False,True,285,PV+/PNN-,78.64715331000001,10.006830950662698,0.0,0.0,0.0,False,NONE
700,425,638,112.01261229,11.942314996545514,1108.0,7.858156028368795,0.0,0.0,0.0,1.6849319455907166,False,True,286,PV+/PNN-,112.01261229,11.942314996545514,0.0,0.0,0.0,False,NONE
701,424,44,96.91871418,11.108588547554572,2371.0,19.434426229508198,0.0,0.0,0.0,1.829911879454256,False,True,287,PV+/PNN-,96.91871418,11.108588547554572,0.0,0.0,0.0,False,NONE
702,423,103,51.63701985,8.108408946599484,1639.0,25.215384615384615,0.0,0.0,0.0,1.6949992953346513,False,True,288,PV+/PNN-,51.63701985,8.108408946599484,0.0,0.0,0.0,False,NONE
703,425,306,83.41364745,10.305607915302103,4890.0,46.57142857142857,0.0,0.0,0.0,2.083139890274729,False,True,289,PV+/PNN-,83.41364745,10.305607915302103,0.0,0.0,0.0,False,NONE
704,424,589,74.67507486,9.75085936304132,907.0,9.648936170212766,0.0,0.0,0.0,1.555810276393438,False,True,290,PV+/PNN-,74.67507486,9.75085936304132,0.0,0.0,0.0,False,NONE
705,422,1196,38.92636881,7.040070461425612,966.0,19.714285714285715,0.0,0.0,0.0,1.2582373773338589,False,True,291,PV+/PNN-,38.92636881,7.040070461425612,0.0,0.0,0.0,False,NONE
706,424,74,42.104031570000004,7.321783798208037,1145.0,21.60377358490566,0.0,0.0,0.0,1.5928676420174195,False,True,292,PV+/PNN-,42.104031570000004,7.321783798208037,0.0,0.0,0.0,False,NONE
707,426,1675,77.05832193,9.90523612702942,814.0,8.391752577319588,0.0,0.0,0.0,1.7529671784201284,False,True,294,PV+/PNN-,77.05832193,9.90523612702942,0.0,0.0,0.0,False,NONE
708,427,1982,77.85273762,9.956163126610313,722.0,7.36734693877551,0.0,0.0,0.0,1.465333155899183,False,True,296,PV+/PNN-,77.85273762,9.956163126610313,0.0,0.0,0.0,False,NONE
709,428,87,69.90858072,9.434530697868027,1521.0,17.28409090909091,0.0,0.0,0.0,1.6754546844760132,False,True,297,PV+/PNN-,69.90858072,9.434530697868027,0.0,0.0,0.0,False,NONE
710,428,2053,96.91871418,11.108588547554572,904.0,7.409836065573771,0.0,0.0,0.0,1.6376942450578005,False,True,298,PV+/PNN-,96.91871418,11.108588547554572,0.0,0.0,0.0,False,NONE
711,430,1627,114.39585936,12.068692219586765,1275.0,8.854166666666666,0.0,0.0,0.0,1.552118565906045,False,True,299,PV+/PNN-,114.39585936,12.068692219586765,0.0,0.0,0.0,False,NONE
712,429,1822,100.09637694,11.289227848029503,930.0,7.380952380952381,0.0,0.0,0.0,1.5532183392399297,False,True,300,PV+/PNN-,100.09637694,11.289227848029503,0.0,0.0,0.0,False,NONE
713,430,1513,81.03040038,10.157318055940708,1153.0,11.303921568627452,0.0,0.0,0.0,1.5031761643732222,False,True,301,PV+/PNN-,81.03040038,10.157318055940708,0.0,0.0,0.0,False,NONE
714,432,1569,116.77910643,12.193759728054031,1200.0,8.16326530612245,0.0,0.0,0.0,1.5848338012337955,False,True,302,PV+/PNN-,116.77910643,12.193759728054031,0.0,0.0,0.0,False,NONE
715,432,228,66.73091796,9.217615939230159,1860.0,22.142857142857142,0.0,0.0,0.0,1.8120880624465845,False,True,303,PV+/PNN-,66.73091796,9.217615939230159,0.0,0.0,0.0,False,NONE
716,433,832,67.52533365000001,9.272320371655413,1178.0,13.858823529411765,0.0,0.0,0.0,1.57607770026496,False,True,304,PV+/PNN-,67.52533365000001,9.272320371655413,0.0,0.0,0.0,False,NONE
717,434,1812,96.12429849,11.062967867954534,1178.0,9.735537190082646,0.0,0.0,0.0,1.7527128872356463,False,True,305,PV+/PNN-,96.12429849,11.062967867954534,0.0,0.0,0.0,False,NONE
718,435,519,88.97455728,10.643586087602236,982.0,8.767857142857142,0.0,0.0,0.0,1.7131084623969812,False,True,306,PV+/PNN-,88.97455728,10.643586087602236,0.0,0.0,0.0,False,NONE
719,434,1042,104.86287108,11.554893086200376,1253.0,9.492424242424242,0.0,0.0,0.0,1.3605195934090935,False,True,307,PV+/PNN-,104.86287108,11.554893086200376,0.0,0.0,0.0,False,NONE
720,434,1963,123.92884764,12.56149312576761,1254.0,8.038461538461538,0.0,0.0,0.0,1.5349451823076952,False,True,308,PV+/PNN-,123.92884764,12.56149312576761,0.0,0.0,0.0,False,NONE
721,437,1711,94.53546711,10.971157418634661,1267.0,10.647058823529411,0.0,0.0,0.0,1.5292124271917,False,True,309,PV+/PNN-,94.53546711,10.971157418634661,0.0,0.0,0.0,False,NONE
722,437,1993,101.68520832,11.378472144697502,869.0,6.7890625,0.0,0.0,0.0,1.736140253946985,False,True,310,PV+/PNN-,101.68520832,11.378472144697502,0.0,0.0,0.0,False,NONE
723,438,299,92.94663573,10.878572156378345,3533.0,30.196581196581196,0.0,0.0,0.0,1.688002394218719,False,True,311,PV+/PNN-,92.94663573,10.878572156378345,0.0,0.0,0.0,False,NONE
724,438,1599,84.20806314000001,10.354565948189398,916.0,8.641509433962264,0.0,0.0,0.0,1.7601991922899562,False,True,312,PV+/PNN-,84.20806314000001,10.354565948189398,0.0,0.0,0.0,False,NONE
725,439,2135,123.92884764,12.56149312576761,1332.0,8.538461538461538,0.0,0.0,0.0,1.7399325196885305,False,True,313,PV+/PNN-,123.92884764,12.56149312576761,0.0,0.0,0.0,False,NONE
726,440,32,100.09637694,11.289227848029503,2704.0,21.46031746031746,0.0,0.0,0.0,2.2949731539706324,False,True,314,PV+/PNN-,100.09637694,11.289227848029503,0.0,0.0,0.0,False,NONE
727,440,68,81.03040038,10.157318055940708,3858.0,37.8235294117647,0.0,0.0,0.0,1.6060074592663847,False,True,316,PV+/PNN-,81.03040038,10.157318055940708,0.0,0.0,0.0,False,NONE
728,442,1644,112.01261229,11.942314996545514,977.0,6.929078014184397,0.0,0.0,0.0,1.7816975993216981,False,True,317,PV+/PNN-,112.01261229,11.942314996545514,0.0,0.0,0.0,False,NONE
729,442,503,85.00247883,10.403293586497956,1512.0,14.130841121495328,0.0,0.0,0.0,1.8130842625908654,False,True,318,PV+/PNN-,85.00247883,10.403293586497956,0.0,0.0,0.0,False,NONE
730,442,790,80.23598469,10.107404643036364,1104.0,10.930693069306932,0.0,0.0,0.0,1.5594300064479167,False,True,319,PV+/PNN-,80.23598469,10.107404643036364,0.0,0.0,0.0,False,NONE
731,442,375,83.41364745,10.305607915302103,1326.0,12.628571428571428,0.0,0.0,0.0,1.7111796291652452,False,True,320,PV+/PNN-,83.41364745,10.305607915302103,0.0,0.0,0.0,False,NONE
732,441,489,31.7766276,6.36075929890786,1117.0,27.925,0.0,0.0,0.0,1.7758463011976529,False,True,321,PV+/PNN-,31.7766276,6.36075929890786,0.0,0.0,0.0,False,NONE
733,441,1730,87.3857259,10.548125988120718,1063.0,9.663636363636364,0.0,0.0,0.0,1.3643957176068402,False,True,322,PV+/PNN-,87.3857259,10.548125988120718,0.0,0.0,0.0,False,NONE
734,443,2115,118.36793781,12.276430232296539,1475.0,9.899328859060402,0.0,0.0,0.0,1.6585649285338182,False,True,323,PV+/PNN-,118.36793781,12.276430232296539,0.0,0.0,0.0,False,NONE
735,444,2032,129.48975747,12.84022896403991,1336.0,8.196319018404909,0.0,0.0,0.0,1.518204130557918,False,True,324,PV+/PNN-,129.48975747,12.84022896403991,0.0,0.0,0.0,False,NONE
736,444,1023,92.15222004,10.83198276817611,1652.0,14.241379310344827,0.0,0.0,0.0,1.334255510482982,False,True,325,PV+/PNN-,92.15222004,10.83198276817611,0.0,0.0,0.0,False,NONE
737,442,1891,53.22585123,8.232208609372499,482.0,7.1940298507462686,0.0,0.0,0.0,1.2893030428504935,False,True,326,PV+/PNN-,53.22585123,8.232208609372499,0.0,0.0,0.0,False,NONE
738,444,1935,90.56338866,10.738197602350779,769.0,6.745614035087719,0.0,0.0,0.0,1.4706151210608813,False,True,327,PV+/PNN-,90.56338866,10.738197602350779,0.0,0.0,0.0,False,NONE
739,446,257,123.92884764,12.56149312576761,6717.0,43.05769230769231,0.0,0.0,0.0,1.9492929202668234,False,True,328,PV+/PNN-,123.92884764,12.56149312576761,0.0,0.0,0.0,False,NONE
740,446,1055,100.89079263,11.333937836259333,1922.0,15.133858267716535,0.0,0.0,0.0,1.5678464569940807,False,True,329,PV+/PNN-,100.89079263,11.333937836259333,0.0,0.0,0.0,False,NONE
741,446,2083,84.20806314000001,10.354565948189398,701.0,6.613207547169812,0.0,0.0,0.0,1.5791915056970678,False,True,330,PV+/PNN-,84.20806314000001,10.354565948189398,0.0,0.0,0.0,False,NONE
742,447,366,77.85273762,9.956163126610313,1384.0,14.122448979591837,0.0,0.0,0.0,1.6454542742312084,False,True,331,PV+/PNN-,77.85273762,9.956163126610313,0.0,0.0,0.0,False,NONE
743,446,963,66.73091796,9.217615939230159,1269.0,15.107142857142858,0.0,0.0,0.0,1.5572790407804262,False,True,332,PV+/PNN-,66.73091796,9.217615939230159,0.0,0.0,0.0,False,NONE
744,445,1766,44.48727864,7.526151898686336,862.0,15.392857142857142,0.0,0.0,0.0,1.7694506962713707,False,True,333,PV+/PNN-,44.48727864,7.526151898686336,0.0,0.0,0.0,False,NONE
745,448,283,92.15222004,10.83198276817611,3667.0,31.612068965517242,0.0,0.0,0.0,1.7393104891475129,False,True,334,PV+/PNN-,92.15222004,10.83198276817611,0.0,0.0,0.0,False,NONE
746,449,1447,69.90858072,9.434530697868027,871.0,9.897727272727273,0.0,0.0,0.0,1.4719581640943111,False,True,335,PV+/PNN-,69.90858072,9.434530697868027,0.0,0.0,0.0,False,NONE
747,448,2143,108.04053384,11.728660627684029,704.0,5.176470588235294,0.0,0.0,0.0,1.6421656178365416,False,True,336,PV+/PNN-,108.04053384,11.728660627684029,0.0,0.0,0.0,False,NONE
748,451,100,129.48975747,12.84022896403991,3860.0,23.680981595092025,0.0,0.0,0.0,2.2333609349937116,False,True,337,PV+/PNN-,129.48975747,12.84022896403991,0.0,0.0,0.0,False,NONE
749,450,756,61.96442382,8.88231697105848,865.0,11.08974358974359,0.0,0.0,0.0,1.645365028043505,False,True,338,PV+/PNN-,61.96442382,8.88231697105848,0.0,0.0,0.0,False,NONE
750,452,492,70.70299641,9.487984557348323,1186.0,13.325842696629213,0.0,0.0,0.0,1.9134116910539745,False,True,339,PV+/PNN-,70.70299641,9.487984557348323,0.0,0.0,0.0,False,NONE
751,452,121,77.85273762,9.956163126610313,4138.0,42.224489795918366,0.0,0.0,0.0,2.0170084651866427,False,True,340,PV+/PNN-,77.85273762,9.956163126610313,0.0,0.0,0.0,False,NONE
752,452,2161,133.46183592,13.035677474005707,1557.0,9.267857142857142,0.0,0.0,0.0,1.5598169792432366,False,True,341,PV+/PNN-,133.46183592,13.035677474005707,0.0,0.0,0.0,False,NONE
753,453,14,99.30196125,11.244340084382843,1600.0,12.8,0.0,0.0,0.0,2.0404537956810294,False,True,342,PV+/PNN-,99.30196125,11.244340084382843,0.0,0.0,0.0,False,NONE
754,451,2262,33.36545898,6.517838737002854,316.0,7.523809523809524,0.0,0.0,0.0,1.6445841239011019,False,True,343,PV+/PNN-,33.36545898,6.517838737002854,0.0,0.0,0.0,False,NONE
755,456,1075,86.59131021,10.500070494515816,2238.0,20.53211009174312,0.0,0.0,0.0,1.4308943621002927,False,True,344,PV+/PNN-,86.59131021,10.500070494515816,0.0,0.0,0.0,False,NONE
756,455,1578,82.61923176,10.256416188536388,953.0,9.163461538461538,0.0,0.0,0.0,1.628419408153356,False,True,345,PV+/PNN-,82.61923176,10.256416188536388,0.0,0.0,0.0,False,NONE
757,456,715,83.41364745,10.305607915302103,1469.0,13.99047619047619,0.0,0.0,0.0,1.72904671594343,False,True,346,PV+/PNN-,83.41364745,10.305607915302103,0.0,0.0,0.0,False,NONE
758,458,301,75.46949055,9.802588422925686,4442.0,46.757894736842104,0.0,0.0,0.0,1.7898717505973942,False,True,347,PV+/PNN-,75.46949055,9.802588422925686,0.0,0.0,0.0,False,NONE
759,460,1776,104.06845539,11.51104134134072,1205.0,9.198473282442748,0.0,0.0,0.0,1.6840132258821066,False,True,348,PV+/PNN-,104.06845539,11.51104134134072,0.0,0.0,0.0,False,NONE
760,459,1713,83.41364745,10.305607915302103,862.0,8.209523809523809,0.0,0.0,0.0,1.5934192844908455,False,True,349,PV+/PNN-,83.41364745,10.305607915302103,0.0,0.0,0.0,False,NONE
761,460,728,85.79689452,10.451794052617739,1152.0,10.666666666666666,0.0,0.0,0.0,1.6794384787903638,False,True,350,PV+/PNN-,85.79689452,10.451794052617739,0.0,0.0,0.0,False,NONE
762,461,755,98.50754556,11.199272407696524,1296.0,10.451612903225806,0.0,0.0,0.0,1.7185609366428898,False,True,351,PV+/PNN-,98.50754556,11.199272407696524,0.0,0.0,0.0,False,NONE
763,460,2055,68.31974934,9.326703948667076,713.0,8.290697674418604,0.0,0.0,0.0,1.5706415818962463,False,True,352,PV+/PNN-,68.31974934,9.326703948667076,0.0,0.0,0.0,False,NONE
764,461,245,91.35780435,10.78519212710641,2981.0,25.921739130434784,0.0,0.0,0.0,1.95538668876589,False,True,353,PV+/PNN-,91.35780435,10.78519212710641,0.0,0.0,0.0,False,NONE
765,463,19,108.83494953,11.77170172875832,2400.0,17.51824817518248,0.0,0.0,0.0,2.199714628659933,False,True,354,PV+/PNN-,108.83494953,11.77170172875832,0.0,0.0,0.0,False,NONE
766,461,354,81.82481607,10.206987389088184,2460.0,23.883495145631066,0.0,0.0,0.0,1.8387881606825192,False,True,355,PV+/PNN-,81.82481607,10.206987389088184,0.0,0.0,0.0,False,NONE
767,461,1225,69.90858072,9.434530697868027,1299.0,14.761363636363637,0.0,0.0,0.0,1.5795206105817823,False,True,356,PV+/PNN-,69.90858072,9.434530697868027,0.0,0.0,0.0,False,NONE
768,463,504,76.26390624,9.854045933561641,802.0,8.354166666666666,0.0,0.0,0.0,1.7978756070548465,False,True,357,PV+/PNN-,76.26390624,9.854045933561641,0.0,0.0,0.0,False,NONE
769,463,884,68.31974934,9.326703948667076,1303.0,15.151162790697674,0.0,0.0,0.0,1.6519500476257236,False,True,358,PV+/PNN-,68.31974934,9.326703948667076,0.0,0.0,0.0,False,NONE
770,464,1557,104.06845539,11.51104134134072,1968.0,15.022900763358779,0.0,0.0,0.0,1.665786565532397,False,True,359,PV+/PNN-,104.06845539,11.51104134134072,0.0,0.0,0.0,False,NONE
771,464,1695,91.35780435,10.78519212710641,945.0,8.217391304347826,0.0,0.0,0.0,1.6461730940691224,False,True,360,PV+/PNN-,91.35780435,10.78519212710641,0.0,0.0,0.0,False,NONE
772,464,1138,90.56338866,10.738197602350779,1794.0,15.736842105263158,0.0,0.0,0.0,1.4092771556860126,False,True,361,PV+/PNN-,90.56338866,10.738197602350779,0.0,0.0,0.0,False,NONE
773,463,1630,72.29182779,9.593998848416254,785.0,8.626373626373626,0.0,0.0,0.0,1.5930444505024919,False,True,362,PV+/PNN-,72.29182779,9.593998848416254,0.0,0.0,0.0,False,NONE
774,465,2261,88.18014159,10.595963539609496,741.0,6.675675675675675,0.0,0.0,0.0,1.608696302178335,False,True,363,PV+/PNN-,88.18014159,10.595963539609496,0.0,0.0,0.0,False,NONE
775,465,540,51.63701985,8.108408946599484,976.0,15.015384615384615,0.0,0.0,0.0,1.4417989362018435,False,True,364,PV+/PNN-,51.63701985,8.108408946599484,0.0,0.0,0.0,False,NONE
776,467,1181,116.77910643,12.193759728054031,2569.0,17.476190476190474,0.0,0.0,0.0,1.464172955459041,False,True,365,PV+/PNN-,116.77910643,12.193759728054031,0.0,0.0,0.0,False,NONE
777,465,1448,65.93650227,9.1625849044734,1223.0,14.734939759036145,0.0,0.0,0.0,1.5349451823076952,False,True,366,PV+/PNN-,65.93650227,9.1625849044734,0.0,0.0,0.0,False,NONE
778,468,1599,129.48975747,12.84022896403991,1529.0,9.38036809815951,0.0,0.0,0.0,1.7604262230625065,False,True,367,PV+/PNN-,129.48975747,12.84022896403991,0.0,0.0,0.0,False,NONE
779,468,125,115.98469074,12.152213577535832,9708.0,66.4931506849315,0.0,0.0,0.0,2.3555684628032476,False,True,368,PV+/PNN-,115.98469074,12.152213577535832,0.0,0.0,0.0,False,NONE
780,466,932,45.28169433,7.593052342343362,1172.0,20.56140350877193,0.0,0.0,0.0,1.4541585937651849,False,True,369,PV+/PNN-,45.28169433,7.593052342343362,0.0,0.0,0.0,False,NONE
781,468,1501,101.68520832,11.378472144697502,2020.0,15.78125,0.0,0.0,0.0,1.490975398439506,False,True,370,PV+/PNN-,101.68520832,11.378472144697502,0.0,0.0,0.0,False,NONE
782,466,1962,63.5532552,8.995472067506276,915.0,11.4375,0.0,0.0,0.0,1.3878462690032076,False,True,371,PV+/PNN-,63.5532552,8.995472067506276,0.0,0.0,0.0,False,NONE
783,468,669,101.68520832,11.378472144697502,1521.0,11.8828125,0.0,0.0,0.0,1.6821773373814801,False,True,372,PV+/PNN-,101.68520832,11.378472144697502,0.0,0.0,0.0,False,NONE
784,468,778,75.46949055,9.802588422925686,1381.0,14.536842105263158,0.0,0.0,0.0,1.632786717320291,False,True,373,PV+/PNN-,75.46949055,9.802588422925686,0.0,0.0,0.0,False,NONE
785,467,807,60.37559244,8.767701627645716,823.0,10.828947368421053,0.0,0.0,0.0,1.5327011104037365,False,True,374,PV+/PNN-,60.37559244,8.767701627645716,0.0,0.0,0.0,False,NONE
786,469,1854,109.62936522,11.814586030086609,1755.0,12.717391304347826,0.0,0.0,0.0,1.455231845545339,False,True,375,PV+/PNN-,109.62936522,11.814586030086609,0.0,0.0,0.0,False,NONE
787,470,581,127.1065104,12.72151859781572,2110.0,13.1875,0.0,0.0,0.0,1.559994634935633,False,True,376,PV+/PNN-,127.1065104,12.72151859781572,0.0,0.0,0.0,False,NONE
788,469,2214,104.86287108,11.554893086200376,885.0,6.704545454545454,0.0,0.0,0.0,1.5827507140799046,False,True,377,PV+/PNN-,104.86287108,11.554893086200376,0.0,0.0,0.0,False,NONE
789,469,419,54.02026692,8.293415464071046,849.0,12.485294117647058,0.0,0.0,0.0,1.6264901155662423,False,True,378,PV+/PNN-,54.02026692,8.293415464071046,0.0,0.0,0.0,False,NONE
790,472,698,94.53546711,10.971157418634661,1490.0,12.521008403361344,0.0,0.0,0.0,1.6567662285225915,False,True,379,PV+/PNN-,94.53546711,10.971157418634661,0.0,0.0,0.0,False,NONE
791,472,1667,127.1065104,12.72151859781572,1281.0,8.00625,0.0,0.0,0.0,1.7044287128541697,False,True,380,PV+/PNN-,127.1065104,12.72151859781572,0.0,0.0,0.0,False,NONE
792,470,1108,46.07611002,7.659368469073156,1008.0,17.379310344827587,0.0,0.0,0.0,1.3996818137518448,False,True,381,PV+/PNN-,46.07611002,7.659368469073156,0.0,0.0,0.0,False,NONE
793,471,2121,65.14208658,9.10722134683339,716.0,8.731707317073171,0.0,0.0,0.0,1.5463844756717768,False,True,382,PV+/PNN-,65.14208658,9.10722134683339,0.0,0.0,0.0,False,NONE
794,472,290,60.37559244,8.767701627645716,2199.0,28.93421052631579,0.0,0.0,0.0,1.548409613731447,False,True,383,PV+/PNN-,60.37559244,8.767701627645716,0.0,0.0,0.0,False,NONE
795,473,726,81.82481607,10.206987389088184,1103.0,10.70873786407767,0.0,0.0,0.0,1.6748619761642216,False,True,384,PV+/PNN-,81.82481607,10.206987389088184,0.0,0.0,0.0,False,NONE
796,474,1462,86.59131021,10.500070494515816,1415.0,12.98165137614679,0.0,0.0,0.0,1.3597016956425965,False,True,385,PV+/PNN-,86.59131021,10.500070494515816,0.0,0.0,0.0,False,NONE
797,474,880,52.43143554,8.17054325713784,1472.0,22.303030303030305,0.0,0.0,0.0,1.630556245852114,False,True,386,PV+/PNN-,52.43143554,8.17054325713784,0.0,0.0,0.0,False,NONE
798,477,2054,118.36793781,12.276430232296539,1071.0,7.1879194630872485,0.0,0.0,0.0,1.6826021014111199,False,True,387,PV+/PNN-,118.36793781,12.276430232296539,0.0,0.0,0.0,False,NONE
799,475,2167,73.88065917,9.698854408967303,803.0,8.634408602150538,0.0,0.0,0.0,1.5230250584307536,False,True,388,PV+/PNN-,73.88065917,9.698854408967303,0.0,0.0,0.0,False,NONE
800,476,324,69.11416503,9.380772250595795,2276.0,26.160919540229884,0.0,0.0,0.0,1.6633473655020168,False,True,389,PV+/PNN-,69.11416503,9.380772250595795,0.0,0.0,0.0,False,NONE
801,478,165,76.26390624,9.854045933561641,3740.0,38.958333333333336,0.0,0.0,0.0,1.5100733853721537,False,True,390,PV+/PNN-,76.26390624,9.854045933561641,0.0,0.0,0.0,False,NONE
802,479,1514,98.50754556,11.199272407696524,1605.0,12.943548387096774,0.0,0.0,0.0,1.3141936574327981,False,True,392,PV+/PNN-,98.50754556,11.199272407696524,0.0,0.0,0.0,False,NONE
803,479,2201,96.12429849,11.062967867954534,739.0,6.107438016528926,0.0,0.0,0.0,1.7308656417574377,False,True,393,PV+/PNN-,96.12429849,11.062967867954534,0.0,0.0,0.0,False,NONE
804,479,2,27.01013346,5.864330313842014,492.0,14.470588235294118,0.0,0.0,0.0,2.319974336004278,False,True,394,PV+/PNN-,27.01013346,5.864330313842014,0.0,0.0,0.0,False,NONE
805,479,193,89.76897297000001,10.690996505268625,2837.0,25.106194690265486,0.0,0.0,0.0,1.967355993252783,False,True,395,PV+/PNN-,89.76897297000001,10.690996505268625,0.0,0.0,0.0,False,NONE
806,480,425,95.32988280000001,11.017158280424603,1238.0,10.316666666666666,0.0,0.0,0.0,1.768029450732197,False,True,396,PV+/PNN-,95.32988280000001,11.017158280424603,0.0,0.0,0.0,False,NONE
807,480,2282,142.9948242,13.493208101259413,1150.0,6.388888888888889,0.0,0.0,0.0,1.9741100539123966,False,True,397,PV+/PNN-,142.9948242,13.493208101259413,0.0,0.0,0.0,False,NONE
808,480,2137,69.90858072,9.434530697868027,778.0,8.840909090909092,0.0,0.0,0.0,1.5911489831750225,False,True,398,PV+/PNN-,69.90858072,9.434530697868027,0.0,0.0,0.0,False,NONE
809,479,975,55.6090983,8.414493627225879,2381.0,34.01428571428571,0.0,0.0,0.0,1.3765778222283296,False,True,399,PV+/PNN-,55.6090983,8.414493627225879,0.0,0.0,0.0,False,NONE
810,478,1794,46.87052571,7.72511532706782,514.0,8.711864406779661,0.0,0.0,0.0,1.5638518712400433,False,True,400,PV+/PNN-,46.87052571,7.72511532706782,0.0,0.0,0.0,False,NONE
811,480,2239,57.99234537,8.592912627102823,599.0,8.205479452054794,0.0,0.0,0.0,1.6260606497506178,False,True,401,PV+/PNN-,57.99234537,8.592912627102823,0.0,0.0,0.0,False,NONE
812,481,410,53.22585123,8.232208609372499,805.0,12.014925373134329,0.0,0.0,0.0,1.7156767046026309,False,True,402,PV+/PNN-,53.22585123,8.232208609372499,0.0,0.0,0.0,False,NONE
813,480,866,31.7766276,6.36075929890786,653.0,16.325,0.0,0.0,0.0,1.4773847379711564,False,True,403,PV+/PNN-,31.7766276,6.36075929890786,0.0,0.0,0.0,False,NONE
814,483,1208,123.92884764,12.56149312576761,3545.0,22.724358974358974,0.0,0.0,0.0,1.7361060893907547,False,True,405,PV+/PNN-,123.92884764,12.56149312576761,0.0,0.0,0.0,False,NONE
815,484,648,89.76897297000001,10.690996505268625,1165.0,10.309734513274336,0.0,0.0,0.0,1.4934397816061595,False,True,406,PV+/PNN-,89.76897297000001,10.690996505268625,0.0,0.0,0.0,False,NONE
816,486,396,104.06845539,11.51104134134072,1595.0,12.17557251908397,0.0,0.0,0.0,1.621521818968816,False,True,407,PV+/PNN-,104.06845539,11.51104134134072,0.0,0.0,0.0,False,NONE
817,482,510,35.74870605,6.746604050629706,330.0,7.333333333333333,0.0,0.0,0.0,1.6543298075982935,False,True,408,PV+/PNN-,35.74870605,6.746604050629706,0.0,0.0,0.0,False,NONE
818,487,839,124.72326333,12.60169000650996,2882.0,18.356687898089174,0.0,0.0,0.0,1.6674740657058118,False,True,409,PV+/PNN-,124.72326333,12.60169000650996,0.0,0.0,0.0,False,NONE
819,484,1131,84.20806314000001,10.354565948189398,2300.0,21.69811320754717,0.0,0.0,0.0,1.5132242599165484,False,True,410,PV+/PNN-,84.20806314000001,10.354565948189398,0.0,0.0,0.0,False,NONE
820,484,2152,96.91871418,11.108588547554572,1039.0,8.51639344262295,0.0,0.0,0.0,2.120684737304894,False,True,411,PV+/PNN-,96.91871418,11.108588547554572,0.0,0.0,0.0,False,NONE
821,485,2294,106.45170246,11.642101063659146,947.0,7.067164179104478,0.0,0.0,0.0,1.839770531530492,False,True,412,PV+/PNN-,106.45170246,11.642101063659146,0.0,0.0,0.0,False,NONE
822,485,103,88.97455728,10.643586087602236,3849.0,34.36607142857143,0.0,0.0,0.0,1.6582889916002779,False,True,413,PV+/PNN-,88.97455728,10.643586087602236,0.0,0.0,0.0,False,NONE
823,485,519,60.37559244,8.767701627645716,1130.0,14.868421052631579,0.0,0.0,0.0,1.8154541703025224,False,True,414,PV+/PNN-,60.37559244,8.767701627645716,0.0,0.0,0.0,False,NONE
824,486,534,96.91871418,11.108588547554572,1547.0,12.680327868852459,0.0,0.0,0.0,1.5824753609948186,False,True,415,PV+/PNN-,96.91871418,11.108588547554572,0.0,0.0,0.0,False,NONE
825,486,2307,93.74105142,10.924962866435578,811.0,6.872881355932203,0.0,0.0,0.0,1.562406536793426,False,True,417,PV+/PNN-,93.74105142,10.924962866435578,0.0,0.0,0.0,False,NONE
826,485,149,50.84260416,8.045794813057842,3194.0,49.90625,0.0,0.0,0.0,1.6188874969651472,False,True,418,PV+/PNN-,50.84260416,8.045794813057842,0.0,0.0,0.0,False,NONE
827,487,1180,106.45170246,11.642101063659146,5380.0,40.149253731343286,0.0,0.0,0.0,1.7723143999697062,False,True,419,PV+/PNN-,106.45170246,11.642101063659146,0.0,0.0,0.0,False,NONE
828,487,1575,115.98469074,12.152213577535832,1754.0,12.013698630136986,0.0,0.0,0.0,1.4753696843642456,False,True,420,PV+/PNN-,115.98469074,12.152213577535832,0.0,0.0,0.0,False,NONE
829,485,2089,61.96442382,8.88231697105848,646.0,8.282051282051283,0.0,0.0,0.0,1.5568104982949842,False,True,421,PV+/PNN-,61.96442382,8.88231697105848,0.0,0.0,0.0,False,NONE
830,488,19,126.31209471,12.681701540530954,2117.0,13.314465408805031,0.0,0.0,0.0,2.0551746815524417,False,True,422,PV+/PNN-,126.31209471,12.681701540530954,0.0,0.0,0.0,False,NONE
831,486,46,68.31974934,9.326703948667076,1961.0,22.802325581395348,0.0,0.0,0.0,1.7987019126008779,False,True,423,PV+/PNN-,68.31974934,9.326703948667076,0.0,0.0,0.0,False,NONE
832,487,172,66.73091796,9.217615939230159,3886.0,46.26190476190476,0.0,0.0,0.0,1.7430561362581432,False,True,424,PV+/PNN-,66.73091796,9.217615939230159,0.0,0.0,0.0,False,NONE
833,487,290,92.15222004,10.83198276817611,5820.0,50.172413793103445,0.0,0.0,0.0,1.7885639983499149,False,True,425,PV+/PNN-,92.15222004,10.83198276817611,0.0,0.0,0.0,False,NONE
834,486,475,84.20806314000001,10.354565948189398,531.0,5.009433962264151,0.0,0.0,0.0,1.4561062788139036,False,True,426,PV+/PNN-,84.20806314000001,10.354565948189398,0.0,0.0,0.0,False,NONE
835,486,679,76.26390624,9.854045933561641,1849.0,19.260416666666668,0.0,0.0,0.0,1.5695880423250563,False,True,427,PV+/PNN-,76.26390624,9.854045933561641,0.0,0.0,0.0,False,NONE
836,488,1825,88.97455728,10.643586087602236,872.0,7.785714285714286,0.0,0.0,0.0,1.564639062322576,False,True,429,PV+/PNN-,88.97455728,10.643586087602236,0.0,0.0,0.0,False,NONE
837,489,827,77.05832193,9.90523612702942,1558.0,16.061855670103093,0.0,0.0,0.0,1.5630770527738154,False,True,430,PV+/PNN-,77.05832193,9.90523612702942,0.0,0.0,0.0,False,NONE
838,490,31,79.441569,10.057243516322302,1450.0,14.5,0.0,0.0,0.0,2.097758415820517,False,True,431,PV+/PNN-,79.441569,10.057243516322302,0.0,0.0,0.0,False,NONE
839,491,1997,115.19027505,12.11052490037406,1268.0,8.744827586206897,0.0,0.0,0.0,1.6290414386943737,False,True,432,PV+/PNN-,115.19027505,12.11052490037406,0.0,0.0,0.0,False,NONE
840,491,2267,82.61923176,10.256416188536388,908.0,8.73076923076923,0.0,0.0,0.0,1.6431784964447762,False,True,433,PV+/PNN-,82.61923176,10.256416188536388,0.0,0.0,0.0,False,NONE
841,491,264,50.84260416,8.045794813057842,4091.0,63.921875,0.0,0.0,0.0,1.5882418900267123,False,True,434,PV+/PNN-,50.84260416,8.045794813057842,0.0,0.0,0.0,False,NONE
842,491,1614,90.56338866,10.738197602350779,1408.0,12.350877192982455,0.0,0.0,0.0,1.2813650571603712,False,True,435,PV+/PNN-,90.56338866,10.738197602350779,0.0,0.0,0.0,False,NONE
843,493,65,108.04053384,11.728660627684029,6253.0,45.97794117647059,0.0,0.0,0.0,2.0685392795886792,False,True,436,PV+/PNN-,108.04053384,11.728660627684029,0.0,0.0,0.0,False,NONE
844,494,913,73.08624348000001,9.646569098642193,2576.0,28.0,0.0,0.0,0.0,1.5627521602480519,False,True,437,PV+/PNN-,73.08624348000001,9.646569098642193,0.0,0.0,0.0,False,NONE
845,496,599,73.08624348000001,9.646569098642193,1442.0,15.673913043478262,0.0,0.0,0.0,1.6860297624503002,False,True,438,PV+/PNN-,73.08624348000001,9.646569098642193,0.0,0.0,0.0,False,NONE
846,494,813,53.22585123,8.232208609372499,990.0,14.776119402985074,0.0,0.0,0.0,1.4216697915735452,False,True,439,PV+/PNN-,53.22585123,8.232208609372499,0.0,0.0,0.0,False,NONE
847,495,1464,83.41364745,10.305607915302103,1578.0,15.028571428571428,0.0,0.0,0.0,1.3993177508551102,False,True,440,PV+/PNN-,83.41364745,10.305607915302103,0.0,0.0,0.0,False,NONE
848,496,1563,88.97455728,10.643586087602236,1764.0,15.75,0.0,0.0,0.0,1.414646899170485,False,True,441,PV+/PNN-,88.97455728,10.643586087602236,0.0,0.0,0.0,False,NONE
849,496,554,97.71312987,11.154022637162193,2801.0,22.772357723577237,0.0,0.0,0.0,1.7228269096814013,False,True,442,PV+/PNN-,97.71312987,11.154022637162193,0.0,0.0,0.0,False,NONE
850,498,159,86.59131021,10.500070494515816,3888.0,35.669724770642205,0.0,0.0,0.0,1.7305294308178498,False,True,444,PV+/PNN-,86.59131021,10.500070494515816,0.0,0.0,0.0,False,NONE
851,499,2085,77.85273762,9.956163126610313,808.0,8.244897959183673,0.0,0.0,0.0,1.5897646531043985,False,True,445,PV+/PNN-,77.85273762,9.956163126610313,0.0,0.0,0.0,False,NONE
852,502,495,123.13443195,12.521167201073583,1711.0,11.038709677419355,0.0,0.0,0.0,1.9668204396953441,False,True,446,PV+/PNN-,123.13443195,12.521167201073583,0.0,0.0,0.0,False,NONE
853,502,1819,127.1065104,12.72151859781572,2369.0,14.80625,0.0,0.0,0.0,1.9080221363408154,False,True,447,PV+/PNN-,127.1065104,12.72151859781572,0.0,0.0,0.0,False,NONE
854,500,1166,68.31974934,9.326703948667076,2380.0,27.674418604651162,0.0,0.0,0.0,1.44471261668108,False,True,448,PV+/PNN-,68.31974934,9.326703948667076,0.0,0.0,0.0,False,NONE
855,501,2345,81.03040038,10.157318055940708,613.0,6.009803921568627,0.0,0.0,0.0,1.5031761643732222,False,True,449,PV+/PNN-,81.03040038,10.157318055940708,0.0,0.0,0.0,False,NONE
856,502,205,66.73091796,9.217615939230159,5482.0,65.26190476190476,0.0,0.0,0.0,1.8770592870945293,False,True,450,PV+/PNN-,66.73091796,9.217615939230159,0.0,0.0,0.0,False,NONE
857,502,654,91.35780435,10.78519212710641,1459.0,12.68695652173913,0.0,0.0,0.0,1.7262571905373498,False,True,451,PV+/PNN-,91.35780435,10.78519212710641,0.0,0.0,0.0,False,NONE
858,502,2137,73.88065917,9.698854408967303,822.0,8.838709677419354,0.0,0.0,0.0,1.3882359653607232,False,True,452,PV+/PNN-,73.88065917,9.698854408967303,0.0,0.0,0.0,False,NONE
859,504,1759,107.24611815,11.68546099424064,1646.0,12.192592592592593,0.0,0.0,0.0,1.5450518172529308,False,True,453,PV+/PNN-,107.24611815,11.68546099424064,0.0,0.0,0.0,False,NONE
860,504,2062,102.47962401,11.422832828117684,1001.0,7.75968992248062,0.0,0.0,0.0,1.5303178712499201,False,True,454,PV+/PNN-,102.47962401,11.422832828117684,0.0,0.0,0.0,False,NONE
861,504,2258,123.13443195,12.521167201073583,1147.0,7.4,0.0,0.0,0.0,1.7357534230038631,False,True,455,PV+/PNN-,123.13443195,12.521167201073583,0.0,0.0,0.0,False,NONE
862,503,2362,115.19027505,12.11052490037406,956.0,6.593103448275862,0.0,0.0,0.0,1.6643275348393782,False,True,456,PV+/PNN-,115.19027505,12.11052490037406,0.0,0.0,0.0,False,NONE
863,506,474,127.90092609,12.761211420003875,542.0,3.3664596273291925,0.0,0.0,0.0,1.5699025260041437,False,True,457,PV+/PNN-,127.90092609,12.761211420003875,0.0,0.0,0.0,False,NONE
864,505,2389,131.87300454,12.957851838301272,1379.0,8.30722891566265,0.0,0.0,0.0,1.785632347289675,False,True,458,PV+/PNN-,131.87300454,12.957851838301272,0.0,0.0,0.0,False,NONE
865,506,716,124.72326333,12.60169000650996,3842.0,24.471337579617835,0.0,0.0,0.0,1.6500932285388457,False,True,459,PV+/PNN-,124.72326333,12.60169000650996,0.0,0.0,0.0,False,NONE
866,505,1469,66.73091796,9.217615939230159,1695.0,20.178571428571427,0.0,0.0,0.0,1.4029723822415574,False,True,460,PV+/PNN-,66.73091796,9.217615939230159,0.0,0.0,0.0,False,NONE
867,505,2018,86.59131021,10.500070494515816,764.0,7.009174311926605,0.0,0.0,0.0,1.3996008823386679,False,True,461,PV+/PNN-,86.59131021,10.500070494515816,0.0,0.0,0.0,False,NONE
868,506,266,70.70299641,9.487984557348323,1958.0,22.0,0.0,0.0,0.0,1.6911225011067925,False,True,462,PV+/PNN-,70.70299641,9.487984557348323,0.0,0.0,0.0,False,NONE
869,507,1676,99.30196125,11.244340084382843,1533.0,12.264,0.0,0.0,0.0,1.5513179309189773,False,True,463,PV+/PNN-,99.30196125,11.244340084382843,0.0,0.0,0.0,False,NONE
870,509,171,89.76897297000001,10.690996505268625,5470.0,48.4070796460177,0.0,0.0,0.0,1.6805914065876288,False,True,465,PV+/PNN-,89.76897297000001,10.690996505268625,0.0,0.0,0.0,False,NONE
871,509,346,90.56338866,10.738197602350779,2326.0,20.403508771929825,0.0,0.0,0.0,1.723447222240219,False,True,466,PV+/PNN-,90.56338866,10.738197602350779,0.0,0.0,0.0,False,NONE
872,511,1976,139.02274575,13.304482609502793,2019.0,11.537142857142857,0.0,0.0,0.0,1.7488629394610533,False,True,467,PV+/PNN-,139.02274575,13.304482609502793,0.0,0.0,0.0,False,NONE
873,510,2215,109.62936522,11.814586030086609,1030.0,7.463768115942029,0.0,0.0,0.0,1.688192527401217,False,True,468,PV+/PNN-,109.62936522,11.814586030086609,0.0,0.0,0.0,False,NONE
874,512,743,108.83494953,11.77170172875832,1857.0,13.554744525547445,0.0,0.0,0.0,1.4403338004298485,False,True,469,PV+/PNN-,108.83494953,11.77170172875832,0.0,0.0,0.0,False,NONE
875,509,1522,58.78676106,8.651568001725998,1127.0,15.22972972972973,0.0,0.0,0.0,1.3332819639114137,False,True,470,PV+/PNN-,58.78676106,8.651568001725998,0.0,0.0,0.0,False,NONE
876,509,873,53.22585123,8.232208609372499,996.0,14.865671641791044,0.0,0.0,0.0,1.500580737927672,False,True,471,PV+/PNN-,53.22585123,8.232208609372499,0.0,0.0,0.0,False,NONE
877,513,1050,131.07858885,12.91876320674319,3167.0,19.193939393939395,0.0,0.0,0.0,1.5654373593299693,False,True,472,PV+/PNN-,131.07858885,12.91876320674319,0.0,0.0,0.0,False,NONE
878,512,1704,69.11416503,9.380772250595795,2486.0,28.57471264367816,0.0,0.0,0.0,1.5094607795363029,False,True,473,PV+/PNN-,69.11416503,9.380772250595795,0.0,0.0,0.0,False,NONE
879,512,206,76.26390624,9.854045933561641,2240.0,23.333333333333332,0.0,0.0,0.0,1.897362794797012,False,True,474,PV+/PNN-,76.26390624,9.854045933561641,0.0,0.0,0.0,False,NONE
880,513,2266,69.90858072,9.434530697868027,768.0,8.727272727272727,0.0,0.0,0.0,1.6551050324378431,False,True,475,PV+/PNN-,69.90858072,9.434530697868027,0.0,0.0,0.0,False,NONE
881,512,656,77.05832193,9.90523612702942,973.0,10.030927835051546,0.0,0.0,0.0,1.6826375022548274,False,True,476,PV+/PNN-,77.05832193,9.90523612702942,0.0,0.0,0.0,False,NONE
882,510,1015,23.832470700000002,5.508579140212301,641.0,21.366666666666667,0.0,0.0,0.0,1.4695678875057008,False,True,477,PV+/PNN-,23.832470700000002,5.508579140212301,0.0,0.0,0.0,False,NONE
883,514,2247,100.89079263,11.333937836259333,962.0,7.574803149606299,0.0,0.0,0.0,1.5658320932377712,False,True,478,PV+/PNN-,100.89079263,11.333937836259333,0.0,0.0,0.0,False,NONE
884,512,821,30.18779622,6.199701276328615,1545.0,40.6578947368421,0.0,0.0,0.0,1.8446271050539844,False,True,479,PV+/PNN-,30.18779622,6.199701276328615,0.0,0.0,0.0,False,NONE
885,519,2375,140.61157713,13.380292240810528,1288.0,7.27683615819209,0.0,0.0,0.0,1.8066680582717691,False,True,480,PV+/PNN-,140.61157713,13.380292240810528,0.0,0.0,0.0,False,NONE
886,516,928,85.79689452,10.451794052617739,1826.0,16.90740740740741,0.0,0.0,0.0,1.6794384787903638,False,True,481,PV+/PNN-,85.79689452,10.451794052617739,0.0,0.0,0.0,False,NONE
887,516,1203,60.37559244,8.767701627645716,2031.0,26.723684210526315,0.0,0.0,0.0,1.2499480505049505,False,True,482,PV+/PNN-,60.37559244,8.767701627645716,0.0,0.0,0.0,False,NONE
888,517,2334,69.90858072,9.434530697868027,648.0,7.363636363636363,0.0,0.0,0.0,1.6686714671299563,False,True,483,PV+/PNN-,69.90858072,9.434530697868027,0.0,0.0,0.0,False,NONE
889,517,2361,78.64715331000001,10.006830950662698,669.0,6.757575757575758,0.0,0.0,0.0,1.6813765408892372,False,True,484,PV+/PNN-,78.64715331000001,10.006830950662698,0.0,0.0,0.0,False,NONE
890,517,670,66.73091796,9.217615939230159,1501.0,17.86904761904762,0.0,0.0,0.0,1.7999059578250949,False,True,485,PV+/PNN-,66.73091796,9.217615939230159,0.0,0.0,0.0,False,NONE
891,517,830,73.88065917,9.698854408967303,2490.0,26.774193548387096,0.0,0.0,0.0,1.5496161040023924,False,True,486,PV+/PNN-,73.88065917,9.698854408967303,0.0,0.0,0.0,False,NONE
892,518,1633,85.79689452,10.451794052617739,2136.0,19.77777777777778,0.0,0.0,0.0,1.471778713899971,False,True,487,PV+/PNN-,85.79689452,10.451794052617739,0.0,0.0,0.0,False,NONE
893,519,1745,127.1065104,12.72151859781572,1922.0,12.0125,0.0,0.0,0.0,1.6431374989773,False,True,488,PV+/PNN-,127.1065104,12.72151859781572,0.0,0.0,0.0,False,NONE
894,519,2448,89.76897297000001,10.690996505268625,960.0,8.495575221238939,0.0,0.0,0.0,1.6828553375349853,False,True,489,PV+/PNN-,89.76897297000001,10.690996505268625,0.0,0.0,0.0,False,NONE
895,520,18,136.63949868,13.189951216443678,2884.0,16.767441860465116,0.0,0.0,0.0,2.153682775175913,False,True,490,PV+/PNN-,136.63949868,13.189951216443678,0.0,0.0,0.0,False,NONE
896,520,383,95.32988280000001,11.017158280424603,2900.0,24.166666666666668,0.0,0.0,0.0,1.7460001448750033,False,True,491,PV+/PNN-,95.32988280000001,11.017158280424603,0.0,0.0,0.0,False,NONE
897,520,434,84.20806314000001,10.354565948189398,1625.0,15.330188679245284,0.0,0.0,0.0,1.5816049415183062,False,True,492,PV+/PNN-,84.20806314000001,10.354565948189398,0.0,0.0,0.0,False,NONE
898,518,785,65.93650227,9.1625849044734,1668.0,20.096385542168676,0.0,0.0,0.0,1.581178470931421,False,True,493,PV+/PNN-,65.93650227,9.1625849044734,0.0,0.0,0.0,False,NONE
899,522,159,110.42378091,11.857315232959936,11382.0,81.88489208633094,0.0,0.0,0.0,2.030029419766652,False,True,494,PV+/PNN-,110.42378091,11.857315232959936,0.0,0.0,0.0,False,NONE
900,522,287,75.46949055,9.802588422925686,2296.0,24.16842105263158,0.0,0.0,0.0,1.6758728978762962,False,True,495,PV+/PNN-,75.46949055,9.802588422925686,0.0,0.0,0.0,False,NONE
901,522,1925,101.68520832,11.378472144697502,999.0,7.8046875,0.0,0.0,0.0,1.4290179757161485,False,True,496,PV+/PNN-,101.68520832,11.378472144697502,0.0,0.0,0.0,False,NONE
902,525,2385,102.47962401,11.422832828117684,1222.0,9.472868217054264,0.0,0.0,0.0,1.6512890031888985,False,True,497,PV+/PNN-,102.47962401,11.422832828117684,0.0,0.0,0.0,False,NONE
903,523,1154,79.441569,10.057243516322302,2645.0,26.45,0.0,0.0,0.0,1.3805979167534215,False,True,499,PV+/PNN-,79.441569,10.057243516322302,0.0,0.0,0.0,False,NONE
904,523,2304,100.89079263,11.333937836259333,950.0,7.480314960629921,0.0,0.0,0.0,1.6229057329998684,False,True,500,PV+/PNN-,100.89079263,11.333937836259333,0.0,0.0,0.0,False,NONE
905,523,66,85.79689452,10.451794052617739,1808.0,16.74074074074074,0.0,0.0,0.0,1.605217878411288,False,True,501,PV+/PNN-,85.79689452,10.451794052617739,0.0,0.0,0.0,False,NONE
906,524,643,80.23598469,10.107404643036364,791.0,7.8316831683168315,0.0,0.0,0.0,1.5332565737463006,False,True,502,PV+/PNN-,80.23598469,10.107404643036364,0.0,0.0,0.0,False,NONE
907,524,702,70.70299641,9.487984557348323,3001.0,33.71910112359551,0.0,0.0,0.0,1.5378196114880467,False,True,503,PV+/PNN-,70.70299641,9.487984557348323,0.0,0.0,0.0,False,NONE
908,522,1905,51.63701985,8.108408946599484,426.0,6.553846153846154,0.0,0.0,0.0,1.302735526522685,False,True,504,PV+/PNN-,51.63701985,8.108408946599484,0.0,0.0,0.0,False,NONE
909,524,2342,96.12429849,11.062967867954534,776.0,6.413223140495868,0.0,0.0,0.0,1.7787886318386696,False,True,505,PV+/PNN-,96.12429849,11.062967867954534,0.0,0.0,0.0,False,NONE
910,526,2437,111.2181966,11.899891008124815,1279.0,9.135714285714286,0.0,0.0,0.0,1.7609232230363279,False,True,506,PV+/PNN-,111.2181966,11.899891008124815,0.0,0.0,0.0,False,NONE
911,528,505,128.69534178,12.800781162784691,2025.0,12.5,0.0,0.0,0.0,1.8776232734195983,False,True,507,PV+/PNN-,128.69534178,12.800781162784691,0.0,0.0,0.0,False,NONE
912,527,939,86.59131021,10.500070494515816,2039.0,18.706422018348626,0.0,0.0,0.0,1.253303864453072,False,True,508,PV+/PNN-,86.59131021,10.500070494515816,0.0,0.0,0.0,False,NONE
913,526,1834,85.79689452,10.451794052617739,839.0,7.768518518518518,0.0,0.0,0.0,1.4938869778426744,False,True,509,PV+/PNN-,85.79689452,10.451794052617739,0.0,0.0,0.0,False,NONE
914,526,847,88.18014159,10.595963539609496,1632.0,14.702702702702704,0.0,0.0,0.0,1.5756619464029444,False,True,510,PV+/PNN-,88.18014159,10.595963539609496,0.0,0.0,0.0,False,NONE
915,527,1573,52.43143554,8.17054325713784,926.0,14.030303030303031,0.0,0.0,0.0,1.3824842971963247,False,True,511,PV+/PNN-,52.43143554,8.17054325713784,0.0,0.0,0.0,False,NONE
916,526,1622,38.92636881,7.040070461425612,950.0,19.387755102040817,0.0,0.0,0.0,1.4409689466562035,False,True,512,PV+/PNN-,38.92636881,7.040070461425612,0.0,0.0,0.0,False,NONE
917,527,2059,82.61923176,10.256416188536388,832.0,8.0,0.0,0.0,0.0,1.589881788725759,False,True,513,PV+/PNN-,82.61923176,10.256416188536388,0.0,0.0,0.0,False,NONE
918,527,786,76.26390624,9.854045933561641,1094.0,11.395833333333334,0.0,0.0,0.0,1.6513096608275493,False,True,514,PV+/PNN-,76.26390624,9.854045933561641,0.0,0.0,0.0,False,NONE
919,529,2415,119.1623535,12.317557416952052,1356.0,9.04,0.0,0.0,0.0,1.7043576505772111,False,True,515,PV+/PNN-,119.1623535,12.317557416952052,0.0,0.0,0.0,False,NONE
920,531,581,134.25625161,13.074416571218995,2089.0,12.36094674556213,0.0,0.0,0.0,1.5616881457075333,False,True,516,PV+/PNN-,134.25625161,13.074416571218995,0.0,0.0,0.0,False,NONE
921,530,880,104.06845539,11.51104134134072,1925.0,14.694656488549619,0.0,0.0,0.0,1.2908381240526545,False,True,517,PV+/PNN-,104.06845539,11.51104134134072,0.0,0.0,0.0,False,NONE
922,530,186,94.53546711,10.971157418634661,3929.0,33.016806722689076,0.0,0.0,0.0,1.8187165605494537,False,True,518,PV+/PNN-,94.53546711,10.971157418634661,0.0,0.0,0.0,False,NONE
923,528,1086,50.04818847,7.982689565701676,1043.0,16.555555555555557,0.0,0.0,0.0,1.3156672991208815,False,True,519,PV+/PNN-,50.04818847,7.982689565701676,0.0,0.0,0.0,False,NONE
924,530,1179,92.15222004,10.83198276817611,2590.0,22.32758620689655,0.0,0.0,0.0,1.425411258857577,False,True,520,PV+/PNN-,92.15222004,10.83198276817611,0.0,0.0,0.0,False,NONE
925,529,1938,62.75883951,8.93907356753593,666.0,8.430379746835444,0.0,0.0,0.0,1.423764202154606,False,True,521,PV+/PNN-,62.75883951,8.93907356753593,0.0,0.0,0.0,False,NONE
926,532,424,91.35780435,10.78519212710641,1896.0,16.48695652173913,0.0,0.0,0.0,1.7440536564191782,False,True,522,PV+/PNN-,91.35780435,10.78519212710641,0.0,0.0,0.0,False,NONE
927,530,1507,58.78676106,8.651568001725998,1136.0,15.35135135135135,0.0,0.0,0.0,1.3759193300866277,False,True,523,PV+/PNN-,58.78676106,8.651568001725998,0.0,0.0,0.0,False,NONE
928,530,1860,86.59131021,10.500070494515816,942.0,8.642201834862385,0.0,0.0,0.0,1.417594633201602,False,True,524,PV+/PNN-,86.59131021,10.500070494515816,0.0,0.0,0.0,False,NONE
929,533,2324,119.1623535,12.317557416952052,1147.0,7.6466666666666665,0.0,0.0,0.0,1.789063884711969,False,True,525,PV+/PNN-,119.1623535,12.317557416952052,0.0,0.0,0.0,False,NONE
930,532,802,76.26390624,9.854045933561641,1962.0,20.4375,0.0,0.0,0.0,1.542051410003564,False,True,526,PV+/PNN-,76.26390624,9.854045933561641,0.0,0.0,0.0,False,NONE
931,530,1131,43.69286295,7.4586514150102134,1254.0,22.8,0.0,0.0,0.0,1.3411389724203597,False,True,527,PV+/PNN-,43.69286295,7.4586514150102134,0.0,0.0,0.0,False,NONE
932,534,492,86.59131021,10.500070494515816,1479.0,13.568807339449542,0.0,0.0,0.0,1.6335196435568131,False,True,528,PV+/PNN-,86.59131021,10.500070494515816,0.0,0.0,0.0,False,NONE
933,532,957,58.78676106,8.651568001725998,1985.0,26.824324324324323,0.0,0.0,0.0,1.3966618325502451,False,True,529,PV+/PNN-,58.78676106,8.651568001725998,0.0,0.0,0.0,False,NONE
934,534,998,81.03040038,10.157318055940708,1704.0,16.705882352941178,0.0,0.0,0.0,1.4814394678917404,False,True,530,PV+/PNN-,81.03040038,10.157318055940708,0.0,0.0,0.0,False,NONE
935,533,1074,81.03040038,10.157318055940708,3114.0,30.529411764705884,0.0,0.0,0.0,1.3878044676638202,False,True,531,PV+/PNN-,81.03040038,10.157318055940708,0.0,0.0,0.0,False,NONE
936,532,2264,76.26390624,9.854045933561641,689.0,7.177083333333333,0.0,0.0,0.0,1.5766942700209252,False,True,532,PV+/PNN-,76.26390624,9.854045933561641,0.0,0.0,0.0,False,NONE
937,533,373,47.664941400000004,7.7903073294937615,1419.0,23.65,0.0,0.0,0.0,1.6131136869622538,False,True,533,PV+/PNN-,47.664941400000004,7.7903073294937615,0.0,0.0,0.0,False,NONE
938,536,544,115.19027505,12.11052490037406,1364.0,9.406896551724138,0.0,0.0,0.0,1.6825586845142972,False,True,534,PV+/PNN-,115.19027505,12.11052490037406,0.0,0.0,0.0,False,NONE
939,533,1215,45.28169433,7.593052342343362,1511.0,26.50877192982456,0.0,0.0,0.0,1.262664457960716,False,True,535,PV+/PNN-,45.28169433,7.593052342343362,0.0,0.0,0.0,False,NONE
940,533,445,45.28169433,7.593052342343362,646.0,11.333333333333334,0.0,0.0,0.0,1.5514017096033914,False,True,536,PV+/PNN-,45.28169433,7.593052342343362,0.0,0.0,0.0,False,NONE
941,535,690,93.74105142,10.924962866435578,2564.0,21.728813559322035,0.0,0.0,0.0,1.5783052157062176,False,True,537,PV+/PNN-,93.74105142,10.924962866435578,0.0,0.0,0.0,False,NONE
942,535,1739,68.31974934,9.326703948667076,999.0,11.616279069767442,0.0,0.0,0.0,1.52899578237627,False,True,539,PV+/PNN-,68.31974934,9.326703948667076,0.0,0.0,0.0,False,NONE
943,540,2040,162.06080076,14.36461695204847,5137.0,25.181372549019606,0.0,0.0,0.0,1.8635037098931657,False,True,540,PV+/PNN-,162.06080076,14.36461695204847,0.0,0.0,0.0,False,NONE
944,536,2310,102.47962401,11.422832828117684,1009.0,7.821705426356589,0.0,0.0,0.0,1.6387291588892232,False,True,541,PV+/PNN-,102.47962401,11.422832828117684,0.0,0.0,0.0,False,NONE
945,535,1769,42.89844726,7.390534450171232,545.0,10.092592592592593,0.0,0.0,0.0,1.4828328458713227,False,True,543,PV+/PNN-,42.89844726,7.390534450171232,0.0,0.0,0.0,False,NONE
946,538,1701,87.3857259,10.548125988120718,2389.0,21.71818181818182,0.0,0.0,0.0,1.6008392936693892,False,True,544,PV+/PNN-,87.3857259,10.548125988120718,0.0,0.0,0.0,False,NONE
947,539,319,66.73091796,9.217615939230159,2310.0,27.5,0.0,0.0,0.0,1.571491496172164,False,True,545,PV+/PNN-,66.73091796,9.217615939230159,0.0,0.0,0.0,False,NONE
948,538,1106,62.75883951,8.93907356753593,1764.0,22.329113924050635,0.0,0.0,0.0,1.469100135809264,False,True,546,PV+/PNN-,62.75883951,8.93907356753593,0.0,0.0,0.0,False,NONE
949,541,2455,211.31457354,16.40286778005525,2670.0,10.037593984962406,0.0,0.0,0.0,1.8362919808392812,False,True,547,PV+/PNN-,211.31457354,16.40286778005525,0.0,0.0,0.0,False,NONE
950,541,239,96.91871418,11.108588547554572,2535.0,20.778688524590162,0.0,0.0,0.0,1.7718971025273256,False,True,548,PV+/PNN-,96.91871418,11.108588547554572,0.0,0.0,0.0,False,NONE
951,540,10,52.43143554,8.17054325713784,1308.0,19.818181818181817,0.0,0.0,0.0,1.8424510353289336,False,True,549,PV+/PNN-,52.43143554,8.17054325713784,0.0,0.0,0.0,False,NONE
952,542,772,44.48727864,7.526151898686336,733.0,13.089285714285714,0.0,0.0,0.0,1.4953533422878538,False,True,550,PV+/PNN-,44.48727864,7.526151898686336,0.0,0.0,0.0,False,NONE
953,543,828,62.75883951,8.93907356753593,1378.0,17.443037974683545,0.0,0.0,0.0,1.6212993416499,False,True,551,PV+/PNN-,62.75883951,8.93907356753593,0.0,0.0,0.0,False,NONE
954,542,1057,49.25377278,7.919081463837606,1661.0,26.79032258064516,0.0,0.0,0.0,1.3451401328825499,False,True,552,PV+/PNN-,49.25377278,7.919081463837606,0.0,0.0,0.0,False,NONE
955,543,155,72.29182779,9.593998848416254,2169.0,23.835164835164836,0.0,0.0,0.0,1.6314649343087284,False,True,553,PV+/PNN-,72.29182779,9.593998848416254,0.0,0.0,0.0,False,NONE
956,544,1685,64.34767089,9.051519164690074,1111.0,13.716049382716049,0.0,0.0,0.0,1.685491932012771,False,True,554,PV+/PNN-,64.34767089,9.051519164690074,0.0,0.0,0.0,False,NONE
957,544,2352,87.3857259,10.548125988120718,850.0,7.7272727272727275,0.0,0.0,0.0,1.6008392936693892,False,True,555,PV+/PNN-,87.3857259,10.548125988120718,0.0,0.0,0.0,False,NONE
958,545,2431,108.83494953,11.77170172875832,1180.0,8.613138686131387,0.0,0.0,0.0,1.6824642448409164,False,True,556,PV+/PNN-,108.83494953,11.77170172875832,0.0,0.0,0.0,False,NONE
959,545,180,85.79689452,10.451794052617739,2077.0,19.23148148148148,0.0,0.0,0.0,2.018958246481881,False,True,557,PV+/PNN-,85.79689452,10.451794052617739,0.0,0.0,0.0,False,NONE
960,544,213,69.11416503,9.380772250595795,2139.0,24.586206896551722,0.0,0.0,0.0,1.8044917500820348,False,True,558,PV+/PNN-,69.11416503,9.380772250595795,0.0,0.0,0.0,False,NONE
961,546,786,69.90858072,9.434530697868027,1147.0,13.034090909090908,0.0,0.0,0.0,1.5959941384222056,False,True,559,PV+/PNN-,69.90858072,9.434530697868027,0.0,0.0,0.0,False,NONE
962,549,1774,117.57352212,12.235164803834003,1455.0,9.83108108108108,0.0,0.0,0.0,1.7008852020166352,False,True,560,PV+/PNN-,117.57352212,12.235164803834003,0.0,0.0,0.0,False,NONE
963,549,46,108.04053384,11.728660627684029,4014.0,29.514705882352942,0.0,0.0,0.0,1.9092761765224395,False,True,561,PV+/PNN-,108.04053384,11.728660627684029,0.0,0.0,0.0,False,NONE
964,547,701,72.29182779,9.593998848416254,832.0,9.142857142857142,0.0,0.0,0.0,1.342842763276512,False,True,562,PV+/PNN-,72.29182779,9.593998848416254,0.0,0.0,0.0,False,NONE
965,549,746,110.42378091,11.857315232959936,1500.0,10.79136690647482,0.0,0.0,0.0,1.6760472574199132,False,True,563,PV+/PNN-,110.42378091,11.857315232959936,0.0,0.0,0.0,False,NONE
966,549,1531,88.18014159,10.595963539609496,2220.0,20.0,0.0,0.0,0.0,1.4081854450300324,False,True,565,PV+/PNN-,88.18014159,10.595963539609496,0.0,0.0,0.0,False,NONE
967,550,2493,102.47962401,11.422832828117684,1212.0,9.395348837209303,0.0,0.0,0.0,1.7444962687812262,False,True,566,PV+/PNN-,102.47962401,11.422832828117684,0.0,0.0,0.0,False,NONE
968,548,812,61.17000813,8.825195369105852,2071.0,26.896103896103895,0.0,0.0,0.0,1.8826888960483996,False,True,567,PV+/PNN-,61.17000813,8.825195369105852,0.0,0.0,0.0,False,NONE
969,550,1789,77.05832193,9.90523612702942,882.0,9.092783505154639,0.0,0.0,0.0,1.591208923239936,False,True,568,PV+/PNN-,77.05832193,9.90523612702942,0.0,0.0,0.0,False,NONE
970,551,222,86.59131021,10.500070494515816,2462.0,22.587155963302752,0.0,0.0,0.0,1.7688639435258404,False,True,569,PV+/PNN-,86.59131021,10.500070494515816,0.0,0.0,0.0,False,NONE
971,551,1502,63.5532552,8.995472067506276,3390.0,42.375,0.0,0.0,0.0,1.3878462690032076,False,True,570,PV+/PNN-,63.5532552,8.995472067506276,0.0,0.0,0.0,False,NONE
972,552,2155,96.91871418,11.108588547554572,770.0,6.311475409836065,0.0,0.0,0.0,1.7138823256003954,False,True,571,PV+/PNN-,96.91871418,11.108588547554572,0.0,0.0,0.0,False,NONE
973,552,2267,119.1623535,12.317557416952052,954.0,6.36,0.0,0.0,0.0,1.59975397889402,False,True,572,PV+/PNN-,119.1623535,12.317557416952052,0.0,0.0,0.0,False,NONE
974,552,2373,112.01261229,11.942314996545514,1363.0,9.666666666666666,0.0,0.0,0.0,1.7980268033888012,False,True,573,PV+/PNN-,112.01261229,11.942314996545514,0.0,0.0,0.0,False,NONE
975,551,419,60.37559244,8.767701627645716,1496.0,19.68421052631579,0.0,0.0,0.0,1.5955351237145776,False,True,574,PV+/PNN-,60.37559244,8.767701627645716,0.0,0.0,0.0,False,NONE
976,550,1026,54.02026692,8.293415464071046,1727.0,25.397058823529413,0.0,0.0,0.0,1.403270963237182,False,True,575,PV+/PNN-,54.02026692,8.293415464071046,0.0,0.0,0.0,False,NONE
977,554,887,69.90858072,9.434530697868027,1226.0,13.931818181818182,0.0,0.0,0.0,1.601808324718826,False,True,576,PV+/PNN-,69.90858072,9.434530697868027,0.0,0.0,0.0,False,NONE
978,555,1193,73.88065917,9.698854408967303,3739.0,40.204301075268816,0.0,0.0,0.0,1.448753517351349,False,True,577,PV+/PNN-,73.88065917,9.698854408967303,0.0,0.0,0.0,False,NONE
979,555,1671,70.70299641,9.487984557348323,2776.0,31.191011235955056,0.0,0.0,0.0,1.3806841496288318,False,True,578,PV+/PNN-,70.70299641,9.487984557348323,0.0,0.0,0.0,False,NONE
980,554,1988,55.6090983,8.414493627225879,811.0,11.585714285714285,0.0,0.0,0.0,1.5300723404590992,False,True,579,PV+/PNN-,55.6090983,8.414493627225879,0.0,0.0,0.0,False,NONE
981,554,2221,49.25377278,7.919081463837606,763.0,12.306451612903226,0.0,0.0,0.0,1.5555761659408631,False,True,580,PV+/PNN-,49.25377278,7.919081463837606,0.0,0.0,0.0,False,NONE
982,557,2518,139.02274575,13.304482609502793,1363.0,7.788571428571428,0.0,0.0,0.0,1.8239047039294294,False,True,581,PV+/PNN-,139.02274575,13.304482609502793,0.0,0.0,0.0,False,NONE
983,557,1034,119.95676919,12.358547737957586,3438.0,22.7682119205298,0.0,0.0,0.0,1.6659633141308685,False,True,582,PV+/PNN-,119.95676919,12.358547737957586,0.0,0.0,0.0,False,NONE
984,555,1143,70.70299641,9.487984557348323,2762.0,31.03370786516854,0.0,0.0,0.0,1.49949388908336,False,True,583,PV+/PNN-,70.70299641,9.487984557348323,0.0,0.0,0.0,False,NONE
985,557,2389,112.01261229,11.942314996545514,1273.0,9.02836879432624,0.0,0.0,0.0,1.6637644588370644,False,True,584,PV+/PNN-,112.01261229,11.942314996545514,0.0,0.0,0.0,False,NONE
986,555,819,35.74870605,6.746604050629706,1062.0,23.6,0.0,0.0,0.0,1.5652650871434026,False,True,585,PV+/PNN-,35.74870605,6.746604050629706,0.0,0.0,0.0,False,NONE
987,558,128,85.79689452,10.451794052617739,10119.0,93.69444444444444,0.0,0.0,0.0,1.4954661395528677,False,True,586,PV+/PNN-,85.79689452,10.451794052617739,0.0,0.0,0.0,False,NONE
988,557,151,85.00247883,10.403293586497956,3385.0,31.635514018691588,0.0,0.0,0.0,1.6425347978900102,False,True,587,PV+/PNN-,85.00247883,10.403293586497956,0.0,0.0,0.0,False,NONE
989,558,1134,76.26390624,9.854045933561641,5804.0,60.458333333333336,0.0,0.0,0.0,1.6255495854300244,False,True,588,PV+/PNN-,76.26390624,9.854045933561641,0.0,0.0,0.0,False,NONE
990,561,498,115.19027505,12.11052490037406,2141.0,14.76551724137931,0.0,0.0,0.0,1.583169513705868,False,True,589,PV+/PNN-,115.19027505,12.11052490037406,0.0,0.0,0.0,False,NONE
991,560,2323,115.98469074,12.152213577535832,1116.0,7.6438356164383565,0.0,0.0,0.0,1.6400784139726057,False,True,590,PV+/PNN-,115.98469074,12.152213577535832,0.0,0.0,0.0,False,NONE
992,559,1582,61.96442382,8.88231697105848,1509.0,19.346153846153847,0.0,0.0,0.0,1.4146859443776052,False,True,591,PV+/PNN-,61.96442382,8.88231697105848,0.0,0.0,0.0,False,NONE
993,561,2114,95.32988280000001,11.017158280424603,1027.0,8.558333333333334,0.0,0.0,0.0,1.4418535994918118,False,True,592,PV+/PNN-,95.32988280000001,11.017158280424603,0.0,0.0,0.0,False,NONE
994,562,2090,95.32988280000001,11.017158280424603,1218.0,10.15,0.0,0.0,0.0,1.5662125841695185,False,True,593,PV+/PNN-,95.32988280000001,11.017158280424603,0.0,0.0,0.0,False,NONE
995,561,851,61.96442382,8.88231697105848,809.0,10.371794871794872,0.0,0.0,0.0,1.4813751581388368,False,True,594,PV+/PNN-,61.96442382,8.88231697105848,0.0,0.0,0.0,False,NONE
996,562,1702,78.64715331000001,10.006830950662698,1549.0,15.646464646464647,0.0,0.0,0.0,1.5582019274941754,False,True,595,PV+/PNN-,78.64715331000001,10.006830950662698,0.0,0.0,0.0,False,NONE
997,567,2179,173.97703611,14.883361255142246,2013.0,9.191780821917808,0.0,0.0,0.0,1.559865652035674,False,True,596,PV+/PNN-,173.97703611,14.883361255142246,0.0,0.0,0.0,False,NONE
998,564,2540,141.40599282,13.418036440588484,1491.0,8.376404494382022,0.0,0.0,0.0,1.6815410705056213,False,True,597,PV+/PNN-,141.40599282,13.418036440588484,0.0,0.0,0.0,False,NONE
999,563,2450,106.45170246,11.642101063659146,1142.0,8.522388059701493,0.0,0.0,0.0,1.6857669104200186,False,True,598,PV+/PNN-,106.45170246,11.642101063659146,0.0,0.0,0.0,False,NONE
1000,564,465,61.96442382,8.88231697105848,1249.0,16.012820512820515,0.0,0.0,0.0,1.6584842176358785,False,True,599,PV+/PNN-,61.96442382,8.88231697105848,0.0,0.0,0.0,False,NONE
1001,562,1464,51.63701985,8.108408946599484,2704.0,41.6,0.0,0.0,0.0,1.2594422008678525,False,True,600,PV+/PNN-,51.63701985,8.108408946599484,0.0,0.0,0.0,False,NONE
1002,564,2345,83.41364745,10.305607915302103,811.0,7.723809523809524,0.0,0.0,0.0,1.5885464426422498,False,True,601,PV+/PNN-,83.41364745,10.305607915302103,0.0,0.0,0.0,False,NONE
1003,564,1158,65.14208658,9.10722134683339,1429.0,17.426829268292682,0.0,0.0,0.0,1.3092791223071736,False,True,602,PV+/PNN-,65.14208658,9.10722134683339,0.0,0.0,0.0,False,NONE
1004,565,5,65.14208658,9.10722134683339,1324.0,16.146341463414632,0.0,0.0,0.0,1.8739642401886631,False,True,603,PV+/PNN-,65.14208658,9.10722134683339,0.0,0.0,0.0,False,NONE
1005,566,998,73.88065917,9.698854408967303,1475.0,15.86021505376344,0.0,0.0,0.0,1.472593765105232,False,True,604,PV+/PNN-,73.88065917,9.698854408967303,0.0,0.0,0.0,False,NONE
1006,565,1925,69.11416503,9.380772250595795,939.0,10.793103448275861,0.0,0.0,0.0,1.422225708511153,False,True,605,PV+/PNN-,69.11416503,9.380772250595795,0.0,0.0,0.0,False,NONE
1007,567,454,95.32988280000001,11.017158280424603,2043.0,17.025,0.0,0.0,0.0,1.645091711593664,False,True,606,PV+/PNN-,95.32988280000001,11.017158280424603,0.0,0.0,0.0,False,NONE
1008,571,748,151.73339679,13.899387074616612,1880.0,9.842931937172775,0.0,0.0,0.0,1.5295876075003385,False,True,607,PV+/PNN-,151.73339679,13.899387074616612,0.0,0.0,0.0,False,NONE
1009,566,1027,48.45935709,7.854958291387057,1331.0,21.81967213114754,0.0,0.0,0.0,1.5922609860186383,False,True,608,PV+/PNN-,48.45935709,7.854958291387057,0.0,0.0,0.0,False,NONE
1010,567,1485,54.02026692,8.293415464071046,4448.0,65.41176470588235,0.0,0.0,0.0,1.5261669010363277,False,True,609,PV+/PNN-,54.02026692,8.293415464071046,0.0,0.0,0.0,False,NONE
1011,567,343,27.01013346,5.864330313842014,563.0,16.558823529411764,0.0,0.0,0.0,1.557517905576926,False,True,610,PV+/PNN-,27.01013346,5.864330313842014,0.0,0.0,0.0,False,NONE
1012,573,817,109.62936522,11.814586030086609,1756.0,12.72463768115942,0.0,0.0,0.0,1.4780953607407434,False,True,611,PV+/PNN-,109.62936522,11.814586030086609,0.0,0.0,0.0,False,NONE
1013,575,142,127.1065104,12.72151859781572,6662.0,41.6375,0.0,0.0,0.0,1.6431374989773,False,True,612,PV+/PNN-,127.1065104,12.72151859781572,0.0,0.0,0.0,False,NONE
1014,575,572,123.92884764,12.56149312576761,2321.0,14.878205128205128,0.0,0.0,0.0,1.7404791525882126,False,True,613,PV+/PNN-,123.92884764,12.56149312576761,0.0,0.0,0.0,False,NONE
1015,573,2271,60.37559244,8.767701627645716,680.0,8.947368421052632,0.0,0.0,0.0,1.5472875777794675,False,True,614,PV+/PNN-,60.37559244,8.767701627645716,0.0,0.0,0.0,False,NONE
1016,575,1016,85.79689452,10.451794052617739,1997.0,18.49074074074074,0.0,0.0,0.0,1.5302076971771157,False,True,615,PV+/PNN-,85.79689452,10.451794052617739,0.0,0.0,0.0,False,NONE
1017,574,1959,85.00247883,10.403293586497956,1390.0,12.990654205607477,0.0,0.0,0.0,1.531757341845997,False,True,616,PV+/PNN-,85.00247883,10.403293586497956,0.0,0.0,0.0,False,NONE
1018,577,469,125.51767902,12.64175907426016,2477.0,15.677215189873417,0.0,0.0,0.0,1.688223815140109,False,True,618,PV+/PNN-,125.51767902,12.64175907426016,0.0,0.0,0.0,False,NONE
1019,575,1189,81.82481607,10.206987389088184,3248.0,31.533980582524272,0.0,0.0,0.0,1.3859213782001518,False,True,619,PV+/PNN-,81.82481607,10.206987389088184,0.0,0.0,0.0,False,NONE
1020,576,2368,95.32988280000001,11.017158280424603,1653.0,13.775,0.0,0.0,0.0,1.5406301644643903,False,True,620,PV+/PNN-,95.32988280000001,11.017158280424603,0.0,0.0,0.0,False,NONE
1021,575,510,57.99234537,8.592912627102823,1231.0,16.863013698630137,0.0,0.0,0.0,1.3643957176068402,False,True,621,PV+/PNN-,57.99234537,8.592912627102823,0.0,0.0,0.0,False,NONE
1022,577,948,98.50754556,11.199272407696524,1675.0,13.508064516129032,0.0,0.0,0.0,1.658043384652264,False,True,622,PV+/PNN-,98.50754556,11.199272407696524,0.0,0.0,0.0,False,NONE
1023,576,2482,127.90092609,12.761211420003875,1379.0,8.565217391304348,0.0,0.0,0.0,1.756871349107876,False,True,623,PV+/PNN-,127.90092609,12.761211420003875,0.0,0.0,0.0,False,NONE
1024,578,1865,130.28417316,12.879555944225542,1462.0,8.914634146341463,0.0,0.0,0.0,1.5479443793123335,False,True,624,PV+/PNN-,130.28417316,12.879555944225542,0.0,0.0,0.0,False,NONE
1025,578,490,91.35780435,10.78519212710641,1089.0,9.469565217391304,0.0,0.0,0.0,1.58833457995318,False,True,625,PV+/PNN-,91.35780435,10.78519212710641,0.0,0.0,0.0,False,NONE
1026,577,2049,77.05832193,9.90523612702942,1073.0,11.061855670103093,0.0,0.0,0.0,1.433846272820075,False,True,626,PV+/PNN-,77.05832193,9.90523612702942,0.0,0.0,0.0,False,NONE
1027,580,604,94.53546711,10.971157418634661,1496.0,12.571428571428571,0.0,0.0,0.0,1.661782389249087,False,True,627,PV+/PNN-,94.53546711,10.971157418634661,0.0,0.0,0.0,False,NONE
1028,581,702,139.81716144,13.342441267550265,1548.0,8.795454545454545,0.0,0.0,0.0,1.7558842615792571,False,True,628,PV+/PNN-,139.81716144,13.342441267550265,0.0,0.0,0.0,False,NONE
1029,578,30,46.07611002,7.659368469073156,1891.0,32.60344827586207,0.0,0.0,0.0,1.6731490588756293,False,True,629,PV+/PNN-,46.07611002,7.659368469073156,0.0,0.0,0.0,False,NONE
1030,581,320,76.26390624,9.854045933561641,1188.0,12.375,0.0,0.0,0.0,1.6086722946523355,False,True,630,PV+/PNN-,76.26390624,9.854045933561641,0.0,0.0,0.0,False,NONE
1031,580,978,57.99234537,8.592912627102823,1608.0,22.027397260273972,0.0,0.0,0.0,1.671618383472079,False,True,631,PV+/PNN-,57.99234537,8.592912627102823,0.0,0.0,0.0,False,NONE
1032,581,1002,78.64715331000001,10.006830950662698,1812.0,18.303030303030305,0.0,0.0,0.0,1.5211634073823734,False,True,632,PV+/PNN-,78.64715331000001,10.006830950662698,0.0,0.0,0.0,False,NONE
1033,581,2301,70.70299641,9.487984557348323,616.0,6.921348314606742,0.0,0.0,0.0,1.5771034769528502,False,True,633,PV+/PNN-,70.70299641,9.487984557348323,0.0,0.0,0.0,False,NONE
1034,580,2310,73.88065917,9.698854408967303,857.0,9.21505376344086,0.0,0.0,0.0,1.5670378235148452,False,True,634,PV+/PNN-,73.88065917,9.698854408967303,0.0,0.0,0.0,False,NONE
1035,582,2520,98.50754556,11.199272407696524,860.0,6.935483870967742,0.0,0.0,0.0,1.8306559477164357,False,True,635,PV+/PNN-,98.50754556,11.199272407696524,0.0,0.0,0.0,False,NONE
1036,584,677,108.04053384,11.728660627684029,1477.0,10.860294117647058,0.0,0.0,0.0,1.6045444123878234,False,True,636,PV+/PNN-,108.04053384,11.728660627684029,0.0,0.0,0.0,False,NONE
1037,581,1073,42.104031570000004,7.321783798208037,1017.0,19.18867924528302,0.0,0.0,0.0,1.518855610166105,False,True,637,PV+/PNN-,42.104031570000004,7.321783798208037,0.0,0.0,0.0,False,NONE
1038,583,2444,110.42378091,11.857315232959936,1301.0,9.359712230215827,0.0,0.0,0.0,1.4883201487923534,False,True,638,PV+/PNN-,110.42378091,11.857315232959936,0.0,0.0,0.0,False,NONE
1039,583,727,80.23598469,10.107404643036364,968.0,9.584158415841584,0.0,0.0,0.0,1.4800654040623704,False,True,639,PV+/PNN-,80.23598469,10.107404643036364,0.0,0.0,0.0,False,NONE
1040,581,1752,54.81468261,8.354173898786094,1488.0,21.565217391304348,0.0,0.0,0.0,1.611568854854456,False,True,640,PV+/PNN-,54.81468261,8.354173898786094,0.0,0.0,0.0,False,NONE
1041,583,2550,111.2181966,11.899891008124815,1294.0,9.242857142857142,0.0,0.0,0.0,1.7992968525940205,False,True,641,PV+/PNN-,111.2181966,11.899891008124815,0.0,0.0,0.0,False,NONE
1042,585,209,87.3857259,10.548125988120718,2948.0,26.8,0.0,0.0,0.0,2.0520201502871056,False,True,642,PV+/PNN-,87.3857259,10.548125988120718,0.0,0.0,0.0,False,NONE
1043,584,1108,60.37559244,8.767701627645716,1700.0,22.36842105263158,0.0,0.0,0.0,1.4530365578132056,False,True,643,PV+/PNN-,60.37559244,8.767701627645716,0.0,0.0,0.0,False,NONE
1044,586,1189,100.09637694,11.289227848029503,3933.0,31.214285714285715,0.0,0.0,0.0,1.4469633155969366,False,True,644,PV+/PNN-,100.09637694,11.289227848029503,0.0,0.0,0.0,False,NONE
1045,585,1925,58.78676106,8.651568001725998,1258.0,17.0,0.0,0.0,0.0,1.407033083782054,False,True,645,PV+/PNN-,58.78676106,8.651568001725998,0.0,0.0,0.0,False,NONE
1046,586,2460,83.41364745,10.305607915302103,1085.0,10.333333333333334,0.0,0.0,0.0,1.7119917694733446,False,True,646,PV+/PNN-,83.41364745,10.305607915302103,0.0,0.0,0.0,False,NONE
1047,592,789,237.53029131,17.39059975873043,2529.0,8.45819397993311,0.0,0.0,0.0,1.6541586877340453,False,True,647,PV+/PNN-,237.53029131,17.39059975873043,0.0,0.0,0.0,False,NONE
1048,587,1946,96.12429849,11.062967867954534,1031.0,8.520661157024794,0.0,0.0,0.0,1.4954791904760922,False,True,648,PV+/PNN-,96.12429849,11.062967867954534,0.0,0.0,0.0,False,NONE
1049,584,2283,26.21571777,5.777446543100188,456.0,13.818181818181818,0.0,0.0,0.0,1.5065202715242194,False,True,649,PV+/PNN-,26.21571777,5.777446543100188,0.0,0.0,0.0,False,NONE
1050,589,470,99.30196125,11.244340084382843,2146.0,17.168,0.0,0.0,0.0,1.7095878341613704,False,True,651,PV+/PNN-,99.30196125,11.244340084382843,0.0,0.0,0.0,False,NONE
1051,587,859,49.25377278,7.919081463837606,683.0,11.016129032258064,0.0,0.0,0.0,1.488181619405848,False,True,652,PV+/PNN-,49.25377278,7.919081463837606,0.0,0.0,0.0,False,NONE
1052,589,137,65.93650227,9.1625849044734,2369.0,28.542168674698797,0.0,0.0,0.0,1.8257011974302373,False,True,653,PV+/PNN-,65.93650227,9.1625849044734,0.0,0.0,0.0,False,NONE
1053,591,223,82.61923176,10.256416188536388,2786.0,26.78846153846154,0.0,0.0,0.0,1.402933337034437,False,True,654,PV+/PNN-,82.61923176,10.256416188536388,0.0,0.0,0.0,False,NONE
1054,589,552,52.43143554,8.17054325713784,962.0,14.575757575757576,0.0,0.0,0.0,1.7300434335942794,False,True,655,PV+/PNN-,52.43143554,8.17054325713784,0.0,0.0,0.0,False,NONE
1055,592,751,141.40599282,13.418036440588484,1837.0,10.320224719101123,0.0,0.0,0.0,1.6676479961339221,False,True,656,PV+/PNN-,141.40599282,13.418036440588484,0.0,0.0,0.0,False,NONE
1056,591,2221,104.86287108,11.554893086200376,1073.0,8.128787878787879,0.0,0.0,0.0,1.6124676662626294,False,True,657,PV+/PNN-,104.86287108,11.554893086200376,0.0,0.0,0.0,False,NONE
1057,592,1972,114.39585936,12.068692219586765,1443.0,10.020833333333334,0.0,0.0,0.0,1.5272467689705036,False,True,658,PV+/PNN-,114.39585936,12.068692219586765,0.0,0.0,0.0,False,NONE
1058,593,2803,110.42378091,11.857315232959936,868.0,6.244604316546763,0.0,0.0,0.0,1.576662317558264,False,True,659,PV+/PNN-,110.42378091,11.857315232959936,0.0,0.0,0.0,False,NONE
1059,593,511,71.4974121,9.54113894836179,1214.0,13.488888888888889,0.0,0.0,0.0,1.563370093091171,False,True,660,PV+/PNN-,71.4974121,9.54113894836179,0.0,0.0,0.0,False,NONE
1060,594,1739,103.2740397,11.467021901548332,3861.0,29.7,0.0,0.0,0.0,1.4411429767222248,False,True,661,PV+/PNN-,103.2740397,11.467021901548332,0.0,0.0,0.0,False,NONE
1061,591,2322,46.87052571,7.72511532706782,523.0,8.864406779661017,0.0,0.0,0.0,1.490139814462555,False,True,662,PV+/PNN-,46.87052571,7.72511532706782,0.0,0.0,0.0,False,NONE
1062,593,2345,91.35780435,10.78519212710641,1027.0,8.930434782608696,0.0,0.0,0.0,1.6528467687748079,False,True,663,PV+/PNN-,91.35780435,10.78519212710641,0.0,0.0,0.0,False,NONE
1063,594,2569,154.91105955,14.044176264056345,1487.0,7.625641025641026,0.0,0.0,0.0,1.8725456611514388,False,True,664,PV+/PNN-,154.91105955,14.044176264056345,0.0,0.0,0.0,False,NONE
1064,595,587,76.26390624,9.854045933561641,988.0,10.291666666666666,0.0,0.0,0.0,1.407033083782054,False,True,665,PV+/PNN-,76.26390624,9.854045933561641,0.0,0.0,0.0,False,NONE
1065,594,973,77.85273762,9.956163126610313,1621.0,16.540816326530614,0.0,0.0,0.0,1.5836736007936538,False,True,666,PV+/PNN-,77.85273762,9.956163126610313,0.0,0.0,0.0,False,NONE
1066,594,2736,83.41364745,10.305607915302103,804.0,7.6571428571428575,0.0,0.0,0.0,1.7136160500895432,False,True,667,PV+/PNN-,83.41364745,10.305607915302103,0.0,0.0,0.0,False,NONE
1067,594,868,50.04818847,7.982689565701676,750.0,11.904761904761905,0.0,0.0,0.0,1.4361347781556124,False,True,668,PV+/PNN-,50.04818847,7.982689565701676,0.0,0.0,0.0,False,NONE
1068,594,1214,58.78676106,8.651568001725998,2690.0,36.351351351351354,0.0,0.0,0.0,1.4174043350138625,False,True,669,PV+/PNN-,58.78676106,8.651568001725998,0.0,0.0,0.0,False,NONE
1069,595,1902,104.06845539,11.51104134134072,1364.0,10.412213740458014,0.0,0.0,0.0,1.491982340054808,False,True,670,PV+/PNN-,104.06845539,11.51104134134072,0.0,0.0,0.0,False,NONE
1070,596,2408,104.06845539,11.51104134134072,1191.0,9.091603053435115,0.0,0.0,0.0,1.628031340522284,False,True,671,PV+/PNN-,104.06845539,11.51104134134072,0.0,0.0,0.0,False,NONE
1071,597,419,105.65728677,11.598579038183399,8768.0,65.92481203007519,0.0,0.0,0.0,1.7067769738108123,False,True,672,PV+/PNN-,105.65728677,11.598579038183399,0.0,0.0,0.0,False,NONE
1072,597,927,55.6090983,8.414493627225879,1200.0,17.142857142857142,0.0,0.0,0.0,1.3509954025232016,False,True,673,PV+/PNN-,55.6090983,8.414493627225879,0.0,0.0,0.0,False,NONE
1073,599,1650,108.04053384,11.728660627684029,10746.0,79.01470588235294,0.0,0.0,0.0,1.615830774022439,False,True,674,PV+/PNN-,108.04053384,11.728660627684029,0.0,0.0,0.0,False,NONE
1074,598,1872,77.85273762,9.956163126610313,1158.0,11.816326530612244,0.0,0.0,0.0,1.5784526988130154,False,True,675,PV+/PNN-,77.85273762,9.956163126610313,0.0,0.0,0.0,False,NONE
1075,599,13,95.32988280000001,11.017158280424603,2946.0,24.55,0.0,0.0,0.0,1.5804250395612567,False,True,677,PV+/PNN-,95.32988280000001,11.017158280424603,0.0,0.0,0.0,False,NONE
1076,602,614,160.47196938,14.294028726574819,2333.0,11.549504950495049,0.0,0.0,0.0,1.7823263365520048,False,True,678,PV+/PNN-,160.47196938,14.294028726574819,0.0,0.0,0.0,False,NONE
1077,599,1070,74.67507486,9.75085936304132,1045.0,11.117021276595745,0.0,0.0,0.0,1.4777929680728341,False,True,679,PV+/PNN-,74.67507486,9.75085936304132,0.0,0.0,0.0,False,NONE
1078,598,2387,42.89844726,7.390534450171232,613.0,11.351851851851851,0.0,0.0,0.0,1.6360115317600539,False,True,680,PV+/PNN-,42.89844726,7.390534450171232,0.0,0.0,0.0,False,NONE
1079,603,756,107.24611815,11.68546099424064,1340.0,9.925925925925926,0.0,0.0,0.0,1.6518031488619846,False,True,681,PV+/PNN-,107.24611815,11.68546099424064,0.0,0.0,0.0,False,NONE
1080,600,879,61.96442382,8.88231697105848,858.0,11.0,0.0,0.0,0.0,1.4715357659445567,False,True,682,PV+/PNN-,61.96442382,8.88231697105848,0.0,0.0,0.0,False,NONE
1081,600,2064,43.69286295,7.4586514150102134,1117.0,20.30909090909091,0.0,0.0,0.0,1.5675046255687675,False,True,683,PV+/PNN-,43.69286295,7.4586514150102134,0.0,0.0,0.0,False,NONE
1082,601,2661,117.57352212,12.235164803834003,1543.0,10.425675675675675,0.0,0.0,0.0,1.8195784105584465,False,True,684,PV+/PNN-,117.57352212,12.235164803834003,0.0,0.0,0.0,False,NONE
1083,601,816,47.664941400000004,7.7903073294937615,599.0,9.983333333333333,0.0,0.0,0.0,1.4965715527500028,False,True,685,PV+/PNN-,47.664941400000004,7.7903073294937615,0.0,0.0,0.0,False,NONE
1084,602,908,71.4974121,9.54113894836179,1674.0,18.6,0.0,0.0,0.0,1.7216020964525198,False,True,686,PV+/PNN-,71.4974121,9.54113894836179,0.0,0.0,0.0,False,NONE
1085,600,1436,46.87052571,7.72511532706782,3485.0,59.067796610169495,0.0,0.0,0.0,1.4973664866956422,False,True,687,PV+/PNN-,46.87052571,7.72511532706782,0.0,0.0,0.0,False,NONE
1086,601,1452,48.45935709,7.854958291387057,2337.0,38.31147540983606,0.0,0.0,0.0,1.4594560749810872,False,True,688,PV+/PNN-,48.45935709,7.854958291387057,0.0,0.0,0.0,False,NONE
1087,604,2608,140.61157713,13.380292240810528,1867.0,10.548022598870057,0.0,0.0,0.0,1.7811338163815282,False,True,689,PV+/PNN-,140.61157713,13.380292240810528,0.0,0.0,0.0,False,NONE
1088,603,1137,77.85273762,9.956163126610313,2361.0,24.091836734693878,0.0,0.0,0.0,1.5271138293367374,False,True,690,PV+/PNN-,77.85273762,9.956163126610313,0.0,0.0,0.0,False,NONE
1089,603,2018,96.91871418,11.108588547554572,1455.0,11.926229508196721,0.0,0.0,0.0,1.7537237989116607,False,True,691,PV+/PNN-,96.91871418,11.108588547554572,0.0,0.0,0.0,False,NONE
1090,605,2326,76.26390624,9.854045933561641,1096.0,11.416666666666666,0.0,0.0,0.0,1.5402748530795969,False,True,692,PV+/PNN-,76.26390624,9.854045933561641,0.0,0.0,0.0,False,NONE
1091,604,2738,135.84508299,13.151552441468574,1742.0,10.187134502923977,0.0,0.0,0.0,1.9099545315914466,False,True,693,PV+/PNN-,135.84508299,13.151552441468574,0.0,0.0,0.0,False,NONE
1092,605,2424,103.2740397,11.467021901548332,1221.0,9.392307692307693,0.0,0.0,0.0,1.538880939185407,False,True,695,PV+/PNN-,103.2740397,11.467021901548332,0.0,0.0,0.0,False,NONE
1093,605,1180,92.15222004,10.83198276817611,5774.0,49.775862068965516,0.0,0.0,0.0,1.295293779322873,False,True,696,PV+/PNN-,92.15222004,10.83198276817611,0.0,0.0,0.0,False,NONE
1094,605,431,66.73091796,9.217615939230159,3659.0,43.55952380952381,0.0,0.0,0.0,1.5491576376994332,False,True,697,PV+/PNN-,66.73091796,9.217615939230159,0.0,0.0,0.0,False,NONE
1095,606,2082,60.37559244,8.767701627645716,1049.0,13.802631578947368,0.0,0.0,0.0,1.59216901585864,False,True,698,PV+/PNN-,60.37559244,8.767701627645716,0.0,0.0,0.0,False,NONE
1096,607,269,111.2181966,11.899891008124815,4710.0,33.642857142857146,0.0,0.0,0.0,1.7536139602634342,False,True,699,PV+/PNN-,111.2181966,11.899891008124815,0.0,0.0,0.0,False,NONE
1097,605,1415,51.63701985,8.108408946599484,5267.0,81.03076923076924,0.0,0.0,0.0,1.5834861837994771,False,True,700,PV+/PNN-,51.63701985,8.108408946599484,0.0,0.0,0.0,False,NONE
1098,608,1820,93.74105142,10.924962866435578,2131.0,18.059322033898304,0.0,0.0,0.0,1.6166065785415793,False,True,701,PV+/PNN-,93.74105142,10.924962866435578,0.0,0.0,0.0,False,NONE
1099,609,834,104.86287108,11.554893086200376,1586.0,12.015151515151516,0.0,0.0,0.0,1.6189278732588737,False,True,702,PV+/PNN-,104.86287108,11.554893086200376,0.0,0.0,0.0,False,NONE
1100,607,1954,39.7207845,7.111545090435939,759.0,15.18,0.0,0.0,0.0,1.3558682443717973,False,True,703,PV+/PNN-,39.7207845,7.111545090435939,0.0,0.0,0.0,False,NONE
1101,609,2296,63.5532552,8.995472067506276,864.0,10.8,0.0,0.0,0.0,1.5349451823076952,False,True,704,PV+/PNN-,63.5532552,8.995472067506276,0.0,0.0,0.0,False,NONE
1102,610,2437,65.14208658,9.10722134683339,679.0,8.28048780487805,0.0,0.0,0.0,1.8313268740134494,False,True,705,PV+/PNN-,65.14208658,9.10722134683339,0.0,0.0,0.0,False,NONE
1103,610,145,61.17000813,8.825195369105852,2119.0,27.51948051948052,0.0,0.0,0.0,1.8837963601048984,False,True,706,PV+/PNN-,61.17000813,8.825195369105852,0.0,0.0,0.0,False,NONE
1104,610,1564,76.26390624,9.854045933561641,5986.0,62.354166666666664,0.0,0.0,0.0,1.5500459161614166,False,True,707,PV+/PNN-,76.26390624,9.854045933561641,0.0,0.0,0.0,False,NONE
1105,611,2405,59.58117675,8.70982837718145,785.0,10.466666666666667,0.0,0.0,0.0,1.536082178739034,False,True,709,PV+/PNN-,59.58117675,8.70982837718145,0.0,0.0,0.0,False,NONE
1106,614,848,93.74105142,10.924962866435578,1149.0,9.73728813559322,0.0,0.0,0.0,1.4626784599768243,False,True,710,PV+/PNN-,93.74105142,10.924962866435578,0.0,0.0,0.0,False,NONE
1107,612,1609,69.11416503,9.380772250595795,5485.0,63.04597701149425,0.0,0.0,0.0,1.659426688152572,False,True,711,PV+/PNN-,69.11416503,9.380772250595795,0.0,0.0,0.0,False,NONE
1108,613,1933,89.76897297000001,10.690996505268625,2730.0,24.15929203539823,0.0,0.0,0.0,1.37722465964186,False,True,712,PV+/PNN-,89.76897297000001,10.690996505268625,0.0,0.0,0.0,False,NONE
1109,615,775,112.80702798,11.984588810142046,1473.0,10.373239436619718,0.0,0.0,0.0,1.805782536462926,False,True,713,PV+/PNN-,112.80702798,11.984588810142046,0.0,0.0,0.0,False,NONE
1110,615,902,134.25625161,13.074416571218995,1729.0,10.23076923076923,0.0,0.0,0.0,1.7564576527327702,False,True,714,PV+/PNN-,134.25625161,13.074416571218995,0.0,0.0,0.0,False,NONE
1111,614,1219,93.74105142,10.924962866435578,4197.0,35.567796610169495,0.0,0.0,0.0,1.3817397309662491,False,True,715,PV+/PNN-,93.74105142,10.924962866435578,0.0,0.0,0.0,False,NONE
1112,613,2494,68.31974934,9.326703948667076,969.0,11.267441860465116,0.0,0.0,0.0,1.628152447900023,False,True,716,PV+/PNN-,68.31974934,9.326703948667076,0.0,0.0,0.0,False,NONE
1113,616,985,89.76897297000001,10.690996505268625,3670.0,32.47787610619469,0.0,0.0,0.0,1.264028112274036,False,True,717,PV+/PNN-,89.76897297000001,10.690996505268625,0.0,0.0,0.0,False,NONE
1114,617,2750,111.2181966,11.899891008124815,828.0,5.914285714285715,0.0,0.0,0.0,1.984464842840663,False,True,718,PV+/PNN-,111.2181966,11.899891008124815,0.0,0.0,0.0,False,NONE
1115,616,1116,102.47962401,11.422832828117684,2326.0,18.031007751937985,0.0,0.0,0.0,1.366378850917315,False,True,719,PV+/PNN-,102.47962401,11.422832828117684,0.0,0.0,0.0,False,NONE
1116,617,1301,88.97455728,10.643586087602236,4264.0,38.07142857142857,0.0,0.0,0.0,1.5577866284729882,False,True,720,PV+/PNN-,88.97455728,10.643586087602236,0.0,0.0,0.0,False,NONE
1117,617,1334,58.78676106,8.651568001725998,3057.0,41.310810810810814,0.0,0.0,0.0,1.3932047488063088,False,True,721,PV+/PNN-,58.78676106,8.651568001725998,0.0,0.0,0.0,False,NONE
1118,617,2213,61.96442382,8.88231697105848,650.0,8.333333333333334,0.0,0.0,0.0,1.5830488774797313,False,True,722,PV+/PNN-,61.96442382,8.88231697105848,0.0,0.0,0.0,False,NONE
1119,619,2257,85.00247883,10.403293586497956,1011.0,9.448598130841122,0.0,0.0,0.0,1.6273925556969437,False,True,723,PV+/PNN-,85.00247883,10.403293586497956,0.0,0.0,0.0,False,NONE
1120,619,2648,86.59131021,10.500070494515816,992.0,9.100917431192661,0.0,0.0,0.0,1.7180120389131999,False,True,725,PV+/PNN-,86.59131021,10.500070494515816,0.0,0.0,0.0,False,NONE
1121,621,277,96.12429849,11.062967867954534,5051.0,41.743801652892564,0.0,0.0,0.0,1.7668078843183617,False,True,726,PV+/PNN-,96.12429849,11.062967867954534,0.0,0.0,0.0,False,NONE
1122,624,815,134.25625161,13.074416571218995,2366.0,14.0,0.0,0.0,0.0,1.6318253516052221,False,True,727,PV+/PNN-,134.25625161,13.074416571218995,0.0,0.0,0.0,False,NONE
1123,623,432,99.30196125,11.244340084382843,5883.0,47.064,0.0,0.0,0.0,1.569055075247866,False,True,728,PV+/PNN-,99.30196125,11.244340084382843,0.0,0.0,0.0,False,NONE
1124,621,1279,61.17000813,8.825195369105852,1798.0,23.350649350649352,0.0,0.0,0.0,1.761975313890002,False,True,729,PV+/PNN-,61.17000813,8.825195369105852,0.0,0.0,0.0,False,NONE
1125,621,1391,46.07611002,7.659368469073156,2707.0,46.672413793103445,0.0,0.0,0.0,1.4026223217639282,False,True,730,PV+/PNN-,46.07611002,7.659368469073156,0.0,0.0,0.0,False,NONE
1126,626,2010,128.69534178,12.800781162784691,2021.0,12.475308641975309,0.0,0.0,0.0,1.609692169923502,False,True,731,PV+/PNN-,128.69534178,12.800781162784691,0.0,0.0,0.0,False,NONE
1127,623,2772,84.20806314000001,10.354565948189398,682.0,6.433962264150943,0.0,0.0,0.0,1.62424230769352,False,True,732,PV+/PNN-,84.20806314000001,10.354565948189398,0.0,0.0,0.0,False,NONE
1128,625,1184,75.46949055,9.802588422925686,4747.0,49.96842105263158,0.0,0.0,0.0,1.885918028086823,False,True,733,PV+/PNN-,75.46949055,9.802588422925686,0.0,0.0,0.0,False,NONE
1129,627,409,81.82481607,10.206987389088184,3293.0,31.97087378640777,0.0,0.0,0.0,1.826369510340224,False,True,734,PV+/PNN-,81.82481607,10.206987389088184,0.0,0.0,0.0,False,NONE
1130,624,843,27.01013346,5.864330313842014,254.0,7.470588235294118,0.0,0.0,0.0,1.7506400935470119,False,True,735,PV+/PNN-,27.01013346,5.864330313842014,0.0,0.0,0.0,False,NONE
1131,626,1428,54.02026692,8.293415464071046,2567.0,37.75,0.0,0.0,0.0,1.4145573248717975,False,True,736,PV+/PNN-,54.02026692,8.293415464071046,0.0,0.0,0.0,False,NONE
1132,629,2073,104.06845539,11.51104134134072,4718.0,36.01526717557252,0.0,0.0,0.0,1.7419479677079697,False,True,737,PV+/PNN-,104.06845539,11.51104134134072,0.0,0.0,0.0,False,NONE
1133,628,140,64.34767089,9.051519164690074,2799.0,34.55555555555556,0.0,0.0,0.0,1.717075166216633,False,True,738,PV+/PNN-,64.34767089,9.051519164690074,0.0,0.0,0.0,False,NONE
1134,628,885,63.5532552,8.995472067506276,953.0,11.9125,0.0,0.0,0.0,1.5594616678584432,False,True,739,PV+/PNN-,63.5532552,8.995472067506276,0.0,0.0,0.0,False,NONE
1135,626,955,50.84260416,8.045794813057842,1032.0,16.125,0.0,0.0,0.0,1.490975398439506,False,True,740,PV+/PNN-,50.84260416,8.045794813057842,0.0,0.0,0.0,False,NONE
1136,629,2516,115.19027505,12.11052490037406,1417.0,9.772413793103448,0.0,0.0,0.0,1.6484487915741262,False,True,741,PV+/PNN-,115.19027505,12.11052490037406,0.0,0.0,0.0,False,NONE
1137,629,231,104.86287108,11.554893086200376,3189.0,24.15909090909091,0.0,0.0,0.0,1.8579555321199206,False,True,742,PV+/PNN-,104.86287108,11.554893086200376,0.0,0.0,0.0,False,NONE
1138,630,1363,85.79689452,10.451794052617739,4596.0,42.55555555555556,0.0,0.0,0.0,1.4220351200288885,False,True,743,PV+/PNN-,85.79689452,10.451794052617739,0.0,0.0,0.0,False,NONE
1139,631,1767,111.2181966,11.899891008124815,8847.0,63.19285714285714,0.0,0.0,0.0,1.639711282052506,False,True,745,PV+/PNN-,111.2181966,11.899891008124815,0.0,0.0,0.0,False,NONE
1140,630,1885,110.42378091,11.857315232959936,3411.0,24.53956834532374,0.0,0.0,0.0,1.5803432412568434,False,True,746,PV+/PNN-,110.42378091,11.857315232959936,0.0,0.0,0.0,False,NONE
1141,631,773,88.18014159,10.595963539609496,2188.0,19.71171171171171,0.0,0.0,0.0,1.475790638244786,False,True,747,PV+/PNN-,88.18014159,10.595963539609496,0.0,0.0,0.0,False,NONE
1142,632,1743,121.54560057,12.440123196106569,5984.0,39.111111111111114,0.0,0.0,0.0,1.3710839319088344,False,True,748,PV+/PNN-,121.54560057,12.440123196106569,0.0,0.0,0.0,False,NONE
1143,633,1958,92.15222004,10.83198276817611,2388.0,20.586206896551722,0.0,0.0,0.0,1.6040471205916622,False,True,749,PV+/PNN-,92.15222004,10.83198276817611,0.0,0.0,0.0,False,NONE
1144,633,2018,126.31209471,12.681701540530954,2748.0,17.28301886792453,0.0,0.0,0.0,1.7054946470085501,False,True,750,PV+/PNN-,126.31209471,12.681701540530954,0.0,0.0,0.0,False,NONE
1145,631,1109,75.46949055,9.802588422925686,1929.0,20.305263157894736,0.0,0.0,0.0,1.488268486705356,False,True,751,PV+/PNN-,75.46949055,9.802588422925686,0.0,0.0,0.0,False,NONE
1146,633,1253,75.46949055,9.802588422925686,1667.0,17.54736842105263,0.0,0.0,0.0,1.5950863093337861,False,True,752,PV+/PNN-,75.46949055,9.802588422925686,0.0,0.0,0.0,False,NONE
1147,633,2734,96.91871418,11.108588547554572,992.0,8.131147540983607,0.0,0.0,0.0,1.7900704061429906,False,True,753,PV+/PNN-,96.91871418,11.108588547554572,0.0,0.0,0.0,False,NONE
1148,633,2795,107.24611815,11.68546099424064,931.0,6.896296296296296,0.0,0.0,0.0,1.8583575005552422,False,True,754,PV+/PNN-,107.24611815,11.68546099424064,0.0,0.0,0.0,False,NONE
1149,632,216,73.08624348000001,9.646569098642193,2738.0,29.76086956521739,0.0,0.0,0.0,1.6823221653915863,False,True,755,PV+/PNN-,73.08624348000001,9.646569098642193,0.0,0.0,0.0,False,NONE
1150,634,515,111.2181966,11.899891008124815,2789.0,19.92142857142857,0.0,0.0,0.0,1.6001194420326648,False,True,756,PV+/PNN-,111.2181966,11.899891008124815,0.0,0.0,0.0,False,NONE
1151,632,1266,50.84260416,8.045794813057842,1268.0,19.8125,0.0,0.0,0.0,1.5322803469217443,False,True,757,PV+/PNN-,50.84260416,8.045794813057842,0.0,0.0,0.0,False,NONE
1152,633,1872,80.23598469,10.107404643036364,2624.0,25.980198019801982,0.0,0.0,0.0,1.3441324148701048,False,True,758,PV+/PNN-,80.23598469,10.107404643036364,0.0,0.0,0.0,False,NONE
1153,632,2247,71.4974121,9.54113894836179,683.0,7.588888888888889,0.0,0.0,0.0,1.5936899979268786,False,True,759,PV+/PNN-,71.4974121,9.54113894836179,0.0,0.0,0.0,False,NONE
1154,633,2807,106.45170246,11.642101063659146,940.0,7.014925373134329,0.0,0.0,0.0,1.6755848528259374,False,True,760,PV+/PNN-,106.45170246,11.642101063659146,0.0,0.0,0.0,False,NONE
1155,633,302,55.6090983,8.414493627225879,3220.0,46.0,0.0,0.0,0.0,1.7932058002832756,False,True,761,PV+/PNN-,55.6090983,8.414493627225879,0.0,0.0,0.0,False,NONE
1156,635,700,57.19792968,8.533854108523126,787.0,10.930555555555555,0.0,0.0,0.0,1.4176924253258574,False,True,765,PV+/PNN-,57.19792968,8.533854108523126,0.0,0.0,0.0,False,NONE
1157,635,1156,61.96442382,8.88231697105848,1544.0,19.794871794871796,0.0,0.0,0.0,1.589608472275918,False,True,766,PV+/PNN-,61.96442382,8.88231697105848,0.0,0.0,0.0,False,NONE
1158,635,1273,48.45935709,7.854958291387057,1165.0,19.098360655737704,0.0,0.0,0.0,1.5922609860186383,False,True,767,PV+/PNN-,48.45935709,7.854958291387057,0.0,0.0,0.0,False,NONE
1159,635,1325,44.48727864,7.526151898686336,3803.0,67.91071428571429,0.0,0.0,0.0,1.4192151884035435,False,True,768,PV+/PNN-,44.48727864,7.526151898686336,0.0,0.0,0.0,False,NONE
1160,635,1388,54.02026692,8.293415464071046,2260.0,33.23529411764706,0.0,0.0,0.0,1.4484164097756436,False,True,769,PV+/PNN-,54.02026692,8.293415464071046,0.0,0.0,0.0,False,NONE
1161,639,622,128.69534178,12.800781162784691,2085.0,12.87037037037037,0.0,0.0,0.0,1.7286556854247155,False,True,770,PV+/PNN-,128.69534178,12.800781162784691,0.0,0.0,0.0,False,NONE
1162,636,1286,62.75883951,8.93907356753593,2048.0,25.924050632911392,0.0,0.0,0.0,1.4615441468668207,False,True,771,PV+/PNN-,62.75883951,8.93907356753593,0.0,0.0,0.0,False,NONE
1163,637,1490,86.59131021,10.500070494515816,2809.0,25.770642201834864,0.0,0.0,0.0,1.3855188164459369,False,True,772,PV+/PNN-,86.59131021,10.500070494515816,0.0,0.0,0.0,False,NONE
1164,637,2337,61.96442382,8.88231697105848,962.0,12.333333333333334,0.0,0.0,0.0,1.5808623458810023,False,True,773,PV+/PNN-,61.96442382,8.88231697105848,0.0,0.0,0.0,False,NONE
1165,637,2439,100.09637694,11.289227848029503,1118.0,8.873015873015873,0.0,0.0,0.0,1.5362987494878606,False,True,774,PV+/PNN-,100.09637694,11.289227848029503,0.0,0.0,0.0,False,NONE
1166,637,1414,61.96442382,8.88231697105848,2011.0,25.78205128205128,0.0,0.0,0.0,1.4256186023712496,False,True,775,PV+/PNN-,61.96442382,8.88231697105848,0.0,0.0,0.0,False,NONE
1167,640,978,102.47962401,11.422832828117684,2481.0,19.232558139534884,0.0,0.0,0.0,1.4926383383508939,False,True,776,PV+/PNN-,102.47962401,11.422832828117684,0.0,0.0,0.0,False,NONE
1168,638,1971,62.75883951,8.93907356753593,2015.0,25.50632911392405,0.0,0.0,0.0,1.5662485650692444,False,True,777,PV+/PNN-,62.75883951,8.93907356753593,0.0,0.0,0.0,False,NONE
1169,642,199,133.46183592,13.035677474005707,5699.0,33.92261904761905,0.0,0.0,0.0,1.9998955086945498,False,True,778,PV+/PNN-,133.46183592,13.035677474005707,0.0,0.0,0.0,False,NONE
1170,637,1306,37.33753743,6.894898778002857,825.0,17.5531914893617,0.0,0.0,0.0,1.482328858091474,False,True,779,PV+/PNN-,37.33753743,6.894898778002857,0.0,0.0,0.0,False,NONE
1171,640,2636,107.24611815,11.68546099424064,1432.0,10.607407407407408,0.0,0.0,0.0,1.5046252774719877,False,True,780,PV+/PNN-,107.24611815,11.68546099424064,0.0,0.0,0.0,False,NONE
1172,639,1086,35.74870605,6.746604050629706,788.0,17.511111111111113,0.0,0.0,0.0,1.5861100217179518,False,True,781,PV+/PNN-,35.74870605,6.746604050629706,0.0,0.0,0.0,False,NONE
1173,640,1685,66.73091796,9.217615939230159,2692.0,32.04761904761905,0.0,0.0,0.0,1.5288541299969503,False,True,782,PV+/PNN-,66.73091796,9.217615939230159,0.0,0.0,0.0,False,NONE
1174,640,2055,77.85273762,9.956163126610313,1712.0,17.46938775510204,0.0,0.0,0.0,1.5941154047549304,False,True,783,PV+/PNN-,77.85273762,9.956163126610313,0.0,0.0,0.0,False,NONE
1175,643,2467,107.24611815,11.68546099424064,1060.0,7.851851851851852,0.0,0.0,0.0,1.5785300455090248,False,True,784,PV+/PNN-,107.24611815,11.68546099424064,0.0,0.0,0.0,False,NONE
1176,642,400,65.14208658,9.10722134683339,1965.0,23.963414634146343,0.0,0.0,0.0,1.7814099575156381,False,True,785,PV+/PNN-,65.14208658,9.10722134683339,0.0,0.0,0.0,False,NONE
1177,644,531,106.45170246,11.642101063659146,2277.0,16.992537313432837,0.0,0.0,0.0,1.7481320131837639,False,True,786,PV+/PNN-,106.45170246,11.642101063659146,0.0,0.0,0.0,False,NONE
1178,644,600,110.42378091,11.857315232959936,1397.0,10.050359712230216,0.0,0.0,0.0,1.6883170030818455,False,True,787,PV+/PNN-,110.42378091,11.857315232959936,0.0,0.0,0.0,False,NONE
1179,643,1345,87.3857259,10.548125988120718,5526.0,50.236363636363635,0.0,0.0,0.0,1.4589731480318597,False,True,788,PV+/PNN-,87.3857259,10.548125988120718,0.0,0.0,0.0,False,NONE
1180,643,2034,71.4974121,9.54113894836179,4038.0,44.86666666666667,0.0,0.0,0.0,1.4411429767222248,False,True,789,PV+/PNN-,71.4974121,9.54113894836179,0.0,0.0,0.0,False,NONE
1181,644,2526,115.19027505,12.11052490037406,1350.0,9.310344827586206,0.0,0.0,0.0,1.7584237912260567,False,True,790,PV+/PNN-,115.19027505,12.11052490037406,0.0,0.0,0.0,False,NONE
1182,644,940,65.93650227,9.1625849044734,700.0,8.433734939759036,0.0,0.0,0.0,1.5246711181690893,False,True,791,PV+/PNN-,65.93650227,9.1625849044734,0.0,0.0,0.0,False,NONE
1183,644,1476,67.52533365000001,9.272320371655413,2495.0,29.352941176470587,0.0,0.0,0.0,1.3934894498205153,False,True,792,PV+/PNN-,67.52533365000001,9.272320371655413,0.0,0.0,0.0,False,NONE
1184,645,1633,78.64715331000001,10.006830950662698,2584.0,26.1010101010101,0.0,0.0,0.0,1.5780132289493252,False,True,793,PV+/PNN-,78.64715331000001,10.006830950662698,0.0,0.0,0.0,False,NONE
1185,646,2319,88.18014159,10.595963539609496,1690.0,15.225225225225225,0.0,0.0,0.0,1.6793744587210317,False,True,794,PV+/PNN-,88.18014159,10.595963539609496,0.0,0.0,0.0,False,NONE
1186,646,30,88.97455728,10.643586087602236,3931.0,35.098214285714285,0.0,0.0,0.0,1.9438070686664413,False,True,795,PV+/PNN-,88.97455728,10.643586087602236,0.0,0.0,0.0,False,NONE
1187,645,513,50.84260416,8.045794813057842,1264.0,19.75,0.0,0.0,0.0,1.5082968284481866,False,True,796,PV+/PNN-,50.84260416,8.045794813057842,0.0,0.0,0.0,False,NONE
1188,644,1325,41.30961588,7.252381437585563,5424.0,104.3076923076923,0.0,0.0,0.0,1.3988335902868203,False,True,797,PV+/PNN-,41.30961588,7.252381437585563,0.0,0.0,0.0,False,NONE
1189,646,2812,127.90092609,12.761211420003875,954.0,5.925465838509317,0.0,0.0,0.0,1.690664258773693,False,True,798,PV+/PNN-,127.90092609,12.761211420003875,0.0,0.0,0.0,False,NONE
1190,646,1620,56.40351399,8.474384017383858,2520.0,35.49295774647887,0.0,0.0,0.0,1.4532736076622152,False,True,799,PV+/PNN-,56.40351399,8.474384017383858,0.0,0.0,0.0,False,NONE
1191,650,2554,145.37807127,13.6051868520168,3787.0,20.693989071038253,0.0,0.0,0.0,2.160759201688155,False,True,800,PV+/PNN-,145.37807127,13.6051868520168,0.0,0.0,0.0,False,NONE
1192,648,687,93.74105142,10.924962866435578,1176.0,9.966101694915254,0.0,0.0,0.0,1.5176011689482862,False,True,801,PV+/PNN-,93.74105142,10.924962866435578,0.0,0.0,0.0,False,NONE
1193,648,1978,66.73091796,9.217615939230159,2476.0,29.476190476190474,0.0,0.0,0.0,1.4933229915176056,False,True,802,PV+/PNN-,66.73091796,9.217615939230159,0.0,0.0,0.0,False,NONE
1194,649,2662,128.69534178,12.800781162784691,1506.0,9.296296296296296,0.0,0.0,0.0,1.597585263478688,False,True,803,PV+/PNN-,128.69534178,12.800781162784691,0.0,0.0,0.0,False,NONE
1195,649,2859,114.39585936,12.068692219586765,809.0,5.618055555555555,0.0,0.0,0.0,1.8665691414482466,False,True,804,PV+/PNN-,114.39585936,12.068692219586765,0.0,0.0,0.0,False,NONE
1196,649,1408,76.26390624,9.854045933561641,2237.0,23.302083333333332,0.0,0.0,0.0,1.4834250315126452,False,True,806,PV+/PNN-,76.26390624,9.854045933561641,0.0,0.0,0.0,False,NONE
1197,650,1672,87.3857259,10.548125988120718,11174.0,101.58181818181818,0.0,0.0,0.0,1.745806338665116,False,True,807,PV+/PNN-,87.3857259,10.548125988120718,0.0,0.0,0.0,False,NONE
1198,652,738,86.59131021,10.500070494515816,940.0,8.623853211009175,0.0,0.0,0.0,1.5302511603434514,False,True,808,PV+/PNN-,86.59131021,10.500070494515816,0.0,0.0,0.0,False,NONE
1199,653,1450,103.2740397,11.467021901548332,4216.0,32.43076923076923,0.0,0.0,0.0,1.529041546991127,False,True,809,PV+/PNN-,103.2740397,11.467021901548332,0.0,0.0,0.0,False,NONE
1200,652,407,93.74105142,10.924962866435578,4287.0,36.33050847457627,0.0,0.0,0.0,2.0256362269343073,False,True,810,PV+/PNN-,93.74105142,10.924962866435578,0.0,0.0,0.0,False,NONE
1201,651,1106,74.67507486,9.75085936304132,4368.0,46.46808510638298,0.0,0.0,0.0,1.8107272954409925,False,True,811,PV+/PNN-,74.67507486,9.75085936304132,0.0,0.0,0.0,False,NONE
1202,653,2427,112.01261229,11.942314996545514,1400.0,9.929078014184396,0.0,0.0,0.0,1.7496439765233105,False,True,812,PV+/PNN-,112.01261229,11.942314996545514,0.0,0.0,0.0,False,NONE
1203,653,107,109.62936522,11.814586030086609,2327.0,16.86231884057971,0.0,0.0,0.0,2.055244636213927,False,True,813,PV+/PNN-,109.62936522,11.814586030086609,0.0,0.0,0.0,False,NONE
1204,652,1079,81.82481607,10.206987389088184,2563.0,24.883495145631066,0.0,0.0,0.0,1.561438303037925,False,True,814,PV+/PNN-,81.82481607,10.206987389088184,0.0,0.0,0.0,False,NONE
1205,653,855,93.74105142,10.924962866435578,1776.0,15.05084745762712,0.0,0.0,0.0,1.428713100481315,False,True,815,PV+/PNN-,93.74105142,10.924962866435578,0.0,0.0,0.0,False,NONE
1206,654,956,92.15222004,10.83198276817611,2327.0,20.060344827586206,0.0,0.0,0.0,1.6827057099149014,False,True,816,PV+/PNN-,92.15222004,10.83198276817611,0.0,0.0,0.0,False,NONE
1207,654,1163,88.18014159,10.595963539609496,1515.0,13.64864864864865,0.0,0.0,0.0,1.3482626601351375,False,True,817,PV+/PNN-,88.18014159,10.595963539609496,0.0,0.0,0.0,False,NONE
1208,655,192,88.97455728,10.643586087602236,4979.0,44.455357142857146,0.0,0.0,0.0,2.121208967216884,False,True,818,PV+/PNN-,88.97455728,10.643586087602236,0.0,0.0,0.0,False,NONE
1209,653,1489,61.17000813,8.825195369105852,2053.0,26.662337662337663,0.0,0.0,0.0,1.3001628023298948,False,True,819,PV+/PNN-,61.17000813,8.825195369105852,0.0,0.0,0.0,False,NONE
1210,654,1004,50.04818847,7.982689565701676,1238.0,19.650793650793652,0.0,0.0,0.0,1.3846992253093227,False,True,820,PV+/PNN-,50.04818847,7.982689565701676,0.0,0.0,0.0,False,NONE
1211,655,1347,65.93650227,9.1625849044734,2606.0,31.397590361445783,0.0,0.0,0.0,1.4640541397513156,False,True,821,PV+/PNN-,65.93650227,9.1625849044734,0.0,0.0,0.0,False,NONE
1212,656,2019,107.24611815,11.68546099424064,2977.0,22.05185185185185,0.0,0.0,0.0,1.5362085116758497,False,True,822,PV+/PNN-,107.24611815,11.68546099424064,0.0,0.0,0.0,False,NONE
1213,656,2835,69.90858072,9.434530697868027,962.0,10.931818181818182,0.0,0.0,0.0,1.5368832444065685,False,True,823,PV+/PNN-,69.90858072,9.434530697868027,0.0,0.0,0.0,False,NONE
1214,657,1072,43.69286295,7.4586514150102134,1305.0,23.727272727272727,0.0,0.0,0.0,1.5163397861585108,False,True,824,PV+/PNN-,43.69286295,7.4586514150102134,0.0,0.0,0.0,False,NONE
1215,657,1292,55.6090983,8.414493627225879,1303.0,18.614285714285714,0.0,0.0,0.0,1.296175931726498,False,True,825,PV+/PNN-,55.6090983,8.414493627225879,0.0,0.0,0.0,False,NONE
1216,659,2786,104.86287108,11.554893086200376,772.0,5.848484848484849,0.0,0.0,0.0,1.8017517312525932,False,True,826,PV+/PNN-,104.86287108,11.554893086200376,0.0,0.0,0.0,False,NONE
1217,658,1681,53.22585123,8.232208609372499,2231.0,33.298507462686565,0.0,0.0,0.0,1.4229425487728053,False,True,827,PV+/PNN-,53.22585123,8.232208609372499,0.0,0.0,0.0,False,NONE
1218,658,2262,69.11416503,9.380772250595795,1210.0,13.908045977011493,0.0,0.0,0.0,1.5114211182110255,False,True,828,PV+/PNN-,69.11416503,9.380772250595795,0.0,0.0,0.0,False,NONE
1219,659,2455,62.75883951,8.93907356753593,741.0,9.379746835443038,0.0,0.0,0.0,1.61698163368279,False,True,829,PV+/PNN-,62.75883951,8.93907356753593,0.0,0.0,0.0,False,NONE
1220,660,1027,71.4974121,9.54113894836179,1621.0,18.011111111111113,0.0,0.0,0.0,1.4174555510693285,False,True,830,PV+/PNN-,71.4974121,9.54113894836179,0.0,0.0,0.0,False,NONE
1221,661,1283,121.54560057,12.440123196106569,3394.0,22.18300653594771,0.0,0.0,0.0,1.416786729639129,False,True,831,PV+/PNN-,121.54560057,12.440123196106569,0.0,0.0,0.0,False,NONE
1222,660,1723,73.08624348000001,9.646569098642193,2170.0,23.58695652173913,0.0,0.0,0.0,1.3115624595201623,False,True,832,PV+/PNN-,73.08624348000001,9.646569098642193,0.0,0.0,0.0,False,NONE
1223,660,1948,100.09637694,11.289227848029503,2898.0,23.0,0.0,0.0,0.0,1.42327588994404,False,True,833,PV+/PNN-,100.09637694,11.289227848029503,0.0,0.0,0.0,False,NONE
1224,660,2397,64.34767089,9.051519164690074,1140.0,14.074074074074074,0.0,0.0,0.0,1.4507232244307295,False,True,834,PV+/PNN-,64.34767089,9.051519164690074,0.0,0.0,0.0,False,NONE
1225,662,54,107.24611815,11.68546099424064,3590.0,26.59259259259259,0.0,0.0,0.0,1.9208923042788892,False,True,835,PV+/PNN-,107.24611815,11.68546099424064,0.0,0.0,0.0,False,NONE
1226,660,1560,69.90858072,9.434530697868027,3365.0,38.23863636363637,0.0,0.0,0.0,1.451608512056141,False,True,836,PV+/PNN-,69.90858072,9.434530697868027,0.0,0.0,0.0,False,NONE
1227,662,1421,75.46949055,9.802588422925686,2086.0,21.957894736842107,0.0,0.0,0.0,1.769226289080975,False,True,837,PV+/PNN-,75.46949055,9.802588422925686,0.0,0.0,0.0,False,NONE
1228,664,421,85.79689452,10.451794052617739,7277.0,67.37962962962963,0.0,0.0,0.0,1.9249981247253911,False,True,838,PV+/PNN-,85.79689452,10.451794052617739,0.0,0.0,0.0,False,NONE
1229,665,1102,104.06845539,11.51104134134072,2372.0,18.106870229007633,0.0,0.0,0.0,1.5538227948127514,False,True,839,PV+/PNN-,104.06845539,11.51104134134072,0.0,0.0,0.0,False,NONE
1230,665,1150,69.90858072,9.434530697868027,1318.0,14.977272727272727,0.0,0.0,0.0,1.6492908461412228,False,True,840,PV+/PNN-,69.90858072,9.434530697868027,0.0,0.0,0.0,False,NONE
1231,664,1662,53.22585123,8.232208609372499,1945.0,29.029850746268657,0.0,0.0,0.0,1.2905758000497536,False,True,841,PV+/PNN-,53.22585123,8.232208609372499,0.0,0.0,0.0,False,NONE
1232,666,1932,100.09637694,11.289227848029503,4284.0,34.0,0.0,0.0,0.0,1.6845143557159845,False,True,843,PV+/PNN-,100.09637694,11.289227848029503,0.0,0.0,0.0,False,NONE
1233,667,2275,125.51767902,12.64175907426016,2429.0,15.373417721518987,0.0,0.0,0.0,1.6677147022963354,False,True,844,PV+/PNN-,125.51767902,12.64175907426016,0.0,0.0,0.0,False,NONE
1234,666,159,83.41364745,10.305607915302103,4431.0,42.2,0.0,0.0,0.0,1.7160524710138412,False,True,845,PV+/PNN-,83.41364745,10.305607915302103,0.0,0.0,0.0,False,NONE
1235,666,294,79.441569,10.057243516322302,4052.0,40.52,0.0,0.0,0.0,1.9110067519730805,False,True,846,PV+/PNN-,79.441569,10.057243516322302,0.0,0.0,0.0,False,NONE
1236,667,774,131.07858885,12.91876320674319,2215.0,13.424242424242424,0.0,0.0,0.0,1.5638869096508705,False,True,847,PV+/PNN-,131.07858885,12.91876320674319,0.0,0.0,0.0,False,NONE
1237,666,1208,71.4974121,9.54113894836179,1823.0,20.255555555555556,0.0,0.0,0.0,1.3634482205807243,False,True,848,PV+/PNN-,71.4974121,9.54113894836179,0.0,0.0,0.0,False,NONE
1238,667,1254,87.3857259,10.548125988120718,2003.0,18.20909090909091,0.0,0.0,0.0,1.3364876233830638,False,True,849,PV+/PNN-,87.3857259,10.548125988120718,0.0,0.0,0.0,False,NONE
1239,669,1738,138.22833006,13.266415342325757,4292.0,24.666666666666668,0.0,0.0,0.0,1.3550841089019083,False,True,850,PV+/PNN-,138.22833006,13.266415342325757,0.0,0.0,0.0,False,NONE
1240,670,2309,165.23846352,14.504762875171126,3793.0,18.235576923076923,0.0,0.0,0.0,1.7141041151785454,False,True,851,PV+/PNN-,165.23846352,14.504762875171126,0.0,0.0,0.0,False,NONE
1241,667,2361,68.31974934,9.326703948667076,998.0,11.604651162790697,0.0,0.0,0.0,1.7401994799418636,False,True,852,PV+/PNN-,68.31974934,9.326703948667076,0.0,0.0,0.0,False,NONE
1242,668,2747,105.65728677,11.598579038183399,1235.0,9.285714285714286,0.0,0.0,0.0,1.7535819020933778,False,True,853,PV+/PNN-,105.65728677,11.598579038183399,0.0,0.0,0.0,False,NONE
1243,670,2777,120.75118488,12.39940255265723,1195.0,7.8618421052631575,0.0,0.0,0.0,1.899045848724981,False,True,854,PV+/PNN-,120.75118488,12.39940255265723,0.0,0.0,0.0,False,NONE
1244,667,2823,49.25377278,7.919081463837606,392.0,6.32258064516129,0.0,0.0,0.0,1.6504786906534357,False,True,855,PV+/PNN-,49.25377278,7.919081463837606,0.0,0.0,0.0,False,NONE
1245,671,826,59.58117675,8.70982837718145,2640.0,35.2,0.0,0.0,0.0,1.803276340103707,False,True,856,PV+/PNN-,59.58117675,8.70982837718145,0.0,0.0,0.0,False,NONE
1246,671,1306,81.82481607,10.206987389088184,3038.0,29.49514563106796,0.0,0.0,0.0,1.503484601440547,False,True,857,PV+/PNN-,81.82481607,10.206987389088184,0.0,0.0,0.0,False,NONE
1247,669,1571,46.87052571,7.72511532706782,1674.0,28.372881355932204,0.0,0.0,0.0,1.5045931589287294,False,True,858,PV+/PNN-,46.87052571,7.72511532706782,0.0,0.0,0.0,False,NONE
1248,670,1978,71.4974121,9.54113894836179,2985.0,33.166666666666664,0.0,0.0,0.0,1.4098755748604015,False,True,859,PV+/PNN-,71.4974121,9.54113894836179,0.0,0.0,0.0,False,NONE
1249,671,30,78.64715331000001,10.006830950662698,2641.0,26.67676767676768,0.0,0.0,0.0,1.8682918633139118,False,True,860,PV+/PNN-,78.64715331000001,10.006830950662698,0.0,0.0,0.0,False,NONE
1250,672,2430,83.41364745,10.305607915302103,1262.0,12.019047619047619,0.0,0.0,0.0,1.42368196009809,False,True,861,PV+/PNN-,83.41364745,10.305607915302103,0.0,0.0,0.0,False,NONE
1251,673,203,94.53546711,10.971157418634661,7277.0,61.15126050420168,0.0,0.0,0.0,2.1483499797191734,False,True,862,PV+/PNN-,94.53546711,10.971157418634661,0.0,0.0,0.0,False,NONE
1252,673,2250,109.62936522,11.814586030086609,1680.0,12.173913043478262,0.0,0.0,0.0,1.7221788337727642,False,True,863,PV+/PNN-,109.62936522,11.814586030086609,0.0,0.0,0.0,False,NONE
1253,673,2378,127.90092609,12.761211420003875,2132.0,13.24223602484472,0.0,0.0,0.0,1.4899243608804507,False,True,864,PV+/PNN-,127.90092609,12.761211420003875,0.0,0.0,0.0,False,NONE
1254,674,223,85.79689452,10.451794052617739,4712.0,43.629629629629626,0.0,0.0,0.0,2.120814176789336,False,True,865,PV+/PNN-,85.79689452,10.451794052617739,0.0,0.0,0.0,False,NONE
1255,672,1346,77.05832193,9.90523612702942,2304.0,23.75257731958763,0.0,0.0,0.0,1.5472528756366228,False,True,866,PV+/PNN-,77.05832193,9.90523612702942,0.0,0.0,0.0,False,NONE
1256,672,1361,38.13195312,6.96786270174516,1466.0,30.541666666666668,0.0,0.0,0.0,1.4603297915010711,False,True,867,PV+/PNN-,38.13195312,6.96786270174516,0.0,0.0,0.0,False,NONE
1257,677,1958,96.12429849,11.062967867954534,4377.0,36.17355371900826,0.0,0.0,0.0,1.4440324511241813,False,True,869,PV+/PNN-,96.12429849,11.062967867954534,0.0,0.0,0.0,False,NONE
1258,676,16,77.85273762,9.956163126610313,2782.0,28.387755102040817,0.0,0.0,0.0,1.653285627202166,False,True,870,PV+/PNN-,77.85273762,9.956163126610313,0.0,0.0,0.0,False,NONE
1259,676,653,82.61923176,10.256416188536388,2354.0,22.634615384615383,0.0,0.0,0.0,1.6210398640076458,False,True,871,PV+/PNN-,82.61923176,10.256416188536388,0.0,0.0,0.0,False,NONE
1260,676,1841,115.19027505,12.11052490037406,5413.0,37.33103448275862,0.0,0.0,0.0,1.4626086852104359,False,True,872,PV+/PNN-,115.19027505,12.11052490037406,0.0,0.0,0.0,False,NONE
1261,678,1212,70.70299641,9.487984557348323,1454.0,16.337078651685392,0.0,0.0,0.0,1.3615212884264887,False,True,873,PV+/PNN-,70.70299641,9.487984557348323,0.0,0.0,0.0,False,NONE
1262,679,682,96.91871418,11.108588547554572,1556.0,12.754098360655737,0.0,0.0,0.0,1.5398379948196048,False,True,874,PV+/PNN-,96.91871418,11.108588547554572,0.0,0.0,0.0,False,NONE
1263,679,1873,88.18014159,10.595963539609496,5472.0,49.2972972972973,0.0,0.0,0.0,1.4358421149815226,False,True,875,PV+/PNN-,88.18014159,10.595963539609496,0.0,0.0,0.0,False,NONE
1264,680,760,83.41364745,10.305607915302103,1210.0,11.523809523809524,0.0,0.0,0.0,1.4845924832055377,False,True,877,PV+/PNN-,83.41364745,10.305607915302103,0.0,0.0,0.0,False,NONE
1265,680,1801,66.73091796,9.217615939230159,2994.0,35.642857142857146,0.0,0.0,0.0,1.5288541299969503,False,True,878,PV+/PNN-,66.73091796,9.217615939230159,0.0,0.0,0.0,False,NONE
1266,680,49,77.05832193,9.90523612702942,2693.0,27.762886597938145,0.0,0.0,0.0,1.8628572974284112,False,True,879,PV+/PNN-,77.05832193,9.90523612702942,0.0,0.0,0.0,False,NONE
1267,680,669,54.81468261,8.354173898786094,1161.0,16.82608695652174,0.0,0.0,0.0,1.4471987185847917,False,True,880,PV+/PNN-,54.81468261,8.354173898786094,0.0,0.0,0.0,False,NONE
1268,680,1245,60.37559244,8.767701627645716,1602.0,21.07894736842105,0.0,0.0,0.0,1.5585079372992607,False,True,881,PV+/PNN-,60.37559244,8.767701627645716,0.0,0.0,0.0,False,NONE
1269,684,236,166.03287921,14.539588286344586,7701.0,36.84688995215311,0.0,0.0,0.0,1.9735592362632433,False,True,882,PV+/PNN-,166.03287921,14.539588286344586,0.0,0.0,0.0,False,NONE
1270,683,432,99.30196125,11.244340084382843,2696.0,21.568,0.0,0.0,0.0,1.557457711648208,False,True,884,PV+/PNN-,99.30196125,11.244340084382843,0.0,0.0,0.0,False,NONE
1271,683,1421,92.15222004,10.83198276817611,1848.0,15.931034482758621,0.0,0.0,0.0,1.393065670724656,False,True,885,PV+/PNN-,92.15222004,10.83198276817611,0.0,0.0,0.0,False,NONE
1272,681,1603,53.22585123,8.232208609372499,1922.0,28.686567164179106,0.0,0.0,0.0,1.546399997101036,False,True,886,PV+/PNN-,53.22585123,8.232208609372499,0.0,0.0,0.0,False,NONE
1273,684,1184,81.82481607,10.206987389088184,1889.0,18.339805825242717,0.0,0.0,0.0,1.4157261390216607,False,True,887,PV+/PNN-,81.82481607,10.206987389088184,0.0,0.0,0.0,False,NONE
1274,684,2389,85.00247883,10.403293586497956,3069.0,28.682242990654206,0.0,0.0,0.0,1.6505043990442558,False,True,888,PV+/PNN-,85.00247883,10.403293586497956,0.0,0.0,0.0,False,NONE
1275,686,630,93.74105142,10.924962866435578,1837.0,15.567796610169491,0.0,0.0,0.0,1.6050439029686396,False,True,889,PV+/PNN-,93.74105142,10.924962866435578,0.0,0.0,0.0,False,NONE
1276,683,1153,46.87052571,7.72511532706782,1222.0,20.71186440677966,0.0,0.0,0.0,1.4525611188505025,False,True,890,PV+/PNN-,46.87052571,7.72511532706782,0.0,0.0,0.0,False,NONE
1277,684,2324,52.43143554,8.17054325713784,1080.0,16.363636363636363,0.0,0.0,0.0,1.7171230196017904,False,True,891,PV+/PNN-,52.43143554,8.17054325713784,0.0,0.0,0.0,False,NONE
1278,686,2468,88.97455728,10.643586087602236,1075.0,9.598214285714286,0.0,0.0,0.0,1.7428023424118622,False,True,892,PV+/PNN-,88.97455728,10.643586087602236,0.0,0.0,0.0,False,NONE
1279,688,813,148.55573403,13.753073662427433,2137.0,11.427807486631016,0.0,0.0,0.0,1.6863420333255665,False,True,893,PV+/PNN-,148.55573403,13.753073662427433,0.0,0.0,0.0,False,NONE
1280,687,1018,106.45170246,11.642101063659146,4140.0,30.895522388059703,0.0,0.0,0.0,1.4401247709628167,False,True,894,PV+/PNN-,106.45170246,11.642101063659146,0.0,0.0,0.0,False,NONE
1281,687,1449,96.91871418,11.108588547554572,4090.0,33.52459016393443,0.0,0.0,0.0,1.5384400483876306,False,True,895,PV+/PNN-,96.91871418,11.108588547554572,0.0,0.0,0.0,False,NONE
1282,688,743,117.57352212,12.235164803834003,1246.0,8.41891891891892,0.0,0.0,0.0,1.7060708276325396,False,True,896,PV+/PNN-,117.57352212,12.235164803834003,0.0,0.0,0.0,False,NONE
1283,686,2335,62.75883951,8.93907356753593,623.0,7.886075949367089,0.0,0.0,0.0,1.779975109441202,False,True,897,PV+/PNN-,62.75883951,8.93907356753593,0.0,0.0,0.0,False,NONE
1284,688,31,95.32988280000001,11.017158280424603,2903.0,24.191666666666666,0.0,0.0,0.0,1.9641613351381804,False,True,898,PV+/PNN-,95.32988280000001,11.017158280424603,0.0,0.0,0.0,False,NONE
1285,689,186,114.39585936,12.068692219586765,5914.0,41.06944444444444,0.0,0.0,0.0,1.9317095619937121,False,True,899,PV+/PNN-,114.39585936,12.068692219586765,0.0,0.0,0.0,False,NONE
1286,689,1301,96.91871418,11.108588547554572,5119.0,41.959016393442624,0.0,0.0,0.0,1.318962458567678,False,True,900,PV+/PNN-,96.91871418,11.108588547554572,0.0,0.0,0.0,False,NONE
1287,685,1433,27.01013346,5.864330313842014,736.0,21.647058823529413,0.0,0.0,0.0,1.499832057222225,False,True,901,PV+/PNN-,27.01013346,5.864330313842014,0.0,0.0,0.0,False,NONE
1288,688,1408,57.19792968,8.533854108523126,1886.0,26.194444444444443,0.0,0.0,0.0,1.3501832622151022,False,True,902,PV+/PNN-,57.19792968,8.533854108523126,0.0,0.0,0.0,False,NONE
1289,691,525,88.97455728,10.643586087602236,1868.0,16.678571428571427,0.0,0.0,0.0,1.5615935361672038,False,True,903,PV+/PNN-,88.97455728,10.643586087602236,0.0,0.0,0.0,False,NONE
1290,689,1562,64.34767089,9.051519164690074,2404.0,29.679012345679013,0.0,0.0,0.0,1.6191671401846606,False,True,905,PV+/PNN-,64.34767089,9.051519164690074,0.0,0.0,0.0,False,NONE
1291,689,2240,59.58117675,8.70982837718145,3804.0,50.72,0.0,0.0,0.0,1.5747400574045611,False,True,906,PV+/PNN-,59.58117675,8.70982837718145,0.0,0.0,0.0,False,NONE
1292,693,596,117.57352212,12.235164803834003,2492.0,16.83783783783784,0.0,0.0,0.0,1.7089517307524864,False,True,907,PV+/PNN-,117.57352212,12.235164803834003,0.0,0.0,0.0,False,NONE
1293,692,2705,111.2181966,11.899891008124815,1947.0,13.907142857142857,0.0,0.0,0.0,1.896144584334863,False,True,908,PV+/PNN-,111.2181966,11.899891008124815,0.0,0.0,0.0,False,NONE
1294,691,2275,61.17000813,8.825195369105852,1436.0,18.649350649350648,0.0,0.0,0.0,1.4662824108047534,False,True,909,PV+/PNN-,61.17000813,8.825195369105852,0.0,0.0,0.0,False,NONE
1295,692,2435,90.56338866,10.738197602350779,1517.0,13.307017543859649,0.0,0.0,0.0,1.5723463807070053,False,True,910,PV+/PNN-,90.56338866,10.738197602350779,0.0,0.0,0.0,False,NONE
1296,693,2492,95.32988280000001,11.017158280424603,1676.0,13.966666666666667,0.0,0.0,0.0,1.5619488475519971,False,True,911,PV+/PNN-,95.32988280000001,11.017158280424603,0.0,0.0,0.0,False,NONE
1297,693,46,98.50754556,11.199272407696524,2643.0,21.31451612903226,0.0,0.0,0.0,1.8430345378963364,False,True,912,PV+/PNN-,98.50754556,11.199272407696524,0.0,0.0,0.0,False,NONE
1298,693,118,46.07611002,7.659368469073156,1827.0,31.5,0.0,0.0,0.0,1.8892763977637819,False,True,914,PV+/PNN-,46.07611002,7.659368469073156,0.0,0.0,0.0,False,NONE
1299,695,1263,93.74105142,10.924962866435578,2282.0,19.338983050847457,0.0,0.0,0.0,1.300801001955674,False,True,915,PV+/PNN-,93.74105142,10.924962866435578,0.0,0.0,0.0,False,NONE
1300,695,2010,101.68520832,11.378472144697502,3812.0,29.78125,0.0,0.0,0.0,1.5815798015618352,False,True,916,PV+/PNN-,101.68520832,11.378472144697502,0.0,0.0,0.0,False,NONE
1301,696,1128,86.59131021,10.500070494515816,1394.0,12.788990825688073,0.0,0.0,0.0,1.7023652990323876,False,True,917,PV+/PNN-,86.59131021,10.500070494515816,0.0,0.0,0.0,False,NONE
1302,696,2653,71.4974121,9.54113894836179,2563.0,28.477777777777778,0.0,0.0,0.0,1.8239317752730329,False,True,918,PV+/PNN-,71.4974121,9.54113894836179,0.0,0.0,0.0,False,NONE
1303,695,1617,34.95429036,6.671220633775133,3276.0,74.45454545454545,0.0,0.0,0.0,1.4399801394629008,False,True,919,PV+/PNN-,34.95429036,6.671220633775133,0.0,0.0,0.0,False,NONE
1304,695,1864,54.81468261,8.354173898786094,2927.0,42.42028985507246,0.0,0.0,0.0,1.7586368715167875,False,True,920,PV+/PNN-,54.81468261,8.354173898786094,0.0,0.0,0.0,False,NONE
1305,697,2257,85.00247883,10.403293586497956,2399.0,22.42056074766355,0.0,0.0,0.0,1.4759701337662778,False,True,921,PV+/PNN-,85.00247883,10.403293586497956,0.0,0.0,0.0,False,NONE
1306,695,2601,42.89844726,7.390534450171232,815.0,15.092592592592593,0.0,0.0,0.0,1.5491576376994332,False,True,922,PV+/PNN-,42.89844726,7.390534450171232,0.0,0.0,0.0,False,NONE
1307,695,1876,30.18779622,6.199701276328615,1491.0,39.23684210526316,0.0,0.0,0.0,1.658369137025419,False,True,924,PV+/PNN-,30.18779622,6.199701276328615,0.0,0.0,0.0,False,NONE
1308,699,806,83.41364745,10.305607915302103,1810.0,17.238095238095237,0.0,0.0,0.0,1.513017393989014,False,True,925,PV+/PNN-,83.41364745,10.305607915302103,0.0,0.0,0.0,False,NONE
1309,700,1046,110.42378091,11.857315232959936,2307.0,16.597122302158272,0.0,0.0,0.0,1.6545752025115323,False,True,926,PV+/PNN-,110.42378091,11.857315232959936,0.0,0.0,0.0,False,NONE
1310,699,2477,97.71312987,11.154022637162193,1999.0,16.252032520325205,0.0,0.0,0.0,1.6430985013862862,False,True,927,PV+/PNN-,97.71312987,11.154022637162193,0.0,0.0,0.0,False,NONE
1311,700,83,73.88065917,9.698854408967303,2065.0,22.204301075268816,0.0,0.0,0.0,1.8081910988714305,False,True,928,PV+/PNN-,73.88065917,9.698854408967303,0.0,0.0,0.0,False,NONE
1312,699,1967,69.90858072,9.434530697868027,9167.0,104.17045454545455,0.0,0.0,0.0,1.6085915420648824,False,True,929,PV+/PNN-,69.90858072,9.434530697868027,0.0,0.0,0.0,False,NONE
1313,702,568,87.3857259,10.548125988120718,1803.0,16.39090909090909,0.0,0.0,0.0,1.5830091223597542,False,True,930,PV+/PNN-,87.3857259,10.548125988120718,0.0,0.0,0.0,False,NONE
1314,702,1768,92.15222004,10.83198276817611,4959.0,42.75,0.0,0.0,0.0,1.4415840529240374,False,True,931,PV+/PNN-,92.15222004,10.83198276817611,0.0,0.0,0.0,False,NONE
1315,700,2029,53.22585123,8.232208609372499,1847.0,27.567164179104477,0.0,0.0,0.0,1.5718551410862385,False,True,932,PV+/PNN-,53.22585123,8.232208609372499,0.0,0.0,0.0,False,NONE
1316,704,175,130.28417316,12.879555944225542,5940.0,36.21951219512195,0.0,0.0,0.0,1.8994426663177542,False,True,933,PV+/PNN-,130.28417316,12.879555944225542,0.0,0.0,0.0,False,NONE
1317,703,2586,94.53546711,10.971157418634661,3545.0,29.789915966386555,0.0,0.0,0.0,1.573641279340662,False,True,934,PV+/PNN-,94.53546711,10.971157418634661,0.0,0.0,0.0,False,NONE
1318,704,104,98.50754556,11.199272407696524,3651.0,29.443548387096776,0.0,0.0,0.0,1.8684794177105768,False,True,935,PV+/PNN-,98.50754556,11.199272407696524,0.0,0.0,0.0,False,NONE
1319,703,1482,55.6090983,8.414493627225879,2739.0,39.128571428571426,0.0,0.0,0.0,1.3777960326904788,False,True,936,PV+/PNN-,55.6090983,8.414493627225879,0.0,0.0,0.0,False,NONE
1320,703,1508,79.441569,10.057243516322302,3536.0,35.36,0.0,0.0,0.0,1.6287473878931655,False,True,937,PV+/PNN-,79.441569,10.057243516322302,0.0,0.0,0.0,False,NONE
1321,704,1989,78.64715331000001,10.006830950662698,3172.0,32.04040404040404,0.0,0.0,0.0,1.570260980553832,False,True,938,PV+/PNN-,78.64715331000001,10.006830950662698,0.0,0.0,0.0,False,NONE
1322,706,246,108.04053384,11.728660627684029,3555.0,26.139705882352942,0.0,0.0,0.0,1.7123918680074819,False,True,939,PV+/PNN-,108.04053384,11.728660627684029,0.0,0.0,0.0,False,NONE
1323,707,526,95.32988280000001,11.017158280424603,1604.0,13.366666666666667,0.0,0.0,0.0,1.6060074592663847,False,True,940,PV+/PNN-,95.32988280000001,11.017158280424603,0.0,0.0,0.0,False,NONE
1324,706,634,100.89079263,11.333937836259333,2287.0,18.007874015748033,0.0,0.0,0.0,1.6370062792940336,False,True,941,PV+/PNN-,100.89079263,11.333937836259333,0.0,0.0,0.0,False,NONE
1325,706,1646,81.03040038,10.157318055940708,9036.0,88.58823529411765,0.0,0.0,0.0,1.6202199146581227,False,True,942,PV+/PNN-,81.03040038,10.157318055940708,0.0,0.0,0.0,False,NONE
1326,705,2345,63.5532552,8.995472067506276,1174.0,14.675,0.0,0.0,0.0,1.67458255653152,False,True,943,PV+/PNN-,63.5532552,8.995472067506276,0.0,0.0,0.0,False,NONE
1327,706,502,65.14208658,9.10722134683339,1511.0,18.426829268292682,0.0,0.0,0.0,1.7054946470085501,False,True,944,PV+/PNN-,65.14208658,9.10722134683339,0.0,0.0,0.0,False,NONE
1328,708,667,121.54560057,12.440123196106569,3259.0,21.30065359477124,0.0,0.0,0.0,1.570615658584998,False,True,945,PV+/PNN-,121.54560057,12.440123196106569,0.0,0.0,0.0,False,NONE
1329,706,761,81.82481607,10.206987389088184,1482.0,14.388349514563107,0.0,0.0,0.0,1.5581266629466464,False,True,946,PV+/PNN-,81.82481607,10.206987389088184,0.0,0.0,0.0,False,NONE
1330,707,1787,80.23598469,10.107404643036364,5008.0,49.584158415841586,0.0,0.0,0.0,1.3154260693263966,False,True,947,PV+/PNN-,80.23598469,10.107404643036364,0.0,0.0,0.0,False,NONE
1331,709,654,109.62936522,11.814586030086609,2193.0,15.891304347826088,0.0,0.0,0.0,1.4416373229967199,False,True,948,PV+/PNN-,109.62936522,11.814586030086609,0.0,0.0,0.0,False,NONE
1332,710,889,135.84508299,13.151552441468574,3289.0,19.23391812865497,0.0,0.0,0.0,1.1704081685757506,False,True,949,PV+/PNN-,135.84508299,13.151552441468574,0.0,0.0,0.0,False,NONE
1333,711,1666,118.36793781,12.276430232296539,4097.0,27.496644295302012,0.0,0.0,0.0,1.5000340502716139,False,True,951,PV+/PNN-,118.36793781,12.276430232296539,0.0,0.0,0.0,False,NONE
1334,709,2408,77.85273762,9.956163126610313,1405.0,14.33673469387755,0.0,0.0,0.0,1.7646648694557854,False,True,952,PV+/PNN-,77.85273762,9.956163126610313,0.0,0.0,0.0,False,NONE
1335,712,2480,156.49989093,14.116013951495509,4807.0,24.401015228426395,0.0,0.0,0.0,2.1470186419193933,False,True,953,PV+/PNN-,156.49989093,14.116013951495509,0.0,0.0,0.0,False,NONE
1336,712,735,141.40599282,13.418036440588484,3105.0,17.4438202247191,0.0,0.0,0.0,1.3543352154756099,False,True,954,PV+/PNN-,141.40599282,13.418036440588484,0.0,0.0,0.0,False,NONE
1337,709,1937,77.85273762,9.956163126610313,3509.0,35.80612244897959,0.0,0.0,0.0,1.64023337225057,False,True,955,PV+/PNN-,77.85273762,9.956163126610313,0.0,0.0,0.0,False,NONE
1338,708,2306,43.69286295,7.4586514150102134,883.0,16.054545454545455,0.0,0.0,0.0,1.4248632550916889,False,True,956,PV+/PNN-,43.69286295,7.4586514150102134,0.0,0.0,0.0,False,NONE
1339,709,383,36.543121740000004,6.8211544248344955,1048.0,22.782608695652176,0.0,0.0,0.0,1.60909712348198,False,True,957,PV+/PNN-,36.543121740000004,6.8211544248344955,0.0,0.0,0.0,False,NONE
1340,713,2289,100.09637694,11.289227848029503,2628.0,20.857142857142858,0.0,0.0,0.0,1.5816432500234054,False,True,958,PV+/PNN-,100.09637694,11.289227848029503,0.0,0.0,0.0,False,NONE
1341,714,953,107.24611815,11.68546099424064,7092.0,52.53333333333333,0.0,0.0,0.0,1.4894653250541336,False,True,959,PV+/PNN-,107.24611815,11.68546099424064,0.0,0.0,0.0,False,NONE
1342,716,1286,139.81716144,13.342441267550265,5001.0,28.414772727272727,0.0,0.0,0.0,1.4453098102348025,False,True,960,PV+/PNN-,139.81716144,13.342441267550265,0.0,0.0,0.0,False,NONE
1343,716,1424,136.63949868,13.189951216443678,3263.0,18.97093023255814,0.0,0.0,0.0,1.6053464148295598,False,True,961,PV+/PNN-,136.63949868,13.189951216443678,0.0,0.0,0.0,False,NONE
1344,714,1452,79.441569,10.057243516322302,14708.0,147.08,0.0,0.0,0.0,1.5306814456901736,False,True,962,PV+/PNN-,79.441569,10.057243516322302,0.0,0.0,0.0,False,NONE
1345,713,1510,81.03040038,10.157318055940708,3900.0,38.23529411764706,0.0,0.0,0.0,1.6712175487108292,False,True,963,PV+/PNN-,81.03040038,10.157318055940708,0.0,0.0,0.0,False,NONE
1346,713,2426,106.45170246,11.642101063659146,1493.0,11.14179104477612,0.0,0.0,0.0,1.4286699561694758,False,True,964,PV+/PNN-,106.45170246,11.642101063659146,0.0,0.0,0.0,False,NONE
1347,718,552,153.32222817,13.97196922387648,2911.0,15.082901554404145,0.0,0.0,0.0,1.7845836474786356,False,True,966,PV+/PNN-,153.32222817,13.97196922387648,0.0,0.0,0.0,False,NONE
1348,716,599,80.23598469,10.107404643036364,2096.0,20.752475247524753,0.0,0.0,0.0,1.6953629956401826,False,True,967,PV+/PNN-,80.23598469,10.107404643036364,0.0,0.0,0.0,False,NONE
1349,716,26,84.20806314000001,10.354565948189398,2845.0,26.839622641509433,0.0,0.0,0.0,1.8551276679253381,False,True,969,PV+/PNN-,84.20806314000001,10.354565948189398,0.0,0.0,0.0,False,NONE
1350,716,1174,61.17000813,8.825195369105852,2498.0,32.44155844155844,0.0,0.0,0.0,1.4507779140137664,False,True,970,PV+/PNN-,61.17000813,8.825195369105852,0.0,0.0,0.0,False,NONE
1351,718,2790,119.1623535,12.317557416952052,1662.0,11.08,0.0,0.0,0.0,1.7651869596538494,False,True,971,PV+/PNN-,119.1623535,12.317557416952052,0.0,0.0,0.0,False,NONE
1352,717,1626,68.31974934,9.326703948667076,2205.0,25.63953488372093,0.0,0.0,0.0,1.5131307158924696,False,True,972,PV+/PNN-,68.31974934,9.326703948667076,0.0,0.0,0.0,False,NONE
1353,718,1679,85.79689452,10.451794052617739,2055.0,19.02777777777778,0.0,0.0,0.0,1.4299309285798538,False,True,973,PV+/PNN-,85.79689452,10.451794052617739,0.0,0.0,0.0,False,NONE
1354,718,2317,81.03040038,10.157318055940708,818.0,8.019607843137255,0.0,0.0,0.0,1.5508296912749318,False,True,974,PV+/PNN-,81.03040038,10.157318055940708,0.0,0.0,0.0,False,NONE
1355,721,612,138.22833006,13.266415342325757,2964.0,17.03448275862069,0.0,0.0,0.0,1.8206645441484952,False,True,975,PV+/PNN-,138.22833006,13.266415342325757,0.0,0.0,0.0,False,NONE
1356,718,1733,78.64715331000001,10.006830950662698,3780.0,38.18181818181818,0.0,0.0,0.0,1.4333045922334484,False,True,976,PV+/PNN-,78.64715331000001,10.006830950662698,0.0,0.0,0.0,False,NONE
1357,718,2542,54.02026692,8.293415464071046,1705.0,25.073529411764707,0.0,0.0,0.0,1.4321138874145325,False,True,977,PV+/PNN-,54.02026692,8.293415464071046,0.0,0.0,0.0,False,NONE
1358,720,272,61.96442382,8.88231697105848,2598.0,33.30769230769231,0.0,0.0,0.0,1.8651114537157607,False,True,978,PV+/PNN-,61.96442382,8.88231697105848,0.0,0.0,0.0,False,NONE
1359,723,2015,145.37807127,13.6051868520168,23220.0,126.88524590163935,0.0,0.0,0.0,1.6994368791366619,False,True,979,PV+/PNN-,145.37807127,13.6051868520168,0.0,0.0,0.0,False,NONE
1360,721,407,78.64715331000001,10.006830950662698,2898.0,29.272727272727273,0.0,0.0,0.0,1.6512289082400962,False,True,980,PV+/PNN-,78.64715331000001,10.006830950662698,0.0,0.0,0.0,False,NONE
1361,719,1608,40.51520019,7.182308476024235,1827.0,35.8235294117647,0.0,0.0,0.0,1.6335963432621112,False,True,981,PV+/PNN-,40.51520019,7.182308476024235,0.0,0.0,0.0,False,NONE
1362,720,1878,53.22585123,8.232208609372499,2364.0,35.28358208955224,0.0,0.0,0.0,2.2795081438748603,False,True,982,PV+/PNN-,53.22585123,8.232208609372499,0.0,0.0,0.0,False,NONE
1363,721,2337,58.78676106,8.651568001725998,1069.0,14.445945945945946,0.0,0.0,0.0,1.3770716913346064,False,True,983,PV+/PNN-,58.78676106,8.651568001725998,0.0,0.0,0.0,False,NONE
1364,723,845,103.2740397,11.467021901548332,1871.0,14.392307692307693,0.0,0.0,0.0,1.6871277815792274,False,True,984,PV+/PNN-,103.2740397,11.467021901548332,0.0,0.0,0.0,False,NONE
1365,723,2228,76.26390624,9.854045933561641,2935.0,30.572916666666668,0.0,0.0,0.0,1.6504213823655658,False,True,985,PV+/PNN-,76.26390624,9.854045933561641,0.0,0.0,0.0,False,NONE
1366,726,428,123.92884764,12.56149312576761,4833.0,30.98076923076923,0.0,0.0,0.0,1.8880700355024143,False,True,986,PV+/PNN-,123.92884764,12.56149312576761,0.0,0.0,0.0,False,NONE
1367,723,481,52.43143554,8.17054325713784,1196.0,18.12121212121212,0.0,0.0,0.0,1.6215119560573716,False,True,987,PV+/PNN-,52.43143554,8.17054325713784,0.0,0.0,0.0,False,NONE
1368,725,760,97.71312987,11.154022637162193,1996.0,16.227642276422763,0.0,0.0,0.0,1.3782615277451211,False,True,988,PV+/PNN-,97.71312987,11.154022637162193,0.0,0.0,0.0,False,NONE
1369,725,1783,78.64715331000001,10.006830950662698,3805.0,38.43434343434343,0.0,0.0,0.0,1.6253880802551184,False,True,989,PV+/PNN-,78.64715331000001,10.006830950662698,0.0,0.0,0.0,False,NONE
1370,725,1984,72.29182779,9.593998848416254,6480.0,71.20879120879121,0.0,0.0,0.0,1.9556963342345297,False,True,990,PV+/PNN-,72.29182779,9.593998848416254,0.0,0.0,0.0,False,NONE
1371,725,2192,95.32988280000001,11.017158280424603,3596.0,29.966666666666665,0.0,0.0,0.0,1.7026521559302024,False,True,991,PV+/PNN-,95.32988280000001,11.017158280424603,0.0,0.0,0.0,False,NONE
1372,725,2699,87.3857259,10.548125988120718,1982.0,18.01818181818182,0.0,0.0,0.0,1.7899941545194284,False,True,992,PV+/PNN-,87.3857259,10.548125988120718,0.0,0.0,0.0,False,NONE
1373,726,1380,93.74105142,10.924962866435578,5446.0,46.152542372881356,0.0,0.0,0.0,1.365118384830149,False,True,993,PV+/PNN-,93.74105142,10.924962866435578,0.0,0.0,0.0,False,NONE
1374,726,1929,97.71312987,11.154022637162193,4799.0,39.016260162601625,0.0,0.0,0.0,1.8032486084834303,False,True,994,PV+/PNN-,97.71312987,11.154022637162193,0.0,0.0,0.0,False,NONE
1375,725,2276,62.75883951,8.93907356753593,2043.0,25.860759493670887,0.0,0.0,0.0,1.6331730385594534,False,True,995,PV+/PNN-,62.75883951,8.93907356753593,0.0,0.0,0.0,False,NONE
1376,727,1622,91.35780435,10.78519212710641,1960.0,17.043478260869566,0.0,0.0,0.0,1.5920421770118944,False,True,996,PV+/PNN-,91.35780435,10.78519212710641,0.0,0.0,0.0,False,NONE
1377,728,866,89.76897297000001,10.690996505268625,1349.0,11.938053097345133,0.0,0.0,0.0,1.7115317962015006,False,True,998,PV+/PNN-,89.76897297000001,10.690996505268625,0.0,0.0,0.0,False,NONE
1378,728,1569,78.64715331000001,10.006830950662698,2651.0,26.77777777777778,0.0,0.0,0.0,1.6314176067849464,False,True,999,PV+/PNN-,78.64715331000001,10.006830950662698,0.0,0.0,0.0,False,NONE
1379,728,2677,118.36793781,12.276430232296539,1405.0,9.429530201342281,0.0,0.0,0.0,1.649980223934782,False,True,1000,PV+/PNN-,118.36793781,12.276430232296539,0.0,0.0,0.0,False,NONE
1380,734,647,148.55573403,13.753073662427433,2754.0,14.727272727272727,0.0,0.0,0.0,1.570058307393165,False,True,1001,PV+/PNN-,148.55573403,13.753073662427433,0.0,0.0,0.0,False,NONE
1381,733,930,123.13443195,12.521167201073583,1752.0,11.303225806451612,0.0,0.0,0.0,1.7071451256992036,False,True,1002,PV+/PNN-,123.13443195,12.521167201073583,0.0,0.0,0.0,False,NONE
1382,733,1118,85.79689452,10.451794052617739,3558.0,32.94444444444444,0.0,0.0,0.0,1.7568174025898258,False,True,1003,PV+/PNN-,85.79689452,10.451794052617739,0.0,0.0,0.0,False,NONE
1383,736,1791,88.18014159,10.595963539609496,2832.0,25.513513513513512,0.0,0.0,0.0,1.5572241664352842,False,True,1004,PV+/PNN-,88.18014159,10.595963539609496,0.0,0.0,0.0,False,NONE
1384,733,2479,43.69286295,7.4586514150102134,1025.0,18.636363636363637,0.0,0.0,0.0,1.5799082230015569,False,True,1005,PV+/PNN-,43.69286295,7.4586514150102134,0.0,0.0,0.0,False,NONE
1385,737,731,123.13443195,12.521167201073583,1336.0,8.619354838709677,0.0,0.0,0.0,1.5597023626674966,False,True,1006,PV+/PNN-,123.13443195,12.521167201073583,0.0,0.0,0.0,False,NONE
1386,738,2640,110.42378091,11.857315232959936,2640.0,18.992805755395683,0.0,0.0,0.0,1.5551902626498828,False,True,1008,PV+/PNN-,110.42378091,11.857315232959936,0.0,0.0,0.0,False,NONE
1387,736,2862,71.4974121,9.54113894836179,1178.0,13.088888888888889,0.0,0.0,0.0,1.6960196767473916,False,True,1009,PV+/PNN-,71.4974121,9.54113894836179,0.0,0.0,0.0,False,NONE
1388,736,1041,73.08624348000001,9.646569098642193,2437.0,26.48913043478261,0.0,0.0,0.0,1.728667128625514,False,True,1011,PV+/PNN-,73.08624348000001,9.646569098642193,0.0,0.0,0.0,False,NONE
1389,737,1401,96.12429849,11.062967867954534,3058.0,25.272727272727273,0.0,0.0,0.0,1.4355754528745523,False,True,1013,PV+/PNN-,96.12429849,11.062967867954534,0.0,0.0,0.0,False,NONE
1390,737,1774,82.61923176,10.256416188536388,2975.0,28.60576923076923,0.0,0.0,0.0,1.3799747552477835,False,True,1014,PV+/PNN-,82.61923176,10.256416188536388,0.0,0.0,0.0,False,NONE
1391,739,2510,119.95676919,12.358547737957586,9006.0,59.64238410596027,0.0,0.0,0.0,1.4948491161031894,False,True,1015,PV+/PNN-,119.95676919,12.358547737957586,0.0,0.0,0.0,False,NONE
1392,737,200,64.34767089,9.051519164690074,8311.0,102.60493827160494,0.0,0.0,0.0,2.2181958155845773,False,True,1016,PV+/PNN-,64.34767089,9.051519164690074,0.0,0.0,0.0,False,NONE
1393,740,2586,129.48975747,12.84022896403991,4375.0,26.84049079754601,0.0,0.0,0.0,1.7054946470085501,False,True,1017,PV+/PNN-,129.48975747,12.84022896403991,0.0,0.0,0.0,False,NONE
1394,738,1840,118.36793781,12.276430232296539,5697.0,38.23489932885906,0.0,0.0,0.0,1.5710009416236477,False,True,1018,PV+/PNN-,118.36793781,12.276430232296539,0.0,0.0,0.0,False,NONE
1395,740,496,105.65728677,11.598579038183399,3615.0,27.18045112781955,0.0,0.0,0.0,1.9266960203987569,False,True,1019,PV+/PNN-,105.65728677,11.598579038183399,0.0,0.0,0.0,False,NONE
1396,739,1479,78.64715331000001,10.006830950662698,3463.0,34.97979797979798,0.0,0.0,0.0,1.4806794435392412,False,True,1020,PV+/PNN-,78.64715331000001,10.006830950662698,0.0,0.0,0.0,False,NONE
1397,742,815,88.97455728,10.643586087602236,2038.0,18.196428571428573,0.0,0.0,0.0,1.3834302560779175,False,True,1021,PV+/PNN-,88.97455728,10.643586087602236,0.0,0.0,0.0,False,NONE
1398,742,1761,106.45170246,11.642101063659146,5068.0,37.82089552238806,0.0,0.0,0.0,1.4413975281620768,False,True,1022,PV+/PNN-,106.45170246,11.642101063659146,0.0,0.0,0.0,False,NONE
1399,743,754,71.4974121,9.54113894836179,773.0,8.588888888888889,0.0,0.0,0.0,1.366290711659072,False,True,1023,PV+/PNN-,71.4974121,9.54113894836179,0.0,0.0,0.0,False,NONE
1400,744,1680,135.84508299,13.151552441468574,3610.0,21.11111111111111,0.0,0.0,0.0,1.5613753625098745,False,True,1024,PV+/PNN-,135.84508299,13.151552441468574,0.0,0.0,0.0,False,NONE
1401,743,227,70.70299641,9.487984557348323,4184.0,47.01123595505618,0.0,0.0,0.0,1.775439090397103,False,True,1025,PV+/PNN-,70.70299641,9.487984557348323,0.0,0.0,0.0,False,NONE
1402,745,2284,94.53546711,10.971157418634661,3994.0,33.563025210084035,0.0,0.0,0.0,1.6381347743956074,False,True,1026,PV+/PNN-,94.53546711,10.971157418634661,0.0,0.0,0.0,False,NONE
1403,745,867,96.91871418,11.108588547554572,1502.0,12.311475409836065,0.0,0.0,0.0,1.6132301824982513,False,True,1027,PV+/PNN-,96.91871418,11.108588547554572,0.0,0.0,0.0,False,NONE
1404,744,1107,92.15222004,10.83198276817611,2049.0,17.663793103448278,0.0,0.0,0.0,1.5525882303801974,False,True,1028,PV+/PNN-,92.15222004,10.83198276817611,0.0,0.0,0.0,False,NONE
1405,743,2307,54.02026692,8.293415464071046,538.0,7.911764705882353,0.0,0.0,0.0,1.6791598031944475,False,True,1029,PV+/PNN-,54.02026692,8.293415464071046,0.0,0.0,0.0,False,NONE
1406,745,2343,74.67507486,9.75085936304132,1433.0,15.24468085106383,0.0,0.0,0.0,1.577582548482909,False,True,1030,PV+/PNN-,74.67507486,9.75085936304132,0.0,0.0,0.0,False,NONE
1407,747,2811,104.06845539,11.51104134134072,1502.0,11.465648854961833,0.0,0.0,0.0,1.647559905182687,False,True,1031,PV+/PNN-,104.06845539,11.51104134134072,0.0,0.0,0.0,False,NONE
1408,749,139,127.90092609,12.761211420003875,6978.0,43.3416149068323,0.0,0.0,0.0,1.7658755133933248,False,True,1032,PV+/PNN-,127.90092609,12.761211420003875,0.0,0.0,0.0,False,NONE
1409,748,2195,73.88065917,9.698854408967303,3179.0,34.18279569892473,0.0,0.0,0.0,1.6880729274960973,False,True,1034,PV+/PNN-,73.88065917,9.698854408967303,0.0,0.0,0.0,False,NONE
1410,749,2758,92.94663573,10.878572156378345,2008.0,17.162393162393162,0.0,0.0,0.0,1.6690524536964018,False,True,1035,PV+/PNN-,92.94663573,10.878572156378345,0.0,0.0,0.0,False,NONE
1411,751,347,85.79689452,10.451794052617739,6069.0,56.19444444444444,0.0,0.0,0.0,1.7994547687650397,False,True,1036,PV+/PNN-,85.79689452,10.451794052617739,0.0,0.0,0.0,False,NONE
1412,748,1902,54.81468261,8.354173898786094,3835.0,55.57971014492754,0.0,0.0,0.0,2.0231121283717366,False,True,1037,PV+/PNN-,54.81468261,8.354173898786094,0.0,0.0,0.0,False,NONE
1413,752,290,106.45170246,11.642101063659146,4375.0,32.649253731343286,0.0,0.0,0.0,1.9021356342942375,False,True,1038,PV+/PNN-,106.45170246,11.642101063659146,0.0,0.0,0.0,False,NONE
1414,752,1368,108.83494953,11.77170172875832,3915.0,28.576642335766422,0.0,0.0,0.0,1.335140882420927,False,True,1039,PV+/PNN-,108.83494953,11.77170172875832,0.0,0.0,0.0,False,NONE
1415,752,1125,92.94663573,10.878572156378345,1194.0,10.205128205128204,0.0,0.0,0.0,1.7521406544481004,False,True,1040,PV+/PNN-,92.94663573,10.878572156378345,0.0,0.0,0.0,False,NONE
1416,751,1591,72.29182779,9.593998848416254,1340.0,14.725274725274724,0.0,0.0,0.0,1.4206208158598692,False,True,1041,PV+/PNN-,72.29182779,9.593998848416254,0.0,0.0,0.0,False,NONE
1417,752,2480,91.35780435,10.78519212710641,2728.0,23.721739130434784,0.0,0.0,0.0,1.6617450017157223,False,True,1042,PV+/PNN-,91.35780435,10.78519212710641,0.0,0.0,0.0,False,NONE
1418,752,1994,74.67507486,9.75085936304132,5037.0,53.58510638297872,0.0,0.0,0.0,1.4460417379423558,False,True,1043,PV+/PNN-,74.67507486,9.75085936304132,0.0,0.0,0.0,False,NONE
1419,753,1205,57.19792968,8.533854108523126,3284.0,45.611111111111114,0.0,0.0,0.0,1.4271673955870159,False,True,1044,PV+/PNN-,57.19792968,8.533854108523126,0.0,0.0,0.0,False,NONE
1420,754,1533,69.90858072,9.434530697868027,2866.0,32.56818181818182,0.0,0.0,0.0,1.4923078161324814,False,True,1045,PV+/PNN-,69.90858072,9.434530697868027,0.0,0.0,0.0,False,NONE
1421,754,1605,66.73091796,9.217615939230159,1106.0,13.166666666666666,0.0,0.0,0.0,1.6181895638878743,False,True,1046,PV+/PNN-,66.73091796,9.217615939230159,0.0,0.0,0.0,False,NONE
1422,756,2560,130.28417316,12.879555944225542,3856.0,23.51219512195122,0.0,0.0,0.0,1.6119004285751541,False,True,1047,PV+/PNN-,130.28417316,12.879555944225542,0.0,0.0,0.0,False,NONE
1423,755,2201,61.96442382,8.88231697105848,2808.0,36.0,0.0,0.0,0.0,1.6388054332473185,False,True,1048,PV+/PNN-,61.96442382,8.88231697105848,0.0,0.0,0.0,False,NONE
1424,755,1618,55.6090983,8.414493627225879,1048.0,14.971428571428572,0.0,0.0,0.0,1.5191084462997584,False,True,1049,PV+/PNN-,55.6090983,8.414493627225879,0.0,0.0,0.0,False,NONE
1425,758,2380,111.2181966,11.899891008124815,3718.0,26.557142857142857,0.0,0.0,0.0,2.219579462035413,False,True,1051,PV+/PNN-,111.2181966,11.899891008124815,0.0,0.0,0.0,False,NONE
1426,759,1379,96.91871418,11.108588547554572,3602.0,29.524590163934427,0.0,0.0,0.0,1.4503694231732547,False,True,1052,PV+/PNN-,96.91871418,11.108588547554572,0.0,0.0,0.0,False,NONE
1427,761,1237,115.98469074,12.152213577535832,4020.0,27.534246575342465,0.0,0.0,0.0,1.51742297703021,False,True,1055,PV+/PNN-,115.98469074,12.152213577535832,0.0,0.0,0.0,False,NONE
1428,757,2031,40.51520019,7.182308476024235,1562.0,30.627450980392158,0.0,0.0,0.0,1.6887741112535644,False,True,1056,PV+/PNN-,40.51520019,7.182308476024235,0.0,0.0,0.0,False,NONE
1429,763,187,121.54560057,12.440123196106569,7920.0,51.76470588235294,0.0,0.0,0.0,1.9702364631291585,False,True,1058,PV+/PNN-,121.54560057,12.440123196106569,0.0,0.0,0.0,False,NONE
1430,761,427,59.58117675,8.70982837718145,2662.0,35.49333333333333,0.0,0.0,0.0,1.5303971965823389,False,True,1059,PV+/PNN-,59.58117675,8.70982837718145,0.0,0.0,0.0,False,NONE
1431,764,737,87.3857259,10.548125988120718,1029.0,9.354545454545455,0.0,0.0,0.0,1.5574267026546258,False,True,1060,PV+/PNN-,87.3857259,10.548125988120718,0.0,0.0,0.0,False,NONE
1432,764,752,100.09637694,11.289227848029503,2139.0,16.976190476190474,0.0,0.0,0.0,1.7846783270482327,False,True,1061,PV+/PNN-,100.09637694,11.289227848029503,0.0,0.0,0.0,False,NONE
1433,763,832,91.35780435,10.78519212710641,1890.0,16.434782608695652,0.0,0.0,0.0,1.4889709787796384,False,True,1063,PV+/PNN-,91.35780435,10.78519212710641,0.0,0.0,0.0,False,NONE
1434,765,1430,97.71312987,11.154022637162193,8791.0,71.47154471544715,0.0,0.0,0.0,1.4351113493120726,False,True,1064,PV+/PNN-,97.71312987,11.154022637162193,0.0,0.0,0.0,False,NONE
1435,764,1739,115.19027505,12.11052490037406,2795.0,19.275862068965516,0.0,0.0,0.0,1.5949315457542028,False,True,1065,PV+/PNN-,115.19027505,12.11052490037406,0.0,0.0,0.0,False,NONE
1436,765,456,114.39585936,12.068692219586765,3299.0,22.90972222222222,0.0,0.0,0.0,1.6853603352035882,False,True,1066,PV+/PNN-,114.39585936,12.068692219586765,0.0,0.0,0.0,False,NONE
1437,766,2361,113.60144367,12.026714032504808,2952.0,20.643356643356643,0.0,0.0,0.0,1.7096689346061236,False,True,1067,PV+/PNN-,113.60144367,12.026714032504808,0.0,0.0,0.0,False,NONE
1438,765,124,49.25377278,7.919081463837606,1805.0,29.112903225806452,0.0,0.0,0.0,2.0012054124172907,False,True,1068,PV+/PNN-,49.25377278,7.919081463837606,0.0,0.0,0.0,False,NONE
1439,767,616,135.84508299,13.151552441468574,2233.0,13.058479532163743,0.0,0.0,0.0,1.839141595955419,False,True,1069,PV+/PNN-,135.84508299,13.151552441468574,0.0,0.0,0.0,False,NONE
1440,766,785,104.06845539,11.51104134134072,2394.0,18.27480916030534,0.0,0.0,0.0,1.7601746280576793,False,True,1070,PV+/PNN-,104.06845539,11.51104134134072,0.0,0.0,0.0,False,NONE
1441,764,1824,71.4974121,9.54113894836179,3473.0,38.58888888888889,0.0,0.0,0.0,1.515995241785378,False,True,1071,PV+/PNN-,71.4974121,9.54113894836179,0.0,0.0,0.0,False,NONE
1442,766,2633,108.04053384,11.728660627684029,1944.0,14.294117647058824,0.0,0.0,0.0,1.5073562983119686,False,True,1072,PV+/PNN-,108.04053384,11.728660627684029,0.0,0.0,0.0,False,NONE
1443,768,2700,127.1065104,12.72151859781572,9501.0,59.38125,0.0,0.0,0.0,1.6175550792721718,False,True,1073,PV+/PNN-,127.1065104,12.72151859781572,0.0,0.0,0.0,False,NONE
1444,767,36,76.26390624,9.854045933561641,2966.0,30.895833333333332,0.0,0.0,0.0,1.824523960914355,False,True,1074,PV+/PNN-,76.26390624,9.854045933561641,0.0,0.0,0.0,False,NONE
1445,767,2087,56.40351399,8.474384017383858,1817.0,25.591549295774648,0.0,0.0,0.0,1.6586535968442306,False,True,1076,PV+/PNN-,56.40351399,8.474384017383858,0.0,0.0,0.0,False,NONE
1446,773,661,166.8272949,14.574330482319752,3931.0,18.71904761904762,0.0,0.0,0.0,1.9247725301953638,False,True,1078,PV+/PNN-,166.8272949,14.574330482319752,0.0,0.0,0.0,False,NONE
1447,770,1335,115.98469074,12.152213577535832,3027.0,20.732876712328768,0.0,0.0,0.0,1.353882394440349,False,True,1079,PV+/PNN-,115.98469074,12.152213577535832,0.0,0.0,0.0,False,NONE
1448,769,2273,67.52533365000001,9.272320371655413,2281.0,26.83529411764706,0.0,0.0,0.0,1.6001552717521397,False,True,1080,PV+/PNN-,67.52533365000001,9.272320371655413,0.0,0.0,0.0,False,NONE
1449,770,2787,89.76897297000001,10.690996505268625,1529.0,13.530973451327434,0.0,0.0,0.0,1.6262570638510732,False,True,1081,PV+/PNN-,89.76897297000001,10.690996505268625,0.0,0.0,0.0,False,NONE
1450,772,236,86.59131021,10.500070494515816,9266.0,85.0091743119266,0.0,0.0,0.0,1.461405504867877,False,True,1082,PV+/PNN-,86.59131021,10.500070494515816,0.0,0.0,0.0,False,NONE
1451,772,1373,76.26390624,9.854045933561641,3842.0,40.020833333333336,0.0,0.0,0.0,1.437234551489497,False,True,1083,PV+/PNN-,76.26390624,9.854045933561641,0.0,0.0,0.0,False,NONE
1452,771,2121,51.63701985,8.108408946599484,2420.0,37.23076923076923,0.0,0.0,0.0,1.7081184849270248,False,True,1084,PV+/PNN-,51.63701985,8.108408946599484,0.0,0.0,0.0,False,NONE
1453,770,2155,41.30961588,7.252381437585563,1897.0,36.48076923076923,0.0,0.0,0.0,1.6071007250657492,False,True,1085,PV+/PNN-,41.30961588,7.252381437585563,0.0,0.0,0.0,False,NONE
1454,772,2305,66.73091796,9.217615939230159,1193.0,14.202380952380953,0.0,0.0,0.0,1.8364522716895637,False,True,1086,PV+/PNN-,66.73091796,9.217615939230159,0.0,0.0,0.0,False,NONE
1455,773,1217,97.71312987,11.154022637162193,3521.0,28.6260162601626,0.0,0.0,0.0,1.437191220832815,False,True,1087,PV+/PNN-,97.71312987,11.154022637162193,0.0,0.0,0.0,False,NONE
1456,774,2378,114.39585936,12.068692219586765,3223.0,22.381944444444443,0.0,0.0,0.0,1.5432357812862088,False,True,1088,PV+/PNN-,114.39585936,12.068692219586765,0.0,0.0,0.0,False,NONE
1457,775,2835,110.42378091,11.857315232959936,1951.0,14.035971223021583,0.0,0.0,0.0,1.6607100753424981,False,True,1089,PV+/PNN-,110.42378091,11.857315232959936,0.0,0.0,0.0,False,NONE
1458,775,1701,104.86287108,11.554893086200376,2780.0,21.060606060606062,0.0,0.0,0.0,1.643476659844603,False,True,1090,PV+/PNN-,104.86287108,11.554893086200376,0.0,0.0,0.0,False,NONE
1459,773,1918,57.99234537,8.592912627102823,9060.0,124.10958904109589,0.0,0.0,0.0,1.5734940339181624,False,True,1091,PV+/PNN-,57.99234537,8.592912627102823,0.0,0.0,0.0,False,NONE
1460,774,1836,62.75883951,8.93907356753593,1598.0,20.227848101265824,0.0,0.0,0.0,1.8004842222849755,False,True,1092,PV+/PNN-,62.75883951,8.93907356753593,0.0,0.0,0.0,False,NONE
1461,778,487,123.13443195,12.521167201073583,3075.0,19.838709677419356,0.0,0.0,0.0,1.731352146495454,False,True,1093,PV+/PNN-,123.13443195,12.521167201073583,0.0,0.0,0.0,False,NONE
1462,775,1137,69.90858072,9.434530697868027,1695.0,19.261363636363637,0.0,0.0,0.0,1.4351349842157173,False,True,1094,PV+/PNN-,69.90858072,9.434530697868027,0.0,0.0,0.0,False,NONE
1463,778,1175,100.89079263,11.333937836259333,2286.0,18.0,0.0,0.0,0.0,1.6047764591930844,False,True,1095,PV+/PNN-,100.89079263,11.333937836259333,0.0,0.0,0.0,False,NONE
1464,775,1679,57.99234537,8.592912627102823,1316.0,18.027397260273972,0.0,0.0,0.0,1.3819179228843252,False,True,1096,PV+/PNN-,57.99234537,8.592912627102823,0.0,0.0,0.0,False,NONE
1465,777,728,64.34767089,9.051519164690074,1080.0,13.333333333333334,0.0,0.0,0.0,1.4675676160061228,False,True,1097,PV+/PNN-,64.34767089,9.051519164690074,0.0,0.0,0.0,False,NONE
1466,775,1237,50.84260416,8.045794813057842,1473.0,23.015625,0.0,0.0,0.0,1.4003709953171768,False,True,1098,PV+/PNN-,50.84260416,8.045794813057842,0.0,0.0,0.0,False,NONE
1467,779,1710,104.86287108,11.554893086200376,3925.0,29.734848484848484,0.0,0.0,0.0,1.577582548482909,False,True,1099,PV+/PNN-,104.86287108,11.554893086200376,0.0,0.0,0.0,False,NONE
1468,776,59,34.15987467,6.594975608221839,954.0,22.186046511627907,0.0,0.0,0.0,1.8185332457056285,False,True,1100,PV+/PNN-,34.15987467,6.594975608221839,0.0,0.0,0.0,False,NONE
1469,779,603,85.00247883,10.403293586497956,5844.0,54.61682242990654,0.0,0.0,0.0,2.095208143451158,False,True,1101,PV+/PNN-,85.00247883,10.403293586497956,0.0,0.0,0.0,False,NONE
1470,778,1858,72.29182779,9.593998848416254,2001.0,21.98901098901099,0.0,0.0,0.0,1.65395497360994,False,True,1102,PV+/PNN-,72.29182779,9.593998848416254,0.0,0.0,0.0,False,NONE
1471,777,1944,61.96442382,8.88231697105848,4524.0,58.0,0.0,0.0,0.0,1.7175205708015593,False,True,1103,PV+/PNN-,61.96442382,8.88231697105848,0.0,0.0,0.0,False,NONE
1472,777,2847,37.33753743,6.894898778002857,1525.0,32.4468085106383,0.0,0.0,0.0,1.669207526859432,False,True,1104,PV+/PNN-,37.33753743,6.894898778002857,0.0,0.0,0.0,False,NONE
1473,778,517,59.58117675,8.70982837718145,1722.0,22.96,0.0,0.0,0.0,1.7487005113994334,False,True,1105,PV+/PNN-,59.58117675,8.70982837718145,0.0,0.0,0.0,False,NONE
1474,777,1096,44.48727864,7.526151898686336,888.0,15.857142857142858,0.0,0.0,0.0,1.6567662285225915,False,True,1106,PV+/PNN-,44.48727864,7.526151898686336,0.0,0.0,0.0,False,NONE
1475,781,1026,108.83494953,11.77170172875832,1560.0,11.386861313868613,0.0,0.0,0.0,1.5996792856978008,False,True,1107,PV+/PNN-,108.83494953,11.77170172875832,0.0,0.0,0.0,False,NONE
1476,780,2553,73.08624348000001,9.646569098642193,2438.0,26.5,0.0,0.0,0.0,1.4876733198090886,False,True,1108,PV+/PNN-,73.08624348000001,9.646569098642193,0.0,0.0,0.0,False,NONE
1477,781,1604,90.56338866,10.738197602350779,986.0,8.649122807017545,0.0,0.0,0.0,1.476599312804771,False,True,1109,PV+/PNN-,90.56338866,10.738197602350779,0.0,0.0,0.0,False,NONE
1478,779,1908,38.13195312,6.96786270174516,1877.0,39.104166666666664,0.0,0.0,0.0,1.504743714600252,False,True,1110,PV+/PNN-,38.13195312,6.96786270174516,0.0,0.0,0.0,False,NONE
1479,780,2398,43.69286295,7.4586514150102134,2079.0,37.8,0.0,0.0,0.0,1.5194406855167082,False,True,1111,PV+/PNN-,43.69286295,7.4586514150102134,0.0,0.0,0.0,False,NONE
1480,783,2582,107.24611815,11.68546099424064,4495.0,33.2962962962963,0.0,0.0,0.0,1.6429598432849033,False,True,1112,PV+/PNN-,107.24611815,11.68546099424064,0.0,0.0,0.0,False,NONE
1481,783,710,90.56338866,10.738197602350779,3015.0,26.44736842105263,0.0,0.0,0.0,1.796753571102867,False,True,1113,PV+/PNN-,90.56338866,10.738197602350779,0.0,0.0,0.0,False,NONE
1482,784,4,56.40351399,8.474384017383858,3736.0,52.61971830985915,0.0,0.0,0.0,2.340851455647651,False,True,1114,PV+/PNN-,56.40351399,8.474384017383858,0.0,0.0,0.0,False,NONE
1483,788,580,166.03287921,14.539588286344586,2274.0,10.880382775119617,0.0,0.0,0.0,1.8319786997771268,False,True,1115,PV+/PNN-,166.03287921,14.539588286344586,0.0,0.0,0.0,False,NONE
1484,785,1594,84.20806314000001,10.354565948189398,1530.0,14.433962264150944,0.0,0.0,0.0,1.5236824818085821,False,True,1116,PV+/PNN-,84.20806314000001,10.354565948189398,0.0,0.0,0.0,False,NONE
1485,786,788,75.46949055,9.802588422925686,2986.0,31.431578947368422,0.0,0.0,0.0,1.9451615263513307,False,True,1117,PV+/PNN-,75.46949055,9.802588422925686,0.0,0.0,0.0,False,NONE
1486,786,1831,78.64715331000001,10.006830950662698,4340.0,43.83838383838384,0.0,0.0,0.0,1.5426974307031884,False,True,1118,PV+/PNN-,78.64715331000001,10.006830950662698,0.0,0.0,0.0,False,NONE
1487,788,1994,61.17000813,8.825195369105852,3534.0,45.896103896103895,0.0,0.0,0.0,1.5792437445676575,False,True,1119,PV+/PNN-,61.17000813,8.825195369105852,0.0,0.0,0.0,False,NONE
1488,789,2138,79.441569,10.057243516322302,5295.0,52.95,0.0,0.0,0.0,1.5571166127188063,False,True,1120,PV+/PNN-,79.441569,10.057243516322302,0.0,0.0,0.0,False,NONE
1489,788,2215,66.73091796,9.217615939230159,3163.0,37.654761904761905,0.0,0.0,0.0,1.5511879884696813,False,True,1121,PV+/PNN-,66.73091796,9.217615939230159,0.0,0.0,0.0,False,NONE
1490,789,2505,109.62936522,11.814586030086609,3821.0,27.68840579710145,0.0,0.0,0.0,1.5602804288755758,False,True,1122,PV+/PNN-,109.62936522,11.814586030086609,0.0,0.0,0.0,False,NONE
1491,794,848,162.85521645,14.3997813056499,2280.0,11.121951219512194,0.0,0.0,0.0,1.5145624414044223,False,True,1123,PV+/PNN-,162.85521645,14.3997813056499,0.0,0.0,0.0,False,NONE
1492,792,1644,119.1623535,12.317557416952052,1827.0,12.18,0.0,0.0,0.0,1.7498375078307724,False,True,1124,PV+/PNN-,119.1623535,12.317557416952052,0.0,0.0,0.0,False,NONE
1493,792,507,100.89079263,11.333937836259333,1901.0,14.968503937007874,0.0,0.0,0.0,1.5826184578736822,False,True,1125,PV+/PNN-,100.89079263,11.333937836259333,0.0,0.0,0.0,False,NONE
1494,790,952,64.34767089,9.051519164690074,1602.0,19.77777777777778,0.0,0.0,0.0,1.4991508502099848,False,True,1126,PV+/PNN-,64.34767089,9.051519164690074,0.0,0.0,0.0,False,NONE
1495,791,2317,69.90858072,9.434530697868027,2683.0,30.488636363636363,0.0,0.0,0.0,1.5252548718133283,False,True,1127,PV+/PNN-,69.90858072,9.434530697868027,0.0,0.0,0.0,False,NONE
1496,792,2443,119.95676919,12.358547737957586,3751.0,24.841059602649008,0.0,0.0,0.0,1.730907646715631,False,True,1128,PV+/PNN-,119.95676919,12.358547737957586,0.0,0.0,0.0,False,NONE
1497,790,2087,42.89844726,7.390534450171232,1394.0,25.814814814814813,0.0,0.0,0.0,1.6502239871517914,False,True,1129,PV+/PNN-,42.89844726,7.390534450171232,0.0,0.0,0.0,False,NONE
1498,794,2666,140.61157713,13.380292240810528,4600.0,25.98870056497175,0.0,0.0,0.0,1.7093488721995298,False,True,1130,PV+/PNN-,140.61157713,13.380292240810528,0.0,0.0,0.0,False,NONE
1499,792,1009,48.45935709,7.854958291387057,1501.0,24.60655737704918,0.0,0.0,0.0,1.5391390216036178,False,True,1132,PV+/PNN-,48.45935709,7.854958291387057,0.0,0.0,0.0,False,NONE
1500,793,1084,65.14208658,9.10722134683339,1279.0,15.597560975609756,0.0,0.0,0.0,1.4569500002798652,False,True,1133,PV+/PNN-,65.14208658,9.10722134683339,0.0,0.0,0.0,False,NONE
1501,791,1951,38.92636881,7.040070461425612,886.0,18.081632653061224,0.0,0.0,0.0,1.4792555611808853,False,True,1134,PV+/PNN-,38.92636881,7.040070461425612,0.0,0.0,0.0,False,NONE
1502,793,2378,100.09637694,11.289227848029503,3524.0,27.96825396825397,0.0,0.0,0.0,1.593825354644895,False,True,1135,PV+/PNN-,100.09637694,11.289227848029503,0.0,0.0,0.0,False,NONE
1503,794,1234,94.53546711,10.971157418634661,2084.0,17.51260504201681,0.0,0.0,0.0,1.5155971337912115,False,True,1136,PV+/PNN-,94.53546711,10.971157418634661,0.0,0.0,0.0,False,NONE
1504,796,780,125.51767902,12.64175907426016,2470.0,15.632911392405063,0.0,0.0,0.0,1.809119638219196,False,True,1137,PV+/PNN-,125.51767902,12.64175907426016,0.0,0.0,0.0,False,NONE
1505,795,808,83.41364745,10.305607915302103,1781.0,16.961904761904762,0.0,0.0,0.0,1.4342397841033807,False,True,1138,PV+/PNN-,83.41364745,10.305607915302103,0.0,0.0,0.0,False,NONE
1506,794,1335,76.26390624,9.854045933561641,2919.0,30.40625,0.0,0.0,0.0,1.3963737422382505,False,True,1139,PV+/PNN-,76.26390624,9.854045933561641,0.0,0.0,0.0,False,NONE
1507,794,1977,52.43143554,8.17054325713784,3218.0,48.75757575757576,0.0,0.0,0.0,1.574998465684411,False,True,1140,PV+/PNN-,52.43143554,8.17054325713784,0.0,0.0,0.0,False,NONE
1508,799,1897,81.03040038,10.157318055940708,3238.0,31.745098039215687,0.0,0.0,0.0,1.6779057630128236,False,True,1141,PV+/PNN-,81.03040038,10.157318055940708,0.0,0.0,0.0,False,NONE
1509,798,1607,95.32988280000001,11.017158280424603,3258.0,27.15,0.0,0.0,0.0,1.521443349685544,False,True,1143,PV+/PNN-,95.32988280000001,11.017158280424603,0.0,0.0,0.0,False,NONE
1510,797,1788,64.34767089,9.051519164690074,1940.0,23.950617283950617,0.0,0.0,0.0,1.6318004338662055,False,True,1144,PV+/PNN-,64.34767089,9.051519164690074,0.0,0.0,0.0,False,NONE
1511,798,2497,54.81468261,8.354173898786094,2469.0,35.78260869565217,0.0,0.0,0.0,1.5448321077975997,False,True,1146,PV+/PNN-,54.81468261,8.354173898786094,0.0,0.0,0.0,False,NONE
1512,799,2639,91.35780435,10.78519212710641,2441.0,21.22608695652174,0.0,0.0,0.0,1.394798013488297,False,True,1147,PV+/PNN-,91.35780435,10.78519212710641,0.0,0.0,0.0,False,NONE
1513,803,530,165.23846352,14.504762875171126,5829.0,28.02403846153846,0.0,0.0,0.0,1.8633348967917935,False,True,1148,PV+/PNN-,165.23846352,14.504762875171126,0.0,0.0,0.0,False,NONE
1514,800,625,69.90858072,9.434530697868027,1605.0,18.238636363636363,0.0,0.0,0.0,1.5833967347795288,False,True,1149,PV+/PNN-,69.90858072,9.434530697868027,0.0,0.0,0.0,False,NONE
1515,803,1531,108.04053384,11.728660627684029,3269.0,24.03676470588235,0.0,0.0,0.0,1.445281309321584,False,True,1150,PV+/PNN-,108.04053384,11.728660627684029,0.0,0.0,0.0,False,NONE
1516,801,1804,99.30196125,11.244340084382843,2236.0,17.888,0.0,0.0,0.0,1.3971412148294042,False,True,1151,PV+/PNN-,99.30196125,11.244340084382843,0.0,0.0,0.0,False,NONE
1517,799,2289,28.59896484,6.034346109793383,1310.0,36.388888888888886,0.0,0.0,0.0,1.7244445875308674,False,True,1152,PV+/PNN-,28.59896484,6.034346109793383,0.0,0.0,0.0,False,NONE
1518,803,814,92.94663573,10.878572156378345,2963.0,25.324786324786324,0.0,0.0,0.0,1.5436913087026107,False,True,1153,PV+/PNN-,92.94663573,10.878572156378345,0.0,0.0,0.0,False,NONE
1519,801,2056,75.46949055,9.802588422925686,3041.0,32.01052631578948,0.0,0.0,0.0,1.6974159881542992,False,True,1154,PV+/PNN-,75.46949055,9.802588422925686,0.0,0.0,0.0,False,NONE
1520,806,1747,187.48210284,15.45023065413564,4623.0,19.588983050847457,0.0,0.0,0.0,1.6700839530664235,False,True,1155,PV+/PNN-,187.48210284,15.45023065413564,0.0,0.0,0.0,False,NONE
1521,803,2479,96.91871418,11.108588547554572,4027.0,33.00819672131148,0.0,0.0,0.0,1.6020466110424578,False,True,1156,PV+/PNN-,96.91871418,11.108588547554572,0.0,0.0,0.0,False,NONE
1522,801,2559,37.33753743,6.894898778002857,1215.0,25.851063829787233,0.0,0.0,0.0,1.6184055586506667,False,True,1157,PV+/PNN-,37.33753743,6.894898778002857,0.0,0.0,0.0,False,NONE
1523,805,120,73.08624348000001,9.646569098642193,7287.0,79.20652173913044,0.0,0.0,0.0,1.8315529470048344,False,True,1158,PV+/PNN-,73.08624348000001,9.646569098642193,0.0,0.0,0.0,False,NONE
1524,805,1075,66.73091796,9.217615939230159,3065.0,36.48809523809524,0.0,0.0,0.0,2.1399897118416806,False,True,1160,PV+/PNN-,66.73091796,9.217615939230159,0.0,0.0,0.0,False,NONE
1525,805,2005,69.11416503,9.380772250595795,5441.0,62.54022988505747,0.0,0.0,0.0,1.9279930865895507,False,True,1161,PV+/PNN-,69.11416503,9.380772250595795,0.0,0.0,0.0,False,NONE
1526,808,1384,97.71312987,11.154022637162193,3825.0,31.097560975609756,0.0,0.0,0.0,1.3643957176068402,False,True,1162,PV+/PNN-,97.71312987,11.154022637162193,0.0,0.0,0.0,False,NONE
1527,809,431,109.62936522,11.814586030086609,3333.0,24.152173913043477,0.0,0.0,0.0,1.810543230338787,False,True,1163,PV+/PNN-,109.62936522,11.814586030086609,0.0,0.0,0.0,False,NONE
1528,811,1369,95.32988280000001,11.017158280424603,2848.0,23.733333333333334,0.0,0.0,0.0,1.481648474588678,False,True,1166,PV+/PNN-,95.32988280000001,11.017158280424603,0.0,0.0,0.0,False,NONE
1529,811,711,123.13443195,12.521167201073583,2519.0,16.251612903225805,0.0,0.0,0.0,1.6823879453394022,False,True,1167,PV+/PNN-,123.13443195,12.521167201073583,0.0,0.0,0.0,False,NONE
1530,812,1288,130.28417316,12.879555944225542,5140.0,31.341463414634145,0.0,0.0,0.0,1.9581990367787196,False,True,1168,PV+/PNN-,130.28417316,12.879555944225542,0.0,0.0,0.0,False,NONE
1531,808,1939,51.63701985,8.108408946599484,1873.0,28.815384615384616,0.0,0.0,0.0,1.565119318370154,False,True,1169,PV+/PNN-,51.63701985,8.108408946599484,0.0,0.0,0.0,False,NONE
1532,814,569,134.25625161,13.074416571218995,2749.0,16.266272189349113,0.0,0.0,0.0,1.7095313207292804,False,True,1170,PV+/PNN-,134.25625161,13.074416571218995,0.0,0.0,0.0,False,NONE
1533,811,1423,85.00247883,10.403293586497956,2447.0,22.869158878504674,0.0,0.0,0.0,1.4273555667253799,False,True,1171,PV+/PNN-,85.00247883,10.403293586497956,0.0,0.0,0.0,False,NONE
1534,814,556,127.1065104,12.72151859781572,3412.0,21.325,0.0,0.0,0.0,1.7252144288645863,False,True,1172,PV+/PNN-,127.1065104,12.72151859781572,0.0,0.0,0.0,False,NONE
1535,813,2727,98.50754556,11.199272407696524,1627.0,13.120967741935484,0.0,0.0,0.0,1.5328820839443784,False,True,1173,PV+/PNN-,98.50754556,11.199272407696524,0.0,0.0,0.0,False,NONE
1536,812,67,61.96442382,8.88231697105848,2674.0,34.282051282051285,0.0,0.0,0.0,1.6694168756295231,False,True,1174,PV+/PNN-,61.96442382,8.88231697105848,0.0,0.0,0.0,False,NONE
1537,818,412,142.9948242,13.493208101259413,3386.0,18.81111111111111,0.0,0.0,0.0,1.8239317752730329,False,True,1175,PV+/PNN-,142.9948242,13.493208101259413,0.0,0.0,0.0,False,NONE
1538,819,1764,137.43391437,13.228238528376714,2563.0,14.815028901734104,0.0,0.0,0.0,1.5590981411815157,False,True,1176,PV+/PNN-,137.43391437,13.228238528376714,0.0,0.0,0.0,False,NONE
1539,814,1912,95.32988280000001,11.017158280424603,2343.0,19.525,0.0,0.0,0.0,1.5512895060081937,False,True,1177,PV+/PNN-,95.32988280000001,11.017158280424603,0.0,0.0,0.0,False,NONE
1540,815,1967,64.34767089,9.051519164690074,4559.0,56.28395061728395,0.0,0.0,0.0,1.9160495417009638,False,True,1178,PV+/PNN-,64.34767089,9.051519164690074,0.0,0.0,0.0,False,NONE
1541,817,874,110.42378091,11.857315232959936,1938.0,13.942446043165468,0.0,0.0,0.0,1.455191835505137,False,True,1179,PV+/PNN-,110.42378091,11.857315232959936,0.0,0.0,0.0,False,NONE
1542,815,2245,70.70299641,9.487984557348323,2533.0,28.46067415730337,0.0,0.0,0.0,1.5886011936742561,False,True,1181,PV+/PNN-,70.70299641,9.487984557348323,0.0,0.0,0.0,False,NONE
1543,817,2588,105.65728677,11.598579038183399,3199.0,24.05263157894737,0.0,0.0,0.0,1.4958342148387018,False,True,1183,PV+/PNN-,105.65728677,11.598579038183399,0.0,0.0,0.0,False,NONE
1544,818,795,79.441569,10.057243516322302,2194.0,21.94,0.0,0.0,0.0,1.559674854689319,False,True,1184,PV+/PNN-,79.441569,10.057243516322302,0.0,0.0,0.0,False,NONE
1545,819,1512,121.54560057,12.440123196106569,5947.0,38.869281045751634,0.0,0.0,0.0,1.5940244086419784,False,True,1185,PV+/PNN-,121.54560057,12.440123196106569,0.0,0.0,0.0,False,NONE
1546,819,2848,142.20040851,13.455674765407588,2327.0,13.0,0.0,0.0,0.0,1.646898043214681,False,True,1186,PV+/PNN-,142.20040851,13.455674765407588,0.0,0.0,0.0,False,NONE
1547,821,846,126.31209471,12.681701540530954,4189.0,26.345911949685533,0.0,0.0,0.0,1.2689309229000723,False,True,1187,PV+/PNN-,126.31209471,12.681701540530954,0.0,0.0,0.0,False,NONE
1548,823,2537,147.76131834,13.716251444643651,7124.0,38.30107526881721,0.0,0.0,0.0,1.6949499220404864,False,True,1188,PV+/PNN-,147.76131834,13.716251444643651,0.0,0.0,0.0,False,NONE
1549,821,762,70.70299641,9.487984557348323,1412.0,15.865168539325843,0.0,0.0,0.0,1.480331027881017,False,True,1189,PV+/PNN-,70.70299641,9.487984557348323,0.0,0.0,0.0,False,NONE
1550,821,1017,91.35780435,10.78519212710641,3395.0,29.52173913043478,0.0,0.0,0.0,1.5186317552493525,False,True,1190,PV+/PNN-,91.35780435,10.78519212710641,0.0,0.0,0.0,False,NONE
1551,821,2433,104.86287108,11.554893086200376,4499.0,34.083333333333336,0.0,0.0,0.0,1.5866268382776512,False,True,1191,PV+/PNN-,104.86287108,11.554893086200376,0.0,0.0,0.0,False,NONE
1552,822,161,86.59131021,10.500070494515816,8603.0,78.92660550458716,0.0,0.0,0.0,1.8736971007272831,False,True,1192,PV+/PNN-,86.59131021,10.500070494515816,0.0,0.0,0.0,False,NONE
1553,823,679,110.42378091,11.857315232959936,1377.0,9.906474820143885,0.0,0.0,0.0,1.9686806914569919,False,True,1193,PV+/PNN-,110.42378091,11.857315232959936,0.0,0.0,0.0,False,NONE
1554,823,2676,120.75118488,12.39940255265723,4188.0,27.55263157894737,0.0,0.0,0.0,1.5787045844348881,False,True,1194,PV+/PNN-,120.75118488,12.39940255265723,0.0,0.0,0.0,False,NONE
1555,822,1063,68.31974934,9.326703948667076,1322.0,15.372093023255815,0.0,0.0,0.0,1.718385013526638,False,True,1195,PV+/PNN-,68.31974934,9.326703948667076,0.0,0.0,0.0,False,NONE
1556,822,2350,50.84260416,8.045794813057842,2007.0,31.359375,0.0,0.0,0.0,1.556263865395302,False,True,1196,PV+/PNN-,50.84260416,8.045794813057842,0.0,0.0,0.0,False,NONE
1557,823,2266,51.63701985,8.108408946599484,1558.0,23.96923076923077,0.0,0.0,0.0,1.629403347372784,False,True,1197,PV+/PNN-,51.63701985,8.108408946599484,0.0,0.0,0.0,False,NONE
1558,825,2373,79.441569,10.057243516322302,3877.0,38.77,0.0,0.0,0.0,1.5477363921602592,False,True,1198,PV+/PNN-,79.441569,10.057243516322302,0.0,0.0,0.0,False,NONE
1559,826,2109,88.18014159,10.595963539609496,1877.0,16.90990990990991,0.0,0.0,0.0,1.5503099989474118,False,True,1199,PV+/PNN-,88.18014159,10.595963539609496,0.0,0.0,0.0,False,NONE
1560,828,2694,142.20040851,13.455674765407588,3239.0,18.094972067039105,0.0,0.0,0.0,1.6502328092842509,False,True,1200,PV+/PNN-,142.20040851,13.455674765407588,0.0,0.0,0.0,False,NONE
1561,829,288,155.70547524,14.080140922851225,4804.0,24.510204081632654,0.0,0.0,0.0,1.6907020913967412,False,True,1201,PV+/PNN-,155.70547524,14.080140922851225,0.0,0.0,0.0,False,NONE
1562,828,44,94.53546711,10.971157418634661,3254.0,27.34453781512605,0.0,0.0,0.0,1.6703815219230802,False,True,1202,PV+/PNN-,94.53546711,10.971157418634661,0.0,0.0,0.0,False,NONE
1563,827,1854,91.35780435,10.78519212710641,3802.0,33.06086956521739,0.0,0.0,0.0,1.5126995999554098,False,True,1203,PV+/PNN-,91.35780435,10.78519212710641,0.0,0.0,0.0,False,NONE
1564,833,587,162.06080076,14.36461695204847,3342.0,16.38235294117647,0.0,0.0,0.0,1.630252236111114,False,True,1204,PV+/PNN-,162.06080076,14.36461695204847,0.0,0.0,0.0,False,NONE
1565,832,864,186.68768715,15.41746236559462,2129.0,9.059574468085106,0.0,0.0,0.0,1.3992313529499936,False,True,1205,PV+/PNN-,186.68768715,15.41746236559462,0.0,0.0,0.0,False,NONE
1566,830,1258,103.2740397,11.467021901548332,3504.0,26.953846153846154,0.0,0.0,0.0,1.5703669942071032,False,True,1206,PV+/PNN-,103.2740397,11.467021901548332,0.0,0.0,0.0,False,NONE
1567,829,2812,74.67507486,9.75085936304132,1851.0,19.69148936170213,0.0,0.0,0.0,1.5004724181660327,False,True,1207,PV+/PNN-,74.67507486,9.75085936304132,0.0,0.0,0.0,False,NONE
1568,830,1393,93.74105142,10.924962866435578,2298.0,19.47457627118644,0.0,0.0,0.0,1.3766810604030881,False,True,1208,PV+/PNN-,93.74105142,10.924962866435578,0.0,0.0,0.0,False,NONE
1569,830,1714,76.26390624,9.854045933561641,2538.0,26.4375,0.0,0.0,0.0,1.5944598392605978,False,True,1209,PV+/PNN-,76.26390624,9.854045933561641,0.0,0.0,0.0,False,NONE
1570,832,619,55.6090983,8.414493627225879,1310.0,18.714285714285715,0.0,0.0,0.0,1.6202199146581227,False,True,1211,PV+/PNN-,55.6090983,8.414493627225879,0.0,0.0,0.0,False,NONE
1571,834,2620,127.1065104,12.72151859781572,5448.0,34.05,0.0,0.0,0.0,1.481648474588678,False,True,1212,PV+/PNN-,127.1065104,12.72151859781572,0.0,0.0,0.0,False,NONE
1572,838,1216,115.19027505,12.11052490037406,3083.0,21.26206896551724,0.0,0.0,0.0,1.4526109579693514,False,True,1213,PV+/PNN-,115.19027505,12.11052490037406,0.0,0.0,0.0,False,NONE
1573,840,552,154.91105955,14.044176264056345,2238.0,11.476923076923077,0.0,0.0,0.0,1.5699296878873576,False,True,1214,PV+/PNN-,154.91105955,14.044176264056345,0.0,0.0,0.0,False,NONE
1574,838,2561,98.50754556,11.199272407696524,2969.0,23.943548387096776,0.0,0.0,0.0,1.50606180522126,False,True,1215,PV+/PNN-,98.50754556,11.199272407696524,0.0,0.0,0.0,False,NONE
1575,838,1885,65.14208658,9.10722134683339,1371.0,16.71951219512195,0.0,0.0,0.0,1.5297455035058396,False,True,1216,PV+/PNN-,65.14208658,9.10722134683339,0.0,0.0,0.0,False,NONE
1576,837,2321,25.42130208,5.689236072348751,1200.0,37.5,0.0,0.0,0.0,1.51895616999199,False,True,1217,PV+/PNN-,25.42130208,5.689236072348751,0.0,0.0,0.0,False,NONE
1577,841,345,132.66742023,12.996822909266468,2385.0,14.281437125748504,0.0,0.0,0.0,1.782088717981988,False,True,1218,PV+/PNN-,132.66742023,12.996822909266468,0.0,0.0,0.0,False,NONE
1578,840,780,79.441569,10.057243516322302,1889.0,18.89,0.0,0.0,0.0,1.5554111180717975,False,True,1219,PV+/PNN-,79.441569,10.057243516322302,0.0,0.0,0.0,False,NONE
1579,838,2125,55.6090983,8.414493627225879,1349.0,19.271428571428572,0.0,0.0,0.0,1.578800758945058,False,True,1220,PV+/PNN-,55.6090983,8.414493627225879,0.0,0.0,0.0,False,NONE
1580,841,2198,92.15222004,10.83198276817611,2803.0,24.163793103448278,0.0,0.0,0.0,1.6415385977457295,False,True,1221,PV+/PNN-,92.15222004,10.83198276817611,0.0,0.0,0.0,False,NONE
1581,837,2247,27.01013346,5.864330313842014,658.0,19.352941176470587,0.0,0.0,0.0,1.803309781175217,False,True,1222,PV+/PNN-,27.01013346,5.864330313842014,0.0,0.0,0.0,False,NONE
1582,841,2164,67.52533365000001,9.272320371655413,1959.0,23.04705882352941,0.0,0.0,0.0,1.5249128608547036,False,True,1223,PV+/PNN-,67.52533365000001,9.272320371655413,0.0,0.0,0.0,False,NONE
1583,844,2768,114.39585936,12.068692219586765,2494.0,17.319444444444443,0.0,0.0,0.0,1.5313920684597606,False,True,1224,PV+/PNN-,114.39585936,12.068692219586765,0.0,0.0,0.0,False,NONE
1584,842,1566,75.46949055,9.802588422925686,4706.0,49.536842105263155,0.0,0.0,0.0,1.9756809042451677,False,True,1225,PV+/PNN-,75.46949055,9.802588422925686,0.0,0.0,0.0,False,NONE
1585,844,1361,72.29182779,9.593998848416254,2449.0,26.912087912087912,0.0,0.0,0.0,1.3475281881309313,False,True,1226,PV+/PNN-,72.29182779,9.593998848416254,0.0,0.0,0.0,False,NONE
1586,844,2355,81.82481607,10.206987389088184,9616.0,93.35922330097087,0.0,0.0,0.0,1.8983976823255364,False,True,1227,PV+/PNN-,81.82481607,10.206987389088184,0.0,0.0,0.0,False,NONE
1587,844,424,50.84260416,8.045794813057842,842.0,13.15625,0.0,0.0,0.0,1.6975001408506976,False,True,1229,PV+/PNN-,50.84260416,8.045794813057842,0.0,0.0,0.0,False,NONE
1588,848,1062,80.23598469,10.107404643036364,1882.0,18.633663366336634,0.0,0.0,0.0,1.5847591348688361,False,True,1230,PV+/PNN-,80.23598469,10.107404643036364,0.0,0.0,0.0,False,NONE
1589,850,2250,73.08624348000001,9.646569098642193,2161.0,23.48913043478261,0.0,0.0,0.0,1.6044626271585871,False,True,1231,PV+/PNN-,73.08624348000001,9.646569098642193,0.0,0.0,0.0,False,NONE
1590,852,1298,142.9948242,13.493208101259413,5926.0,32.922222222222224,0.0,0.0,0.0,1.6259048968148178,False,True,1232,PV+/PNN-,142.9948242,13.493208101259413,0.0,0.0,0.0,False,NONE
1591,849,1923,81.82481607,10.206987389088184,1909.0,18.533980582524272,0.0,0.0,0.0,1.5026566914177273,False,True,1233,PV+/PNN-,81.82481607,10.206987389088184,0.0,0.0,0.0,False,NONE
1592,848,2313,41.30961588,7.252381437585563,1651.0,31.75,0.0,0.0,0.0,1.6677769769304762,False,True,1234,PV+/PNN-,41.30961588,7.252381437585563,0.0,0.0,0.0,False,NONE
1593,852,1206,100.09637694,11.289227848029503,2295.0,18.214285714285715,0.0,0.0,0.0,1.585703951563902,False,True,1235,PV+/PNN-,100.09637694,11.289227848029503,0.0,0.0,0.0,False,NONE
1594,852,1660,92.15222004,10.83198276817611,4271.0,36.81896551724138,0.0,0.0,0.0,1.5599395004104066,False,True,1236,PV+/PNN-,92.15222004,10.83198276817611,0.0,0.0,0.0,False,NONE
1595,852,2775,104.06845539,11.51104134134072,1925.0,14.694656488549619,0.0,0.0,0.0,1.7334855896884616,False,True,1237,PV+/PNN-,104.06845539,11.51104134134072,0.0,0.0,0.0,False,NONE
1596,851,2647,65.14208658,9.10722134683339,1984.0,24.195121951219512,0.0,0.0,0.0,1.440311028113928,False,True,1238,PV+/PNN-,65.14208658,9.10722134683339,0.0,0.0,0.0,False,NONE
1597,853,297,81.82481607,10.206987389088184,3134.0,30.42718446601942,0.0,0.0,0.0,1.745234328103895,False,True,1239,PV+/PNN-,81.82481607,10.206987389088184,0.0,0.0,0.0,False,NONE
1598,853,767,68.31974934,9.326703948667076,1308.0,15.209302325581396,0.0,0.0,0.0,1.7600308130466142,False,True,1240,PV+/PNN-,68.31974934,9.326703948667076,0.0,0.0,0.0,False,NONE
1599,854,1602,106.45170246,11.642101063659146,4918.0,36.701492537313435,0.0,0.0,0.0,1.6450386800436947,False,True,1241,PV+/PNN-,106.45170246,11.642101063659146,0.0,0.0,0.0,False,NONE
1600,853,1958,74.67507486,9.75085936304132,4884.0,51.95744680851064,0.0,0.0,0.0,1.726359741094293,False,True,1242,PV+/PNN-,74.67507486,9.75085936304132,0.0,0.0,0.0,False,NONE
1601,853,1991,99.30196125,11.244340084382843,3275.0,26.2,0.0,0.0,0.0,1.81123531512308,False,True,1243,PV+/PNN-,99.30196125,11.244340084382843,0.0,0.0,0.0,False,NONE
1602,851,2233,34.95429036,6.671220633775133,1210.0,27.5,0.0,0.0,0.0,1.7713887583702441,False,True,1244,PV+/PNN-,34.95429036,6.671220633775133,0.0,0.0,0.0,False,NONE
1603,853,524,72.29182779,9.593998848416254,902.0,9.912087912087912,0.0,0.0,0.0,1.5883590256480729,False,True,1245,PV+/PNN-,72.29182779,9.593998848416254,0.0,0.0,0.0,False,NONE
1604,854,591,108.04053384,11.728660627684029,1888.0,13.882352941176471,0.0,0.0,0.0,1.8848223929807726,False,True,1246,PV+/PNN-,108.04053384,11.728660627684029,0.0,0.0,0.0,False,NONE
1605,854,2142,75.46949055,9.802588422925686,1821.0,19.16842105263158,0.0,0.0,0.0,1.769226289080975,False,True,1248,PV+/PNN-,75.46949055,9.802588422925686,0.0,0.0,0.0,False,NONE
1606,855,1570,91.35780435,10.78519212710641,6829.0,59.38260869565217,0.0,0.0,0.0,1.6936303364206646,False,True,1250,PV+/PNN-,91.35780435,10.78519212710641,0.0,0.0,0.0,False,NONE
1607,852,2377,30.98221191,6.280746562883805,1118.0,28.666666666666668,0.0,0.0,0.0,1.6464582938428693,False,True,1251,PV+/PNN-,30.98221191,6.280746562883805,0.0,0.0,0.0,False,NONE
1608,856,55,67.52533365000001,9.272320371655413,2789.0,32.811764705882354,0.0,0.0,0.0,1.751643325692311,False,True,1252,PV+/PNN-,67.52533365000001,9.272320371655413,0.0,0.0,0.0,False,NONE
1609,858,686,146.96690265,13.679330108642857,2200.0,11.891891891891891,0.0,0.0,0.0,2.093609915327793,False,True,1253,PV+/PNN-,146.96690265,13.679330108642857,0.0,0.0,0.0,False,NONE
1610,860,1030,184.30444008,15.318736938146312,3871.0,16.685344827586206,0.0,0.0,0.0,1.5819933105010344,False,True,1254,PV+/PNN-,184.30444008,15.318736938146312,0.0,0.0,0.0,False,NONE
1611,856,2330,87.3857259,10.548125988120718,3741.0,34.00909090909091,0.0,0.0,0.0,1.5504496790986821,False,True,1255,PV+/PNN-,87.3857259,10.548125988120718,0.0,0.0,0.0,False,NONE
1612,856,250,79.441569,10.057243516322302,5309.0,53.09,0.0,0.0,0.0,1.8154990517406016,False,True,1256,PV+/PNN-,79.441569,10.057243516322302,0.0,0.0,0.0,False,NONE
1613,861,821,173.18262042,14.84934209921784,1971.0,9.041284403669724,0.0,0.0,0.0,1.7579112256092717,False,True,1257,PV+/PNN-,173.18262042,14.84934209921784,0.0,0.0,0.0,False,NONE
1614,860,856,129.48975747,12.84022896403991,5505.0,33.77300613496933,0.0,0.0,0.0,1.5794136010180406,False,True,1258,PV+/PNN-,129.48975747,12.84022896403991,0.0,0.0,0.0,False,NONE
1615,857,1400,80.23598469,10.107404643036364,2663.0,26.366336633663366,0.0,0.0,0.0,1.4023894102382186,False,True,1259,PV+/PNN-,80.23598469,10.107404643036364,0.0,0.0,0.0,False,NONE
1616,858,1458,100.09637694,11.289227848029503,3263.0,25.896825396825395,0.0,0.0,0.0,1.6330788028696952,False,True,1260,PV+/PNN-,100.09637694,11.289227848029503,0.0,0.0,0.0,False,NONE
1617,860,601,98.50754556,11.199272407696524,1732.0,13.96774193548387,0.0,0.0,0.0,1.8100249640832677,False,True,1262,PV+/PNN-,98.50754556,11.199272407696524,0.0,0.0,0.0,False,NONE
1618,860,901,195.42625974,15.774170088491289,3303.0,13.426829268292684,0.0,0.0,0.0,1.6358189510636887,False,True,1263,PV+/PNN-,195.42625974,15.774170088491289,0.0,0.0,0.0,False,NONE
1619,857,2808,49.25377278,7.919081463837606,1044.0,16.838709677419356,0.0,0.0,0.0,1.4936832150413593,False,True,1264,PV+/PNN-,49.25377278,7.919081463837606,0.0,0.0,0.0,False,NONE
1620,859,435,70.70299641,9.487984557348323,1194.0,13.415730337078651,0.0,0.0,0.0,1.5196148933458204,False,True,1265,PV+/PNN-,70.70299641,9.487984557348323,0.0,0.0,0.0,False,NONE
1621,859,1938,69.90858072,9.434530697868027,2145.0,24.375,0.0,0.0,0.0,1.68805208811869,False,True,1266,PV+/PNN-,69.90858072,9.434530697868027,0.0,0.0,0.0,False,NONE
1622,858,2181,75.46949055,9.802588422925686,2519.0,26.51578947368421,0.0,0.0,0.0,1.4380012760566827,False,True,1267,PV+/PNN-,75.46949055,9.802588422925686,0.0,0.0,0.0,False,NONE
1623,863,837,173.18262042,14.84934209921784,4018.0,18.431192660550458,0.0,0.0,0.0,1.6389960025150976,False,True,1268,PV+/PNN-,173.18262042,14.84934209921784,0.0,0.0,0.0,False,NONE
1624,861,2060,102.47962401,11.422832828117684,2318.0,17.968992248062015,0.0,0.0,0.0,1.5779130707013214,False,True,1269,PV+/PNN-,102.47962401,11.422832828117684,0.0,0.0,0.0,False,NONE
1625,862,2108,123.13443195,12.521167201073583,4288.0,27.664516129032258,0.0,0.0,0.0,1.4733273111899667,False,True,1272,PV+/PNN-,123.13443195,12.521167201073583,0.0,0.0,0.0,False,NONE
1626,860,2389,37.33753743,6.894898778002857,1605.0,34.148936170212764,0.0,0.0,0.0,1.7943980913738893,False,True,1274,PV+/PNN-,37.33753743,6.894898778002857,0.0,0.0,0.0,False,NONE
1627,861,725,67.52533365000001,9.272320371655413,1615.0,19.0,0.0,0.0,0.0,2.168987898136756,False,True,1275,PV+/PNN-,67.52533365000001,9.272320371655413,0.0,0.0,0.0,False,NONE
1628,862,1719,71.4974121,9.54113894836179,1969.0,21.877777777777776,0.0,0.0,0.0,1.4193505451215602,False,True,1276,PV+/PNN-,71.4974121,9.54113894836179,0.0,0.0,0.0,False,NONE
1629,864,307,107.24611815,11.68546099424064,5455.0,40.407407407407405,0.0,0.0,0.0,2.243041293158282,False,True,1277,PV+/PNN-,107.24611815,11.68546099424064,0.0,0.0,0.0,False,NONE
1630,863,2603,105.65728677,11.598579038183399,3587.0,26.969924812030076,0.0,0.0,0.0,1.496475378239833,False,True,1278,PV+/PNN-,105.65728677,11.598579038183399,0.0,0.0,0.0,False,NONE
1631,863,2820,98.50754556,11.199272407696524,3042.0,24.532258064516128,0.0,0.0,0.0,1.5851472424817372,False,True,1279,PV+/PNN-,98.50754556,11.199272407696524,0.0,0.0,0.0,False,NONE
1632,865,497,125.51767902,12.64175907426016,2509.0,15.879746835443038,0.0,0.0,0.0,1.7270831868441014,False,True,1280,PV+/PNN-,125.51767902,12.64175907426016,0.0,0.0,0.0,False,NONE
1633,868,1625,113.60144367,12.026714032504808,4414.0,30.867132867132867,0.0,0.0,0.0,1.998887432437993,False,True,1281,PV+/PNN-,113.60144367,12.026714032504808,0.0,0.0,0.0,False,NONE
1634,867,530,110.42378091,11.857315232959936,1397.0,10.050359712230216,0.0,0.0,0.0,1.6766607447030097,False,True,1282,PV+/PNN-,110.42378091,11.857315232959936,0.0,0.0,0.0,False,NONE
1635,867,1097,72.29182779,9.593998848416254,1389.0,15.263736263736265,0.0,0.0,0.0,1.763593915203347,False,True,1283,PV+/PNN-,72.29182779,9.593998848416254,0.0,0.0,0.0,False,NONE
1636,870,582,134.25625161,13.074416571218995,1744.0,10.319526627218934,0.0,0.0,0.0,1.828108611275733,False,True,1284,PV+/PNN-,134.25625161,13.074416571218995,0.0,0.0,0.0,False,NONE
1637,870,1553,111.2181966,11.899891008124815,3263.0,23.307142857142857,0.0,0.0,0.0,1.6287473878931655,False,True,1285,PV+/PNN-,111.2181966,11.899891008124815,0.0,0.0,0.0,False,NONE
1638,869,2196,74.67507486,9.75085936304132,2539.0,27.01063829787234,0.0,0.0,0.0,1.839756991560287,False,True,1286,PV+/PNN-,74.67507486,9.75085936304132,0.0,0.0,0.0,False,NONE
1639,871,2635,105.65728677,11.598579038183399,4270.0,32.10526315789474,0.0,0.0,0.0,1.5932910518106194,False,True,1287,PV+/PNN-,105.65728677,11.598579038183399,0.0,0.0,0.0,False,NONE
1640,872,164,85.79689452,10.451794052617739,5248.0,48.592592592592595,0.0,0.0,0.0,1.7062842278636468,False,True,1288,PV+/PNN-,85.79689452,10.451794052617739,0.0,0.0,0.0,False,NONE
1641,872,405,100.09637694,11.289227848029503,2135.0,16.944444444444443,0.0,0.0,0.0,1.756253416264757,False,True,1289,PV+/PNN-,100.09637694,11.289227848029503,0.0,0.0,0.0,False,NONE
1642,875,2339,116.77910643,12.193759728054031,3704.0,25.197278911564627,0.0,0.0,0.0,1.64342392346096,False,True,1290,PV+/PNN-,116.77910643,12.193759728054031,0.0,0.0,0.0,False,NONE
1643,873,2451,69.90858072,9.434530697868027,5485.0,62.32954545454545,0.0,0.0,0.0,1.5301000270605116,False,True,1291,PV+/PNN-,69.90858072,9.434530697868027,0.0,0.0,0.0,False,NONE
1644,874,2614,88.97455728,10.643586087602236,3057.0,27.294642857142858,0.0,0.0,0.0,1.5379907084630675,False,True,1292,PV+/PNN-,88.97455728,10.643586087602236,0.0,0.0,0.0,False,NONE
1645,875,320,103.2740397,11.467021901548332,8476.0,65.2,0.0,0.0,0.0,2.144987498353061,False,True,1293,PV+/PNN-,103.2740397,11.467021901548332,0.0,0.0,0.0,False,NONE
1646,874,633,56.40351399,8.474384017383858,853.0,12.014084507042254,0.0,0.0,0.0,1.5649714965155923,False,True,1294,PV+/PNN-,56.40351399,8.474384017383858,0.0,0.0,0.0,False,NONE
1647,875,2069,91.35780435,10.78519212710641,1681.0,14.617391304347827,0.0,0.0,0.0,1.6899227393619503,False,True,1295,PV+/PNN-,91.35780435,10.78519212710641,0.0,0.0,0.0,False,NONE
1648,880,1156,158.883138,14.223090180871878,2827.0,14.135,0.0,0.0,0.0,1.8159254254023538,False,True,1296,PV+/PNN-,158.883138,14.223090180871878,0.0,0.0,0.0,False,NONE
1649,878,150,84.20806314000001,10.354565948189398,4196.0,39.58490566037736,0.0,0.0,0.0,1.7682439783607513,False,True,1297,PV+/PNN-,84.20806314000001,10.354565948189398,0.0,0.0,0.0,False,NONE
1650,877,369,89.76897297000001,10.690996505268625,3405.0,30.13274336283186,0.0,0.0,0.0,1.8134086888325425,False,True,1298,PV+/PNN-,89.76897297000001,10.690996505268625,0.0,0.0,0.0,False,NONE
1651,878,928,134.25625161,13.074416571218995,2944.0,17.420118343195266,0.0,0.0,0.0,1.7347605314838448,False,True,1299,PV+/PNN-,134.25625161,13.074416571218995,0.0,0.0,0.0,False,NONE
1652,875,2295,46.87052571,7.72511532706782,1730.0,29.322033898305083,0.0,0.0,0.0,1.4872491455693204,False,True,1300,PV+/PNN-,46.87052571,7.72511532706782,0.0,0.0,0.0,False,NONE
1653,879,1875,95.32988280000001,11.017158280424603,3447.0,28.725,0.0,0.0,0.0,1.5747400574045611,False,True,1301,PV+/PNN-,95.32988280000001,11.017158280424603,0.0,0.0,0.0,False,NONE
1654,877,206,46.87052571,7.72511532706782,3934.0,66.67796610169492,0.0,0.0,0.0,1.7112759847950199,False,True,1302,PV+/PNN-,46.87052571,7.72511532706782,0.0,0.0,0.0,False,NONE
1655,878,971,54.02026692,8.293415464071046,1356.0,19.941176470588236,0.0,0.0,0.0,1.4872916554059856,False,True,1304,PV+/PNN-,54.02026692,8.293415464071046,0.0,0.0,0.0,False,NONE
1656,878,1940,88.18014159,10.595963539609496,2644.0,23.81981981981982,0.0,0.0,0.0,1.577198428066916,False,True,1305,PV+/PNN-,88.18014159,10.595963539609496,0.0,0.0,0.0,False,NONE
1657,877,2152,60.37559244,8.767701627645716,1350.0,17.763157894736842,0.0,0.0,0.0,1.8098439905426258,False,True,1306,PV+/PNN-,60.37559244,8.767701627645716,0.0,0.0,0.0,False,NONE
1658,882,2737,154.11664386,14.008119269352957,4504.0,23.216494845360824,0.0,0.0,0.0,1.604835297996963,False,True,1308,PV+/PNN-,154.11664386,14.008119269352957,0.0,0.0,0.0,False,NONE
1659,882,9,99.30196125,11.244340084382843,4000.0,32.0,0.0,0.0,0.0,1.7600704757128238,False,True,1309,PV+/PNN-,99.30196125,11.244340084382843,0.0,0.0,0.0,False,NONE
1660,881,501,125.51767902,12.64175907426016,2913.0,18.436708860759495,0.0,0.0,0.0,1.9969399347884922,False,True,1310,PV+/PNN-,125.51767902,12.64175907426016,0.0,0.0,0.0,False,NONE
1661,882,726,92.15222004,10.83198276817611,1251.0,10.78448275862069,0.0,0.0,0.0,1.7606291722351197,False,True,1311,PV+/PNN-,92.15222004,10.83198276817611,0.0,0.0,0.0,False,NONE
1662,880,805,43.69286295,7.4586514150102134,759.0,13.8,0.0,0.0,0.0,1.6605316063146884,False,True,1312,PV+/PNN-,43.69286295,7.4586514150102134,0.0,0.0,0.0,False,NONE
1663,882,2761,132.66742023,12.996822909266468,3000.0,17.964071856287426,0.0,0.0,0.0,1.6539213058864353,False,True,1313,PV+/PNN-,132.66742023,12.996822909266468,0.0,0.0,0.0,False,NONE
1664,883,572,129.48975747,12.84022896403991,1872.0,11.484662576687116,0.0,0.0,0.0,1.88075253251403,False,True,1314,PV+/PNN-,129.48975747,12.84022896403991,0.0,0.0,0.0,False,NONE
1665,885,610,188.27651853,15.482929591568213,2803.0,11.827004219409282,0.0,0.0,0.0,1.5126370244776255,False,True,1315,PV+/PNN-,188.27651853,15.482929591568213,0.0,0.0,0.0,False,NONE
1666,882,1092,104.86287108,11.554893086200376,2623.0,19.87121212121212,0.0,0.0,0.0,1.629264204452865,False,True,1316,PV+/PNN-,104.86287108,11.554893086200376,0.0,0.0,0.0,False,NONE
1667,882,1500,97.71312987,11.154022637162193,2118.0,17.21951219512195,0.0,0.0,0.0,1.6625106355798793,False,True,1317,PV+/PNN-,97.71312987,11.154022637162193,0.0,0.0,0.0,False,NONE
1668,883,2086,108.83494953,11.77170172875832,1315.0,9.598540145985401,0.0,0.0,0.0,1.6009241723014564,False,True,1318,PV+/PNN-,108.83494953,11.77170172875832,0.0,0.0,0.0,False,NONE
1669,882,2243,67.52533365000001,9.272320371655413,1728.0,20.32941176470588,0.0,0.0,0.0,1.7335851470769261,False,True,1320,PV+/PNN-,67.52533365000001,9.272320371655413,0.0,0.0,0.0,False,NONE
1670,884,241,184.30444008,15.318736938146312,6815.0,29.375,0.0,0.0,0.0,1.8017962844042916,False,True,1321,PV+/PNN-,184.30444008,15.318736938146312,0.0,0.0,0.0,False,NONE
1671,887,1243,159.67755369,14.258603569939103,4363.0,21.70646766169154,0.0,0.0,0.0,1.5756734126840188,False,True,1322,PV+/PNN-,159.67755369,14.258603569939103,0.0,0.0,0.0,False,NONE
1672,884,1704,88.18014159,10.595963539609496,6079.0,54.765765765765764,0.0,0.0,0.0,1.581807873058831,False,True,1323,PV+/PNN-,88.18014159,10.595963539609496,0.0,0.0,0.0,False,NONE
1673,882,2040,58.78676106,8.651568001725998,2245.0,30.33783783783784,0.0,0.0,0.0,2.112278167545049,False,True,1324,PV+/PNN-,58.78676106,8.651568001725998,0.0,0.0,0.0,False,NONE
1674,885,1260,112.01261229,11.942314996545514,3791.0,26.886524822695037,0.0,0.0,0.0,1.6317108360386767,False,True,1325,PV+/PNN-,112.01261229,11.942314996545514,0.0,0.0,0.0,False,NONE
1675,884,2254,70.70299641,9.487984557348323,1736.0,19.50561797752809,0.0,0.0,0.0,1.7926856654792118,False,True,1326,PV+/PNN-,70.70299641,9.487984557348323,0.0,0.0,0.0,False,NONE
1676,885,1581,88.18014159,10.595963539609496,3416.0,30.774774774774773,0.0,0.0,0.0,1.6747650137291168,False,True,1327,PV+/PNN-,88.18014159,10.595963539609496,0.0,0.0,0.0,False,NONE
1677,886,1719,74.67507486,9.75085936304132,9983.0,106.20212765957447,0.0,0.0,0.0,2.313303909506278,False,True,1328,PV+/PNN-,74.67507486,9.75085936304132,0.0,0.0,0.0,False,NONE
1678,886,2623,93.74105142,10.924962866435578,3157.0,26.75423728813559,0.0,0.0,0.0,1.4540064532971197,False,True,1329,PV+/PNN-,93.74105142,10.924962866435578,0.0,0.0,0.0,False,NONE
1679,887,412,97.71312987,11.154022637162193,1782.0,14.487804878048781,0.0,0.0,0.0,1.7748236976999545,False,True,1330,PV+/PNN-,97.71312987,11.154022637162193,0.0,0.0,0.0,False,NONE
1680,887,1405,92.15222004,10.83198276817611,2874.0,24.775862068965516,0.0,0.0,0.0,1.9047140648272212,False,True,1331,PV+/PNN-,92.15222004,10.83198276817611,0.0,0.0,0.0,False,NONE
1681,888,1427,104.86287108,11.554893086200376,2594.0,19.651515151515152,0.0,0.0,0.0,1.7901233586593532,False,True,1333,PV+/PNN-,104.86287108,11.554893086200376,0.0,0.0,0.0,False,NONE
1682,886,2182,101.68520832,11.378472144697502,2307.0,18.0234375,0.0,0.0,0.0,1.829409492455265,False,True,1334,PV+/PNN-,101.68520832,11.378472144697502,0.0,0.0,0.0,False,NONE
1683,888,625,88.18014159,10.595963539609496,2254.0,20.306306306306308,0.0,0.0,0.0,1.6294388046419526,False,True,1335,PV+/PNN-,88.18014159,10.595963539609496,0.0,0.0,0.0,False,NONE
1684,887,1807,73.08624348000001,9.646569098642193,2583.0,28.07608695652174,0.0,0.0,0.0,1.3959102926059113,False,True,1336,PV+/PNN-,73.08624348000001,9.646569098642193,0.0,0.0,0.0,False,NONE
1685,889,2144,100.09637694,11.289227848029503,2498.0,19.825396825396826,0.0,0.0,0.0,1.6648876316035848,False,True,1338,PV+/PNN-,100.09637694,11.289227848029503,0.0,0.0,0.0,False,NONE
1686,890,660,76.26390624,9.854045933561641,1340.0,13.958333333333334,0.0,0.0,0.0,1.7543499624176493,False,True,1341,PV+/PNN-,76.26390624,9.854045933561641,0.0,0.0,0.0,False,NONE
1687,893,324,72.29182779,9.593998848416254,2220.0,24.395604395604394,0.0,0.0,0.0,1.7307959412224132,False,True,1343,PV+/PNN-,72.29182779,9.593998848416254,0.0,0.0,0.0,False,NONE
1688,895,520,139.02274575,13.304482609502793,1857.0,10.611428571428572,0.0,0.0,0.0,1.628016461615876,False,True,1344,PV+/PNN-,139.02274575,13.304482609502793,0.0,0.0,0.0,False,NONE
1689,899,1143,144.58365558,13.56796328882212,2190.0,12.032967032967033,0.0,0.0,0.0,1.7350128235913904,False,True,1346,PV+/PNN-,144.58365558,13.56796328882212,0.0,0.0,0.0,False,NONE
1690,898,2286,104.06845539,11.51104134134072,2618.0,19.984732824427482,0.0,0.0,0.0,1.7237213073582598,False,True,1347,PV+/PNN-,104.06845539,11.51104134134072,0.0,0.0,0.0,False,NONE
1691,897,164,78.64715331000001,10.006830950662698,2789.0,28.171717171717173,0.0,0.0,0.0,1.7847398528291496,False,True,1348,PV+/PNN-,78.64715331000001,10.006830950662698,0.0,0.0,0.0,False,NONE
1692,898,1931,80.23598469,10.107404643036364,2658.0,26.316831683168317,0.0,0.0,0.0,1.4707780569747,False,True,1349,PV+/PNN-,80.23598469,10.107404643036364,0.0,0.0,0.0,False,NONE
1693,900,411,113.60144367,12.026714032504808,1815.0,12.692307692307692,0.0,0.0,0.0,1.8289342945367912,False,True,1350,PV+/PNN-,113.60144367,12.026714032504808,0.0,0.0,0.0,False,NONE
1694,900,1488,109.62936522,11.814586030086609,1818.0,13.173913043478262,0.0,0.0,0.0,2.3036536391477807,False,True,1351,PV+/PNN-,109.62936522,11.814586030086609,0.0,0.0,0.0,False,NONE
1695,901,988,118.36793781,12.276430232296539,2533.0,17.0,0.0,0.0,0.0,1.6082013282194716,False,True,1352,PV+/PNN-,118.36793781,12.276430232296539,0.0,0.0,0.0,False,NONE
1696,904,1084,193.04301267,15.677691078926612,3446.0,14.181069958847736,0.0,0.0,0.0,1.4507232244307295,False,True,1353,PV+/PNN-,193.04301267,15.677691078926612,0.0,0.0,0.0,False,NONE
1697,902,1590,95.32988280000001,11.017158280424603,4302.0,35.85,0.0,0.0,0.0,1.5313920684597606,False,True,1354,PV+/PNN-,95.32988280000001,11.017158280424603,0.0,0.0,0.0,False,NONE
1698,899,2843,41.30961588,7.252381437585563,1391.0,26.75,0.0,0.0,0.0,1.452950247355361,False,True,1355,PV+/PNN-,41.30961588,7.252381437585563,0.0,0.0,0.0,False,NONE
1699,902,1452,65.93650227,9.1625849044734,1685.0,20.301204819277107,0.0,0.0,0.0,1.7815227216342324,False,True,1357,PV+/PNN-,65.93650227,9.1625849044734,0.0,0.0,0.0,False,NONE
1700,902,2113,80.23598469,10.107404643036364,2395.0,23.712871287128714,0.0,0.0,0.0,1.8329845933938427,False,True,1358,PV+/PNN-,80.23598469,10.107404643036364,0.0,0.0,0.0,False,NONE
1701,900,2396,63.5532552,8.995472067506276,3929.0,49.1125,0.0,0.0,0.0,1.5370770506164557,False,True,1359,PV+/PNN-,63.5532552,8.995472067506276,0.0,0.0,0.0,False,NONE
1702,900,2596,38.13195312,6.96786270174516,4186.0,87.20833333333333,0.0,0.0,0.0,1.4940843730564486,False,True,1360,PV+/PNN-,38.13195312,6.96786270174516,0.0,0.0,0.0,False,NONE
1703,901,2666,57.19792968,8.533854108523126,2738.0,38.02777777777778,0.0,0.0,0.0,1.5384982961556297,False,True,1361,PV+/PNN-,57.19792968,8.533854108523126,0.0,0.0,0.0,False,NONE
1704,902,2828,102.47962401,11.422832828117684,4815.0,37.325581395348834,0.0,0.0,0.0,1.4642134275674181,False,True,1362,PV+/PNN-,102.47962401,11.422832828117684,0.0,0.0,0.0,False,NONE
1705,903,1499,84.20806314000001,10.354565948189398,1255.0,11.839622641509434,0.0,0.0,0.0,1.7827245932881826,False,True,1363,PV+/PNN-,84.20806314000001,10.354565948189398,0.0,0.0,0.0,False,NONE
1706,902,1913,73.88065917,9.698854408967303,1669.0,17.946236559139784,0.0,0.0,0.0,1.6403924319883314,False,True,1364,PV+/PNN-,73.88065917,9.698854408967303,0.0,0.0,0.0,False,NONE
1707,905,1279,101.68520832,11.378472144697502,2767.0,21.6171875,0.0,0.0,0.0,1.5569300742417898,False,True,1365,PV+/PNN-,101.68520832,11.378472144697502,0.0,0.0,0.0,False,NONE
1708,902,1793,37.33753743,6.894898778002857,865.0,18.404255319148938,0.0,0.0,0.0,1.669207526859432,False,True,1366,PV+/PNN-,37.33753743,6.894898778002857,0.0,0.0,0.0,False,NONE
1709,905,359,78.64715331000001,10.006830950662698,2031.0,20.515151515151516,0.0,0.0,0.0,1.6899901502175632,False,True,1367,PV+/PNN-,78.64715331000001,10.006830950662698,0.0,0.0,0.0,False,NONE
1710,906,613,101.68520832,11.378472144697502,1876.0,14.65625,0.0,0.0,0.0,1.670851786991189,False,True,1369,PV+/PNN-,101.68520832,11.378472144697502,0.0,0.0,0.0,False,NONE
1711,904,1061,60.37559244,8.767701627645716,2090.0,27.5,0.0,0.0,0.0,1.55962997325124,False,True,1370,PV+/PNN-,60.37559244,8.767701627645716,0.0,0.0,0.0,False,NONE
1712,905,2632,103.2740397,11.467021901548332,3994.0,30.723076923076924,0.0,0.0,0.0,1.577582548482909,False,True,1371,PV+/PNN-,103.2740397,11.467021901548332,0.0,0.0,0.0,False,NONE
1713,907,302,125.51767902,12.64175907426016,3116.0,19.72151898734177,0.0,0.0,0.0,1.7346391757865443,False,True,1372,PV+/PNN-,125.51767902,12.64175907426016,0.0,0.0,0.0,False,NONE
1714,908,595,133.46183592,13.035677474005707,1900.0,11.30952380952381,0.0,0.0,0.0,1.749147188568888,False,True,1373,PV+/PNN-,133.46183592,13.035677474005707,0.0,0.0,0.0,False,NONE
1715,908,789,120.75118488,12.39940255265723,1134.0,7.4605263157894735,0.0,0.0,0.0,1.697640395344695,False,True,1374,PV+/PNN-,120.75118488,12.39940255265723,0.0,0.0,0.0,False,NONE
1716,906,2141,127.90092609,12.761211420003875,3313.0,20.577639751552795,0.0,0.0,0.0,1.5312375852489808,False,True,1375,PV+/PNN-,127.90092609,12.761211420003875,0.0,0.0,0.0,False,NONE
1717,906,2315,74.67507486,9.75085936304132,1759.0,18.71276595744681,0.0,0.0,0.0,1.63473476271777,False,True,1376,PV+/PNN-,74.67507486,9.75085936304132,0.0,0.0,0.0,False,NONE
1718,907,838,73.08624348000001,9.646569098642193,1602.0,17.41304347826087,0.0,0.0,0.0,1.3643957176068402,False,True,1377,PV+/PNN-,73.08624348000001,9.646569098642193,0.0,0.0,0.0,False,NONE
1719,905,854,41.30961588,7.252381437585563,1016.0,19.53846153846154,0.0,0.0,0.0,1.3873542993934938,False,True,1378,PV+/PNN-,41.30961588,7.252381437585563,0.0,0.0,0.0,False,NONE
1720,907,2703,98.50754556,11.199272407696524,8276.0,66.74193548387096,0.0,0.0,0.0,1.5136264992200883,False,True,1379,PV+/PNN-,98.50754556,11.199272407696524,0.0,0.0,0.0,False,NONE
1721,909,1335,117.57352212,12.235164803834003,3366.0,22.743243243243242,0.0,0.0,0.0,1.4974934417483856,False,True,1380,PV+/PNN-,117.57352212,12.235164803834003,0.0,0.0,0.0,False,NONE
1722,907,1347,73.88065917,9.698854408967303,2224.0,23.913978494623656,0.0,0.0,0.0,1.4845138889821736,False,True,1381,PV+/PNN-,73.88065917,9.698854408967303,0.0,0.0,0.0,False,NONE
1723,909,933,94.53546711,10.971157418634661,1569.0,13.184873949579831,0.0,0.0,0.0,1.510580973064716,False,True,1382,PV+/PNN-,94.53546711,10.971157418634661,0.0,0.0,0.0,False,NONE
1724,910,1720,96.12429849,11.062967867954534,6981.0,57.69421487603306,0.0,0.0,0.0,1.6329054120325663,False,True,1383,PV+/PNN-,96.12429849,11.062967867954534,0.0,0.0,0.0,False,NONE
1725,909,1870,97.71312987,11.154022637162193,4806.0,39.073170731707314,0.0,0.0,0.0,1.2971465384361778,False,True,1384,PV+/PNN-,97.71312987,11.154022637162193,0.0,0.0,0.0,False,NONE
1726,911,419,103.2740397,11.467021901548332,2205.0,16.96153846153846,0.0,0.0,0.0,1.8543974488819888,False,True,1385,PV+/PNN-,103.2740397,11.467021901548332,0.0,0.0,0.0,False,NONE
1727,911,2258,91.35780435,10.78519212710641,1754.0,15.252173913043478,0.0,0.0,0.0,1.8701119564154625,False,True,1386,PV+/PNN-,91.35780435,10.78519212710641,0.0,0.0,0.0,False,NONE
1728,910,2334,60.37559244,8.767701627645716,1594.0,20.973684210526315,0.0,0.0,0.0,1.6202199146581227,False,True,1387,PV+/PNN-,60.37559244,8.767701627645716,0.0,0.0,0.0,False,NONE
1729,911,659,95.32988280000001,11.017158280424603,1272.0,10.6,0.0,0.0,0.0,1.8710697523222968,False,True,1388,PV+/PNN-,95.32988280000001,11.017158280424603,0.0,0.0,0.0,False,NONE
1730,911,2294,99.30196125,11.244340084382843,2350.0,18.8,0.0,0.0,0.0,1.762117069289234,False,True,1389,PV+/PNN-,99.30196125,11.244340084382843,0.0,0.0,0.0,False,NONE
1731,912,2820,102.47962401,11.422832828117684,4302.0,33.348837209302324,0.0,0.0,0.0,1.4780953607407434,False,True,1390,PV+/PNN-,102.47962401,11.422832828117684,0.0,0.0,0.0,False,NONE
1732,913,1945,94.53546711,10.971157418634661,2703.0,22.714285714285715,0.0,0.0,0.0,1.4797674143162418,False,True,1391,PV+/PNN-,94.53546711,10.971157418634661,0.0,0.0,0.0,False,NONE
1733,914,340,54.02026692,8.293415464071046,1403.0,20.63235294117647,0.0,0.0,0.0,1.6979704059188063,False,True,1392,PV+/PNN-,54.02026692,8.293415464071046,0.0,0.0,0.0,False,NONE
1734,916,570,131.87300454,12.957851838301272,1969.0,11.86144578313253,0.0,0.0,0.0,1.8000160370837228,False,True,1393,PV+/PNN-,131.87300454,12.957851838301272,0.0,0.0,0.0,False,NONE
1735,912,647,37.33753743,6.894898778002857,465.0,9.893617021276595,0.0,0.0,0.0,1.7508535471949478,False,True,1395,PV+/PNN-,37.33753743,6.894898778002857,0.0,0.0,0.0,False,NONE
1736,914,1857,97.71312987,11.154022637162193,2918.0,23.723577235772357,0.0,0.0,0.0,1.3643957176068402,False,True,1396,PV+/PNN-,97.71312987,11.154022637162193,0.0,0.0,0.0,False,NONE
1737,914,2538,97.71312987,11.154022637162193,7083.0,57.58536585365854,0.0,0.0,0.0,1.6153668811097242,False,True,1397,PV+/PNN-,97.71312987,11.154022637162193,0.0,0.0,0.0,False,NONE
1738,915,1736,96.12429849,11.062967867954534,3790.0,31.322314049586776,0.0,0.0,0.0,1.535649932161831,False,True,1398,PV+/PNN-,96.12429849,11.062967867954534,0.0,0.0,0.0,False,NONE
1739,918,958,166.8272949,14.574330482319752,2651.0,12.623809523809523,0.0,0.0,0.0,1.4906835355162826,False,True,1400,PV+/PNN-,166.8272949,14.574330482319752,0.0,0.0,0.0,False,NONE
1740,916,1499,67.52533365000001,9.272320371655413,1665.0,19.58823529411765,0.0,0.0,0.0,2.311446862769235,False,True,1401,PV+/PNN-,67.52533365000001,9.272320371655413,0.0,0.0,0.0,False,NONE
1741,915,2165,66.73091796,9.217615939230159,1549.0,18.44047619047619,0.0,0.0,0.0,1.4923078161324814,False,True,1402,PV+/PNN-,66.73091796,9.217615939230159,0.0,0.0,0.0,False,NONE
1742,916,1236,32.57104329,6.439777972112771,1107.0,27.0,0.0,0.0,0.0,1.4059931480216827,False,True,1403,PV+/PNN-,32.57104329,6.439777972112771,0.0,0.0,0.0,False,NONE
1743,918,2026,92.94663573,10.878572156378345,1999.0,17.085470085470085,0.0,0.0,0.0,1.6326102603842532,False,True,1404,PV+/PNN-,92.94663573,10.878572156378345,0.0,0.0,0.0,False,NONE
1744,921,2286,114.39585936,12.068692219586765,2451.0,17.020833333333332,0.0,0.0,0.0,1.6344323700498606,False,True,1405,PV+/PNN-,114.39585936,12.068692219586765,0.0,0.0,0.0,False,NONE
1745,918,1693,54.02026692,8.293415464071046,1727.0,25.397058823529413,0.0,0.0,0.0,1.8547254286217982,False,True,1408,PV+/PNN-,54.02026692,8.293415464071046,0.0,0.0,0.0,False,NONE
1746,919,2054,108.04053384,11.728660627684029,2301.0,16.919117647058822,0.0,0.0,0.0,2.2698127287393204,False,True,1409,PV+/PNN-,108.04053384,11.728660627684029,0.0,0.0,0.0,False,NONE
1747,919,2468,73.88065917,9.698854408967303,2544.0,27.35483870967742,0.0,0.0,0.0,1.4570059108046163,False,True,1410,PV+/PNN-,73.88065917,9.698854408967303,0.0,0.0,0.0,False,NONE
1748,922,665,98.50754556,11.199272407696524,597.0,4.814516129032258,0.0,0.0,0.0,1.5383836795798898,False,True,1411,PV+/PNN-,98.50754556,11.199272407696524,0.0,0.0,0.0,False,NONE
1749,922,306,130.28417316,12.879555944225542,3164.0,19.29268292682927,0.0,0.0,0.0,1.8427661673775309,False,True,1413,PV+/PNN-,130.28417316,12.879555944225542,0.0,0.0,0.0,False,NONE
1750,922,2187,94.53546711,10.971157418634661,2591.0,21.77310924369748,0.0,0.0,0.0,1.631685424890113,False,True,1414,PV+/PNN-,94.53546711,10.971157418634661,0.0,0.0,0.0,False,NONE
1751,922,1164,99.30196125,11.244340084382843,2157.0,17.256,0.0,0.0,0.0,1.690486294114875,False,True,1416,PV+/PNN-,99.30196125,11.244340084382843,0.0,0.0,0.0,False,NONE
1752,924,1409,139.81716144,13.342441267550265,2556.0,14.522727272727273,0.0,0.0,0.0,1.5601399895930488,False,True,1417,PV+/PNN-,139.81716144,13.342441267550265,0.0,0.0,0.0,False,NONE
1753,923,2251,106.45170246,11.642101063659146,2040.0,15.223880597014926,0.0,0.0,0.0,1.8270429595378908,False,True,1418,PV+/PNN-,106.45170246,11.642101063659146,0.0,0.0,0.0,False,NONE
1754,923,2836,126.31209471,12.681701540530954,3602.0,22.654088050314467,0.0,0.0,0.0,1.6792150125106196,False,True,1419,PV+/PNN-,126.31209471,12.681701540530954,0.0,0.0,0.0,False,NONE
1755,924,2206,123.13443195,12.521167201073583,2462.0,15.883870967741936,0.0,0.0,0.0,1.6625822010515607,False,True,1420,PV+/PNN-,123.13443195,12.521167201073583,0.0,0.0,0.0,False,NONE
1756,922,2774,67.52533365000001,9.272320371655413,3319.0,39.04705882352941,0.0,0.0,0.0,1.4526801463931651,False,True,1421,PV+/PNN-,67.52533365000001,9.272320371655413,0.0,0.0,0.0,False,NONE
1757,926,1298,95.32988280000001,11.017158280424603,2355.0,19.625,0.0,0.0,0.0,1.424798653021726,False,True,1423,PV+/PNN-,95.32988280000001,11.017158280424603,0.0,0.0,0.0,False,NONE
1758,924,2325,63.5532552,8.995472067506276,1636.0,20.45,0.0,0.0,0.0,1.5818462851004302,False,True,1424,PV+/PNN-,63.5532552,8.995472067506276,0.0,0.0,0.0,False,NONE
1759,924,2358,63.5532552,8.995472067506276,2637.0,32.9625,0.0,0.0,0.0,1.6788462931490415,False,True,1425,PV+/PNN-,63.5532552,8.995472067506276,0.0,0.0,0.0,False,NONE
1760,927,680,82.61923176,10.256416188536388,2360.0,22.692307692307693,0.0,0.0,0.0,1.3980136409372972,False,True,1426,PV+/PNN-,82.61923176,10.256416188536388,0.0,0.0,0.0,False,NONE
1761,925,1701,63.5532552,8.995472067506276,1581.0,19.7625,0.0,0.0,0.0,1.726813330096157,False,True,1427,PV+/PNN-,63.5532552,8.995472067506276,0.0,0.0,0.0,False,NONE
1762,930,1600,106.45170246,11.642101063659146,5345.0,39.88805970149254,0.0,0.0,0.0,1.5031262523261923,False,True,1428,PV+/PNN-,106.45170246,11.642101063659146,0.0,0.0,0.0,False,NONE
1763,931,592,108.83494953,11.77170172875832,1378.0,10.058394160583942,0.0,0.0,0.0,1.5075576770272658,False,True,1429,PV+/PNN-,108.83494953,11.77170172875832,0.0,0.0,0.0,False,NONE
1764,927,937,57.99234537,8.592912627102823,780.0,10.684931506849315,0.0,0.0,0.0,1.379581628847327,False,True,1430,PV+/PNN-,57.99234537,8.592912627102823,0.0,0.0,0.0,False,NONE
1765,929,2443,89.76897297000001,10.690996505268625,13891.0,122.929203539823,0.0,0.0,0.0,1.5356998259568138,False,True,1431,PV+/PNN-,89.76897297000001,10.690996505268625,0.0,0.0,0.0,False,NONE
1766,930,772,77.85273762,9.956163126610313,1023.0,10.438775510204081,0.0,0.0,0.0,1.6228303656484417,False,True,1432,PV+/PNN-,77.85273762,9.956163126610313,0.0,0.0,0.0,False,NONE
1767,930,1321,98.50754556,11.199272407696524,1668.0,13.451612903225806,0.0,0.0,0.0,1.5514499692142296,False,True,1433,PV+/PNN-,98.50754556,11.199272407696524,0.0,0.0,0.0,False,NONE
1768,931,2128,91.35780435,10.78519212710641,3106.0,27.008695652173913,0.0,0.0,0.0,1.6580374046570079,False,True,1434,PV+/PNN-,91.35780435,10.78519212710641,0.0,0.0,0.0,False,NONE
1769,932,2374,91.35780435,10.78519212710641,4162.0,36.19130434782609,0.0,0.0,0.0,1.5675720364243804,False,True,1435,PV+/PNN-,91.35780435,10.78519212710641,0.0,0.0,0.0,False,NONE
1770,931,2657,88.97455728,10.643586087602236,5718.0,51.05357142857143,0.0,0.0,0.0,1.4435793976465225,False,True,1436,PV+/PNN-,88.97455728,10.643586087602236,0.0,0.0,0.0,False,NONE
1771,931,852,79.441569,10.057243516322302,4730.0,47.3,0.0,0.0,0.0,1.5059517733085497,False,True,1437,PV+/PNN-,79.441569,10.057243516322302,0.0,0.0,0.0,False,NONE
1772,930,1125,65.14208658,9.10722134683339,1171.0,14.28048780487805,0.0,0.0,0.0,1.515186402860645,False,True,1438,PV+/PNN-,65.14208658,9.10722134683339,0.0,0.0,0.0,False,NONE
1773,933,2410,95.32988280000001,11.017158280424603,19769.0,164.74166666666667,0.0,0.0,0.0,1.5477363921602592,False,True,1440,PV+/PNN-,95.32988280000001,11.017158280424603,0.0,0.0,0.0,False,NONE
1774,934,1452,81.82481607,10.206987389088184,2029.0,19.699029126213592,0.0,0.0,0.0,1.5887593337909744,False,True,1441,PV+/PNN-,81.82481607,10.206987389088184,0.0,0.0,0.0,False,NONE
1775,934,2108,84.20806314000001,10.354565948189398,1972.0,18.60377358490566,0.0,0.0,0.0,1.5791915056970678,False,True,1443,PV+/PNN-,84.20806314000001,10.354565948189398,0.0,0.0,0.0,False,NONE
1776,935,732,67.52533365000001,9.272320371655413,1315.0,15.470588235294118,0.0,0.0,0.0,1.6272425396752166,False,True,1444,PV+/PNN-,67.52533365000001,9.272320371655413,0.0,0.0,0.0,False,NONE
1777,935,2826,95.32988280000001,11.017158280424603,4193.0,34.94166666666667,0.0,0.0,0.0,1.4859122112061993,False,True,1445,PV+/PNN-,95.32988280000001,11.017158280424603,0.0,0.0,0.0,False,NONE
1778,936,960,81.03040038,10.157318055940708,1584.0,15.529411764705882,0.0,0.0,0.0,1.3025297353133927,False,True,1446,PV+/PNN-,81.03040038,10.157318055940708,0.0,0.0,0.0,False,NONE
1779,938,2756,129.48975747,12.84022896403991,4964.0,30.45398773006135,0.0,0.0,0.0,1.4412999240823792,False,True,1447,PV+/PNN-,129.48975747,12.84022896403991,0.0,0.0,0.0,False,NONE
1780,936,17,62.75883951,8.93907356753593,2170.0,27.468354430379748,0.0,0.0,0.0,1.5997108018143489,False,True,1448,PV+/PNN-,62.75883951,8.93907356753593,0.0,0.0,0.0,False,NONE
1781,939,756,163.64963214,14.434859996619657,1893.0,9.189320388349515,0.0,0.0,0.0,1.6959736817461237,False,True,1449,PV+/PNN-,163.64963214,14.434859996619657,0.0,0.0,0.0,False,NONE
1782,937,1894,96.12429849,11.062967867954534,1678.0,13.867768595041323,0.0,0.0,0.0,1.604010668013,False,True,1450,PV+/PNN-,96.12429849,11.062967867954534,0.0,0.0,0.0,False,NONE
1783,936,2645,65.93650227,9.1625849044734,4023.0,48.46987951807229,0.0,0.0,0.0,1.3376831508464653,False,True,1451,PV+/PNN-,65.93650227,9.1625849044734,0.0,0.0,0.0,False,NONE
1784,939,2479,112.80702798,11.984588810142046,5902.0,41.563380281690144,0.0,0.0,0.0,1.5211330777720624,False,True,1453,PV+/PNN-,112.80702798,11.984588810142046,0.0,0.0,0.0,False,NONE
1785,939,2517,102.47962401,11.422832828117684,16864.0,130.72868217054264,0.0,0.0,0.0,1.5111475825819944,False,True,1454,PV+/PNN-,102.47962401,11.422832828117684,0.0,0.0,0.0,False,NONE
1786,939,670,66.73091796,9.217615939230159,664.0,7.904761904761905,0.0,0.0,0.0,1.5725066715572882,False,True,1455,PV+/PNN-,66.73091796,9.217615939230159,0.0,0.0,0.0,False,NONE
1787,937,1645,45.28169433,7.593052342343362,1574.0,27.614035087719298,0.0,0.0,0.0,1.464630929316992,False,True,1456,PV+/PNN-,45.28169433,7.593052342343362,0.0,0.0,0.0,False,NONE
1788,940,2253,79.441569,10.057243516322302,5049.0,50.49,0.0,0.0,0.0,1.624483651275644,False,True,1457,PV+/PNN-,79.441569,10.057243516322302,0.0,0.0,0.0,False,NONE
1789,941,1373,103.2740397,11.467021901548332,1485.0,11.423076923076923,0.0,0.0,0.0,1.3552122848921786,False,True,1458,PV+/PNN-,103.2740397,11.467021901548332,0.0,0.0,0.0,False,NONE
1790,941,417,89.76897297000001,10.690996505268625,1404.0,12.424778761061948,0.0,0.0,0.0,1.632294213044024,False,True,1459,PV+/PNN-,89.76897297000001,10.690996505268625,0.0,0.0,0.0,False,NONE
1791,941,2177,87.3857259,10.548125988120718,1823.0,16.572727272727274,0.0,0.0,0.0,1.685338801180267,False,True,1460,PV+/PNN-,87.3857259,10.548125988120718,0.0,0.0,0.0,False,NONE
1792,945,1094,150.14456541,13.82642390884524,3430.0,18.14814814814815,0.0,0.0,0.0,1.4929845997225644,False,True,1461,PV+/PNN-,150.14456541,13.82642390884524,0.0,0.0,0.0,False,NONE
1793,950,687,173.18262042,14.84934209921784,4489.0,20.591743119266056,0.0,0.0,0.0,1.5103015669954154,False,True,1462,PV+/PNN-,173.18262042,14.84934209921784,0.0,0.0,0.0,False,NONE
1794,944,616,42.89844726,7.390534450171232,443.0,8.203703703703704,0.0,0.0,0.0,1.5586326079605917,False,True,1463,PV+/PNN-,42.89844726,7.390534450171232,0.0,0.0,0.0,False,NONE
1795,945,892,101.68520832,11.378472144697502,2152.0,16.8125,0.0,0.0,0.0,1.3783861033830822,False,True,1464,PV+/PNN-,101.68520832,11.378472144697502,0.0,0.0,0.0,False,NONE
1796,947,2208,123.13443195,12.521167201073583,3800.0,24.516129032258064,0.0,0.0,0.0,1.5244921506002234,False,True,1465,PV+/PNN-,123.13443195,12.521167201073583,0.0,0.0,0.0,False,NONE
1797,946,4,79.441569,10.057243516322302,2998.0,29.98,0.0,0.0,0.0,1.6057232101585497,False,True,1466,PV+/PNN-,79.441569,10.057243516322302,0.0,0.0,0.0,False,NONE
1798,947,2265,93.74105142,10.924962866435578,1612.0,13.661016949152541,0.0,0.0,0.0,1.8153400649514737,False,True,1467,PV+/PNN-,93.74105142,10.924962866435578,0.0,0.0,0.0,False,NONE
1799,947,1443,58.78676106,8.651568001725998,1717.0,23.2027027027027,0.0,0.0,0.0,1.4266232249976927,False,True,1469,PV+/PNN-,58.78676106,8.651568001725998,0.0,0.0,0.0,False,NONE
1800,947,2034,72.29182779,9.593998848416254,2113.0,23.21978021978022,0.0,0.0,0.0,1.649269548755521,False,True,1470,PV+/PNN-,72.29182779,9.593998848416254,0.0,0.0,0.0,False,NONE
1801,949,400,90.56338866,10.738197602350779,1772.0,15.543859649122806,0.0,0.0,0.0,1.7496280611197363,False,True,1471,PV+/PNN-,90.56338866,10.738197602350779,0.0,0.0,0.0,False,NONE
1802,948,1160,92.94663573,10.878572156378345,2283.0,19.512820512820515,0.0,0.0,0.0,1.7208003681996524,False,True,1472,PV+/PNN-,92.94663573,10.878572156378345,0.0,0.0,0.0,False,NONE
1803,949,2228,72.29182779,9.593998848416254,1819.0,19.98901098901099,0.0,0.0,0.0,1.6464582938428693,False,True,1473,PV+/PNN-,72.29182779,9.593998848416254,0.0,0.0,0.0,False,NONE
1804,951,477,118.36793781,12.276430232296539,1240.0,8.322147651006711,0.0,0.0,0.0,1.6179306600983796,False,True,1474,PV+/PNN-,118.36793781,12.276430232296539,0.0,0.0,0.0,False,NONE
1805,952,917,118.36793781,12.276430232296539,1563.0,10.48993288590604,0.0,0.0,0.0,1.4330733543991307,False,True,1475,PV+/PNN-,118.36793781,12.276430232296539,0.0,0.0,0.0,False,NONE
1806,949,1794,56.40351399,8.474384017383858,906.0,12.76056338028169,0.0,0.0,0.0,1.619018862089807,False,True,1476,PV+/PNN-,56.40351399,8.474384017383858,0.0,0.0,0.0,False,NONE
1807,950,2636,65.14208658,9.10722134683339,2832.0,34.53658536585366,0.0,0.0,0.0,1.4496704499572677,False,True,1477,PV+/PNN-,65.14208658,9.10722134683339,0.0,0.0,0.0,False,NONE
1808,951,2102,69.90858072,9.434530697868027,2717.0,30.875,0.0,0.0,0.0,1.5640161137907953,False,True,1478,PV+/PNN-,69.90858072,9.434530697868027,0.0,0.0,0.0,False,NONE
1809,955,442,134.25625161,13.074416571218995,2418.0,14.307692307692308,0.0,0.0,0.0,1.6626049887257908,False,True,1479,PV+/PNN-,134.25625161,13.074416571218995,0.0,0.0,0.0,False,NONE
1810,953,1810,70.70299641,9.487984557348323,2172.0,24.40449438202247,0.0,0.0,0.0,1.9124535479938574,False,True,1480,PV+/PNN-,70.70299641,9.487984557348323,0.0,0.0,0.0,False,NONE
1811,952,2466,54.81468261,8.354173898786094,3804.0,55.130434782608695,0.0,0.0,0.0,1.3705750460380304,False,True,1481,PV+/PNN-,54.81468261,8.354173898786094,0.0,0.0,0.0,False,NONE
1812,954,2547,93.74105142,10.924962866435578,5225.0,44.279661016949156,0.0,0.0,0.0,1.2935743297225868,False,True,1482,PV+/PNN-,93.74105142,10.924962866435578,0.0,0.0,0.0,False,NONE
1813,954,2776,103.2740397,11.467021901548332,8058.0,61.98461538461538,0.0,0.0,0.0,1.3853864209546376,False,True,1483,PV+/PNN-,103.2740397,11.467021901548332,0.0,0.0,0.0,False,NONE
1814,955,1884,107.24611815,11.68546099424064,1999.0,14.807407407407407,0.0,0.0,0.0,1.5330501882554635,False,True,1484,PV+/PNN-,107.24611815,11.68546099424064,0.0,0.0,0.0,False,NONE
1815,958,1187,164.44404783,14.469853647963289,3265.0,15.772946859903382,0.0,0.0,0.0,1.5155832865566319,False,True,1485,PV+/PNN-,164.44404783,14.469853647963289,0.0,0.0,0.0,False,NONE
1816,957,1240,118.36793781,12.276430232296539,3112.0,20.885906040268456,0.0,0.0,0.0,1.6522694784945249,False,True,1486,PV+/PNN-,118.36793781,12.276430232296539,0.0,0.0,0.0,False,NONE
1817,955,652,61.17000813,8.825195369105852,946.0,12.285714285714286,0.0,0.0,0.0,1.5570944634376762,False,True,1487,PV+/PNN-,61.17000813,8.825195369105852,0.0,0.0,0.0,False,NONE
1818,955,778,77.85273762,9.956163126610313,1108.0,11.306122448979592,0.0,0.0,0.0,1.5549586399001423,False,True,1488,PV+/PNN-,77.85273762,9.956163126610313,0.0,0.0,0.0,False,NONE
1819,956,804,83.41364745,10.305607915302103,933.0,8.885714285714286,0.0,0.0,0.0,1.545503006312986,False,True,1489,PV+/PNN-,83.41364745,10.305607915302103,0.0,0.0,0.0,False,NONE
1820,957,2644,91.35780435,10.78519212710641,4663.0,40.54782608695652,0.0,0.0,0.0,1.4852633817209244,False,True,1490,PV+/PNN-,91.35780435,10.78519212710641,0.0,0.0,0.0,False,NONE
1821,959,2266,135.84508299,13.151552441468574,3281.0,19.18713450292398,0.0,0.0,0.0,1.77780363058055,False,True,1491,PV+/PNN-,135.84508299,13.151552441468574,0.0,0.0,0.0,False,NONE
1822,959,1870,100.89079263,11.333937836259333,2231.0,17.566929133858267,0.0,0.0,0.0,1.514801544744602,False,True,1493,PV+/PNN-,100.89079263,11.333937836259333,0.0,0.0,0.0,False,NONE
1823,958,2435,88.97455728,10.643586087602236,10955.0,97.8125,0.0,0.0,0.0,1.4694663699671884,False,True,1494,PV+/PNN-,88.97455728,10.643586087602236,0.0,0.0,0.0,False,NONE
1824,959,2487,105.65728677,11.598579038183399,5327.0,40.05263157894737,0.0,0.0,0.0,1.590085234804964,False,True,1495,PV+/PNN-,105.65728677,11.598579038183399,0.0,0.0,0.0,False,NONE
1825,960,1298,80.23598469,10.107404643036364,1615.0,15.990099009900991,0.0,0.0,0.0,1.4015451059575215,False,True,1496,PV+/PNN-,80.23598469,10.107404643036364,0.0,0.0,0.0,False,NONE
1826,961,2320,115.98469074,12.152213577535832,3567.0,24.431506849315067,0.0,0.0,0.0,1.6722024569813285,False,True,1497,PV+/PNN-,115.98469074,12.152213577535832,0.0,0.0,0.0,False,NONE
1827,961,406,85.00247883,10.403293586497956,1207.0,11.280373831775702,0.0,0.0,0.0,1.5684175071555264,False,True,1498,PV+/PNN-,85.00247883,10.403293586497956,0.0,0.0,0.0,False,NONE
1828,959,1624,55.6090983,8.414493627225879,1663.0,23.757142857142856,0.0,0.0,0.0,1.4313972930250332,False,True,1499,PV+/PNN-,55.6090983,8.414493627225879,0.0,0.0,0.0,False,NONE
1829,963,1935,131.07858885,12.91876320674319,2043.0,12.381818181818181,0.0,0.0,0.0,1.806790692709664,False,True,1500,PV+/PNN-,131.07858885,12.91876320674319,0.0,0.0,0.0,False,NONE
1830,962,2615,119.1623535,12.317557416952052,6838.0,45.586666666666666,0.0,0.0,0.0,1.44682795887892,False,True,1501,PV+/PNN-,119.1623535,12.317557416952052,0.0,0.0,0.0,False,NONE
1831,963,229,95.32988280000001,11.017158280424603,3293.0,27.441666666666666,0.0,0.0,0.0,1.5612382247824104,False,True,1502,PV+/PNN-,95.32988280000001,11.017158280424603,0.0,0.0,0.0,False,NONE
1832,962,283,62.75883951,8.93907356753593,2022.0,25.59493670886076,0.0,0.0,0.0,1.571645700028132,False,True,1503,PV+/PNN-,62.75883951,8.93907356753593,0.0,0.0,0.0,False,NONE
1833,966,479,110.42378091,11.857315232959936,1001.0,7.201438848920863,0.0,0.0,0.0,1.755187116939375,False,True,1504,PV+/PNN-,110.42378091,11.857315232959936,0.0,0.0,0.0,False,NONE
1834,966,628,98.50754556,11.199272407696524,788.0,6.354838709677419,0.0,0.0,0.0,1.5878980402994929,False,True,1505,PV+/PNN-,98.50754556,11.199272407696524,0.0,0.0,0.0,False,NONE
1835,964,897,74.67507486,9.75085936304132,1517.0,16.138297872340427,0.0,0.0,0.0,1.2392051530923827,False,True,1506,PV+/PNN-,74.67507486,9.75085936304132,0.0,0.0,0.0,False,NONE
1836,968,1090,173.18262042,14.84934209921784,4367.0,20.03211009174312,0.0,0.0,0.0,1.217707531224224,False,True,1507,PV+/PNN-,173.18262042,14.84934209921784,0.0,0.0,0.0,False,NONE
1837,968,1751,103.2740397,11.467021901548332,5272.0,40.55384615384615,0.0,0.0,0.0,1.6582655644760056,False,True,1508,PV+/PNN-,103.2740397,11.467021901548332,0.0,0.0,0.0,False,NONE
1838,965,2681,77.85273762,9.956163126610313,7598.0,77.53061224489795,0.0,0.0,0.0,1.5836736007936538,False,True,1509,PV+/PNN-,77.85273762,9.956163126610313,0.0,0.0,0.0,False,NONE
1839,967,264,123.92884764,12.56149312576761,5206.0,33.37179487179487,0.0,0.0,0.0,2.3942521006081567,False,True,1510,PV+/PNN-,123.92884764,12.56149312576761,0.0,0.0,0.0,False,NONE
1840,966,799,57.19792968,8.533854108523126,766.0,10.63888888888889,0.0,0.0,0.0,1.4567766776531366,False,True,1511,PV+/PNN-,57.19792968,8.533854108523126,0.0,0.0,0.0,False,NONE
1841,968,1853,99.30196125,11.244340084382843,1346.0,10.768,0.0,0.0,0.0,1.5124326529671823,False,True,1512,PV+/PNN-,99.30196125,11.244340084382843,0.0,0.0,0.0,False,NONE
1842,968,2449,93.74105142,10.924962866435578,9453.0,80.11016949152543,0.0,0.0,0.0,1.5233825067347557,False,True,1513,PV+/PNN-,93.74105142,10.924962866435578,0.0,0.0,0.0,False,NONE
1843,969,1423,67.52533365000001,9.272320371655413,1557.0,18.31764705882353,0.0,0.0,0.0,1.4215799498888915,False,True,1514,PV+/PNN-,67.52533365000001,9.272320371655413,0.0,0.0,0.0,False,NONE
1844,970,701,96.91871418,11.108588547554572,1647.0,13.5,0.0,0.0,0.0,1.4245074141817315,False,True,1515,PV+/PNN-,96.91871418,11.108588547554572,0.0,0.0,0.0,False,NONE
1845,969,2593,79.441569,10.057243516322302,4180.0,41.8,0.0,0.0,0.0,1.5085100152790627,False,True,1516,PV+/PNN-,79.441569,10.057243516322302,0.0,0.0,0.0,False,NONE
1846,970,2796,119.95676919,12.358547737957586,6200.0,41.05960264900662,0.0,0.0,0.0,1.4236927169233626,False,True,1517,PV+/PNN-,119.95676919,12.358547737957586,0.0,0.0,0.0,False,NONE
1847,971,2722,113.60144367,12.026714032504808,5844.0,40.86713286713287,0.0,0.0,0.0,1.4121018615791072,False,True,1518,PV+/PNN-,113.60144367,12.026714032504808,0.0,0.0,0.0,False,NONE
1848,973,918,128.69534178,12.800781162784691,1990.0,12.283950617283951,0.0,0.0,0.0,1.3822928836556954,False,True,1519,PV+/PNN-,128.69534178,12.800781162784691,0.0,0.0,0.0,False,NONE
1849,971,581,63.5532552,8.995472067506276,1036.0,12.95,0.0,0.0,0.0,1.3558682443717973,False,True,1521,PV+/PNN-,63.5532552,8.995472067506276,0.0,0.0,0.0,False,NONE
1850,972,1323,86.59131021,10.500070494515816,2280.0,20.91743119266055,0.0,0.0,0.0,1.535727519301736,False,True,1522,PV+/PNN-,86.59131021,10.500070494515816,0.0,0.0,0.0,False,NONE
1851,974,1049,93.74105142,10.924962866435578,2350.0,19.915254237288135,0.0,0.0,0.0,1.3036916708489086,False,True,1523,PV+/PNN-,93.74105142,10.924962866435578,0.0,0.0,0.0,False,NONE
1852,975,2376,108.83494953,11.77170172875832,4251.0,31.029197080291972,0.0,0.0,0.0,1.4727008521249012,False,True,1524,PV+/PNN-,108.83494953,11.77170172875832,0.0,0.0,0.0,False,NONE
1853,978,1627,139.81716144,13.342441267550265,2211.0,12.5625,0.0,0.0,0.0,1.4307743444932524,False,True,1526,PV+/PNN-,139.81716144,13.342441267550265,0.0,0.0,0.0,False,NONE
1854,976,2345,97.71312987,11.154022637162193,4291.0,34.886178861788615,0.0,0.0,0.0,1.5807023557640218,False,True,1527,PV+/PNN-,97.71312987,11.154022637162193,0.0,0.0,0.0,False,NONE
1855,975,163,74.67507486,9.75085936304132,4387.0,46.670212765957444,0.0,0.0,0.0,1.4396914919162602,False,True,1528,PV+/PNN-,74.67507486,9.75085936304132,0.0,0.0,0.0,False,NONE
1856,978,542,121.54560057,12.440123196106569,1129.0,7.379084967320262,0.0,0.0,0.0,1.6753976826495758,False,True,1529,PV+/PNN-,121.54560057,12.440123196106569,0.0,0.0,0.0,False,NONE
1857,977,568,113.60144367,12.026714032504808,1293.0,9.041958041958042,0.0,0.0,0.0,1.5307708947101217,False,True,1530,PV+/PNN-,113.60144367,12.026714032504808,0.0,0.0,0.0,False,NONE
1858,975,2462,69.11416503,9.380772250595795,5806.0,66.73563218390805,0.0,0.0,0.0,1.413404184474902,False,True,1531,PV+/PNN-,69.11416503,9.380772250595795,0.0,0.0,0.0,False,NONE
1859,979,490,81.82481607,10.206987389088184,699.0,6.786407766990291,0.0,0.0,0.0,1.4794752107787763,False,True,1532,PV+/PNN-,81.82481607,10.206987389088184,0.0,0.0,0.0,False,NONE
1860,978,875,100.09637694,11.289227848029503,1670.0,13.253968253968255,0.0,0.0,0.0,1.4178616212233779,False,True,1533,PV+/PNN-,100.09637694,11.289227848029503,0.0,0.0,0.0,False,NONE
1861,980,2293,127.1065104,12.72151859781572,2913.0,18.20625,0.0,0.0,0.0,1.6010330998792763,False,True,1534,PV+/PNN-,127.1065104,12.72151859781572,0.0,0.0,0.0,False,NONE
1862,978,1247,73.88065917,9.698854408967303,1727.0,18.56989247311828,0.0,0.0,0.0,1.5945458016924026,False,True,1536,PV+/PNN-,73.88065917,9.698854408967303,0.0,0.0,0.0,False,NONE
1863,983,1510,213.69782061,16.495105814282393,5153.0,19.156133828996282,0.0,0.0,0.0,1.4934173386723568,False,True,1537,PV+/PNN-,213.69782061,16.495105814282393,0.0,0.0,0.0,False,NONE
1864,980,2442,88.18014159,10.595963539609496,8053.0,72.54954954954955,0.0,0.0,0.0,1.3828334975745002,False,True,1538,PV+/PNN-,88.18014159,10.595963539609496,0.0,0.0,0.0,False,NONE
1865,981,1595,85.00247883,10.403293586497956,1871.0,17.485981308411215,0.0,0.0,0.0,1.4672035724966077,False,True,1539,PV+/PNN-,85.00247883,10.403293586497956,0.0,0.0,0.0,False,NONE
1866,981,1779,115.19027505,12.11052490037406,6275.0,43.275862068965516,0.0,0.0,0.0,2.0436530683981764,False,True,1540,PV+/PNN-,115.19027505,12.11052490037406,0.0,0.0,0.0,False,NONE
1867,981,2075,73.88065917,9.698854408967303,1803.0,19.387096774193548,0.0,0.0,0.0,1.524858923642591,False,True,1541,PV+/PNN-,73.88065917,9.698854408967303,0.0,0.0,0.0,False,NONE
1868,982,2836,109.62936522,11.814586030086609,3996.0,28.956521739130434,0.0,0.0,0.0,1.3588343220187689,False,True,1542,PV+/PNN-,109.62936522,11.814586030086609,0.0,0.0,0.0,False,NONE
1869,984,2743,100.89079263,11.333937836259333,12386.0,97.5275590551181,0.0,0.0,0.0,1.3086649870156157,False,True,1543,PV+/PNN-,100.89079263,11.333937836259333,0.0,0.0,0.0,False,NONE
1870,988,1563,162.85521645,14.3997813056499,1925.0,9.390243902439025,0.0,0.0,0.0,1.5802863814598735,False,True,1544,PV+/PNN-,162.85521645,14.3997813056499,0.0,0.0,0.0,False,NONE
1871,988,320,107.24611815,11.68546099424064,5631.0,41.71111111111111,0.0,0.0,0.0,1.668226430647993,False,True,1546,PV+/PNN-,107.24611815,11.68546099424064,0.0,0.0,0.0,False,NONE
1872,985,837,90.56338866,10.738197602350779,1288.0,11.298245614035087,0.0,0.0,0.0,1.3441990704712126,False,True,1547,PV+/PNN-,90.56338866,10.738197602350779,0.0,0.0,0.0,False,NONE
1873,987,2825,96.12429849,11.062967867954534,5947.0,49.14876033057851,0.0,0.0,0.0,1.3897667123557278,False,True,1548,PV+/PNN-,96.12429849,11.062967867954534,0.0,0.0,0.0,False,NONE
1874,990,879,124.72326333,12.60169000650996,1781.0,11.343949044585987,0.0,0.0,0.0,1.2878114038398956,False,True,1549,PV+/PNN-,124.72326333,12.60169000650996,0.0,0.0,0.0,False,NONE
1875,989,1106,95.32988280000001,11.017158280424603,7472.0,62.266666666666666,0.0,0.0,0.0,1.3253114652795608,False,True,1550,PV+/PNN-,95.32988280000001,11.017158280424603,0.0,0.0,0.0,False,NONE
1876,990,436,95.32988280000001,11.017158280424603,1249.0,10.408333333333333,0.0,0.0,0.0,1.7005202876214418,False,True,1551,PV+/PNN-,95.32988280000001,11.017158280424603,0.0,0.0,0.0,False,NONE
1877,991,725,114.39585936,12.068692219586765,3904.0,27.11111111111111,0.0,0.0,0.0,1.7090477608564847,False,True,1553,PV+/PNN-,114.39585936,12.068692219586765,0.0,0.0,0.0,False,NONE
1878,991,1015,156.49989093,14.116013951495509,2067.0,10.49238578680203,0.0,0.0,0.0,1.377381717457159,False,True,1554,PV+/PNN-,156.49989093,14.116013951495509,0.0,0.0,0.0,False,NONE
1879,993,481,131.07858885,12.91876320674319,1368.0,8.290909090909091,0.0,0.0,0.0,1.772680799769493,False,True,1555,PV+/PNN-,131.07858885,12.91876320674319,0.0,0.0,0.0,False,NONE
1880,992,914,92.15222004,10.83198276817611,1457.0,12.560344827586206,0.0,0.0,0.0,1.317347589413501,False,True,1557,PV+/PNN-,92.15222004,10.83198276817611,0.0,0.0,0.0,False,NONE
1881,992,1225,93.74105142,10.924962866435578,1822.0,15.440677966101696,0.0,0.0,0.0,1.5652972056866608,False,True,1558,PV+/PNN-,93.74105142,10.924962866435578,0.0,0.0,0.0,False,NONE
1882,994,2015,150.9389811,13.862953494062992,3346.0,17.610526315789475,0.0,0.0,0.0,1.687990886157673,False,True,1559,PV+/PNN-,150.9389811,13.862953494062992,0.0,0.0,0.0,False,NONE
1883,994,2106,143.78923989,13.53063732184699,4943.0,27.30939226519337,0.0,0.0,0.0,1.7125616137779225,False,True,1560,PV+/PNN-,143.78923989,13.53063732184699,0.0,0.0,0.0,False,NONE
1884,995,174,154.91105955,14.044176264056345,7048.0,36.14358974358974,0.0,0.0,0.0,1.7479133600238907,False,True,1561,PV+/PNN-,154.91105955,14.044176264056345,0.0,0.0,0.0,False,NONE
1885,994,789,105.65728677,11.598579038183399,647.0,4.864661654135339,0.0,0.0,0.0,1.3323375475502883,False,True,1562,PV+/PNN-,105.65728677,11.598579038183399,0.0,0.0,0.0,False,NONE
1886,995,2557,119.95676919,12.358547737957586,11856.0,78.51655629139073,0.0,0.0,0.0,1.4304695168452508,False,True,1563,PV+/PNN-,119.95676919,12.358547737957586,0.0,0.0,0.0,False,NONE
1887,993,2662,88.97455728,10.643586087602236,5017.0,44.794642857142854,0.0,0.0,0.0,1.3080534837324505,False,True,1564,PV+/PNN-,88.97455728,10.643586087602236,0.0,0.0,0.0,False,NONE
1888,995,1531,123.13443195,12.521167201073583,2543.0,16.406451612903226,0.0,0.0,0.0,1.4507707690843699,False,True,1565,PV+/PNN-,123.13443195,12.521167201073583,0.0,0.0,0.0,False,NONE
1889,995,2370,178.74353025,15.085865274483455,5407.0,24.031111111111112,0.0,0.0,0.0,1.5732240621627758,False,True,1566,PV+/PNN-,178.74353025,15.085865274483455,0.0,0.0,0.0,False,NONE
1890,993,2404,68.31974934,9.326703948667076,4229.0,49.174418604651166,0.0,0.0,0.0,1.5974138815876595,False,True,1567,PV+/PNN-,68.31974934,9.326703948667076,0.0,0.0,0.0,False,NONE
1891,996,2760,115.98469074,12.152213577535832,9078.0,62.178082191780824,0.0,0.0,0.0,1.338696483199862,False,True,1568,PV+/PNN-,115.98469074,12.152213577535832,0.0,0.0,0.0,False,NONE
1892,995,819,85.79689452,10.451794052617739,933.0,8.63888888888889,0.0,0.0,0.0,1.5365243440178882,False,True,1569,PV+/PNN-,85.79689452,10.451794052617739,0.0,0.0,0.0,False,NONE
1893,997,996,166.8272949,14.574330482319752,2754.0,13.114285714285714,0.0,0.0,0.0,1.4659132561192538,False,True,1570,PV+/PNN-,166.8272949,14.574330482319752,0.0,0.0,0.0,False,NONE
1894,997,2423,108.83494953,11.77170172875832,7905.0,57.7007299270073,0.0,0.0,0.0,1.815667111432095,False,True,1571,PV+/PNN-,108.83494953,11.77170172875832,0.0,0.0,0.0,False,NONE
1895,997,2490,108.04053384,11.728660627684029,3477.0,25.566176470588236,0.0,0.0,0.0,1.5161345795833363,False,True,1572,PV+/PNN-,108.04053384,11.728660627684029,0.0,0.0,0.0,False,NONE
1896,998,1500,107.24611815,11.68546099424064,3402.0,25.2,0.0,0.0,0.0,1.5077836008923737,False,True,1573,PV+/PNN-,107.24611815,11.68546099424064,0.0,0.0,0.0,False,NONE
1897,999,509,111.2181966,11.899891008124815,1336.0,9.542857142857143,0.0,0.0,0.0,1.6330111245106866,False,True,1574,PV+/PNN-,111.2181966,11.899891008124815,0.0,0.0,0.0,False,NONE
1898,998,1046,82.61923176,10.256416188536388,1806.0,17.365384615384617,0.0,0.0,0.0,1.261082099566899,False,True,1575,PV+/PNN-,82.61923176,10.256416188536388,0.0,0.0,0.0,False,NONE
1899,999,762,85.00247883,10.403293586497956,1446.0,13.514018691588785,0.0,0.0,0.0,1.2089884950990517,False,True,1576,PV+/PNN-,85.00247883,10.403293586497956,0.0,0.0,0.0,False,NONE
1900,1001,1028,116.77910643,12.193759728054031,1760.0,11.97278911564626,0.0,0.0,0.0,1.489697365142162,False,True,1577,PV+/PNN-,116.77910643,12.193759728054031,0.0,0.0,0.0,False,NONE
1901,1001,1917,140.61157713,13.380292240810528,3979.0,22.480225988700564,0.0,0.0,0.0,1.8158218431003461,False,True,1578,PV+/PNN-,140.61157713,13.380292240810528,0.0,0.0,0.0,False,NONE
1902,1000,2455,100.09637694,11.289227848029503,4408.0,34.98412698412698,0.0,0.0,0.0,1.702110729058136,False,True,1579,PV+/PNN-,100.09637694,11.289227848029503,0.0,0.0,0.0,False,NONE
1903,1001,949,95.32988280000001,11.017158280424603,1745.0,14.541666666666666,0.0,0.0,0.0,1.3423664117496463,False,True,1580,PV+/PNN-,95.32988280000001,11.017158280424603,0.0,0.0,0.0,False,NONE
1904,1003,1565,146.96690265,13.679330108642857,2568.0,13.881081081081081,0.0,0.0,0.0,1.5349451823076952,False,True,1582,PV+/PNN-,146.96690265,13.679330108642857,0.0,0.0,0.0,False,NONE
1905,1001,1679,89.76897297000001,10.690996505268625,2754.0,24.371681415929203,0.0,0.0,0.0,1.4858933451149714,False,True,1583,PV+/PNN-,89.76897297000001,10.690996505268625,0.0,0.0,0.0,False,NONE
1906,1001,1955,96.91871418,11.108588547554572,3112.0,25.508196721311474,0.0,0.0,0.0,1.6209188878741096,False,True,1584,PV+/PNN-,96.91871418,11.108588547554572,0.0,0.0,0.0,False,NONE
1907,1004,670,115.19027505,12.11052490037406,1174.0,8.096551724137932,0.0,0.0,0.0,1.8531081492151522,False,True,1585,PV+/PNN-,115.19027505,12.11052490037406,0.0,0.0,0.0,False,NONE
1908,1002,1906,69.90858072,9.434530697868027,2129.0,24.193181818181817,0.0,0.0,0.0,1.5659541758896687,False,True,1586,PV+/PNN-,69.90858072,9.434530697868027,0.0,0.0,0.0,False,NONE
1909,1004,1732,142.20040851,13.455674765407588,3816.0,21.318435754189945,0.0,0.0,0.0,1.669765010548874,False,True,1587,PV+/PNN-,142.20040851,13.455674765407588,0.0,0.0,0.0,False,NONE
1910,1005,191,112.80702798,11.984588810142046,6067.0,42.725352112676056,0.0,0.0,0.0,1.6496457025818618,False,True,1588,PV+/PNN-,112.80702798,11.984588810142046,0.0,0.0,0.0,False,NONE
1911,1008,2603,155.70547524,14.080140922851225,13742.0,70.11224489795919,0.0,0.0,0.0,1.3330703057230096,False,True,1589,PV+/PNN-,155.70547524,14.080140922851225,0.0,0.0,0.0,False,NONE
1912,1006,632,108.83494953,11.77170172875832,1053.0,7.686131386861314,0.0,0.0,0.0,1.7447085750237104,False,True,1590,PV+/PNN-,108.83494953,11.77170172875832,0.0,0.0,0.0,False,NONE
1913,1004,1183,58.78676106,8.651568001725998,692.0,9.35135135135135,0.0,0.0,0.0,1.268749734024604,False,True,1591,PV+/PNN-,58.78676106,8.651568001725998,0.0,0.0,0.0,False,NONE
1914,1008,2191,158.883138,14.223090180871878,3627.0,18.135,0.0,0.0,0.0,1.810808941461328,False,True,1592,PV+/PNN-,158.883138,14.223090180871878,0.0,0.0,0.0,False,NONE
1915,1004,1139,45.28169433,7.593052342343362,1559.0,27.350877192982455,0.0,0.0,0.0,1.4047890118780952,False,True,1593,PV+/PNN-,45.28169433,7.593052342343362,0.0,0.0,0.0,False,NONE
1916,1009,1159,168.41612628000001,14.643567596416075,3294.0,15.537735849056604,0.0,0.0,0.0,1.4971346877749585,False,True,1594,PV+/PNN-,168.41612628000001,14.643567596416075,0.0,0.0,0.0,False,NONE
1917,1005,968,48.45935709,7.854958291387057,1054.0,17.278688524590162,0.0,0.0,0.0,1.2721312530965414,False,True,1596,PV+/PNN-,48.45935709,7.854958291387057,0.0,0.0,0.0,False,NONE
1918,1008,1076,113.60144367,12.026714032504808,6289.0,43.97902097902098,0.0,0.0,0.0,1.4568263715531076,False,True,1597,PV+/PNN-,113.60144367,12.026714032504808,0.0,0.0,0.0,False,NONE
1919,1010,2303,162.06080076,14.36461695204847,3209.0,15.730392156862745,0.0,0.0,0.0,1.6908641782229374,False,True,1598,PV+/PNN-,162.06080076,14.36461695204847,0.0,0.0,0.0,False,NONE
1920,1006,2671,54.02026692,8.293415464071046,3611.0,53.10294117647059,0.0,0.0,0.0,1.4872916554059856,False,True,1599,PV+/PNN-,54.02026692,8.293415464071046,0.0,0.0,0.0,False,NONE
1921,1007,137,66.73091796,9.217615939230159,3369.0,40.107142857142854,0.0,0.0,0.0,1.3633805422217158,False,True,1600,PV+/PNN-,66.73091796,9.217615939230159,0.0,0.0,0.0,False,NONE
1922,1010,894,119.1623535,12.317557416952052,1516.0,10.106666666666667,0.0,0.0,0.0,1.4218140373894612,False,True,1601,PV+/PNN-,119.1623535,12.317557416952052,0.0,0.0,0.0,False,NONE
1923,1008,1046,84.20806314000001,10.354565948189398,1409.0,13.29245283018868,0.0,0.0,0.0,1.320953872824547,False,True,1602,PV+/PNN-,84.20806314000001,10.354565948189398,0.0,0.0,0.0,False,NONE
1924,1010,2141,100.89079263,11.333937836259333,2257.0,17.771653543307085,0.0,0.0,0.0,1.6974371919833129,False,True,1603,PV+/PNN-,100.89079263,11.333937836259333,0.0,0.0,0.0,False,NONE
1925,1010,2278,127.90092609,12.761211420003875,7058.0,43.838509316770185,0.0,0.0,0.0,1.9470181125476491,False,True,1604,PV+/PNN-,127.90092609,12.761211420003875,0.0,0.0,0.0,False,NONE
1926,1010,2760,107.24611815,11.68546099424064,5697.0,42.2,0.0,0.0,0.0,1.440195479696109,False,True,1605,PV+/PNN-,107.24611815,11.68546099424064,0.0,0.0,0.0,False,NONE
1927,1010,1256,85.79689452,10.451794052617739,1874.0,17.35185185185185,0.0,0.0,0.0,1.5096785949446054,False,True,1606,PV+/PNN-,85.79689452,10.451794052617739,0.0,0.0,0.0,False,NONE
1928,1015,820,96.12429849,11.062967867954534,1544.0,12.760330578512397,0.0,0.0,0.0,1.6209246645122586,False,True,1608,PV+/PNN-,96.12429849,11.062967867954534,0.0,0.0,0.0,False,NONE
1929,1020,1822,197.80950681,15.870062583211556,5811.0,23.337349397590362,0.0,0.0,0.0,1.4661089525790367,False,True,1609,PV+/PNN-,197.80950681,15.870062583211556,0.0,0.0,0.0,False,NONE
1930,1012,1838,33.36545898,6.517838737002854,760.0,18.095238095238095,0.0,0.0,0.0,1.59991640695564,False,True,1610,PV+/PNN-,33.36545898,6.517838737002854,0.0,0.0,0.0,False,NONE
1931,1017,2746,86.59131021,10.500070494515816,5703.0,52.321100917431195,0.0,0.0,0.0,1.5067810505222328,False,True,1611,PV+/PNN-,86.59131021,10.500070494515816,0.0,0.0,0.0,False,NONE
1932,1019,1857,163.64963214,14.434859996619657,3870.0,18.78640776699029,0.0,0.0,0.0,1.6330525200118275,False,True,1612,PV+/PNN-,163.64963214,14.434859996619657,0.0,0.0,0.0,False,NONE
1933,1020,595,87.3857259,10.548125988120718,836.0,7.6,0.0,0.0,0.0,1.5031609638861723,False,True,1613,PV+/PNN-,87.3857259,10.548125988120718,0.0,0.0,0.0,False,NONE
1934,1020,1655,123.13443195,12.521167201073583,2614.0,16.864516129032257,0.0,0.0,0.0,1.5520001287777805,False,True,1614,PV+/PNN-,123.13443195,12.521167201073583,0.0,0.0,0.0,False,NONE
1935,1019,2650,90.56338866,10.738197602350779,4772.0,41.85964912280702,0.0,0.0,0.0,1.265656553832661,False,True,1615,PV+/PNN-,90.56338866,10.738197602350779,0.0,0.0,0.0,False,NONE
1936,1019,614,66.73091796,9.217615939230159,636.0,7.571428571428571,0.0,0.0,0.0,1.6587965792928399,False,True,1616,PV+/PNN-,66.73091796,9.217615939230159,0.0,0.0,0.0,False,NONE
1937,1020,1107,92.15222004,10.83198276817611,3410.0,29.396551724137932,0.0,0.0,0.0,1.5136264992200883,False,True,1617,PV+/PNN-,92.15222004,10.83198276817611,0.0,0.0,0.0,False,NONE
1938,1021,1180,96.91871418,11.108588547554572,1542.0,12.639344262295081,0.0,0.0,0.0,1.4559612089011518,False,True,1618,PV+/PNN-,96.91871418,11.108588547554572,0.0,0.0,0.0,False,NONE
1939,1020,1393,85.00247883,10.403293586497956,3636.0,33.981308411214954,0.0,0.0,0.0,1.5468995840390634,False,True,1619,PV+/PNN-,85.00247883,10.403293586497956,0.0,0.0,0.0,False,NONE
1940,1020,291,75.46949055,9.802588422925686,1726.0,18.16842105263158,0.0,0.0,0.0,1.613038884565455,False,True,1620,PV+/PNN-,75.46949055,9.802588422925686,0.0,0.0,0.0,False,NONE
1941,1021,711,93.74105142,10.924962866435578,1460.0,12.372881355932204,0.0,0.0,0.0,1.6874279664258325,False,True,1621,PV+/PNN-,93.74105142,10.924962866435578,0.0,0.0,0.0,False,NONE
1942,1020,1122,56.40351399,8.474384017383858,979.0,13.788732394366198,0.0,0.0,0.0,1.3139515097375731,False,True,1622,PV+/PNN-,56.40351399,8.474384017383858,0.0,0.0,0.0,False,NONE
1943,1024,676,120.75118488,12.39940255265723,1246.0,8.197368421052632,0.0,0.0,0.0,1.8659457881415913,False,True,1623,PV+/PNN-,120.75118488,12.39940255265723,0.0,0.0,0.0,False,NONE
1944,1022,167,90.56338866,10.738197602350779,9124.0,80.03508771929825,0.0,0.0,0.0,1.5371892542116539,False,True,1624,PV+/PNN-,90.56338866,10.738197602350779,0.0,0.0,0.0,False,NONE
1945,1026,1031,168.41612628000001,14.643567596416075,2650.0,12.5,0.0,0.0,0.0,1.5417832504678708,False,True,1625,PV+/PNN-,168.41612628000001,14.643567596416075,0.0,0.0,0.0,False,NONE
1946,1021,1351,46.87052571,7.72511532706782,704.0,11.932203389830509,0.0,0.0,0.0,1.3933024065391884,False,True,1626,PV+/PNN-,46.87052571,7.72511532706782,0.0,0.0,0.0,False,NONE
1947,1025,557,97.71312987,11.154022637162193,871.0,7.08130081300813,0.0,0.0,0.0,1.7713572451653845,False,True,1627,PV+/PNN-,97.71312987,11.154022637162193,0.0,0.0,0.0,False,NONE
1948,1028,1800,181.92119301,15.21937110940298,8620.0,37.64192139737991,0.0,0.0,0.0,1.3591824151924035,False,True,1629,PV+/PNN-,181.92119301,15.21937110940298,0.0,0.0,0.0,False,NONE
1949,1026,452,68.31974934,9.326703948667076,894.0,10.395348837209303,0.0,0.0,0.0,1.6965705471114123,False,True,1630,PV+/PNN-,68.31974934,9.326703948667076,0.0,0.0,0.0,False,NONE
1950,1029,1723,172.38820473,14.815244827816286,3753.0,17.294930875576036,0.0,0.0,0.0,1.7357534230038631,False,True,1631,PV+/PNN-,172.38820473,14.815244827816286,0.0,0.0,0.0,False,NONE
1951,1025,230,34.95429036,6.671220633775133,3136.0,71.27272727272727,0.0,0.0,0.0,1.9109292294891256,False,True,1632,PV+/PNN-,34.95429036,6.671220633775133,0.0,0.0,0.0,False,NONE
1952,1029,15,113.60144367,12.026714032504808,4207.0,29.41958041958042,0.0,0.0,0.0,1.4967802671298815,False,True,1633,PV+/PNN-,113.60144367,12.026714032504808,0.0,0.0,0.0,False,NONE
1953,1030,719,81.82481607,10.206987389088184,1258.0,12.21359223300971,0.0,0.0,0.0,1.6442293053198935,False,True,1635,PV+/PNN-,81.82481607,10.206987389088184,0.0,0.0,0.0,False,NONE
1954,1032,1586,95.32988280000001,11.017158280424603,2163.0,18.025,0.0,0.0,0.0,1.4773847379711564,False,True,1636,PV+/PNN-,95.32988280000001,11.017158280424603,0.0,0.0,0.0,False,NONE
1955,1031,2721,71.4974121,9.54113894836179,5319.0,59.1,0.0,0.0,0.0,1.5273652060987681,False,True,1637,PV+/PNN-,71.4974121,9.54113894836179,0.0,0.0,0.0,False,NONE
1956,1034,1864,139.81716144,13.342441267550265,5396.0,30.65909090909091,0.0,0.0,0.0,1.6420231132704477,False,True,1639,PV+/PNN-,139.81716144,13.342441267550265,0.0,0.0,0.0,False,NONE
1957,1032,1246,55.6090983,8.414493627225879,1054.0,15.057142857142857,0.0,0.0,0.0,1.396069189622713,False,True,1640,PV+/PNN-,55.6090983,8.414493627225879,0.0,0.0,0.0,False,NONE
1958,1037,1513,117.57352212,12.235164803834003,4637.0,31.33108108108108,0.0,0.0,0.0,1.5758540066109408,False,True,1641,PV+/PNN-,117.57352212,12.235164803834003,0.0,0.0,0.0,False,NONE
1959,1034,2210,68.31974934,9.326703948667076,1505.0,17.5,0.0,0.0,0.0,1.514122282547707,False,True,1642,PV+/PNN-,68.31974934,9.326703948667076,0.0,0.0,0.0,False,NONE
1960,1035,1047,114.39585936,12.068692219586765,2555.0,17.743055555555557,0.0,0.0,0.0,1.3768316160746106,False,True,1644,PV+/PNN-,114.39585936,12.068692219586765,0.0,0.0,0.0,False,NONE
1961,1033,2756,32.57104329,6.439777972112771,1785.0,43.53658536585366,0.0,0.0,0.0,1.3207184156712553,False,True,1645,PV+/PNN-,32.57104329,6.439777972112771,0.0,0.0,0.0,False,NONE
1962,1036,364,78.64715331000001,10.006830950662698,1571.0,15.868686868686869,0.0,0.0,0.0,1.6529516301057614,False,True,1646,PV+/PNN-,78.64715331000001,10.006830950662698,0.0,0.0,0.0,False,NONE
1963,1038,620,135.05066730000001,13.113041224263421,1034.0,6.08235294117647,0.0,0.0,0.0,1.650316879017097,False,True,1647,PV+/PNN-,135.05066730000001,13.113041224263421,0.0,0.0,0.0,False,NONE
1964,1036,1750,88.97455728,10.643586087602236,1903.0,16.991071428571427,0.0,0.0,0.0,1.45271597611264,False,True,1648,PV+/PNN-,88.97455728,10.643586087602236,0.0,0.0,0.0,False,NONE
1965,1036,1927,89.76897297000001,10.690996505268625,2348.0,20.778761061946902,0.0,0.0,0.0,1.452689024553743,False,True,1649,PV+/PNN-,89.76897297000001,10.690996505268625,0.0,0.0,0.0,False,NONE
1966,1035,2700,61.96442382,8.88231697105848,2821.0,36.166666666666664,0.0,0.0,0.0,1.5830488774797313,False,True,1650,PV+/PNN-,61.96442382,8.88231697105848,0.0,0.0,0.0,False,NONE
1967,1037,1388,85.79689452,10.451794052617739,2977.0,27.564814814814813,0.0,0.0,0.0,1.2277982296751369,False,True,1652,PV+/PNN-,85.79689452,10.451794052617739,0.0,0.0,0.0,False,NONE
1968,1038,2437,109.62936522,11.814586030086609,3860.0,27.971014492753625,0.0,0.0,0.0,1.535563115150814,False,True,1653,PV+/PNN-,109.62936522,11.814586030086609,0.0,0.0,0.0,False,NONE
1969,1040,293,123.13443195,12.521167201073583,3310.0,21.35483870967742,0.0,0.0,0.0,1.7170479978431243,False,True,1654,PV+/PNN-,123.13443195,12.521167201073583,0.0,0.0,0.0,False,NONE
1970,1038,969,74.67507486,9.75085936304132,3492.0,37.148936170212764,0.0,0.0,0.0,1.3036147913570673,False,True,1655,PV+/PNN-,74.67507486,9.75085936304132,0.0,0.0,0.0,False,NONE
1971,1045,640,158.883138,14.223090180871878,1092.0,5.46,0.0,0.0,0.0,1.580993537776926,False,True,1656,PV+/PNN-,158.883138,14.223090180871878,0.0,0.0,0.0,False,NONE
1972,1043,1351,67.52533365000001,9.272320371655413,1299.0,15.282352941176471,0.0,0.0,0.0,1.3744280390598316,False,True,1657,PV+/PNN-,67.52533365000001,9.272320371655413,0.0,0.0,0.0,False,NONE
1973,1041,1733,34.15987467,6.594975608221839,654.0,15.209302325581396,0.0,0.0,0.0,1.5448608488600704,False,True,1658,PV+/PNN-,34.15987467,6.594975608221839,0.0,0.0,0.0,False,NONE
1974,1042,2824,43.69286295,7.4586514150102134,2341.0,42.56363636363636,0.0,0.0,0.0,1.4961839403302282,False,True,1659,PV+/PNN-,43.69286295,7.4586514150102134,0.0,0.0,0.0,False,NONE
1975,1045,1473,115.19027505,12.11052490037406,9724.0,67.06206896551724,0.0,0.0,0.0,1.4978947813554404,False,True,1660,PV+/PNN-,115.19027505,12.11052490037406,0.0,0.0,0.0,False,NONE
1976,1045,738,69.11416503,9.380772250595795,559.0,6.425287356321839,0.0,0.0,0.0,1.6192397453207612,False,True,1661,PV+/PNN-,69.11416503,9.380772250595795,0.0,0.0,0.0,False,NONE
1977,1047,1864,173.18262042,14.84934209921784,3867.0,17.738532110091743,0.0,0.0,0.0,1.4801815927248518,False,True,1662,PV+/PNN-,173.18262042,14.84934209921784,0.0,0.0,0.0,False,NONE
1978,1047,2244,111.2181966,11.899891008124815,3138.0,22.414285714285715,0.0,0.0,0.0,1.5928101792597709,False,True,1663,PV+/PNN-,111.2181966,11.899891008124815,0.0,0.0,0.0,False,NONE
1979,1046,2733,100.09637694,11.289227848029503,4912.0,38.98412698412698,0.0,0.0,0.0,1.6087145936267155,False,True,1664,PV+/PNN-,100.09637694,11.289227848029503,0.0,0.0,0.0,False,NONE
1980,1045,2838,96.12429849,11.062967867954534,13622.0,112.57851239669421,0.0,0.0,0.0,1.3763764651271482,False,True,1665,PV+/PNN-,96.12429849,11.062967867954534,0.0,0.0,0.0,False,NONE
1981,1049,817,156.49989093,14.116013951495509,2429.0,12.32994923857868,0.0,0.0,0.0,1.58862064835568,False,True,1666,PV+/PNN-,156.49989093,14.116013951495509,0.0,0.0,0.0,False,NONE
1982,1044,2115,52.43143554,8.17054325713784,1082.0,16.393939393939394,0.0,0.0,0.0,1.510396395721966,False,True,1667,PV+/PNN-,52.43143554,8.17054325713784,0.0,0.0,0.0,False,NONE
1983,1048,2390,117.57352212,12.235164803834003,3132.0,21.16216216216216,0.0,0.0,0.0,1.4865460098925876,False,True,1668,PV+/PNN-,117.57352212,12.235164803834003,0.0,0.0,0.0,False,NONE
1984,1049,942,116.77910643,12.193759728054031,1945.0,13.231292517006803,0.0,0.0,0.0,1.3145070986807397,False,True,1669,PV+/PNN-,116.77910643,12.193759728054031,0.0,0.0,0.0,False,NONE
1985,1049,1384,102.47962401,11.422832828117684,1845.0,14.30232558139535,0.0,0.0,0.0,1.5375893600549952,False,True,1670,PV+/PNN-,102.47962401,11.422832828117684,0.0,0.0,0.0,False,NONE
1986,1049,1964,115.19027505,12.11052490037406,3899.0,26.889655172413793,0.0,0.0,0.0,1.6255128290798733,False,True,1671,PV+/PNN-,115.19027505,12.11052490037406,0.0,0.0,0.0,False,NONE
1987,1048,2468,78.64715331000001,10.006830950662698,1997.0,20.171717171717173,0.0,0.0,0.0,1.487570331001902,False,True,1672,PV+/PNN-,78.64715331000001,10.006830950662698,0.0,0.0,0.0,False,NONE
1988,1051,1015,115.19027505,12.11052490037406,2802.0,19.324137931034482,0.0,0.0,0.0,1.2997045413409984,False,True,1674,PV+/PNN-,115.19027505,12.11052490037406,0.0,0.0,0.0,False,NONE
1989,1051,1127,69.11416503,9.380772250595795,1500.0,17.24137931034483,0.0,0.0,0.0,1.4937780701385233,False,True,1675,PV+/PNN-,69.11416503,9.380772250595795,0.0,0.0,0.0,False,NONE
1990,1051,2508,83.41364745,10.305607915302103,1228.0,11.695238095238095,0.0,0.0,0.0,1.7257981547110328,False,True,1676,PV+/PNN-,83.41364745,10.305607915302103,0.0,0.0,0.0,False,NONE
1991,1051,1260,80.23598469,10.107404643036364,1788.0,17.702970297029704,0.0,0.0,0.0,1.4707780569747,False,True,1677,PV+/PNN-,80.23598469,10.107404643036364,0.0,0.0,0.0,False,NONE
1992,1054,1815,138.22833006,13.266415342325757,4011.0,23.051724137931036,0.0,0.0,0.0,2.0132678189399784,False,True,1678,PV+/PNN-,138.22833006,13.266415342325757,0.0,0.0,0.0,False,NONE
1993,1053,1926,115.98469074,12.152213577535832,4468.0,30.602739726027398,0.0,0.0,0.0,1.4379889797722776,False,True,1679,PV+/PNN-,115.98469074,12.152213577535832,0.0,0.0,0.0,False,NONE
1994,1052,2125,114.39585936,12.068692219586765,2118.0,14.708333333333334,0.0,0.0,0.0,1.5722528777110072,False,True,1680,PV+/PNN-,114.39585936,12.068692219586765,0.0,0.0,0.0,False,NONE
1995,1052,1283,74.67507486,9.75085936304132,4478.0,47.638297872340424,0.0,0.0,0.0,1.516801622233136,False,True,1681,PV+/PNN-,74.67507486,9.75085936304132,0.0,0.0,0.0,False,NONE
1996,1054,1517,97.71312987,11.154022637162193,2177.0,17.69918699186992,0.0,0.0,0.0,1.4663094221232047,False,True,1682,PV+/PNN-,97.71312987,11.154022637162193,0.0,0.0,0.0,False,NONE
1997,1055,494,98.50754556,11.199272407696524,1011.0,8.153225806451612,0.0,0.0,0.0,1.4641121385004852,False,True,1683,PV+/PNN-,98.50754556,11.199272407696524,0.0,0.0,0.0,False,NONE
1998,1055,2078,135.84508299,13.151552441468574,4159.0,24.321637426900583,0.0,0.0,0.0,1.5653648236724675,False,True,1684,PV+/PNN-,135.84508299,13.151552441468574,0.0,0.0,0.0,False,NONE
1999,1052,2654,63.5532552,8.995472067506276,10244.0,128.05,0.0,0.0,0.0,1.4859122112061993,False,True,1685,PV+/PNN-,63.5532552,8.995472067506276,0.0,0.0,0.0,False,NONE
2000,1055,664,92.15222004,10.83198276817611,772.0,6.655172413793103,0.0,0.0,0.0,1.8135583164526263,False,True,1686,PV+/PNN-,92.15222004,10.83198276817611,0.0,0.0,0.0,False,NONE
2001,1056,953,120.75118488,12.39940255265723,3307.0,21.75657894736842,0.0,0.0,0.0,1.801428720902781,False,True,1687,PV+/PNN-,120.75118488,12.39940255265723,0.0,0.0,0.0,False,NONE
2002,1057,2259,135.84508299,13.151552441468574,4353.0,25.45614035087719,0.0,0.0,0.0,1.6700881791905362,False,True,1688,PV+/PNN-,135.84508299,13.151552441468574,0.0,0.0,0.0,False,NONE
2003,1056,2403,108.04053384,11.728660627684029,3278.0,24.102941176470587,0.0,0.0,0.0,1.5067292782211565,False,True,1689,PV+/PNN-,108.04053384,11.728660627684029,0.0,0.0,0.0,False,NONE
2004,1052,2793,28.59896484,6.034346109793383,1466.0,40.72222222222222,0.0,0.0,0.0,1.425983024304371,False,True,1690,PV+/PNN-,28.59896484,6.034346109793383,0.0,0.0,0.0,False,NONE
2005,1057,1407,110.42378091,11.857315232959936,1812.0,13.035971223021583,0.0,0.0,0.0,1.5030438435866718,False,True,1691,PV+/PNN-,110.42378091,11.857315232959936,0.0,0.0,0.0,False,NONE
2006,1057,34,104.06845539,11.51104134134072,5562.0,42.458015267175576,0.0,0.0,0.0,1.457481875821429,False,True,1692,PV+/PNN-,104.06845539,11.51104134134072,0.0,0.0,0.0,False,NONE
2007,1060,134,129.48975747,12.84022896403991,9741.0,59.760736196319016,0.0,0.0,0.0,1.6165578095878588,False,True,1693,PV+/PNN-,129.48975747,12.84022896403991,0.0,0.0,0.0,False,NONE
2008,1059,583,86.59131021,10.500070494515816,810.0,7.431192660550459,0.0,0.0,0.0,1.6718541562648035,False,True,1694,PV+/PNN-,86.59131021,10.500070494515816,0.0,0.0,0.0,False,NONE
2009,1060,786,115.98469074,12.152213577535832,3486.0,23.876712328767123,0.0,0.0,0.0,1.2160410462574662,False,True,1695,PV+/PNN-,115.98469074,12.152213577535832,0.0,0.0,0.0,False,NONE
2010,1061,1658,130.28417316,12.879555944225542,3157.0,19.25,0.0,0.0,0.0,1.4819084585287707,False,True,1696,PV+/PNN-,130.28417316,12.879555944225542,0.0,0.0,0.0,False,NONE
2011,1059,2821,73.08624348000001,9.646569098642193,4257.0,46.27173913043478,0.0,0.0,0.0,1.5043575065733026,False,True,1697,PV+/PNN-,73.08624348000001,9.646569098642193,0.0,0.0,0.0,False,NONE
2012,1062,1265,122.34001626,12.48071098158173,1938.0,12.584415584415584,0.0,0.0,0.0,1.4419182015617742,False,True,1698,PV+/PNN-,122.34001626,12.48071098158173,0.0,0.0,0.0,False,NONE
2013,1063,412,127.1065104,12.72151859781572,1799.0,11.24375,0.0,0.0,0.0,1.4523352853432185,False,True,1699,PV+/PNN-,127.1065104,12.72151859781572,0.0,0.0,0.0,False,NONE
2014,1061,2727,69.11416503,9.380772250595795,2122.0,24.39080459770115,0.0,0.0,0.0,1.6025768665856204,False,True,1700,PV+/PNN-,69.11416503,9.380772250595795,0.0,0.0,0.0,False,NONE
2015,1062,630,23.832470700000002,5.508579140212301,257.0,8.566666666666666,0.0,0.0,0.0,1.4837803428974385,False,True,1701,PV+/PNN-,23.832470700000002,5.508579140212301,0.0,0.0,0.0,False,NONE
2016,1063,1225,65.93650227,9.1625849044734,1087.0,13.096385542168674,0.0,0.0,0.0,1.3736423753315852,False,True,1702,PV+/PNN-,65.93650227,9.1625849044734,0.0,0.0,0.0,False,NONE
2017,1064,1732,112.01261229,11.942314996545514,1877.0,13.312056737588652,0.0,0.0,0.0,1.438784313912532,False,True,1703,PV+/PNN-,112.01261229,11.942314996545514,0.0,0.0,0.0,False,NONE
2018,1064,2500,85.79689452,10.451794052617739,3649.0,33.78703703703704,0.0,0.0,0.0,1.6036387167010953,False,True,1704,PV+/PNN-,85.79689452,10.451794052617739,0.0,0.0,0.0,False,NONE
2019,1063,2673,66.73091796,9.217615939230159,3450.0,41.07142857142857,0.0,0.0,0.0,1.6131136869622538,False,True,1705,PV+/PNN-,66.73091796,9.217615939230159,0.0,0.0,0.0,False,NONE
2020,1067,930,154.91105955,14.044176264056345,1837.0,9.42051282051282,0.0,0.0,0.0,1.4527315941954881,False,True,1706,PV+/PNN-,154.91105955,14.044176264056345,0.0,0.0,0.0,False,NONE
2021,1067,1002,122.34001626,12.48071098158173,3185.0,20.681818181818183,0.0,0.0,0.0,1.3200971553468779,False,True,1707,PV+/PNN-,122.34001626,12.48071098158173,0.0,0.0,0.0,False,NONE
2022,1067,1157,107.24611815,11.68546099424064,1547.0,11.459259259259259,0.0,0.0,0.0,1.4439854678005724,False,True,1708,PV+/PNN-,107.24611815,11.68546099424064,0.0,0.0,0.0,False,NONE
2023,1066,1178,95.32988280000001,11.017158280424603,1346.0,11.216666666666667,0.0,0.0,0.0,1.3928206283903157,False,True,1709,PV+/PNN-,95.32988280000001,11.017158280424603,0.0,0.0,0.0,False,NONE
2024,1067,1527,114.39585936,12.068692219586765,2547.0,17.6875,0.0,0.0,0.0,1.5450123382101764,False,True,1710,PV+/PNN-,114.39585936,12.068692219586765,0.0,0.0,0.0,False,NONE
2025,1067,2310,114.39585936,12.068692219586765,2040.0,14.166666666666666,0.0,0.0,0.0,1.6444995259523414,False,True,1711,PV+/PNN-,114.39585936,12.068692219586765,0.0,0.0,0.0,False,NONE
2026,1068,866,101.68520832,11.378472144697502,1206.0,9.421875,0.0,0.0,0.0,1.327088022203528,False,True,1712,PV+/PNN-,101.68520832,11.378472144697502,0.0,0.0,0.0,False,NONE
2027,1071,885,127.90092609,12.761211420003875,2071.0,12.863354037267081,0.0,0.0,0.0,1.6429951537330816,False,True,1713,PV+/PNN-,127.90092609,12.761211420003875,0.0,0.0,0.0,False,NONE
2028,1070,898,121.54560057,12.440123196106569,1573.0,10.281045751633988,0.0,0.0,0.0,1.5945817598338112,False,True,1714,PV+/PNN-,121.54560057,12.440123196106569,0.0,0.0,0.0,False,NONE
2029,1068,1068,104.06845539,11.51104134134072,3093.0,23.610687022900763,0.0,0.0,0.0,1.3683014305389207,False,True,1715,PV+/PNN-,104.06845539,11.51104134134072,0.0,0.0,0.0,False,NONE
2030,1068,1107,83.41364745,10.305607915302103,2076.0,19.771428571428572,0.0,0.0,0.0,1.3497771920610526,False,True,1716,PV+/PNN-,83.41364745,10.305607915302103,0.0,0.0,0.0,False,NONE
2031,1067,1346,63.5532552,8.995472067506276,1050.0,13.125,0.0,0.0,0.0,1.4955056185956226,False,True,1717,PV+/PNN-,63.5532552,8.995472067506276,0.0,0.0,0.0,False,NONE
2032,1069,2042,107.24611815,11.68546099424064,2627.0,19.45925925925926,0.0,0.0,0.0,1.3972422811788567,False,True,1718,PV+/PNN-,107.24611815,11.68546099424064,0.0,0.0,0.0,False,NONE
2033,1069,2457,108.83494953,11.77170172875832,2144.0,15.64963503649635,0.0,0.0,0.0,1.513782110045545,False,True,1719,PV+/PNN-,108.83494953,11.77170172875832,0.0,0.0,0.0,False,NONE
2034,1070,502,111.2181966,11.899891008124815,1397.0,9.978571428571428,0.0,0.0,0.0,1.3107944572722856,False,True,1720,PV+/PNN-,111.2181966,11.899891008124815,0.0,0.0,0.0,False,NONE
2035,1070,1297,74.67507486,9.75085936304132,1168.0,12.425531914893616,0.0,0.0,0.0,1.3861679896963108,False,True,1721,PV+/PNN-,74.67507486,9.75085936304132,0.0,0.0,0.0,False,NONE
2036,1073,832,112.80702798,11.984588810142046,3544.0,24.95774647887324,0.0,0.0,0.0,1.345178876513786,False,True,1722,PV+/PNN-,112.80702798,11.984588810142046,0.0,0.0,0.0,False,NONE
2037,1072,970,103.2740397,11.467021901548332,3544.0,27.26153846153846,0.0,0.0,0.0,1.3598040012495094,False,True,1723,PV+/PNN-,103.2740397,11.467021901548332,0.0,0.0,0.0,False,NONE
2038,1072,208,73.08624348000001,9.646569098642193,4107.0,44.641304347826086,0.0,0.0,0.0,1.6294889073049084,False,True,1724,PV+/PNN-,73.08624348000001,9.646569098642193,0.0,0.0,0.0,False,NONE
2039,1070,2391,53.22585123,8.232208609372499,2797.0,41.74626865671642,0.0,0.0,0.0,1.6507660874403653,False,True,1725,PV+/PNN-,53.22585123,8.232208609372499,0.0,0.0,0.0,False,NONE
2040,1072,2774,74.67507486,9.75085936304132,4806.0,51.12765957446808,0.0,0.0,0.0,1.5122657322144963,False,True,1727,PV+/PNN-,74.67507486,9.75085936304132,0.0,0.0,0.0,False,NONE
2041,1073,2556,58.78676106,8.651568001725998,2683.0,36.25675675675676,0.0,0.0,0.0,1.6202199146581227,False,True,1728,PV+/PNN-,58.78676106,8.651568001725998,0.0,0.0,0.0,False,NONE
2042,1074,1388,88.97455728,10.643586087602236,2244.0,20.035714285714285,0.0,0.0,0.0,1.5006830130597555,False,True,1729,PV+/PNN-,88.97455728,10.643586087602236,0.0,0.0,0.0,False,NONE
2043,1075,2631,60.37559244,8.767701627645716,6293.0,82.80263157894737,0.0,0.0,0.0,1.2488260145529713,False,True,1730,PV+/PNN-,60.37559244,8.767701627645716,0.0,0.0,0.0,False,NONE
2044,1077,1592,124.72326333,12.60169000650996,2506.0,15.961783439490446,0.0,0.0,0.0,1.6169610076893166,False,True,1731,PV+/PNN-,124.72326333,12.60169000650996,0.0,0.0,0.0,False,NONE
2045,1076,2170,88.97455728,10.643586087602236,1813.0,16.1875,0.0,0.0,0.0,1.5159106438366177,False,True,1732,PV+/PNN-,88.97455728,10.643586087602236,0.0,0.0,0.0,False,NONE
2046,1077,2367,121.54560057,12.440123196106569,2743.0,17.9281045751634,0.0,0.0,0.0,1.667037414772083,False,True,1733,PV+/PNN-,121.54560057,12.440123196106569,0.0,0.0,0.0,False,NONE
2047,1079,1544,142.20040851,13.455674765407588,2344.0,13.094972067039107,0.0,0.0,0.0,1.7045418567029587,False,True,1734,PV+/PNN-,142.20040851,13.455674765407588,0.0,0.0,0.0,False,NONE
2048,1076,282,29.39338053,6.1175824019170015,1314.0,35.513513513513516,0.0,0.0,0.0,1.6663143645772727,False,True,1735,PV+/PNN-,29.39338053,6.1175824019170015,0.0,0.0,0.0,False,NONE
2049,1077,494,59.58117675,8.70982837718145,977.0,13.026666666666667,0.0,0.0,0.0,1.501972285798863,False,True,1736,PV+/PNN-,59.58117675,8.70982837718145,0.0,0.0,0.0,False,NONE
2050,1077,1687,61.17000813,8.825195369105852,994.0,12.909090909090908,0.0,0.0,0.0,1.343353900533358,False,True,1737,PV+/PNN-,61.17000813,8.825195369105852,0.0,0.0,0.0,False,NONE
2051,1079,671,106.45170246,11.642101063659146,782.0,5.835820895522388,0.0,0.0,0.0,1.7004036182115096,False,True,1738,PV+/PNN-,106.45170246,11.642101063659146,0.0,0.0,0.0,False,NONE
2052,1082,2121,266.12925615,18.40777805551592,8629.0,25.758208955223882,0.0,0.0,0.0,1.6736757170270473,False,True,1739,PV+/PNN-,266.12925615,18.40777805551592,0.0,0.0,0.0,False,NONE
2053,1079,549,55.6090983,8.414493627225879,550.0,7.857142857142857,0.0,0.0,0.0,1.5763643380207597,False,True,1741,PV+/PNN-,55.6090983,8.414493627225879,0.0,0.0,0.0,False,NONE
2054,1079,2028,57.99234537,8.592912627102823,1069.0,14.643835616438356,0.0,0.0,0.0,1.511582241937715,False,True,1742,PV+/PNN-,57.99234537,8.592912627102823,0.0,0.0,0.0,False,NONE
2055,1080,2850,85.79689452,10.451794052617739,8162.0,75.57407407407408,0.0,0.0,0.0,1.5207327269159572,False,True,1743,PV+/PNN-,85.79689452,10.451794052617739,0.0,0.0,0.0,False,NONE
2056,1082,1702,119.1623535,12.317557416952052,1994.0,13.293333333333333,0.0,0.0,0.0,1.59975397889402,False,True,1745,PV+/PNN-,119.1623535,12.317557416952052,0.0,0.0,0.0,False,NONE
2057,1081,1730,69.90858072,9.434530697868027,1227.0,13.943181818181818,0.0,0.0,0.0,1.4738962261931845,False,True,1746,PV+/PNN-,69.90858072,9.434530697868027,0.0,0.0,0.0,False,NONE
2058,1082,2304,92.94663573,10.878572156378345,2072.0,17.70940170940171,0.0,0.0,0.0,1.6289660410530382,False,True,1747,PV+/PNN-,92.94663573,10.878572156378345,0.0,0.0,0.0,False,NONE
2059,1085,1040,158.883138,14.223090180871878,3250.0,16.25,0.0,0.0,0.0,1.5959166159382507,False,True,1748,PV+/PNN-,158.883138,14.223090180871878,0.0,0.0,0.0,False,NONE
2060,1084,1516,128.69534178,12.800781162784691,2598.0,16.037037037037038,0.0,0.0,0.0,1.6223254636050466,False,True,1749,PV+/PNN-,128.69534178,12.800781162784691,0.0,0.0,0.0,False,NONE
2061,1084,2720,100.89079263,11.333937836259333,5067.0,39.89763779527559,0.0,0.0,0.0,1.7001230103250586,False,True,1750,PV+/PNN-,100.89079263,11.333937836259333,0.0,0.0,0.0,False,NONE
2062,1086,1642,135.84508299,13.151552441468574,3917.0,22.906432748538013,0.0,0.0,0.0,1.646650094860302,False,True,1751,PV+/PNN-,135.84508299,13.151552441468574,0.0,0.0,0.0,False,NONE
2063,1085,1775,104.86287108,11.554893086200376,2724.0,20.636363636363637,0.0,0.0,0.0,1.5808126519810313,False,True,1752,PV+/PNN-,104.86287108,11.554893086200376,0.0,0.0,0.0,False,NONE
2064,1085,460,54.02026692,8.293415464071046,777.0,11.426470588235293,0.0,0.0,0.0,1.616457794113251,False,True,1753,PV+/PNN-,54.02026692,8.293415464071046,0.0,0.0,0.0,False,NONE
2065,1088,2361,113.60144367,12.026714032504808,3376.0,23.60839160839161,0.0,0.0,0.0,1.5766880582834288,False,True,1754,PV+/PNN-,113.60144367,12.026714032504808,0.0,0.0,0.0,False,NONE
2066,1087,2748,99.30196125,11.244340084382843,4255.0,34.04,0.0,0.0,0.0,1.5861100217179518,False,True,1755,PV+/PNN-,99.30196125,11.244340084382843,0.0,0.0,0.0,False,NONE
2067,1087,496,78.64715331000001,10.006830950662698,970.0,9.797979797979798,0.0,0.0,0.0,1.435888675031946,False,True,1756,PV+/PNN-,78.64715331000001,10.006830950662698,0.0,0.0,0.0,False,NONE
2068,1089,303,123.13443195,12.521167201073583,4251.0,27.425806451612903,0.0,0.0,0.0,1.743455656893579,False,True,1757,PV+/PNN-,123.13443195,12.521167201073583,0.0,0.0,0.0,False,NONE
2069,1089,2147,108.83494953,11.77170172875832,2737.0,19.978102189781023,0.0,0.0,0.0,1.5859855330575863,False,True,1758,PV+/PNN-,108.83494953,11.77170172875832,0.0,0.0,0.0,False,NONE
2070,1088,2695,61.96442382,8.88231697105848,3021.0,38.73076923076923,0.0,0.0,0.0,1.5240125243140505,False,True,1759,PV+/PNN-,61.96442382,8.88231697105848,0.0,0.0,0.0,False,NONE
2071,1088,1740,87.3857259,10.548125988120718,1778.0,16.163636363636364,0.0,0.0,0.0,1.6209951394976718,False,True,1760,PV+/PNN-,87.3857259,10.548125988120718,0.0,0.0,0.0,False,NONE
2072,1089,429,77.05832193,9.90523612702942,871.0,8.97938144329897,0.0,0.0,0.0,1.5859341975275385,False,True,1761,PV+/PNN-,77.05832193,9.90523612702942,0.0,0.0,0.0,False,NONE
2073,1091,565,85.00247883,10.403293586497956,623.0,5.822429906542056,0.0,0.0,0.0,1.7389669718563816,False,True,1762,PV+/PNN-,85.00247883,10.403293586497956,0.0,0.0,0.0,False,NONE
2074,1090,1170,66.73091796,9.217615939230159,1608.0,19.142857142857142,0.0,0.0,0.0,1.451700800727516,False,True,1763,PV+/PNN-,66.73091796,9.217615939230159,0.0,0.0,0.0,False,NONE
2075,1090,2768,87.3857259,10.548125988120718,6536.0,59.41818181818182,0.0,0.0,0.0,1.5225415848749058,False,True,1764,PV+/PNN-,87.3857259,10.548125988120718,0.0,0.0,0.0,False,NONE
2076,1093,362,107.24611815,11.68546099424064,1594.0,11.807407407407407,0.0,0.0,0.0,1.6562248016505252,False,True,1766,PV+/PNN-,107.24611815,11.68546099424064,0.0,0.0,0.0,False,NONE
2077,1092,1247,96.91871418,11.108588547554572,1814.0,14.868852459016393,0.0,0.0,0.0,1.6188219682261482,False,True,1767,PV+/PNN-,96.91871418,11.108588547554572,0.0,0.0,0.0,False,NONE
2078,1092,1998,131.87300454,12.957851838301272,2527.0,15.22289156626506,0.0,0.0,0.0,1.5036092866849475,False,True,1768,PV+/PNN-,131.87300454,12.957851838301272,0.0,0.0,0.0,False,NONE
2079,1091,2679,70.70299641,9.487984557348323,1970.0,22.134831460674157,0.0,0.0,0.0,1.5052427474440628,False,True,1769,PV+/PNN-,70.70299641,9.487984557348323,0.0,0.0,0.0,False,NONE
2080,1090,2709,60.37559244,8.767701627645716,2535.0,33.35526315789474,0.0,0.0,0.0,1.6224639865620814,False,True,1770,PV+/PNN-,60.37559244,8.767701627645716,0.0,0.0,0.0,False,NONE
2081,1092,2796,61.17000813,8.825195369105852,4353.0,56.532467532467535,0.0,0.0,0.0,1.2392522792224465,False,True,1771,PV+/PNN-,61.17000813,8.825195369105852,0.0,0.0,0.0,False,NONE
2082,1094,458,110.42378091,11.857315232959936,1576.0,11.338129496402878,0.0,0.0,0.0,1.812854921550455,False,True,1772,PV+/PNN-,110.42378091,11.857315232959936,0.0,0.0,0.0,False,NONE
2083,1092,2862,38.92636881,7.040070461425612,1263.0,25.775510204081634,0.0,0.0,0.0,1.5506078882496104,False,True,1773,PV+/PNN-,38.92636881,7.040070461425612,0.0,0.0,0.0,False,NONE
2084,1094,780,75.46949055,9.802588422925686,974.0,10.25263157894737,0.0,0.0,0.0,1.621117543419706,False,True,1774,PV+/PNN-,75.46949055,9.802588422925686,0.0,0.0,0.0,False,NONE
2085,1095,2070,126.31209471,12.681701540530954,5439.0,34.20754716981132,0.0,0.0,0.0,1.5193919292374913,False,True,1775,PV+/PNN-,126.31209471,12.681701540530954,0.0,0.0,0.0,False,NONE
2086,1098,993,144.58365558,13.56796328882212,2558.0,14.054945054945055,0.0,0.0,0.0,1.4318658355104752,False,True,1776,PV+/PNN-,144.58365558,13.56796328882212,0.0,0.0,0.0,False,NONE
2087,1097,1181,96.91871418,11.108588547554572,2158.0,17.688524590163933,0.0,0.0,0.0,1.5125780393961075,False,True,1778,PV+/PNN-,96.91871418,11.108588547554572,0.0,0.0,0.0,False,NONE
2088,1099,556,92.94663573,10.878572156378345,797.0,6.811965811965812,0.0,0.0,0.0,1.7805655652315762,False,True,1779,PV+/PNN-,92.94663573,10.878572156378345,0.0,0.0,0.0,False,NONE
2089,1098,609,50.04818847,7.982689565701676,433.0,6.873015873015873,0.0,0.0,0.0,1.6418769895407708,False,True,1780,PV+/PNN-,50.04818847,7.982689565701676,0.0,0.0,0.0,False,NONE
2090,1100,1866,135.05066730000001,13.113041224263421,2484.0,14.611764705882353,0.0,0.0,0.0,1.657339504034191,False,True,1781,PV+/PNN-,135.05066730000001,13.113041224263421,0.0,0.0,0.0,False,NONE
2091,1099,2299,73.88065917,9.698854408967303,2052.0,22.06451612903226,0.0,0.0,0.0,1.490015484617685,False,True,1782,PV+/PNN-,73.88065917,9.698854408967303,0.0,0.0,0.0,False,NONE
2092,1101,75,69.11416503,9.380772250595795,2304.0,26.482758620689655,0.0,0.0,0.0,1.5829734798383956,False,True,1783,PV+/PNN-,69.11416503,9.380772250595795,0.0,0.0,0.0,False,NONE
2093,1101,753,65.14208658,9.10722134683339,727.0,8.865853658536585,0.0,0.0,0.0,1.701334903967066,False,True,1784,PV+/PNN-,65.14208658,9.10722134683339,0.0,0.0,0.0,False,NONE
2094,1102,1453,87.3857259,10.548125988120718,3409.0,30.990909090909092,0.0,0.0,0.0,1.5217663600353561,False,True,1785,PV+/PNN-,87.3857259,10.548125988120718,0.0,0.0,0.0,False,NONE
2095,1101,2667,63.5532552,8.995472067506276,2693.0,33.6625,0.0,0.0,0.0,1.4891100136693403,False,True,1786,PV+/PNN-,63.5532552,8.995472067506276,0.0,0.0,0.0,False,NONE
2096,1102,2728,65.93650227,9.1625849044734,3106.0,37.42168674698795,0.0,0.0,0.0,1.542137027204719,False,True,1788,PV+/PNN-,65.93650227,9.1625849044734,0.0,0.0,0.0,False,NONE
2097,1104,1162,109.62936522,11.814586030086609,7139.0,51.731884057971016,0.0,0.0,0.0,1.487364353387529,False,True,1789,PV+/PNN-,109.62936522,11.814586030086609,0.0,0.0,0.0,False,NONE
2098,1104,1385,67.52533365000001,9.272320371655413,1456.0,17.129411764705882,0.0,0.0,0.0,1.4336187356324812,False,True,1790,PV+/PNN-,67.52533365000001,9.272320371655413,0.0,0.0,0.0,False,NONE
2099,1106,2315,116.77910643,12.193759728054031,2158.0,14.680272108843537,0.0,0.0,0.0,1.5465471867091138,False,True,1791,PV+/PNN-,116.77910643,12.193759728054031,0.0,0.0,0.0,False,NONE
2100,1105,2633,77.85273762,9.956163126610313,3673.0,37.47959183673469,0.0,0.0,0.0,1.558439241220568,False,True,1792,PV+/PNN-,77.85273762,9.956163126610313,0.0,0.0,0.0,False,NONE
2101,1103,2766,58.78676106,8.651568001725998,4518.0,61.054054054054056,0.0,0.0,0.0,1.5049837898602476,False,True,1793,PV+/PNN-,58.78676106,8.651568001725998,0.0,0.0,0.0,False,NONE
2102,1105,1253,82.61923176,10.256416188536388,1983.0,19.067307692307693,0.0,0.0,0.0,1.3488166799658965,False,True,1795,PV+/PNN-,82.61923176,10.256416188536388,0.0,0.0,0.0,False,NONE
2103,1106,2501,108.83494953,11.77170172875832,2826.0,20.62773722627737,0.0,0.0,0.0,1.487017048066944,False,True,1797,PV+/PNN-,108.83494953,11.77170172875832,0.0,0.0,0.0,False,NONE
2104,1105,2617,80.23598469,10.107404643036364,3156.0,31.247524752475247,0.0,0.0,0.0,1.5577413978865224,False,True,1798,PV+/PNN-,80.23598469,10.107404643036364,0.0,0.0,0.0,False,NONE
2105,1107,621,81.03040038,10.157318055940708,737.0,7.2254901960784315,0.0,0.0,0.0,1.6720535754985786,False,True,1799,PV+/PNN-,81.03040038,10.157318055940708,0.0,0.0,0.0,False,NONE
2106,1109,866,134.25625161,13.074416571218995,1364.0,8.071005917159763,0.0,0.0,0.0,1.4214137339121555,False,True,1800,PV+/PNN-,134.25625161,13.074416571218995,0.0,0.0,0.0,False,NONE
2107,1108,371,89.76897297000001,10.690996505268625,1245.0,11.017699115044248,0.0,0.0,0.0,1.548528767991834,False,True,1801,PV+/PNN-,89.76897297000001,10.690996505268625,0.0,0.0,0.0,False,NONE
2108,1106,2035,48.45935709,7.854958291387057,975.0,15.98360655737705,0.0,0.0,0.0,1.4734355393008292,False,True,1802,PV+/PNN-,48.45935709,7.854958291387057,0.0,0.0,0.0,False,NONE
2109,1106,2711,46.87052571,7.72511532706782,1713.0,29.033898305084747,0.0,0.0,0.0,1.513265165608434,False,True,1803,PV+/PNN-,46.87052571,7.72511532706782,0.0,0.0,0.0,False,NONE
2110,1108,181,91.35780435,10.78519212710641,3963.0,34.46086956521739,0.0,0.0,0.0,1.5927836964236373,False,True,1804,PV+/PNN-,91.35780435,10.78519212710641,0.0,0.0,0.0,False,NONE
2111,1109,2543,77.05832193,9.90523612702942,2511.0,25.88659793814433,0.0,0.0,0.0,1.5217583680267013,False,True,1805,PV+/PNN-,77.05832193,9.90523612702942,0.0,0.0,0.0,False,NONE
2112,1111,570,93.74105142,10.924962866435578,902.0,7.6440677966101696,0.0,0.0,0.0,1.9129001400981491,False,True,1807,PV+/PNN-,93.74105142,10.924962866435578,0.0,0.0,0.0,False,NONE
2113,1108,1082,65.14208658,9.10722134683339,3765.0,45.91463414634146,0.0,0.0,0.0,1.2895203428601232,False,True,1808,PV+/PNN-,65.14208658,9.10722134683339,0.0,0.0,0.0,False,NONE
2114,1110,2809,76.26390624,9.854045933561641,4077.0,42.46875,0.0,0.0,0.0,1.591795003874647,False,True,1809,PV+/PNN-,76.26390624,9.854045933561641,0.0,0.0,0.0,False,NONE
2115,1112,558,92.94663573,10.878572156378345,915.0,7.82051282051282,0.0,0.0,0.0,1.8133635392125096,False,True,1810,PV+/PNN-,92.94663573,10.878572156378345,0.0,0.0,0.0,False,NONE
2116,1111,1885,91.35780435,10.78519212710641,1195.0,10.391304347826088,0.0,0.0,0.0,1.749244292301378,False,True,1812,PV+/PNN-,91.35780435,10.78519212710641,0.0,0.0,0.0,False,NONE
2117,1112,1651,112.80702798,11.984588810142046,2216.0,15.605633802816902,0.0,0.0,0.0,1.5127257097938511,False,True,1814,PV+/PNN-,112.80702798,11.984588810142046,0.0,0.0,0.0,False,NONE
2118,1113,1735,136.63949868,13.189951216443678,2438.0,14.174418604651162,0.0,0.0,0.0,1.6455048643666796,False,True,1815,PV+/PNN-,136.63949868,13.189951216443678,0.0,0.0,0.0,False,NONE
2119,1112,2177,93.74105142,10.924962866435578,3468.0,29.389830508474578,0.0,0.0,0.0,1.6129932424250355,False,True,1816,PV+/PNN-,93.74105142,10.924962866435578,0.0,0.0,0.0,False,NONE
2120,1114,966,123.13443195,12.521167201073583,2185.0,14.096774193548388,0.0,0.0,0.0,1.3770493875685164,False,True,1817,PV+/PNN-,123.13443195,12.521167201073583,0.0,0.0,0.0,False,NONE
2121,1113,1236,91.35780435,10.78519212710641,1770.0,15.391304347826088,0.0,0.0,0.0,1.4511534887807531,False,True,1818,PV+/PNN-,91.35780435,10.78519212710641,0.0,0.0,0.0,False,NONE
2122,1115,1795,112.01261229,11.942314996545514,2454.0,17.404255319148938,0.0,0.0,0.0,1.5065202715242194,False,True,1819,PV+/PNN-,112.01261229,11.942314996545514,0.0,0.0,0.0,False,NONE
2123,1113,2781,48.45935709,7.854958291387057,2105.0,34.50819672131148,0.0,0.0,0.0,1.596454825314561,False,True,1820,PV+/PNN-,48.45935709,7.854958291387057,0.0,0.0,0.0,False,NONE
2124,1115,10,58.78676106,8.651568001725998,3222.0,43.54054054054054,0.0,0.0,0.0,1.711256453248444,False,True,1821,PV+/PNN-,58.78676106,8.651568001725998,0.0,0.0,0.0,False,NONE
2125,1117,64,112.01261229,11.942314996545514,4376.0,31.0354609929078,0.0,0.0,0.0,1.7532726885382222,False,True,1822,PV+/PNN-,112.01261229,11.942314996545514,0.0,0.0,0.0,False,NONE
2126,1115,417,81.03040038,10.157318055940708,975.0,9.558823529411764,0.0,0.0,0.0,1.5767465216951595,False,True,1823,PV+/PNN-,81.03040038,10.157318055940708,0.0,0.0,0.0,False,NONE
2127,1117,627,88.18014159,10.595963539609496,738.0,6.648648648648648,0.0,0.0,0.0,1.7469796519357852,False,True,1824,PV+/PNN-,88.18014159,10.595963539609496,0.0,0.0,0.0,False,NONE
2128,1117,949,143.78923989,13.53063732184699,3283.0,18.138121546961326,0.0,0.0,0.0,1.9523673528186276,False,True,1825,PV+/PNN-,143.78923989,13.53063732184699,0.0,0.0,0.0,False,NONE
2129,1115,1982,90.56338866,10.738197602350779,2352.0,20.63157894736842,0.0,0.0,0.0,1.5940390757786052,False,True,1827,PV+/PNN-,90.56338866,10.738197602350779,0.0,0.0,0.0,False,NONE
2130,1119,154,185.89327146,15.384624282804584,17777.0,75.97008547008546,0.0,0.0,0.0,1.8971805838304512,False,True,1828,PV+/PNN-,185.89327146,15.384624282804584,0.0,0.0,0.0,False,NONE
2131,1117,315,79.441569,10.057243516322302,2000.0,20.0,0.0,0.0,0.0,1.6082814521290627,False,True,1829,PV+/PNN-,79.441569,10.057243516322302,0.0,0.0,0.0,False,NONE
2132,1117,1763,98.50754556,11.199272407696524,1698.0,13.693548387096774,0.0,0.0,0.0,1.5211911932189166,False,True,1830,PV+/PNN-,98.50754556,11.199272407696524,0.0,0.0,0.0,False,NONE
2133,1118,2220,85.79689452,10.451794052617739,2430.0,22.5,0.0,0.0,0.0,1.5925845847297435,False,True,1831,PV+/PNN-,85.79689452,10.451794052617739,0.0,0.0,0.0,False,NONE
2134,1118,2409,120.75118488,12.39940255265723,4119.0,27.098684210526315,0.0,0.0,0.0,1.5815096743148365,False,True,1832,PV+/PNN-,120.75118488,12.39940255265723,0.0,0.0,0.0,False,NONE
2135,1121,897,116.77910643,12.193759728054031,1206.0,8.204081632653061,0.0,0.0,0.0,1.436328144895636,False,True,1833,PV+/PNN-,116.77910643,12.193759728054031,0.0,0.0,0.0,False,NONE
2136,1118,1347,63.5532552,8.995472067506276,1685.0,21.0625,0.0,0.0,0.0,1.4827144087430582,False,True,1834,PV+/PNN-,63.5532552,8.995472067506276,0.0,0.0,0.0,False,NONE
2137,1119,1388,96.12429849,11.062967867954534,3805.0,31.446280991735538,0.0,0.0,0.0,1.403861709438443,False,True,1835,PV+/PNN-,96.12429849,11.062967867954534,0.0,0.0,0.0,False,NONE
2138,1119,2247,76.26390624,9.854045933561641,2294.0,23.895833333333332,0.0,0.0,0.0,1.6068957377283684,False,True,1836,PV+/PNN-,76.26390624,9.854045933561641,0.0,0.0,0.0,False,NONE
2139,1120,1285,71.4974121,9.54113894836179,1422.0,15.8,0.0,0.0,0.0,1.6562248016505252,False,True,1837,PV+/PNN-,71.4974121,9.54113894836179,0.0,0.0,0.0,False,NONE
2140,1122,1622,151.73339679,13.899387074616612,4676.0,24.48167539267016,0.0,0.0,0.0,1.6871895997500814,False,True,1838,PV+/PNN-,151.73339679,13.899387074616612,0.0,0.0,0.0,False,NONE
2141,1120,2392,101.68520832,11.378472144697502,3075.0,24.0234375,0.0,0.0,0.0,1.5162913346060392,False,True,1839,PV+/PNN-,101.68520832,11.378472144697502,0.0,0.0,0.0,False,NONE
2142,1118,2749,50.04818847,7.982689565701676,2090.0,33.17460317460318,0.0,0.0,0.0,1.4469633155969366,False,True,1840,PV+/PNN-,50.04818847,7.982689565701676,0.0,0.0,0.0,False,NONE
2143,1121,218,100.09637694,11.289227848029503,5013.0,39.785714285714285,0.0,0.0,0.0,1.546450503339102,False,True,1841,PV+/PNN-,100.09637694,11.289227848029503,0.0,0.0,0.0,False,NONE
2144,1121,724,77.85273762,9.956163126610313,920.0,9.387755102040817,0.0,0.0,0.0,1.6289214179591869,False,True,1842,PV+/PNN-,77.85273762,9.956163126610313,0.0,0.0,0.0,False,NONE
2145,1121,1050,99.30196125,11.244340084382843,1297.0,10.376,0.0,0.0,0.0,1.3193706589258143,False,True,1843,PV+/PNN-,99.30196125,11.244340084382843,0.0,0.0,0.0,False,NONE
2146,1123,1472,149.35014972,13.789797556005714,2329.0,12.388297872340425,0.0,0.0,0.0,1.608880189611523,False,True,1844,PV+/PNN-,149.35014972,13.789797556005714,0.0,0.0,0.0,False,NONE
2147,1121,2710,85.00247883,10.403293586497956,2555.0,23.878504672897197,0.0,0.0,0.0,1.8075055417828934,False,True,1845,PV+/PNN-,85.00247883,10.403293586497956,0.0,0.0,0.0,False,NONE
2148,1120,2823,80.23598469,10.107404643036364,3188.0,31.564356435643564,0.0,0.0,0.0,1.6320401745878848,False,True,1846,PV+/PNN-,80.23598469,10.107404643036364,0.0,0.0,0.0,False,NONE
2149,1122,1572,76.26390624,9.854045933561641,1143.0,11.90625,0.0,0.0,0.0,1.7010532546986321,False,True,1847,PV+/PNN-,76.26390624,9.854045933561641,0.0,0.0,0.0,False,NONE
2150,1123,255,97.71312987,11.154022637162193,2952.0,24.0,0.0,0.0,0.0,1.4676960031370327,False,True,1848,PV+/PNN-,97.71312987,11.154022637162193,0.0,0.0,0.0,False,NONE
2151,1123,402,81.82481607,10.206987389088184,1051.0,10.20388349514563,0.0,0.0,0.0,1.707978377077009,False,True,1849,PV+/PNN-,81.82481607,10.206987389088184,0.0,0.0,0.0,False,NONE
2152,1124,487,114.39585936,12.068692219586765,1722.0,11.958333333333334,0.0,0.0,0.0,1.7054946470085501,False,True,1850,PV+/PNN-,114.39585936,12.068692219586765,0.0,0.0,0.0,False,NONE
2153,1123,1215,96.91871418,11.108588547554572,1851.0,15.172131147540984,0.0,0.0,0.0,1.5936589324506123,False,True,1851,PV+/PNN-,96.91871418,11.108588547554572,0.0,0.0,0.0,False,NONE
2154,1126,594,63.5532552,8.995472067506276,386.0,4.825,0.0,0.0,0.0,1.680978161457802,False,True,1853,PV+/PNN-,63.5532552,8.995472067506276,0.0,0.0,0.0,False,NONE
2155,1125,2799,95.32988280000001,11.017158280424603,5866.0,48.88333333333333,0.0,0.0,0.0,1.657882921446228,False,True,1854,PV+/PNN-,95.32988280000001,11.017158280424603,0.0,0.0,0.0,False,NONE
2156,1126,1117,88.18014159,10.595963539609496,1496.0,13.477477477477477,0.0,0.0,0.0,1.4965331407084035,False,True,1855,PV+/PNN-,88.18014159,10.595963539609496,0.0,0.0,0.0,False,NONE
2157,1126,309,79.441569,10.057243516322302,1455.0,14.55,0.0,0.0,0.0,1.516184741190601,False,True,1856,PV+/PNN-,79.441569,10.057243516322302,0.0,0.0,0.0,False,NONE
2158,1125,418,52.43143554,8.17054325713784,709.0,10.742424242424242,0.0,0.0,0.0,1.522024768315206,False,True,1857,PV+/PNN-,52.43143554,8.17054325713784,0.0,0.0,0.0,False,NONE
2159,1126,2633,70.70299641,9.487984557348323,2651.0,29.786516853932586,0.0,0.0,0.0,1.5196148933458204,False,True,1858,PV+/PNN-,70.70299641,9.487984557348323,0.0,0.0,0.0,False,NONE
2160,1126,1901,57.99234537,8.592912627102823,881.0,12.068493150684931,0.0,0.0,0.0,1.4438297148647725,False,True,1859,PV+/PNN-,57.99234537,8.592912627102823,0.0,0.0,0.0,False,NONE
2161,1129,1064,85.00247883,10.403293586497956,2582.0,24.130841121495326,0.0,0.0,0.0,1.400258922800945,False,True,1860,PV+/PNN-,85.00247883,10.403293586497956,0.0,0.0,0.0,False,NONE
2162,1128,2764,50.84260416,8.045794813057842,4973.0,77.703125,0.0,0.0,0.0,1.5349451823076952,False,True,1861,PV+/PNN-,50.84260416,8.045794813057842,0.0,0.0,0.0,False,NONE
2163,1132,2186,140.61157713,13.380292240810528,6632.0,37.46892655367232,0.0,0.0,0.0,1.5913132257257743,False,True,1862,PV+/PNN-,140.61157713,13.380292240810528,0.0,0.0,0.0,False,NONE
2164,1131,502,65.14208658,9.10722134683339,763.0,9.304878048780488,0.0,0.0,0.0,1.4798285870080288,False,True,1863,PV+/PNN-,65.14208658,9.10722134683339,0.0,0.0,0.0,False,NONE
2165,1129,2830,31.7766276,6.36075929890786,2280.0,57.0,0.0,0.0,0.0,1.5050990259850454,False,True,1864,PV+/PNN-,31.7766276,6.36075929890786,0.0,0.0,0.0,False,NONE
2166,1134,1351,95.32988280000001,11.017158280424603,2501.0,20.841666666666665,0.0,0.0,0.0,1.4653041508881792,False,True,1865,PV+/PNN-,95.32988280000001,11.017158280424603,0.0,0.0,0.0,False,NONE
2167,1132,2859,86.59131021,10.500070494515816,9353.0,85.80733944954129,0.0,0.0,0.0,1.3784777834995712,False,True,1866,PV+/PNN-,86.59131021,10.500070494515816,0.0,0.0,0.0,False,NONE
2168,1135,838,111.2181966,11.899891008124815,1210.0,8.642857142857142,0.0,0.0,0.0,1.5556547601642277,False,True,1867,PV+/PNN-,111.2181966,11.899891008124815,0.0,0.0,0.0,False,NONE
2169,1135,630,73.88065917,9.698854408967303,679.0,7.301075268817204,0.0,0.0,0.0,1.6734020058014,False,True,1868,PV+/PNN-,73.88065917,9.698854408967303,0.0,0.0,0.0,False,NONE
2170,1136,2016,142.20040851,13.455674765407588,3376.0,18.860335195530727,0.0,0.0,0.0,1.5540009884195223,False,True,1869,PV+/PNN-,142.20040851,13.455674765407588,0.0,0.0,0.0,False,NONE
2171,1138,2219,173.18262042,14.84934209921784,4353.0,19.96788990825688,0.0,0.0,0.0,1.68006869470223,False,True,1870,PV+/PNN-,173.18262042,14.84934209921784,0.0,0.0,0.0,False,NONE
2172,1136,950,95.32988280000001,11.017158280424603,1645.0,13.708333333333334,0.0,0.0,0.0,1.3736338136114699,False,True,1871,PV+/PNN-,95.32988280000001,11.017158280424603,0.0,0.0,0.0,False,NONE
2173,1136,2148,77.05832193,9.90523612702942,2236.0,23.051546391752577,0.0,0.0,0.0,1.43736275662834,False,True,1872,PV+/PNN-,77.05832193,9.90523612702942,0.0,0.0,0.0,False,NONE
2174,1136,2669,99.30196125,11.244340084382843,2829.0,22.632,0.0,0.0,0.0,1.5369917758841054,False,True,1873,PV+/PNN-,99.30196125,11.244340084382843,0.0,0.0,0.0,False,NONE
2175,1138,364,81.03040038,10.157318055940708,1647.0,16.147058823529413,0.0,0.0,0.0,1.733919557792026,False,True,1874,PV+/PNN-,81.03040038,10.157318055940708,0.0,0.0,0.0,False,NONE
2176,1137,1107,77.05832193,9.90523612702942,976.0,10.061855670103093,0.0,0.0,0.0,1.6026374956167975,False,True,1875,PV+/PNN-,77.05832193,9.90523612702942,0.0,0.0,0.0,False,NONE
2177,1137,1610,100.89079263,11.333937836259333,1990.0,15.669291338582678,0.0,0.0,0.0,1.675950645249347,False,True,1876,PV+/PNN-,100.89079263,11.333937836259333,0.0,0.0,0.0,False,NONE
2178,1137,1658,71.4974121,9.54113894836179,1319.0,14.655555555555555,0.0,0.0,0.0,1.421245539173792,False,True,1877,PV+/PNN-,71.4974121,9.54113894836179,0.0,0.0,0.0,False,NONE
2179,1138,1722,100.89079263,11.333937836259333,1626.0,12.803149606299213,0.0,0.0,0.0,1.4409415403465937,False,True,1878,PV+/PNN-,100.89079263,11.333937836259333,0.0,0.0,0.0,False,NONE
2180,1139,2104,138.22833006,13.266415342325757,2979.0,17.120689655172413,0.0,0.0,0.0,1.4540812119753932,False,True,1879,PV+/PNN-,138.22833006,13.266415342325757,0.0,0.0,0.0,False,NONE
2181,1137,1853,46.87052571,7.72511532706782,1215.0,20.593220338983052,0.0,0.0,0.0,1.5074838278219644,False,True,1880,PV+/PNN-,46.87052571,7.72511532706782,0.0,0.0,0.0,False,NONE
2182,1138,2490,92.94663573,10.878572156378345,6948.0,59.38461538461539,0.0,0.0,0.0,1.5764892826835442,False,True,1881,PV+/PNN-,92.94663573,10.878572156378345,0.0,0.0,0.0,False,NONE
2183,1140,894,115.98469074,12.152213577535832,1126.0,7.712328767123288,0.0,0.0,0.0,1.511582241937715,False,True,1882,PV+/PNN-,115.98469074,12.152213577535832,0.0,0.0,0.0,False,NONE
2184,1140,330,82.61923176,10.256416188536388,3081.0,29.625,0.0,0.0,0.0,1.69073555871713,False,True,1883,PV+/PNN-,82.61923176,10.256416188536388,0.0,0.0,0.0,False,NONE
2185,1141,352,114.39585936,12.068692219586765,2253.0,15.645833333333334,0.0,0.0,0.0,1.5538951228300122,False,True,1884,PV+/PNN-,114.39585936,12.068692219586765,0.0,0.0,0.0,False,NONE
2186,1141,34,107.24611815,11.68546099424064,5070.0,37.55555555555556,0.0,0.0,0.0,1.781294409097819,False,True,1885,PV+/PNN-,107.24611815,11.68546099424064,0.0,0.0,0.0,False,NONE
2187,1140,2822,47.664941400000004,7.7903073294937615,4394.0,73.23333333333333,0.0,0.0,0.0,1.6841759639209433,False,True,1886,PV+/PNN-,47.664941400000004,7.7903073294937615,0.0,0.0,0.0,False,NONE
2188,1142,754,76.26390624,9.854045933561641,757.0,7.885416666666667,0.0,0.0,0.0,1.574917713096958,False,True,1887,PV+/PNN-,76.26390624,9.854045933561641,0.0,0.0,0.0,False,NONE
2189,1141,1221,74.67507486,9.75085936304132,1660.0,17.659574468085108,0.0,0.0,0.0,1.2664204932042213,False,True,1889,PV+/PNN-,74.67507486,9.75085936304132,0.0,0.0,0.0,False,NONE
2190,1144,322,73.08624348000001,9.646569098642193,3790.0,41.19565217391305,0.0,0.0,0.0,1.541433477160445,False,True,1890,PV+/PNN-,73.08624348000001,9.646569098642193,0.0,0.0,0.0,False,NONE
2191,1143,1072,89.76897297000001,10.690996505268625,1478.0,13.079646017699115,0.0,0.0,0.0,1.4941944252552786,False,True,1891,PV+/PNN-,89.76897297000001,10.690996505268625,0.0,0.0,0.0,False,NONE
2192,1143,1495,82.61923176,10.256416188536388,1162.0,11.173076923076923,0.0,0.0,0.0,1.4422909058115576,False,True,1892,PV+/PNN-,82.61923176,10.256416188536388,0.0,0.0,0.0,False,NONE
2193,1144,1768,109.62936522,11.814586030086609,1845.0,13.369565217391305,0.0,0.0,0.0,1.4144482778994822,False,True,1893,PV+/PNN-,109.62936522,11.814586030086609,0.0,0.0,0.0,False,NONE
2194,1144,603,85.00247883,10.403293586497956,638.0,5.962616822429907,0.0,0.0,0.0,1.581965829117744,False,True,1894,PV+/PNN-,85.00247883,10.403293586497956,0.0,0.0,0.0,False,NONE
2195,1143,876,73.08624348000001,9.646569098642193,695.0,7.554347826086956,0.0,0.0,0.0,1.5284568874549453,False,True,1895,PV+/PNN-,73.08624348000001,9.646569098642193,0.0,0.0,0.0,False,NONE
2196,1143,1032,92.94663573,10.878572156378345,2300.0,19.65811965811966,0.0,0.0,0.0,1.3920917845240728,False,True,1896,PV+/PNN-,92.94663573,10.878572156378345,0.0,0.0,0.0,False,NONE
2197,1148,423,138.22833006,13.266415342325757,1899.0,10.913793103448276,0.0,0.0,0.0,1.6809904135745193,False,True,1897,PV+/PNN-,138.22833006,13.266415342325757,0.0,0.0,0.0,False,NONE
2198,1144,1579,92.15222004,10.83198276817611,2193.0,18.905172413793103,0.0,0.0,0.0,1.46731349802977,False,True,1899,PV+/PNN-,92.15222004,10.83198276817611,0.0,0.0,0.0,False,NONE
2199,1146,1708,103.2740397,11.467021901548332,1983.0,15.253846153846155,0.0,0.0,0.0,1.6792562678238032,False,True,1900,PV+/PNN-,103.2740397,11.467021901548332,0.0,0.0,0.0,False,NONE
2200,1146,2251,134.25625161,13.074416571218995,5391.0,31.899408284023668,0.0,0.0,0.0,1.7448522157856703,False,True,1901,PV+/PNN-,134.25625161,13.074416571218995,0.0,0.0,0.0,False,NONE
2201,1144,2743,74.67507486,9.75085936304132,2266.0,24.106382978723403,0.0,0.0,0.0,1.6265701606842182,False,True,1902,PV+/PNN-,74.67507486,9.75085936304132,0.0,0.0,0.0,False,NONE
2202,1145,60,84.20806314000001,10.354565948189398,4860.0,45.84905660377358,0.0,0.0,0.0,1.6306781365501561,False,True,1903,PV+/PNN-,84.20806314000001,10.354565948189398,0.0,0.0,0.0,False,NONE
2203,1147,1165,125.51767902,12.64175907426016,1868.0,11.822784810126583,0.0,0.0,0.0,1.5014829455625907,False,True,1905,PV+/PNN-,125.51767902,12.64175907426016,0.0,0.0,0.0,False,NONE
2204,1146,1678,80.23598469,10.107404643036364,1338.0,13.247524752475247,0.0,0.0,0.0,1.4606464056063324,False,True,1906,PV+/PNN-,80.23598469,10.107404643036364,0.0,0.0,0.0,False,NONE
2205,1148,1420,115.19027505,12.11052490037406,4004.0,27.613793103448277,0.0,0.0,0.0,1.6954969197674656,False,True,1908,PV+/PNN-,115.19027505,12.11052490037406,0.0,0.0,0.0,False,NONE
2206,1151,676,100.09637694,11.289227848029503,784.0,6.222222222222222,0.0,0.0,0.0,1.7203838859903708,False,True,1909,PV+/PNN-,100.09637694,11.289227848029503,0.0,0.0,0.0,False,NONE
2207,1149,1441,114.39585936,12.068692219586765,2618.0,18.180555555555557,0.0,0.0,0.0,1.703718090084583,False,True,1910,PV+/PNN-,114.39585936,12.068692219586765,0.0,0.0,0.0,False,NONE
2208,1148,2847,101.68520832,11.378472144697502,16036.0,125.28125,0.0,0.0,0.0,1.24780916947149,False,True,1911,PV+/PNN-,101.68520832,11.378472144697502,0.0,0.0,0.0,False,NONE
2209,1152,998,158.08872231,14.187487896796528,2153.0,10.819095477386934,0.0,0.0,0.0,1.3712519774943115,False,True,1912,PV+/PNN-,158.08872231,14.187487896796528,0.0,0.0,0.0,False,NONE
2210,1151,2699,109.62936522,11.814586030086609,2787.0,20.195652173913043,0.0,0.0,0.0,1.5658418244636472,False,True,1913,PV+/PNN-,109.62936522,11.814586030086609,0.0,0.0,0.0,False,NONE
2211,1151,1739,96.12429849,11.062967867954534,1444.0,11.933884297520661,0.0,0.0,0.0,1.4940696907678208,False,True,1914,PV+/PNN-,96.12429849,11.062967867954534,0.0,0.0,0.0,False,NONE
2212,1153,780,94.53546711,10.971157418634661,1292.0,10.857142857142858,0.0,0.0,0.0,1.6574828229120908,False,True,1915,PV+/PNN-,94.53546711,10.971157418634661,0.0,0.0,0.0,False,NONE
2213,1152,880,78.64715331000001,10.006830950662698,739.0,7.4646464646464645,0.0,0.0,0.0,1.4436409234274394,False,True,1916,PV+/PNN-,78.64715331000001,10.006830950662698,0.0,0.0,0.0,False,NONE
2214,1152,1264,52.43143554,8.17054325713784,833.0,12.621212121212121,0.0,0.0,0.0,1.4793874021399922,False,True,1917,PV+/PNN-,52.43143554,8.17054325713784,0.0,0.0,0.0,False,NONE
2215,1153,1938,102.47962401,11.422832828117684,1932.0,14.976744186046512,0.0,0.0,0.0,1.70285046926125,False,True,1918,PV+/PNN-,102.47962401,11.422832828117684,0.0,0.0,0.0,False,NONE
2216,1152,577,42.89844726,7.390534450171232,390.0,7.222222222222222,0.0,0.0,0.0,1.5507367994096262,False,True,1919,PV+/PNN-,42.89844726,7.390534450171232,0.0,0.0,0.0,False,NONE
2217,1154,930,83.41364745,10.305607915302103,866.0,8.247619047619047,0.0,0.0,0.0,1.4196212585575934,False,True,1920,PV+/PNN-,83.41364745,10.305607915302103,0.0,0.0,0.0,False,NONE
2218,1155,1623,133.46183592,13.035677474005707,3620.0,21.547619047619047,0.0,0.0,0.0,1.6070226346515089,False,True,1921,PV+/PNN-,133.46183592,13.035677474005707,0.0,0.0,0.0,False,NONE
2219,1155,2163,116.77910643,12.193759728054031,2842.0,19.333333333333332,0.0,0.0,0.0,1.337711107483577,False,True,1922,PV+/PNN-,116.77910643,12.193759728054031,0.0,0.0,0.0,False,NONE
2220,1154,942,84.20806314000001,10.354565948189398,938.0,8.849056603773585,0.0,0.0,0.0,1.3877255972121458,False,True,1923,PV+/PNN-,84.20806314000001,10.354565948189398,0.0,0.0,0.0,False,NONE
2221,1155,1378,106.45170246,11.642101063659146,5608.0,41.850746268656714,0.0,0.0,0.0,1.3083944008393953,False,True,1924,PV+/PNN-,106.45170246,11.642101063659146,0.0,0.0,0.0,False,NONE
2222,1155,1463,101.68520832,11.378472144697502,1873.0,14.6328125,0.0,0.0,0.0,1.4223558872512714,False,True,1925,PV+/PNN-,101.68520832,11.378472144697502,0.0,0.0,0.0,False,NONE
2223,1156,1671,122.34001626,12.48071098158173,2626.0,17.051948051948052,0.0,0.0,0.0,1.6180049865451245,False,True,1926,PV+/PNN-,122.34001626,12.48071098158173,0.0,0.0,0.0,False,NONE
2224,1156,2538,115.19027505,12.11052490037406,3186.0,21.97241379310345,0.0,0.0,0.0,1.7643048072502243,False,True,1927,PV+/PNN-,115.19027505,12.11052490037406,0.0,0.0,0.0,False,NONE
2225,1155,2620,97.71312987,11.154022637162193,1935.0,15.731707317073171,0.0,0.0,0.0,1.5557438975151163,False,True,1928,PV+/PNN-,97.71312987,11.154022637162193,0.0,0.0,0.0,False,NONE
2226,1158,2431,115.98469074,12.152213577535832,5041.0,34.52739726027397,0.0,0.0,0.0,1.6517598841575958,False,True,1929,PV+/PNN-,115.98469074,12.152213577535832,0.0,0.0,0.0,False,NONE
2227,1157,1573,123.92884764,12.56149312576761,2426.0,15.551282051282051,0.0,0.0,0.0,1.493947714831528,False,True,1930,PV+/PNN-,123.92884764,12.56149312576761,0.0,0.0,0.0,False,NONE
2228,1156,1843,69.90858072,9.434530697868027,1414.0,16.068181818181817,0.0,0.0,0.0,1.5465735549009352,False,True,1931,PV+/PNN-,69.90858072,9.434530697868027,0.0,0.0,0.0,False,NONE
2229,1160,408,111.2181966,11.899891008124815,1683.0,12.021428571428572,0.0,0.0,0.0,1.6116924414230798,False,True,1933,PV+/PNN-,111.2181966,11.899891008124815,0.0,0.0,0.0,False,NONE
2230,1159,664,92.15222004,10.83198276817611,747.0,6.439655172413793,0.0,0.0,0.0,1.5584692464043646,False,True,1934,PV+/PNN-,92.15222004,10.83198276817611,0.0,0.0,0.0,False,NONE
2231,1156,1359,34.15987467,6.594975608221839,1135.0,26.3953488372093,0.0,0.0,0.0,1.5428777155495954,False,True,1935,PV+/PNN-,34.15987467,6.594975608221839,0.0,0.0,0.0,False,NONE
2232,1158,1894,108.04053384,11.728660627684029,1767.0,12.992647058823529,0.0,0.0,0.0,1.6471817785630372,False,True,1936,PV+/PNN-,108.04053384,11.728660627684029,0.0,0.0,0.0,False,NONE
2233,1159,2835,96.12429849,11.062967867954534,6768.0,55.93388429752066,0.0,0.0,0.0,1.4250042050625158,False,True,1937,PV+/PNN-,96.12429849,11.062967867954534,0.0,0.0,0.0,False,NONE
2234,1158,2746,63.5532552,8.995472067506276,1918.0,23.975,0.0,0.0,0.0,1.4987034210587633,False,True,1938,PV+/PNN-,63.5532552,8.995472067506276,0.0,0.0,0.0,False,NONE
2235,1158,2815,59.58117675,8.70982837718145,6301.0,84.01333333333334,0.0,0.0,0.0,1.4235195320364697,False,True,1939,PV+/PNN-,59.58117675,8.70982837718145,0.0,0.0,0.0,False,NONE
2236,1158,615,42.104031570000004,7.321783798208037,353.0,6.660377358490566,0.0,0.0,0.0,1.5590795405200804,False,True,1940,PV+/PNN-,42.104031570000004,7.321783798208037,0.0,0.0,0.0,False,NONE
2237,1158,1133,41.30961588,7.252381437585563,1097.0,21.096153846153847,0.0,0.0,0.0,1.4873881200353414,False,True,1941,PV+/PNN-,41.30961588,7.252381437585563,0.0,0.0,0.0,False,NONE
2238,1159,2143,69.90858072,9.434530697868027,2135.0,24.261363636363637,0.0,0.0,0.0,1.532038089159385,False,True,1942,PV+/PNN-,69.90858072,9.434530697868027,0.0,0.0,0.0,False,NONE
2239,1161,392,85.79689452,10.451794052617739,1395.0,12.916666666666666,0.0,0.0,0.0,1.626536561498895,False,True,1943,PV+/PNN-,85.79689452,10.451794052617739,0.0,0.0,0.0,False,NONE
2240,1164,479,124.72326333,12.60169000650996,1660.0,10.573248407643312,0.0,0.0,0.0,1.5702500078030952,False,True,1944,PV+/PNN-,124.72326333,12.60169000650996,0.0,0.0,0.0,False,NONE
2241,1162,1789,103.2740397,11.467021901548332,1636.0,12.584615384615384,0.0,0.0,0.0,1.5277296280318895,False,True,1945,PV+/PNN-,103.2740397,11.467021901548332,0.0,0.0,0.0,False,NONE
2242,1163,1073,100.09637694,11.289227848029503,1186.0,9.412698412698413,0.0,0.0,0.0,1.4117705689126332,False,True,1946,PV+/PNN-,100.09637694,11.289227848029503,0.0,0.0,0.0,False,NONE
2243,1165,1086,112.80702798,11.984588810142046,1456.0,10.253521126760564,0.0,0.0,0.0,1.567974127936382,False,True,1947,PV+/PNN-,112.80702798,11.984588810142046,0.0,0.0,0.0,False,NONE
2244,1164,870,77.05832193,9.90523612702942,570.0,5.876288659793815,0.0,0.0,0.0,1.5243957308829,False,True,1948,PV+/PNN-,77.05832193,9.90523612702942,0.0,0.0,0.0,False,NONE
2245,1163,1745,41.30961588,7.252381437585563,751.0,14.442307692307692,0.0,0.0,0.0,1.4906679174334345,False,True,1949,PV+/PNN-,41.30961588,7.252381437585563,0.0,0.0,0.0,False,NONE
2246,1166,2575,119.95676919,12.358547737957586,4465.0,29.56953642384106,0.0,0.0,0.0,1.6693517140918128,False,True,1950,PV+/PNN-,119.95676919,12.358547737957586,0.0,0.0,0.0,False,NONE
2247,1165,267,69.11416503,9.380772250595795,3238.0,37.2183908045977,0.0,0.0,0.0,1.6359026240559025,False,True,1951,PV+/PNN-,69.11416503,9.380772250595795,0.0,0.0,0.0,False,NONE
2248,1167,326,127.1065104,12.72151859781572,6199.0,38.74375,0.0,0.0,0.0,2.1478573210763927,False,True,1952,PV+/PNN-,127.1065104,12.72151859781572,0.0,0.0,0.0,False,NONE
2249,1166,1047,77.85273762,9.956163126610313,3153.0,32.173469387755105,0.0,0.0,0.0,1.34264195935418,False,True,1953,PV+/PNN-,77.85273762,9.956163126610313,0.0,0.0,0.0,False,NONE
2250,1168,2515,137.43391437,13.228238528376714,4070.0,23.526011560693643,0.0,0.0,0.0,1.708452152176773,False,True,1954,PV+/PNN-,137.43391437,13.228238528376714,0.0,0.0,0.0,False,NONE
2251,1169,1651,121.54560057,12.440123196106569,3936.0,25.725490196078432,0.0,0.0,0.0,1.876044111709405,False,True,1956,PV+/PNN-,121.54560057,12.440123196106569,0.0,0.0,0.0,False,NONE
2252,1166,1943,79.441569,10.057243516322302,1540.0,15.4,0.0,0.0,0.0,1.5349451823076952,False,True,1957,PV+/PNN-,79.441569,10.057243516322302,0.0,0.0,0.0,False,NONE
2253,1168,2092,94.53546711,10.971157418634661,3439.0,28.899159663865547,0.0,0.0,0.0,1.4439376948412725,False,True,1958,PV+/PNN-,94.53546711,10.971157418634661,0.0,0.0,0.0,False,NONE
2254,1167,1871,62.75883951,8.93907356753593,1301.0,16.468354430379748,0.0,0.0,0.0,1.3762694145163932,False,True,1959,PV+/PNN-,62.75883951,8.93907356753593,0.0,0.0,0.0,False,NONE
2255,1170,857,73.08624348000001,9.646569098642193,768.0,8.347826086956522,0.0,0.0,0.0,1.4941616146618384,False,True,1960,PV+/PNN-,73.08624348000001,9.646569098642193,0.0,0.0,0.0,False,NONE
2256,1171,1695,108.04053384,11.728660627684029,1358.0,9.985294117647058,0.0,0.0,0.0,1.499832057222225,False,True,1961,PV+/PNN-,108.04053384,11.728660627684029,0.0,0.0,0.0,False,NONE
2257,1172,2756,140.61157713,13.380292240810528,3149.0,17.7909604519774,0.0,0.0,0.0,1.5248278411813734,False,True,1962,PV+/PNN-,140.61157713,13.380292240810528,0.0,0.0,0.0,False,NONE
2258,1172,1192,88.97455728,10.643586087602236,1470.0,13.125,0.0,0.0,0.0,1.2844506560283142,False,True,1964,PV+/PNN-,88.97455728,10.643586087602236,0.0,0.0,0.0,False,NONE
2259,1173,8,146.17248696000001,13.642308849668991,3790.0,20.597826086956523,0.0,0.0,0.0,1.6605400326716402,False,True,1965,PV+/PNN-,146.17248696000001,13.642308849668991,0.0,0.0,0.0,False,NONE
2260,1172,1765,85.00247883,10.403293586497956,1999.0,18.682242990654206,0.0,0.0,0.0,1.4122133245323136,False,True,1967,PV+/PNN-,85.00247883,10.403293586497956,0.0,0.0,0.0,False,NONE
2261,1171,2700,74.67507486,9.75085936304132,3630.0,38.61702127659574,0.0,0.0,0.0,1.2165257029991838,False,True,1968,PV+/PNN-,74.67507486,9.75085936304132,0.0,0.0,0.0,False,NONE
2262,1172,2609,77.05832193,9.90523612702942,2800.0,28.8659793814433,0.0,0.0,0.0,1.527912214691165,False,True,1969,PV+/PNN-,77.05832193,9.90523612702942,0.0,0.0,0.0,False,NONE
2263,1173,1261,71.4974121,9.54113894836179,1776.0,19.733333333333334,0.0,0.0,0.0,1.3198633573793945,False,True,1971,PV+/PNN-,71.4974121,9.54113894836179,0.0,0.0,0.0,False,NONE
2264,1172,1727,52.43143554,8.17054325713784,1081.0,16.37878787878788,0.0,0.0,0.0,1.3954047111888137,False,True,1972,PV+/PNN-,52.43143554,8.17054325713784,0.0,0.0,0.0,False,NONE
2265,1173,1847,46.07611002,7.659368469073156,912.0,15.724137931034482,0.0,0.0,0.0,1.5070103561928998,False,True,1973,PV+/PNN-,46.07611002,7.659368469073156,0.0,0.0,0.0,False,NONE
2266,1176,2146,131.07858885,12.91876320674319,2785.0,16.87878787878788,0.0,0.0,0.0,1.6181526484193245,False,True,1974,PV+/PNN-,131.07858885,12.91876320674319,0.0,0.0,0.0,False,NONE
2267,1176,425,104.86287108,11.554893086200376,1510.0,11.43939393939394,0.0,0.0,0.0,1.7184150610010391,False,True,1975,PV+/PNN-,104.86287108,11.554893086200376,0.0,0.0,0.0,False,NONE
2268,1176,1615,115.98469074,12.152213577535832,1266.0,8.67123287671233,0.0,0.0,0.0,1.6237243557136196,False,True,1976,PV+/PNN-,115.98469074,12.152213577535832,0.0,0.0,0.0,False,NONE
2269,1173,1675,46.87052571,7.72511532706782,1034.0,17.52542372881356,0.0,0.0,0.0,1.4872491455693204,False,True,1977,PV+/PNN-,46.87052571,7.72511532706782,0.0,0.0,0.0,False,NONE
2270,1175,75,77.05832193,9.90523612702942,3153.0,32.50515463917526,0.0,0.0,0.0,1.5560440851572854,False,True,1978,PV+/PNN-,77.05832193,9.90523612702942,0.0,0.0,0.0,False,NONE
2271,1176,652,74.67507486,9.75085936304132,460.0,4.8936170212765955,0.0,0.0,0.0,1.7018659349936383,False,True,1979,PV+/PNN-,74.67507486,9.75085936304132,0.0,0.0,0.0,False,NONE
2272,1178,2109,122.34001626,12.48071098158173,2716.0,17.636363636363637,0.0,0.0,0.0,1.3638419855785906,False,True,1980,PV+/PNN-,122.34001626,12.48071098158173,0.0,0.0,0.0,False,NONE
2273,1177,1124,104.86287108,11.554893086200376,1730.0,13.106060606060606,0.0,0.0,0.0,1.405741042382805,False,True,1981,PV+/PNN-,104.86287108,11.554893086200376,0.0,0.0,0.0,False,NONE
2274,1178,407,81.82481607,10.206987389088184,1155.0,11.21359223300971,0.0,0.0,0.0,1.5622662130607445,False,True,1982,PV+/PNN-,81.82481607,10.206987389088184,0.0,0.0,0.0,False,NONE
2275,1178,1381,118.36793781,12.276430232296539,2634.0,17.677852348993287,0.0,0.0,0.0,1.6442570875354243,False,True,1983,PV+/PNN-,118.36793781,12.276430232296539,0.0,0.0,0.0,False,NONE
2276,1179,1960,104.06845539,11.51104134134072,3207.0,24.480916030534353,0.0,0.0,0.0,1.3585371482087192,False,True,1984,PV+/PNN-,104.06845539,11.51104134134072,0.0,0.0,0.0,False,NONE
2277,1181,2183,165.23846352,14.504762875171126,4568.0,21.96153846153846,0.0,0.0,0.0,1.5308454355600785,False,True,1985,PV+/PNN-,165.23846352,14.504762875171126,0.0,0.0,0.0,False,NONE
2278,1179,1863,68.31974934,9.326703948667076,1061.0,12.337209302325581,0.0,0.0,0.0,1.6519500476257236,False,True,1986,PV+/PNN-,68.31974934,9.326703948667076,0.0,0.0,0.0,False,NONE
2279,1182,2630,115.19027505,12.11052490037406,2582.0,17.806896551724137,0.0,0.0,0.0,1.3961532041373441,False,True,1987,PV+/PNN-,115.19027505,12.11052490037406,0.0,0.0,0.0,False,NONE
2280,1182,1939,139.02274575,13.304482609502793,6579.0,37.59428571428571,0.0,0.0,0.0,1.5388434557865718,False,True,1988,PV+/PNN-,139.02274575,13.304482609502793,0.0,0.0,0.0,False,NONE
2281,1182,2615,91.35780435,10.78519212710641,2715.0,23.608695652173914,0.0,0.0,0.0,1.4489289305455249,False,True,1989,PV+/PNN-,91.35780435,10.78519212710641,0.0,0.0,0.0,False,NONE
2282,1181,468,61.17000813,8.825195369105852,877.0,11.38961038961039,0.0,0.0,0.0,1.5803512086241565,False,True,1990,PV+/PNN-,61.17000813,8.825195369105852,0.0,0.0,0.0,False,NONE
2283,1182,1307,86.59131021,10.500070494515816,1796.0,16.477064220183486,0.0,0.0,0.0,1.5873617609084167,False,True,1991,PV+/PNN-,86.59131021,10.500070494515816,0.0,0.0,0.0,False,NONE
2284,1182,1496,102.47962401,11.422832828117684,1526.0,11.829457364341085,0.0,0.0,0.0,1.565353226401646,False,True,1992,PV+/PNN-,102.47962401,11.422832828117684,0.0,0.0,0.0,False,NONE
2285,1183,2473,123.92884764,12.56149312576761,6045.0,38.75,0.0,0.0,0.0,1.6289660410530382,False,True,1993,PV+/PNN-,123.92884764,12.56149312576761,0.0,0.0,0.0,False,NONE
2286,1183,2529,128.69534178,12.800781162784691,5186.0,32.01234567901235,0.0,0.0,0.0,1.6302212721560123,False,True,1994,PV+/PNN-,128.69534178,12.800781162784691,0.0,0.0,0.0,False,NONE
2287,1182,485,58.78676106,8.651568001725998,884.0,11.945945945945946,0.0,0.0,0.0,1.6317435271379102,False,True,1995,PV+/PNN-,58.78676106,8.651568001725998,0.0,0.0,0.0,False,NONE
2288,1183,879,90.56338866,10.738197602350779,1046.0,9.175438596491228,0.0,0.0,0.0,1.6329363221138882,False,True,1996,PV+/PNN-,90.56338866,10.738197602350779,0.0,0.0,0.0,False,NONE
2289,1183,1803,104.86287108,11.554893086200376,1488.0,11.272727272727273,0.0,0.0,0.0,1.6331403286506117,False,True,1997,PV+/PNN-,104.86287108,11.554893086200376,0.0,0.0,0.0,False,NONE
2290,1183,2555,75.46949055,9.802588422925686,3090.0,32.526315789473685,0.0,0.0,0.0,1.5430238411619461,False,True,1998,PV+/PNN-,75.46949055,9.802588422925686,0.0,0.0,0.0,False,NONE
2291,1184,2818,81.82481607,10.206987389088184,3251.0,31.563106796116504,0.0,0.0,0.0,1.475335660664678,False,True,1999,PV+/PNN-,81.82481607,10.206987389088184,0.0,0.0,0.0,False,NONE
2292,1185,726,58.78676106,8.651568001725998,504.0,6.8108108108108105,0.0,0.0,0.0,1.7873122956150413,False,True,2001,PV+/PNN-,58.78676106,8.651568001725998,0.0,0.0,0.0,False,NONE
2293,1186,908,61.96442382,8.88231697105848,532.0,6.82051282051282,0.0,0.0,0.0,1.4059398179826892,False,True,2002,PV+/PNN-,61.96442382,8.88231697105848,0.0,0.0,0.0,False,NONE
2294,1188,1870,108.04053384,11.728660627684029,1392.0,10.235294117647058,0.0,0.0,0.0,1.6177118342948746,False,True,2003,PV+/PNN-,108.04053384,11.728660627684029,0.0,0.0,0.0,False,NONE
2295,1188,646,50.04818847,7.982689565701676,447.0,7.095238095238095,0.0,0.0,0.0,1.7082017813688812,False,True,2004,PV+/PNN-,50.04818847,7.982689565701676,0.0,0.0,0.0,False,NONE
2296,1188,942,92.15222004,10.83198276817611,971.0,8.370689655172415,0.0,0.0,0.0,1.373217241643091,False,True,2005,PV+/PNN-,92.15222004,10.83198276817611,0.0,0.0,0.0,False,NONE
2297,1188,1058,75.46949055,9.802588422925686,1167.0,12.284210526315789,0.0,0.0,0.0,1.2575778949784098,False,True,2006,PV+/PNN-,75.46949055,9.802588422925686,0.0,0.0,0.0,False,NONE
2298,1189,1337,94.53546711,10.971157418634661,1583.0,13.302521008403362,0.0,0.0,0.0,1.6531832565750946,False,True,2007,PV+/PNN-,94.53546711,10.971157418634661,0.0,0.0,0.0,False,NONE
2299,1191,1526,88.18014159,10.595963539609496,1360.0,12.252252252252251,0.0,0.0,0.0,1.5710525014110293,False,True,2008,PV+/PNN-,88.18014159,10.595963539609496,0.0,0.0,0.0,False,NONE
2300,1192,2337,118.36793781,12.276430232296539,5572.0,37.395973154362416,0.0,0.0,0.0,1.4685568000751474,False,True,2009,PV+/PNN-,118.36793781,12.276430232296539,0.0,0.0,0.0,False,NONE
2301,1190,2846,83.41364745,10.305607915302103,7564.0,72.03809523809524,0.0,0.0,0.0,1.3310979649747683,False,True,2010,PV+/PNN-,83.41364745,10.305607915302103,0.0,0.0,0.0,False,NONE
2302,1193,1636,91.35780435,10.78519212710641,3073.0,26.721739130434784,0.0,0.0,0.0,1.6869566617149792,False,True,2011,PV+/PNN-,91.35780435,10.78519212710641,0.0,0.0,0.0,False,NONE
2303,1196,2414,185.89327146,15.384624282804584,7844.0,33.52136752136752,0.0,0.0,0.0,1.8840613942380777,False,True,2012,PV+/PNN-,185.89327146,15.384624282804584,0.0,0.0,0.0,False,NONE
2304,1193,473,58.78676106,8.651568001725998,878.0,11.864864864864865,0.0,0.0,0.0,1.6559431133454638,False,True,2013,PV+/PNN-,58.78676106,8.651568001725998,0.0,0.0,0.0,False,NONE
2305,1194,870,95.32988280000001,11.017158280424603,1033.0,8.608333333333333,0.0,0.0,0.0,1.7005202876214418,False,True,2014,PV+/PNN-,95.32988280000001,11.017158280424603,0.0,0.0,0.0,False,NONE
2306,1196,918,123.92884764,12.56149312576761,1332.0,8.538461538461538,0.0,0.0,0.0,1.625686243654945,False,True,2015,PV+/PNN-,123.92884764,12.56149312576761,0.0,0.0,0.0,False,NONE
2307,1196,1444,98.50754556,11.199272407696524,1201.0,9.685483870967742,0.0,0.0,0.0,1.5961504337527601,False,True,2017,PV+/PNN-,98.50754556,11.199272407696524,0.0,0.0,0.0,False,NONE
2308,1197,1597,96.91871418,11.108588547554572,2187.0,17.92622950819672,0.0,0.0,0.0,1.5915620128026513,False,True,2018,PV+/PNN-,96.91871418,11.108588547554572,0.0,0.0,0.0,False,NONE
2309,1196,1662,96.12429849,11.062967867954534,2839.0,23.462809917355372,0.0,0.0,0.0,1.6963328989047852,False,True,2019,PV+/PNN-,96.12429849,11.062967867954534,0.0,0.0,0.0,False,NONE
2310,1196,1541,104.06845539,11.51104134134072,1588.0,12.122137404580153,0.0,0.0,0.0,1.5603323163662193,False,True,2020,PV+/PNN-,104.06845539,11.51104134134072,0.0,0.0,0.0,False,NONE
2311,1197,1671,54.02026692,8.293415464071046,1080.0,15.882352941176471,0.0,0.0,0.0,1.6177118342948746,False,True,2022,PV+/PNN-,54.02026692,8.293415464071046,0.0,0.0,0.0,False,NONE
2312,1198,1682,69.11416503,9.380772250595795,1365.0,15.689655172413794,0.0,0.0,0.0,1.6172794066460388,False,True,2023,PV+/PNN-,69.11416503,9.380772250595795,0.0,0.0,0.0,False,NONE
2313,1198,1836,88.97455728,10.643586087602236,1538.0,13.732142857142858,0.0,0.0,0.0,1.6560048469837485,False,True,2024,PV+/PNN-,88.97455728,10.643586087602236,0.0,0.0,0.0,False,NONE
2314,1202,1077,129.48975747,12.84022896403991,1275.0,7.822085889570552,0.0,0.0,0.0,1.3868915058956033,False,True,2026,PV+/PNN-,129.48975747,12.84022896403991,0.0,0.0,0.0,False,NONE
2315,1200,1863,47.664941400000004,7.7903073294937615,695.0,11.583333333333334,0.0,0.0,0.0,1.6472235799024246,False,True,2027,PV+/PNN-,47.664941400000004,7.7903073294937615,0.0,0.0,0.0,False,NONE
2316,1202,370,52.43143554,8.17054325713784,676.0,10.242424242424242,0.0,0.0,0.0,1.6240960388558694,False,True,2028,PV+/PNN-,52.43143554,8.17054325713784,0.0,0.0,0.0,False,NONE
2317,1204,554,107.24611815,11.68546099424064,835.0,6.185185185185185,0.0,0.0,0.0,1.5336818529395406,False,True,2029,PV+/PNN-,107.24611815,11.68546099424064,0.0,0.0,0.0,False,NONE
2318,1203,1904,77.85273762,9.956163126610313,1518.0,15.489795918367347,0.0,0.0,0.0,1.6515453265419533,False,True,2030,PV+/PNN-,77.85273762,9.956163126610313,0.0,0.0,0.0,False,NONE
2319,1204,2749,112.01261229,11.942314996545514,2175.0,15.425531914893616,0.0,0.0,0.0,1.5627653077553523,False,True,2031,PV+/PNN-,112.01261229,11.942314996545514,0.0,0.0,0.0,False,NONE
2320,1205,23,105.65728677,11.598579038183399,3548.0,26.67669172932331,0.0,0.0,0.0,1.567644515765378,False,True,2032,PV+/PNN-,105.65728677,11.598579038183399,0.0,0.0,0.0,False,NONE
2321,1204,1244,92.94663573,10.878572156378345,1141.0,9.752136752136753,0.0,0.0,0.0,1.5757604388173012,False,True,2033,PV+/PNN-,92.94663573,10.878572156378345,0.0,0.0,0.0,False,NONE
2322,1206,2003,124.72326333,12.60169000650996,2494.0,15.885350318471337,0.0,0.0,0.0,1.5349451823076952,False,True,2034,PV+/PNN-,124.72326333,12.60169000650996,0.0,0.0,0.0,False,NONE
2323,1206,2077,122.34001626,12.48071098158173,3454.0,22.428571428571427,0.0,0.0,0.0,1.5139033652342129,False,True,2035,PV+/PNN-,122.34001626,12.48071098158173,0.0,0.0,0.0,False,NONE
2324,1206,2505,119.1623535,12.317557416952052,4732.0,31.546666666666667,0.0,0.0,0.0,1.569055075247866,False,True,2036,PV+/PNN-,119.1623535,12.317557416952052,0.0,0.0,0.0,False,NONE
2325,1206,723,76.26390624,9.854045933561641,709.0,7.385416666666667,0.0,0.0,0.0,1.7428023424118622,False,True,2037,PV+/PNN-,76.26390624,9.854045933561641,0.0,0.0,0.0,False,NONE
2326,1204,1309,31.7766276,6.36075929890786,490.0,12.25,0.0,0.0,0.0,1.6266155195844045,False,True,2038,PV+/PNN-,31.7766276,6.36075929890786,0.0,0.0,0.0,False,NONE
2327,1208,949,140.61157713,13.380292240810528,1683.0,9.508474576271187,0.0,0.0,0.0,1.408237529154235,False,True,2039,PV+/PNN-,140.61157713,13.380292240810528,0.0,0.0,0.0,False,NONE
2328,1215,2188,226.40847165,16.97858119419376,6337.0,22.235087719298246,0.0,0.0,0.0,1.667495029434851,False,True,2040,PV+/PNN-,226.40847165,16.97858119419376,0.0,0.0,0.0,False,NONE
2329,1211,1856,115.19027505,12.11052490037406,1546.0,10.662068965517241,0.0,0.0,0.0,1.6449201819596255,False,True,2041,PV+/PNN-,115.19027505,12.11052490037406,0.0,0.0,0.0,False,NONE
2330,1212,2065,115.98469074,12.152213577535832,3213.0,22.006849315068493,0.0,0.0,0.0,1.5653170047886693,False,True,2042,PV+/PNN-,115.98469074,12.152213577535832,0.0,0.0,0.0,False,NONE
2331,1211,744,69.11416503,9.380772250595795,502.0,5.7701149425287355,0.0,0.0,0.0,1.7603841299007792,False,True,2043,PV+/PNN-,69.11416503,9.380772250595795,0.0,0.0,0.0,False,NONE
2332,1212,1035,115.19027505,12.11052490037406,1217.0,8.393103448275863,0.0,0.0,0.0,1.544354807946363,False,True,2044,PV+/PNN-,115.19027505,12.11052490037406,0.0,0.0,0.0,False,NONE
2333,1213,504,87.3857259,10.548125988120718,1028.0,9.345454545454546,0.0,0.0,0.0,1.7349531909114249,False,True,2045,PV+/PNN-,87.3857259,10.548125988120718,0.0,0.0,0.0,False,NONE
2334,1213,1267,80.23598469,10.107404643036364,1290.0,12.772277227722773,0.0,0.0,0.0,1.4766881869395814,False,True,2046,PV+/PNN-,80.23598469,10.107404643036364,0.0,0.0,0.0,False,NONE
2335,1212,1328,75.46949055,9.802588422925686,995.0,10.473684210526315,0.0,0.0,0.0,1.5816218779100344,False,True,2047,PV+/PNN-,75.46949055,9.802588422925686,0.0,0.0,0.0,False,NONE
2336,1214,581,85.00247883,10.403293586497956,772.0,7.214953271028038,0.0,0.0,0.0,1.7349821712792586,False,True,2048,PV+/PNN-,85.00247883,10.403293586497956,0.0,0.0,0.0,False,NONE
2337,1214,1659,94.53546711,10.971157418634661,1485.0,12.478991596638656,0.0,0.0,0.0,1.431755590219783,False,True,2049,PV+/PNN-,94.53546711,10.971157418634661,0.0,0.0,0.0,False,NONE
2338,1216,2220,184.30444008,15.318736938146312,3889.0,16.762931034482758,0.0,0.0,0.0,1.619852351156612,False,True,2050,PV+/PNN-,184.30444008,15.318736938146312,0.0,0.0,0.0,False,NONE
2339,1215,2088,91.35780435,10.78519212710641,2353.0,20.46086956521739,0.0,0.0,0.0,1.5045428864262382,False,True,2051,PV+/PNN-,91.35780435,10.78519212710641,0.0,0.0,0.0,False,NONE
2340,1216,138,81.03040038,10.157318055940708,7053.0,69.1470588235294,0.0,0.0,0.0,2.0457575496225107,False,True,2052,PV+/PNN-,81.03040038,10.157318055940708,0.0,0.0,0.0,False,NONE
2341,1217,1573,115.19027505,12.11052490037406,1587.0,10.944827586206896,0.0,0.0,0.0,1.7025541389964662,False,True,2053,PV+/PNN-,115.19027505,12.11052490037406,0.0,0.0,0.0,False,NONE
2342,1216,1810,88.18014159,10.595963539609496,1837.0,16.54954954954955,0.0,0.0,0.0,1.7592715052475585,False,True,2055,PV+/PNN-,88.18014159,10.595963539609496,0.0,0.0,0.0,False,NONE
2343,1219,1102,103.2740397,11.467021901548332,829.0,6.376923076923077,0.0,0.0,0.0,1.3617718796883653,False,True,2056,PV+/PNN-,103.2740397,11.467021901548332,0.0,0.0,0.0,False,NONE
2344,1219,993,104.06845539,11.51104134134072,709.0,5.412213740458015,0.0,0.0,0.0,1.277819080945719,False,True,2057,PV+/PNN-,104.06845539,11.51104134134072,0.0,0.0,0.0,False,NONE
2345,1218,2139,77.85273762,9.956163126610313,1573.0,16.051020408163264,0.0,0.0,0.0,1.6010766073957818,False,True,2058,PV+/PNN-,77.85273762,9.956163126610313,0.0,0.0,0.0,False,NONE
2346,1217,1736,34.15987467,6.594975608221839,1846.0,42.93023255813954,0.0,0.0,0.0,1.5408945822391202,False,True,2059,PV+/PNN-,34.15987467,6.594975608221839,0.0,0.0,0.0,False,NONE
2347,1221,888,66.73091796,9.217615939230159,532.0,6.333333333333333,0.0,0.0,0.0,1.5867191269490262,False,True,2060,PV+/PNN-,66.73091796,9.217615939230159,0.0,0.0,0.0,False,NONE
2348,1222,1187,94.53546711,10.971157418634661,826.0,6.9411764705882355,0.0,0.0,0.0,1.4769010367582442,False,True,2061,PV+/PNN-,94.53546711,10.971157418634661,0.0,0.0,0.0,False,NONE
2349,1222,1207,133.46183592,13.035677474005707,1273.0,7.5773809523809526,0.0,0.0,0.0,1.6354475454349846,False,True,2062,PV+/PNN-,133.46183592,13.035677474005707,0.0,0.0,0.0,False,NONE
2350,1222,1934,129.48975747,12.84022896403991,1942.0,11.914110429447852,0.0,0.0,0.0,1.6233588618612058,False,True,2063,PV+/PNN-,129.48975747,12.84022896403991,0.0,0.0,0.0,False,NONE
2351,1223,126,72.29182779,9.593998848416254,2765.0,30.384615384615383,0.0,0.0,0.0,1.7195509215718074,False,True,2065,PV+/PNN-,72.29182779,9.593998848416254,0.0,0.0,0.0,False,NONE
2352,1224,459,87.3857259,10.548125988120718,1106.0,10.054545454545455,0.0,0.0,0.0,1.7799162316052868,False,True,2066,PV+/PNN-,87.3857259,10.548125988120718,0.0,0.0,0.0,False,NONE
2353,1222,941,92.15222004,10.83198276817611,845.0,7.2844827586206895,0.0,0.0,0.0,1.265888699202036,False,True,2067,PV+/PNN-,92.15222004,10.83198276817611,0.0,0.0,0.0,False,NONE
2354,1223,2149,88.97455728,10.643586087602236,1924.0,17.178571428571427,0.0,0.0,0.0,1.4237834776366023,False,True,2068,PV+/PNN-,88.97455728,10.643586087602236,0.0,0.0,0.0,False,NONE
2355,1225,393,128.69534178,12.800781162784691,1422.0,8.777777777777779,0.0,0.0,0.0,1.5354715695444263,False,True,2069,PV+/PNN-,128.69534178,12.800781162784691,0.0,0.0,0.0,False,NONE
2356,1225,630,89.76897297000001,10.690996505268625,712.0,6.300884955752212,0.0,0.0,0.0,1.6602160280614204,False,True,2070,PV+/PNN-,89.76897297000001,10.690996505268625,0.0,0.0,0.0,False,NONE
2357,1223,1172,86.59131021,10.500070494515816,788.0,7.229357798165138,0.0,0.0,0.0,1.4238533291539273,False,True,2071,PV+/PNN-,86.59131021,10.500070494515816,0.0,0.0,0.0,False,NONE
2358,1227,2134,124.72326333,12.60169000650996,3139.0,19.993630573248407,0.0,0.0,0.0,1.6191336123351874,False,True,2073,PV+/PNN-,124.72326333,12.60169000650996,0.0,0.0,0.0,False,NONE
2359,1226,1494,80.23598469,10.107404643036364,1856.0,18.376237623762375,0.0,0.0,0.0,1.4488261456765703,False,True,2074,PV+/PNN-,80.23598469,10.107404643036364,0.0,0.0,0.0,False,NONE
2360,1227,1783,92.94663573,10.878572156378345,3601.0,30.77777777777778,0.0,0.0,0.0,1.6406275429129258,False,True,2075,PV+/PNN-,92.94663573,10.878572156378345,0.0,0.0,0.0,False,NONE
2361,1224,1685,41.30961588,7.252381437585563,605.0,11.634615384615385,0.0,0.0,0.0,1.623499712056216,False,True,2076,PV+/PNN-,41.30961588,7.252381437585563,0.0,0.0,0.0,False,NONE
2362,1228,1899,148.55573403,13.753073662427433,2495.0,13.342245989304812,0.0,0.0,0.0,1.6275161484421163,False,True,2077,PV+/PNN-,148.55573403,13.753073662427433,0.0,0.0,0.0,False,NONE
2363,1228,2359,88.97455728,10.643586087602236,8415.0,75.13392857142857,0.0,0.0,0.0,1.4915464345936382,False,True,2078,PV+/PNN-,88.97455728,10.643586087602236,0.0,0.0,0.0,False,NONE
2364,1230,948,119.1623535,12.317557416952052,985.0,6.566666666666666,0.0,0.0,0.0,1.3649642158225097,False,True,2079,PV+/PNN-,119.1623535,12.317557416952052,0.0,0.0,0.0,False,NONE
2365,1230,1014,132.66742023,12.996822909266468,1027.0,6.149700598802395,0.0,0.0,0.0,1.3235455464210066,False,True,2080,PV+/PNN-,132.66742023,12.996822909266468,0.0,0.0,0.0,False,NONE
2366,1231,2331,189.07093422,15.515559616363333,10413.0,43.752100840336134,0.0,0.0,0.0,1.7771540859584893,False,True,2081,PV+/PNN-,189.07093422,15.515559616363333,0.0,0.0,0.0,False,NONE
2367,1229,2465,92.94663573,10.878572156378345,5098.0,43.572649572649574,0.0,0.0,0.0,1.5531662789637692,False,True,2082,PV+/PNN-,92.94663573,10.878572156378345,0.0,0.0,0.0,False,NONE
2368,1229,671,57.19792968,8.533854108523126,481.0,6.680555555555555,0.0,0.0,0.0,1.6747009936597848,False,True,2083,PV+/PNN-,57.19792968,8.533854108523126,0.0,0.0,0.0,False,NONE
2369,1230,613,58.78676106,8.651568001725998,574.0,7.756756756756757,0.0,0.0,0.0,1.5868014384667388,False,True,2084,PV+/PNN-,58.78676106,8.651568001725998,0.0,0.0,0.0,False,NONE
2370,1230,849,57.19792968,8.533854108523126,405.0,5.625,0.0,0.0,0.0,1.6486448254415984,False,True,2085,PV+/PNN-,57.19792968,8.533854108523126,0.0,0.0,0.0,False,NONE
2371,1234,1178,108.83494953,11.77170172875832,989.0,7.218978102189781,0.0,0.0,0.0,1.4807926150486643,False,True,2086,PV+/PNN-,108.83494953,11.77170172875832,0.0,0.0,0.0,False,NONE
2372,1233,2231,82.61923176,10.256416188536388,3622.0,34.82692307692308,0.0,0.0,0.0,1.4012934383353903,False,True,2087,PV+/PNN-,82.61923176,10.256416188536388,0.0,0.0,0.0,False,NONE
2373,1233,1911,79.441569,10.057243516322302,949.0,9.49,0.0,0.0,0.0,1.3661012122538485,False,True,2088,PV+/PNN-,79.441569,10.057243516322302,0.0,0.0,0.0,False,NONE
2374,1236,1137,115.19027505,12.11052490037406,866.0,5.972413793103448,0.0,0.0,0.0,1.5043638989820245,False,True,2089,PV+/PNN-,115.19027505,12.11052490037406,0.0,0.0,0.0,False,NONE
2375,1235,1281,92.94663573,10.878572156378345,1677.0,14.333333333333334,0.0,0.0,0.0,1.5538951228300122,False,True,2090,PV+/PNN-,92.94663573,10.878572156378345,0.0,0.0,0.0,False,NONE
2376,1237,2162,136.63949868,13.189951216443678,2979.0,17.319767441860463,0.0,0.0,0.0,1.4799132329420124,False,True,2091,PV+/PNN-,136.63949868,13.189951216443678,0.0,0.0,0.0,False,NONE
2377,1236,103,106.45170246,11.642101063659146,4347.0,32.440298507462686,0.0,0.0,0.0,1.7264951407963418,False,True,2092,PV+/PNN-,106.45170246,11.642101063659146,0.0,0.0,0.0,False,NONE
2378,1234,1697,47.664941400000004,7.7903073294937615,620.0,10.333333333333334,0.0,0.0,0.0,1.5050990259850454,False,True,2093,PV+/PNN-,47.664941400000004,7.7903073294937615,0.0,0.0,0.0,False,NONE
2379,1236,2672,88.97455728,10.643586087602236,8340.0,74.46428571428571,0.0,0.0,0.0,1.5311382746134796,False,True,2094,PV+/PNN-,88.97455728,10.643586087602236,0.0,0.0,0.0,False,NONE
2380,1237,285,81.03040038,10.157318055940708,2399.0,23.519607843137255,0.0,0.0,0.0,1.557517905576926,False,True,2095,PV+/PNN-,81.03040038,10.157318055940708,0.0,0.0,0.0,False,NONE
2381,1237,1558,96.91871418,11.108588547554572,1323.0,10.844262295081966,0.0,0.0,0.0,1.5817763877788316,False,True,2096,PV+/PNN-,96.91871418,11.108588547554572,0.0,0.0,0.0,False,NONE
2382,1237,1713,89.76897297000001,10.690996505268625,1995.0,17.654867256637168,0.0,0.0,0.0,1.6911564176752925,False,True,2098,PV+/PNN-,89.76897297000001,10.690996505268625,0.0,0.0,0.0,False,NONE
2383,1238,1884,71.4974121,9.54113894836179,1028.0,11.422222222222222,0.0,0.0,0.0,1.4221930361999076,False,True,2099,PV+/PNN-,71.4974121,9.54113894836179,0.0,0.0,0.0,False,NONE
2384,1238,1950,84.20806314000001,10.354565948189398,1513.0,14.273584905660377,0.0,0.0,0.0,1.544598925592649,False,True,2100,PV+/PNN-,84.20806314000001,10.354565948189398,0.0,0.0,0.0,False,NONE
2385,1238,2640,107.24611815,11.68546099424064,3019.0,22.362962962962964,0.0,0.0,0.0,1.5008352893675243,False,True,2101,PV+/PNN-,107.24611815,11.68546099424064,0.0,0.0,0.0,False,NONE
2386,1239,523,69.90858072,9.434530697868027,826.0,9.386363636363637,0.0,0.0,0.0,1.6502598771906596,False,True,2102,PV+/PNN-,69.90858072,9.434530697868027,0.0,0.0,0.0,False,NONE
2387,1239,659,55.6090983,8.414493627225879,365.0,5.214285714285714,0.0,0.0,0.0,1.707931067932848,False,True,2103,PV+/PNN-,55.6090983,8.414493627225879,0.0,0.0,0.0,False,NONE
2388,1238,1415,55.6090983,8.414493627225879,874.0,12.485714285714286,0.0,0.0,0.0,1.4155605570170968,False,True,2104,PV+/PNN-,55.6090983,8.414493627225879,0.0,0.0,0.0,False,NONE
2389,1242,2244,139.81716144,13.342441267550265,6204.0,35.25,0.0,0.0,0.0,1.5557793498705839,False,True,2105,PV+/PNN-,139.81716144,13.342441267550265,0.0,0.0,0.0,False,NONE
2390,1241,874,100.09637694,11.289227848029503,634.0,5.031746031746032,0.0,0.0,0.0,1.5836736007936538,False,True,2106,PV+/PNN-,100.09637694,11.289227848029503,0.0,0.0,0.0,False,NONE
2391,1240,1302,45.28169433,7.593052342343362,563.0,9.87719298245614,0.0,0.0,0.0,1.509512367396164,False,True,2107,PV+/PNN-,45.28169433,7.593052342343362,0.0,0.0,0.0,False,NONE
2392,1240,1319,71.4974121,9.54113894836179,748.0,8.311111111111112,0.0,0.0,0.0,1.269646014995254,False,True,2108,PV+/PNN-,71.4974121,9.54113894836179,0.0,0.0,0.0,False,NONE
2393,1242,164,62.75883951,8.93907356753593,4672.0,59.139240506329116,0.0,0.0,0.0,1.728162613835879,False,True,2109,PV+/PNN-,62.75883951,8.93907356753593,0.0,0.0,0.0,False,NONE
2394,1244,2414,132.66742023,12.996822909266468,8223.0,49.23952095808383,0.0,0.0,0.0,1.9317024699501033,False,True,2110,PV+/PNN-,132.66742023,12.996822909266468,0.0,0.0,0.0,False,NONE
2395,1246,348,148.55573403,13.753073662427433,2568.0,13.732620320855615,0.0,0.0,0.0,1.6393725283411062,False,True,2111,PV+/PNN-,148.55573403,13.753073662427433,0.0,0.0,0.0,False,NONE
2396,1244,207,96.12429849,11.062967867954534,7840.0,64.79338842975207,0.0,0.0,0.0,1.8231878726492228,False,True,2112,PV+/PNN-,96.12429849,11.062967867954534,0.0,0.0,0.0,False,NONE
2397,1248,628,154.11664386,14.008119269352957,1892.0,9.75257731958763,0.0,0.0,0.0,1.7806594884102154,False,True,2113,PV+/PNN-,154.11664386,14.008119269352957,0.0,0.0,0.0,False,NONE
2398,1245,1458,68.31974934,9.326703948667076,1603.0,18.63953488372093,0.0,0.0,0.0,1.512139149237232,False,True,2114,PV+/PNN-,68.31974934,9.326703948667076,0.0,0.0,0.0,False,NONE
2399,1242,1838,30.98221191,6.280746562883805,455.0,11.666666666666666,0.0,0.0,0.0,1.7732771265691465,False,True,2115,PV+/PNN-,30.98221191,6.280746562883805,0.0,0.0,0.0,False,NONE
2400,1245,331,77.05832193,9.90523612702942,1697.0,17.49484536082474,0.0,0.0,0.0,1.390769346168828,False,True,2116,PV+/PNN-,77.05832193,9.90523612702942,0.0,0.0,0.0,False,NONE
2401,1245,563,80.23598469,10.107404643036364,818.0,8.099009900990099,0.0,0.0,0.0,1.5856034391495333,False,True,2117,PV+/PNN-,80.23598469,10.107404643036364,0.0,0.0,0.0,False,NONE
2402,1246,726,82.61923176,10.256416188536388,616.0,5.923076923076923,0.0,0.0,0.0,1.7801100378151742,False,True,2118,PV+/PNN-,82.61923176,10.256416188536388,0.0,0.0,0.0,False,NONE
2403,1245,1580,77.85273762,9.956163126610313,1305.0,13.316326530612244,0.0,0.0,0.0,1.3861494758595,False,True,2119,PV+/PNN-,77.85273762,9.956163126610313,0.0,0.0,0.0,False,NONE
2404,1246,2154,94.53546711,10.971157418634661,2033.0,17.084033613445378,0.0,0.0,0.0,1.4296058070512847,False,True,2120,PV+/PNN-,94.53546711,10.971157418634661,0.0,0.0,0.0,False,NONE
2405,1248,770,127.1065104,12.72151859781572,873.0,5.45625,0.0,0.0,0.0,1.5861100217179518,False,True,2121,PV+/PNN-,127.1065104,12.72151859781572,0.0,0.0,0.0,False,NONE
2406,1247,912,81.82481607,10.206987389088184,620.0,6.019417475728155,0.0,0.0,0.0,1.3958562984739882,False,True,2122,PV+/PNN-,81.82481607,10.206987389088184,0.0,0.0,0.0,False,NONE
2407,1248,1077,102.47962401,11.422832828117684,913.0,7.077519379844961,0.0,0.0,0.0,1.3286993180182889,False,True,2123,PV+/PNN-,102.47962401,11.422832828117684,0.0,0.0,0.0,False,NONE
2408,1248,1163,102.47962401,11.422832828117684,1036.0,8.031007751937985,0.0,0.0,0.0,1.5693194930225962,False,True,2124,PV+/PNN-,102.47962401,11.422832828117684,0.0,0.0,0.0,False,NONE
2409,1247,1710,80.23598469,10.107404643036364,1967.0,19.475247524752476,0.0,0.0,0.0,1.6700338672192636,False,True,2125,PV+/PNN-,80.23598469,10.107404643036364,0.0,0.0,0.0,False,NONE
2410,1246,2132,80.23598469,10.107404643036364,1703.0,16.861386138613863,0.0,0.0,0.0,1.3601741962033536,False,True,2126,PV+/PNN-,80.23598469,10.107404643036364,0.0,0.0,0.0,False,NONE
2411,1249,2704,153.32222817,13.97196922387648,4546.0,23.55440414507772,0.0,0.0,0.0,1.6175688867094047,False,True,2127,PV+/PNN-,153.32222817,13.97196922387648,0.0,0.0,0.0,False,NONE
2412,1247,715,26.21571777,5.777446543100188,148.0,4.484848484848484,0.0,0.0,0.0,1.878628194507903,False,True,2128,PV+/PNN-,26.21571777,5.777446543100188,0.0,0.0,0.0,False,NONE
2413,1249,2265,76.26390624,9.854045933561641,2224.0,23.166666666666668,0.0,0.0,0.0,1.647756546979615,False,True,2129,PV+/PNN-,76.26390624,9.854045933561641,0.0,0.0,0.0,False,NONE
2414,1251,1681,105.65728677,11.598579038183399,1130.0,8.496240601503759,0.0,0.0,0.0,1.4022243582735712,False,True,2130,PV+/PNN-,105.65728677,11.598579038183399,0.0,0.0,0.0,False,NONE
2415,1250,2564,64.34767089,9.051519164690074,2231.0,27.54320987654321,0.0,0.0,0.0,1.5223118886261502,False,True,2131,PV+/PNN-,64.34767089,9.051519164690074,0.0,0.0,0.0,False,NONE
2416,1252,412,123.92884764,12.56149312576761,1535.0,9.83974358974359,0.0,0.0,0.0,1.6781630020244387,False,True,2132,PV+/PNN-,123.92884764,12.56149312576761,0.0,0.0,0.0,False,NONE
2417,1250,1280,63.5532552,8.995472067506276,1087.0,13.5875,0.0,0.0,0.0,1.5509341946234003,False,True,2133,PV+/PNN-,63.5532552,8.995472067506276,0.0,0.0,0.0,False,NONE
2418,1251,256,45.28169433,7.593052342343362,3644.0,63.92982456140351,0.0,0.0,0.0,2.004704234203033,False,True,2134,PV+/PNN-,45.28169433,7.593052342343362,0.0,0.0,0.0,False,NONE
2419,1253,1771,90.56338866,10.738197602350779,2394.0,21.0,0.0,0.0,0.0,1.6239600344980538,False,True,2135,PV+/PNN-,90.56338866,10.738197602350779,0.0,0.0,0.0,False,NONE
2420,1254,1960,69.11416503,9.380772250595795,1357.0,15.597701149425287,0.0,0.0,0.0,1.5349451823076952,False,True,2136,PV+/PNN-,69.11416503,9.380772250595795,0.0,0.0,0.0,False,NONE
2421,1255,1335,80.23598469,10.107404643036364,930.0,9.207920792079207,0.0,0.0,0.0,1.366928630448932,False,True,2137,PV+/PNN-,80.23598469,10.107404643036364,0.0,0.0,0.0,False,NONE
2422,1255,1971,96.91871418,11.108588547554572,1295.0,10.614754098360656,0.0,0.0,0.0,1.6502757629455684,False,True,2138,PV+/PNN-,96.91871418,11.108588547554572,0.0,0.0,0.0,False,NONE
2423,1255,2861,65.93650227,9.1625849044734,1966.0,23.686746987951807,0.0,0.0,0.0,1.3756971881593063,False,True,2139,PV+/PNN-,65.93650227,9.1625849044734,0.0,0.0,0.0,False,NONE
2424,1256,654,77.05832193,9.90523612702942,661.0,6.814432989690721,0.0,0.0,0.0,1.7837364117424475,False,True,2140,PV+/PNN-,77.05832193,9.90523612702942,0.0,0.0,0.0,False,NONE
2425,1256,1103,94.53546711,10.971157418634661,932.0,7.831932773109243,0.0,0.0,0.0,1.4009420314713088,False,True,2141,PV+/PNN-,94.53546711,10.971157418634661,0.0,0.0,0.0,False,NONE
2426,1258,1603,102.47962401,11.422832828117684,1050.0,8.13953488372093,0.0,0.0,0.0,1.494621471661369,False,True,2142,PV+/PNN-,102.47962401,11.422832828117684,0.0,0.0,0.0,False,NONE
2427,1257,2632,104.06845539,11.51104134134072,3518.0,26.85496183206107,0.0,0.0,0.0,1.5069542396277837,False,True,2143,PV+/PNN-,104.06845539,11.51104134134072,0.0,0.0,0.0,False,NONE
2428,1257,614,99.30196125,11.244340084382843,1154.0,9.232,0.0,0.0,0.0,1.7832652029121399,False,True,2144,PV+/PNN-,99.30196125,11.244340084382843,0.0,0.0,0.0,False,NONE
2429,1257,1743,89.76897297000001,10.690996505268625,1286.0,11.380530973451327,0.0,0.0,0.0,1.632294213044024,False,True,2145,PV+/PNN-,89.76897297000001,10.690996505268625,0.0,0.0,0.0,False,NONE
2430,1258,1192,101.68520832,11.378472144697502,1289.0,10.0703125,0.0,0.0,0.0,1.5042995753692603,False,True,2146,PV+/PNN-,101.68520832,11.378472144697502,0.0,0.0,0.0,False,NONE
2431,1263,2491,142.20040851,13.455674765407588,9109.0,50.88826815642458,0.0,0.0,0.0,1.6021168988518868,False,True,2147,PV+/PNN-,142.20040851,13.455674765407588,0.0,0.0,0.0,False,NONE
2432,1262,686,108.04053384,11.728660627684029,804.0,5.911764705882353,0.0,0.0,0.0,1.8490822478044906,False,True,2148,PV+/PNN-,108.04053384,11.728660627684029,0.0,0.0,0.0,False,NONE
2433,1262,1839,107.24611815,11.68546099424064,1157.0,8.57037037037037,0.0,0.0,0.0,1.6145349325014275,False,True,2149,PV+/PNN-,107.24611815,11.68546099424064,0.0,0.0,0.0,False,NONE
2434,1260,1897,88.18014159,10.595963539609496,1529.0,13.774774774774775,0.0,0.0,0.0,1.4780953607407434,False,True,2150,PV+/PNN-,88.18014159,10.595963539609496,0.0,0.0,0.0,False,NONE
2435,1261,266,76.26390624,9.854045933561641,3967.0,41.322916666666664,0.0,0.0,0.0,1.7046063685465664,False,True,2151,PV+/PNN-,76.26390624,9.854045933561641,0.0,0.0,0.0,False,NONE
2436,1263,742,73.88065917,9.698854408967303,508.0,5.462365591397849,0.0,0.0,0.0,1.8191942901424534,False,True,2152,PV+/PNN-,73.88065917,9.698854408967303,0.0,0.0,0.0,False,NONE
2437,1262,785,100.89079263,11.333937836259333,556.0,4.377952755905512,0.0,0.0,0.0,1.7719686509667574,False,True,2153,PV+/PNN-,100.89079263,11.333937836259333,0.0,0.0,0.0,False,NONE
2438,1264,2329,65.14208658,9.10722134683339,2032.0,24.78048780487805,0.0,0.0,0.0,1.4746289082061732,False,True,2154,PV+/PNN-,65.14208658,9.10722134683339,0.0,0.0,0.0,False,NONE
2439,1265,2702,119.95676919,12.358547737957586,2515.0,16.655629139072847,0.0,0.0,0.0,1.3203465181145664,False,True,2155,PV+/PNN-,119.95676919,12.358547737957586,0.0,0.0,0.0,False,NONE
2440,1265,2164,112.80702798,11.984588810142046,2568.0,18.08450704225352,0.0,0.0,0.0,1.3061446680435198,False,True,2156,PV+/PNN-,112.80702798,11.984588810142046,0.0,0.0,0.0,False,NONE
2441,1266,674,88.18014159,10.595963539609496,652.0,5.873873873873874,0.0,0.0,0.0,1.7247006678081962,False,True,2157,PV+/PNN-,88.18014159,10.595963539609496,0.0,0.0,0.0,False,NONE
2442,1266,1390,78.64715331000001,10.006830950662698,659.0,6.656565656565657,0.0,0.0,0.0,1.5194406855167082,False,True,2158,PV+/PNN-,78.64715331000001,10.006830950662698,0.0,0.0,0.0,False,NONE
2443,1265,2081,69.90858072,9.434530697868027,1095.0,12.443181818181818,0.0,0.0,0.0,1.4409491705123376,False,True,2159,PV+/PNN-,69.90858072,9.434530697868027,0.0,0.0,0.0,False,NONE
2444,1268,918,103.2740397,11.467021901548332,669.0,5.1461538461538465,0.0,0.0,0.0,1.406377124302435,False,True,2160,PV+/PNN-,103.2740397,11.467021901548332,0.0,0.0,0.0,False,NONE
2445,1267,1107,88.97455728,10.643586087602236,754.0,6.732142857142857,0.0,0.0,0.0,1.3666798622233696,False,True,2161,PV+/PNN-,88.97455728,10.643586087602236,0.0,0.0,0.0,False,NONE
2446,1267,1526,101.68520832,11.378472144697502,1375.0,10.7421875,0.0,0.0,0.0,1.568255624632081,False,True,2162,PV+/PNN-,101.68520832,11.378472144697502,0.0,0.0,0.0,False,NONE
2447,1267,381,85.00247883,10.403293586497956,1308.0,12.22429906542056,0.0,0.0,0.0,1.540523903115667,False,True,2163,PV+/PNN-,85.00247883,10.403293586497956,0.0,0.0,0.0,False,NONE
2448,1266,597,40.51520019,7.182308476024235,251.0,4.921568627450981,0.0,0.0,0.0,1.5851067895726525,False,True,2164,PV+/PNN-,40.51520019,7.182308476024235,0.0,0.0,0.0,False,NONE
2449,1268,769,97.71312987,11.154022637162193,687.0,5.585365853658536,0.0,0.0,0.0,1.6562710210176528,False,True,2165,PV+/PNN-,97.71312987,11.154022637162193,0.0,0.0,0.0,False,NONE
2450,1270,2808,134.25625161,13.074416571218995,7574.0,44.81656804733728,0.0,0.0,0.0,1.4789363344325623,False,True,2166,PV+/PNN-,134.25625161,13.074416571218995,0.0,0.0,0.0,False,NONE
2451,1269,351,119.95676919,12.358547737957586,2654.0,17.576158940397352,0.0,0.0,0.0,1.5428514488832314,False,True,2167,PV+/PNN-,119.95676919,12.358547737957586,0.0,0.0,0.0,False,NONE
2452,1268,1574,77.85273762,9.956163126610313,922.0,9.408163265306122,0.0,0.0,0.0,1.545386986268972,False,True,2168,PV+/PNN-,77.85273762,9.956163126610313,0.0,0.0,0.0,False,NONE
2453,1267,1628,31.7766276,6.36075929890786,382.0,9.55,0.0,0.0,0.0,1.4859122112061993,False,True,2169,PV+/PNN-,31.7766276,6.36075929890786,0.0,0.0,0.0,False,NONE
2454,1268,640,25.42130208,5.689236072348751,265.0,8.28125,0.0,0.0,0.0,1.7028298116225993,False,True,2170,PV+/PNN-,25.42130208,5.689236072348751,0.0,0.0,0.0,False,NONE
2455,1269,1716,72.29182779,9.593998848416254,1127.0,12.384615384615385,0.0,0.0,0.0,1.4243691557434046,False,True,2171,PV+/PNN-,72.29182779,9.593998848416254,0.0,0.0,0.0,False,NONE
2456,1271,1235,88.97455728,10.643586087602236,698.0,6.232142857142857,0.0,0.0,0.0,1.3963737422382505,False,True,2172,PV+/PNN-,88.97455728,10.643586087602236,0.0,0.0,0.0,False,NONE
2457,1271,1405,79.441569,10.057243516322302,671.0,6.71,0.0,0.0,0.0,1.4257935248991478,False,True,2173,PV+/PNN-,79.441569,10.057243516322302,0.0,0.0,0.0,False,NONE
2458,1277,2674,190.65976560000001,15.580614658987523,9079.0,37.829166666666666,0.0,0.0,0.0,1.3743444363810566,False,True,2174,PV+/PNN-,190.65976560000001,15.580614658987523,0.0,0.0,0.0,False,NONE
2459,1273,998,171.59378904,14.781068900342463,1412.0,6.537037037037037,0.0,0.0,0.0,1.3055719439021471,False,True,2175,PV+/PNN-,171.59378904,14.781068900342463,0.0,0.0,0.0,False,NONE
2460,1272,1179,115.98469074,12.152213577535832,1004.0,6.876712328767123,0.0,0.0,0.0,1.465440434707004,False,True,2176,PV+/PNN-,115.98469074,12.152213577535832,0.0,0.0,0.0,False,NONE
2461,1273,2277,98.50754556,11.199272407696524,2047.0,16.508064516129032,0.0,0.0,0.0,1.7199363355517676,False,True,2177,PV+/PNN-,98.50754556,11.199272407696524,0.0,0.0,0.0,False,NONE
2462,1273,1130,104.86287108,11.554893086200376,880.0,6.666666666666667,0.0,0.0,0.0,1.5065202715242194,False,True,2178,PV+/PNN-,104.86287108,11.554893086200376,0.0,0.0,0.0,False,NONE
2463,1273,1591,73.08624348000001,9.646569098642193,869.0,9.445652173913043,0.0,0.0,0.0,1.4960154131911956,False,True,2179,PV+/PNN-,73.08624348000001,9.646569098642193,0.0,0.0,0.0,False,NONE
2464,1275,274,159.67755369,14.258603569939103,8835.0,43.95522388059702,0.0,0.0,0.0,2.0584726436033542,False,True,2180,PV+/PNN-,159.67755369,14.258603569939103,0.0,0.0,0.0,False,NONE
2465,1276,305,117.57352212,12.235164803834003,8051.0,54.398648648648646,0.0,0.0,0.0,1.8293734811662656,False,True,2181,PV+/PNN-,117.57352212,12.235164803834003,0.0,0.0,0.0,False,NONE
2466,1273,849,72.29182779,9.593998848416254,476.0,5.230769230769231,0.0,0.0,0.0,1.5377564372203465,False,True,2182,PV+/PNN-,72.29182779,9.593998848416254,0.0,0.0,0.0,False,NONE
2467,1275,1315,127.1065104,12.72151859781572,1172.0,7.325,0.0,0.0,0.0,1.5056319930622357,False,True,2183,PV+/PNN-,127.1065104,12.72151859781572,0.0,0.0,0.0,False,NONE
2468,1275,1694,95.32988280000001,11.017158280424603,1141.0,9.508333333333333,0.0,0.0,0.0,1.5392089189252165,False,True,2184,PV+/PNN-,95.32988280000001,11.017158280424603,0.0,0.0,0.0,False,NONE
2469,1276,2120,169.21054197,14.678063680958497,3195.0,15.0,0.0,0.0,0.0,1.5057195698120087,False,True,2186,PV+/PNN-,169.21054197,14.678063680958497,0.0,0.0,0.0,False,NONE
2470,1275,715,77.05832193,9.90523612702942,650.0,6.701030927835052,0.0,0.0,0.0,1.8443957574350198,False,True,2187,PV+/PNN-,77.05832193,9.90523612702942,0.0,0.0,0.0,False,NONE
2471,1274,780,80.23598469,10.107404643036364,479.0,4.742574257425742,0.0,0.0,0.0,1.5957350905179009,False,True,2188,PV+/PNN-,80.23598469,10.107404643036364,0.0,0.0,0.0,False,NONE
2472,1274,832,81.03040038,10.157318055940708,539.0,5.284313725490196,0.0,0.0,0.0,1.572566387756413,False,True,2189,PV+/PNN-,81.03040038,10.157318055940708,0.0,0.0,0.0,False,NONE
2473,1275,1761,85.79689452,10.451794052617739,979.0,9.064814814814815,0.0,0.0,0.0,1.6691739276741087,False,True,2190,PV+/PNN-,85.79689452,10.451794052617739,0.0,0.0,0.0,False,NONE
2474,1273,1937,65.14208658,9.10722134683339,625.0,7.621951219512195,0.0,0.0,0.0,1.671176766916305,False,True,2191,PV+/PNN-,65.14208658,9.10722134683339,0.0,0.0,0.0,False,NONE
2475,1273,1970,30.98221191,6.280746562883805,454.0,11.64102564102564,0.0,0.0,0.0,1.6180333830593938,False,True,2192,PV+/PNN-,30.98221191,6.280746562883805,0.0,0.0,0.0,False,NONE
2476,1275,2658,77.05832193,9.90523612702942,3334.0,34.371134020618555,0.0,0.0,0.0,1.4892308928002493,False,True,2193,PV+/PNN-,77.05832193,9.90523612702942,0.0,0.0,0.0,False,NONE
2477,1277,632,110.42378091,11.857315232959936,1007.0,7.244604316546763,0.0,0.0,0.0,1.8005851758885232,False,True,2194,PV+/PNN-,110.42378091,11.857315232959936,0.0,0.0,0.0,False,NONE
2478,1274,1483,69.11416503,9.380772250595795,848.0,9.74712643678161,0.0,0.0,0.0,1.5712114477900607,False,True,2195,PV+/PNN-,69.11416503,9.380772250595795,0.0,0.0,0.0,False,NONE
2479,1277,2197,121.54560057,12.440123196106569,2908.0,19.00653594771242,0.0,0.0,0.0,1.6609065516619212,False,True,2196,PV+/PNN-,121.54560057,12.440123196106569,0.0,0.0,0.0,False,NONE
2480,1274,321,32.57104329,6.439777972112771,2248.0,54.829268292682926,0.0,0.0,0.0,1.6722167026766759,False,True,2197,PV+/PNN-,32.57104329,6.439777972112771,0.0,0.0,0.0,False,NONE
2481,1277,494,102.47962401,11.422832828117684,997.0,7.728682170542636,0.0,0.0,0.0,1.6572384031203238,False,True,2198,PV+/PNN-,102.47962401,11.422832828117684,0.0,0.0,0.0,False,NONE
2482,1277,2013,107.24611815,11.68546099424064,1373.0,10.170370370370371,0.0,0.0,0.0,1.531786858887309,False,True,2199,PV+/PNN-,107.24611815,11.68546099424064,0.0,0.0,0.0,False,NONE
2483,1280,53,142.9948242,13.493208101259413,4456.0,24.755555555555556,0.0,0.0,0.0,2.0295386299401748,False,True,2200,PV+/PNN-,142.9948242,13.493208101259413,0.0,0.0,0.0,False,NONE
2484,1279,413,83.41364745,10.305607915302103,965.0,9.19047619047619,0.0,0.0,0.0,1.5430665853886882,False,True,2201,PV+/PNN-,83.41364745,10.305607915302103,0.0,0.0,0.0,False,NONE
2485,1278,791,58.78676106,8.651568001725998,462.0,6.243243243243243,0.0,0.0,0.0,1.6997328407686563,False,True,2202,PV+/PNN-,58.78676106,8.651568001725998,0.0,0.0,0.0,False,NONE
2486,1279,1334,119.1623535,12.317557416952052,1010.0,6.733333333333333,0.0,0.0,0.0,1.4803693536034215,False,True,2203,PV+/PNN-,119.1623535,12.317557416952052,0.0,0.0,0.0,False,NONE
2487,1281,1673,99.30196125,11.244340084382843,927.0,7.416,0.0,0.0,0.0,1.6591051926099176,False,True,2204,PV+/PNN-,99.30196125,11.244340084382843,0.0,0.0,0.0,False,NONE
2488,1282,1446,102.47962401,11.422832828117684,996.0,7.72093023255814,0.0,0.0,0.0,1.4080246504372915,False,True,2205,PV+/PNN-,102.47962401,11.422832828117684,0.0,0.0,0.0,False,NONE
2489,1282,1948,92.15222004,10.83198276817611,1359.0,11.71551724137931,0.0,0.0,0.0,1.7944450143740822,False,True,2206,PV+/PNN-,92.15222004,10.83198276817611,0.0,0.0,0.0,False,NONE
2490,1282,2501,131.87300454,12.957851838301272,6184.0,37.25301204819277,0.0,0.0,0.0,1.7923104889797685,False,True,2207,PV+/PNN-,131.87300454,12.957851838301272,0.0,0.0,0.0,False,NONE
2491,1281,2615,101.68520832,11.378472144697502,4051.0,31.6484375,0.0,0.0,0.0,1.6668545339122627,False,True,2208,PV+/PNN-,101.68520832,11.378472144697502,0.0,0.0,0.0,False,NONE
2492,1280,215,57.99234537,8.592912627102823,2831.0,38.78082191780822,0.0,0.0,0.0,1.8503448773024271,False,True,2209,PV+/PNN-,57.99234537,8.592912627102823,0.0,0.0,0.0,False,NONE
2493,1283,2065,98.50754556,11.199272407696524,6270.0,50.564516129032256,0.0,0.0,0.0,1.3245091492493821,False,True,2210,PV+/PNN-,98.50754556,11.199272407696524,0.0,0.0,0.0,False,NONE
2494,1286,393,139.02274575,13.304482609502793,2045.0,11.685714285714285,0.0,0.0,0.0,1.513991962358733,False,True,2211,PV+/PNN-,139.02274575,13.304482609502793,0.0,0.0,0.0,False,NONE
2495,1284,521,93.74105142,10.924962866435578,1047.0,8.872881355932204,0.0,0.0,0.0,1.5884225568325394,False,True,2212,PV+/PNN-,93.74105142,10.924962866435578,0.0,0.0,0.0,False,NONE
2496,1286,342,142.9948242,13.493208101259413,2744.0,15.244444444444444,0.0,0.0,0.0,1.7670819537060811,False,True,2213,PV+/PNN-,142.9948242,13.493208101259413,0.0,0.0,0.0,False,NONE
2497,1281,972,34.95429036,6.671220633775133,302.0,6.863636363636363,0.0,0.0,0.0,1.2888112957507794,False,True,2214,PV+/PNN-,34.95429036,6.671220633775133,0.0,0.0,0.0,False,NONE
2498,1284,1714,70.70299641,9.487984557348323,922.0,10.359550561797754,0.0,0.0,0.0,1.5291963239469921,False,True,2215,PV+/PNN-,70.70299641,9.487984557348323,0.0,0.0,0.0,False,NONE
2499,1286,110,85.79689452,10.451794052617739,9063.0,83.91666666666667,0.0,0.0,0.0,2.2882053180698048,False,True,2216,PV+/PNN-,85.79689452,10.451794052617739,0.0,0.0,0.0,False,NONE
2500,1288,591,117.57352212,12.235164803834003,1222.0,8.256756756756756,0.0,0.0,0.0,1.5170835829640246,False,True,2217,PV+/PNN-,117.57352212,12.235164803834003,0.0,0.0,0.0,False,NONE
2501,1286,761,91.35780435,10.78519212710641,698.0,6.069565217391304,0.0,0.0,0.0,1.6528467687748079,False,True,2218,PV+/PNN-,91.35780435,10.78519212710641,0.0,0.0,0.0,False,NONE
2502,1286,786,101.68520832,11.378472144697502,1060.0,8.28125,0.0,0.0,0.0,2.130535891067712,False,True,2219,PV+/PNN-,101.68520832,11.378472144697502,0.0,0.0,0.0,False,NONE
2503,1286,998,88.97455728,10.643586087602236,710.0,6.339285714285714,0.0,0.0,0.0,1.3095762468101368,False,True,2220,PV+/PNN-,88.97455728,10.643586087602236,0.0,0.0,0.0,False,NONE
2504,1286,1173,96.91871418,11.108588547554572,833.0,6.827868852459017,0.0,0.0,0.0,1.4573591553331258,False,True,2221,PV+/PNN-,96.91871418,11.108588547554572,0.0,0.0,0.0,False,NONE
2505,1285,1571,74.67507486,9.75085936304132,621.0,6.6063829787234045,0.0,0.0,0.0,1.6274773386879462,False,True,2222,PV+/PNN-,74.67507486,9.75085936304132,0.0,0.0,0.0,False,NONE
2506,1288,2264,119.1623535,12.317557416952052,2822.0,18.813333333333333,0.0,0.0,0.0,1.5508631323464417,False,True,2223,PV+/PNN-,119.1623535,12.317557416952052,0.0,0.0,0.0,False,NONE
2507,1287,2409,130.28417316,12.879555944225542,6934.0,42.28048780487805,0.0,0.0,0.0,1.5375450217086228,False,True,2224,PV+/PNN-,130.28417316,12.879555944225542,0.0,0.0,0.0,False,NONE
2508,1287,1244,80.23598469,10.107404643036364,602.0,5.96039603960396,0.0,0.0,0.0,1.507083141044684,False,True,2225,PV+/PNN-,80.23598469,10.107404643036364,0.0,0.0,0.0,False,NONE
2509,1289,498,77.05832193,9.90523612702942,793.0,8.175257731958762,0.0,0.0,0.0,1.7345056384267368,False,True,2226,PV+/PNN-,77.05832193,9.90523612702942,0.0,0.0,0.0,False,NONE
2510,1288,1386,62.75883951,8.93907356753593,601.0,7.6075949367088604,0.0,0.0,0.0,1.643967308477229,False,True,2227,PV+/PNN-,62.75883951,8.93907356753593,0.0,0.0,0.0,False,NONE
2511,1288,1616,66.73091796,9.217615939230159,993.0,11.821428571428571,0.0,0.0,0.0,1.4831712376663642,False,True,2228,PV+/PNN-,66.73091796,9.217615939230159,0.0,0.0,0.0,False,NONE
2512,1290,1632,111.2181966,11.899891008124815,1743.0,12.45,0.0,0.0,0.0,1.5148447096822373,False,True,2229,PV+/PNN-,111.2181966,11.899891008124815,0.0,0.0,0.0,False,NONE
2513,1288,1826,84.20806314000001,10.354565948189398,1155.0,10.89622641509434,0.0,0.0,0.0,1.6532035375483825,False,True,2230,PV+/PNN-,84.20806314000001,10.354565948189398,0.0,0.0,0.0,False,NONE
2514,1290,1182,64.34767089,9.051519164690074,567.0,7.0,0.0,0.0,0.0,1.4486176754838056,False,True,2231,PV+/PNN-,64.34767089,9.051519164690074,0.0,0.0,0.0,False,NONE
2515,1290,1683,95.32988280000001,11.017158280424603,959.0,7.991666666666666,0.0,0.0,0.0,1.50865213983298,False,True,2232,PV+/PNN-,95.32988280000001,11.017158280424603,0.0,0.0,0.0,False,NONE
2516,1291,2849,155.70547524,14.080140922851225,4014.0,20.479591836734695,0.0,0.0,0.0,1.6785199867752516,False,True,2233,PV+/PNN-,155.70547524,14.080140922851225,0.0,0.0,0.0,False,NONE
2517,1290,889,72.29182779,9.593998848416254,490.0,5.384615384615385,0.0,0.0,0.0,1.4656008944622925,False,True,2234,PV+/PNN-,72.29182779,9.593998848416254,0.0,0.0,0.0,False,NONE
2518,1291,1806,95.32988280000001,11.017158280424603,1765.0,14.708333333333334,0.0,0.0,0.0,1.4390111084134642,False,True,2235,PV+/PNN-,95.32988280000001,11.017158280424603,0.0,0.0,0.0,False,NONE
2519,1291,2170,81.82481607,10.206987389088184,1929.0,18.728155339805824,0.0,0.0,0.0,1.3420421469907087,False,True,2236,PV+/PNN-,81.82481607,10.206987389088184,0.0,0.0,0.0,False,NONE
2520,1292,361,101.68520832,11.378472144697502,1591.0,12.4296875,0.0,0.0,0.0,1.4516690764967308,False,True,2237,PV+/PNN-,101.68520832,11.378472144697502,0.0,0.0,0.0,False,NONE
2521,1292,422,101.68520832,11.378472144697502,983.0,7.6796875,0.0,0.0,0.0,1.5829122192548106,False,True,2238,PV+/PNN-,101.68520832,11.378472144697502,0.0,0.0,0.0,False,NONE
2522,1291,2636,89.76897297000001,10.690996505268625,2964.0,26.23008849557522,0.0,0.0,0.0,1.5938073869389637,False,True,2240,PV+/PNN-,89.76897297000001,10.690996505268625,0.0,0.0,0.0,False,NONE
2523,1293,2044,63.5532552,8.995472067506276,1650.0,20.625,0.0,0.0,0.0,1.5104286967569471,False,True,2241,PV+/PNN-,63.5532552,8.995472067506276,0.0,0.0,0.0,False,NONE
2524,1293,2505,117.57352212,12.235164803834003,7766.0,52.472972972972975,0.0,0.0,0.0,1.8207307718064252,False,True,2242,PV+/PNN-,117.57352212,12.235164803834003,0.0,0.0,0.0,False,NONE
2525,1294,330,104.86287108,11.554893086200376,3373.0,25.553030303030305,0.0,0.0,0.0,1.7306894542939038,False,True,2243,PV+/PNN-,104.86287108,11.554893086200376,0.0,0.0,0.0,False,NONE
2526,1295,526,88.18014159,10.595963539609496,913.0,8.225225225225225,0.0,0.0,0.0,1.7930741018549352,False,True,2244,PV+/PNN-,88.18014159,10.595963539609496,0.0,0.0,0.0,False,NONE
2527,1294,1537,95.32988280000001,11.017158280424603,997.0,8.308333333333334,0.0,0.0,0.0,1.645091711593664,False,True,2245,PV+/PNN-,95.32988280000001,11.017158280424603,0.0,0.0,0.0,False,NONE
2528,1292,1706,51.63701985,8.108408946599484,548.0,8.430769230769231,0.0,0.0,0.0,1.4483585309980302,False,True,2246,PV+/PNN-,51.63701985,8.108408946599484,0.0,0.0,0.0,False,NONE
2529,1294,959,158.08872231,14.187487896796528,1036.0,5.206030150753769,0.0,0.0,0.0,1.4389575438830933,False,True,2247,PV+/PNN-,158.08872231,14.187487896796528,0.0,0.0,0.0,False,NONE
2530,1294,1853,49.25377278,7.919081463837606,1383.0,22.306451612903224,0.0,0.0,0.0,1.5940873353894434,False,True,2248,PV+/PNN-,49.25377278,7.919081463837606,0.0,0.0,0.0,False,NONE
2531,1295,124,58.78676106,8.651568001725998,4410.0,59.5945945945946,0.0,0.0,0.0,1.7527414581756788,False,True,2250,PV+/PNN-,58.78676106,8.651568001725998,0.0,0.0,0.0,False,NONE
2532,1296,1555,47.664941400000004,7.7903073294937615,479.0,7.983333333333333,0.0,0.0,0.0,1.6557510531374675,False,True,2251,PV+/PNN-,47.664941400000004,7.7903073294937615,0.0,0.0,0.0,False,NONE
2533,1296,1565,93.74105142,10.924962866435578,987.0,8.364406779661017,0.0,0.0,0.0,1.6404545969107664,False,True,2252,PV+/PNN-,93.74105142,10.924962866435578,0.0,0.0,0.0,False,NONE
2534,1297,1589,86.59131021,10.500070494515816,1019.0,9.34862385321101,0.0,0.0,0.0,1.570150347039523,False,True,2253,PV+/PNN-,86.59131021,10.500070494515816,0.0,0.0,0.0,False,NONE
2535,1298,1169,104.86287108,11.554893086200376,907.0,6.871212121212121,0.0,0.0,0.0,1.4134932907782982,False,True,2254,PV+/PNN-,104.86287108,11.554893086200376,0.0,0.0,0.0,False,NONE
2536,1297,1230,82.61923176,10.256416188536388,504.0,4.846153846153846,0.0,0.0,0.0,1.3922739954906336,False,True,2255,PV+/PNN-,82.61923176,10.256416188536388,0.0,0.0,0.0,False,NONE
2537,1298,1950,81.82481607,10.206987389088184,1160.0,11.262135922330097,0.0,0.0,0.0,1.5664057631748431,False,True,2256,PV+/PNN-,81.82481607,10.206987389088184,0.0,0.0,0.0,False,NONE
2538,1298,672,66.73091796,9.217615939230159,485.0,5.773809523809524,0.0,0.0,0.0,1.733919557792026,False,True,2257,PV+/PNN-,66.73091796,9.217615939230159,0.0,0.0,0.0,False,NONE
2539,1299,1288,84.20806314000001,10.354565948189398,689.0,6.5,0.0,0.0,0.0,1.5808004629112267,False,True,2258,PV+/PNN-,84.20806314000001,10.354565948189398,0.0,0.0,0.0,False,NONE
2540,1296,233,30.98221191,6.280746562883805,2008.0,51.48717948717949,0.0,0.0,0.0,1.9919302864420372,False,True,2259,PV+/PNN-,30.98221191,6.280746562883805,0.0,0.0,0.0,False,NONE
2541,1299,1388,74.67507486,9.75085936304132,775.0,8.24468085106383,0.0,0.0,0.0,1.5875615065239161,False,True,2260,PV+/PNN-,74.67507486,9.75085936304132,0.0,0.0,0.0,False,NONE
2542,1301,2767,129.48975747,12.84022896403991,3324.0,20.392638036809817,0.0,0.0,0.0,1.5312830772374313,False,True,2261,PV+/PNN-,129.48975747,12.84022896403991,0.0,0.0,0.0,False,NONE
2543,1301,2751,87.3857259,10.548125988120718,4629.0,42.08181818181818,0.0,0.0,0.0,1.9923278376418063,False,True,2262,PV+/PNN-,87.3857259,10.548125988120718,0.0,0.0,0.0,False,NONE
2544,1301,723,95.32988280000001,11.017158280424603,753.0,6.275,0.0,0.0,0.0,1.856146674160972,False,True,2263,PV+/PNN-,95.32988280000001,11.017158280424603,0.0,0.0,0.0,False,NONE
2545,1303,1126,131.87300454,12.957851838301272,866.0,5.216867469879518,0.0,0.0,0.0,1.5298081502383922,False,True,2264,PV+/PNN-,131.87300454,12.957851838301272,0.0,0.0,0.0,False,NONE
2546,1300,1362,44.48727864,7.526151898686336,458.0,8.178571428571429,0.0,0.0,0.0,1.2775982221787263,False,True,2265,PV+/PNN-,44.48727864,7.526151898686336,0.0,0.0,0.0,False,NONE
2547,1301,1421,85.00247883,10.403293586497956,691.0,6.457943925233645,0.0,0.0,0.0,1.398665002570096,False,True,2266,PV+/PNN-,85.00247883,10.403293586497956,0.0,0.0,0.0,False,NONE
2548,1303,824,100.89079263,11.333937836259333,703.0,5.535433070866142,0.0,0.0,0.0,1.5940331858261014,False,True,2267,PV+/PNN-,100.89079263,11.333937836259333,0.0,0.0,0.0,False,NONE
2549,1305,810,112.01261229,11.942314996545514,721.0,5.113475177304965,0.0,0.0,0.0,1.695818081635452,False,True,2268,PV+/PNN-,112.01261229,11.942314996545514,0.0,0.0,0.0,False,NONE
2550,1304,2054,43.69286295,7.4586514150102134,1647.0,29.945454545454545,0.0,0.0,0.0,1.524092034554004,False,True,2269,PV+/PNN-,43.69286295,7.4586514150102134,0.0,0.0,0.0,False,NONE
2551,1307,2670,140.61157713,13.380292240810528,7447.0,42.07344632768361,0.0,0.0,0.0,1.4434073340219256,False,True,2270,PV+/PNN-,140.61157713,13.380292240810528,0.0,0.0,0.0,False,NONE
2552,1306,1708,86.59131021,10.500070494515816,834.0,7.651376146788991,0.0,0.0,0.0,1.4762699077546488,False,True,2271,PV+/PNN-,86.59131021,10.500070494515816,0.0,0.0,0.0,False,NONE
2553,1305,1565,57.99234537,8.592912627102823,610.0,8.356164383561644,0.0,0.0,0.0,1.6132110325471285,False,True,2272,PV+/PNN-,57.99234537,8.592912627102823,0.0,0.0,0.0,False,NONE
2554,1308,2733,106.45170246,11.642101063659146,3700.0,27.611940298507463,0.0,0.0,0.0,1.6463114372429548,False,True,2273,PV+/PNN-,106.45170246,11.642101063659146,0.0,0.0,0.0,False,NONE
2555,1307,792,74.67507486,9.75085936304132,490.0,5.212765957446808,0.0,0.0,0.0,1.7181951390607415,False,True,2274,PV+/PNN-,74.67507486,9.75085936304132,0.0,0.0,0.0,False,NONE
2556,1307,1815,87.3857259,10.548125988120718,955.0,8.681818181818182,0.0,0.0,0.0,1.4628492722296065,False,True,2275,PV+/PNN-,87.3857259,10.548125988120718,0.0,0.0,0.0,False,NONE
2557,1308,707,79.441569,10.057243516322302,539.0,5.39,0.0,0.0,0.0,1.6347166191576954,False,True,2276,PV+/PNN-,79.441569,10.057243516322302,0.0,0.0,0.0,False,NONE
2558,1309,727,60.37559244,8.767701627645716,571.0,7.5131578947368425,0.0,0.0,0.0,1.8199423141104396,False,True,2277,PV+/PNN-,60.37559244,8.767701627645716,0.0,0.0,0.0,False,NONE
2559,1310,2091,92.15222004,10.83198276817611,1985.0,17.112068965517242,0.0,0.0,0.0,1.5694961514496786,False,True,2278,PV+/PNN-,92.15222004,10.83198276817611,0.0,0.0,0.0,False,NONE
2560,1311,2490,156.49989093,14.116013951495509,11407.0,57.90355329949239,0.0,0.0,0.0,1.7591701130565351,False,True,2279,PV+/PNN-,156.49989093,14.116013951495509,0.0,0.0,0.0,False,NONE
2561,1310,1694,66.73091796,9.217615939230159,544.0,6.476190476190476,0.0,0.0,0.0,1.3826688745390747,False,True,2280,PV+/PNN-,66.73091796,9.217615939230159,0.0,0.0,0.0,False,NONE
2562,1311,1285,88.18014159,10.595963539609496,679.0,6.117117117117117,0.0,0.0,0.0,1.5656748155871285,False,True,2281,PV+/PNN-,88.18014159,10.595963539609496,0.0,0.0,0.0,False,NONE
2563,1312,2027,73.88065917,9.698854408967303,1092.0,11.741935483870968,0.0,0.0,0.0,1.66056494931854,False,True,2282,PV+/PNN-,73.88065917,9.698854408967303,0.0,0.0,0.0,False,NONE
2564,1312,2555,87.3857259,10.548125988120718,6705.0,60.95454545454545,0.0,0.0,0.0,1.400831285065659,False,True,2283,PV+/PNN-,87.3857259,10.548125988120718,0.0,0.0,0.0,False,NONE
2565,1313,2715,121.54560057,12.440123196106569,4772.0,31.18954248366013,0.0,0.0,0.0,1.6921182184045616,False,True,2284,PV+/PNN-,121.54560057,12.440123196106569,0.0,0.0,0.0,False,NONE
2566,1314,594,96.91871418,11.108588547554572,1012.0,8.295081967213115,0.0,0.0,0.0,1.5761846020509345,False,True,2285,PV+/PNN-,96.91871418,11.108588547554572,0.0,0.0,0.0,False,NONE
2567,1312,647,50.04818847,7.982689565701676,654.0,10.380952380952381,0.0,0.0,0.0,1.4686203904795847,False,True,2286,PV+/PNN-,50.04818847,7.982689565701676,0.0,0.0,0.0,False,NONE
2568,1314,2630,115.19027505,12.11052490037406,3789.0,26.131034482758622,0.0,0.0,0.0,1.706082748610967,False,True,2287,PV+/PNN-,115.19027505,12.11052490037406,0.0,0.0,0.0,False,NONE
2569,1314,1936,116.77910643,12.193759728054031,997.0,6.782312925170068,0.0,0.0,0.0,1.8012111833202544,False,True,2288,PV+/PNN-,116.77910643,12.193759728054031,0.0,0.0,0.0,False,NONE
2570,1314,673,73.08624348000001,9.646569098642193,934.0,10.152173913043478,0.0,0.0,0.0,1.5534831676012661,False,True,2289,PV+/PNN-,73.08624348000001,9.646569098642193,0.0,0.0,0.0,False,NONE
2571,1314,1803,59.58117675,8.70982837718145,828.0,11.04,0.0,0.0,0.0,1.4883283286227946,False,True,2290,PV+/PNN-,59.58117675,8.70982837718145,0.0,0.0,0.0,False,NONE
2572,1313,2831,44.48727864,7.526151898686336,3202.0,57.17857142857143,0.0,0.0,0.0,1.868430296320974,False,True,2291,PV+/PNN-,44.48727864,7.526151898686336,0.0,0.0,0.0,False,NONE
2573,1317,993,138.22833006,13.266415342325757,947.0,5.442528735632184,0.0,0.0,0.0,1.293823525316831,False,True,2292,PV+/PNN-,138.22833006,13.266415342325757,0.0,0.0,0.0,False,NONE
2574,1318,1056,118.36793781,12.276430232296539,1003.0,6.731543624161074,0.0,0.0,0.0,1.2751147897768622,False,True,2293,PV+/PNN-,118.36793781,12.276430232296539,0.0,0.0,0.0,False,NONE
2575,1316,1593,82.61923176,10.256416188536388,893.0,8.586538461538462,0.0,0.0,0.0,1.5267456888124618,False,True,2294,PV+/PNN-,82.61923176,10.256416188536388,0.0,0.0,0.0,False,NONE
2576,1316,2155,65.14208658,9.10722134683339,2024.0,24.682926829268293,0.0,0.0,0.0,1.3924739831368589,False,True,2295,PV+/PNN-,65.14208658,9.10722134683339,0.0,0.0,0.0,False,NONE
2577,1319,2798,127.90092609,12.761211420003875,3256.0,20.22360248447205,0.0,0.0,0.0,1.631872362556939,False,True,2296,PV+/PNN-,127.90092609,12.761211420003875,0.0,0.0,0.0,False,NONE
2578,1317,2040,66.73091796,9.217615939230159,847.0,10.083333333333334,0.0,0.0,0.0,1.4943381669027298,False,True,2297,PV+/PNN-,66.73091796,9.217615939230159,0.0,0.0,0.0,False,NONE
2579,1320,712,125.51767902,12.64175907426016,1040.0,6.582278481012659,0.0,0.0,0.0,1.7308611813153227,False,True,2298,PV+/PNN-,125.51767902,12.64175907426016,0.0,0.0,0.0,False,NONE
2580,1319,789,78.64715331000001,10.006830950662698,516.0,5.212121212121212,0.0,0.0,0.0,1.6210812755909552,False,True,2299,PV+/PNN-,78.64715331000001,10.006830950662698,0.0,0.0,0.0,False,NONE
2581,1321,864,107.24611815,11.68546099424064,620.0,4.592592592592593,0.0,0.0,0.0,1.6176932559218138,False,True,2300,PV+/PNN-,107.24611815,11.68546099424064,0.0,0.0,0.0,False,NONE
2582,1321,2645,137.43391437,13.228238528376714,8459.0,48.895953757225435,0.0,0.0,0.0,1.843511554858953,False,True,2301,PV+/PNN-,137.43391437,13.228238528376714,0.0,0.0,0.0,False,NONE
2583,1322,934,131.07858885,12.91876320674319,763.0,4.624242424242424,0.0,0.0,0.0,1.4491536333975679,False,True,2302,PV+/PNN-,131.07858885,12.91876320674319,0.0,0.0,0.0,False,NONE
2584,1322,1383,115.19027505,12.11052490037406,1013.0,6.9862068965517246,0.0,0.0,0.0,1.4067390329808453,False,True,2303,PV+/PNN-,115.19027505,12.11052490037406,0.0,0.0,0.0,False,NONE
2585,1320,1562,61.17000813,8.825195369105852,483.0,6.2727272727272725,0.0,0.0,0.0,1.4397032734487762,False,True,2304,PV+/PNN-,61.17000813,8.825195369105852,0.0,0.0,0.0,False,NONE
2586,1321,2334,80.23598469,10.107404643036364,3511.0,34.76237623762376,0.0,0.0,0.0,1.4268742343784404,False,True,2306,PV+/PNN-,80.23598469,10.107404643036364,0.0,0.0,0.0,False,NONE
2587,1321,2569,73.08624348000001,9.646569098642193,3909.0,42.48913043478261,0.0,0.0,0.0,1.5349451823076952,False,True,2307,PV+/PNN-,73.08624348000001,9.646569098642193,0.0,0.0,0.0,False,NONE
2588,1323,1302,98.50754556,11.199272407696524,763.0,6.153225806451613,0.0,0.0,0.0,1.5576392643041799,False,True,2308,PV+/PNN-,98.50754556,11.199272407696524,0.0,0.0,0.0,False,NONE
2589,1322,1622,69.11416503,9.380772250595795,637.0,7.32183908045977,0.0,0.0,0.0,1.5320046742956113,False,True,2309,PV+/PNN-,69.11416503,9.380772250595795,0.0,0.0,0.0,False,NONE
2590,1323,2121,113.60144367,12.026714032504808,1874.0,13.104895104895105,0.0,0.0,0.0,1.3864598091940137,False,True,2310,PV+/PNN-,113.60144367,12.026714032504808,0.0,0.0,0.0,False,NONE
2591,1325,42,105.65728677,11.598579038183399,3755.0,28.23308270676692,0.0,0.0,0.0,1.7664051701159984,False,True,2311,PV+/PNN-,105.65728677,11.598579038183399,0.0,0.0,0.0,False,NONE
2592,1323,2249,48.45935709,7.854958291387057,1786.0,29.278688524590162,0.0,0.0,0.0,1.5461287537634887,False,True,2312,PV+/PNN-,48.45935709,7.854958291387057,0.0,0.0,0.0,False,NONE
2593,1325,2472,109.62936522,11.814586030086609,9036.0,65.47826086956522,0.0,0.0,0.0,1.5689314886792423,False,True,2313,PV+/PNN-,109.62936522,11.814586030086609,0.0,0.0,0.0,False,NONE
2594,1327,274,112.80702798,11.984588810142046,4011.0,28.246478873239436,0.0,0.0,0.0,1.9168798990321452,False,True,2314,PV+/PNN-,112.80702798,11.984588810142046,0.0,0.0,0.0,False,NONE
2595,1324,312,62.75883951,8.93907356753593,2166.0,27.417721518987342,0.0,0.0,0.0,1.5608514301103569,False,True,2315,PV+/PNN-,62.75883951,8.93907356753593,0.0,0.0,0.0,False,NONE
2596,1327,1525,119.1623535,12.317557416952052,1161.0,7.74,0.0,0.0,0.0,1.585541523502282,False,True,2316,PV+/PNN-,119.1623535,12.317557416952052,0.0,0.0,0.0,False,NONE
2597,1325,1748,53.22585123,8.232208609372499,681.0,10.164179104477611,0.0,0.0,0.0,1.500580737927672,False,True,2317,PV+/PNN-,53.22585123,8.232208609372499,0.0,0.0,0.0,False,NONE
2598,1326,1901,115.19027505,12.11052490037406,1109.0,7.6482758620689655,0.0,0.0,0.0,1.6543298075982935,False,True,2318,PV+/PNN-,115.19027505,12.11052490037406,0.0,0.0,0.0,False,NONE
2599,1329,653,101.68520832,11.378472144697502,1137.0,8.8828125,0.0,0.0,0.0,1.4843133099746288,False,True,2319,PV+/PNN-,101.68520832,11.378472144697502,0.0,0.0,0.0,False,NONE
2600,1327,777,97.71312987,11.154022637162193,698.0,5.67479674796748,0.0,0.0,0.0,1.7463987869164788,False,True,2320,PV+/PNN-,97.71312987,11.154022637162193,0.0,0.0,0.0,False,NONE
2601,1327,1684,92.94663573,10.878572156378345,888.0,7.589743589743589,0.0,0.0,0.0,1.611473788263207,False,True,2321,PV+/PNN-,92.94663573,10.878572156378345,0.0,0.0,0.0,False,NONE
2602,1328,2542,121.54560057,12.440123196106569,7383.0,48.254901960784316,0.0,0.0,0.0,1.900010212958218,False,True,2322,PV+/PNN-,121.54560057,12.440123196106569,0.0,0.0,0.0,False,NONE
2603,1327,1783,70.70299641,9.487984557348323,905.0,10.168539325842696,0.0,0.0,0.0,1.6192617715980056,False,True,2323,PV+/PNN-,70.70299641,9.487984557348323,0.0,0.0,0.0,False,NONE
2604,1330,755,112.80702798,11.984588810142046,785.0,5.528169014084507,0.0,0.0,0.0,1.7054946470085501,False,True,2324,PV+/PNN-,112.80702798,11.984588810142046,0.0,0.0,0.0,False,NONE
2605,1329,2510,85.79689452,10.451794052617739,4687.0,43.398148148148145,0.0,0.0,0.0,1.5862679378889708,False,True,2325,PV+/PNN-,85.79689452,10.451794052617739,0.0,0.0,0.0,False,NONE
2606,1331,631,62.75883951,8.93907356753593,602.0,7.620253164556962,0.0,0.0,0.0,1.8879178086189583,False,True,2326,PV+/PNN-,62.75883951,8.93907356753593,0.0,0.0,0.0,False,NONE
2607,1332,1084,123.13443195,12.521167201073583,855.0,5.516129032258065,0.0,0.0,0.0,1.6004141703702814,False,True,2327,PV+/PNN-,123.13443195,12.521167201073583,0.0,0.0,0.0,False,NONE
2608,1331,2149,73.08624348000001,9.646569098642193,1812.0,19.695652173913043,0.0,0.0,0.0,1.463573938927446,False,True,2328,PV+/PNN-,73.08624348000001,9.646569098642193,0.0,0.0,0.0,False,NONE
2609,1332,15,117.57352212,12.235164803834003,2856.0,19.2972972972973,0.0,0.0,0.0,1.9209862003805764,False,True,2329,PV+/PNN-,117.57352212,12.235164803834003,0.0,0.0,0.0,False,NONE
2610,1333,196,108.04053384,11.728660627684029,6239.0,45.875,0.0,0.0,0.0,1.6942082853739346,False,True,2330,PV+/PNN-,108.04053384,11.728660627684029,0.0,0.0,0.0,False,NONE
2611,1329,1594,39.7207845,7.111545090435939,425.0,8.5,0.0,0.0,0.0,1.5349451823076952,False,True,2331,PV+/PNN-,39.7207845,7.111545090435939,0.0,0.0,0.0,False,NONE
2612,1332,1621,96.91871418,11.108588547554572,705.0,5.778688524590164,0.0,0.0,0.0,1.4252063873977185,False,True,2332,PV+/PNN-,96.91871418,11.108588547554572,0.0,0.0,0.0,False,NONE
2613,1333,2381,133.46183592,13.035677474005707,6565.0,39.07738095238095,0.0,0.0,0.0,1.7582837670350053,False,True,2333,PV+/PNN-,133.46183592,13.035677474005707,0.0,0.0,0.0,False,NONE
2614,1332,704,52.43143554,8.17054325713784,523.0,7.924242424242424,0.0,0.0,0.0,1.6228039974566204,False,True,2334,PV+/PNN-,52.43143554,8.17054325713784,0.0,0.0,0.0,False,NONE
2615,1334,1032,133.46183592,13.035677474005707,1198.0,7.130952380952381,0.0,0.0,0.0,1.6009315823407642,False,True,2335,PV+/PNN-,133.46183592,13.035677474005707,0.0,0.0,0.0,False,NONE
2616,1332,1796,57.19792968,8.533854108523126,666.0,9.25,0.0,0.0,0.0,1.6747009936597848,False,True,2336,PV+/PNN-,57.19792968,8.533854108523126,0.0,0.0,0.0,False,NONE
2617,1333,2351,65.93650227,9.1625849044734,3358.0,40.45783132530121,0.0,0.0,0.0,1.4753556103037817,False,True,2337,PV+/PNN-,65.93650227,9.1625849044734,0.0,0.0,0.0,False,NONE
2618,1332,73,54.02026692,8.293415464071046,2393.0,35.19117647058823,0.0,0.0,0.0,1.7318294908226528,False,True,2338,PV+/PNN-,54.02026692,8.293415464071046,0.0,0.0,0.0,False,NONE
2619,1332,813,31.7766276,6.36075929890786,176.0,4.4,0.0,0.0,0.0,1.5541319970865415,False,True,2339,PV+/PNN-,31.7766276,6.36075929890786,0.0,0.0,0.0,False,NONE
2620,1333,1407,87.3857259,10.548125988120718,667.0,6.0636363636363635,0.0,0.0,0.0,1.632623512090912,False,True,2340,PV+/PNN-,87.3857259,10.548125988120718,0.0,0.0,0.0,False,NONE
2621,1335,1279,173.97703611,14.883361255142246,1341.0,6.123287671232877,0.0,0.0,0.0,1.4956175660182285,False,True,2341,PV+/PNN-,173.97703611,14.883361255142246,0.0,0.0,0.0,False,NONE
2622,1336,1554,135.84508299,13.151552441468574,1078.0,6.304093567251462,0.0,0.0,0.0,1.5673595542537642,False,True,2342,PV+/PNN-,135.84508299,13.151552441468574,0.0,0.0,0.0,False,NONE
2623,1336,512,92.15222004,10.83198276817611,922.0,7.948275862068965,0.0,0.0,0.0,1.6025768665856204,False,True,2343,PV+/PNN-,92.15222004,10.83198276817611,0.0,0.0,0.0,False,NONE
2624,1336,1806,88.18014159,10.595963539609496,859.0,7.738738738738738,0.0,0.0,0.0,1.4965331407084035,False,True,2344,PV+/PNN-,88.18014159,10.595963539609496,0.0,0.0,0.0,False,NONE
2625,1339,2759,141.40599282,13.418036440588484,6386.0,35.87640449438202,0.0,0.0,0.0,1.7668158028560488,False,True,2345,PV+/PNN-,141.40599282,13.418036440588484,0.0,0.0,0.0,False,NONE
2626,1338,944,193.04301267,15.677691078926612,1350.0,5.555555555555555,0.0,0.0,0.0,1.51704801625884,False,True,2346,PV+/PNN-,193.04301267,15.677691078926612,0.0,0.0,0.0,False,NONE
2627,1341,169,287.57847978,19.135210808107587,37167.0,102.67127071823204,0.0,0.0,0.0,1.9342288047772382,False,True,2347,PV+/PNN-,287.57847978,19.135210808107587,0.0,0.0,0.0,False,NONE
2628,1339,611,88.18014159,10.595963539609496,1459.0,13.144144144144144,0.0,0.0,0.0,1.6110010246742925,False,True,2348,PV+/PNN-,88.18014159,10.595963539609496,0.0,0.0,0.0,False,NONE
2629,1338,675,121.54560057,12.440123196106569,1276.0,8.339869281045752,0.0,0.0,0.0,1.7840811650569834,False,True,2349,PV+/PNN-,121.54560057,12.440123196106569,0.0,0.0,0.0,False,NONE
2630,1340,1102,177.15469887,15.0186673222671,1118.0,5.013452914798206,0.0,0.0,0.0,1.450435245763101,False,True,2350,PV+/PNN-,177.15469887,15.0186673222671,0.0,0.0,0.0,False,NONE
2631,1339,1168,117.57352212,12.235164803834003,951.0,6.425675675675675,0.0,0.0,0.0,1.5274548341958332,False,True,2351,PV+/PNN-,117.57352212,12.235164803834003,0.0,0.0,0.0,False,NONE
2632,1338,1842,146.17248696000001,13.642308849668991,1790.0,9.728260869565217,0.0,0.0,0.0,1.7444244161250495,False,True,2352,PV+/PNN-,146.17248696000001,13.642308849668991,0.0,0.0,0.0,False,NONE
2633,1338,2679,108.04053384,11.728660627684029,6680.0,49.11764705882353,0.0,0.0,0.0,1.7337105510950888,False,True,2353,PV+/PNN-,108.04053384,11.728660627684029,0.0,0.0,0.0,False,NONE
2634,1339,1067,87.3857259,10.548125988120718,677.0,6.154545454545454,0.0,0.0,0.0,1.4721519703041983,False,True,2354,PV+/PNN-,87.3857259,10.548125988120718,0.0,0.0,0.0,False,NONE
2635,1338,2003,92.15222004,10.83198276817611,991.0,8.543103448275861,0.0,0.0,0.0,1.5386208173227998,False,True,2355,PV+/PNN-,92.15222004,10.83198276817611,0.0,0.0,0.0,False,NONE
2636,1338,115,62.75883951,8.93907356753593,4638.0,58.70886075949367,0.0,0.0,0.0,1.5565337221432465,False,True,2356,PV+/PNN-,62.75883951,8.93907356753593,0.0,0.0,0.0,False,NONE
2637,1340,354,111.2181966,11.899891008124815,1645.0,11.75,0.0,0.0,0.0,1.7377772242554979,False,True,2357,PV+/PNN-,111.2181966,11.899891008124815,0.0,0.0,0.0,False,NONE
2638,1344,438,153.32222817,13.97196922387648,1138.0,5.896373056994818,0.0,0.0,0.0,1.9772250117521404,False,True,2358,PV+/PNN-,153.32222817,13.97196922387648,0.0,0.0,0.0,False,NONE
2639,1341,633,79.441569,10.057243516322302,1137.0,11.37,0.0,0.0,0.0,1.6722375013918833,False,True,2359,PV+/PNN-,79.441569,10.057243516322302,0.0,0.0,0.0,False,NONE
2640,1341,859,94.53546711,10.971157418634661,686.0,5.764705882352941,0.0,0.0,0.0,1.6216531034371213,False,True,2360,PV+/PNN-,94.53546711,10.971157418634661,0.0,0.0,0.0,False,NONE
2641,1340,1416,92.15222004,10.83198276817611,912.0,7.862068965517241,0.0,0.0,0.0,1.5908148345372854,False,True,2361,PV+/PNN-,92.15222004,10.83198276817611,0.0,0.0,0.0,False,NONE
2642,1341,2358,125.51767902,12.64175907426016,7613.0,48.18354430379747,0.0,0.0,0.0,1.6002505153102378,False,True,2362,PV+/PNN-,125.51767902,12.64175907426016,0.0,0.0,0.0,False,NONE
2643,1343,1897,92.15222004,10.83198276817611,654.0,5.637931034482759,0.0,0.0,0.0,1.6988785039813619,False,True,2363,PV+/PNN-,92.15222004,10.83198276817611,0.0,0.0,0.0,False,NONE
2644,1342,2110,104.06845539,11.51104134134072,1926.0,14.702290076335878,0.0,0.0,0.0,1.4750575840157918,False,True,2364,PV+/PNN-,104.06845539,11.51104134134072,0.0,0.0,0.0,False,NONE
2645,1343,21,100.89079263,11.333937836259333,3506.0,27.606299212598426,0.0,0.0,0.0,1.8109130169220706,False,True,2365,PV+/PNN-,100.89079263,11.333937836259333,0.0,0.0,0.0,False,NONE
2646,1345,220,164.44404783,14.469853647963289,9422.0,45.51690821256039,0.0,0.0,0.0,2.258750519214464,False,True,2366,PV+/PNN-,164.44404783,14.469853647963289,0.0,0.0,0.0,False,NONE
2647,1344,1188,125.51767902,12.64175907426016,1023.0,6.474683544303797,0.0,0.0,0.0,1.487990108165371,False,True,2367,PV+/PNN-,125.51767902,12.64175907426016,0.0,0.0,0.0,False,NONE
2648,1343,1464,79.441569,10.057243516322302,636.0,6.36,0.0,0.0,0.0,1.4496704499572677,False,True,2368,PV+/PNN-,79.441569,10.057243516322302,0.0,0.0,0.0,False,NONE
2649,1344,2223,104.86287108,11.554893086200376,6434.0,48.74242424242424,0.0,0.0,0.0,1.5840427554791532,False,True,2369,PV+/PNN-,104.86287108,11.554893086200376,0.0,0.0,0.0,False,NONE
2650,1345,1482,105.65728677,11.598579038183399,937.0,7.045112781954887,0.0,0.0,0.0,1.4599290643753642,False,True,2370,PV+/PNN-,105.65728677,11.598579038183399,0.0,0.0,0.0,False,NONE
2651,1344,1745,75.46949055,9.802588422925686,812.0,8.547368421052632,0.0,0.0,0.0,1.5932910518106194,False,True,2371,PV+/PNN-,75.46949055,9.802588422925686,0.0,0.0,0.0,False,NONE
2652,1347,2792,132.66742023,12.996822909266468,15100.0,90.41916167664671,0.0,0.0,0.0,1.8065988206934882,False,True,2372,PV+/PNN-,132.66742023,12.996822909266468,0.0,0.0,0.0,False,NONE
2653,1348,2320,95.32988280000001,11.017158280424603,3435.0,28.625,0.0,0.0,0.0,1.6145349325014275,False,True,2373,PV+/PNN-,95.32988280000001,11.017158280424603,0.0,0.0,0.0,False,NONE
2654,1347,1699,56.40351399,8.474384017383858,498.0,7.014084507042254,0.0,0.0,0.0,1.5361462348760109,False,True,2374,PV+/PNN-,56.40351399,8.474384017383858,0.0,0.0,0.0,False,NONE
2655,1349,2856,107.24611815,11.68546099424064,6265.0,46.407407407407405,0.0,0.0,0.0,1.833090913192153,False,True,2375,PV+/PNN-,107.24611815,11.68546099424064,0.0,0.0,0.0,False,NONE
2656,1348,888,57.99234537,8.592912627102823,545.0,7.465753424657534,0.0,0.0,0.0,1.511582241937715,False,True,2376,PV+/PNN-,57.99234537,8.592912627102823,0.0,0.0,0.0,False,NONE
2657,1350,1721,136.63949868,13.189951216443678,1827.0,10.622093023255815,0.0,0.0,0.0,1.732762730027582,False,True,2377,PV+/PNN-,136.63949868,13.189951216443678,0.0,0.0,0.0,False,NONE
2658,1351,2153,141.40599282,13.418036440588484,4134.0,23.224719101123597,0.0,0.0,0.0,1.7888530932387434,False,True,2378,PV+/PNN-,141.40599282,13.418036440588484,0.0,0.0,0.0,False,NONE
2659,1349,676,85.00247883,10.403293586497956,1233.0,11.523364485981308,0.0,0.0,0.0,1.5508843846161862,False,True,2379,PV+/PNN-,85.00247883,10.403293586497956,0.0,0.0,0.0,False,NONE
2660,1350,1828,99.30196125,11.244340084382843,959.0,7.672,0.0,0.0,0.0,1.7205029999022252,False,True,2380,PV+/PNN-,99.30196125,11.244340084382843,0.0,0.0,0.0,False,NONE
2661,1352,1057,120.75118488,12.39940255265723,973.0,6.401315789473684,0.0,0.0,0.0,1.4687450611409159,False,True,2381,PV+/PNN-,120.75118488,12.39940255265723,0.0,0.0,0.0,False,NONE
2662,1350,2276,57.19792968,8.533854108523126,1486.0,20.63888888888889,0.0,0.0,0.0,1.4757266181754538,False,True,2382,PV+/PNN-,57.19792968,8.533854108523126,0.0,0.0,0.0,False,NONE
2663,1355,142,198.6039225,15.90189824726965,20964.0,83.856,0.0,0.0,0.0,1.9964520337882088,False,True,2383,PV+/PNN-,198.6039225,15.90189824726965,0.0,0.0,0.0,False,NONE
2664,1353,1210,111.2181966,11.899891008124815,952.0,6.8,0.0,0.0,0.0,1.404596662857756,False,True,2384,PV+/PNN-,111.2181966,11.899891008124815,0.0,0.0,0.0,False,NONE
2665,1354,1395,83.41364745,10.305607915302103,674.0,6.419047619047619,0.0,0.0,0.0,1.733919557792026,False,True,2385,PV+/PNN-,83.41364745,10.305607915302103,0.0,0.0,0.0,False,NONE
2666,1359,418,173.18262042,14.84934209921784,1965.0,9.013761467889909,0.0,0.0,0.0,1.6773305152230877,False,True,2386,PV+/PNN-,173.18262042,14.84934209921784,0.0,0.0,0.0,False,NONE
2667,1358,713,115.19027505,12.11052490037406,1150.0,7.931034482758621,0.0,0.0,0.0,1.6172794066460388,False,True,2387,PV+/PNN-,115.19027505,12.11052490037406,0.0,0.0,0.0,False,NONE
2668,1356,1027,123.92884764,12.56149312576761,1104.0,7.076923076923077,0.0,0.0,0.0,1.5087068031229482,False,True,2388,PV+/PNN-,123.92884764,12.56149312576761,0.0,0.0,0.0,False,NONE
2669,1356,1404,63.5532552,8.995472067506276,626.0,7.825,0.0,0.0,0.0,1.7150880543979732,False,True,2389,PV+/PNN-,63.5532552,8.995472067506276,0.0,0.0,0.0,False,NONE
2670,1360,1606,137.43391437,13.228238528376714,1219.0,7.046242774566474,0.0,0.0,0.0,1.6419082858917573,False,True,2390,PV+/PNN-,137.43391437,13.228238528376714,0.0,0.0,0.0,False,NONE
2671,1358,1700,75.46949055,9.802588422925686,823.0,8.663157894736843,0.0,0.0,0.0,1.5268665234534442,False,True,2391,PV+/PNN-,75.46949055,9.802588422925686,0.0,0.0,0.0,False,NONE
2672,1359,1042,100.89079263,11.333937836259333,694.0,5.464566929133858,0.0,0.0,0.0,1.4442988132737762,False,True,2392,PV+/PNN-,100.89079263,11.333937836259333,0.0,0.0,0.0,False,NONE
2673,1359,2289,51.63701985,8.108408946599484,2300.0,35.38461538461539,0.0,0.0,0.0,1.553312047737018,False,True,2393,PV+/PNN-,51.63701985,8.108408946599484,0.0,0.0,0.0,False,NONE
2674,1360,1825,47.664941400000004,7.7903073294937615,827.0,13.783333333333333,0.0,0.0,0.0,1.7239708390178092,False,True,2394,PV+/PNN-,47.664941400000004,7.7903073294937615,0.0,0.0,0.0,False,NONE
2675,1364,2633,131.07858885,12.91876320674319,5641.0,34.18787878787879,0.0,0.0,0.0,1.5607860102926732,False,True,2395,PV+/PNN-,131.07858885,12.91876320674319,0.0,0.0,0.0,False,NONE
2676,1363,2574,87.3857259,10.548125988120718,8723.0,79.3,0.0,0.0,0.0,1.5729311994456128,False,True,2396,PV+/PNN-,87.3857259,10.548125988120718,0.0,0.0,0.0,False,NONE
2677,1366,124,148.55573403,13.753073662427433,10209.0,54.593582887700535,0.0,0.0,0.0,1.9708951509013246,False,True,2397,PV+/PNN-,148.55573403,13.753073662427433,0.0,0.0,0.0,False,NONE
2678,1366,820,131.07858885,12.91876320674319,1308.0,7.927272727272728,0.0,0.0,0.0,1.654846624157993,False,True,2399,PV+/PNN-,131.07858885,12.91876320674319,0.0,0.0,0.0,False,NONE
2679,1364,1435,86.59131021,10.500070494515816,646.0,5.926605504587156,0.0,0.0,0.0,1.3565723476664338,False,True,2400,PV+/PNN-,86.59131021,10.500070494515816,0.0,0.0,0.0,False,NONE
2680,1365,1295,85.00247883,10.403293586497956,578.0,5.401869158878505,0.0,0.0,0.0,1.6505043990442558,False,True,2401,PV+/PNN-,85.00247883,10.403293586497956,0.0,0.0,0.0,False,NONE
2681,1363,2431,62.75883951,8.93907356753593,3103.0,39.278481012658226,0.0,0.0,0.0,1.4809738327188169,False,True,2402,PV+/PNN-,62.75883951,8.93907356753593,0.0,0.0,0.0,False,NONE
2682,1367,155,127.90092609,12.761211420003875,22696.0,140.9689440993789,0.0,0.0,0.0,2.465022387322296,False,True,2403,PV+/PNN-,127.90092609,12.761211420003875,0.0,0.0,0.0,False,NONE
2683,1366,1776,81.03040038,10.157318055940708,670.0,6.568627450980392,0.0,0.0,0.0,1.5608620127279231,False,True,2404,PV+/PNN-,81.03040038,10.157318055940708,0.0,0.0,0.0,False,NONE
2684,1364,2127,37.33753743,6.894898778002857,623.0,13.25531914893617,0.0,0.0,0.0,1.3335516654800896,False,True,2405,PV+/PNN-,37.33753743,6.894898778002857,0.0,0.0,0.0,False,NONE
2685,1368,1146,187.48210284,15.45023065413564,1569.0,6.648305084745763,0.0,0.0,0.0,1.5024251572588032,False,True,2407,PV+/PNN-,187.48210284,15.45023065413564,0.0,0.0,0.0,False,NONE
2686,1368,1185,142.9948242,13.493208101259413,1117.0,6.205555555555556,0.0,0.0,0.0,1.5529476258038966,False,True,2408,PV+/PNN-,142.9948242,13.493208101259413,0.0,0.0,0.0,False,NONE
2687,1368,1869,99.30196125,11.244340084382843,716.0,5.728,0.0,0.0,0.0,1.7082234384437638,False,True,2409,PV+/PNN-,99.30196125,11.244340084382843,0.0,0.0,0.0,False,NONE
2688,1365,2334,42.104031570000004,7.321783798208037,1684.0,31.77358490566038,0.0,0.0,0.0,1.357959888750204,False,True,2410,PV+/PNN-,42.104031570000004,7.321783798208037,0.0,0.0,0.0,False,NONE
2689,1367,1746,74.67507486,9.75085936304132,793.0,8.436170212765957,0.0,0.0,0.0,1.5004724181660327,False,True,2411,PV+/PNN-,74.67507486,9.75085936304132,0.0,0.0,0.0,False,NONE
2690,1368,1014,99.30196125,11.244340084382843,1137.0,9.096,0.0,0.0,0.0,1.453763637110088,False,True,2412,PV+/PNN-,99.30196125,11.244340084382843,0.0,0.0,0.0,False,NONE
2691,1367,1332,40.51520019,7.182308476024235,428.0,8.392156862745098,0.0,0.0,0.0,1.4195734855982933,False,True,2413,PV+/PNN-,40.51520019,7.182308476024235,0.0,0.0,0.0,False,NONE
2692,1368,2187,86.59131021,10.500070494515816,2819.0,25.862385321100916,0.0,0.0,0.0,1.455146808915552,False,True,2414,PV+/PNN-,86.59131021,10.500070494515816,0.0,0.0,0.0,False,NONE
2693,1371,1211,137.43391437,13.228238528376714,1176.0,6.797687861271676,0.0,0.0,0.0,1.5231151616348035,False,True,2415,PV+/PNN-,137.43391437,13.228238528376714,0.0,0.0,0.0,False,NONE
2694,1372,362,81.82481607,10.206987389088184,1119.0,10.864077669902912,0.0,0.0,0.0,1.5622662130607445,False,True,2416,PV+/PNN-,81.82481607,10.206987389088184,0.0,0.0,0.0,False,NONE
2695,1373,2044,135.05066730000001,13.113041224263421,1538.0,9.047058823529412,0.0,0.0,0.0,1.7571611024914562,False,True,2417,PV+/PNN-,135.05066730000001,13.113041224263421,0.0,0.0,0.0,False,NONE
2696,1374,3,52.43143554,8.17054325713784,2550.0,38.63636363636363,0.0,0.0,0.0,2.662897323851986,False,True,2418,PV+/PNN-,52.43143554,8.17054325713784,0.0,0.0,0.0,False,NONE
2697,1373,984,141.40599282,13.418036440588484,1874.0,10.52808988764045,0.0,0.0,0.0,1.3260699952021537,False,True,2419,PV+/PNN-,141.40599282,13.418036440588484,0.0,0.0,0.0,False,NONE
2698,1374,1888,121.54560057,12.440123196106569,879.0,5.745098039215686,0.0,0.0,0.0,1.8632250342972494,False,True,2420,PV+/PNN-,121.54560057,12.440123196106569,0.0,0.0,0.0,False,NONE
2699,1374,1515,113.60144367,12.026714032504808,993.0,6.944055944055944,0.0,0.0,0.0,1.415083495577374,False,True,2421,PV+/PNN-,113.60144367,12.026714032504808,0.0,0.0,0.0,False,NONE
2700,1376,1059,127.90092609,12.761211420003875,1724.0,10.70807453416149,0.0,0.0,0.0,1.4035903150846762,False,True,2422,PV+/PNN-,127.90092609,12.761211420003875,0.0,0.0,0.0,False,NONE
2701,1374,1248,47.664941400000004,7.7903073294937615,266.0,4.433333333333334,0.0,0.0,0.0,1.564791338630345,False,True,2423,PV+/PNN-,47.664941400000004,7.7903073294937615,0.0,0.0,0.0,False,NONE
2702,1374,1305,74.67507486,9.75085936304132,571.0,6.074468085106383,0.0,0.0,0.0,1.6066122446022033,False,True,2424,PV+/PNN-,74.67507486,9.75085936304132,0.0,0.0,0.0,False,NONE
2703,1375,1610,116.77910643,12.193759728054031,989.0,6.727891156462585,0.0,0.0,0.0,1.545386986268972,False,True,2425,PV+/PNN-,116.77910643,12.193759728054031,0.0,0.0,0.0,False,NONE
2704,1375,1657,75.46949055,9.802588422925686,644.0,6.778947368421052,0.0,0.0,0.0,1.560976416393615,False,True,2426,PV+/PNN-,75.46949055,9.802588422925686,0.0,0.0,0.0,False,NONE
2705,1376,2152,85.79689452,10.451794052617739,1312.0,12.148148148148149,0.0,0.0,0.0,1.5136264992200883,False,True,2427,PV+/PNN-,85.79689452,10.451794052617739,0.0,0.0,0.0,False,NONE
2706,1377,1391,101.68520832,11.378472144697502,733.0,5.7265625,0.0,0.0,0.0,1.570254251171544,False,True,2428,PV+/PNN-,101.68520832,11.378472144697502,0.0,0.0,0.0,False,NONE
2707,1378,1901,101.68520832,11.378472144697502,864.0,6.75,0.0,0.0,0.0,1.8267446570693142,False,True,2429,PV+/PNN-,101.68520832,11.378472144697502,0.0,0.0,0.0,False,NONE
2708,1378,2517,123.92884764,12.56149312576761,15341.0,98.33974358974359,0.0,0.0,0.0,1.424525336571885,False,True,2430,PV+/PNN-,123.92884764,12.56149312576761,0.0,0.0,0.0,False,NONE
2709,1382,1563,208.13691078,16.279070781961433,1666.0,6.358778625954199,0.0,0.0,0.0,1.6023187303860864,False,True,2431,PV+/PNN-,208.13691078,16.279070781961433,0.0,0.0,0.0,False,NONE
2710,1380,1174,146.17248696000001,13.642308849668991,1448.0,7.869565217391305,0.0,0.0,0.0,1.420473123119893,False,True,2432,PV+/PNN-,146.17248696000001,13.642308849668991,0.0,0.0,0.0,False,NONE
2711,1381,1204,148.55573403,13.753073662427433,1786.0,9.550802139037433,0.0,0.0,0.0,1.4569666837412614,False,True,2433,PV+/PNN-,148.55573403,13.753073662427433,0.0,0.0,0.0,False,NONE
2712,1379,1975,75.46949055,9.802588422925686,713.0,7.505263157894737,0.0,0.0,0.0,1.5861100217179518,False,True,2434,PV+/PNN-,75.46949055,9.802588422925686,0.0,0.0,0.0,False,NONE
2713,1380,2279,84.20806314000001,10.354565948189398,4252.0,40.113207547169814,0.0,0.0,0.0,1.4955257305607992,False,True,2435,PV+/PNN-,84.20806314000001,10.354565948189398,0.0,0.0,0.0,False,NONE
2714,1381,146,139.02274575,13.304482609502793,13097.0,74.84,0.0,0.0,0.0,1.8282902615931658,False,True,2436,PV+/PNN-,139.02274575,13.304482609502793,0.0,0.0,0.0,False,NONE
2715,1379,1315,63.5532552,8.995472067506276,586.0,7.325,0.0,0.0,0.0,1.5477363921602592,False,True,2437,PV+/PNN-,63.5532552,8.995472067506276,0.0,0.0,0.0,False,NONE
2716,1380,1473,97.71312987,11.154022637162193,781.0,6.349593495934959,0.0,0.0,0.0,1.503053818989649,False,True,2438,PV+/PNN-,97.71312987,11.154022637162193,0.0,0.0,0.0,False,NONE
2717,1383,260,150.14456541,13.82642390884524,3681.0,19.476190476190474,0.0,0.0,0.0,1.595404516355088,False,True,2439,PV+/PNN-,150.14456541,13.82642390884524,0.0,0.0,0.0,False,NONE
2718,1381,328,67.52533365000001,9.272320371655413,747.0,8.788235294117648,0.0,0.0,0.0,1.6854300041025672,False,True,2440,PV+/PNN-,67.52533365000001,9.272320371655413,0.0,0.0,0.0,False,NONE
2719,1381,1993,72.29182779,9.593998848416254,718.0,7.8901098901098905,0.0,0.0,0.0,1.5490014568709523,False,True,2441,PV+/PNN-,72.29182779,9.593998848416254,0.0,0.0,0.0,False,NONE
2720,1381,2469,73.08624348000001,9.646569098642193,5164.0,56.130434782608695,0.0,0.0,0.0,1.5673866565714447,False,True,2442,PV+/PNN-,73.08624348000001,9.646569098642193,0.0,0.0,0.0,False,NONE
2721,1384,5,98.50754556,11.199272407696524,2232.0,18.0,0.0,0.0,0.0,2.1160512213085925,False,True,2443,PV+/PNN-,98.50754556,11.199272407696524,0.0,0.0,0.0,False,NONE
2722,1385,1641,123.92884764,12.56149312576761,1090.0,6.987179487179487,0.0,0.0,0.0,1.7213470010993346,False,True,2444,PV+/PNN-,123.92884764,12.56149312576761,0.0,0.0,0.0,False,NONE
2723,1383,2229,115.19027505,12.11052490037406,2540.0,17.517241379310345,0.0,0.0,0.0,1.514949727825526,False,True,2445,PV+/PNN-,115.19027505,12.11052490037406,0.0,0.0,0.0,False,NONE
2724,1386,2644,142.9948242,13.493208101259413,9432.0,52.4,0.0,0.0,0.0,1.7557119893926907,False,True,2446,PV+/PNN-,142.9948242,13.493208101259413,0.0,0.0,0.0,False,NONE
2725,1384,1372,78.64715331000001,10.006830950662698,702.0,7.090909090909091,0.0,0.0,0.0,1.403156959584307,False,True,2447,PV+/PNN-,78.64715331000001,10.006830950662698,0.0,0.0,0.0,False,NONE
2726,1385,1737,99.30196125,11.244340084382843,707.0,5.656,0.0,0.0,0.0,1.466725396427353,False,True,2448,PV+/PNN-,99.30196125,11.244340084382843,0.0,0.0,0.0,False,NONE
2727,1383,2722,34.15987467,6.594975608221839,1842.0,42.83720930232558,0.0,0.0,0.0,1.6162536480371725,False,True,2449,PV+/PNN-,34.15987467,6.594975608221839,0.0,0.0,0.0,False,NONE
2728,1386,2031,100.09637694,11.289227848029503,1209.0,9.595238095238095,0.0,0.0,0.0,1.4889238981820674,False,True,2450,PV+/PNN-,100.09637694,11.289227848029503,0.0,0.0,0.0,False,NONE
2729,1389,1536,128.69534178,12.800781162784691,884.0,5.45679012345679,0.0,0.0,0.0,1.3517624239252952,False,True,2451,PV+/PNN-,128.69534178,12.800781162784691,0.0,0.0,0.0,False,NONE
2730,1388,1282,95.32988280000001,11.017158280424603,831.0,6.925,0.0,0.0,0.0,1.4994140438283503,False,True,2452,PV+/PNN-,95.32988280000001,11.017158280424603,0.0,0.0,0.0,False,NONE
2731,1387,2141,73.08624348000001,9.646569098642193,1193.0,12.967391304347826,0.0,0.0,0.0,1.4561587448100175,False,True,2453,PV+/PNN-,73.08624348000001,9.646569098642193,0.0,0.0,0.0,False,NONE
2732,1390,2091,76.26390624,9.854045933561641,806.0,8.395833333333334,0.0,0.0,0.0,1.6175550792721718,False,True,2454,PV+/PNN-,76.26390624,9.854045933561641,0.0,0.0,0.0,False,NONE
2733,1388,2121,36.543121740000004,6.8211544248344955,362.0,7.869565217391305,0.0,0.0,0.0,1.6183661161287657,False,True,2455,PV+/PNN-,36.543121740000004,6.8211544248344955,0.0,0.0,0.0,False,NONE
2734,1394,2684,197.01509112,15.838162927675212,9386.0,37.846774193548384,0.0,0.0,0.0,1.8254982018081436,False,True,2456,PV+/PNN-,197.01509112,15.838162927675212,0.0,0.0,0.0,False,NONE
2735,1392,2784,77.85273762,9.956163126610313,5559.0,56.724489795918366,0.0,0.0,0.0,1.44183909698631,False,True,2457,PV+/PNN-,77.85273762,9.956163126610313,0.0,0.0,0.0,False,NONE
2736,1392,1788,92.15222004,10.83198276817611,787.0,6.7844827586206895,0.0,0.0,0.0,1.6834408369179223,False,True,2458,PV+/PNN-,92.15222004,10.83198276817611,0.0,0.0,0.0,False,NONE
2737,1395,2187,170.00495766,14.712478883374446,2824.0,13.19626168224299,0.0,0.0,0.0,1.6728192822761432,False,True,2459,PV+/PNN-,170.00495766,14.712478883374446,0.0,0.0,0.0,False,NONE
2738,1393,1264,81.03040038,10.157318055940708,983.0,9.637254901960784,0.0,0.0,0.0,1.3393149139743614,False,True,2460,PV+/PNN-,81.03040038,10.157318055940708,0.0,0.0,0.0,False,NONE
2739,1393,1370,82.61923176,10.256416188536388,779.0,7.490384615384615,0.0,0.0,0.0,1.3594760215097,False,True,2461,PV+/PNN-,82.61923176,10.256416188536388,0.0,0.0,0.0,False,NONE
2740,1395,1625,130.28417316,12.879555944225542,1006.0,6.134146341463414,0.0,0.0,0.0,1.7507318525846916,False,True,2462,PV+/PNN-,130.28417316,12.879555944225542,0.0,0.0,0.0,False,NONE
2741,1395,1429,107.24611815,11.68546099424064,809.0,5.992592592592593,0.0,0.0,0.0,1.5538951228300122,False,True,2463,PV+/PNN-,107.24611815,11.68546099424064,0.0,0.0,0.0,False,NONE
2742,1395,1402,57.99234537,8.592912627102823,466.0,6.383561643835616,0.0,0.0,0.0,1.4181304804577943,False,True,2464,PV+/PNN-,57.99234537,8.592912627102823,0.0,0.0,0.0,False,NONE
2743,1394,15,77.05832193,9.90523612702942,1899.0,19.577319587628867,0.0,0.0,0.0,1.861978176476345,False,True,2465,PV+/PNN-,77.05832193,9.90523612702942,0.0,0.0,0.0,False,NONE
2744,1399,1295,165.23846352,14.504762875171126,1822.0,8.759615384615385,0.0,0.0,0.0,1.3004396683440194,False,True,2466,PV+/PNN-,165.23846352,14.504762875171126,0.0,0.0,0.0,False,NONE
2745,1398,2763,90.56338866,10.738197602350779,9377.0,82.25438596491227,0.0,0.0,0.0,2.00919237801095,False,True,2467,PV+/PNN-,90.56338866,10.738197602350779,0.0,0.0,0.0,False,NONE
2746,1399,1714,135.84508299,13.151552441468574,958.0,5.60233918128655,0.0,0.0,0.0,1.6396685378257638,False,True,2468,PV+/PNN-,135.84508299,13.151552441468574,0.0,0.0,0.0,False,NONE
2747,1399,1804,88.97455728,10.643586087602236,797.0,7.116071428571429,0.0,0.0,0.0,1.7016877393143346,False,True,2469,PV+/PNN-,88.97455728,10.643586087602236,0.0,0.0,0.0,False,NONE
2748,1398,2460,40.51520019,7.182308476024235,1304.0,25.568627450980394,0.0,0.0,0.0,1.575074468119661,False,True,2470,PV+/PNN-,40.51520019,7.182308476024235,0.0,0.0,0.0,False,NONE
2749,1401,1655,96.12429849,11.062967867954534,693.0,5.7272727272727275,0.0,0.0,0.0,1.74214163942361,False,True,2471,PV+/PNN-,96.12429849,11.062967867954534,0.0,0.0,0.0,False,NONE
2750,1402,162,132.66742023,12.996822909266468,7857.0,47.047904191616766,0.0,0.0,0.0,1.8408108390616238,False,True,2472,PV+/PNN-,132.66742023,12.996822909266468,0.0,0.0,0.0,False,NONE
2751,1404,356,93.74105142,10.924962866435578,1148.0,9.728813559322035,0.0,0.0,0.0,1.5573478662302649,False,True,2473,PV+/PNN-,93.74105142,10.924962866435578,0.0,0.0,0.0,False,NONE
2752,1403,1490,105.65728677,11.598579038183399,876.0,6.586466165413534,0.0,0.0,0.0,1.4958342148387018,False,True,2474,PV+/PNN-,105.65728677,11.598579038183399,0.0,0.0,0.0,False,NONE
2753,1402,2104,69.90858072,9.434530697868027,953.0,10.829545454545455,0.0,0.0,0.0,1.5339761512582584,False,True,2475,PV+/PNN-,69.90858072,9.434530697868027,0.0,0.0,0.0,False,NONE
2754,1403,2635,85.79689452,10.451794052617739,3112.0,28.814814814814813,0.0,0.0,0.0,1.7962964453446533,False,True,2476,PV+/PNN-,85.79689452,10.451794052617739,0.0,0.0,0.0,False,NONE
2755,1405,2140,89.76897297000001,10.690996505268625,1417.0,12.539823008849558,0.0,0.0,0.0,1.3651503612559588,False,True,2478,PV+/PNN-,89.76897297000001,10.690996505268625,0.0,0.0,0.0,False,NONE
2756,1405,32,123.13443195,12.521167201073583,3765.0,24.29032258064516,0.0,0.0,0.0,1.9123546429037808,False,True,2479,PV+/PNN-,123.13443195,12.521167201073583,0.0,0.0,0.0,False,NONE
2757,1405,1510,87.3857259,10.548125988120718,831.0,7.554545454545455,0.0,0.0,0.0,1.4318402786476325,False,True,2480,PV+/PNN-,87.3857259,10.548125988120718,0.0,0.0,0.0,False,NONE
2758,1406,2410,90.56338866,10.738197602350779,4049.0,35.51754385964912,0.0,0.0,0.0,1.7556122528636258,False,True,2482,PV+/PNN-,90.56338866,10.738197602350779,0.0,0.0,0.0,False,NONE
2759,1407,286,84.20806314000001,10.354565948189398,2029.0,19.141509433962263,0.0,0.0,0.0,1.773875328610308,False,True,2483,PV+/PNN-,84.20806314000001,10.354565948189398,0.0,0.0,0.0,False,NONE
2760,1406,1822,91.35780435,10.78519212710641,608.0,5.28695652173913,0.0,0.0,0.0,1.617253837011151,False,True,2484,PV+/PNN-,91.35780435,10.78519212710641,0.0,0.0,0.0,False,NONE
2761,1406,2115,72.29182779,9.593998848416254,892.0,9.802197802197803,0.0,0.0,0.0,1.5255743325988569,False,True,2486,PV+/PNN-,72.29182779,9.593998848416254,0.0,0.0,0.0,False,NONE
2762,1407,2377,33.36545898,6.517838737002854,2134.0,50.80952380952381,0.0,0.0,0.0,1.3704867699175851,False,True,2487,PV+/PNN-,33.36545898,6.517838737002854,0.0,0.0,0.0,False,NONE
2763,1410,1878,94.53546711,10.971157418634661,650.0,5.46218487394958,0.0,0.0,0.0,1.5155971337912115,False,True,2488,PV+/PNN-,94.53546711,10.971157418634661,0.0,0.0,0.0,False,NONE
2764,1415,2059,135.84508299,13.151552441468574,1760.0,10.292397660818713,0.0,0.0,0.0,1.6027660220717779,False,True,2489,PV+/PNN-,135.84508299,13.151552441468574,0.0,0.0,0.0,False,NONE
2765,1414,2610,110.42378091,11.857315232959936,4914.0,35.35251798561151,0.0,0.0,0.0,1.5742083684258776,False,True,2490,PV+/PNN-,110.42378091,11.857315232959936,0.0,0.0,0.0,False,NONE
2766,1412,1679,114.39585936,12.068692219586765,771.0,5.354166666666667,0.0,0.0,0.0,1.7202992880416104,False,True,2491,PV+/PNN-,114.39585936,12.068692219586765,0.0,0.0,0.0,False,NONE
2767,1415,155,88.97455728,10.643586087602236,6225.0,55.580357142857146,0.0,0.0,0.0,1.6613345177556502,False,True,2492,PV+/PNN-,88.97455728,10.643586087602236,0.0,0.0,0.0,False,NONE
2768,1416,188,178.74353025,15.085865274483455,25917.0,115.18666666666667,0.0,0.0,0.0,1.9647298333538497,False,True,2493,PV+/PNN-,178.74353025,15.085865274483455,0.0,0.0,0.0,False,NONE
2769,1416,1697,112.80702798,11.984588810142046,639.0,4.5,0.0,0.0,0.0,1.5547625496849071,False,True,2494,PV+/PNN-,112.80702798,11.984588810142046,0.0,0.0,0.0,False,NONE
2770,1421,222,204.95924802,16.154325106244645,13276.0,51.457364341085274,0.0,0.0,0.0,1.936860199897307,False,True,2495,PV+/PNN-,204.95924802,16.154325106244645,0.0,0.0,0.0,False,NONE
2771,1415,1436,68.31974934,9.326703948667076,652.0,7.5813953488372094,0.0,0.0,0.0,1.3495222177782773,False,True,2496,PV+/PNN-,68.31974934,9.326703948667076,0.0,0.0,0.0,False,NONE
2772,1416,238,46.07611002,7.659368469073156,1161.0,20.017241379310345,0.0,0.0,0.0,1.7745965852925172,False,True,2497,PV+/PNN-,46.07611002,7.659368469073156,0.0,0.0,0.0,False,NONE
2773,1418,1940,119.95676919,12.358547737957586,856.0,5.66887417218543,0.0,0.0,0.0,1.6710459140722849,False,True,2498,PV+/PNN-,119.95676919,12.358547737957586,0.0,0.0,0.0,False,NONE
2774,1422,368,173.18262042,14.84934209921784,1696.0,7.779816513761468,0.0,0.0,0.0,1.7144915224400172,False,True,2500,PV+/PNN-,173.18262042,14.84934209921784,0.0,0.0,0.0,False,NONE
2775,1420,1782,108.04053384,11.728660627684029,650.0,4.779411764705882,0.0,0.0,0.0,1.8133421026282086,False,True,2501,PV+/PNN-,108.04053384,11.728660627684029,0.0,0.0,0.0,False,NONE
2776,1419,1961,92.94663573,10.878572156378345,719.0,6.145299145299146,0.0,0.0,0.0,1.663950546632701,False,True,2502,PV+/PNN-,92.94663573,10.878572156378345,0.0,0.0,0.0,False,NONE
2777,1418,2321,58.78676106,8.651568001725998,2326.0,31.43243243243243,0.0,0.0,0.0,1.5798872709788665,False,True,2503,PV+/PNN-,58.78676106,8.651568001725998,0.0,0.0,0.0,False,NONE
2778,1422,2270,108.04053384,11.728660627684029,2678.0,19.691176470588236,0.0,0.0,0.0,1.4064060636912419,False,True,2504,PV+/PNN-,108.04053384,11.728660627684029,0.0,0.0,0.0,False,NONE
2779,1423,1633,141.40599282,13.418036440588484,1107.0,6.219101123595506,0.0,0.0,0.0,1.704536503948433,False,True,2505,PV+/PNN-,141.40599282,13.418036440588484,0.0,0.0,0.0,False,NONE
2780,1425,2127,112.80702798,11.984588810142046,1500.0,10.56338028169014,0.0,0.0,0.0,1.5992014947125948,False,True,2506,PV+/PNN-,112.80702798,11.984588810142046,0.0,0.0,0.0,False,NONE
2781,1422,2746,52.43143554,8.17054325713784,1550.0,23.484848484848484,0.0,0.0,0.0,1.6189278732588737,False,True,2507,PV+/PNN-,52.43143554,8.17054325713784,0.0,0.0,0.0,False,NONE
2782,1425,1525,146.96690265,13.679330108642857,1473.0,7.962162162162162,0.0,0.0,0.0,1.4570455619443314,False,True,2508,PV+/PNN-,146.96690265,13.679330108642857,0.0,0.0,0.0,False,NONE
2783,1426,1976,176.36028318,14.984955344126572,1623.0,7.3108108108108105,0.0,0.0,0.0,1.7254689086401818,False,True,2509,PV+/PNN-,176.36028318,14.984955344126572,0.0,0.0,0.0,False,NONE
2784,1425,2437,83.41364745,10.305607915302103,6055.0,57.666666666666664,0.0,0.0,0.0,1.385511365617422,False,True,2510,PV+/PNN-,83.41364745,10.305607915302103,0.0,0.0,0.0,False,NONE
2785,1428,317,106.45170246,11.642101063659146,1469.0,10.962686567164178,0.0,0.0,0.0,1.750041148982654,False,True,2511,PV+/PNN-,106.45170246,11.642101063659146,0.0,0.0,0.0,False,NONE
2786,1426,2312,54.81468261,8.354173898786094,2348.0,34.028985507246375,0.0,0.0,0.0,1.5905591381884086,False,True,2512,PV+/PNN-,54.81468261,8.354173898786094,0.0,0.0,0.0,False,NONE
2787,1427,1689,110.42378091,11.857315232959936,831.0,5.9784172661870505,0.0,0.0,0.0,1.7404634221450561,False,True,2513,PV+/PNN-,110.42378091,11.857315232959936,0.0,0.0,0.0,False,NONE
2788,1427,2665,53.22585123,8.232208609372499,1568.0,23.402985074626866,0.0,0.0,0.0,1.613856128661822,False,True,2514,PV+/PNN-,53.22585123,8.232208609372499,0.0,0.0,0.0,False,NONE
2789,1430,2032,114.39585936,12.068692219586765,1355.0,9.409722222222221,0.0,0.0,0.0,1.6302870705606038,False,True,2515,PV+/PNN-,114.39585936,12.068692219586765,0.0,0.0,0.0,False,NONE
2790,1428,2245,61.96442382,8.88231697105848,1710.0,21.923076923076923,0.0,0.0,0.0,1.6541111544384208,False,True,2516,PV+/PNN-,61.96442382,8.88231697105848,0.0,0.0,0.0,False,NONE
2791,1431,87,127.1065104,12.72151859781572,9496.0,59.35,0.0,0.0,0.0,1.6266155195844045,False,True,2517,PV+/PNN-,127.1065104,12.72151859781572,0.0,0.0,0.0,False,NONE
2792,1432,119,135.84508299,13.151552441468574,7361.0,43.046783625730995,0.0,0.0,0.0,1.658618478348081,False,True,2518,PV+/PNN-,135.84508299,13.151552441468574,0.0,0.0,0.0,False,NONE
2793,1431,1811,64.34767089,9.051519164690074,548.0,6.765432098765432,0.0,0.0,0.0,1.5002036246834467,False,True,2519,PV+/PNN-,64.34767089,9.051519164690074,0.0,0.0,0.0,False,NONE
2794,1433,2138,129.48975747,12.84022896403991,1983.0,12.16564417177914,0.0,0.0,0.0,1.4936157108004326,False,True,2520,PV+/PNN-,129.48975747,12.84022896403991,0.0,0.0,0.0,False,NONE
2795,1436,167,224.02522458,16.888983834246268,35820.0,127.02127659574468,0.0,0.0,0.0,2.116143890029403,False,True,2521,PV+/PNN-,224.02522458,16.888983834246268,0.0,0.0,0.0,False,NONE
2796,1436,2750,166.03287921,14.539588286344586,7814.0,37.38755980861244,0.0,0.0,0.0,1.5557538490534932,False,True,2522,PV+/PNN-,166.03287921,14.539588286344586,0.0,0.0,0.0,False,NONE
2797,1438,1652,170.79937335,14.746813769937052,1411.0,6.562790697674418,0.0,0.0,0.0,1.8173433657193436,False,True,2523,PV+/PNN-,170.79937335,14.746813769937052,0.0,0.0,0.0,False,NONE
2798,1436,1929,73.08624348000001,9.646569098642193,418.0,4.543478260869565,0.0,0.0,0.0,1.4033254867233396,False,True,2524,PV+/PNN-,73.08624348000001,9.646569098642193,0.0,0.0,0.0,False,NONE
2799,1439,1616,152.52781248,13.93572540349032,1134.0,5.90625,0.0,0.0,0.0,1.6935028877717713,False,True,2525,PV+/PNN-,152.52781248,13.93572540349032,0.0,0.0,0.0,False,NONE
2800,1439,2405,63.5532552,8.995472067506276,3374.0,42.175,0.0,0.0,0.0,1.5072308942938062,False,True,2526,PV+/PNN-,63.5532552,8.995472067506276,0.0,0.0,0.0,False,NONE
2801,1440,1813,101.68520832,11.378472144697502,738.0,5.765625,0.0,0.0,0.0,1.6188874969651472,False,True,2527,PV+/PNN-,101.68520832,11.378472144697502,0.0,0.0,0.0,False,NONE
2802,1442,255,96.91871418,11.108588547554572,3886.0,31.852459016393443,0.0,0.0,0.0,1.6083373699863417,False,True,2528,PV+/PNN-,96.91871418,11.108588547554572,0.0,0.0,0.0,False,NONE
2803,1441,2315,102.47962401,11.422832828117684,3370.0,26.124031007751938,0.0,0.0,0.0,1.400753161632216,False,True,2529,PV+/PNN-,102.47962401,11.422832828117684,0.0,0.0,0.0,False,NONE
2804,1444,2473,119.95676919,12.358547737957586,9261.0,61.33112582781457,0.0,0.0,0.0,1.457576716532804,False,True,2530,PV+/PNN-,119.95676919,12.358547737957586,0.0,0.0,0.0,False,NONE
2805,1443,2001,129.48975747,12.84022896403991,1642.0,10.07361963190184,0.0,0.0,0.0,1.6249283354627473,False,True,2531,PV+/PNN-,129.48975747,12.84022896403991,0.0,0.0,0.0,False,NONE
2806,1444,1752,100.09637694,11.289227848029503,716.0,5.682539682539683,0.0,0.0,0.0,1.6906054080267294,False,True,2532,PV+/PNN-,100.09637694,11.289227848029503,0.0,0.0,0.0,False,NONE
2807,1446,1875,131.87300454,12.957851838301272,884.0,5.325301204819277,0.0,0.0,0.0,1.5380274015492768,False,True,2533,PV+/PNN-,131.87300454,12.957851838301272,0.0,0.0,0.0,False,NONE
2808,1446,2157,107.24611815,11.68546099424064,1402.0,10.385185185185184,0.0,0.0,0.0,1.6562248016505252,False,True,2534,PV+/PNN-,107.24611815,11.68546099424064,0.0,0.0,0.0,False,NONE
2809,1445,2455,72.29182779,9.593998848416254,4187.0,46.010989010989015,0.0,0.0,0.0,1.4759088291420144,False,True,2535,PV+/PNN-,72.29182779,9.593998848416254,0.0,0.0,0.0,False,NONE
2810,1445,2504,72.29182779,9.593998848416254,2720.0,29.89010989010989,0.0,0.0,0.0,1.5377564372203465,False,True,2536,PV+/PNN-,72.29182779,9.593998848416254,0.0,0.0,0.0,False,NONE
2811,1446,2024,93.74105142,10.924962866435578,1022.0,8.661016949152541,0.0,0.0,0.0,1.5898678912791568,False,True,2537,PV+/PNN-,93.74105142,10.924962866435578,0.0,0.0,0.0,False,NONE
2812,1448,2174,131.87300454,12.957851838301272,1854.0,11.168674698795181,0.0,0.0,0.0,1.6608024680056153,False,True,2538,PV+/PNN-,131.87300454,12.957851838301272,0.0,0.0,0.0,False,NONE
2813,1446,2681,65.14208658,9.10722134683339,2126.0,25.926829268292682,0.0,0.0,0.0,1.502707173736192,False,True,2539,PV+/PNN-,65.14208658,9.10722134683339,0.0,0.0,0.0,False,NONE
2814,1450,2772,166.03287921,14.539588286344586,9430.0,45.119617224880386,0.0,0.0,0.0,1.8409549873929612,False,True,2540,PV+/PNN-,166.03287921,14.539588286344586,0.0,0.0,0.0,False,NONE
2815,1450,531,115.98469074,12.152213577535832,1806.0,12.36986301369863,0.0,0.0,0.0,1.6488395166113483,False,True,2541,PV+/PNN-,115.98469074,12.152213577535832,0.0,0.0,0.0,False,NONE
2816,1449,2116,80.23598469,10.107404643036364,749.0,7.415841584158416,0.0,0.0,0.0,1.643860434517647,False,True,2542,PV+/PNN-,80.23598469,10.107404643036364,0.0,0.0,0.0,False,NONE
2817,1451,1951,98.50754556,11.199272407696524,874.0,7.048387096774194,0.0,0.0,0.0,1.6800497671943098,False,True,2543,PV+/PNN-,98.50754556,11.199272407696524,0.0,0.0,0.0,False,NONE
2818,1453,2817,154.11664386,14.008119269352957,7872.0,40.577319587628864,0.0,0.0,0.0,1.9753847792928927,False,True,2544,PV+/PNN-,154.11664386,14.008119269352957,0.0,0.0,0.0,False,NONE
2819,1452,1806,55.6090983,8.414493627225879,343.0,4.9,0.0,0.0,0.0,1.6640754912954854,False,True,2545,PV+/PNN-,55.6090983,8.414493627225879,0.0,0.0,0.0,False,NONE
2820,1455,2259,126.31209471,12.681701540530954,2707.0,17.0251572327044,0.0,0.0,0.0,1.533336225093536,False,True,2547,PV+/PNN-,126.31209471,12.681701540530954,0.0,0.0,0.0,False,NONE
2821,1458,137,251.03535804,17.87814713507186,20961.0,66.33227848101266,0.0,0.0,0.0,1.989114089098105,False,True,2548,PV+/PNN-,251.03535804,17.87814713507186,0.0,0.0,0.0,False,NONE
2822,1458,95,212.10898923,16.433671314756197,15273.0,57.20224719101124,0.0,0.0,0.0,1.7524436569542912,False,True,2549,PV+/PNN-,212.10898923,16.433671314756197,0.0,0.0,0.0,False,NONE
2823,1455,2342,68.31974934,9.326703948667076,1851.0,21.523255813953487,0.0,0.0,0.0,1.4605776831648805,False,True,2550,PV+/PNN-,68.31974934,9.326703948667076,0.0,0.0,0.0,False,NONE
2824,1457,291,87.3857259,10.548125988120718,1326.0,12.054545454545455,0.0,0.0,0.0,1.7861180303216815,False,True,2551,PV+/PNN-,87.3857259,10.548125988120718,0.0,0.0,0.0,False,NONE
2825,1457,884,124.72326333,12.60169000650996,1467.0,9.343949044585987,0.0,0.0,0.0,1.3459285781169386,False,True,2552,PV+/PNN-,124.72326333,12.60169000650996,0.0,0.0,0.0,False,NONE
2826,1457,2290,81.03040038,10.157318055940708,1745.0,17.107843137254903,0.0,0.0,0.0,1.3510192890028516,False,True,2553,PV+/PNN-,81.03040038,10.157318055940708,0.0,0.0,0.0,False,NONE
2827,1458,3,45.28169433,7.593052342343362,5330.0,93.50877192982456,0.0,0.0,0.0,2.103443397977212,False,True,2554,PV+/PNN-,45.28169433,7.593052342343362,0.0,0.0,0.0,False,NONE
2828,1459,2709,113.60144367,12.026714032504808,5981.0,41.82517482517483,0.0,0.0,0.0,1.6834305554213764,False,True,2555,PV+/PNN-,113.60144367,12.026714032504808,0.0,0.0,0.0,False,NONE
2829,1461,2781,206.5480794,16.216817893198968,7542.0,29.00769230769231,0.0,0.0,0.0,1.7576434256382347,False,True,2556,PV+/PNN-,206.5480794,16.216817893198968,0.0,0.0,0.0,False,NONE
2830,1458,1667,109.62936522,11.814586030086609,981.0,7.108695652173913,0.0,0.0,0.0,1.575728749953552,False,True,2557,PV+/PNN-,109.62936522,11.814586030086609,0.0,0.0,0.0,False,NONE
2831,1459,2016,81.03040038,10.157318055940708,766.0,7.509803921568627,0.0,0.0,0.0,1.6829219237393191,False,True,2558,PV+/PNN-,81.03040038,10.157318055940708,0.0,0.0,0.0,False,NONE
2832,1462,2147,142.9948242,13.493208101259413,1356.0,7.533333333333333,0.0,0.0,0.0,1.5794775425351406,False,True,2559,PV+/PNN-,142.9948242,13.493208101259413,0.0,0.0,0.0,False,NONE
2833,1463,1700,129.48975747,12.84022896403991,1167.0,7.159509202453988,0.0,0.0,0.0,1.774551485476381,False,True,2560,PV+/PNN-,129.48975747,12.84022896403991,0.0,0.0,0.0,False,NONE
2834,1462,1737,94.53546711,10.971157418634661,692.0,5.815126050420168,0.0,0.0,0.0,1.570058307393165,False,True,2561,PV+/PNN-,94.53546711,10.971157418634661,0.0,0.0,0.0,False,NONE
2835,1462,2382,92.15222004,10.83198276817611,3977.0,34.28448275862069,0.0,0.0,0.0,1.6525655027910435,False,True,2562,PV+/PNN-,92.15222004,10.83198276817611,0.0,0.0,0.0,False,NONE
2836,1462,2430,85.00247883,10.403293586497956,4376.0,40.89719626168224,0.0,0.0,0.0,1.7134642481627957,False,True,2563,PV+/PNN-,85.00247883,10.403293586497956,0.0,0.0,0.0,False,NONE
2837,1460,2661,34.15987467,6.594975608221839,1555.0,36.16279069767442,0.0,0.0,0.0,1.669798247419999,False,True,2564,PV+/PNN-,34.15987467,6.594975608221839,0.0,0.0,0.0,False,NONE
2838,1463,2235,54.02026692,8.293415464071046,802.0,11.794117647058824,0.0,0.0,0.0,1.4120492445085495,False,True,2565,PV+/PNN-,54.02026692,8.293415464071046,0.0,0.0,0.0,False,NONE
2839,1464,2522,117.57352212,12.235164803834003,4766.0,32.2027027027027,0.0,0.0,0.0,1.7273895107201465,False,True,2566,PV+/PNN-,117.57352212,12.235164803834003,0.0,0.0,0.0,False,NONE
2840,1470,2122,131.87300454,12.957851838301272,1206.0,7.265060240963855,0.0,0.0,0.0,1.594021051104678,False,True,2567,PV+/PNN-,131.87300454,12.957851838301272,0.0,0.0,0.0,False,NONE
2841,1468,244,93.74105142,10.924962866435578,5381.0,45.601694915254235,0.0,0.0,0.0,2.1152469626245876,False,True,2568,PV+/PNN-,93.74105142,10.924962866435578,0.0,0.0,0.0,False,NONE
2842,1467,2844,69.11416503,9.380772250595795,3240.0,37.241379310344826,0.0,0.0,0.0,1.5084806101989419,False,True,2569,PV+/PNN-,69.11416503,9.380772250595795,0.0,0.0,0.0,False,NONE
2843,1471,13,146.17248696000001,13.642308849668991,6243.0,33.92934782608695,0.0,0.0,0.0,2.0340804363370997,False,True,2570,PV+/PNN-,146.17248696000001,13.642308849668991,0.0,0.0,0.0,False,NONE
2844,1469,1656,96.91871418,11.108588547554572,1241.0,10.172131147540984,0.0,0.0,0.0,1.7502289328317253,False,True,2571,PV+/PNN-,96.91871418,11.108588547554572,0.0,0.0,0.0,False,NONE
2845,1469,2438,60.37559244,8.767701627645716,2205.0,29.013157894736842,0.0,0.0,0.0,1.5551418294433226,False,True,2572,PV+/PNN-,60.37559244,8.767701627645716,0.0,0.0,0.0,False,NONE
2846,1473,2087,146.17248696000001,13.642308849668991,1272.0,6.913043478260869,0.0,0.0,0.0,1.3982275407676075,False,True,2573,PV+/PNN-,146.17248696000001,13.642308849668991,0.0,0.0,0.0,False,NONE
2847,1475,2248,168.41612628000001,14.643567596416075,2433.0,11.476415094339623,0.0,0.0,0.0,1.7042879290979307,False,True,2574,PV+/PNN-,168.41612628000001,14.643567596416075,0.0,0.0,0.0,False,NONE
2848,1476,46,158.883138,14.223090180871878,12107.0,60.535,0.0,0.0,0.0,1.7843737744326955,False,True,2575,PV+/PNN-,158.883138,14.223090180871878,0.0,0.0,0.0,False,NONE
2849,1475,206,187.48210284,15.45023065413564,6857.0,29.055084745762713,0.0,0.0,0.0,1.9143454745447668,False,True,2576,PV+/PNN-,187.48210284,15.45023065413564,0.0,0.0,0.0,False,NONE
2850,1475,147,157.29430662000001,14.151796046802042,9340.0,47.17171717171717,0.0,0.0,0.0,1.8708759461124094,False,True,2577,PV+/PNN-,157.29430662000001,14.151796046802042,0.0,0.0,0.0,False,NONE
2851,1479,1752,115.98469074,12.152213577535832,885.0,6.061643835616438,0.0,0.0,0.0,1.6651935748703344,False,True,2579,PV+/PNN-,115.98469074,12.152213577535832,0.0,0.0,0.0,False,NONE
2852,1478,2660,108.83494953,11.77170172875832,9803.0,71.55474452554745,0.0,0.0,0.0,2.0932768240473556,False,True,2580,PV+/PNN-,108.83494953,11.77170172875832,0.0,0.0,0.0,False,NONE
2853,1480,2324,97.71312987,11.154022637162193,2978.0,24.211382113821138,0.0,0.0,0.0,1.5224659531832425,False,True,2581,PV+/PNN-,97.71312987,11.154022637162193,0.0,0.0,0.0,False,NONE
2854,1479,2522,72.29182779,9.593998848416254,3109.0,34.16483516483517,0.0,0.0,0.0,1.6642629082896623,False,True,2582,PV+/PNN-,72.29182779,9.593998848416254,0.0,0.0,0.0,False,NONE
2855,1481,980,145.37807127,13.6051868520168,2056.0,11.234972677595628,0.0,0.0,0.0,1.1309386634671452,False,True,2583,PV+/PNN-,145.37807127,13.6051868520168,0.0,0.0,0.0,False,NONE
2856,1484,2337,79.441569,10.057243516322302,1594.0,15.94,0.0,0.0,0.0,1.7123166255965843,False,True,2584,PV+/PNN-,79.441569,10.057243516322302,0.0,0.0,0.0,False,NONE
2857,1482,2846,82.61923176,10.256416188536388,7066.0,67.9423076923077,0.0,0.0,0.0,1.7760102910675575,False,True,2585,PV+/PNN-,82.61923176,10.256416188536388,0.0,0.0,0.0,False,NONE
2858,1486,329,110.42378091,11.857315232959936,1251.0,9.0,0.0,0.0,0.0,1.7404634221450561,False,True,2586,PV+/PNN-,110.42378091,11.857315232959936,0.0,0.0,0.0,False,NONE
2859,1484,2016,86.59131021,10.500070494515816,727.0,6.669724770642202,0.0,0.0,0.0,1.5200807794209232,False,True,2587,PV+/PNN-,86.59131021,10.500070494515816,0.0,0.0,0.0,False,NONE
2860,1488,161,127.90092609,12.761211420003875,6202.0,38.52173913043478,0.0,0.0,0.0,1.943310515488935,False,True,2588,PV+/PNN-,127.90092609,12.761211420003875,0.0,0.0,0.0,False,NONE
2861,1487,399,75.46949055,9.802588422925686,1093.0,11.505263157894737,0.0,0.0,0.0,1.8257769010607323,False,True,2589,PV+/PNN-,75.46949055,9.802588422925686,0.0,0.0,0.0,False,NONE
2862,1488,249,100.09637694,11.289227848029503,1620.0,12.857142857142858,0.0,0.0,0.0,1.846265633745764,False,True,2590,PV+/PNN-,100.09637694,11.289227848029503,0.0,0.0,0.0,False,NONE
2863,1486,1882,85.79689452,10.451794052617739,496.0,4.592592592592593,0.0,0.0,0.0,1.8926253096664325,False,True,2591,PV+/PNN-,85.79689452,10.451794052617739,0.0,0.0,0.0,False,NONE
2864,1487,2120,99.30196125,11.244340084382843,798.0,6.384,0.0,0.0,0.0,1.4974243000735068,False,True,2592,PV+/PNN-,99.30196125,11.244340084382843,0.0,0.0,0.0,False,NONE
2865,1488,2584,91.35780435,10.78519212710641,3645.0,31.695652173913043,0.0,0.0,0.0,1.6432070164221508,False,True,2593,PV+/PNN-,91.35780435,10.78519212710641,0.0,0.0,0.0,False,NONE
2866,1487,837,30.98221191,6.280746562883805,483.0,12.384615384615385,0.0,0.0,0.0,1.6049141934670204,False,True,2594,PV+/PNN-,30.98221191,6.280746562883805,0.0,0.0,0.0,False,NONE
2867,1489,2074,75.46949055,9.802588422925686,504.0,5.3052631578947365,0.0,0.0,0.0,1.4828827141358552,False,True,2595,PV+/PNN-,75.46949055,9.802588422925686,0.0,0.0,0.0,False,NONE
2868,1489,2141,76.26390624,9.854045933561641,817.0,8.510416666666666,0.0,0.0,0.0,1.5322803469217443,False,True,2596,PV+/PNN-,76.26390624,9.854045933561641,0.0,0.0,0.0,False,NONE
2869,1489,2424,89.76897297000001,10.690996505268625,2787.0,24.663716814159294,0.0,0.0,0.0,1.605127041675746,False,True,2597,PV+/PNN-,89.76897297000001,10.690996505268625,0.0,0.0,0.0,False,NONE
2870,1491,178,115.98469074,12.152213577535832,7685.0,52.636986301369866,0.0,0.0,0.0,1.7966101144514728,False,True,2598,PV+/PNN-,115.98469074,12.152213577535832,0.0,0.0,0.0,False,NONE
2871,1494,2358,142.9948242,13.493208101259413,9990.0,55.5,0.0,0.0,0.0,2.0934946792029954,False,True,2599,PV+/PNN-,142.9948242,13.493208101259413,0.0,0.0,0.0,False,NONE
2872,1494,4,85.79689452,10.451794052617739,3919.0,36.28703703703704,0.0,0.0,0.0,2.1216037576444324,False,True,2600,PV+/PNN-,85.79689452,10.451794052617739,0.0,0.0,0.0,False,NONE
2873,1494,940,85.00247883,10.403293586497956,1418.0,13.25233644859813,0.0,0.0,0.0,1.0464086315524421,False,True,2601,PV+/PNN-,85.00247883,10.403293586497956,0.0,0.0,0.0,False,NONE
2874,1495,1960,74.67507486,9.75085936304132,556.0,5.914893617021277,0.0,0.0,0.0,1.6900726209451749,False,True,2602,PV+/PNN-,74.67507486,9.75085936304132,0.0,0.0,0.0,False,NONE
2875,1500,2731,96.91871418,11.108588547554572,4008.0,32.85245901639344,0.0,0.0,0.0,1.6663521469132718,False,True,2603,PV+/PNN-,96.91871418,11.108588547554572,0.0,0.0,0.0,False,NONE
2876,1502,2267,87.3857259,10.548125988120718,1520.0,13.818181818181818,0.0,0.0,0.0,1.6380500859677576,False,True,2604,PV+/PNN-,87.3857259,10.548125988120718,0.0,0.0,0.0,False,NONE
2877,1504,1814,119.1623535,12.317557416952052,1127.0,7.513333333333334,0.0,0.0,0.0,1.582130534208265,False,True,2605,PV+/PNN-,119.1623535,12.317557416952052,0.0,0.0,0.0,False,NONE
2878,1505,2608,96.91871418,11.108588547554572,3496.0,28.65573770491803,0.0,0.0,0.0,1.6824285308809754,False,True,2606,PV+/PNN-,96.91871418,11.108588547554572,0.0,0.0,0.0,False,NONE
2879,1502,2856,67.52533365000001,9.272320371655413,4226.0,49.71764705882353,0.0,0.0,0.0,1.4697350928632504,False,True,2607,PV+/PNN-,67.52533365000001,9.272320371655413,0.0,0.0,0.0,False,NONE
2880,1508,2817,167.62171059,14.608990056788349,11152.0,52.85308056872038,0.0,0.0,0.0,1.6768003057911078,False,True,2609,PV+/PNN-,167.62171059,14.608990056788349,0.0,0.0,0.0,False,NONE
2881,1507,2209,100.89079263,11.333937836259333,1317.0,10.37007874015748,0.0,0.0,0.0,1.448998995371831,False,True,2610,PV+/PNN-,100.89079263,11.333937836259333,0.0,0.0,0.0,False,NONE
2882,1510,2227,117.57352212,12.235164803834003,1176.0,7.945945945945946,0.0,0.0,0.0,1.6542145714734957,False,True,2611,PV+/PNN-,117.57352212,12.235164803834003,0.0,0.0,0.0,False,NONE
2883,1508,1960,98.50754556,11.199272407696524,686.0,5.532258064516129,0.0,0.0,0.0,1.8533500297129204,False,True,2612,PV+/PNN-,98.50754556,11.199272407696524,0.0,0.0,0.0,False,NONE
2884,1508,2545,77.05832193,9.90523612702942,2415.0,24.896907216494846,0.0,0.0,0.0,1.504175948985376,False,True,2613,PV+/PNN-,77.05832193,9.90523612702942,0.0,0.0,0.0,False,NONE
2885,1512,2147,154.11664386,14.008119269352957,1091.0,5.623711340206185,0.0,0.0,0.0,1.798681467927574,False,True,2615,PV+/PNN-,154.11664386,14.008119269352957,0.0,0.0,0.0,False,NONE
2886,1508,1651,43.69286295,7.4586514150102134,461.0,8.381818181818181,0.0,0.0,0.0,1.5520001287777805,False,True,2616,PV+/PNN-,43.69286295,7.4586514150102134,0.0,0.0,0.0,False,NONE
2887,1510,2116,77.05832193,9.90523612702942,692.0,7.134020618556701,0.0,0.0,0.0,1.5243957308829,False,True,2617,PV+/PNN-,77.05832193,9.90523612702942,0.0,0.0,0.0,False,NONE
2888,1514,14,167.62171059,14.608990056788349,5802.0,27.497630331753555,0.0,0.0,0.0,2.002945846107672,False,True,2618,PV+/PNN-,167.62171059,14.608990056788349,0.0,0.0,0.0,False,NONE
2889,1517,370,123.92884764,12.56149312576761,1633.0,10.467948717948717,0.0,0.0,0.0,1.5748493839844977,False,True,2620,PV+/PNN-,123.92884764,12.56149312576761,0.0,0.0,0.0,False,NONE
2890,1513,2051,52.43143554,8.17054325713784,359.0,5.4393939393939394,0.0,0.0,0.0,1.5504496790986821,False,True,2621,PV+/PNN-,52.43143554,8.17054325713784,0.0,0.0,0.0,False,NONE
2891,1514,2624,89.76897297000001,10.690996505268625,5104.0,45.16814159292036,0.0,0.0,0.0,1.6292756384475484,False,True,2622,PV+/PNN-,89.76897297000001,10.690996505268625,0.0,0.0,0.0,False,NONE
2892,1514,2587,89.76897297000001,10.690996505268625,2591.0,22.92920353982301,0.0,0.0,0.0,1.5975806051845578,False,True,2623,PV+/PNN-,89.76897297000001,10.690996505268625,0.0,0.0,0.0,False,NONE
2893,1517,2174,129.48975747,12.84022896403991,1203.0,7.380368098159509,0.0,0.0,0.0,1.5098336046830294,False,True,2624,PV+/PNN-,129.48975747,12.84022896403991,0.0,0.0,0.0,False,NONE
2894,1517,2709,65.93650227,9.1625849044734,2797.0,33.69879518072289,0.0,0.0,0.0,1.6109732569333775,False,True,2625,PV+/PNN-,65.93650227,9.1625849044734,0.0,0.0,0.0,False,NONE
2895,1520,2593,79.441569,10.057243516322302,5014.0,50.14,0.0,0.0,0.0,1.4411429767222248,False,True,2626,PV+/PNN-,79.441569,10.057243516322302,0.0,0.0,0.0,False,NONE
2896,1521,1881,93.74105142,10.924962866435578,601.0,5.093220338983051,0.0,0.0,0.0,1.7763160348928033,False,True,2627,PV+/PNN-,93.74105142,10.924962866435578,0.0,0.0,0.0,False,NONE
2897,1523,2211,118.36793781,12.276430232296539,1333.0,8.946308724832214,0.0,0.0,0.0,1.609918269139279,False,True,2628,PV+/PNN-,118.36793781,12.276430232296539,0.0,0.0,0.0,False,NONE
2898,1522,2320,67.52533365000001,9.272320371655413,1509.0,17.75294117647059,0.0,0.0,0.0,1.6142005217863278,False,True,2629,PV+/PNN-,67.52533365000001,9.272320371655413,0.0,0.0,0.0,False,NONE
2899,1526,1944,108.83494953,11.77170172875832,712.0,5.197080291970803,0.0,0.0,0.0,1.8467892765234921,False,True,2630,PV+/PNN-,108.83494953,11.77170172875832,0.0,0.0,0.0,False,NONE
2900,1528,2025,125.51767902,12.64175907426016,1108.0,7.012658227848101,0.0,0.0,0.0,1.7707999800110927,False,True,2631,PV+/PNN-,125.51767902,12.64175907426016,0.0,0.0,0.0,False,NONE
2901,1527,2296,77.05832193,9.90523612702942,1274.0,13.1340206185567,0.0,0.0,0.0,1.5147254004101711,False,True,2632,PV+/PNN-,77.05832193,9.90523612702942,0.0,0.0,0.0,False,NONE
2902,1528,2488,88.97455728,10.643586087602236,1485.0,13.258928571428571,0.0,0.0,0.0,1.6773235300713554,False,True,2633,PV+/PNN-,88.97455728,10.643586087602236,0.0,0.0,0.0,False,NONE
2903,1529,70,141.40599282,13.418036440588484,11655.0,65.47752808988764,0.0,0.0,0.0,2.2899619136800196,False,True,2634,PV+/PNN-,141.40599282,13.418036440588484,0.0,0.0,0.0,False,NONE
2904,1529,175,131.87300454,12.957851838301272,11368.0,68.48192771084338,0.0,0.0,0.0,1.7548101548738575,False,True,2635,PV+/PNN-,131.87300454,12.957851838301272,0.0,0.0,0.0,False,NONE
2905,1532,2089,140.61157713,13.380292240810528,1038.0,5.864406779661017,0.0,0.0,0.0,1.5667425401332784,False,True,2636,PV+/PNN-,140.61157713,13.380292240810528,0.0,0.0,0.0,False,NONE
2906,1529,2138,47.664941400000004,7.7903073294937615,398.0,6.633333333333334,0.0,0.0,0.0,1.4638829053490057,False,True,2637,PV+/PNN-,47.664941400000004,7.7903073294937615,0.0,0.0,0.0,False,NONE
2907,1533,156,130.28417316,12.879555944225542,10658.0,64.98780487804878,0.0,0.0,0.0,1.762691113828959,False,True,2638,PV+/PNN-,130.28417316,12.879555944225542,0.0,0.0,0.0,False,NONE
2908,1533,2039,68.31974934,9.326703948667076,484.0,5.627906976744186,0.0,0.0,0.0,1.4814005829248686,False,True,2639,PV+/PNN-,68.31974934,9.326703948667076,0.0,0.0,0.0,False,NONE
2909,1533,2547,83.41364745,10.305607915302103,1819.0,17.323809523809523,0.0,0.0,0.0,1.5682429349397666,False,True,2640,PV+/PNN-,83.41364745,10.305607915302103,0.0,0.0,0.0,False,NONE
2910,1533,2616,82.61923176,10.256416188536388,8160.0,78.46153846153847,0.0,0.0,0.0,1.5333052836086483,False,True,2641,PV+/PNN-,82.61923176,10.256416188536388,0.0,0.0,0.0,False,NONE
2911,1539,2292,106.45170246,11.642101063659146,1830.0,13.656716417910447,0.0,0.0,0.0,1.5514910258980765,False,True,2642,PV+/PNN-,106.45170246,11.642101063659146,0.0,0.0,0.0,False,NONE
2912,1537,2664,73.88065917,9.698854408967303,2297.0,24.698924731182796,0.0,0.0,0.0,1.6156352516285297,False,True,2643,PV+/PNN-,73.88065917,9.698854408967303,0.0,0.0,0.0,False,NONE
2913,1540,10,146.17248696000001,13.642308849668991,6334.0,34.42391304347826,0.0,0.0,0.0,1.9376829128105295,False,True,2644,PV+/PNN-,146.17248696000001,13.642308849668991,0.0,0.0,0.0,False,NONE
2914,1538,2521,101.68520832,11.378472144697502,2123.0,16.5859375,0.0,0.0,0.0,1.6981663496971853,False,True,2645,PV+/PNN-,101.68520832,11.378472144697502,0.0,0.0,0.0,False,NONE
2915,1538,2693,88.18014159,10.595963539609496,2795.0,25.18018018018018,0.0,0.0,0.0,1.6255976004820234,False,True,2646,PV+/PNN-,88.18014159,10.595963539609496,0.0,0.0,0.0,False,NONE
2916,1540,1960,77.85273762,9.956163126610313,625.0,6.377551020408164,0.0,0.0,0.0,1.806432085300893,False,True,2647,PV+/PNN-,77.85273762,9.956163126610313,0.0,0.0,0.0,False,NONE
2917,1539,2106,108.83494953,11.77170172875832,890.0,6.4963503649635035,0.0,0.0,0.0,1.5492613782497375,False,True,2648,PV+/PNN-,108.83494953,11.77170172875832,0.0,0.0,0.0,False,NONE
2918,1541,2494,142.20040851,13.455674765407588,3039.0,16.977653631284916,0.0,0.0,0.0,1.613550382518983,False,True,2649,PV+/PNN-,142.20040851,13.455674765407588,0.0,0.0,0.0,False,NONE
2919,1543,212,104.06845539,11.51104134134072,3390.0,25.87786259541985,0.0,0.0,0.0,1.694428460367655,False,True,2650,PV+/PNN-,104.06845539,11.51104134134072,0.0,0.0,0.0,False,NONE
2920,1547,2701,142.20040851,13.455674765407588,4033.0,22.53072625698324,0.0,0.0,0.0,1.580679116976081,False,True,2651,PV+/PNN-,142.20040851,13.455674765407588,0.0,0.0,0.0,False,NONE
2921,1547,261,118.36793781,12.276430232296539,1259.0,8.449664429530202,0.0,0.0,0.0,1.7547136200430251,False,True,2652,PV+/PNN-,118.36793781,12.276430232296539,0.0,0.0,0.0,False,NONE
2922,1546,2193,107.24611815,11.68546099424064,1055.0,7.814814814814815,0.0,0.0,0.0,1.6082182856606553,False,True,2653,PV+/PNN-,107.24611815,11.68546099424064,0.0,0.0,0.0,False,NONE
2923,1548,280,112.80702798,11.984588810142046,1235.0,8.69718309859155,0.0,0.0,0.0,1.5739793907779613,False,True,2654,PV+/PNN-,112.80702798,11.984588810142046,0.0,0.0,0.0,False,NONE
2924,1547,2398,58.78676106,8.651568001725998,923.0,12.472972972972974,0.0,0.0,0.0,1.5844967159707812,False,True,2655,PV+/PNN-,58.78676106,8.651568001725998,0.0,0.0,0.0,False,NONE
2925,1550,186,103.2740397,11.467021901548332,4509.0,34.684615384615384,0.0,0.0,0.0,2.129244470842213,False,True,2656,PV+/PNN-,103.2740397,11.467021901548332,0.0,0.0,0.0,False,NONE
2926,1548,2522,77.05832193,9.90523612702942,1454.0,14.989690721649485,0.0,0.0,0.0,1.7406594850912005,False,True,2657,PV+/PNN-,77.05832193,9.90523612702942,0.0,0.0,0.0,False,NONE
2927,1553,2230,125.51767902,12.64175907426016,1371.0,8.677215189873417,0.0,0.0,0.0,1.4869106811735937,False,True,2658,PV+/PNN-,125.51767902,12.64175907426016,0.0,0.0,0.0,False,NONE
2928,1553,2656,72.29182779,9.593998848416254,4249.0,46.69230769230769,0.0,0.0,0.0,1.5536868817253715,False,True,2659,PV+/PNN-,72.29182779,9.593998848416254,0.0,0.0,0.0,False,NONE
2929,1555,55,144.58365558,13.56796328882212,6724.0,36.94505494505494,0.0,0.0,0.0,1.8699530593986602,False,True,2660,PV+/PNN-,144.58365558,13.56796328882212,0.0,0.0,0.0,False,NONE
2930,1555,2057,119.1623535,12.317557416952052,833.0,5.553333333333334,0.0,0.0,0.0,1.8061188311820546,False,True,2661,PV+/PNN-,119.1623535,12.317557416952052,0.0,0.0,0.0,False,NONE
2931,1553,2301,77.05832193,9.90523612702942,1074.0,11.072164948453608,0.0,0.0,0.0,1.561318810869683,False,True,2662,PV+/PNN-,77.05832193,9.90523612702942,0.0,0.0,0.0,False,NONE
2932,1554,2444,74.67507486,9.75085936304132,1376.0,14.638297872340425,0.0,0.0,0.0,1.7381530551427566,False,True,2663,PV+/PNN-,74.67507486,9.75085936304132,0.0,0.0,0.0,False,NONE
2933,1555,2765,85.00247883,10.403293586497956,2315.0,21.635514018691588,0.0,0.0,0.0,1.4640157320349096,False,True,2664,PV+/PNN-,85.00247883,10.403293586497956,0.0,0.0,0.0,False,NONE
2934,1555,2098,73.88065917,9.698854408967303,586.0,6.301075268817204,0.0,0.0,0.0,1.4606736412282906,False,True,2665,PV+/PNN-,73.88065917,9.698854408967303,0.0,0.0,0.0,False,NONE
2935,1557,2376,101.68520832,11.378472144697502,1844.0,14.40625,0.0,0.0,0.0,1.654196565828996,False,True,2666,PV+/PNN-,101.68520832,11.378472144697502,0.0,0.0,0.0,False,NONE
2936,1558,2621,94.53546711,10.971157418634661,4391.0,36.89915966386555,0.0,0.0,0.0,1.6496002846275974,False,True,2667,PV+/PNN-,94.53546711,10.971157418634661,0.0,0.0,0.0,False,NONE
2937,1557,2717,83.41364745,10.305607915302103,2445.0,23.285714285714285,0.0,0.0,0.0,1.5966678457232426,False,True,2668,PV+/PNN-,83.41364745,10.305607915302103,0.0,0.0,0.0,False,NONE
2938,1559,2187,87.3857259,10.548125988120718,751.0,6.827272727272727,0.0,0.0,0.0,1.5791329981620077,False,True,2669,PV+/PNN-,87.3857259,10.548125988120718,0.0,0.0,0.0,False,NONE
2939,1558,2336,88.97455728,10.643586087602236,936.0,8.357142857142858,0.0,0.0,0.0,1.3453611791357625,False,True,2670,PV+/PNN-,88.97455728,10.643586087602236,0.0,0.0,0.0,False,NONE
2940,1557,2734,60.37559244,8.767701627645716,3147.0,41.4078947368421,0.0,0.0,0.0,1.690908179632819,False,True,2671,PV+/PNN-,60.37559244,8.767701627645716,0.0,0.0,0.0,False,NONE
2941,1560,237,101.68520832,11.378472144697502,1445.0,11.2890625,0.0,0.0,0.0,1.5902405165661755,False,True,2672,PV+/PNN-,101.68520832,11.378472144697502,0.0,0.0,0.0,False,NONE
2942,1562,2069,153.32222817,13.97196922387648,1144.0,5.927461139896373,0.0,0.0,0.0,1.6515904120512852,False,True,2673,PV+/PNN-,153.32222817,13.97196922387648,0.0,0.0,0.0,False,NONE
2943,1561,2449,80.23598469,10.107404643036364,1333.0,13.198019801980198,0.0,0.0,0.0,1.6168426975353334,False,True,2674,PV+/PNN-,80.23598469,10.107404643036364,0.0,0.0,0.0,False,NONE
2944,1564,2213,146.17248696000001,13.642308849668991,1274.0,6.923913043478261,0.0,0.0,0.0,1.6299523569372476,False,True,2675,PV+/PNN-,146.17248696000001,13.642308849668991,0.0,0.0,0.0,False,NONE
2945,1565,2637,142.20040851,13.455674765407588,4389.0,24.519553072625698,0.0,0.0,0.0,1.6440396722979067,False,True,2676,PV+/PNN-,142.20040851,13.455674765407588,0.0,0.0,0.0,False,NONE
2946,1568,2723,150.14456541,13.82642390884524,4915.0,26.005291005291006,0.0,0.0,0.0,1.6815816268256258,False,True,2677,PV+/PNN-,150.14456541,13.82642390884524,0.0,0.0,0.0,False,NONE
2947,1567,6,119.95676919,12.358547737957586,3637.0,24.08609271523179,0.0,0.0,0.0,2.0488525097175563,False,True,2678,PV+/PNN-,119.95676919,12.358547737957586,0.0,0.0,0.0,False,NONE
2948,1569,2239,139.81716144,13.342441267550265,1693.0,9.619318181818182,0.0,0.0,0.0,1.6231270078064328,False,True,2679,PV+/PNN-,139.81716144,13.342441267550265,0.0,0.0,0.0,False,NONE
2949,1571,2170,181.92119301,15.21937110940298,1432.0,6.253275109170306,0.0,0.0,0.0,1.6328807919503259,False,True,2680,PV+/PNN-,181.92119301,15.21937110940298,0.0,0.0,0.0,False,NONE
2950,1572,2612,77.05832193,9.90523612702942,2038.0,21.010309278350515,0.0,0.0,0.0,1.5498902384928215,False,True,2681,PV+/PNN-,77.05832193,9.90523612702942,0.0,0.0,0.0,False,NONE
2951,1573,94,112.80702798,11.984588810142046,8486.0,59.76056338028169,0.0,0.0,0.0,1.9961493685409932,False,True,2682,PV+/PNN-,112.80702798,11.984588810142046,0.0,0.0,0.0,False,NONE
2952,1576,183,127.90092609,12.761211420003875,4043.0,25.111801242236027,0.0,0.0,0.0,1.6403468701197141,False,True,2683,PV+/PNN-,127.90092609,12.761211420003875,0.0,0.0,0.0,False,NONE
2953,1577,2658,128.69534178,12.800781162784691,3255.0,20.09259259259259,0.0,0.0,0.0,1.5865311315073363,False,True,2684,PV+/PNN-,128.69534178,12.800781162784691,0.0,0.0,0.0,False,NONE
2954,1574,2838,53.22585123,8.232208609372499,2159.0,32.223880597014926,0.0,0.0,0.0,1.3453043596179384,False,True,2685,PV+/PNN-,53.22585123,8.232208609372499,0.0,0.0,0.0,False,NONE
2955,1578,151,127.90092609,12.761211420003875,6022.0,37.40372670807454,0.0,0.0,0.0,1.7272105726381621,False,True,2686,PV+/PNN-,127.90092609,12.761211420003875,0.0,0.0,0.0,False,NONE
2956,1577,2213,121.54560057,12.440123196106569,1280.0,8.366013071895425,0.0,0.0,0.0,1.471964497630582,False,True,2687,PV+/PNN-,121.54560057,12.440123196106569,0.0,0.0,0.0,False,NONE
2957,1581,2441,102.47962401,11.422832828117684,1468.0,11.37984496124031,0.0,0.0,0.0,1.4437210500258426,False,True,2689,PV+/PNN-,102.47962401,11.422832828117684,0.0,0.0,0.0,False,NONE
2958,1583,2699,139.81716144,13.342441267550265,4078.0,23.170454545454547,0.0,0.0,0.0,1.53930582203016,False,True,2690,PV+/PNN-,139.81716144,13.342441267550265,0.0,0.0,0.0,False,NONE
2959,1582,2318,125.51767902,12.64175907426016,1503.0,9.512658227848101,0.0,0.0,0.0,1.7184477709098809,False,True,2691,PV+/PNN-,125.51767902,12.64175907426016,0.0,0.0,0.0,False,NONE
2960,1583,2577,106.45170246,11.642101063659146,2617.0,19.529850746268657,0.0,0.0,0.0,1.624674564855533,False,True,2692,PV+/PNN-,106.45170246,11.642101063659146,0.0,0.0,0.0,False,NONE
2961,1582,2852,81.03040038,10.157318055940708,3118.0,30.568627450980394,0.0,0.0,0.0,1.4388021017165267,False,True,2693,PV+/PNN-,81.03040038,10.157318055940708,0.0,0.0,0.0,False,NONE
2962,1586,129,185.09885577,15.351715957885437,7431.0,31.892703862660944,0.0,0.0,0.0,1.8661624903640768,False,True,2694,PV+/PNN-,185.09885577,15.351715957885437,0.0,0.0,0.0,False,NONE
2963,1583,2331,81.82481607,10.206987389088184,739.0,7.174757281553398,0.0,0.0,0.0,1.5324614522392361,False,True,2695,PV+/PNN-,81.82481607,10.206987389088184,0.0,0.0,0.0,False,NONE
2964,1585,2736,89.76897297000001,10.690996505268625,4071.0,36.02654867256637,0.0,0.0,0.0,1.5636216409742103,False,True,2696,PV+/PNN-,89.76897297000001,10.690996505268625,0.0,0.0,0.0,False,NONE
2965,1585,464,88.97455728,10.643586087602236,1110.0,9.910714285714286,0.0,0.0,0.0,1.779348656276331,False,True,2697,PV+/PNN-,88.97455728,10.643586087602236,0.0,0.0,0.0,False,NONE
2966,1585,2361,91.35780435,10.78519212710641,835.0,7.260869565217392,0.0,0.0,0.0,1.5245639105432953,False,True,2698,PV+/PNN-,91.35780435,10.78519212710641,0.0,0.0,0.0,False,NONE
2967,1585,2822,83.41364745,10.305607915302103,2494.0,23.752380952380953,0.0,0.0,0.0,1.3928206283903157,False,True,2699,PV+/PNN-,83.41364745,10.305607915302103,0.0,0.0,0.0,False,NONE
2968,1587,2282,120.75118488,12.39940255265723,1093.0,7.190789473684211,0.0,0.0,0.0,1.824430457918357,False,True,2700,PV+/PNN-,120.75118488,12.39940255265723,0.0,0.0,0.0,False,NONE
2969,1590,2458,104.86287108,11.554893086200376,1590.0,12.045454545454545,0.0,0.0,0.0,1.5000600645279747,False,True,2701,PV+/PNN-,104.86287108,11.554893086200376,0.0,0.0,0.0,False,NONE
2970,1593,582,114.39585936,12.068692219586765,2916.0,20.25,0.0,0.0,0.0,1.1275214610778748,False,True,2703,PV+/PNN-,114.39585936,12.068692219586765,0.0,0.0,0.0,False,NONE
2971,1596,2072,141.40599282,13.418036440588484,1179.0,6.623595505617978,0.0,0.0,0.0,1.642736276570876,False,True,2704,PV+/PNN-,141.40599282,13.418036440588484,0.0,0.0,0.0,False,NONE
2972,1595,2205,107.24611815,11.68546099424064,1323.0,9.8,0.0,0.0,0.0,1.5324185235713863,False,True,2705,PV+/PNN-,107.24611815,11.68546099424064,0.0,0.0,0.0,False,NONE
2973,1596,2182,109.62936522,11.814586030086609,939.0,6.804347826086956,0.0,0.0,0.0,1.5077561372104573,False,True,2706,PV+/PNN-,109.62936522,11.814586030086609,0.0,0.0,0.0,False,NONE
2974,1600,56,147.76131834,13.716251444643651,8393.0,45.123655913978496,0.0,0.0,0.0,2.0103747384764765,False,True,2707,PV+/PNN-,147.76131834,13.716251444643651,0.0,0.0,0.0,False,NONE
2975,1597,2342,92.94663573,10.878572156378345,1073.0,9.17094017094017,0.0,0.0,0.0,1.586693096810946,False,True,2708,PV+/PNN-,92.94663573,10.878572156378345,0.0,0.0,0.0,False,NONE
2976,1598,2420,84.20806314000001,10.354565948189398,1289.0,12.160377358490566,0.0,0.0,0.0,1.518855610166105,False,True,2709,PV+/PNN-,84.20806314000001,10.354565948189398,0.0,0.0,0.0,False,NONE
2977,1597,2795,94.53546711,10.971157418634661,7033.0,59.10084033613445,0.0,0.0,0.0,1.5299290215811994,False,True,2710,PV+/PNN-,94.53546711,10.971157418634661,0.0,0.0,0.0,False,NONE
2978,1599,198,112.80702798,11.984588810142046,1398.0,9.845070422535212,0.0,0.0,0.0,1.7655472754243442,False,True,2712,PV+/PNN-,112.80702798,11.984588810142046,0.0,0.0,0.0,False,NONE
2979,1599,2473,83.41364745,10.305607915302103,1207.0,11.495238095238095,0.0,0.0,0.0,1.773714432888892,False,True,2713,PV+/PNN-,83.41364745,10.305607915302103,0.0,0.0,0.0,False,NONE
2980,1604,2090,255.80185218,18.047078262479904,2031.0,6.307453416149069,0.0,0.0,0.0,1.8606840667518747,False,True,2714,PV+/PNN-,255.80185218,18.047078262479904,0.0,0.0,0.0,False,NONE
2981,1602,2482,119.1623535,12.317557416952052,1510.0,10.066666666666666,0.0,0.0,0.0,1.6054389610507154,False,True,2715,PV+/PNN-,119.1623535,12.317557416952052,0.0,0.0,0.0,False,NONE
2982,1600,2686,104.06845539,11.51104134134072,7258.0,55.404580152671755,0.0,0.0,0.0,1.5199732827347192,False,True,2716,PV+/PNN-,104.06845539,11.51104134134072,0.0,0.0,0.0,False,NONE
2983,1601,2724,101.68520832,11.378472144697502,5473.0,42.7578125,0.0,0.0,0.0,1.4803160568957026,False,True,2718,PV+/PNN-,101.68520832,11.378472144697502,0.0,0.0,0.0,False,NONE
2984,1606,2366,106.45170246,11.642101063659146,1141.0,8.514925373134329,0.0,0.0,0.0,1.7576776921782147,False,True,2719,PV+/PNN-,106.45170246,11.642101063659146,0.0,0.0,0.0,False,NONE
2985,1611,2076,227.99730303,17.038051012682235,1918.0,6.682926829268292,0.0,0.0,0.0,1.7141112575944817,False,True,2720,PV+/PNN-,227.99730303,17.038051012682235,0.0,0.0,0.0,False,NONE
2986,1612,69,255.80185218,18.047078262479904,26693.0,82.8975155279503,0.0,0.0,0.0,2.288381870310696,False,True,2721,PV+/PNN-,255.80185218,18.047078262479904,0.0,0.0,0.0,False,NONE
2987,1609,220,137.43391437,13.228238528376714,1879.0,10.861271676300579,0.0,0.0,0.0,1.582758182527299,False,True,2722,PV+/PNN-,137.43391437,13.228238528376714,0.0,0.0,0.0,False,NONE
2988,1609,2290,123.13443195,12.521167201073583,1121.0,7.232258064516129,0.0,0.0,0.0,1.7159476787160217,False,True,2723,PV+/PNN-,123.13443195,12.521167201073583,0.0,0.0,0.0,False,NONE
2989,1610,2792,142.9948242,13.493208101259413,7735.0,42.97222222222222,0.0,0.0,0.0,1.5614750990389392,False,True,2724,PV+/PNN-,142.9948242,13.493208101259413,0.0,0.0,0.0,False,NONE
2990,1609,2526,83.41364745,10.305607915302103,3195.0,30.428571428571427,0.0,0.0,0.0,1.4813439219731406,False,True,2725,PV+/PNN-,83.41364745,10.305607915302103,0.0,0.0,0.0,False,NONE
2991,1613,204,174.7714518,14.917302830020427,2119.0,9.631818181818181,0.0,0.0,0.0,1.7861180303216815,False,True,2726,PV+/PNN-,174.7714518,14.917302830020427,0.0,0.0,0.0,False,NONE
2992,1611,2501,112.01261229,11.942314996545514,1885.0,13.368794326241135,0.0,0.0,0.0,1.7587157565605898,False,True,2727,PV+/PNN-,112.01261229,11.942314996545514,0.0,0.0,0.0,False,NONE
2993,1611,2567,108.04053384,11.728660627684029,1295.0,9.522058823529411,0.0,0.0,0.0,1.6634843009241485,False,True,2728,PV+/PNN-,108.04053384,11.728660627684029,0.0,0.0,0.0,False,NONE
2994,1609,2675,34.95429036,6.671220633775133,1359.0,30.886363636363637,0.0,0.0,0.0,1.577582548482909,False,True,2729,PV+/PNN-,34.95429036,6.671220633775133,0.0,0.0,0.0,False,NONE
2995,1615,159,134.25625161,13.074416571218995,3432.0,20.307692307692307,0.0,0.0,0.0,1.697925883782181,False,True,2730,PV+/PNN-,134.25625161,13.074416571218995,0.0,0.0,0.0,False,NONE
2996,1618,2207,107.24611815,11.68546099424064,960.0,7.111111111111111,0.0,0.0,0.0,1.4521971086935765,False,True,2731,PV+/PNN-,107.24611815,11.68546099424064,0.0,0.0,0.0,False,NONE
2997,1619,2852,135.05066730000001,13.113041224263421,9219.0,54.22941176470588,0.0,0.0,0.0,1.4702367089359003,False,True,2732,PV+/PNN-,135.05066730000001,13.113041224263421,0.0,0.0,0.0,False,NONE
2998,1618,2181,60.37559244,8.767701627645716,401.0,5.276315789473684,0.0,0.0,0.0,1.4238636230617434,False,True,2733,PV+/PNN-,60.37559244,8.767701627645716,0.0,0.0,0.0,False,NONE
2999,1621,2302,113.60144367,12.026714032504808,1202.0,8.405594405594405,0.0,0.0,0.0,1.5355415091073483,False,True,2734,PV+/PNN-,113.60144367,12.026714032504808,0.0,0.0,0.0,False,NONE
3000,1625,2430,78.64715331000001,10.006830950662698,1397.0,14.11111111111111,0.0,0.0,0.0,1.5943790866731444,False,True,2735,PV+/PNN-,78.64715331000001,10.006830950662698,0.0,0.0,0.0,False,NONE
3001,1627,2231,91.35780435,10.78519212710641,775.0,6.739130434782608,0.0,0.0,0.0,1.6113216817172082,False,True,2736,PV+/PNN-,91.35780435,10.78519212710641,0.0,0.0,0.0,False,NONE
3002,1632,84,224.81964027,16.918902341017805,18313.0,64.71024734982332,0.0,0.0,0.0,2.178573550860745,False,True,2737,PV+/PNN-,224.81964027,16.918902341017805,0.0,0.0,0.0,False,NONE
3003,1628,108,61.17000813,8.825195369105852,4685.0,60.84415584415584,0.0,0.0,0.0,1.9912203735853073,False,True,2738,PV+/PNN-,61.17000813,8.825195369105852,0.0,0.0,0.0,False,NONE
3004,1629,2317,121.54560057,12.440123196106569,1696.0,11.084967320261438,0.0,0.0,0.0,1.7043799446248844,False,True,2739,PV+/PNN-,121.54560057,12.440123196106569,0.0,0.0,0.0,False,NONE
3005,1633,2743,158.08872231,14.187487896796528,8308.0,41.74874371859296,0.0,0.0,0.0,1.5088056914867096,False,True,2740,PV+/PNN-,158.08872231,14.187487896796528,0.0,0.0,0.0,False,NONE
3006,1633,2243,156.49989093,14.116013951495509,1238.0,6.284263959390863,0.0,0.0,0.0,1.5838591150772297,False,True,2741,PV+/PNN-,156.49989093,14.116013951495509,0.0,0.0,0.0,False,NONE
3007,1634,48,135.05066730000001,13.113041224263421,11125.0,65.44117647058823,0.0,0.0,0.0,2.0205095406324824,False,True,2742,PV+/PNN-,135.05066730000001,13.113041224263421,0.0,0.0,0.0,False,NONE
3008,1634,2625,115.98469074,12.152213577535832,2986.0,20.45205479452055,0.0,0.0,0.0,1.669282089435081,False,True,2743,PV+/PNN-,115.98469074,12.152213577535832,0.0,0.0,0.0,False,NONE
3009,1634,2728,133.46183592,13.035677474005707,6783.0,40.375,0.0,0.0,0.0,1.4953533422878538,False,True,2744,PV+/PNN-,133.46183592,13.035677474005707,0.0,0.0,0.0,False,NONE
3010,1633,2258,69.90858072,9.434530697868027,600.0,6.818181818181818,0.0,0.0,0.0,1.5456045238514986,False,True,2745,PV+/PNN-,69.90858072,9.434530697868027,0.0,0.0,0.0,False,NONE
3011,1636,2813,123.92884764,12.56149312576761,5030.0,32.243589743589745,0.0,0.0,0.0,1.5524374350975263,False,True,2746,PV+/PNN-,123.92884764,12.56149312576761,0.0,0.0,0.0,False,NONE
3012,1636,2445,54.02026692,8.293415464071046,712.0,10.470588235294118,0.0,0.0,0.0,1.4408921686859002,False,True,2747,PV+/PNN-,54.02026692,8.293415464071046,0.0,0.0,0.0,False,NONE
3013,1638,2292,105.65728677,11.598579038183399,904.0,6.796992481203008,0.0,0.0,0.0,1.5285335482963847,False,True,2748,PV+/PNN-,105.65728677,11.598579038183399,0.0,0.0,0.0,False,NONE
3014,1642,2128,139.81716144,13.342441267550265,1421.0,8.073863636363637,0.0,0.0,0.0,1.6362089269738278,False,True,2749,PV+/PNN-,139.81716144,13.342441267550265,0.0,0.0,0.0,False,NONE
3015,1640,2462,61.96442382,8.88231697105848,737.0,9.448717948717949,0.0,0.0,0.0,1.5458778403013396,False,True,2750,PV+/PNN-,61.96442382,8.88231697105848,0.0,0.0,0.0,False,NONE
3016,1645,2857,208.93132647000002,16.310108123356397,13909.0,52.88593155893536,0.0,0.0,0.0,2.05956311745215,False,True,2751,PV+/PNN-,208.93132647000002,16.310108123356397,0.0,0.0,0.0,False,NONE
3017,1647,2774,139.81716144,13.342441267550265,6047.0,34.35795454545455,0.0,0.0,0.0,1.4113937235045189,False,True,2752,PV+/PNN-,139.81716144,13.342441267550265,0.0,0.0,0.0,False,NONE
3018,1651,91,161.26638507,14.329366305165495,8356.0,41.16256157635468,0.0,0.0,0.0,1.822274822345589,False,True,2753,PV+/PNN-,161.26638507,14.329366305165495,0.0,0.0,0.0,False,NONE
3019,1654,152,195.42625974,15.774170088491289,5121.0,20.817073170731707,0.0,0.0,0.0,2.420623804890387,False,True,2754,PV+/PNN-,195.42625974,15.774170088491289,0.0,0.0,0.0,False,NONE
3020,1651,2574,73.08624348000001,9.646569098642193,915.0,9.945652173913043,0.0,0.0,0.0,1.4876733198090886,False,True,2755,PV+/PNN-,73.08624348000001,9.646569098642193,0.0,0.0,0.0,False,NONE
3021,1652,2610,118.36793781,12.276430232296539,5413.0,36.328859060402685,0.0,0.0,0.0,1.6682942604127262,False,True,2756,PV+/PNN-,118.36793781,12.276430232296539,0.0,0.0,0.0,False,NONE
3022,1653,2305,136.63949868,13.189951216443678,1295.0,7.52906976744186,0.0,0.0,0.0,1.7595350297189956,False,True,2757,PV+/PNN-,136.63949868,13.189951216443678,0.0,0.0,0.0,False,NONE
3023,1654,2640,126.31209471,12.681701540530954,2666.0,16.767295597484278,0.0,0.0,0.0,1.6250467863005997,False,True,2758,PV+/PNN-,126.31209471,12.681701540530954,0.0,0.0,0.0,False,NONE
3024,1656,106,144.58365558,13.56796328882212,7428.0,40.81318681318681,0.0,0.0,0.0,1.7186138366009236,False,True,2759,PV+/PNN-,144.58365558,13.56796328882212,0.0,0.0,0.0,False,NONE
3025,1655,2694,131.87300454,12.957851838301272,5251.0,31.632530120481928,0.0,0.0,0.0,1.6135417729680288,False,True,2760,PV+/PNN-,131.87300454,12.957851838301272,0.0,0.0,0.0,False,NONE
3026,1661,2321,110.42378091,11.857315232959936,792.0,5.697841726618705,0.0,0.0,0.0,1.6889304903649418,False,True,2761,PV+/PNN-,110.42378091,11.857315232959936,0.0,0.0,0.0,False,NONE
3027,1663,49,168.41612628000001,14.643567596416075,9538.0,44.990566037735846,0.0,0.0,0.0,1.9275307425624935,False,True,2762,PV+/PNN-,168.41612628000001,14.643567596416075,0.0,0.0,0.0,False,NONE
3028,1662,2480,75.46949055,9.802588422925686,940.0,9.894736842105264,0.0,0.0,0.0,1.4550562225267685,False,True,2763,PV+/PNN-,75.46949055,9.802588422925686,0.0,0.0,0.0,False,NONE
3029,1665,2674,158.08872231,14.187487896796528,3302.0,16.592964824120603,0.0,0.0,0.0,1.5597991243997793,False,True,2764,PV+/PNN-,158.08872231,14.187487896796528,0.0,0.0,0.0,False,NONE
3030,1666,2546,159.67755369,14.258603569939103,1707.0,8.492537313432836,0.0,0.0,0.0,1.6244624386556563,False,True,2765,PV+/PNN-,159.67755369,14.258603569939103,0.0,0.0,0.0,False,NONE
3031,1669,26,146.96690265,13.679330108642857,7910.0,42.75675675675676,0.0,0.0,0.0,2.121727529778475,False,True,2766,PV+/PNN-,146.96690265,13.679330108642857,0.0,0.0,0.0,False,NONE
3032,1669,2334,132.66742023,12.996822909266468,1090.0,6.526946107784431,0.0,0.0,0.0,1.6743463914793522,False,True,2767,PV+/PNN-,132.66742023,12.996822909266468,0.0,0.0,0.0,False,NONE
3033,1672,2216,113.60144367,12.026714032504808,842.0,5.888111888111888,0.0,0.0,0.0,1.527789260711855,False,True,2768,PV+/PNN-,113.60144367,12.026714032504808,0.0,0.0,0.0,False,NONE
3034,1673,2628,169.21054197,14.678063680958497,5528.0,25.953051643192488,0.0,0.0,0.0,1.8115876238764528,False,True,2769,PV+/PNN-,169.21054197,14.678063680958497,0.0,0.0,0.0,False,NONE
3035,1673,2657,126.31209471,12.681701540530954,2220.0,13.962264150943396,0.0,0.0,0.0,1.6459632300846667,False,True,2770,PV+/PNN-,126.31209471,12.681701540530954,0.0,0.0,0.0,False,NONE
3036,1673,466,96.91871418,11.108588547554572,2340.0,19.18032786885246,0.0,0.0,0.0,1.0652351811643566,False,True,2771,PV+/PNN-,96.91871418,11.108588547554572,0.0,0.0,0.0,False,NONE
3037,1677,82,217.66989906,16.647700237020825,8067.0,29.44160583941606,0.0,0.0,0.0,1.9890175709911757,False,True,2772,PV+/PNN-,217.66989906,16.647700237020825,0.0,0.0,0.0,False,NONE
3038,1677,2558,111.2181966,11.899891008124815,1128.0,8.057142857142857,0.0,0.0,0.0,1.6847850691520176,False,True,2773,PV+/PNN-,111.2181966,11.899891008124815,0.0,0.0,0.0,False,NONE
3039,1679,2249,91.35780435,10.78519212710641,1077.0,9.365217391304348,0.0,0.0,0.0,1.818205597593463,False,True,2774,PV+/PNN-,91.35780435,10.78519212710641,0.0,0.0,0.0,False,NONE
3040,1679,2352,104.06845539,11.51104134134072,919.0,7.015267175572519,0.0,0.0,0.0,1.4496704499572677,False,True,2775,PV+/PNN-,104.06845539,11.51104134134072,0.0,0.0,0.0,False,NONE
3041,1678,2451,46.87052571,7.72511532706782,428.0,7.254237288135593,0.0,0.0,0.0,1.5956492290656266,False,True,2776,PV+/PNN-,46.87052571,7.72511532706782,0.0,0.0,0.0,False,NONE
3042,1678,2584,68.31974934,9.326703948667076,1908.0,22.186046511627907,0.0,0.0,0.0,1.429839116852517,False,True,2777,PV+/PNN-,68.31974934,9.326703948667076,0.0,0.0,0.0,False,NONE
3043,1682,2791,140.61157713,13.380292240810528,4697.0,26.536723163841806,0.0,0.0,0.0,1.563370093091171,False,True,2778,PV+/PNN-,140.61157713,13.380292240810528,0.0,0.0,0.0,False,NONE
3044,1683,2306,96.91871418,11.108588547554572,792.0,6.491803278688525,0.0,0.0,0.0,1.6244137539540453,False,True,2779,PV+/PNN-,96.91871418,11.108588547554572,0.0,0.0,0.0,False,NONE
3045,1684,2521,104.86287108,11.554893086200376,1179.0,8.931818181818182,0.0,0.0,0.0,1.7261673093965326,False,True,2781,PV+/PNN-,104.86287108,11.554893086200376,0.0,0.0,0.0,False,NONE
3046,1685,2754,204.16483233,16.12298787963261,6510.0,25.330739299610894,0.0,0.0,0.0,1.4911464870926894,False,True,2782,PV+/PNN-,204.16483233,16.12298787963261,0.0,0.0,0.0,False,NONE
3047,1687,41,213.69782061,16.495105814282393,16165.0,60.09293680297398,0.0,0.0,0.0,2.218411066870973,False,True,2783,PV+/PNN-,213.69782061,16.495105814282393,0.0,0.0,0.0,False,NONE
3048,1685,2373,77.85273762,9.956163126610313,618.0,6.3061224489795915,0.0,0.0,0.0,1.491437665802375,False,True,2784,PV+/PNN-,77.85273762,9.956163126610313,0.0,0.0,0.0,False,NONE
3049,1691,2579,104.06845539,11.51104134134072,1277.0,9.748091603053435,0.0,0.0,0.0,1.5154166176472916,False,True,2785,PV+/PNN-,104.06845539,11.51104134134072,0.0,0.0,0.0,False,NONE
3050,1692,2280,108.04053384,11.728660627684029,1420.0,10.441176470588236,0.0,0.0,0.0,1.7054946470085501,False,True,2786,PV+/PNN-,108.04053384,11.728660627684029,0.0,0.0,0.0,False,NONE
3051,1693,2419,118.36793781,12.276430232296539,1026.0,6.885906040268456,0.0,0.0,0.0,1.7718830292410979,False,True,2787,PV+/PNN-,118.36793781,12.276430232296539,0.0,0.0,0.0,False,NONE
3052,1700,2671,173.18262042,14.84934209921784,3289.0,15.087155963302752,0.0,0.0,0.0,1.5940116253577619,False,True,2788,PV+/PNN-,173.18262042,14.84934209921784,0.0,0.0,0.0,False,NONE
3053,1703,2769,126.31209471,12.681701540530954,3192.0,20.07547169811321,0.0,0.0,0.0,1.634700529585554,False,True,2790,PV+/PNN-,126.31209471,12.681701540530954,0.0,0.0,0.0,False,NONE
3054,1705,2560,176.36028318,14.984955344126572,2695.0,12.13963963963964,0.0,0.0,0.0,1.53955462729961,False,True,2791,PV+/PNN-,176.36028318,14.984955344126572,0.0,0.0,0.0,False,NONE
3055,1705,2402,111.2181966,11.899891008124815,897.0,6.4071428571428575,0.0,0.0,0.0,1.6872214900763156,False,True,2792,PV+/PNN-,111.2181966,11.899891008124815,0.0,0.0,0.0,False,NONE
3056,1707,2457,91.35780435,10.78519212710641,738.0,6.417391304347826,0.0,0.0,0.0,1.520856313484581,False,True,2793,PV+/PNN-,91.35780435,10.78519212710641,0.0,0.0,0.0,False,NONE
3057,1706,2832,62.75883951,8.93907356753593,1980.0,25.063291139240505,0.0,0.0,0.0,1.4021756623190549,False,True,2794,PV+/PNN-,62.75883951,8.93907356753593,0.0,0.0,0.0,False,NONE
3058,1710,2426,115.19027505,12.11052490037406,880.0,6.068965517241379,0.0,0.0,0.0,1.65138929958621,False,True,2796,PV+/PNN-,115.19027505,12.11052490037406,0.0,0.0,0.0,False,NONE
3059,1712,2308,190.65976560000001,15.580614658987523,1464.0,6.1,0.0,0.0,0.0,1.6532638734439131,False,True,2797,PV+/PNN-,190.65976560000001,15.580614658987523,0.0,0.0,0.0,False,NONE
3060,1713,2500,125.51767902,12.64175907426016,1222.0,7.734177215189874,0.0,0.0,0.0,1.831787605046525,False,True,2798,PV+/PNN-,125.51767902,12.64175907426016,0.0,0.0,0.0,False,NONE
3061,1714,2655,171.59378904,14.781068900342463,3417.0,15.819444444444445,0.0,0.0,0.0,1.499019253400802,False,True,2799,PV+/PNN-,171.59378904,14.781068900342463,0.0,0.0,0.0,False,NONE
3062,1717,2721,75.46949055,9.802588422925686,1311.0,13.8,0.0,0.0,0.0,1.5618740451551985,False,True,2801,PV+/PNN-,75.46949055,9.802588422925686,0.0,0.0,0.0,False,NONE
3063,1720,2786,76.26390624,9.854045933561641,2429.0,25.302083333333332,0.0,0.0,0.0,1.5402748530795969,False,True,2802,PV+/PNN-,76.26390624,9.854045933561641,0.0,0.0,0.0,False,NONE
3064,1718,2857,51.63701985,8.108408946599484,1108.0,17.046153846153846,0.0,0.0,0.0,1.3670195555253148,False,True,2803,PV+/PNN-,51.63701985,8.108408946599484,0.0,0.0,0.0,False,NONE
3065,1721,2700,108.83494953,11.77170172875832,1646.0,12.014598540145986,0.0,0.0,0.0,1.6195974713562948,False,True,2804,PV+/PNN-,108.83494953,11.77170172875832,0.0,0.0,0.0,False,NONE
3066,1726,2744,147.76131834,13.716251444643651,2232.0,12.0,0.0,0.0,0.0,1.6486448254415984,False,True,2805,PV+/PNN-,147.76131834,13.716251444643651,0.0,0.0,0.0,False,NONE
3067,1724,2680,94.53546711,10.971157418634661,1470.0,12.352941176470589,0.0,0.0,0.0,1.4195734855982933,False,True,2807,PV+/PNN-,94.53546711,10.971157418634661,0.0,0.0,0.0,False,NONE
3068,1733,2295,173.18262042,14.84934209921784,1648.0,7.559633027522936,0.0,0.0,0.0,1.5013046915639485,False,True,2808,PV+/PNN-,173.18262042,14.84934209921784,0.0,0.0,0.0,False,NONE
3069,1727,2561,111.2181966,11.899891008124815,1213.0,8.664285714285715,0.0,0.0,0.0,1.5477363921602592,False,True,2809,PV+/PNN-,111.2181966,11.899891008124815,0.0,0.0,0.0,False,NONE
3070,1729,2521,100.89079263,11.333937836259333,955.0,7.519685039370079,0.0,0.0,0.0,1.7578681046725921,False,True,2810,PV+/PNN-,100.89079263,11.333937836259333,0.0,0.0,0.0,False,NONE
3071,1729,2729,120.75118488,12.39940255265723,2209.0,14.532894736842104,0.0,0.0,0.0,1.4670620072129468,False,True,2811,PV+/PNN-,120.75118488,12.39940255265723,0.0,0.0,0.0,False,NONE
3072,1728,2604,79.441569,10.057243516322302,863.0,8.63,0.0,0.0,0.0,1.4991297947205153,False,True,2812,PV+/PNN-,79.441569,10.057243516322302,0.0,0.0,0.0,False,NONE
3073,1729,2818,111.2181966,11.899891008124815,3374.0,24.1,0.0,0.0,0.0,1.6068195995744838,False,True,2813,PV+/PNN-,111.2181966,11.899891008124815,0.0,0.0,0.0,False,NONE
3074,1735,2703,114.39585936,12.068692219586765,1596.0,11.083333333333334,0.0,0.0,0.0,1.5728450633523294,False,True,2814,PV+/PNN-,114.39585936,12.068692219586765,0.0,0.0,0.0,False,NONE
3075,1738,2691,123.13443195,12.521167201073583,1460.0,9.419354838709678,0.0,0.0,0.0,1.6048154468786906,False,True,2816,PV+/PNN-,123.13443195,12.521167201073583,0.0,0.0,0.0,False,NONE
3076,1743,2555,122.34001626,12.48071098158173,1273.0,8.266233766233766,0.0,0.0,0.0,1.6202199146581227,False,True,2817,PV+/PNN-,122.34001626,12.48071098158173,0.0,0.0,0.0,False,NONE
3077,1743,2653,115.98469074,12.152213577535832,1854.0,12.698630136986301,0.0,0.0,0.0,1.4958122571879782,False,True,2818,PV+/PNN-,115.98469074,12.152213577535832,0.0,0.0,0.0,False,NONE
3078,1744,2383,163.64963214,14.434859996619657,1119.0,5.432038834951456,0.0,0.0,0.0,1.765932078674387,False,True,2819,PV+/PNN-,163.64963214,14.434859996619657,0.0,0.0,0.0,False,NONE
3079,1746,2343,114.39585936,12.068692219586765,932.0,6.472222222222222,0.0,0.0,0.0,1.5651466500151383,False,True,2820,PV+/PNN-,114.39585936,12.068692219586765,0.0,0.0,0.0,False,NONE
3080,1750,2753,61.96442382,8.88231697105848,1585.0,20.32051282051282,0.0,0.0,0.0,1.5305721191102373,False,True,2821,PV+/PNN-,61.96442382,8.88231697105848,0.0,0.0,0.0,False,NONE
3081,1754,2433,137.43391437,13.228238528376714,1229.0,7.104046242774566,0.0,0.0,0.0,1.7054946470085501,False,True,2822,PV+/PNN-,137.43391437,13.228238528376714,0.0,0.0,0.0,False,NONE
3082,1753,2850,141.40599282,13.418036440588484,3137.0,17.623595505617978,0.0,0.0,0.0,1.462605381268849,False,True,2823,PV+/PNN-,141.40599282,13.418036440588484,0.0,0.0,0.0,False,NONE
3083,1757,2319,110.42378091,11.857315232959936,1061.0,7.633093525179856,0.0,0.0,0.0,1.5699139574442011,False,True,2824,PV+/PNN-,110.42378091,11.857315232959936,0.0,0.0,0.0,False,NONE
3084,1760,2473,139.81716144,13.342441267550265,1157.0,6.573863636363637,0.0,0.0,0.0,1.6458992374681944,False,True,2825,PV+/PNN-,139.81716144,13.342441267550265,0.0,0.0,0.0,False,NONE
3085,1764,2409,108.83494953,11.77170172875832,639.0,4.664233576642336,0.0,0.0,0.0,1.555485811268017,False,True,2826,PV+/PNN-,108.83494953,11.77170172875832,0.0,0.0,0.0,False,NONE
3086,1766,2723,133.46183592,13.035677474005707,2612.0,15.547619047619047,0.0,0.0,0.0,1.4684511945820642,False,True,2827,PV+/PNN-,133.46183592,13.035677474005707,0.0,0.0,0.0,False,NONE
3087,1767,2765,93.74105142,10.924962866435578,1158.0,9.813559322033898,0.0,0.0,0.0,1.4099237526752888,False,True,2828,PV+/PNN-,93.74105142,10.924962866435578,0.0,0.0,0.0,False,NONE
3088,1771,810,119.1623535,12.317557416952052,5615.0,37.43333333333333,0.0,0.0,0.0,2.22282802326781,False,True,2829,PV+/PNN-,119.1623535,12.317557416952052,0.0,0.0,0.0,False,NONE
3089,1773,2502,144.58365558,13.56796328882212,1216.0,6.681318681318682,0.0,0.0,0.0,1.617877202230913,False,True,2831,PV+/PNN-,144.58365558,13.56796328882212,0.0,0.0,0.0,False,NONE
3090,1772,2651,108.04053384,11.728660627684029,1210.0,8.897058823529411,0.0,0.0,0.0,1.4772593339529942,False,True,2832,PV+/PNN-,108.04053384,11.728660627684029,0.0,0.0,0.0,False,NONE
3091,1777,2828,119.95676919,12.358547737957586,2390.0,15.827814569536423,0.0,0.0,0.0,1.4428936500353793,False,True,2833,PV+/PNN-,119.95676919,12.358547737957586,0.0,0.0,0.0,False,NONE
3092,1783,2516,132.66742023,12.996822909266468,1089.0,6.520958083832335,0.0,0.0,0.0,1.5119669610156636,False,True,2834,PV+/PNN-,132.66742023,12.996822909266468,0.0,0.0,0.0,False,NONE
3093,1782,2637,146.17248696000001,13.642308849668991,1388.0,7.543478260869565,0.0,0.0,0.0,1.55116591943957,False,True,2835,PV+/PNN-,146.17248696000001,13.642308849668991,0.0,0.0,0.0,False,NONE
3094,1781,2687,106.45170246,11.642101063659146,1285.0,9.58955223880597,0.0,0.0,0.0,1.442670285361337,False,True,2836,PV+/PNN-,106.45170246,11.642101063659146,0.0,0.0,0.0,False,NONE
3095,1787,2396,220.84756182,16.76877601578504,1809.0,6.5071942446043165,0.0,0.0,0.0,1.6766607447030097,False,True,2837,PV+/PNN-,220.84756182,16.76877601578504,0.0,0.0,0.0,False,NONE
3096,1786,2818,142.20040851,13.455674765407588,2582.0,14.424581005586592,0.0,0.0,0.0,1.4058420959000646,False,True,2838,PV+/PNN-,142.20040851,13.455674765407588,0.0,0.0,0.0,False,NONE
3097,1790,2597,147.76131834,13.716251444643651,1076.0,5.78494623655914,0.0,0.0,0.0,1.6793620677398708,False,True,2839,PV+/PNN-,147.76131834,13.716251444643651,0.0,0.0,0.0,False,NONE
3098,1796,2475,131.07858885,12.91876320674319,1003.0,6.078787878787879,0.0,0.0,0.0,1.4419182015617742,False,True,2840,PV+/PNN-,131.07858885,12.91876320674319,0.0,0.0,0.0,False,NONE
3099,1797,2650,93.74105142,10.924962866435578,818.0,6.932203389830509,0.0,0.0,0.0,1.480745140559542,False,True,2841,PV+/PNN-,93.74105142,10.924962866435578,0.0,0.0,0.0,False,NONE
3100,1803,2496,75.46949055,9.802588422925686,526.0,5.536842105263158,0.0,0.0,0.0,1.540330954877196,False,True,2842,PV+/PNN-,75.46949055,9.802588422925686,0.0,0.0,0.0,False,NONE
3101,1809,2682,193.04301267,15.677691078926612,2137.0,8.794238683127572,0.0,0.0,0.0,1.41352519303507,False,True,2843,PV+/PNN-,193.04301267,15.677691078926612,0.0,0.0,0.0,False,NONE
3102,1807,2833,126.31209471,12.681701540530954,3033.0,19.07547169811321,0.0,0.0,0.0,1.5837502178038518,False,True,2844,PV+/PNN-,126.31209471,12.681701540530954,0.0,0.0,0.0,False,NONE
3103,1808,2728,82.61923176,10.256416188536388,1092.0,10.5,0.0,0.0,0.0,1.5193661446667517,False,True,2845,PV+/PNN-,82.61923176,10.256416188536388,0.0,0.0,0.0,False,NONE
3104,1815,2696,115.98469074,12.152213577535832,1134.0,7.767123287671233,0.0,0.0,0.0,1.6932291033143105,False,True,2846,PV+/PNN-,115.98469074,12.152213577535832,0.0,0.0,0.0,False,NONE
3105,1815,768,77.85273762,9.956163126610313,1129.0,11.520408163265307,0.0,0.0,0.0,1.7838081767181264,False,True,2847,PV+/PNN-,77.85273762,9.956163126610313,0.0,0.0,0.0,False,NONE
3106,1820,2399,233.55821286,17.244580383732874,2406.0,8.183673469387756,0.0,0.0,0.0,1.646034374451279,False,True,2848,PV+/PNN-,233.55821286,17.244580383732874,0.0,0.0,0.0,False,NONE
3107,1820,2793,104.86287108,11.554893086200376,2084.0,15.787878787878787,0.0,0.0,0.0,1.500706085227599,False,True,2849,PV+/PNN-,104.86287108,11.554893086200376,0.0,0.0,0.0,False,NONE
3108,1821,2630,61.96442382,8.88231697105848,471.0,6.038461538461538,0.0,0.0,0.0,1.5830488774797313,False,True,2850,PV+/PNN-,61.96442382,8.88231697105848,0.0,0.0,0.0,False,NONE
3109,1824,2758,115.98469074,12.152213577535832,2065.0,14.143835616438356,0.0,0.0,0.0,1.452590817503515,False,True,2851,PV+/PNN-,115.98469074,12.152213577535832,0.0,0.0,0.0,False,NONE
3110,1824,2814,116.77910643,12.193759728054031,2021.0,13.748299319727892,0.0,0.0,0.0,1.5830935005735827,False,True,2852,PV+/PNN-,116.77910643,12.193759728054031,0.0,0.0,0.0,False,NONE
3111,1832,754,146.96690265,13.679330108642857,1931.0,10.437837837837838,0.0,0.0,0.0,1.8626767212328517,False,True,2853,PV+/PNN-,146.96690265,13.679330108642857,0.0,0.0,0.0,False,NONE
3112,1834,2681,157.29430662000001,14.151796046802042,1371.0,6.924242424242424,0.0,0.0,0.0,1.7072173688742154,False,True,2854,PV+/PNN-,157.29430662000001,14.151796046802042,0.0,0.0,0.0,False,NONE
3113,1838,770,173.18262042,14.84934209921784,2474.0,11.34862385321101,0.0,0.0,0.0,1.8838674816498113,False,True,2855,PV+/PNN-,173.18262042,14.84934209921784,0.0,0.0,0.0,False,NONE
3114,1837,2652,114.39585936,12.068692219586765,1083.0,7.520833333333333,0.0,0.0,0.0,1.7505007557490535,False,True,2856,PV+/PNN-,114.39585936,12.068692219586765,0.0,0.0,0.0,False,NONE
3115,1842,2724,145.37807127,13.6051868520168,1322.0,7.224043715846994,0.0,0.0,0.0,1.7665383078714243,False,True,2857,PV+/PNN-,145.37807127,13.6051868520168,0.0,0.0,0.0,False,NONE
3116,1845,634,139.02274575,13.304482609502793,4356.0,24.89142857142857,0.0,0.0,0.0,1.933543645522836,False,True,2858,PV+/PNN-,139.02274575,13.304482609502793,0.0,0.0,0.0,False,NONE
3117,1844,684,147.76131834,13.716251444643651,2787.0,14.983870967741936,0.0,0.0,0.0,1.8815457073449167,False,True,2859,PV+/PNN-,147.76131834,13.716251444643651,0.0,0.0,0.0,False,NONE
3118,1848,2640,150.9389811,13.862953494062992,1408.0,7.410526315789474,0.0,0.0,0.0,1.83565081743815,False,True,2860,PV+/PNN-,150.9389811,13.862953494062992,0.0,0.0,0.0,False,NONE
3119,1849,2708,126.31209471,12.681701540530954,1059.0,6.660377358490566,0.0,0.0,0.0,1.5698059219478069,False,True,2861,PV+/PNN-,126.31209471,12.681701540530954,0.0,0.0,0.0,False,NONE
3120,1851,751,107.24611815,11.68546099424064,1152.0,8.533333333333333,0.0,0.0,0.0,1.8722541236049417,False,True,2862,PV+/PNN-,107.24611815,11.68546099424064,0.0,0.0,0.0,False,NONE
3121,1853,724,202.57600095,16.06012998776311,3217.0,12.615686274509804,0.0,0.0,0.0,1.9439294868746475,False,True,2863,PV+/PNN-,202.57600095,16.06012998776311,0.0,0.0,0.0,False,NONE
3122,1852,2490,112.01261229,11.942314996545514,706.0,5.00709219858156,0.0,0.0,0.0,1.9220077972316214,False,True,2864,PV+/PNN-,112.01261229,11.942314996545514,0.0,0.0,0.0,False,NONE
3123,1859,671,155.70547524,14.080140922851225,3129.0,15.964285714285714,0.0,0.0,0.0,1.9956897820990356,False,True,2865,PV+/PNN-,155.70547524,14.080140922851225,0.0,0.0,0.0,False,NONE
3124,1857,427,64.34767089,9.051519164690074,2492.0,30.765432098765434,0.0,0.0,0.0,1.8549886222401637,False,True,2866,PV+/PNN-,64.34767089,9.051519164690074,0.0,0.0,0.0,False,NONE
3125,1860,503,151.73339679,13.899387074616612,3963.0,20.74869109947644,0.0,0.0,0.0,2.0586481197268127,False,True,2867,PV+/PNN-,151.73339679,13.899387074616612,0.0,0.0,0.0,False,NONE
3126,1858,2546,69.11416503,9.380772250595795,574.0,6.597701149425287,0.0,0.0,0.0,1.559449415741726,False,True,2868,PV+/PNN-,69.11416503,9.380772250595795,0.0,0.0,0.0,False,NONE
3127,1859,473,56.40351399,8.474384017383858,1465.0,20.633802816901408,0.0,0.0,0.0,2.217143041111115,False,True,2869,PV+/PNN-,56.40351399,8.474384017383858,0.0,0.0,0.0,False,NONE
3128,1863,2691,105.65728677,11.598579038183399,869.0,6.533834586466165,0.0,0.0,0.0,1.606755483234371,False,True,2870,PV+/PNN-,105.65728677,11.598579038183399,0.0,0.0,0.0,False,NONE
3129,1867,2822,46.87052571,7.72511532706782,429.0,7.271186440677966,0.0,0.0,0.0,1.3138090119752306,False,True,2871,PV+/PNN-,46.87052571,7.72511532706782,0.0,0.0,0.0,False,NONE
3130,1871,2558,82.61923176,10.256416188536388,541.0,5.201923076923077,0.0,0.0,0.0,1.6849959132704664,False,True,2872,PV+/PNN-,82.61923176,10.256416188536388,0.0,0.0,0.0,False,NONE
3131,1873,590,87.3857259,10.548125988120718,2906.0,26.418181818181818,0.0,0.0,0.0,2.030313854779724,False,True,2873,PV+/PNN-,87.3857259,10.548125988120718,0.0,0.0,0.0,False,NONE
3132,1874,2712,129.48975747,12.84022896403991,866.0,5.3128834355828225,0.0,0.0,0.0,1.6045251786427066,False,True,2874,PV+/PNN-,129.48975747,12.84022896403991,0.0,0.0,0.0,False,NONE
3133,1875,2806,123.92884764,12.56149312576761,1204.0,7.717948717948718,0.0,0.0,0.0,1.6787096349241208,False,True,2875,PV+/PNN-,123.92884764,12.56149312576761,0.0,0.0,0.0,False,NONE
3134,1876,2526,65.93650227,9.1625849044734,425.0,5.120481927710843,0.0,0.0,0.0,2.033237293030073,False,True,2876,PV+/PNN-,65.93650227,9.1625849044734,0.0,0.0,0.0,False,NONE
3135,1879,2668,132.66742023,12.996822909266468,978.0,5.8562874251497,0.0,0.0,0.0,1.6197092875182997,False,True,2877,PV+/PNN-,132.66742023,12.996822909266468,0.0,0.0,0.0,False,NONE
3136,1879,2863,52.43143554,8.17054325713784,616.0,9.333333333333334,0.0,0.0,0.0,1.5504496790986821,False,True,2878,PV+/PNN-,52.43143554,8.17054325713784,0.0,0.0,0.0,False,NONE
3137,1881,726,117.57352212,12.235164803834003,2332.0,15.756756756756756,0.0,0.0,0.0,1.9198338391325975,False,True,2879,PV+/PNN-,117.57352212,12.235164803834003,0.0,0.0,0.0,False,NONE
3138,1882,2576,114.39585936,12.068692219586765,808.0,5.611111111111111,0.0,0.0,0.0,1.8724909978614706,False,True,2880,PV+/PNN-,114.39585936,12.068692219586765,0.0,0.0,0.0,False,NONE
3139,1881,537,41.30961588,7.252381437585563,407.0,7.826923076923077,0.0,0.0,0.0,2.0121557037302797,False,True,2881,PV+/PNN-,41.30961588,7.252381437585563,0.0,0.0,0.0,False,NONE
3140,1883,570,112.80702798,11.984588810142046,3849.0,27.1056338028169,0.0,0.0,0.0,2.1528867287062154,False,True,2882,PV+/PNN-,112.80702798,11.984588810142046,0.0,0.0,0.0,False,NONE
3141,1888,650,106.45170246,11.642101063659146,1461.0,10.902985074626866,0.0,0.0,0.0,1.807951601548989,False,True,2883,PV+/PNN-,106.45170246,11.642101063659146,0.0,0.0,0.0,False,NONE
3142,1887,802,117.57352212,12.235164803834003,1407.0,9.506756756756756,0.0,0.0,0.0,1.9336621741083428,False,True,2884,PV+/PNN-,117.57352212,12.235164803834003,0.0,0.0,0.0,False,NONE
3143,1888,2735,131.07858885,12.91876320674319,940.0,5.696969696969697,0.0,0.0,0.0,1.6775865527847738,False,True,2885,PV+/PNN-,131.07858885,12.91876320674319,0.0,0.0,0.0,False,NONE
3144,1892,695,144.58365558,13.56796328882212,1982.0,10.89010989010989,0.0,0.0,0.0,1.8797924515929403,False,True,2886,PV+/PNN-,144.58365558,13.56796328882212,0.0,0.0,0.0,False,NONE
3145,1888,2763,42.104031570000004,7.321783798208037,372.0,7.018867924528302,0.0,0.0,0.0,1.4223181773165645,False,True,2887,PV+/PNN-,42.104031570000004,7.321783798208037,0.0,0.0,0.0,False,NONE
3146,1891,490,54.81468261,8.354173898786094,1775.0,25.72463768115942,0.0,0.0,0.0,1.9316580675901185,False,True,2888,PV+/PNN-,54.81468261,8.354173898786094,0.0,0.0,0.0,False,NONE
3147,1895,2596,85.79689452,10.451794052617739,618.0,5.722222222222222,0.0,0.0,0.0,1.7062842278636468,False,True,2889,PV+/PNN-,85.79689452,10.451794052617739,0.0,0.0,0.0,False,NONE
3148,1895,2653,92.94663573,10.878572156378345,670.0,5.726495726495727,0.0,0.0,0.0,1.532758650708966,False,True,2890,PV+/PNN-,92.94663573,10.878572156378345,0.0,0.0,0.0,False,NONE
3149,1899,714,189.07093422,15.515559616363333,2261.0,9.5,0.0,0.0,0.0,1.8484552277136785,False,True,2891,PV+/PNN-,189.07093422,15.515559616363333,0.0,0.0,0.0,False,NONE
3150,1898,743,139.02274575,13.304482609502793,1620.0,9.257142857142858,0.0,0.0,0.0,1.878480532633703,False,True,2892,PV+/PNN-,139.02274575,13.304482609502793,0.0,0.0,0.0,False,NONE
3151,1897,571,98.50754556,11.199272407696524,2303.0,18.572580645161292,0.0,0.0,0.0,2.188947363479119,False,True,2893,PV+/PNN-,98.50754556,11.199272407696524,0.0,0.0,0.0,False,NONE
3152,1901,615,146.96690265,13.679330108642857,1928.0,10.421621621621622,0.0,0.0,0.0,1.9571703435671093,False,True,2894,PV+/PNN-,146.96690265,13.679330108642857,0.0,0.0,0.0,False,NONE
3153,1901,641,127.1065104,12.72151859781572,2105.0,13.15625,0.0,0.0,0.0,1.8840386178672577,False,True,2895,PV+/PNN-,127.1065104,12.72151859781572,0.0,0.0,0.0,False,NONE
3154,1900,2701,100.09637694,11.289227848029503,789.0,6.261904761904762,0.0,0.0,0.0,1.608037810036633,False,True,2896,PV+/PNN-,100.09637694,11.289227848029503,0.0,0.0,0.0,False,NONE
3155,1902,554,99.30196125,11.244340084382843,1540.0,12.32,0.0,0.0,0.0,1.971551811941884,False,True,2897,PV+/PNN-,99.30196125,11.244340084382843,0.0,0.0,0.0,False,NONE
3156,1905,580,99.30196125,11.244340084382843,2107.0,16.856,0.0,0.0,0.0,2.0472757742690635,False,True,2898,PV+/PNN-,99.30196125,11.244340084382843,0.0,0.0,0.0,False,NONE
3157,1907,2370,121.54560057,12.440123196106569,2485.0,16.241830065359476,0.0,0.0,0.0,0.955857293993354,False,True,2899,PV+/PNN-,121.54560057,12.440123196106569,0.0,0.0,0.0,False,NONE
3158,1910,631,136.63949868,13.189951216443678,1437.0,8.354651162790697,0.0,0.0,0.0,1.8671200118122673,False,True,2900,PV+/PNN-,136.63949868,13.189951216443678,0.0,0.0,0.0,False,NONE
3159,1911,759,170.00495766,14.712478883374446,1970.0,9.205607476635514,0.0,0.0,0.0,1.9354176403085346,False,True,2901,PV+/PNN-,170.00495766,14.712478883374446,0.0,0.0,0.0,False,NONE
3160,1911,2713,124.72326333,12.60169000650996,917.0,5.840764331210191,0.0,0.0,0.0,1.691915867971858,False,True,2902,PV+/PNN-,124.72326333,12.60169000650996,0.0,0.0,0.0,False,NONE
3161,1911,773,65.14208658,9.10722134683339,858.0,10.463414634146341,0.0,0.0,0.0,1.858365203783097,False,True,2903,PV+/PNN-,65.14208658,9.10722134683339,0.0,0.0,0.0,False,NONE
3162,1922,666,171.59378904,14.781068900342463,7546.0,34.93518518518518,0.0,0.0,0.0,1.8803868064124363,False,True,2904,PV+/PNN-,171.59378904,14.781068900342463,0.0,0.0,0.0,False,NONE
3163,1920,2731,123.13443195,12.521167201073583,752.0,4.851612903225806,0.0,0.0,0.0,1.4865311407151944,False,True,2905,PV+/PNN-,123.13443195,12.521167201073583,0.0,0.0,0.0,False,NONE
3164,1920,521,92.94663573,10.878572156378345,2549.0,21.786324786324787,0.0,0.0,0.0,2.0633569853338485,False,True,2906,PV+/PNN-,92.94663573,10.878572156378345,0.0,0.0,0.0,False,NONE
3165,1924,459,111.2181966,11.899891008124815,2123.0,15.164285714285715,0.0,0.0,0.0,1.9192905831156932,False,True,2907,PV+/PNN-,111.2181966,11.899891008124815,0.0,0.0,0.0,False,NONE
3166,1925,699,128.69534178,12.800781162784691,1152.0,7.111111111111111,0.0,0.0,0.0,1.7828735708080121,False,True,2908,PV+/PNN-,128.69534178,12.800781162784691,0.0,0.0,0.0,False,NONE
3167,1926,760,137.43391437,13.228238528376714,1217.0,7.034682080924855,0.0,0.0,0.0,1.9544179986673125,False,True,2909,PV+/PNN-,137.43391437,13.228238528376714,0.0,0.0,0.0,False,NONE
3168,1927,2777,153.32222817,13.97196922387648,869.0,4.5025906735751295,0.0,0.0,0.0,1.5711758976068406,False,True,2910,PV+/PNN-,153.32222817,13.97196922387648,0.0,0.0,0.0,False,NONE
3169,1927,2845,33.36545898,6.517838737002854,258.0,6.142857142857143,0.0,0.0,0.0,1.6587965792928399,False,True,2911,PV+/PNN-,33.36545898,6.517838737002854,0.0,0.0,0.0,False,NONE
3170,1934,2576,137.43391437,13.228238528376714,1082.0,6.254335260115607,0.0,0.0,0.0,1.9711771946205756,False,True,2913,PV+/PNN-,137.43391437,13.228238528376714,0.0,0.0,0.0,False,NONE
3171,1931,2812,51.63701985,8.108408946599484,323.0,4.969230769230769,0.0,0.0,0.0,1.674008591986854,False,True,2914,PV+/PNN-,51.63701985,8.108408946599484,0.0,0.0,0.0,False,NONE
3172,1935,580,85.00247883,10.403293586497956,948.0,8.85981308411215,0.0,0.0,0.0,2.0163090920241267,False,True,2915,PV+/PNN-,85.00247883,10.403293586497956,0.0,0.0,0.0,False,NONE
3173,1936,496,71.4974121,9.54113894836179,2360.0,26.22222222222222,0.0,0.0,0.0,2.0077461983395097,False,True,2916,PV+/PNN-,71.4974121,9.54113894836179,0.0,0.0,0.0,False,NONE
3174,1938,509,111.2181966,11.899891008124815,1574.0,11.242857142857142,0.0,0.0,0.0,2.063039417649271,False,True,2917,PV+/PNN-,111.2181966,11.899891008124815,0.0,0.0,0.0,False,NONE
3175,1936,2677,100.89079263,11.333937836259333,549.0,4.322834645669292,0.0,0.0,0.0,1.6571499168571266,False,True,2918,PV+/PNN-,100.89079263,11.333937836259333,0.0,0.0,0.0,False,NONE
3176,1939,465,88.18014159,10.595963539609496,1839.0,16.56756756756757,0.0,0.0,0.0,2.0181686656267845,False,True,2919,PV+/PNN-,88.18014159,10.595963539609496,0.0,0.0,0.0,False,NONE
3177,1940,2823,90.56338866,10.738197602350779,661.0,5.798245614035087,0.0,0.0,0.0,1.6718335684491707,False,True,2920,PV+/PNN-,90.56338866,10.738197602350779,0.0,0.0,0.0,False,NONE
