label,centroid_y,centroid_x,area_um2,diameter_um,wfa_sum_intensity,wfa_mean_intensity,wfa_pericellular_intensity,wfa_intensity_norm,wfa_pericellular_norm,pv_intensity_norm,is_pnn_plus,is_pv_plus,pv_label,cell_type,pv_area_um2,pv_diameter_um,pnn_area_um2,pnn_diameter_um,score,is_in_roi,roi_region
1,388,316,296.31705237,19.42376350908454,51691.0,138.58176943699732,86.38709677419355,3.6937393573443646,2.3025497554108076,1.5065789401272747,True,False,-1,PV-/PNN+,0.0,0.0,296.31705237,19.42376350908454,2.59211802482605,False,NONE
2,490,72,296.31705237,19.42376350908454,84676.0,227.01340482573727,208.41935483870967,6.050783962827019,5.555180720578502,1.8322888024573076,True,True,260,PV+/PNN+,80.23598469,10.107404643036366,296.31705237,19.42376350908454,1.274757742881775,False,NONE
3,420,562,296.31705237,19.42376350908454,34161.0,91.58445040214477,63.42741935483871,2.441079301739971,1.6905856820674012,1.5857287143648175,True,True,165,PV+/PNN+,65.93650227,9.1625849044734,296.31705237,19.42376350908454,1.296094536781311,False,NONE
4,555,237,296.31705237,19.42376350908454,53939.0,144.60857908847186,121.01612903225806,3.85437711005393,3.2255472021746248,2.1306663686477574,True,True,354,PV+/PNN+,141.40599282,13.418036440588484,296.31705237,19.42376350908454,2.301724910736084,False,NONE
5,560,86,296.31705237,19.42376350908454,50170.0,134.5040214477212,105.5,3.585051625195233,2.8119824402804507,1.936720950623965,True,True,367,PV+/PNN+,84.20806314000001,10.3545659481894,296.31705237,19.42376350908454,1.3493303060531616,False,NONE
6,307,408,296.31705237,19.42376350908454,17132.0,45.93029490616622,45.443548387096776,1.2242197417349956,1.211246067190058,1.8831952040172812,True,False,-1,PV-/PNN+,0.0,0.0,296.31705237,19.42376350908454,1.4229625463485718,False,NONE
7,536,149,296.31705237,19.42376350908454,66919.0,179.40750670241286,138.51612903225808,4.781902924186561,3.6919897870552685,1.8806897435378194,True,False,-1,PV-/PNN+,0.0,0.0,296.31705237,19.42376350908454,1.3121949434280396,False,NONE
8,491,283,296.31705237,19.42376350908454,64870.0,173.9142091152815,170.56451612903226,4.635485328411695,4.546203073836686,1.6763808298944352,True,True,267,PV+/PNN+,75.46949055,9.802588422925686,296.31705237,19.42376350908454,1.0776193141937256,False,NONE
9,416,144,296.31705237,19.42376350908454,45924.0,123.12064343163539,97.31451612903226,3.281640638538287,2.5938076828362786,2.251042356229172,True,True,157,PV+/PNN+,114.39585936,12.068692219586765,296.31705237,19.42376350908454,1.3699556589126587,False,NONE
10,509,546,296.31705237,19.42376350908454,26475.0,70.97855227882037,60.82258064516129,1.8918525369153636,1.6211566705851672,1.294639760478257,True,False,-1,PV-/PNN+,0.0,0.0,296.31705237,19.42376350908454,1.3678439855575562,False,NONE
11,483,236,296.31705237,19.42376350908454,33099.0,88.7372654155496,88.63709677419355,2.3651908260382104,2.362520944895462,1.8091702353059103,True,True,253,PV+/PNN+,78.64715331000001,10.0068309506627,296.31705237,19.42376350908454,1.8431223630905151,False,NONE
12,379,55,296.31705237,19.42376350908454,47595.0,127.60053619302948,112.05645161290323,3.40104708194473,2.9867371967357332,2.372784958617565,True,True,110,PV+/PNN+,180.33236163,15.152765226941185,296.31705237,19.42376350908454,0.8802448511123657,False,NONE
13,439,115,296.31705237,19.42376350908454,38319.0,102.73190348525469,85.66129032258064,2.7382019777926274,2.2832042104157577,1.7685134447982804,True,False,-1,PV-/PNN+,0.0,0.0,296.31705237,19.42376350908454,1.294356107711792,False,NONE
14,428,211,296.31705237,19.42376350908454,42596.0,114.19839142091153,83.58064516129032,3.0438281647760843,2.2277469814299486,1.6807084434498694,True,False,-1,PV-/PNN+,0.0,0.0,296.31705237,19.42376350908454,1.9862580299377441,False,NONE
15,296,496,296.31705237,19.42376350908454,20148.0,54.016085790884716,40.50806451612903,1.439737296081992,1.0796963612237198,1.3875695673528397,True,False,-1,PV-/PNN+,0.0,0.0,296.31705237,19.42376350908454,0.1265091896057129,False,NONE
16,534,263,296.31705237,19.42376350908454,29517.0,79.13404825737265,73.40322580645162,2.1092280012136273,1.9564794504993626,2.3152732521571924,True,True,324,PV+/PNN+,155.70547524,14.080140922851225,296.31705237,19.42376350908454,0.6270482540130615,False,NONE
17,565,427,296.31705237,19.42376350908454,56981.0,152.76407506702412,93.65322580645162,4.071752574352193,2.4962201558612502,1.595864440849913,True,True,373,PV+/PNN+,81.82481607,10.206987389088184,296.31705237,19.42376350908454,1.478528618812561,False,NONE
18,369,110,296.31705237,19.42376350908454,28488.0,76.37533512064343,57.185483870967744,2.035697641988475,1.5242139951099736,1.8193059617910057,True,False,-1,PV-/PNN+,0.0,0.0,296.31705237,19.42376350908454,0.0333251915872097,False,NONE
19,448,353,296.31705237,19.42376350908454,24758.0,66.37533512064343,61.33870967741935,1.7691590220566786,1.634913502581647,1.4789049902859466,True,False,-1,PV-/PNN+,0.0,0.0,296.31705237,19.42376350908454,0.3465639352798462,False,NONE
20,510,18,296.31705237,19.42376350908454,32064.0,85.96246648793566,79.35483870967742,2.2912317183627655,2.1151129194587703,1.9428707172553714,True,False,-1,PV-/PNN+,0.0,0.0,296.31705237,19.42376350908454,0.07173170149326324,False,NONE
21,303,350,296.31705237,19.42376350908454,17913.0,48.024128686327074,40.0,1.2800284983480605,1.0661544797271851,1.7326398061150772,True,True,38,PV+/PNN+,82.61923176,10.25641618853639,296.31705237,19.42376350908454,-1.069189190864563,False,NONE
22,518,127,296.31705237,19.42376350908454,42824.0,114.80965147453082,104.29032258064517,3.0601206058871964,2.7797398652887013,1.6400516529422393,True,False,-1,PV-/PNN+,0.0,0.0,296.31705237,19.42376350908454,0.05448555573821068,False,NONE
23,386,464,296.31705237,19.42376350908454,17582.0,47.13672922252011,40.37096774193548,1.256375875506928,1.0760422027246548,1.8533574473982364,True,True,122,PV+/PNN+,88.97455728,10.643586087602236,296.31705237,19.42376350908454,-0.21429958939552307,False,NONE
24,570,147,296.31705237,19.42376350908454,35190.0,94.343163538874,95.58064516129032,2.5146096609651236,2.547593325348104,1.8992529279992862,True,False,-1,PV-/PNN+,0.0,0.0,296.31705237,19.42376350908454,-0.027614478021860123,False,NONE
25,571,299,296.31705237,19.42376350908454,38945.0,104.41018766756032,96.30645161290323,2.782934732773138,2.566938870343154,1.7662357534533148,True,False,-1,PV-/PNN+,0.0,0.0,296.31705237,19.42376350908454,0.5957428216934204,False,NONE
26,470,428,296.31705237,19.42376350908454,17688.0,47.420911528150135,41.41129032258065,1.2639504314620944,1.1037708172175595,1.998560270639772,True,True,229,PV+/PNN+,120.75118488,12.39940255265723,296.31705237,19.42376350908454,-1.2615543603897095,False,NONE
27,429,395,296.31705237,19.42376350908454,20928.0,56.107238605898125,57.846774193548384,1.4954745946200088,1.5418399361054633,1.8719206318597033,True,True,182,PV+/PNN+,90.56338866,10.738197602350779,296.31705237,19.42376350908454,-0.432808518409729,False,NONE
28,501,349,296.31705237,19.42376350908454,36245.0,97.171581769437,69.78225806451613,2.5899979301415432,1.859966676024059,1.8617849053746078,True,False,-1,PV-/PNN+,0.0,0.0,296.31705237,19.42376350908454,0.8395901918411255,False,NONE
29,492,685,296.31705237,19.42376350908454,32667.0,87.57908847184987,68.88709677419355,2.3343209376171554,1.8361071705301644,1.7625914473013704,True,True,256,PV+/PNN+,104.86287108,11.554893086200376,296.31705237,19.42376350908454,1.4778205156326294,False,NONE
30,511,991,296.31705237,19.42376350908454,55097.0,147.71313672922253,154.84677419354838,3.9371255609603697,4.127264549443887,2.2912436084678083,True,True,289,PV+/PNN+,146.96690265,13.679330108642857,296.31705237,19.42376350908454,2.0259881019592285,False,NONE
31,366,895,296.31705237,19.42376350908454,28226.0,75.67292225201072,64.70967741935483,2.0169756263257055,1.7247628115586557,1.324135863395557,True,False,-1,PV-/PNN+,0.0,0.0,296.31705237,19.42376350908454,0.7141637802124023,False,NONE
32,364,1109,296.31705237,19.42376350908454,28003.0,75.07506702412869,58.604838709677416,2.0010404755898366,1.5620452831002931,1.6911858236367097,True,False,-1,PV-/PNN+,0.0,0.0,296.31705237,19.42376350908454,0.2591613829135895,False,NONE
33,441,1143,296.31705237,19.42376350908454,30420.0,81.55495978552278,79.20161290322581,2.1737546429826384,2.1110288599598155,1.6221717758842618,True,False,-1,PV-/PNN+,0.0,0.0,296.31705237,19.42376350908454,1.2517133951187134,False,NONE
34,518,861,296.31705237,19.42376350908454,50763.0,136.09383378016085,102.03225806451613,3.627426263699135,2.719553725304102,1.3624010779909734,True,False,-1,PV-/PNN+,0.0,0.0,296.31705237,19.42376350908454,1.3610783815383911,False,NONE
35,486,1124,296.31705237,19.42376350908454,58137.0,155.8632707774799,123.16935483870968,4.154358109108536,3.282938985659939,1.6434681899596872,True,False,-1,PV-/PNN+,0.0,0.0,296.31705237,19.42376350908454,1.3391833305358887,False,NONE
36,397,1058,296.31705237,19.42376350908454,33576.0,90.01608579088472,76.64516129032258,2.399276327836459,2.042889551477251,1.4749190304322575,True,False,-1,PV-/PNN+,0.0,0.0,296.31705237,19.42376350908454,0.6482636332511902,False,NONE
37,394,884,296.31705237,19.42376350908454,23228.0,62.27345844504021,49.104838709677416,1.6598281672321082,1.3088335941650866,1.3070531783083175,True,False,-1,PV-/PNN+,0.0,0.0,296.31705237,19.42376350908454,-0.289628803730011,False,NONE
38,488,1076,296.31705237,19.42376350908454,44503.0,119.31099195710456,137.99193548387098,3.1800987138940293,3.6780180045588438,1.7432310708691658,True,False,-1,PV-/PNN+,0.0,0.0,296.31705237,19.42376350908454,1.113420844078064,False,NONE
39,565,1064,296.31705237,19.42376350908454,55428.0,148.60053619302948,112.2258064516129,3.960778183801502,2.991251157234578,1.4269736276207388,True,False,-1,PV-/PNN+,0.0,0.0,296.31705237,19.42376350908454,0.9701414108276367,False,NONE
40,526,1050,296.31705237,19.42376350908454,57251.0,153.48793565683647,92.29838709677419,4.091046254615353,2.4601084718704906,1.7621359090323774,True,True,311,PV+/PNN+,92.15222004,10.831982768176108,296.31705237,19.42376350908454,0.1046057939529419,False,NONE
41,389,978,296.31705237,19.42376350908454,21087.0,56.533512064343164,45.86290322580645,1.506836428552758,1.2224234931871978,1.523547740647266,True,True,126,PV+/PNN+,101.68520832,11.378472144697502,296.31705237,19.42376350908454,0.20649266242980957,False,NONE
42,461,838,296.31705237,19.42376350908454,34848.0,93.42627345844504,79.5241935483871,2.4901709992984546,2.1196268799576155,1.9124635378000852,True,True,212,PV+/PNN+,74.67507486,9.75085936304132,296.31705237,19.42376350908454,-0.027940113097429276,False,NONE
43,254,864,296.31705237,19.42376350908454,16670.0,44.69168900804289,42.774193548387096,1.191206111062478,1.140097451708264,1.4653527267834034,True,False,-1,PV-/PNN+,0.0,0.0,296.31705237,19.42376350908454,-0.39446860551834106,False,NONE
44,420,855,296.31705237,19.42376350908454,25432.0,68.1823056300268,63.145161290322584,1.8173217646395285,1.6830624145693265,1.4388176226145581,True,True,161,PV+/PNN+,90.56338866,10.738197602350779,296.31705237,19.42376350908454,0.4733284115791321,False,NONE
45,551,946,296.31705237,19.42376350908454,27896.0,74.78820375335121,76.50806451612904,1.9933944615596217,2.0392353929781866,1.4666054570231344,True,False,-1,PV-/PNN+,0.0,0.0,296.31705237,19.42376350908454,-0.018684078007936478,False,NONE
46,396,938,296.31705237,19.42376350908454,19054.0,51.083109919571044,47.725806451612904,1.3615621619786717,1.2720770586744923,2.0032295378969507,True,True,129,PV+/PNN+,157.29430662000001,14.151796046802042,296.31705237,19.42376350908454,-0.596001386642456,False,NONE
47,346,1224,296.31705237,19.42376350908454,37973.0,101.80428954423593,90.5,2.713477483825764,2.4121745103827563,1.4904073315780213,True,False,-1,PV-/PNN+,0.0,0.0,296.31705237,19.42376350908454,2.297795057296753,False,NONE
48,366,1552,296.31705237,19.42376350908454,28182.0,75.55495978552278,56.314516129032256,2.0138314710235607,1.500999341115914,1.5056678635892886,True,False,-1,PV-/PNN+,0.0,0.0,296.31705237,19.42376350908454,1.3073506355285645,False,NONE
49,367,1416,296.31705237,19.42376350908454,32512.0,87.16353887399464,62.53225806451613,2.3232449359846004,1.6667261765735066,1.5378971961205472,True,False,-1,PV-/PNN+,0.0,0.0,296.31705237,19.42376350908454,1.419812560081482,False,NONE
50,461,1452,296.31705237,19.42376350908454,51480.0,138.01608579088472,105.95967741935483,3.6786617035090807,2.8242346187773153,1.4709330705785684,True,False,-1,PV-/PNN+,0.0,0.0,296.31705237,19.42376350908454,1.9386100769042969,False,NONE
51,506,1238,296.31705237,19.42376350908454,59894.0,160.57372654155495,112.58064516129032,4.27990994696917,3.000708979232158,1.4359705084333516,True,False,-1,PV-/PNN+,0.0,0.0,296.31705237,19.42376350908454,2.1693079471588135,False,NONE
52,487,1301,296.31705237,19.42376350908454,72071.0,193.21983914209116,133.90322580645162,5.150054926837664,3.56903810108673,1.5033901722443235,True,False,-1,PV-/PNN+,0.0,0.0,296.31705237,19.42376350908454,1.230940580368042,False,NONE
53,467,1533,296.31705237,19.42376350908454,72995.0,195.6970509383378,147.70967741935485,5.2160821881827,3.937033356992565,1.394630410522232,True,False,-1,PV-/PNN+,0.0,0.0,296.31705237,19.42376350908454,1.6494001150131226,False,NONE
54,561,1299,296.31705237,19.42376350908454,61847.0,165.80965147453082,124.09677419354838,4.419467567539357,3.3076582931536134,1.4792466439876917,True,False,-1,PV-/PNN+,0.0,0.0,296.31705237,19.42376350908454,1.4920111894607544,False,NONE
55,508,1341,296.31705237,19.42376350908454,71037.0,190.44772117962466,140.16935483870967,5.076167277237269,3.736054639543992,1.4257208973810078,True,False,-1,PV-/PNN+,0.0,0.0,296.31705237,19.42376350908454,0.3174583315849304,False,NONE
56,574,1700,296.31705237,19.42376350908454,35568.0,95.35656836461126,74.8225806451613,2.5416208133335467,1.994310738489682,1.3186694041676403,True,False,-1,PV-/PNN+,0.0,0.0,296.31705237,19.42376350908454,-0.1284627914428711,False,NONE
57,562,1399,296.31705237,19.42376350908454,75069.0,201.2573726541555,163.36290322580646,5.3642862358337835,4.354252277385804,1.6911858236367097,True,True,370,PV+/PNN+,87.3857259,10.54812598812072,296.31705237,19.42376350908454,0.6250636577606201,False,NONE
58,516,1388,296.31705237,19.42376350908454,66532.0,178.36997319034853,139.08870967741936,4.754248649142699,3.707251272551363,1.4726413390872923,True,False,-1,PV-/PNN+,0.0,0.0,296.31705237,19.42376350908454,0.40050315856933594,False,NONE
59,526,1573,296.31705237,19.42376350908454,39801.0,106.70509383378015,122.28225806451613,2.8441028450148584,3.2592944306659892,1.382900300095661,True,False,-1,PV-/PNN+,0.0,0.0,296.31705237,19.42376350908454,1.4534341096878052,False,NONE
60,421,1535,296.31705237,19.42376350908454,20519.0,55.01072386058981,48.62096774193548,1.4662482419250744,1.2959365641683867,1.5550937657750348,True,False,-1,PV-/PNN+,0.0,0.0,296.31705237,19.42376350908454,0.16413432359695435,False,NONE
61,495,1417,296.31705237,19.42376350908454,33896.0,90.8739946380697,78.39516129032258,2.422142911852055,2.0895338099653156,1.7353730357290356,True,True,263,PV+/PNN+,119.1623535,12.317557416952052,296.31705237,19.42376350908454,-1.0228244066238403,False,NONE
62,391,1372,296.31705237,19.42376350908454,18667.0,50.0455764075067,42.41129032258065,1.3339078869348098,1.1304246792107393,1.5047567870513026,True,False,-1,PV-/PNN+,0.0,0.0,296.31705237,19.42376350908454,-0.7901630401611328,False,NONE
63,536,1490,296.31705237,19.42376350908454,69995.0,187.65415549597856,159.67741935483872,5.001707963036482,4.256019898910941,1.421507168392822,True,False,-1,PV-/PNN+,0.0,0.0,296.31705237,19.42376350908454,1.0588760375976562,False,NONE
64,561,1350,296.31705237,19.42376350908454,45259.0,121.33780160857908,114.53225806451613,3.234121018630876,3.052727000218847,1.5040734796478128,True,False,-1,PV-/PNN+,0.0,0.0,296.31705237,19.42376350908454,-0.05276516452431679,False,NONE
65,488,2221,296.31705237,19.42376350908454,18806.0,50.41823056300268,38.78225806451613,1.3438405593665845,1.0336969542354906,1.483802026677622,True,False,-1,PV-/PNN+,0.0,0.0,296.31705237,19.42376350908454,-0.28730547428131104,False,NONE
66,451,1899,296.31705237,19.42376350908454,19812.0,53.11528150134048,41.403225806451616,1.415727382865616,1.1035558667176146,1.534025120834106,True,False,-1,PV-/PNN+,0.0,0.0,296.31705237,19.42376350908454,-0.3104255199432373,False,NONE
67,479,2098,296.31705237,19.42376350908454,14824.0,39.742627345844504,36.13709677419355,1.0592945045225062,0.9631931902535316,1.451686578713612,True,False,-1,PV-/PNN+,0.0,0.0,296.31705237,19.42376350908454,-1.8053516149520874,False,NONE
68,641,270,296.31705237,19.42376350908454,75821.0,203.2734584450402,185.23387096774192,5.418022708270435,4.937198033236635,1.8109923883818826,True,True,511,PV+/PNN+,110.42378091,11.857315232959937,296.31705237,19.42376350908454,1.143660068511963,False,NONE
69,1012,259,296.31705237,19.42376350908454,54430.0,145.92493297587131,115.45161290322581,3.8894630249028608,3.0772313572125767,1.176541464241808,True,True,715,PV+/PNN+,114.39585936,12.068692219586765,296.31705237,19.42376350908454,2.000770330429077,False,NONE
70,758,352,296.31705237,19.42376350908454,42216.0,113.17962466487936,90.71774193548387,3.0166740962575633,2.417978173881271,1.9377459117291993,True,True,646,PV+/PNN+,148.55573403,13.753073662427433,296.31705237,19.42376350908454,1.8466037511825562,False,NONE
71,1039,409,296.31705237,19.42376350908454,36408.0,97.60857908847186,67.45967741935483,2.6016455963744876,1.7980609320398997,1.236330862047146,True,True,721,PV+/PNN+,163.64963214,14.434859996619657,296.31705237,19.42376350908454,1.1852291822433472,False,NONE
72,875,72,296.31705237,19.42376350908454,60815.0,163.04289544235925,122.30645161290323,4.345722834089059,3.2599392821658246,1.7578082954769434,True,False,-1,PV-/PNN+,0.0,0.0,296.31705237,19.42376350908454,1.8829176425933838,False,NONE
73,1093,502,296.31705237,19.42376350908454,20438.0,54.793565683646115,38.685483870967744,1.4604601378461266,1.0311175482361505,1.3351826664186384,True,True,743,PV+/PNN+,107.24611815,11.68546099424064,296.31705237,19.42376350908454,0.7348096966743469,False,NONE
74,703,19,296.31705237,19.42376350908454,54714.0,146.686327077748,122.53225806451613,3.9097571182167026,3.2659578961642843,2.020084453849694,True,False,-1,PV-/PNN+,0.0,0.0,296.31705237,19.42376350908454,1.791058897972107,False,NONE
75,802,407,296.31705237,19.42376350908454,34671.0,92.95174262734585,81.55645161290323,2.477522920014828,2.1737944059437546,1.6987022050750948,True,True,674,PV+/PNN+,135.84508299,13.151552441468574,296.31705237,19.42376350908454,2.6506669521331787,False,NONE
76,870,424,296.31705237,19.42376350908454,44282.0,118.71849865951742,72.5725806451613,3.164306479308258,1.934339549005028,1.3758394569262684,True,False,-1,PV-/PNN+,0.0,0.0,296.31705237,19.42376350908454,1.2533169984817505,False,NONE
77,937,166,296.31705237,19.42376350908454,69993.0,187.64879356568363,142.66129032258064,5.001565046886385,3.8024743440269964,1.3349548972841419,True,False,-1,PV-/PNN+,0.0,0.0,296.31705237,19.42376350908454,1.2581712007522583,False,NONE
78,662,309,296.31705237,19.42376350908454,48255.0,129.36997319034853,104.71774193548387,3.4482094114768977,2.791132241785786,2.041836406194112,True,True,530,PV+/PNN+,139.81716144,13.342441267550267,296.31705237,19.42376350908454,0.9305931329727173,False,NONE
79,661,99,296.31705237,19.42376350908454,59965.0,160.76407506702412,127.0,4.284983470297631,3.3850404731338126,2.259355929638295,True,True,536,PV+/PNN+,150.14456541,13.82642390884524,296.31705237,19.42376350908454,1.751343846321106,False,NONE
80,1035,323,296.31705237,19.42376350908454,24527.0,65.75603217158177,55.53225806451613,1.75265220672042,1.4801491426212492,1.4576085762105215,True,True,720,PV+/PNN+,146.96690265,13.679330108642857,296.31705237,19.42376350908454,0.7940251231193542,False,NONE
81,986,349,296.31705237,19.42376350908454,19484.0,52.23592493297587,46.403225806451616,1.3922891342496295,1.2368251766835128,1.371284074236338,True,True,704,PV+/PNN+,130.28417316,12.879555944225542,296.31705237,19.42376350908454,1.8543652296066284,False,NONE
82,882,237,296.31705237,19.42376350908454,41678.0,111.7372654155496,88.0,2.9782296518813416,2.345539855399807,1.580262255136901,True,False,-1,PV-/PNN+,0.0,0.0,296.31705237,19.42376350908454,1.6726652383804321,False,NONE
83,759,163,296.31705237,19.42376350908454,56641.0,151.85254691689008,128.1048387096774,4.047456828835623,3.4144886916262767,1.763730292973853,True,True,647,PV+/PNN+,89.76897297000001,10.690996505268624,296.31705237,19.42376350908454,1.7324174642562866,False,NONE
84,906,461,296.31705237,19.42376350908454,36493.0,97.83646112600536,69.08870967741936,2.6077195327536304,1.8414809330287893,1.3707146514000967,True,False,-1,PV-/PNN+,0.0,0.0,296.31705237,19.42376350908454,1.7470883131027222,False,NONE
85,696,299,296.31705237,19.42376350908454,38291.0,102.656836461126,89.37903225806451,2.736201151691263,2.3822963908904016,1.7161265438640791,True,False,-1,PV-/PNN+,0.0,0.0,296.31705237,19.42376350908454,0.47507768869400024,False,NONE
86,857,177,296.31705237,19.42376350908454,51489.0,138.0402144772118,125.94354838709677,3.6793048261845196,3.3568819576410176,1.9489065993195294,True,True,685,PV+/PNN+,165.23846352,14.504762875171128,296.31705237,19.42376350908454,0.9128836393356323,False,NONE
87,797,176,296.31705237,19.42376350908454,36571.0,98.0455764075067,96.20161290322581,2.613293262607432,2.564144513843869,2.2355540550834077,True,True,673,PV+/PNN+,173.97703611,14.883361255142246,296.31705237,19.42376350908454,1.110875129699707,False,NONE
88,918,509,296.31705237,19.42376350908454,31120.0,83.43163538873995,58.13709677419355,2.223775295516756,1.5495781541034834,1.358301233570036,True,True,697,PV+/PNN+,81.82481607,10.206987389088184,296.31705237,19.42376350908454,0.9739755392074585,False,NONE
89,752,108,296.31705237,19.42376350908454,79758.0,213.82841823056302,183.43548387096774,5.699353149737321,4.889264071748902,2.0462779043167942,True,False,-1,PV-/PNN+,0.0,0.0,296.31705237,19.42376350908454,0.38637012243270874,False,NONE
90,903,160,296.31705237,19.42376350908454,90239.0,241.92761394101876,223.75806451612902,6.448305234323153,5.964016571473886,1.7894682051719608,True,False,-1,PV-/PNN+,0.0,0.0,296.31705237,19.42376350908454,0.8791409730911255,False,NONE
91,1145,316,296.31705237,19.42376350908454,24515.0,65.72386058981233,49.50806451612903,1.7517947098198352,1.3195811191623366,1.3836974920663987,True,False,-1,PV-/PNN+,0.0,0.0,296.31705237,19.42376350908454,0.5938990116119385,False,NONE
92,1015,431,296.31705237,19.42376350908454,21505.0,57.65415549597855,49.814516129032256,1.536705903923131,1.3277492381602463,1.2848456876949061,True,False,-1,PV-/PNN+,0.0,0.0,296.31705237,19.42376350908454,0.22649793326854706,False,NONE
93,708,49,296.31705237,19.42376350908454,47184.0,126.49865951742628,156.30645161290323,3.3716778130996983,4.166170589933932,1.6415321523164665,True,False,-1,PV-/PNN+,0.0,0.0,296.31705237,19.42376350908454,1.1557978391647339,False,NONE
94,1102,208,296.31705237,19.42376350908454,67083.0,179.84718498659518,164.2258064516129,4.793622048494555,4.377251980879919,1.4358566238661032,True,False,-1,PV-/PNN+,0.0,0.0,296.31705237,19.42376350908454,-0.43427684903144836,False,NONE
95,848,50,296.31705237,19.42376350908454,33524.0,89.87667560321715,82.9274193548387,2.3955605079339244,2.210335990934404,1.6119221648319184,True,False,-1,PV-/PNN+,0.0,0.0,296.31705237,19.42376350908454,0.5174263715744019,False,NONE
96,744,552,296.31705237,19.42376350908454,36054.0,96.65951742627345,78.66129032258064,2.5763494378072336,2.0966271764635005,1.554296573804297,True,False,-1,PV-/PNN+,0.0,0.0,296.31705237,19.42376350908454,0.4857456088066101,False,NONE
97,1076,193,296.31705237,19.42376350908454,37426.0,100.33780160857908,115.29838709677419,2.6743899167741034,3.073147297713622,1.6869720946485236,True,True,738,PV+/PNN+,196.22067543,15.806198893222852,296.31705237,19.42376350908454,-1.2404602766036987,False,NONE
98,1031,225,296.31705237,19.42376350908454,31589.0,84.68900804289544,102.08064516129032,2.2572891327146145,2.720843428303772,1.42492370541027,True,False,-1,PV-/PNN+,0.0,0.0,296.31705237,19.42376350908454,-0.6604315042495728,False,NONE
99,786,77,296.31705237,19.42376350908454,33115.0,88.78016085790885,101.66935483870968,2.3663341552389903,2.7098809528065773,1.8396912993284449,True,True,669,PV+/PNN+,242.29678545000002,17.564220699967063,296.31705237,19.42376350908454,-1.1439813375473022,False,NONE
100,977,134,296.31705237,19.42376350908454,23099.0,61.92761394101877,91.45967741935483,1.6506100755508208,2.4377536198762106,1.3597817329442634,True,False,-1,PV-/PNN+,0.0,0.0,296.31705237,19.42376350908454,-1.4690581560134888,False,NONE
101,782,122,296.31705237,19.42376350908454,32722.0,87.72654155495978,109.78225806451613,2.3382511317448356,2.926121155751244,1.6984744359405983,True,False,-1,PV-/PNN+,0.0,0.0,296.31705237,19.42376350908454,-0.1792832612991333,False,NONE
102,1028,551,296.31705237,19.42376350908454,19669.0,52.73190348525469,35.63709677419355,1.4055088781336462,0.9498662592569418,1.082358927127494,True,False,-1,PV-/PNN+,0.0,0.0,296.31705237,19.42376350908454,0.4452466070652008,False,NONE
103,1051,160,296.31705237,19.42376350908454,24063.0,64.51206434316354,80.25806451612904,1.7194956598978053,2.13918737545261,1.4933683303264762,True,False,-1,PV-/PNN+,0.0,0.0,296.31705237,19.42376350908454,-1.9599506855010986,False,NONE
104,825,100,296.31705237,19.42376350908454,33510.0,89.83914209115281,88.94354838709677,2.394560094883242,2.3706890638933715,1.909844192753375,True,True,678,PV+/PNN+,112.01261229,11.942314996545516,296.31705237,19.42376350908454,-0.4369931221008301,False,NONE
105,1005,122,296.31705237,19.42376350908454,24447.0,65.54155495978553,78.00806451612904,1.7469355607165211,2.079216185967956,1.4745773767305128,True,True,711,PV+/PNN+,158.883138,14.223090180871878,296.31705237,19.42376350908454,-1.9004096984863281,False,NONE
106,1145,136,296.31705237,19.42376350908454,25848.0,69.2975871313673,81.29838709677419,1.8470483238598043,2.1669159899455144,1.2889455321158436,True,False,-1,PV-/PNN+,0.0,0.0,296.31705237,19.42376350908454,-1.73353910446167,False,NONE
107,1009,191,296.31705237,19.42376350908454,31022.0,83.16890080428955,102.7258064516129,2.2167724041619796,2.7380394682993714,1.378117148271234,True,False,-1,PV-/PNN+,0.0,0.0,296.31705237,19.42376350908454,-0.7091003060340881,False,NONE
108,897,130,296.31705237,19.42376350908454,26214.0,70.27882037533512,88.5241935483871,1.8732019793276424,2.359511637896232,1.8863839719002327,True,False,-1,PV-/PNN+,0.0,0.0,296.31705237,19.42376350908454,-1.2205387353897095,False,NONE
109,748,504,296.31705237,19.42376350908454,49592.0,132.9544235924933,104.30645161290323,3.5437488578170617,2.780169766288591,1.2383807842576147,True,False,-1,PV-/PNN+,0.0,0.0,296.31705237,19.42376350908454,0.35215848684310913,False,NONE
110,781,337,296.31705237,19.42376350908454,24823.0,66.54959785522789,60.36290322580645,1.773803796934847,1.6089044920883024,2.0541359394569247,True,True,663,PV+/PNN+,131.87300454,12.957851838301272,296.31705237,19.42376350908454,1.1833244562149048,False,NONE
111,751,701,296.31705237,19.42376350908454,59929.0,160.66756032171583,134.93548387096774,4.282410979595876,3.5965517650796897,1.2448722045907659,True,False,-1,PV-/PNN+,0.0,0.0,296.31705237,19.42376350908454,2.343912363052368,False,NONE
112,853,1042,296.31705237,19.42376350908454,66774.0,179.01876675603216,145.33870967741936,4.771541503304494,3.873837910008736,1.2781264982272587,True,False,-1,PV-/PNN+,0.0,0.0,296.31705237,19.42376350908454,1.5348505973815918,False,NONE
113,910,841,296.31705237,19.42376350908454,35560.0,95.33512064343164,77.88709677419355,2.541049148733157,2.075991928468781,1.2987396048991944,True,False,-1,PV-/PNN+,0.0,0.0,296.31705237,19.42376350908454,1.2240406274795532,False,NONE
114,714,660,296.31705237,19.42376350908454,50908.0,136.48257372654155,101.25806451612904,3.637787684581202,2.698918477309382,1.3358659738221281,True,False,-1,PV-/PNN+,0.0,0.0,296.31705237,19.42376350908454,1.9854134321212769,False,NONE
115,856,657,296.31705237,19.42376350908454,36426.0,97.656836461126,78.43548387096774,2.602931841725365,2.090608562465041,1.4004385234518932,True,False,-1,PV-/PNN+,0.0,0.0,296.31705237,19.42376350908454,0.884543776512146,False,NONE
116,921,757,296.31705237,19.42376350908454,33224.0,89.07238605898124,60.41935483870968,2.3741230854193027,1.6104091455879175,1.1977239937499848,True,False,-1,PV-/PNN+,0.0,0.0,296.31705237,19.42376350908454,1.8838376998901367,False,NONE
117,666,984,296.31705237,19.42376350908454,44970.0,120.56300268096514,97.58064516129032,3.21346963494179,2.6009010493344635,1.4704775323095751,True,False,-1,PV-/PNN+,0.0,0.0,296.31705237,19.42376350908454,1.0860918760299683,False,NONE
118,1127,1125,296.31705237,19.42376350908454,32491.0,87.10723860589812,53.38709677419355,2.321744316408577,1.4229723096358802,1.1439704780088045,True,False,-1,PV-/PNN+,0.0,0.0,296.31705237,19.42376350908454,1.4417794942855835,False,NONE
119,1085,873,296.31705237,19.42376350908454,35358.0,94.79356568364611,63.54032258064516,2.5266146175733115,1.6935949890666313,0.9862403523699598,True,False,-1,PV-/PNN+,0.0,0.0,296.31705237,19.42376350908454,1.4756367206573486,False,NONE
120,1078,698,296.31705237,19.42376350908454,20604.0,55.238605898123325,39.58064516129032,1.4723221783042173,1.0549770537300451,1.096594498033527,True,False,-1,PV-/PNN+,0.0,0.0,296.31705237,19.42376350908454,0.5751060247421265,False,NONE
121,797,1104,296.31705237,19.42376350908454,57105.0,153.0965147453083,112.45967741935483,4.0806133756582375,2.9974847217329827,1.4125102875802094,True,False,-1,PV-/PNN+,0.0,0.0,296.31705237,19.42376350908454,1.482632040977478,False,NONE
122,1061,990,296.31705237,19.42376350908454,26318.0,70.55764075067025,48.25806451612903,1.8806336191327115,1.286263791670862,1.1313292910442472,True,False,-1,PV-/PNN+,0.0,0.0,296.31705237,19.42376350908454,1.6654895544052124,False,NONE
123,768,939,296.31705237,19.42376350908454,29486.0,79.05093833780161,64.0725806451613,2.1070128008871167,1.7077817220630012,1.3809642624524405,True,False,-1,PV-/PNN+,0.0,0.0,296.31705237,19.42376350908454,1.2690361738204956,False,NONE
124,670,1096,296.31705237,19.42376350908454,58999.0,158.17426273458446,109.80645161290323,4.215954969800549,2.926766007251079,1.421051630123829,True,False,-1,PV-/PNN+,0.0,0.0,296.31705237,19.42376350908454,1.8032389879226685,False,NONE
125,1015,795,296.31705237,19.42376350908454,23574.0,63.20107238605898,43.38709677419355,1.6845526611989718,1.156433689704084,1.4079549048902789,True,True,716,PV+/PNN+,135.84508299,13.151552441468574,296.31705237,19.42376350908454,0.9127129316329956,False,NONE
126,730,956,296.31705237,19.42376350908454,43197.0,115.80965147453082,105.62903225806451,3.086774467880376,2.81542164827957,1.3454322774709822,True,False,-1,PV-/PNN+,0.0,0.0,296.31705237,19.42376350908454,1.818096399307251,False,NONE
127,803,787,296.31705237,19.42376350908454,39644.0,106.28418230563003,82.29838709677419,2.832883927232207,2.1935698519386944,1.3490765836229266,True,False,-1,PV-/PNN+,0.0,0.0,296.31705237,19.42376350908454,0.9057748317718506,False,NONE
128,1068,1045,296.31705237,19.42376350908454,24492.0,65.66219839142092,62.935483870967744,1.7501511740937143,1.6774737015707566,1.1243823324421032,True,False,-1,PV-/PNN+,0.0,0.0,296.31705237,19.42376350908454,1.5205810070037842,False,NONE
129,800,1149,296.31705237,19.42376350908454,58953.0,158.0509383378016,126.6774193548387,4.212667898348307,3.3764424531360127,1.4527115398188462,True,False,-1,PV-/PNN+,0.0,0.0,296.31705237,19.42376350908454,1.340375304222107,False,NONE
130,762,855,296.31705237,19.42376350908454,29960.0,80.32171581769437,70.11290322580645,2.1408839284602186,1.8687796465218036,1.2264229046965471,True,False,-1,PV-/PNN+,0.0,0.0,296.31705237,19.42376350908454,1.0776163339614868,False,NONE
131,895,954,296.31705237,19.42376350908454,45470.0,121.90348525469169,92.91129032258064,3.24919867246616,2.47644470986631,1.1475008995935005,True,False,-1,PV-/PNN+,0.0,0.0,296.31705237,19.42376350908454,1.327467679977417,False,NONE
132,728,852,296.31705237,19.42376350908454,25283.0,67.7828418230563,56.33870967741935,1.8066745114572667,1.5016441926157489,1.7385618036119872,True,True,615,PV+/PNN+,124.72326333,12.60169000650996,296.31705237,19.42376350908454,1.1481486558914185,False,NONE
133,993,1105,296.31705237,19.42376350908454,29534.0,79.17962466487936,66.91935483870968,2.110442788489456,1.783659248543585,1.098302766542251,True,False,-1,PV-/PNN+,0.0,0.0,296.31705237,19.42376350908454,1.2097305059432983,False,NONE
134,1020,944,296.31705237,19.42376350908454,20577.0,55.166219839142094,42.70967741935484,1.4703928102779014,1.138377847708704,0.9755352030486231,True,False,-1,PV-/PNN+,0.0,0.0,296.31705237,19.42376350908454,-0.08886457979679108,False,NONE
135,1068,748,296.31705237,19.42376350908454,19831.0,53.166219839142094,30.967741935483872,1.417085086291542,0.8254099197887884,1.0617458204555583,True,False,-1,PV-/PNN+,0.0,0.0,296.31705237,19.42376350908454,-0.44868385791778564,False,NONE
136,998,708,296.31705237,19.42376350908454,21378.0,57.31367292225201,46.983870967741936,1.527630728391941,1.2523016126795525,1.0722232006423986,True,False,-1,PV-/PNN+,0.0,0.0,296.31705237,19.42376350908454,-0.1676732450723648,False,NONE
137,739,1122,296.31705237,19.42376350908454,35703.0,95.71849865951742,81.68548387096774,2.551267653465126,2.1772336139428745,1.6060001673350084,True,False,-1,PV-/PNN+,0.0,0.0,296.31705237,19.42376350908454,0.6101654767990112,False,NONE
138,667,640,296.31705237,19.42376350908454,27942.0,74.91152815013405,61.08870967741935,1.9966815330118635,1.6282500370833521,1.8293278037088527,True,True,533,PV+/PNN+,166.03287921,14.539588286344586,296.31705237,19.42376350908454,-1.0559165477752686,False,NONE
139,973,654,296.31705237,19.42376350908454,17924.0,48.05361930294906,38.33870967741935,1.2808145371735968,1.0218746767385156,1.0015008843812272,True,False,-1,PV-/PNN+,0.0,0.0,296.31705237,19.42376350908454,0.44685691595077515,False,NONE
140,1099,655,296.31705237,19.42376350908454,13819.0,37.048257372654156,29.806451612903224,0.9874791390985235,0.7944570477967088,1.0566210149293864,True,False,-1,PV-/PNN+,0.0,0.0,296.31705237,19.42376350908454,0.7209144830703735,False,NONE
141,880,869,296.31705237,19.42376350908454,20358.0,54.579088471849865,54.25806451612903,1.4547434918422273,1.4461869636299396,1.2677630026076667,True,False,-1,PV-/PNN+,0.0,0.0,296.31705237,19.42376350908454,-1.3661173582077026,False,NONE
142,654,761,296.31705237,19.42376350908454,37712.0,101.10455764075067,88.89516129032258,2.694826926238043,2.3693993608937016,1.398958024077666,True,False,-1,PV-/PNN+,0.0,0.0,296.31705237,19.42376350908454,0.09048369526863098,False,NONE
143,878,1114,296.31705237,19.42376350908454,29411.0,78.84986595174263,74.83870967741936,2.101653445258461,1.9947406394895721,1.4056772135453133,True,False,-1,PV-/PNN+,0.0,0.0,296.31705237,19.42376350908454,-0.3142581582069397,False,NONE
144,1078,1268,296.31705237,19.42376350908454,77683.0,208.26541554959786,178.28225806451613,5.551077644011188,4.751910702284048,1.1257489472490825,True,False,-1,PV-/PNN+,0.0,0.0,296.31705237,19.42376350908454,2.34721302986145,False,NONE
145,959,1229,296.31705237,19.42376350908454,76957.0,206.3190348525469,185.53225806451613,5.499199081525803,4.945151201734601,1.2829096500516857,True,False,-1,PV-/PNN+,0.0,0.0,296.31705237,19.42376350908454,2.3261687755584717,False,NONE
146,908,1486,296.31705237,19.42376350908454,64533.0,173.01072386058982,154.59677419354838,4.61140395712027,4.120601083945592,1.4180906313753743,True,False,-1,PV-/PNN+,0.0,0.0,296.31705237,19.42376350908454,2.1930534839630127,False,NONE
147,1125,1401,296.31705237,19.42376350908454,58960.0,158.0697050938338,100.13709677419355,4.213168104873648,2.6690403578170274,1.1656085457859746,True,False,-1,PV-/PNN+,0.0,0.0,296.31705237,19.42376350908454,2.080714464187622,False,NONE
148,1039,1338,296.31705237,19.42376350908454,40597.0,108.83914209115281,83.21774193548387,2.9009834727536545,2.218074208932424,1.106957993653119,True,False,-1,PV-/PNN+,0.0,0.0,296.31705237,19.42376350908454,1.7278743982315063,False,NONE
149,756,1220,296.31705237,19.42376350908454,58334.0,156.39142091152814,128.81451612903226,4.168435349893137,3.4334043356214368,1.6570204534622304,True,True,645,PV+/PNN+,146.17248696000001,13.642308849668993,296.31705237,19.42376350908454,1.1105679273605347,False,NONE
150,939,1453,296.31705237,19.42376350908454,34607.0,92.78016085790885,82.16935483870968,2.472949603211709,2.1901306439395745,1.0009314615449858,True,False,-1,PV-/PNN+,0.0,0.0,296.31705237,19.42376350908454,0.4625512361526489,False,NONE
151,788,1512,296.31705237,19.42376350908454,39521.0,105.9544235924933,82.24193548387096,2.824094584001212,2.192065198439079,1.4815243353326568,True,False,-1,PV-/PNN+,0.0,0.0,296.31705237,19.42376350908454,1.5055567026138306,False,NONE
152,844,1408,296.31705237,19.42376350908454,54985.0,147.41286863270778,97.60483870967742,3.929122256554911,2.6015459008342985,1.3452045083364856,True,False,-1,PV-/PNN+,0.0,0.0,296.31705237,19.42376350908454,2.0922765731811523,False,NONE
153,910,1632,296.31705237,19.42376350908454,37153.0,99.6058981233244,82.5241935483871,2.654881862285798,2.1995884659371545,1.3310828219977011,True,False,-1,PV-/PNN+,0.0,0.0,296.31705237,19.42376350908454,1.350490689277649,False,NONE
154,761,1264,296.31705237,19.42376350908454,62862.0,168.53083109919572,128.18548387096774,4.4919975137138275,3.416638196625727,1.4882435248003043,True,False,-1,PV-/PNN+,0.0,0.0,296.31705237,19.42376350908454,1.6967209577560425,False,NONE
155,711,1274,296.31705237,19.42376350908454,54333.0,145.66487935656838,107.25,3.8825315916231333,2.8586266987685147,1.4523698861171015,True,False,-1,PV-/PNN+,0.0,0.0,296.31705237,19.42376350908454,2.249422073364258,False,NONE
156,970,1650,296.31705237,19.42376350908454,58577.0,157.04289544235925,136.53225806451613,4.185799662129981,3.6391119640687988,1.0437520588303328,True,False,-1,PV-/PNN+,0.0,0.0,296.31705237,19.42376350908454,1.8660579919815063,False,NONE
157,1126,1617,296.31705237,19.42376350908454,42555.0,114.08847184986595,76.18548387096774,3.0408983836990857,2.0306373729803866,1.0990999585129888,True,False,-1,PV-/PNN+,0.0,0.0,296.31705237,19.42376350908454,1.0790001153945923,False,NONE
158,857,1575,296.31705237,19.42376350908454,66573.0,178.4798927613941,138.91935483870967,4.757178430219698,3.7027373120525175,1.2676491180404184,True,False,-1,PV-/PNN+,0.0,0.0,296.31705237,19.42376350908454,1.2596960067749023,False,NONE
159,744,1437,296.31705237,19.42376350908454,80047.0,214.60321715817693,179.1290322580645,5.720004533426406,4.774480504778273,1.416724016568395,True,False,-1,PV-/PNN+,0.0,0.0,296.31705237,19.42376350908454,1.3444769382476807,False,NONE
160,1114,1449,296.31705237,19.42376350908454,44600.0,119.57104557640751,90.66935483870968,3.187030147173757,2.416688470881601,1.1554728193008792,True,False,-1,PV-/PNN+,0.0,0.0,296.31705237,19.42376350908454,1.1121113300323486,False,NONE
161,993,1301,296.31705237,19.42376350908454,39800.0,106.7024128686327,95.6774193548387,2.8440313869398097,2.5501727313474443,1.2042154140831358,True,False,-1,PV-/PNN+,0.0,0.0,296.31705237,19.42376350908454,1.368131399154663,False,NONE
162,684,1611,296.31705237,19.42376350908454,60563.0,162.36729222520108,121.0241935483871,4.327715399176777,3.22576215267457,1.2636631581867293,True,False,-1,PV-/PNN+,0.0,0.0,296.31705237,19.42376350908454,1.7724764347076416,False,NONE
163,1134,1668,296.31705237,19.42376350908454,33163.0,88.9088471849866,94.36290322580645,2.36976414284133,2.5151357998564094,1.1090079158635877,True,False,-1,PV-/PNN+,0.0,0.0,296.31705237,19.42376350908454,1.0119932889938354,False,NONE
164,1018,1480,296.31705237,19.42376350908454,29457.0,78.97319034852546,64.37903225806451,2.1049405167107027,1.7159498410609109,1.0635679735315307,True,False,-1,PV-/PNN+,0.0,0.0,296.31705237,19.42376350908454,-0.12508437037467957,False,NONE
165,676,1697,296.31705237,19.42376350908454,64774.0,173.656836461126,167.51612903225808,4.628625353207016,4.464951784857478,1.4413230830940198,True,False,-1,PV-/PNN+,0.0,0.0,296.31705237,19.42376350908454,0.2691589593887329,False,NONE
166,946,1671,296.31705237,19.42376350908454,42657.0,114.36193029490616,92.08870967741936,3.0481871073540567,2.4545197588719208,1.0593542445433448,True,False,-1,PV-/PNN+,0.0,0.0,296.31705237,19.42376350908454,0.22771769762039185,False,NONE
167,900,1273,296.31705237,19.42376350908454,43845.0,117.54691689008042,113.26612903225806,3.133079300511959,3.0189797717274827,1.377775494569489,True,False,-1,PV-/PNN+,0.0,0.0,296.31705237,19.42376350908454,0.5081963539123535,False,NONE
168,964,1401,296.31705237,19.42376350908454,39587.0,106.1313672922252,94.61290322580645,2.828810816954429,2.5217992653547046,1.0439798279648294,True,False,-1,PV-/PNN+,0.0,0.0,296.31705237,19.42376350908454,0.2883623242378235,False,NONE
169,1129,1523,296.31705237,19.42376350908454,27334.0,73.28150134048258,70.61290322580645,1.9532350233822304,1.8821065775183936,1.1435149397398114,True,False,-1,PV-/PNN+,0.0,0.0,296.31705237,19.42376350908454,1.0212222337722778,False,NONE
170,1055,1222,296.31705237,19.42376350908454,28167.0,75.51474530831099,65.25,2.01275959989783,1.7391644950549705,1.153764550792155,True,False,-1,PV-/PNN+,0.0,0.0,296.31705237,19.42376350908454,-0.3729819655418396,False,NONE
171,868,1331,296.31705237,19.42376350908454,57632.0,154.50938337801608,128.42741935483872,4.1182717812089225,3.423086711624077,1.4334650479538897,True,False,-1,PV-/PNN+,0.0,0.0,296.31705237,19.42376350908454,0.7685106992721558,False,NONE
172,828,1648,296.31705237,19.42376350908454,43504.0,116.63270777479893,89.48387096774194,3.108712096920339,2.3850907473896865,1.2496553564151929,True,False,-1,PV-/PNN+,0.0,0.0,296.31705237,19.42376350908454,0.32593947649002075,False,NONE
173,651,1241,296.31705237,19.42376350908454,23938.0,64.17694369973191,56.12903225806452,1.710563400516713,1.496055479617179,1.5548659966405385,True,False,-1,PV-/PNN+,0.0,0.0,296.31705237,19.42376350908454,-0.6409652233123779,False,NONE
174,1087,1376,296.31705237,19.42376350908454,25421.0,68.15281501340482,70.91935483870968,1.8165357258139925,1.8902746965163035,1.1091218004308359,True,False,-1,PV-/PNN+,0.0,0.0,296.31705237,19.42376350908454,-0.6426958441734314,False,NONE
175,642,1491,296.31705237,19.42376350908454,57846.0,155.08310991957106,106.16129032258064,4.133563809269353,2.82960838127594,1.4541920391930738,True,False,-1,PV-/PNN+,0.0,0.0,296.31705237,19.42376350908454,0.44545701146125793,False,NONE
176,731,1319,296.31705237,19.42376350908454,38391.0,102.92493297587131,81.3225806451613,2.743346959196137,2.1675608414453498,1.4781077983152089,True,False,-1,PV-/PNN+,0.0,0.0,296.31705237,19.42376350908454,0.8027702569961548,False,NONE
177,1049,1530,296.31705237,19.42376350908454,21280.0,57.05093833780161,55.08064516129032,1.5206278370371649,1.4681119146243293,1.1166381818692213,True,False,-1,PV-/PNN+,0.0,0.0,296.31705237,19.42376350908454,0.6691274642944336,False,NONE
178,832,1327,296.31705237,19.42376350908454,41160.0,110.3485254691689,91.71774193548387,2.941214369006095,2.444632035874451,1.5033901722443235,True,False,-1,PV-/PNN+,0.0,0.0,296.31705237,19.42376350908454,0.07305777072906494,False,NONE
179,786,1704,296.31705237,19.42376350908454,77249.0,207.10187667560322,166.2258064516129,5.5200648394400345,4.430559704866278,1.2010266462001844,True,False,-1,PV-/PNN+,0.0,0.0,296.31705237,19.42376350908454,0.7970989942550659,False,NONE
180,663,1281,296.31705237,19.42376350908454,29835.0,79.98659517426273,62.516129032258064,2.1319516690791263,1.6662962755736166,1.4892684859055387,True,False,-1,PV-/PNN+,0.0,0.0,296.31705237,19.42376350908454,-0.1385745108127594,False,NONE
181,671,1454,296.31705237,19.42376350908454,62621.0,167.8847184986595,124.70967741935483,4.474776117627081,3.323994531149433,1.376864418031503,True,False,-1,PV-/PNN+,0.0,0.0,296.31705237,19.42376350908454,0.5251840353012085,False,NONE
182,741,1696,296.31705237,19.42376350908454,36753.0,98.53351206434316,97.9274193548387,2.6262986322663022,2.6101439208320985,1.4030578684986035,True,False,-1,PV-/PNN+,0.0,0.0,296.31705237,19.42376350908454,-1.4245164394378662,False,NONE
183,645,1702,296.31705237,19.42376350908454,74075.0,198.59249329758714,175.6451612903226,5.293256909235337,4.6816218888020344,2.2213184841773748,True,True,512,PV+/PNN+,196.22067543,15.806198893222852,296.31705237,19.42376350908454,0.24129153788089752,False,NONE
184,704,1678,296.31705237,19.42376350908454,41955.0,112.4798927613941,97.01612903225806,2.9980235386698424,2.5858545143383136,1.3233386714248192,True,False,-1,PV-/PNN+,0.0,0.0,296.31705237,19.42376350908454,-1.009412407875061,False,NONE
185,1118,2140,296.31705237,19.42376350908454,65620.0,175.92493297587131,166.67741935483872,4.689078884698249,4.442596932863198,1.191801996253075,True,False,-1,PV-/PNN+,0.0,0.0,296.31705237,19.42376350908454,2.439516544342041,False,NONE
186,1037,2220,296.31705237,19.42376350908454,75863.0,203.38605898123325,170.63709677419354,5.421023947422483,4.548137628336191,1.1608253939615474,True,False,-1,PV-/PNN+,0.0,0.0,296.31705237,19.42376350908454,2.3514564037323,False,NONE
187,957,1925,296.31705237,19.42376350908454,51656.0,138.48793565683647,103.9758064516129,3.6912383247176592,2.771356795790846,1.0099283423575987,True,False,-1,PV-/PNN+,0.0,0.0,296.31705237,19.42376350908454,1.473351240158081,False,NONE
188,1091,2063,296.31705237,19.42376350908454,49873.0,133.7077747989276,107.08870967741936,3.563828576905757,2.854327688769615,1.0472824804150291,True,False,-1,PV-/PNN+,0.0,0.0,296.31705237,19.42376350908454,1.9876583814620972,False,NONE
189,640,1834,296.31705237,19.42376350908454,65375.0,175.2680965147453,149.50806451612902,4.6715716563113086,3.9849673184802987,1.2694712711163907,True,False,-1,PV-/PNN+,0.0,0.0,296.31705237,19.42376350908454,1.859128713607788,False,NONE
190,742,2095,296.31705237,19.42376350908454,77733.0,208.39946380697052,168.84677419354838,5.554650547763624,4.5004186173484015,1.437906546076572,True,False,-1,PV-/PNN+,0.0,0.0,296.31705237,19.42376350908454,1.404873251914978,False,NONE
191,1073,2139,296.31705237,19.42376350908454,45266.0,121.35656836461126,110.91935483870968,3.234621225156217,2.9564291762434887,1.1774525407797938,True,False,-1,PV-/PNN+,0.0,0.0,296.31705237,19.42376350908454,1.7059451341629028,False,NONE
192,1122,1957,296.31705237,19.42376350908454,67006.0,179.6407506702413,150.3709677419355,4.788119776715802,4.007967021974414,1.0865726561156797,True,False,-1,PV-/PNN+,0.0,0.0,296.31705237,19.42376350908454,1.5942436456680298,False,NONE
193,754,1936,296.31705237,19.42376350908454,80533.0,215.90616621983915,208.55645161290323,5.754733157900094,5.558834879077567,1.4373371232403307,True,False,-1,PV-/PNN+,0.0,0.0,296.31705237,19.42376350908454,0.9141035079956055,False,NONE
194,1084,1964,296.31705237,19.42376350908454,60071.0,161.04825737265415,124.36290322580645,4.292558026252797,3.3147516596517983,1.0803090049170252,True,False,-1,PV-/PNN+,0.0,0.0,296.31705237,19.42376350908454,2.256969928741455,False,NONE
195,841,2011,296.31705237,19.42376350908454,59610.0,159.81233243967827,118.15322580645162,4.259615853655328,3.1492397746941507,1.313316829506972,True,False,-1,PV-/PNN+,0.0,0.0,296.31705237,19.42376350908454,0.44230329990386963,False,NONE
196,1097,1799,296.31705237,19.42376350908454,27293.0,73.171581769437,59.07258064516129,1.950305242305232,1.5745124120971028,1.0596958982450897,True,False,-1,PV-/PNN+,0.0,0.0,296.31705237,19.42376350908454,0.6077466011047363,False,NONE
197,1111,1839,296.31705237,19.42376350908454,40787.0,109.3485254691689,96.03225806451613,2.9145605070129155,2.559630553345024,1.052976708777442,True,False,-1,PV-/PNN+,0.0,0.0,296.31705237,19.42376350908454,1.8482412099838257,False,NONE
198,823,1975,296.31705237,19.42376350908454,49626.0,133.0455764075067,94.25,3.546178432368719,2.51212649285718,1.364451000201442,True,False,-1,PV-/PNN+,0.0,0.0,296.31705237,19.42376350908454,0.30790388584136963,False,NONE
199,1006,2192,296.31705237,19.42376350908454,29006.0,77.76407506702412,72.0241935483871,2.0727129248637217,1.9197229150087682,1.1080968393256017,True,False,-1,PV-/PNN+,0.0,0.0,296.31705237,19.42376350908454,1.377792477607727,False,NONE
200,845,2219,296.31705237,19.42376350908454,78835.0,211.35388739946382,179.88709677419354,5.633397346467335,4.794685851773102,1.2732294618355833,True,False,-1,PV-/PNN+,0.0,0.0,296.31705237,19.42376350908454,1.0811002254486084,False,NONE
201,1005,1946,296.31705237,19.42376350908454,36376.0,97.52278820375335,73.54838709677419,2.599358937972928,1.9603485594983725,1.1068441090858707,True,False,-1,PV-/PNN+,0.0,0.0,296.31705237,19.42376350908454,0.8813469409942627,False,NONE
202,795,2092,296.31705237,19.42376350908454,65510.0,175.63002680965147,146.7016129032258,4.681218496442888,3.9101645444994397,1.4342622399246276,True,False,-1,PV-/PNN+,0.0,0.0,296.31705237,19.42376350908454,0.14310497045516968,False,NONE
203,896,2181,296.31705237,19.42376350908454,32831.0,88.01876675603218,73.05645161290323,2.3460400619251485,1.9472365790017279,1.3204915572436127,True,False,-1,PV-/PNN+,0.0,0.0,296.31705237,19.42376350908454,1.2042341232299805,False,NONE
204,774,1977,296.31705237,19.42376350908454,66061.0,177.10723860589812,146.7741935483871,4.720591895794743,3.9120990989989455,1.3842669149026399,True,False,-1,PV-/PNN+,0.0,0.0,296.31705237,19.42376350908454,0.8704390525817871,False,NONE
205,639,1891,296.31705237,19.42376350908454,25908.0,69.45844504021447,70.33064516129032,1.8513358083627285,1.8745833100203186,1.5891452513822657,True,True,502,PV+/PNN+,135.05066730000001,13.113041224263421,296.31705237,19.42376350908454,0.4521622955799103,False,NONE
206,996,1813,296.31705237,19.42376350908454,27432.0,73.54423592493298,59.83870967741935,1.9602379147370068,1.5949327095918775,1.026099950906852,True,False,-1,PV-/PNN+,0.0,0.0,296.31705237,19.42376350908454,-0.19774973392486572,False,NONE
207,866,2265,296.31705237,19.42376350908454,41932.0,112.41823056300268,137.88709677419354,2.9963800029437215,3.675223648059558,1.2681046563094114,True,False,-1,PV-/PNN+,0.0,0.0,296.31705237,19.42376350908454,-0.08709366619586945,False,NONE
208,816,2290,296.31705237,19.42376350908454,52337.0,140.313672922252,103.71774193548387,3.73990127382585,2.7644783797926062,1.4000968697501486,True,False,-1,PV-/PNN+,0.0,0.0,296.31705237,19.42376350908454,0.07023760676383972,False,NONE
209,804,2175,296.31705237,19.42376350908454,83123.0,222.84986595174263,179.8951612903226,5.939809572276327,4.794900802273048,1.3719673816398277,True,False,-1,PV-/PNN+,0.0,0.0,296.31705237,19.42376350908454,0.9357415437698364,False,NONE
210,729,1991,296.31705237,19.42376350908454,36978.0,99.1367292225201,82.0725806451613,2.6423766991522686,2.1875512379402346,1.3288051306527358,True,False,-1,PV-/PNN+,0.0,0.0,296.31705237,19.42376350908454,-0.042147714644670486,False,NONE
211,827,1874,296.31705237,19.42376350908454,85187.0,228.3833780160858,200.6209677419355,6.087299039176925,5.34732358713169,1.337574242330852,True,False,-1,PV-/PNN+,0.0,0.0,296.31705237,19.42376350908454,1.046539545059204,False,NONE
212,780,2053,296.31705237,19.42376350908454,71717.0,192.27077747989276,167.69354838709677,5.124758768270411,4.469680695856267,1.4940516377299657,True,False,-1,PV-/PNN+,0.0,0.0,296.31705237,19.42376350908454,0.5059524774551392,False,NONE
213,720,1943,296.31705237,19.42376350908454,37048.0,99.32439678284182,106.8225806451613,2.6473787644056803,2.8472343222714303,1.463416689140183,True,False,-1,PV-/PNN+,0.0,0.0,296.31705237,19.42376350908454,-0.4054587483406067,False,NONE
214,870,1801,296.31705237,19.42376350908454,84151.0,225.6058981233244,182.96774193548387,6.0132684734264314,4.876796942752091,1.296917451823222,True,False,-1,PV-/PNN+,0.0,0.0,296.31705237,19.42376350908454,0.8069841861724854,False,NONE
215,791,1836,296.31705237,19.42376350908454,82864.0,222.15549597855227,202.2983870967742,5.921301930838704,5.392033291120249,1.2898566086538297,True,False,-1,PV-/PNN+,0.0,0.0,296.31705237,19.42376350908454,0.5270980000495911,False,NONE
216,843,2134,296.31705237,19.42376350908454,41784.0,112.02144772117963,76.13709677419355,2.985804207836508,2.0293476699807167,1.3118363301327445,True,False,-1,PV-/PNN+,0.0,0.0,296.31705237,19.42376350908454,0.19020268321037292,False,NONE
217,758,1897,296.31705237,19.42376350908454,59976.0,160.7935656836461,131.17741935483872,4.285769509123167,3.496384832105321,1.4079549048902789,True,False,-1,PV-/PNN+,0.0,0.0,296.31705237,19.42376350908454,-0.471027135848999,False,NONE
218,681,2428,296.31705237,19.42376350908454,52075.0,139.6112600536193,110.66935483870968,3.7211792581630805,2.9497657107451936,2.0968426521750234,True,True,554,PV+/PNN+,197.80950681,15.870062583211556,296.31705237,19.42376350908454,2.42899489402771,False,NONE
219,868,2712,296.31705237,19.42376350908454,50570.0,135.57640750670242,112.4758064516129,3.6136348552147286,2.9979146227328726,1.3877973364873362,True,False,-1,PV-/PNN+,0.0,0.0,296.31705237,19.42376350908454,1.9286218881607056,False,NONE
220,803,2621,296.31705237,19.42376350908454,66010.0,176.97050938337802,145.32258064516128,4.716947533967257,3.873408009008845,1.3842669149026399,True,False,-1,PV-/PNN+,0.0,0.0,296.31705237,19.42376350908454,1.7604249715805054,False,NONE
221,774,2478,296.31705237,19.42376350908454,72079.0,193.24128686327077,158.75806451612902,5.150626591438054,4.231515541917211,1.5237755097817627,True,False,-1,PV-/PNN+,0.0,0.0,296.31705237,19.42376350908454,1.690320372581482,False,NONE
222,1137,2412,296.31705237,19.42376350908454,63711.0,170.80697050938338,129.7983870967742,4.552665419430207,3.459628296614727,1.2470360113684826,True,False,-1,PV-/PNN+,0.0,0.0,296.31705237,19.42376350908454,1.9801722764968872,False,NONE
223,739,2380,296.31705237,19.42376350908454,36057.0,96.66756032171581,88.5,2.5765638120323797,2.358866786396397,1.826366804960398,True,True,625,PV+/PNN+,140.61157713,13.380292240810528,296.31705237,19.42376350908454,2.0082383155822754,False,NONE
224,765,2692,296.31705237,19.42376350908454,27292.0,73.16890080428955,66.7741935483871,1.9502337842301833,1.7797901395445752,1.4882435248003043,True,False,-1,PV-/PNN+,0.0,0.0,296.31705237,19.42376350908454,1.618447184562683,False,NONE
225,1088,2387,296.31705237,19.42376350908454,42743.0,114.59249329758713,97.68548387096774,3.0543325018082483,2.6036954058337485,1.1137910676880147,True,False,-1,PV-/PNN+,0.0,0.0,296.31705237,19.42376350908454,1.1877046823501587,False,NONE
226,713,2461,296.31705237,19.42376350908454,43216.0,115.86058981233244,90.0725806451613,3.088132171306302,2.4007821338856714,1.52525600915599,True,False,-1,PV-/PNN+,0.0,0.0,296.31705237,19.42376350908454,1.2726112604141235,False,NONE
227,841,2599,296.31705237,19.42376350908454,70803.0,189.82037533512064,165.54032258064515,5.059446087675863,4.412288912370953,1.3772060717332477,True,False,-1,PV-/PNN+,0.0,0.0,296.31705237,19.42376350908454,1.5539838075637817,False,NONE
228,784,2713,296.31705237,19.42376350908454,33278.0,89.2171581769437,64.79838709677419,2.3779818214719346,1.7271272670580506,1.2874650327416162,True,False,-1,PV-/PNN+,0.0,0.0,296.31705237,19.42376350908454,1.2867847681045532,False,NONE
229,712,2563,296.31705237,19.42376350908454,54097.0,145.03217158176943,98.73387096774194,3.8656674859116307,2.631638970826598,1.5440469627519533,True,False,-1,PV-/PNN+,0.0,0.0,296.31705237,19.42376350908454,2.0439188480377197,False,NONE
230,851,2553,296.31705237,19.42376350908454,87022.0,233.3029490616622,224.9516129032258,6.21842460689136,5.995829245465745,1.2940703376420155,True,False,-1,PV-/PNN+,0.0,0.0,296.31705237,19.42376350908454,1.496390700340271,False,NONE
231,1038,2639,296.31705237,19.42376350908454,82052.0,219.9785522788204,192.2983870967742,5.8632779738991285,5.125494671188453,1.082700580829239,True,False,-1,PV-/PNN+,0.0,0.0,296.31705237,19.42376350908454,1.3827366828918457,False,NONE
232,962,2700,296.31705237,19.42376350908454,47528.0,127.42091152815013,89.13709677419355,3.3962593909164642,2.3758478758920516,1.1145882596587526,True,False,-1,PV-/PNN+,0.0,0.0,296.31705237,19.42376350908454,1.609005093574524,False,NONE
233,945,2545,296.31705237,19.42376350908454,84093.0,225.4504021447721,227.25806451612902,6.009123905073604,6.057305088450015,1.011294957164578,True,False,-1,PV-/PNN+,0.0,0.0,296.31705237,19.42376350908454,0.30291152000427246,False,NONE
234,1068,2657,296.31705237,19.42376350908454,56845.0,152.39946380697052,123.83064516129032,4.062034276145566,3.3005649266554284,1.1632169698737609,True,False,-1,PV-/PNN+,0.0,0.0,296.31705237,19.42376350908454,-0.23678043484687805,False,NONE
235,1049,2687,296.31705237,19.42376350908454,74283.0,199.15013404825737,200.25806451612902,5.308120188845475,5.337650814634165,1.1586615871838304,True,False,-1,PV-/PNN+,0.0,0.0,296.31705237,19.42376350908454,1.2869564294815063,False,NONE
236,1047,2747,296.31705237,19.42376350908454,76390.0,204.79892761394103,193.1209677419355,5.4586823529731685,5.147419622182843,1.1198269497521727,True,False,-1,PV-/PNN+,0.0,0.0,296.31705237,19.42376350908454,0.11502675712108612,False,NONE
237,1010,2609,296.31705237,19.42376350908454,80834.0,216.71313672922253,189.11290322580646,5.776242038489764,5.04058922371018,1.1227879485006276,True,False,-1,PV-/PNN+,0.0,0.0,296.31705237,19.42376350908454,0.2696068286895752,False,NONE
238,902,2761,296.31705237,19.42376350908454,37006.0,99.21179624664879,81.9758064516129,2.644377525253633,2.1849718319408944,1.2829096500516857,True,False,-1,PV-/PNN+,0.0,0.0,296.31705237,19.42376350908454,0.7794738411903381,False,NONE
239,1025,2770,296.31705237,19.42376350908454,75609.0,202.70509383378015,182.0241935483871,5.402873596360102,4.851647734258527,1.1587754717510788,True,False,-1,PV-/PNN+,0.0,0.0,296.31705237,19.42376350908454,0.43091297149658203,False,NONE
240,882,2665,296.31705237,19.42376350908454,43263.0,115.98659517426273,95.91129032258064,3.091490700833593,2.556406295845849,1.2544385082396199,True,False,-1,PV-/PNN+,0.0,0.0,296.31705237,19.42376350908454,0.7816882133483887,False,NONE
241,985,2460,296.31705237,19.42376350908454,55774.0,149.52815013404825,177.8709677419355,3.9855026777683658,4.740948226786854,1.0354384854212095,True,False,-1,PV-/PNN+,0.0,0.0,296.31705237,19.42376350908454,0.02994992956519127,False,NONE
242,975,2393,296.31705237,19.42376350908454,70066.0,187.84450402144773,171.84677419354838,5.006781486364943,4.580380203327941,1.044321481666574,True,False,-1,PV-/PNN+,0.0,0.0,296.31705237,19.42376350908454,1.1312404870986938,False,NONE
243,926,2623,296.31705237,19.42376350908454,57486.0,154.11796246648794,159.33064516129033,4.107838902251807,4.246777027413306,1.1289377151320337,True,False,-1,PV-/PNN+,0.0,0.0,296.31705237,19.42376350908454,1.7391453981399536,False,NONE
244,973,2568,296.31705237,19.42376350908454,79203.0,212.34048257372655,170.56451612903226,5.659693918085271,4.546203073836686,1.0799673512152805,True,False,-1,PV-/PNN+,0.0,0.0,296.31705237,19.42376350908454,1.3827086687088013,False,NONE
245,824,2406,296.31705237,19.42376350908454,59829.0,160.39946380697052,109.55645161290323,4.275265172091003,2.9201025417527844,1.39542760249297,True,False,-1,PV-/PNN+,0.0,0.0,296.31705237,19.42376350908454,0.5427016019821167,False,NONE
246,1015,2483,296.31705237,19.42376350908454,52983.0,142.0455764075067,173.44354838709677,3.7860631903073356,4.62294040231705,1.0946584603903065,True,False,-1,PV-/PNN+,0.0,0.0,296.31705237,19.42376350908454,0.04641897603869438,False,NONE
247,974,2535,296.31705237,19.42376350908454,43189.0,115.78820375335121,134.43548387096774,3.086202803279986,3.5832248340831,1.085433810443197,True,False,-1,PV-/PNN+,0.0,0.0,296.31705237,19.42376350908454,0.2873755693435669,False,NONE
248,909,2481,296.31705237,19.42376350908454,81854.0,219.44772117962466,226.33064516129033,5.849129275039478,6.032585780956341,1.192257534522068,True,False,-1,PV-/PNN+,0.0,0.0,296.31705237,19.42376350908454,-0.1538478583097458,False,NONE
249,834,2794,296.31705237,19.42376350908454,26438.0,70.87935656836461,61.91935483870968,1.8892085881385603,1.650389938577687,1.3101280616240205,True,False,-1,PV-/PNN+,0.0,0.0,296.31705237,19.42376350908454,0.30647748708724976,False,NONE
250,882,2420,296.31705237,19.42376350908454,77012.0,206.46648793565683,161.53225806451613,5.5031292756534835,4.30545851389829,1.232914325029698,True,False,-1,PV-/PNN+,0.0,0.0,296.31705237,19.42376350908454,1.1634074449539185,False,NONE
251,1150,2730,296.31705237,19.42376350908454,40491.0,108.55495978552278,83.55645161290323,2.893408916798488,2.2271021299301137,1.1306459836407579,True,False,-1,PV-/PNN+,0.0,0.0,296.31705237,19.42376350908454,0.23768451809883118,False,NONE
252,953,2496,296.31705237,19.42376350908454,61450.0,164.74530831099196,177.31451612903226,4.391098711745008,4.726116642290648,1.0032091528899512,True,False,-1,PV-/PNN+,0.0,0.0,296.31705237,19.42376350908454,-1.6428351402282715,False,NONE
253,886,2383,296.31705237,19.42376350908454,64674.0,173.3887399463807,124.4274193548387,4.621479545702142,3.3164712636513585,1.297828528361208,True,False,-1,PV-/PNN+,0.0,0.0,296.31705237,19.42376350908454,-0.27723509073257446,False,NONE
254,904,2586,296.31705237,19.42376350908454,84558.0,226.6970509383378,190.3548387096774,6.042351909971268,5.073691600701708,1.2435055897837866,True,False,-1,PV-/PNN+,0.0,0.0,296.31705237,19.42376350908454,0.5088598132133484,False,NONE
255,683,2609,296.31705237,19.42376350908454,20142.0,54.0,49.28225806451613,1.4393085476316998,1.3135625051638766,1.932393337068531,True,False,-1,PV-/PNN+,0.0,0.0,296.31705237,19.42376350908454,0.09678676724433899,False,NONE
256,890,2549,296.31705237,19.42376350908454,88225.0,236.52815013404825,214.58870967741936,6.304388671174993,5.719617853036425,1.2399751681990905,True,False,-1,PV-/PNN+,0.0,0.0,296.31705237,19.42376350908454,-0.4250261187553406,False,NONE
257,1092,2817,296.31705237,19.42376350908454,80007.0,214.4959785522788,184.57258064516128,5.717146210424456,4.919572092241146,1.0686927790577025,True,False,-1,PV-/PNN+,0.0,0.0,296.31705237,19.42376350908454,0.5065939426422119,False,NONE
258,848,2846,296.31705237,19.42376350908454,40408.0,108.33243967828419,101.88709677419355,2.887477896569443,2.715684616305092,1.3071670628755658,True,False,-1,PV-/PNN+,0.0,0.0,296.31705237,19.42376350908454,1.2666289806365967,False,NONE
259,921,2519,296.31705237,19.42376350908454,47636.0,127.71045576407506,142.68548387096774,3.4039768630217284,3.8031191955268318,1.111741145477546,True,False,-1,PV-/PNN+,0.0,0.0,296.31705237,19.42376350908454,-1.8540276288986206,False,NONE
260,1267,325,296.31705237,19.42376350908454,38019.0,101.92761394101876,81.16935483870968,2.7167645552780058,2.163476781946395,1.5924479038324653,True,True,770,PV+/PNN+,156.49989093,14.116013951495507,296.31705237,19.42376350908454,1.8802666664123535,False,NONE
261,1567,91,296.31705237,19.42376350908454,65731.0,176.2225201072386,151.49193548387098,4.6970107310286595,4.037845141466769,1.8191920772237573,True,True,817,PV+/PNN+,164.44404783,14.469853647963289,296.31705237,19.42376350908454,1.4286975860595703,False,NONE
262,1416,27,296.31705237,19.42376350908454,62905.0,168.64611260053618,134.9516129032258,4.495070210940923,3.596981666079579,1.5618129552426823,True,True,798,PV+/PNN+,163.64963214,14.434859996619657,296.31705237,19.42376350908454,0.7735545039176941,False,NONE
263,1367,184,296.31705237,19.42376350908454,63988.0,171.5495978552279,170.70967741935485,4.5724593062187076,4.550072182835696,1.6886803631572478,True,False,-1,PV-/PNN+,0.0,0.0,296.31705237,19.42376350908454,1.5234657526016235,False,NONE
264,1318,94,296.31705237,19.42376350908454,52383.0,140.43699731903484,122.60483870967742,3.743188345278092,3.267892450663789,1.51671466661237,True,True,779,PV+/PNN+,83.41364745,10.305607915302103,296.31705237,19.42376350908454,1.5781852006912231,False,NONE
265,1610,114,296.31705237,19.42376350908454,87414.0,234.35388739946382,221.42741935483872,6.246436172310466,5.901895876989783,1.8457271813926028,True,True,819,PV+/PNN+,208.13691078,16.279070781961433,296.31705237,19.42376350908454,0.5002849102020264,False,NONE
266,1228,126,296.31705237,19.42376350908454,49477.0,132.64611260053618,122.55645161290323,3.5355311791864565,3.2666027476641193,1.6540594547137755,True,True,764,PV+/PNN+,135.84508299,13.151552441468574,296.31705237,19.42376350908454,1.7365516424179077,False,NONE
267,1670,65,296.31705237,19.42376350908454,75346.0,202.0,163.8790322580645,5.384080122622285,4.3680091093822835,1.5902840970547483,True,False,-1,PV-/PNN+,0.0,0.0,296.31705237,19.42376350908454,0.8670105338096619,False,NONE
268,1680,32,296.31705237,19.42376350908454,49598.0,132.97050938337802,140.45967741935485,3.544177606267354,3.7437928575420125,1.4338067016556346,True,False,-1,PV-/PNN+,0.0,0.0,296.31705237,19.42376350908454,0.045355986803770065,False,NONE
269,1231,221,296.31705237,19.42376350908454,66165.0,177.38605898123325,142.5241935483871,4.728023535599812,3.7988201855279318,1.515348051805391,True,True,766,PV+/PNN+,119.95676919,12.358547737957588,296.31705237,19.42376350908454,1.0248030424118042,False,NONE
270,1293,293,296.31705237,19.42376350908454,30976.0,83.0455764075067,65.66129032258064,2.2134853327097375,1.7501269705521654,1.5505383830851043,True,True,774,PV+/PNN+,154.11664386,14.008119269352957,296.31705237,19.42376350908454,0.4275147020816803,False,NONE
271,1522,200,296.31705237,19.42376350908454,58018.0,155.54423592493296,192.96774193548387,4.145854598177736,5.1433355626838875,1.519220127091832,True,False,-1,PV-/PNN+,0.0,0.0,296.31705237,19.42376350908454,-0.11459596455097198,False,NONE
272,1656,145,296.31705237,19.42376350908454,34943.0,93.68096514745308,84.4758064516129,2.4969595164280847,2.2516064869238432,1.3105835998930138,True,False,-1,PV-/PNN+,0.0,0.0,296.31705237,19.42376350908454,0.8685373663902283,False,NONE
273,1304,179,296.31705237,19.42376350908454,56967.0,152.7265415549598,171.9758064516129,4.070752161301511,4.5838194113270605,1.5806039088386459,True,False,-1,PV-/PNN+,0.0,0.0,296.31705237,19.42376350908454,-0.8265026807785034,False,NONE
274,1553,161,296.31705237,19.42376350908454,51206.0,137.28150134048258,165.17741935483872,3.6590821909457265,4.4026161398734285,2.017123455101239,True,False,-1,PV-/PNN+,0.0,0.0,296.31705237,19.42376350908454,-0.36967766284942627,False,NONE
275,1563,39,296.31705237,19.42376350908454,42075.0,112.80160857908847,134.01612903225808,3.0065985076756907,3.57204740808596,1.2477193187719724,True,False,-1,PV-/PNN+,0.0,0.0,296.31705237,19.42376350908454,1.437825322151184,False,NONE
276,1252,242,296.31705237,19.42376350908454,69299.0,185.7882037533512,183.65322580645162,4.951973142802561,4.895067735247417,1.3356382046876316,True,False,-1,PV-/PNN+,0.0,0.0,296.31705237,19.42376350908454,1.0977586507797241,False,NONE
277,1485,199,296.31705237,19.42376350908454,48091.0,128.9302949061662,104.18548387096774,3.4364902871689043,2.776945508789416,1.9235103408231664,True,True,806,PV+/PNN+,235.14704424,17.303136003451996,296.31705237,19.42376350908454,-0.4911007285118103,False,NONE
278,1520,158,296.31705237,19.42376350908454,51383.0,137.75603217158178,159.0241935483871,3.6717302702293533,4.2386089084153955,1.6067973593057463,True,False,-1,PV-/PNN+,0.0,0.0,296.31705237,19.42376350908454,-1.9541411399841309,False,NONE
279,1335,149,296.31705237,19.42376350908454,77353.0,207.38069705093835,208.3709677419355,5.527496479245104,5.553891017578832,1.5106787845482121,True,False,-1,PV-/PNN+,0.0,0.0,296.31705237,19.42376350908454,0.6386075019836426,False,NONE
280,1458,180,296.31705237,19.42376350908454,30754.0,82.45040214477211,84.54032258064517,2.1976216400489172,2.2533260909234034,1.6919830156074473,True,False,-1,PV-/PNN+,0.0,0.0,296.31705237,19.42376350908454,-0.8334991931915283,False,NONE
281,1553,129,296.31705237,19.42376350908454,80670.0,216.2734584450402,186.20967741935485,5.764522914181771,4.96320704372998,1.5046429024840544,True,False,-1,PV-/PNN+,0.0,0.0,296.31705237,19.42376350908454,0.24874067306518555,False,NONE
282,1463,236,296.31705237,19.42376350908454,32601.0,87.40214477211796,95.43548387096774,2.3296047046639385,2.5437242163490943,1.3920110654755218,True,False,-1,PV-/PNN+,0.0,0.0,296.31705237,19.42376350908454,-1.5006474256515503,False,NONE
283,1412,83,296.31705237,19.42376350908454,26043.0,69.82037533512064,84.99193548387096,1.8609826484943084,2.265363318920323,1.3748144958210342,True,False,-1,PV-/PNN+,0.0,0.0,296.31705237,19.42376350908454,0.40994948148727417,False,NONE
284,1442,202,296.31705237,19.42376350908454,46254.0,124.00536193029491,137.16935483870967,3.3052218033043714,3.6560930535644536,1.7534806819215096,True,False,-1,PV-/PNN+,0.0,0.0,296.31705237,19.42376350908454,0.22148600220680237,False,NONE
285,1217,197,296.31705237,19.42376350908454,38892.0,104.26809651474531,105.37903225806451,2.779147454795555,2.8087581827812755,1.7449393393778898,True,False,-1,PV-/PNN+,0.0,0.0,296.31705237,19.42376350908454,-0.29128754138946533,False,NONE
286,1545,63,296.31705237,19.42376350908454,62407.0,167.31099195710456,175.00806451612902,4.459484089566652,4.66464079930638,1.3784588019729787,True,False,-1,PV-/PNN+,0.0,0.0,296.31705237,19.42376350908454,-0.49963635206222534,False,NONE
287,1259,210,296.31705237,19.42376350908454,36140.0,96.89008042895442,98.62096774193549,2.582494832261425,2.6286296638273683,1.869187402245745,True,True,769,PV+/PNN+,154.91105955,14.044176264056347,296.31705237,19.42376350908454,-0.8749815225601196,False,NONE
288,1265,1367,296.31705237,19.42376350908454,21422.0,57.43163538873995,43.20161290322581,1.5307748836940858,1.151489828205349,1.141123363827598,True,False,-1,PV-/PNN+,0.0,0.0,296.31705237,19.42376350908454,1.658424973487854,False,NONE
289,1326,1620,296.31705237,19.42376350908454,19139.0,51.310991957104555,36.58064516129032,1.3676360983578146,0.9750154677505063,1.1202824880211657,True,False,-1,PV-/PNN+,0.0,0.0,296.31705237,19.42376350908454,1.4575016498565674,False,NONE
290,1240,1802,296.31705237,19.42376350908454,60494.0,162.1823056300268,120.01612903225806,4.322784791998414,3.198893340181445,1.0615180513210618,True,False,-1,PV-/PNN+,0.0,0.0,296.31705237,19.42376350908454,2.7252578735351562,False,NONE
291,1321,2292,296.31705237,19.42376350908454,74486.0,199.69436997319036,157.41129032258064,5.32262617808037,4.195618808426396,1.2696990402508872,True,False,-1,PV-/PNN+,0.0,0.0,296.31705237,19.42376350908454,1.562514066696167,False,NONE
292,1390,2281,296.31705237,19.42376350908454,49645.0,133.0965147453083,96.73387096774194,3.5475361357946444,2.578331246840239,1.297828528361208,True,False,-1,PV-/PNN+,0.0,0.0,296.31705237,19.42376350908454,1.4743210077285767,False,NONE
293,1341,2167,296.31705237,19.42376350908454,40853.0,109.5254691689008,69.16129032258064,2.919276739966132,1.843415487528294,1.2823402272154445,True,False,-1,PV-/PNN+,0.0,0.0,296.31705237,19.42376350908454,1.2202855348587036,False,NONE
294,1242,2024,296.31705237,19.42376350908454,39120.0,104.87935656836461,77.65322580645162,2.7954398959066675,2.069758363970376,1.1785913864522766,True,False,-1,PV-/PNN+,0.0,0.0,296.31705237,19.42376350908454,1.7664541006088257,False,NONE
295,1372,2086,296.31705237,19.42376350908454,19386.0,51.97319034852547,42.08870967741935,1.3852862428948531,1.1218266592129391,1.1832606537094552,True,False,-1,PV-/PNN+,0.0,0.0,296.31705237,19.42376350908454,-0.3045126795768738,False,NONE
296,1343,2056,296.31705237,19.42376350908454,23099.0,61.92761394101877,51.225806451612904,1.6506100755508208,1.3653655756506209,1.1954463024050195,True,False,-1,PV-/PNN+,0.0,0.0,296.31705237,19.42376350908454,0.7566893100738525,False,NONE
297,1512,1869,296.31705237,19.42376350908454,7833.0,21.0,30.120967741935484,0.5597311018567721,0.8028401172945637,0.5326381210201273,True,False,-1,PV-/PNN+,0.0,0.0,296.31705237,19.42376350908454,-1.0193028450012207,False,NONE
298,1221,2090,296.31705237,19.42376350908454,25622.0,68.6916890080429,54.58064516129032,1.8308987988987893,1.4547849836277396,1.1691389673706707,True,False,-1,PV-/PNN+,0.0,0.0,296.31705237,19.42376350908454,-0.4111705720424652,False,NONE
299,1304,2150,296.31705237,19.42376350908454,24718.0,66.26809651474531,62.04838709677419,1.7663006990547292,1.6538291465768067,1.2284728269070158,True,False,-1,PV-/PNN+,0.0,0.0,296.31705237,19.42376350908454,0.36598294973373413,False,NONE
300,1373,2127,296.31705237,19.42376350908454,15998.0,42.89008042895443,39.306451612903224,1.1431862846297256,1.0476687367319153,1.2421389749768075,True,False,-1,PV-/PNN+,0.0,0.0,296.31705237,19.42376350908454,-1.3221665620803833,False,NONE
301,1253,1931,296.31705237,19.42376350908454,16379.0,43.911528150134046,59.99193548387097,1.170411811223295,1.5990167690908326,1.0998971504837267,True,False,-1,PV-/PNN+,0.0,0.0,296.31705237,19.42376350908454,0.3467438220977783,False,NONE
302,1549,2486,296.31705237,19.42376350908454,58631.0,157.18766756032173,108.48387096774194,4.189658398182614,2.8915141252600995,1.1716444278501326,True,False,-1,PV-/PNN+,0.0,0.0,296.31705237,19.42376350908454,2.5206496715545654,False,NONE
303,1643,2616,296.31705237,19.42376350908454,55136.0,147.8176943699732,112.50806451612904,3.9399124258872704,2.998774424732653,1.2111623726852798,True,False,-1,PV-/PNN+,0.0,0.0,296.31705237,19.42376350908454,1.7685869932174683,False,NONE
304,1677,2683,296.31705237,19.42376350908454,54607.0,146.39946380697052,127.13709677419355,3.9021111041864875,3.3886946316328777,1.122104641097138,True,False,-1,PV-/PNN+,0.0,0.0,296.31705237,19.42376350908454,2.2223727703094482,False,NONE
305,1455,2657,296.31705237,19.42376350908454,55212.0,148.0214477211796,123.4274193548387,3.9453432395909744,3.2898174016581785,1.1426038632018254,True,False,-1,PV-/PNN+,0.0,0.0,296.31705237,19.42376350908454,2.0349466800689697,False,NONE
306,1616,2587,296.31705237,19.42376350908454,53311.0,142.92493297587131,92.58064516129032,3.8095014389233217,2.4676317393685654,1.2331420941641946,True,False,-1,PV-/PNN+,0.0,0.0,296.31705237,19.42376350908454,2.125413179397583,False,NONE
307,1511,2799,296.31705237,19.42376350908454,67647.0,181.3592493297587,167.70967741935485,4.833924402822043,4.470110596856157,1.127798869459551,True,False,-1,PV-/PNN+,0.0,0.0,296.31705237,19.42376350908454,2.110456705093384,False,NONE
308,1452,2510,296.31705237,19.42376350908454,79152.0,212.20375335120644,166.44354838709677,5.656049556257785,4.436363368364793,1.2304088645502362,True,False,-1,PV-/PNN+,0.0,0.0,296.31705237,19.42376350908454,1.191702961921692,False,NONE
309,1353,2697,296.31705237,19.42376350908454,59469.0,159.4343163538874,128.9516129032258,4.249540265073456,3.4370584941205014,1.2919065308642985,True,False,-1,PV-/PNN+,0.0,0.0,296.31705237,19.42376350908454,1.2680028676986694,False,NONE
310,1385,2656,296.31705237,19.42376350908454,57483.0,154.10991957104557,122.25806451612904,4.10762452802666,3.2586495791661543,1.2087707967730663,True,False,-1,PV-/PNN+,0.0,0.0,296.31705237,19.42376350908454,0.7900187969207764,False,NONE
311,1578,2574,296.31705237,19.42376350908454,35764.0,95.88203753351206,82.18548387096774,2.5556265960430995,2.1905605449394643,1.2889455321158436,True,False,-1,PV-/PNN+,0.0,0.0,296.31705237,19.42376350908454,0.8663227558135986,False,NONE
312,1262,2650,296.31705237,19.42376350908454,46634.0,125.02412868632707,109.87903225806451,3.332375871822892,2.928700561750584,1.2468082422339861,True,False,-1,PV-/PNN+,0.0,0.0,296.31705237,19.42376350908454,1.3158493041992188,False,NONE
313,1314,2475,296.31705237,19.42376350908454,72421.0,194.15817694369974,124.91129032258064,5.175065253104723,3.329368293648058,1.19476299500153,True,False,-1,PV-/PNN+,0.0,0.0,296.31705237,19.42376350908454,2.1231820583343506,False,NONE
314,1419,2430,296.31705237,19.42376350908454,66893.0,179.3378016085791,136.84677419354838,4.780045014235294,3.6474950335666536,1.2985118357646979,True,False,-1,PV-/PNN+,0.0,0.0,296.31705237,19.42376350908454,1.5657429695129395,False,NONE
315,1222,2441,296.31705237,19.42376350908454,64190.0,172.0911528150134,140.41129032258064,4.586893837378553,3.742503154542342,1.2871233790398715,True,False,-1,PV-/PNN+,0.0,0.0,296.31705237,19.42376350908454,1.078701138496399,False,NONE
316,1329,2655,296.31705237,19.42376350908454,71341.0,191.2627345844504,164.7741935483871,5.0978905320520855,4.391868614876179,1.1997739159604535,True,False,-1,PV-/PNN+,0.0,0.0,296.31705237,19.42376350908454,1.4983025789260864,False,NONE
317,1583,2713,296.31705237,19.42376350908454,84221.0,225.7935656836461,206.45967741935485,6.018270538679842,5.502947749091868,1.1460204002192733,True,False,-1,PV-/PNN+,0.0,0.0,296.31705237,19.42376350908454,1.9849036931991577,False,NONE
318,1644,2774,296.31705237,19.42376350908454,63163.0,169.3378016085791,135.45967741935485,4.513506394303498,3.6105235475761144,1.1923714190893164,True,False,-1,PV-/PNN+,0.0,0.0,296.31705237,19.42376350908454,1.7977341413497925,False,NONE
319,1698,2834,296.31705237,19.42376350908454,55359.0,148.41554959785523,137.96774193548387,3.9558475766231394,3.6773731530590084,1.4514588095791152,True,False,-1,PV-/PNN+,0.0,0.0,296.31705237,19.42376350908454,1.9856712818145752,False,NONE
320,1222,2772,296.31705237,19.42376350908454,53876.0,144.4396782841823,102.0725806451613,3.849875251325859,2.7206284778038268,1.1816662697679796,True,False,-1,PV-/PNN+,0.0,0.0,296.31705237,19.42376350908454,1.420294165611267,False,NONE
321,1427,2720,296.31705237,19.42376350908454,52220.0,140.0,133.99193548387098,3.7315406790451475,3.571402556586125,1.2517052786256615,True,False,-1,PV-/PNN+,0.0,0.0,296.31705237,19.42376350908454,0.7330513000488281,False,NONE
322,1367,2622,296.31705237,19.42376350908454,49895.0,133.76675603217157,131.46774193548387,3.5654006545568295,3.504123050103341,1.2832513037534306,True,False,-1,PV-/PNN+,0.0,0.0,296.31705237,19.42376350908454,-0.20600198209285736,False,NONE
323,1386,2589,296.31705237,19.42376350908454,47264.0,126.71313672922253,94.88709677419355,3.3773944591035976,2.5291075823528346,1.3212887492143504,True,False,-1,PV-/PNN+,0.0,0.0,296.31705237,19.42376350908454,0.16070188581943512,False,NONE
324,1356,2385,296.31705237,19.42376350908454,57053.0,152.95710455764075,118.45161290322581,4.076897555755703,3.1571929431921157,1.2520469323274064,True,False,-1,PV-/PNN+,0.0,0.0,296.31705237,19.42376350908454,1.2431671619415283,False,NONE
325,1322,2802,296.31705237,19.42376350908454,49484.0,132.66487935656838,116.70161290322581,3.5360313857117984,3.1105486847040513,1.1724416198208703,True,False,-1,PV-/PNN+,0.0,0.0,296.31705237,19.42376350908454,1.4864604473114014,False,NONE
326,1672,2796,296.31705237,19.42376350908454,73470.0,196.97050938337802,188.53225806451613,5.25002477383085,5.025112787714139,1.2232341368135957,True,False,-1,PV-/PNN+,0.0,0.0,296.31705237,19.42376350908454,1.5987502336502075,False,NONE
327,1420,2620,296.31705237,19.42376350908454,40715.0,109.15549597855228,96.00806451612904,2.9094155256094063,2.5589857018451894,1.1804135395282487,True,False,-1,PV-/PNN+,0.0,0.0,296.31705237,19.42376350908454,-0.015284720808267593,False,NONE
328,1402,2756,296.31705237,19.42376350908454,89146.0,238.99731903485255,223.1048387096774,6.370201558294882,5.946605580978341,1.1405539409913568,True,True,789,PV+/PNN+,100.09637694,11.289227848029503,296.31705237,19.42376350908454,1.49152672290802,False,NONE
329,1402,2464,296.31705237,19.42376350908454,61085.0,163.76675603217157,133.6048387096774,4.365016514352218,3.5610849325887646,1.2105929498490384,True,False,-1,PV-/PNN+,0.0,0.0,296.31705237,19.42376350908454,2.1006619930267334,False,NONE
330,1259,2448,296.31705237,19.42376350908454,45420.0,121.76943699731903,140.32258064516128,3.245625768713723,3.7401386990429475,1.2884899938468506,True,False,-1,PV-/PNN+,0.0,0.0,296.31705237,19.42376350908454,0.5415152907371521,False,NONE
331,1288,2741,296.31705237,19.42376350908454,48436.0,129.85522788203752,98.80645161290323,3.4611433230607194,2.6335735253261032,1.2537552008361303,True,False,-1,PV-/PNN+,0.0,0.0,296.31705237,19.42376350908454,0.9683969020843506,False,NONE
332,1448,2552,296.31705237,19.42376350908454,41792.0,112.04289544235925,96.2741935483871,2.986375872436898,2.5660790683433743,1.3315383602666941,True,False,-1,PV-/PNN+,0.0,0.0,296.31705237,19.42376350908454,-0.08720855414867401,False,NONE
333,1271,2393,296.31705237,19.42376350908454,57453.0,154.02949061662198,110.4758064516129,4.105480785775199,2.9446068987465135,1.2543246236723715,True,False,-1,PV-/PNN+,0.0,0.0,296.31705237,19.42376350908454,0.8308576345443726,False,NONE
334,1222,2509,296.31705237,19.42376350908454,58660.0,157.26541554959786,128.3790322580645,4.191730682359027,3.4217970086244067,1.2848456876949061,True,False,-1,PV-/PNN+,0.0,0.0,296.31705237,19.42376350908454,0.14858029782772064,False,NONE
335,1299,2783,296.31705237,19.42376350908454,40470.0,108.49865951742628,95.86290322580645,2.8919082972224652,2.555116592846179,1.1697083902069119,True,False,-1,PV-/PNN+,0.0,0.0,296.31705237,19.42376350908454,0.6044728755950928,False,NONE
336,1246,2478,296.31705237,19.42376350908454,45204.0,121.19034852546918,119.14516129032258,3.2301908245031954,3.175678686187385,1.3124057529689859,True,False,-1,PV-/PNN+,0.0,0.0,296.31705237,19.42376350908454,-0.26538026332855225,False,NONE
337,1575,2666,296.31705237,19.42376350908454,38305.0,102.69436997319035,98.29838709677419,2.7372015647419454,2.6200316438295683,1.1617364704995337,True,False,-1,PV-/PNN+,0.0,0.0,296.31705237,19.42376350908454,1.1590007543563843,False,NONE
338,1558,2728,296.31705237,19.42376350908454,48815.0,130.87131367292224,115.94354838709677,3.488225933504191,3.0903433377092213,1.0996693813492302,True,False,-1,PV-/PNN+,0.0,0.0,296.31705237,19.42376350908454,-0.04524669423699379,False,NONE
339,1570,2842,296.31705237,19.42376350908454,61303.0,164.35120643431637,151.7741935483871,4.380594374712844,4.045368408964843,1.1092356849980842,True,False,-1,PV-/PNN+,0.0,0.0,296.31705237,19.42376350908454,1.266422152519226,False,NONE
340,1809,898,296.31705237,19.42376350908454,12085.0,32.39946380697051,34.11290322580645,0.8635708369640102,0.9092406147673372,0.5908331348839898,True,False,-1,PV-/PNN+,0.0,0.0,296.31705237,19.42376350908454,-1.2878375053405762,False,NONE
341,1812,2843,296.31705237,19.42376350908454,23667.0,63.45040214477212,61.61290322580645,1.6911982621785047,1.6422218195797769,1.3740173038502963,True,False,-1,PV-/PNN+,0.0,0.0,296.31705237,19.42376350908454,-0.48684507608413696,False,NONE
342,1211,390,296.31705237,19.42376350908454,41472.0,111.18498659517427,81.35483870967742,2.9635092884213017,2.16842064344513,1.2203870226323892,True,False,-1,PV-/PNN+,0.0,0.0,296.31705237,19.42376350908454,2.245969772338867,False,NONE
343,1198,1603,296.31705237,19.42376350908454,69149.0,185.38605898123325,139.49193548387098,4.941254431545249,3.717998797548613,1.1583199334820857,True,False,-1,PV-/PNN+,0.0,0.0,296.31705237,19.42376350908454,2.2343881130218506,False,NONE
344,1188,1429,296.31705237,19.42376350908454,48658.0,130.4504021447721,98.83870967741936,3.4770070157215396,2.6344333273258833,1.2291561343105055,True,False,-1,PV-/PNN+,0.0,0.0,296.31705237,19.42376350908454,2.5587522983551025,False,NONE
345,634,2225,296.31705237,19.42376350908454,33372.0,89.46916890080429,65.51612903225806,2.384698880526516,1.7462578615531554,1.876931552818627,True,True,486,PV+/PNN+,174.7714518,14.917302830020427,296.31705237,19.42376350908454,1.5798364877700806,False,NONE
346,1159,1188,296.31705237,19.42376350908454,39922.0,107.02949061662198,68.05645161290323,2.8527492720957563,1.8139672690358297,1.1378207113773984,True,False,-1,PV-/PNN+,0.0,0.0,296.31705237,19.42376350908454,1.6422204971313477,False,NONE
347,1197,2672,296.31705237,19.42376350908454,59692.0,160.03217158176943,133.2258064516129,4.265475415809325,3.55098225909135,1.1634447390082574,True,False,-1,PV-/PNN+,0.0,0.0,296.31705237,19.42376350908454,2.6789472103118896,False,NONE
348,902,1163,296.31705237,19.42376350908454,47555.0,127.49329758713137,112.1774193548387,3.3981887589427804,2.989961454234908,1.3832419537974057,True,False,-1,PV-/PNN+,0.0,0.0,296.31705237,19.42376350908454,1.815658450126648,False,NONE
349,1169,2311,296.31705237,19.42376350908454,72099.0,193.29490616621985,144.69354838709677,5.152055752939029,3.8566418700131355,1.2609299285727709,True,False,-1,PV-/PNN+,0.0,0.0,296.31705237,19.42376350908454,1.331481695175171,False,NONE
350,404,602,296.31705237,19.42376350908454,20103.0,53.89544235924933,57.475806451612904,1.436521682704799,1.5319522131079935,1.5482606917401391,True,True,135,PV+/PNN+,70.70299641,9.487984557348323,296.31705237,19.42376350908454,0.9676709175109863,False,NONE
351,581,2034,296.31705237,19.42376350908454,23616.0,63.31367292225201,57.185483870967744,1.687553900351019,1.5242139951099736,1.4310734720416762,True,False,-1,PV-/PNN+,0.0,0.0,296.31705237,19.42376350908454,0.5118138194084167,False,NONE
352,1296,1755,296.31705237,19.42376350908454,35844.0,96.09651474530831,82.00806451612904,2.561343242046999,2.1858316339406745,1.0748425456891086,True,False,-1,PV-/PNN+,0.0,0.0,296.31705237,19.42376350908454,1.5266692638397217,False,NONE
353,1112,2337,296.31705237,19.42376350908454,68835.0,184.54423592493296,158.75806451612902,4.918816595979945,4.231515541917211,1.1746054265985872,True,False,-1,PV-/PNN+,0.0,0.0,296.31705237,19.42376350908454,3.028229236602783,False,NONE
354,1156,276,296.31705237,19.42376350908454,41697.0,111.78820375335121,83.85483870967742,2.979587355307268,2.2350552984280787,1.3240219788283087,True,False,-1,PV-/PNN+,0.0,0.0,296.31705237,19.42376350908454,1.2325785160064697,False,NONE
355,1347,2320,296.31705237,19.42376350908454,63578.0,170.4504021447721,140.41935483870967,4.543161495448724,3.7427181050422873,1.3102419461912689,True,False,-1,PV-/PNN+,0.0,0.0,296.31705237,19.42376350908454,1.1053484678268433,False,NONE
356,612,1210,296.31705237,19.42376350908454,44549.0,119.4343163538874,80.74193548387096,3.183385785346271,2.1520844054493096,1.5228644332437764,True,False,-1,PV-/PNN+,0.0,0.0,296.31705237,19.42376350908454,1.337642788887024,False,NONE
357,1417,2329,296.31705237,19.42376350908454,71124.0,190.6809651474531,166.91935483870967,5.082384129766509,4.449045447861547,1.315480636284689,True,False,-1,PV-/PNN+,0.0,0.0,296.31705237,19.42376350908454,1.6513805389404297,False,NONE
358,796,1196,296.31705237,19.42376350908454,78703.0,211.0,176.9516129032258,5.6239648805609015,4.716443869793124,1.5064650555600263,True,False,-1,PV-/PNN+,0.0,0.0,296.31705237,19.42376350908454,1.3648470640182495,False,NONE
359,631,619,296.31705237,19.42376350908454,26646.0,71.43699731903486,63.25,1.904071867748698,1.6858567710686114,1.42230436036356,True,False,-1,PV-/PNN+,0.0,0.0,296.31705237,19.42376350908454,1.9000526666641235,False,NONE
360,1179,1674,296.31705237,19.42376350908454,41749.0,111.92761394101876,89.58870967741936,2.983303175209802,2.3878851038889715,1.0880531554899073,True,False,-1,PV-/PNN+,0.0,0.0,296.31705237,19.42376350908454,1.5443037748336792,False,NONE
361,614,875,296.31705237,19.42376350908454,37568.0,100.71849865951742,78.61290322580645,2.6845369634310243,2.0953374734638306,1.1955601869722678,True,False,-1,PV-/PNN+,0.0,0.0,296.31705237,19.42376350908454,1.9002617597579956,False,NONE
362,610,516,296.31705237,19.42376350908454,52775.0,141.48793565683647,110.37903225806451,3.771199910697198,2.9420274927471737,1.355681888523326,True,False,-1,PV-/PNN+,0.0,0.0,296.31705237,19.42376350908454,1.9599891901016235,False,NONE
363,617,2002,296.31705237,19.42376350908454,26805.0,71.8632707774799,62.895161290322584,1.9154337016814476,1.6763989490710316,1.7890126669029676,True,True,471,PV+/PNN+,100.89079263,11.333937836259334,296.31705237,19.42376350908454,0.693964958190918,False,NONE
364,1751,2480,296.31705237,19.42376350908454,14738.0,39.51206434316354,34.725806451612904,1.0531491100683146,0.925576852763157,1.2291561343105055,True,False,-1,PV-/PNN+,0.0,0.0,296.31705237,19.42376350908454,-0.2132338434457779,False,NONE
365,1022,1746,296.31705237,19.42376350908454,24811.0,66.51742627345844,66.55645161290323,1.7729463000342618,1.7739864760460602,1.0858893487121903,True,False,-1,PV-/PNN+,0.0,0.0,296.31705237,19.42376350908454,0.5925318002700806,False,NONE
366,456,634,296.31705237,19.42376350908454,21838.0,58.54691689008043,49.693548387096776,1.560501442914361,1.3245249806610715,1.3114946764309996,True,False,-1,PV-/PNN+,0.0,0.0,296.31705237,19.42376350908454,0.07267150282859802,False,NONE
367,1186,2404,296.31705237,19.42376350908454,56309.0,150.96246648793564,135.91935483870967,4.023732747919441,3.622775726072979,1.3119502146999928,True,False,-1,PV-/PNN+,0.0,0.0,296.31705237,19.42376350908454,1.1466714143753052,False,NONE
368,517,1173,296.31705237,19.42376350908454,71824.0,192.55764075067023,158.28225806451613,5.132404782300625,4.218833462420456,1.5048706716185507,True,False,-1,PV-/PNN+,0.0,0.0,296.31705237,19.42376350908454,1.7161881923675537,False,NONE
369,588,21,296.31705237,19.42376350908454,34150.0,91.55495978552278,91.04032258064517,2.4402932629144347,2.4265761938790713,2.631986233674612,True,True,401,PV+/PNN+,112.80702798,11.984588810142046,296.31705237,19.42376350908454,0.9613242745399475,False,NONE
370,827,1181,296.31705237,19.42376350908454,35791.0,95.9544235924933,93.56451612903226,2.5575559640694157,2.493855700361855,1.7176070432383064,True,True,680,PV+/PNN+,139.02274575,13.304482609502795,296.31705237,19.42376350908454,0.1994878500699997,False,NONE
371,587,1994,296.31705237,19.42376350908454,37369.0,100.18498659517427,77.58064516129032,2.670316806496326,2.067823809470871,1.7279705388578985,True,False,-1,PV-/PNN+,0.0,0.0,296.31705237,19.42376350908454,1.3896092176437378,False,NONE
372,577,832,296.31705237,19.42376350908454,30145.0,80.8176943699732,68.16129032258064,2.1541036723442355,1.8167616255351144,1.4186600542116155,True,True,391,PV+/PNN+,101.68520832,11.378472144697502,296.31705237,19.42376350908454,1.872273325920105,False,NONE
373,1198,1783,296.31705237,19.42376350908454,29413.0,78.85522788203754,74.85483870967742,2.101796361408559,1.9951705404894622,1.091469692507355,True,False,-1,PV-/PNN+,0.0,0.0,296.31705237,19.42376350908454,0.16654998064041138,False,NONE
374,636,1954,296.31705237,19.42376350908454,43004.0,115.29222520107238,88.53225806451613,3.0729830593959693,2.359726588396177,1.6551983003862585,True,False,-1,PV-/PNN+,0.0,0.0,296.31705237,19.42376350908454,0.5160768032073975,False,NONE
375,621,34,296.31705237,19.42376350908454,27520.0,73.78016085790885,68.04032258064517,1.9665262253412958,1.8135373680359397,1.7750048651314314,True,False,-1,PV-/PNN+,0.0,0.0,296.31705237,19.42376350908454,0.5654925107955933,False,NONE
376,1194,2822,296.31705237,19.42376350908454,76206.0,204.30563002680964,193.8548387096774,5.4455340671642,5.166980117677837,1.1898659586098546,True,False,-1,PV-/PNN+,0.0,0.0,296.31705237,19.42376350908454,1.994989037513733,False,NONE
377,634,211,296.31705237,19.42376350908454,45912.0,123.08847184986595,97.43548387096774,3.2807831416377025,2.597031940335454,1.7565555652372125,True,False,-1,PV-/PNN+,0.0,0.0,296.31705237,19.42376350908454,1.1656461954116821,False,NONE
378,1173,1482,296.31705237,19.42376350908454,30019.0,80.4798927613941,75.37903225806451,2.145099954888094,2.0091423229858867,1.200912761632936,True,False,-1,PV-/PNN+,0.0,0.0,296.31705237,19.42376350908454,1.192236304283142,False,NONE
379,634,686,296.31705237,19.42376350908454,21342.0,57.2171581769437,50.24193548387097,1.5250582376901864,1.3391416146573312,1.5482606917401391,True,True,495,PV+/PNN+,104.06845539,11.511041341340722,296.31705237,19.42376350908454,1.1581521034240723,False,NONE
380,612,1669,296.31705237,19.42376350908454,77896.0,208.83646112600536,164.7741935483871,5.566298213996569,4.391868614876179,1.3078503702790554,True,False,-1,PV-/PNN+,0.0,0.0,296.31705237,19.42376350908454,0.7602539658546448,False,NONE
381,1168,2444,296.31705237,19.42376350908454,41634.0,111.61930294906166,114.36290322580645,2.9750854965791973,3.048213039720002,1.259221660064047,True,False,-1,PV-/PNN+,0.0,0.0,296.31705237,19.42376350908454,-0.31105664372444153,False,NONE
382,664,1755,296.31705237,19.42376350908454,75430.0,202.22520107238606,171.21774193548387,5.3900826009263785,4.563614064332231,1.225056289889568,True,False,-1,PV-/PNN+,0.0,0.0,296.31705237,19.42376350908454,1.1669037342071533,False,NONE
383,888,2326,296.31705237,19.42376350908454,83726.0,224.46648793565683,199.6048387096774,5.982898791530717,5.32023982413862,1.3206054418108608,True,False,-1,PV-/PNN+,0.0,0.0,296.31705237,19.42376350908454,0.27706265449523926,False,NONE
384,1175,2554,296.31705237,19.42376350908454,31433.0,84.27077747989276,84.24193548387096,2.246141673007011,2.2453729224254384,1.2321171330589602,True,False,-1,PV-/PNN+,0.0,0.0,296.31705237,19.42376350908454,-0.10951931774616241,False,NONE
385,1452,2334,296.31705237,19.42376350908454,39755.0,106.58176943699732,79.59677419354838,2.8408157735626167,2.1215614344571203,1.304319948694359,True,False,-1,PV-/PNN+,0.0,0.0,296.31705237,19.42376350908454,-0.3087881803512573,False,NONE
386,1197,1751,296.31705237,19.42376350908454,20521.0,55.016085790884716,55.04032258064516,1.4663911580751718,1.4670371621246043,1.035552369988458,True,False,-1,PV-/PNN+,0.0,0.0,296.31705237,19.42376350908454,-1.039535641670227,False,NONE
387,601,2361,296.31705237,19.42376350908454,17423.0,46.710455764075064,41.95161290322581,1.2450140415741786,1.1181725007138743,2.2977350288009597,True,True,428,PV+/PNN+,166.03287921,14.539588286344586,296.31705237,19.42376350908454,-0.6368005275726318,False,NONE
388,590,1365,296.31705237,19.42376350908454,83224.0,223.1206434316354,208.66935483870967,5.947026837856249,5.561844186076796,1.4584057681812594,True,False,-1,PV-/PNN+,0.0,0.0,296.31705237,19.42376350908454,0.049268390983343124,False,NONE
389,624,1836,296.31705237,19.42376350908454,31733.0,85.07506702412869,94.63709677419355,2.267579095521633,2.5224441168545395,1.2988534894664425,True,False,-1,PV-/PNN+,0.0,0.0,296.31705237,19.42376350908454,0.8894613981246948,False,NONE
390,596,289,296.31705237,19.42376350908454,39777.0,106.64075067024129,100.29032258064517,2.842387851213689,2.6731244173159827,1.528786430740686,True,False,-1,PV-/PNN+,0.0,0.0,296.31705237,19.42376350908454,1.2571299076080322,False,NONE
391,1214,2131,296.31705237,19.42376350908454,45387.0,121.68096514745308,95.75,3.2432676522371144,2.552107285846949,1.2028487992761567,True,False,-1,PV-/PNN+,0.0,0.0,296.31705237,19.42376350908454,0.6991196870803833,False,NONE
392,622,282,296.31705237,19.42376350908454,61781.0,165.63270777479892,147.98387096774192,4.41475133458614,3.9443416739906945,1.9630282856583139,True,False,-1,PV-/PNN+,0.0,0.0,296.31705237,19.42376350908454,1.2055814266204834,False,NONE
393,802,2321,296.31705237,19.42376350908454,32226.0,86.39678284182305,89.83064516129032,2.302807926520661,2.3943336188873214,1.5389221572257814,True,False,-1,PV-/PNN+,0.0,0.0,296.31705237,19.42376350908454,-0.5924026370048523,False,NONE
394,612,1502,296.31705237,19.42376350908454,60633.0,162.55495978552278,157.56451612903226,4.332717464430188,4.199702867925351,1.5101093617119707,True,False,-1,PV-/PNN+,0.0,0.0,296.31705237,19.42376350908454,-0.44417107105255127,False,NONE
395,645,2316,296.31705237,19.42376350908454,21942.0,58.82573726541555,47.403225806451616,1.5679330827194298,1.2634790386766923,1.5997365161363541,True,False,-1,PV-/PNN+,0.0,0.0,296.31705237,19.42376350908454,-0.3980955183506012,False,NONE
396,758,1744,296.31705237,19.42376350908454,59895.0,160.57640750670242,148.78225806451613,4.27998140504422,3.9656217734852492,1.4013495999898795,True,False,-1,PV-/PNN+,0.0,0.0,296.31705237,19.42376350908454,0.648564338684082,False,NONE
397,446,1745,296.31705237,19.42376350908454,14526.0,38.943699731903486,40.846774193548384,1.037999998157982,1.0887242822214096,1.4283402424277178,True,False,-1,PV-/PNN+,0.0,0.0,296.31705237,19.42376350908454,-0.04348647966980934,False,NONE
398,628,380,296.31705237,19.42376350908454,30845.0,82.69436997319035,74.68548387096774,2.204124324878353,1.990656579990617,2.046050135182298,True,True,477,PV+/PNN+,148.55573403,13.753073662427433,296.31705237,19.42376350908454,-0.37049758434295654,False,NONE
399,1169,2133,296.31705237,19.42376350908454,20881.0,55.98123324396783,52.806451612903224,1.4921160650927179,1.4074958736398402,1.1495508218039694,True,False,-1,PV-/PNN+,0.0,0.0,296.31705237,19.42376350908454,-0.7103538513183594,False,NONE
400,1199,29,296.31705237,19.42376350908454,31915.0,85.56300268096514,80.43548387096774,2.280584465180503,2.1439162864514,1.2996506814371804,True,False,-1,PV-/PNN+,0.0,0.0,296.31705237,19.42376350908454,-0.9182291626930237,False,NONE
401,1198,195,296.31705237,19.42376350908454,34206.0,91.70509383378015,85.76612903225806,2.444294915117164,2.285998566915043,1.695399552624895,True,False,-1,PV-/PNN+,0.0,0.0,296.31705237,19.42376350908454,-1.130293846130371,False,NONE
402,592,1515,296.31705237,19.42376350908454,75739.0,203.05361930294907,189.43548387096774,5.4121631461164394,5.049187243707979,1.4043105987383344,True,False,-1,PV-/PNN+,0.0,0.0,296.31705237,19.42376350908454,0.8718311786651611,False,NONE
403,602,1301,296.31705237,19.42376350908454,50348.0,134.98123324396784,97.74193548387096,3.5977711625539084,2.605200059333363,1.6324213869366055,True,True,426,PV+/PNN+,118.36793781,12.276430232296539,296.31705237,19.42376350908454,0.46779105067253113,False,NONE
404,1167,16,296.31705237,19.42376350908454,32474.0,87.06166219839142,97.23387096774194,2.3205295291327483,2.5916581778368286,1.3569346187630569,True,False,-1,PV-/PNN+,0.0,0.0,296.31705237,19.42376350908454,0.06880880892276764,False,NONE
405,836,1765,296.31705237,19.42376350908454,80021.0,214.53351206434317,187.8548387096774,5.718146623475139,5.00705694571876,1.1656085457859746,True,False,-1,PV-/PNN+,0.0,0.0,296.31705237,19.42376350908454,0.8374465703964233,False,NONE
406,624,1889,296.31705237,19.42376350908454,21476.0,57.57640750670241,56.08064516129032,1.5346336197467174,1.4947657766175089,1.4978098284491586,True,False,-1,PV-/PNN+,0.0,0.0,296.31705237,19.42376350908454,-0.48643994331359863,False,NONE
407,1176,65,296.31705237,19.42376350908454,32549.0,87.2627345844504,70.33870967741936,2.3258888847614037,1.8747982605202638,1.745167108512386,True,True,759,PV+/PNN+,142.9948242,13.493208101259413,296.31705237,19.42376350908454,0.2969512641429901,False,NONE
408,1145,2338,296.31705237,19.42376350908454,43717.0,117.20375335120643,119.58870967741936,3.1239326669057204,3.1875009636843603,1.2764182297185347,True,False,-1,PV-/PNN+,0.0,0.0,296.31705237,19.42376350908454,-0.11204858124256134,False,NONE
409,912,1776,296.31705237,19.42376350908454,31102.0,83.38337801608579,70.29032258064517,2.2224890501658785,1.8735085575205939,1.2207286763341338,True,False,-1,PV-/PNN+,0.0,0.0,296.31705237,19.42376350908454,-0.4933433532714844,False,NONE
410,622,2324,296.31705237,19.42376350908454,12441.0,33.35388739946381,34.08064516129032,0.8890099116813612,0.9083808127675572,1.8953808527128455,True,True,480,PV+/PNN+,157.29430662000001,14.151796046802042,296.31705237,19.42376350908454,-1.578416347503662,False,NONE
411,1192,266,296.31705237,19.42376350908454,26867.0,72.02949061662198,77.71774193548387,1.9198641023344691,2.071477967969936,1.3303995145942116,True,False,-1,PV-/PNN+,0.0,0.0,296.31705237,19.42376350908454,-0.21777307987213135,False,NONE
412,622,1772,296.31705237,19.42376350908454,28720.0,76.99731903485255,77.73387096774194,2.0522759153997825,2.071907868969826,1.325844131904281,True,False,-1,PV-/PNN+,0.0,0.0,296.31705237,19.42376350908454,-1.5765303373336792,False,NONE
413,1170,1362,296.31705237,19.42376350908454,14489.0,38.84450402144772,41.33870967741935,1.0353560493811784,1.1018362627180545,1.115613220763987,True,False,-1,PV-/PNN+,0.0,0.0,296.31705237,19.42376350908454,-1.5982327461242676,False,NONE
414,1294,2322,296.31705237,19.42376350908454,26813.0,71.88471849865952,75.70161290322581,1.9160053662818375,2.0177403429836867,1.2845040339931615,True,False,-1,PV-/PNN+,0.0,0.0,296.31705237,19.42376350908454,-1.3870710134506226,False,NONE
415,623,1529,296.31705237,19.42376350908454,29841.0,80.00268096514745,75.51612903225806,2.1323804175294185,2.0127964814849517,1.4802716050929259,True,False,-1,PV-/PNN+,0.0,0.0,296.31705237,19.42376350908454,-1.9128555059432983,False,NONE
416,1168,205,296.31705237,19.42376350908454,27001.0,72.3887399463807,72.31451612903226,1.929439484391,1.927461133006788,1.5184229351210943,True,False,-1,PV-/PNN+,0.0,0.0,296.31705237,19.42376350908454,-1.6096956729888916,False,NONE
417,1179,128,296.31705237,19.42376350908454,22585.0,60.54959785522788,68.51612903225806,1.613880624975769,1.8262194475326943,1.362173308856477,True,False,-1,PV-/PNN+,0.0,0.0,296.31705237,19.42376350908454,-0.09973371028900146,False,NONE
418,723,1756,296.31705237,19.42376350908454,70650.0,189.4101876675603,189.81451612903226,5.048513002193406,5.059289917205394,1.2682185408766598,True,False,-1,PV-/PNN+,0.0,0.0,296.31705237,19.42376350908454,0.046124305576086044,False,NONE
419,1199,2427,296.31705237,19.42376350908454,42457.0,113.82573726541555,116.10483870967742,3.0338954923443096,3.0946423477081217,1.2777848445255138,True,False,-1,PV-/PNN+,0.0,0.0,296.31705237,19.42376350908454,0.018463339656591415,False,NONE
420,593,1061,296.31705237,19.42376350908454,21863.0,58.61394101876676,56.46774193548387,1.5622878947905796,1.505083400614869,1.4913184081160076,True,False,-1,PV-/PNN+,0.0,0.0,296.31705237,19.42376350908454,-1.020499348640442,False,NONE
421,775,1760,296.31705237,19.42376350908454,41956.0,112.48257372654156,153.51612903225808,2.998094996744891,4.091797716952963,1.5489439991436287,True,False,-1,PV-/PNN+,0.0,0.0,296.31705237,19.42376350908454,-0.5052905082702637,False,NONE
422,1169,1936,296.31705237,19.42376350908454,19881.0,53.30026809651474,52.46774193548387,1.4206579900439789,1.3984679526421504,0.9328284903305243,True,False,-1,PV-/PNN+,0.0,0.0,296.31705237,19.42376350908454,-1.548021912574768,False,NONE
423,418,1198,296.31705237,19.42376350908454,15496.0,41.54423592493298,45.854838709677416,1.1073143309552587,1.2222085426872529,1.4323262022814072,True,False,-1,PV-/PNN+,0.0,0.0,296.31705237,19.42376350908454,-1.4518406391143799,False,NONE
424,1168,1066,296.31705237,19.42376350908454,10149.0,27.20911528150134,23.68548387096774,0.7252280036696516,0.6313096183384561,1.088394809191652,True,False,-1,PV-/PNN+,0.0,0.0,296.31705237,19.42376350908454,-1.2355254888534546,False,NONE
425,623,1383,296.31705237,19.42376350908454,67822.0,181.82841823056302,165.67741935483872,4.846429565955573,4.415943070870019,1.5599908021667102,True,False,-1,PV-/PNN+,0.0,0.0,296.31705237,19.42376350908454,0.4556203782558441,False,NONE
426,624,1700,296.31705237,19.42376350908454,34103.0,91.42895442359249,98.20161290322581,2.436934733387144,2.6174522378302285,1.399869100615652,True,False,-1,PV-/PNN+,0.0,0.0,296.31705237,19.42376350908454,-0.26994651556015015,False,NONE
427,801,1170,296.31705237,19.42376350908454,32089.0,86.02949061662198,85.21774193548387,2.293018170238984,2.271381932918783,1.4225321294980564,True,False,-1,PV-/PNN+,0.0,0.0,296.31705237,19.42376350908454,0.36329227685928345,False,NONE
428,231,1125,74.67507486,9.75085936304132,3152.0,33.53191489361702,0.0,0.0,0.0,1.845574527610972,False,True,1,PV+/PNN-,74.67507486,9.75085936304132,0.0,0.0,0.0,False,NONE
429,234,862,115.19027505,12.11052490037406,3957.0,27.28965517241379,0.0,0.0,0.0,1.8781552228584393,False,True,2,PV+/PNN-,115.19027505,12.11052490037406,0.0,0.0,0.0,False,NONE
430,238,902,64.34767089,9.051519164690074,2043.0,25.22222222222222,0.0,0.0,0.0,1.712268528400755,False,True,3,PV+/PNN-,64.34767089,9.051519164690074,0.0,0.0,0.0,False,NONE
431,240,736,101.68520832,11.378472144697502,5279.0,41.2421875,0.0,0.0,0.0,1.7107730794802292,False,True,4,PV+/PNN-,101.68520832,11.378472144697502,0.0,0.0,0.0,False,NONE
432,246,428,176.36028318,14.984955344126572,5396.0,24.306306306306308,0.0,0.0,0.0,2.0035901723599037,False,True,5,PV+/PNN-,176.36028318,14.984955344126572,0.0,0.0,0.0,False,NONE
433,240,1148,52.43143554,8.17054325713784,1774.0,26.87878787878788,0.0,0.0,0.0,2.0222551627223955,False,True,6,PV+/PNN-,52.43143554,8.17054325713784,0.0,0.0,0.0,False,NONE
434,246,969,152.52781248,13.93572540349032,4983.0,25.953125,0.0,0.0,0.0,1.7677435376717792,False,True,7,PV+/PNN-,152.52781248,13.93572540349032,0.0,0.0,0.0,False,NONE
435,247,1069,36.543121740000004,6.8211544248344955,1183.0,25.717391304347824,0.0,0.0,0.0,1.8542982329537654,False,True,8,PV+/PNN-,36.543121740000004,6.8211544248344955,0.0,0.0,0.0,False,NONE
436,249,1083,83.41364745,10.305607915302103,2729.0,25.99047619047619,0.0,0.0,0.0,2.156716649944603,False,True,9,PV+/PNN-,83.41364745,10.305607915302103,0.0,0.0,0.0,False,NONE
437,251,1271,146.17248696000001,13.642308849668991,4843.0,26.320652173913043,0.0,0.0,0.0,1.803739055536326,False,True,10,PV+/PNN-,146.17248696000001,13.642308849668991,0.0,0.0,0.0,False,NONE
438,251,843,77.85273762,9.956163126610313,2722.0,27.775510204081634,0.0,0.0,0.0,1.867773141854509,False,True,11,PV+/PNN-,77.85273762,9.956163126610313,0.0,0.0,0.0,False,NONE
439,252,988,77.05832193,9.90523612702942,2396.0,24.701030927835053,0.0,0.0,0.0,1.726309233057318,False,True,12,PV+/PNN-,77.05832193,9.90523612702942,0.0,0.0,0.0,False,NONE
440,261,751,57.19792968,8.533854108523126,1392.0,19.333333333333332,0.0,0.0,0.0,1.6383892546064347,False,True,13,PV+/PNN-,57.19792968,8.533854108523126,0.0,0.0,0.0,False,NONE
441,260,1192,53.22585123,8.232208609372499,1940.0,28.955223880597014,0.0,0.0,0.0,1.9546654189290382,False,True,14,PV+/PNN-,53.22585123,8.232208609372499,0.0,0.0,0.0,False,NONE
442,266,479,126.31209471,12.681701540530954,3930.0,24.71698113207547,0.0,0.0,0.0,2.1191382421706453,False,True,15,PV+/PNN-,126.31209471,12.681701540530954,0.0,0.0,0.0,False,NONE
443,265,659,108.04053384,11.728660627684029,3901.0,28.683823529411764,0.0,0.0,0.0,1.7663119556269884,False,True,16,PV+/PNN-,108.04053384,11.728660627684029,0.0,0.0,0.0,False,NONE
444,268,633,139.81716144,13.342441267550265,5221.0,29.664772727272727,0.0,0.0,0.0,2.0537121076867675,False,True,17,PV+/PNN-,139.81716144,13.342441267550265,0.0,0.0,0.0,False,NONE
445,269,941,97.71312987,11.154022637162193,4327.0,35.17886178861789,0.0,0.0,0.0,1.8017288510215663,False,True,18,PV+/PNN-,97.71312987,11.154022637162193,0.0,0.0,0.0,False,NONE
446,272,303,127.90092609,12.761211420003875,3578.0,22.22360248447205,0.0,0.0,0.0,2.2133904206387505,False,True,19,PV+/PNN-,127.90092609,12.761211420003875,0.0,0.0,0.0,False,NONE
447,274,380,149.35014972,13.789797556005714,4074.0,21.670212765957448,0.0,0.0,0.0,2.025658134186137,False,True,20,PV+/PNN-,149.35014972,13.789797556005714,0.0,0.0,0.0,False,NONE
448,274,691,91.35780435,10.78519212710641,2595.0,22.565217391304348,0.0,0.0,0.0,1.492303757197851,False,True,21,PV+/PNN-,91.35780435,10.78519212710641,0.0,0.0,0.0,False,NONE
449,274,534,63.5532552,8.995472067506276,2051.0,25.6375,0.0,0.0,0.0,1.8711974648576768,False,True,22,PV+/PNN-,63.5532552,8.995472067506276,0.0,0.0,0.0,False,NONE
450,277,832,122.34001626,12.48071098158173,4732.0,30.727272727272727,0.0,0.0,0.0,2.3002072113224594,False,True,23,PV+/PNN-,122.34001626,12.48071098158173,0.0,0.0,0.0,False,NONE
451,278,328,128.69534178,12.800781162784691,4046.0,24.97530864197531,0.0,0.0,0.0,2.1394179055469773,False,True,24,PV+/PNN-,128.69534178,12.800781162784691,0.0,0.0,0.0,False,NONE
452,277,854,90.56338866,10.738197602350779,3000.0,26.31578947368421,0.0,0.0,0.0,2.3631707035719747,False,True,25,PV+/PNN-,90.56338866,10.738197602350779,0.0,0.0,0.0,False,NONE
453,275,1352,65.14208658,9.10722134683339,2749.0,33.52439024390244,0.0,0.0,0.0,1.927093538182929,False,True,26,PV+/PNN-,65.14208658,9.10722134683339,0.0,0.0,0.0,False,NONE
454,283,1086,96.12429849,11.062967867954534,3414.0,28.214876033057852,0.0,0.0,0.0,1.9828187881007042,False,True,27,PV+/PNN-,96.12429849,11.062967867954534,0.0,0.0,0.0,False,NONE
455,281,268,43.69286295,7.4586514150102134,1985.0,36.09090909090909,0.0,0.0,0.0,3.5296140395829463,False,True,28,PV+/PNN-,43.69286295,7.4586514150102134,0.0,0.0,0.0,False,NONE
456,285,1069,79.441569,10.057243516322302,3589.0,35.89,0.0,0.0,0.0,1.8040807339955853,False,True,29,PV+/PNN-,79.441569,10.057243516322302,0.0,0.0,0.0,False,NONE
457,287,974,126.31209471,12.681701540530954,4636.0,29.157232704402517,0.0,0.0,0.0,1.8992629555712455,False,True,30,PV+/PNN-,126.31209471,12.681701540530954,0.0,0.0,0.0,False,NONE
458,288,516,85.00247883,10.403293586497956,2968.0,27.738317757009344,0.0,0.0,0.0,2.1815121027279822,False,True,31,PV+/PNN-,85.00247883,10.403293586497956,0.0,0.0,0.0,False,NONE
459,289,225,107.24611815,11.68546099424064,4173.0,30.91111111111111,0.0,0.0,0.0,2.0361573624406653,False,True,32,PV+/PNN-,107.24611815,11.68546099424064,0.0,0.0,0.0,False,NONE
460,291,440,126.31209471,12.681701540530954,4455.0,28.0188679245283,0.0,0.0,0.0,1.9655194210349771,False,True,33,PV+/PNN-,126.31209471,12.681701540530954,0.0,0.0,0.0,False,NONE
461,289,547,72.29182779,9.593998848416254,2447.0,26.89010989010989,0.0,0.0,0.0,1.7775804084215074,False,True,34,PV+/PNN-,72.29182779,9.593998848416254,0.0,0.0,0.0,False,NONE
462,290,404,135.05066730000001,13.113041224263421,5463.0,32.13529411764706,0.0,0.0,0.0,2.1649268659313496,False,True,35,PV+/PNN-,135.05066730000001,13.113041224263421,0.0,0.0,0.0,False,NONE
463,296,560,124.72326333,12.60169000650996,4784.0,30.471337579617835,0.0,0.0,0.0,1.7594940772239815,False,True,36,PV+/PNN-,124.72326333,12.60169000650996,0.0,0.0,0.0,False,NONE
464,297,618,57.19792968,8.533854108523126,2510.0,34.861111111111114,0.0,0.0,0.0,2.4466691533499767,False,True,37,PV+/PNN-,57.19792968,8.533854108523126,0.0,0.0,0.0,False,NONE
465,304,188,111.2181966,11.899891008124815,4293.0,30.664285714285715,0.0,0.0,0.0,2.5271937221987337,False,True,39,PV+/PNN-,111.2181966,11.899891008124815,0.0,0.0,0.0,False,NONE
466,304,421,107.24611815,11.68546099424064,5242.0,38.82962962962963,0.0,0.0,0.0,2.31809168429924,False,True,40,PV+/PNN-,107.24611815,11.68546099424064,0.0,0.0,0.0,False,NONE
467,305,573,106.45170246,11.642101063659146,3761.0,28.067164179104477,0.0,0.0,0.0,1.9293048555955445,False,True,41,PV+/PNN-,106.45170246,11.642101063659146,0.0,0.0,0.0,False,NONE
468,308,337,146.96690265,13.679330108642857,5333.0,28.82702702702703,0.0,0.0,0.0,2.122339867801271,False,True,42,PV+/PNN-,146.96690265,13.679330108642857,0.0,0.0,0.0,False,NONE
469,306,1689,115.98469074,12.152213577535832,3245.0,22.226027397260275,0.0,0.0,0.0,1.8481249975550764,False,True,43,PV+/PNN-,115.98469074,12.152213577535832,0.0,0.0,0.0,False,NONE
470,309,226,168.41612628000001,14.643567596416075,5570.0,26.27358490566038,0.0,0.0,0.0,1.8255927122179227,False,True,44,PV+/PNN-,168.41612628000001,14.643567596416075,0.0,0.0,0.0,False,NONE
471,308,962,143.78923989,13.53063732184699,5934.0,32.78453038674033,0.0,0.0,0.0,1.9012260882362506,False,True,45,PV+/PNN-,143.78923989,13.53063732184699,0.0,0.0,0.0,False,NONE
472,310,310,170.79937335,14.746813769937052,7871.0,36.609302325581396,0.0,0.0,0.0,2.159313369419481,False,True,46,PV+/PNN-,170.79937335,14.746813769937052,0.0,0.0,0.0,False,NONE
473,309,883,96.91871418,11.108588547554572,3281.0,26.89344262295082,0.0,0.0,0.0,1.799435905246362,False,True,47,PV+/PNN-,96.91871418,11.108588547554572,0.0,0.0,0.0,False,NONE
474,311,556,55.6090983,8.414493627225879,1692.0,24.17142857142857,0.0,0.0,0.0,1.8988087781870184,False,True,48,PV+/PNN-,55.6090983,8.414493627225879,0.0,0.0,0.0,False,NONE
475,311,204,77.05832193,9.90523612702942,3061.0,31.556701030927837,0.0,0.0,0.0,2.5040680351653335,False,True,49,PV+/PNN-,77.05832193,9.90523612702942,0.0,0.0,0.0,False,NONE
476,311,449,69.11416503,9.380772250595795,1636.0,18.804597701149426,0.0,0.0,0.0,1.7411484232083385,False,True,51,PV+/PNN-,69.11416503,9.380772250595795,0.0,0.0,0.0,False,NONE
477,315,468,105.65728677,11.598579038183399,3444.0,25.894736842105264,0.0,0.0,0.0,2.2689504903602256,False,True,52,PV+/PNN-,105.65728677,11.598579038183399,0.0,0.0,0.0,False,NONE
478,314,501,109.62936522,11.814586030086609,3332.0,24.144927536231883,0.0,0.0,0.0,1.7841156305112924,False,True,53,PV+/PNN-,109.62936522,11.814586030086609,0.0,0.0,0.0,False,NONE
479,313,907,100.89079263,11.333937836259333,3356.0,26.4251968503937,0.0,0.0,0.0,1.6443030445432159,False,True,54,PV+/PNN-,100.89079263,11.333937836259333,0.0,0.0,0.0,False,NONE
480,321,291,121.54560057,12.440123196106569,3635.0,23.758169934640524,0.0,0.0,0.0,1.8035504413011756,False,True,55,PV+/PNN-,121.54560057,12.440123196106569,0.0,0.0,0.0,False,NONE
481,320,673,96.12429849,11.062967867954534,3969.0,32.80165289256198,0.0,0.0,0.0,1.5664549278515123,False,True,56,PV+/PNN-,96.12429849,11.062967867954534,0.0,0.0,0.0,False,NONE
482,323,115,88.97455728,10.643586087602236,3292.0,29.392857142857142,0.0,0.0,0.0,2.2688307189027532,False,True,57,PV+/PNN-,88.97455728,10.643586087602236,0.0,0.0,0.0,False,NONE
483,323,523,69.11416503,9.380772250595795,2763.0,31.75862068965517,0.0,0.0,0.0,1.69134552383446,False,True,58,PV+/PNN-,69.11416503,9.380772250595795,0.0,0.0,0.0,False,NONE
484,324,557,81.03040038,10.157318055940708,4520.0,44.31372549019608,0.0,0.0,0.0,2.5233325409122127,False,True,59,PV+/PNN-,81.03040038,10.157318055940708,0.0,0.0,0.0,False,NONE
485,324,833,90.56338866,10.738197602350779,3512.0,30.80701754385965,0.0,0.0,0.0,1.9227311306262047,False,True,60,PV+/PNN-,90.56338866,10.738197602350779,0.0,0.0,0.0,False,NONE
486,327,131,108.04053384,11.728660627684029,3259.0,23.96323529411765,0.0,0.0,0.0,2.3404023843524357,False,True,61,PV+/PNN-,108.04053384,11.728660627684029,0.0,0.0,0.0,False,NONE
487,324,191,38.92636881,7.040070461425612,836.0,17.06122448979592,0.0,0.0,0.0,2.1490877784438744,False,True,62,PV+/PNN-,38.92636881,7.040070461425612,0.0,0.0,0.0,False,NONE
488,329,1046,96.12429849,11.062967867954534,3462.0,28.611570247933884,0.0,0.0,0.0,1.8932970474906334,False,True,63,PV+/PNN-,96.12429849,11.062967867954534,0.0,0.0,0.0,False,NONE
489,331,496,73.08624348000001,9.646569098642193,2335.0,25.380434782608695,0.0,0.0,0.0,1.7827304475683488,False,True,64,PV+/PNN-,73.08624348000001,9.646569098642193,0.0,0.0,0.0,False,NONE
490,329,337,57.19792968,8.533854108523126,1764.0,24.5,0.0,0.0,0.0,2.1192272965597097,False,True,65,PV+/PNN-,57.19792968,8.533854108523126,0.0,0.0,0.0,False,NONE
491,333,538,85.00247883,10.403293586497956,2988.0,27.925233644859812,0.0,0.0,0.0,1.7845126299840361,False,True,66,PV+/PNN-,85.00247883,10.403293586497956,0.0,0.0,0.0,False,NONE
492,331,590,69.11416503,9.380772250595795,2502.0,28.75862068965517,0.0,0.0,0.0,1.7367540497341727,False,True,67,PV+/PNN-,69.11416503,9.380772250595795,0.0,0.0,0.0,False,NONE
493,333,1067,119.95676919,12.358547737957586,3822.0,25.311258278145694,0.0,0.0,0.0,1.8575394998842736,False,True,68,PV+/PNN-,119.95676919,12.358547737957586,0.0,0.0,0.0,False,NONE
494,332,80,62.75883951,8.93907356753593,3268.0,41.36708860759494,0.0,0.0,0.0,2.058346785291509,False,True,69,PV+/PNN-,62.75883951,8.93907356753593,0.0,0.0,0.0,False,NONE
495,333,150,47.664941400000004,7.7903073294937615,1381.0,23.016666666666666,0.0,0.0,0.0,2.028369556117005,False,True,70,PV+/PNN-,47.664941400000004,7.7903073294937615,0.0,0.0,0.0,False,NONE
496,335,328,119.95676919,12.358547737957586,7430.0,49.205298013245034,0.0,0.0,0.0,2.297520081107809,False,True,71,PV+/PNN-,119.95676919,12.358547737957586,0.0,0.0,0.0,False,NONE
497,339,459,73.88065917,9.698854408967303,2531.0,27.21505376344086,0.0,0.0,0.0,1.723366173558399,False,True,72,PV+/PNN-,73.88065917,9.698854408967303,0.0,0.0,0.0,False,NONE
498,340,1380,123.92884764,12.56149312576761,4528.0,29.025641025641026,0.0,0.0,0.0,2.023195838629259,False,True,73,PV+/PNN-,123.92884764,12.56149312576761,0.0,0.0,0.0,False,NONE
499,339,340,38.92636881,7.040070461425612,5901.0,120.42857142857143,0.0,0.0,0.0,2.7186523893505408,False,True,74,PV+/PNN-,38.92636881,7.040070461425612,0.0,0.0,0.0,False,NONE
500,345,71,141.40599282,13.418036440588484,6649.0,37.353932584269664,0.0,0.0,0.0,2.203177568336042,False,True,75,PV+/PNN-,141.40599282,13.418036440588484,0.0,0.0,0.0,False,NONE
501,345,181,134.25625161,13.074416571218995,5646.0,33.40828402366864,0.0,0.0,0.0,1.7137363156982237,False,True,76,PV+/PNN-,134.25625161,13.074416571218995,0.0,0.0,0.0,False,NONE
502,344,499,73.08624348000001,9.646569098642193,3039.0,33.03260869565217,0.0,0.0,0.0,1.739328048689451,False,True,77,PV+/PNN-,73.08624348000001,9.646569098642193,0.0,0.0,0.0,False,NONE
503,345,1015,108.04053384,11.728660627684029,3911.0,28.75735294117647,0.0,0.0,0.0,1.7891131532858338,False,True,78,PV+/PNN-,108.04053384,11.728660627684029,0.0,0.0,0.0,False,NONE
504,347,557,123.13443195,12.521167201073583,3624.0,23.38064516129032,0.0,0.0,0.0,1.8745546716892842,False,True,79,PV+/PNN-,123.13443195,12.521167201073583,0.0,0.0,0.0,False,NONE
505,348,228,186.68768715,15.41746236559462,7654.0,32.57021276595745,0.0,0.0,0.0,1.7756198417945717,False,True,80,PV+/PNN-,186.68768715,15.41746236559462,0.0,0.0,0.0,False,NONE
506,348,393,111.2181966,11.899891008124815,3958.0,28.271428571428572,0.0,0.0,0.0,2.037775607910517,False,True,81,PV+/PNN-,111.2181966,11.899891008124815,0.0,0.0,0.0,False,NONE
507,353,54,207.34249509,16.247974152264163,7557.0,28.95402298850575,0.0,0.0,0.0,2.2318534611568466,False,True,82,PV+/PNN-,207.34249509,16.247974152264163,0.0,0.0,0.0,False,NONE
508,352,124,95.32988280000001,11.017158280424603,3760.0,31.333333333333332,0.0,0.0,0.0,2.2354544060870656,False,True,83,PV+/PNN-,95.32988280000001,11.017158280424603,0.0,0.0,0.0,False,NONE
509,355,715,131.87300454,12.957851838301272,4430.0,26.686746987951807,0.0,0.0,0.0,1.7807889662547451,False,True,84,PV+/PNN-,131.87300454,12.957851838301272,0.0,0.0,0.0,False,NONE
510,354,1166,113.60144367,12.026714032504808,3964.0,27.72027972027972,0.0,0.0,0.0,1.8025330745825043,False,True,85,PV+/PNN-,113.60144367,12.026714032504808,0.0,0.0,0.0,False,NONE
511,356,2184,105.65728677,11.598579038183399,3529.0,26.533834586466167,0.0,0.0,0.0,1.3637976624209127,False,True,86,PV+/PNN-,105.65728677,11.598579038183399,0.0,0.0,0.0,False,NONE
512,356,1130,112.80702798,11.984588810142046,4890.0,34.436619718309856,0.0,0.0,0.0,2.182580087225082,False,True,87,PV+/PNN-,112.80702798,11.984588810142046,0.0,0.0,0.0,False,NONE
513,358,98,128.69534178,12.800781162784691,4950.0,30.555555555555557,0.0,0.0,0.0,2.0531489398741063,False,True,88,PV+/PNN-,128.69534178,12.800781162784691,0.0,0.0,0.0,False,NONE
514,356,417,50.84260416,8.045794813057842,1546.0,24.15625,0.0,0.0,0.0,1.9195172631840243,False,True,89,PV+/PNN-,50.84260416,8.045794813057842,0.0,0.0,0.0,False,NONE
515,359,1651,123.92884764,12.56149312576761,4050.0,25.96153846153846,0.0,0.0,0.0,1.9063787437743527,False,True,90,PV+/PNN-,123.92884764,12.56149312576761,0.0,0.0,0.0,False,NONE
516,359,153,99.30196125,11.244340084382843,5080.0,40.64,0.0,0.0,0.0,2.000588327013329,False,True,91,PV+/PNN-,99.30196125,11.244340084382843,0.0,0.0,0.0,False,NONE
517,359,1313,123.13443195,12.521167201073583,4187.0,27.01290322580645,0.0,0.0,0.0,1.9956881753276854,False,True,92,PV+/PNN-,123.13443195,12.521167201073583,0.0,0.0,0.0,False,NONE
518,358,23,88.18014159,10.595963539609496,3921.0,35.32432432432432,0.0,0.0,0.0,2.046260462536225,False,True,93,PV+/PNN-,88.18014159,10.595963539609496,0.0,0.0,0.0,False,NONE
519,362,195,139.02274575,13.304482609502793,8764.0,50.08,0.0,0.0,0.0,2.6812709189969706,False,True,94,PV+/PNN-,139.02274575,13.304482609502793,0.0,0.0,0.0,False,NONE
520,359,536,39.7207845,7.111545090435939,1514.0,30.28,0.0,0.0,0.0,1.81639962763483,False,True,95,PV+/PNN-,39.7207845,7.111545090435939,0.0,0.0,0.0,False,NONE
521,362,963,84.20806314000001,10.354565948189398,3277.0,30.91509433962264,0.0,0.0,0.0,1.6719071002904564,False,True,96,PV+/PNN-,84.20806314000001,10.354565948189398,0.0,0.0,0.0,False,NONE
522,363,80,97.71312987,11.154022637162193,3773.0,30.67479674796748,0.0,0.0,0.0,2.130163609948442,False,True,97,PV+/PNN-,97.71312987,11.154022637162193,0.0,0.0,0.0,False,NONE
523,366,525,111.2181966,11.899891008124815,3785.0,27.035714285714285,0.0,0.0,0.0,1.7783506310249464,False,True,98,PV+/PNN-,111.2181966,11.899891008124815,0.0,0.0,0.0,False,NONE
524,363,452,61.96442382,8.88231697105848,2212.0,28.358974358974358,0.0,0.0,0.0,1.7884724452378156,False,True,99,PV+/PNN-,61.96442382,8.88231697105848,0.0,0.0,0.0,False,NONE
525,363,478,65.14208658,9.10722134683339,2021.0,24.646341463414632,0.0,0.0,0.0,1.7478531176960221,False,True,100,PV+/PNN-,65.14208658,9.10722134683339,0.0,0.0,0.0,False,NONE
526,366,1040,127.1065104,12.72151859781572,5418.0,33.8625,0.0,0.0,0.0,1.9792532775984648,False,True,101,PV+/PNN-,127.1065104,12.72151859781572,0.0,0.0,0.0,False,NONE
527,368,1001,131.07858885,12.91876320674319,4579.0,27.75151515151515,0.0,0.0,0.0,1.7900369377987035,False,True,102,PV+/PNN-,131.07858885,12.91876320674319,0.0,0.0,0.0,False,NONE
528,369,134,95.32988280000001,11.017158280424603,3920.0,32.666666666666664,0.0,0.0,0.0,2.0170418378280446,False,True,103,PV+/PNN-,95.32988280000001,11.017158280424603,0.0,0.0,0.0,False,NONE
529,370,10,91.35780435,10.78519212710641,3839.0,33.38260869565217,0.0,0.0,0.0,2.1985623670400023,False,True,104,PV+/PNN-,91.35780435,10.78519212710641,0.0,0.0,0.0,False,NONE
530,371,230,102.47962401,11.422832828117684,3123.0,24.209302325581394,0.0,0.0,0.0,1.8756594004046365,False,True,105,PV+/PNN-,102.47962401,11.422832828117684,0.0,0.0,0.0,False,NONE
531,373,159,103.2740397,11.467021901548332,3611.0,27.776923076923076,0.0,0.0,0.0,1.9550116881591688,False,True,106,PV+/PNN-,103.2740397,11.467021901548332,0.0,0.0,0.0,False,NONE
532,373,1066,93.74105142,10.924962866435578,4142.0,35.101694915254235,0.0,0.0,0.0,1.8982327925113085,False,True,107,PV+/PNN-,93.74105142,10.924962866435578,0.0,0.0,0.0,False,NONE
533,376,826,104.86287108,11.554893086200376,4412.0,33.42424242424242,0.0,0.0,0.0,1.8021370005164568,False,True,108,PV+/PNN-,104.86287108,11.554893086200376,0.0,0.0,0.0,False,NONE
534,377,1212,172.38820473,14.815244827816286,7966.0,36.70967741935484,0.0,0.0,0.0,1.8401017036214775,False,True,109,PV+/PNN-,172.38820473,14.815244827816286,0.0,0.0,0.0,False,NONE
535,378,409,104.06845539,11.51104134134072,4796.0,36.61068702290076,0.0,0.0,0.0,2.071415966504205,False,True,111,PV+/PNN-,104.06845539,11.51104134134072,0.0,0.0,0.0,False,NONE
536,378,953,80.23598469,10.107404643036364,3138.0,31.06930693069307,0.0,0.0,0.0,1.6343878689690905,False,True,112,PV+/PNN-,80.23598469,10.107404643036364,0.0,0.0,0.0,False,NONE
537,378,1794,141.40599282,13.418036440588484,4261.0,23.93820224719101,0.0,0.0,0.0,1.7874566710178679,False,True,113,PV+/PNN-,141.40599282,13.418036440588484,0.0,0.0,0.0,False,NONE
538,378,1050,88.18014159,10.595963539609496,5446.0,49.06306306306306,0.0,0.0,0.0,1.9368102115009975,False,True,114,PV+/PNN-,88.18014159,10.595963539609496,0.0,0.0,0.0,False,NONE
539,377,1865,131.87300454,12.957851838301272,3911.0,23.56024096385542,0.0,0.0,0.0,1.7958869040344592,False,True,115,PV+/PNN-,131.87300454,12.957851838301272,0.0,0.0,0.0,False,NONE
540,382,40,66.73091796,9.217615939230159,5737.0,68.29761904761905,0.0,0.0,0.0,2.2377300637790443,False,True,116,PV+/PNN-,66.73091796,9.217615939230159,0.0,0.0,0.0,False,NONE
541,380,761,30.98221191,6.280746562883805,2141.0,54.8974358974359,0.0,0.0,0.0,1.5521152463239265,False,True,117,PV+/PNN-,30.98221191,6.280746562883805,0.0,0.0,0.0,False,NONE
542,383,844,90.56338866,10.738197602350779,3818.0,33.49122807017544,0.0,0.0,0.0,1.838891110395411,False,True,118,PV+/PNN-,90.56338866,10.738197602350779,0.0,0.0,0.0,False,NONE
543,383,433,42.104031570000004,7.321783798208037,1362.0,25.69811320754717,0.0,0.0,0.0,1.8642645806690321,False,True,119,PV+/PNN-,42.104031570000004,7.321783798208037,0.0,0.0,0.0,False,NONE
544,385,629,57.99234537,8.592912627102823,2296.0,31.45205479452055,0.0,0.0,0.0,1.550772392469861,False,True,120,PV+/PNN-,57.99234537,8.592912627102823,0.0,0.0,0.0,False,NONE
545,386,82,75.46949055,9.802588422925686,4629.0,48.72631578947368,0.0,0.0,0.0,2.070736713006966,False,True,121,PV+/PNN-,75.46949055,9.802588422925686,0.0,0.0,0.0,False,NONE
546,388,500,100.09637694,11.289227848029503,3681.0,29.214285714285715,0.0,0.0,0.0,1.9253749746504139,False,True,123,PV+/PNN-,100.09637694,11.289227848029503,0.0,0.0,0.0,False,NONE
547,388,7,111.2181966,11.899891008124815,2921.0,20.864285714285714,0.0,0.0,0.0,2.2377300637790443,False,True,124,PV+/PNN-,111.2181966,11.899891008124815,0.0,0.0,0.0,False,NONE
548,388,520,44.48727864,7.526151898686336,1920.0,34.285714285714285,0.0,0.0,0.0,1.7052261638560313,False,True,125,PV+/PNN-,44.48727864,7.526151898686336,0.0,0.0,0.0,False,NONE
549,391,1039,125.51767902,12.64175907426016,6784.0,42.936708860759495,0.0,0.0,0.0,1.9529559885524455,False,True,127,PV+/PNN-,125.51767902,12.64175907426016,0.0,0.0,0.0,False,NONE
550,393,1751,112.01261229,11.942314996545514,3973.0,28.177304964539008,0.0,0.0,0.0,1.6807803280348699,False,True,128,PV+/PNN-,112.01261229,11.942314996545514,0.0,0.0,0.0,False,NONE
551,397,1103,117.57352212,12.235164803834003,8017.0,54.16891891891892,0.0,0.0,0.0,1.9726876976357965,False,True,130,PV+/PNN-,117.57352212,12.235164803834003,0.0,0.0,0.0,False,NONE
552,402,1140,172.38820473,14.815244827816286,7421.0,34.19815668202765,0.0,0.0,0.0,1.873967405188128,False,True,131,PV+/PNN-,172.38820473,14.815244827816286,0.0,0.0,0.0,False,NONE
553,393,1921,52.43143554,8.17054325713784,1724.0,26.12121212121212,0.0,0.0,0.0,1.7178227337065797,False,True,132,PV+/PNN-,52.43143554,8.17054325713784,0.0,0.0,0.0,False,NONE
554,397,646,100.09637694,11.289227848029503,3372.0,26.761904761904763,0.0,0.0,0.0,2.0706799324641643,False,True,133,PV+/PNN-,100.09637694,11.289227848029503,0.0,0.0,0.0,False,NONE
555,400,2063,127.1065104,12.72151859781572,4037.0,25.23125,0.0,0.0,0.0,1.6943788621909328,False,True,134,PV+/PNN-,127.1065104,12.72151859781572,0.0,0.0,0.0,False,NONE
556,400,152,86.59131021,10.500070494515816,5676.0,52.07339449541284,0.0,0.0,0.0,1.9742965889406305,False,True,136,PV+/PNN-,86.59131021,10.500070494515816,0.0,0.0,0.0,False,NONE
557,401,486,94.53546711,10.971157418634661,3951.0,33.20168067226891,0.0,0.0,0.0,1.771978789487406,False,True,137,PV+/PNN-,94.53546711,10.971157418634661,0.0,0.0,0.0,False,NONE
558,402,58,127.1065104,12.72151859781572,4543.0,28.39375,0.0,0.0,0.0,2.083592182775688,False,True,138,PV+/PNN-,127.1065104,12.72151859781572,0.0,0.0,0.0,False,NONE
559,401,446,78.64715331000001,10.006830950662698,4576.0,46.22222222222222,0.0,0.0,0.0,2.619105774083917,False,True,139,PV+/PNN-,78.64715331000001,10.006830950662698,0.0,0.0,0.0,False,NONE
560,402,966,116.77910643,12.193759728054031,5077.0,34.53741496598639,0.0,0.0,0.0,1.72314245298653,False,True,140,PV+/PNN-,116.77910643,12.193759728054031,0.0,0.0,0.0,False,NONE
561,402,1760,123.13443195,12.521167201073583,3961.0,25.55483870967742,0.0,0.0,0.0,1.640509395428663,False,True,141,PV+/PNN-,123.13443195,12.521167201073583,0.0,0.0,0.0,False,NONE
562,403,1730,86.59131021,10.500070494515816,2561.0,23.495412844036696,0.0,0.0,0.0,1.597052392711943,False,True,142,PV+/PNN-,86.59131021,10.500070494515816,0.0,0.0,0.0,False,NONE
563,405,894,85.00247883,10.403293586497956,3685.0,34.4392523364486,0.0,0.0,0.0,1.7456066816551294,False,True,143,PV+/PNN-,85.00247883,10.403293586497956,0.0,0.0,0.0,False,NONE
564,405,1477,74.67507486,9.75085936304132,3754.0,39.93617021276596,0.0,0.0,0.0,1.623689832934922,False,True,144,PV+/PNN-,74.67507486,9.75085936304132,0.0,0.0,0.0,False,NONE
565,405,501,61.96442382,8.88231697105848,2117.0,27.141025641025642,0.0,0.0,0.0,1.821693157527556,False,True,145,PV+/PNN-,61.96442382,8.88231697105848,0.0,0.0,0.0,False,NONE
566,405,1940,103.2740397,11.467021901548332,3617.0,27.823076923076922,0.0,0.0,0.0,1.7445775368680934,False,True,146,PV+/PNN-,103.2740397,11.467021901548332,0.0,0.0,0.0,False,NONE
567,410,518,97.71312987,11.154022637162193,3832.0,31.15447154471545,0.0,0.0,0.0,2.067653945000214,False,True,147,PV+/PNN-,97.71312987,11.154022637162193,0.0,0.0,0.0,False,NONE
568,408,589,84.20806314000001,10.354565948189398,4586.0,43.264150943396224,0.0,0.0,0.0,1.796538717785742,False,True,148,PV+/PNN-,84.20806314000001,10.354565948189398,0.0,0.0,0.0,False,NONE
569,411,694,99.30196125,11.244340084382843,3822.0,30.576,0.0,0.0,0.0,1.8272742371922321,False,True,149,PV+/PNN-,99.30196125,11.244340084382843,0.0,0.0,0.0,False,NONE
570,412,459,119.95676919,12.358547737957586,4360.0,28.874172185430464,0.0,0.0,0.0,1.8232187640087805,False,True,150,PV+/PNN-,119.95676919,12.358547737957586,0.0,0.0,0.0,False,NONE
571,411,1434,88.18014159,10.595963539609496,4106.0,36.990990990990994,0.0,0.0,0.0,1.7967445056307416,False,True,151,PV+/PNN-,88.18014159,10.595963539609496,0.0,0.0,0.0,False,NONE
572,412,1770,126.31209471,12.681701540530954,4352.0,27.371069182389938,0.0,0.0,0.0,1.7504530714450415,False,True,152,PV+/PNN-,126.31209471,12.681701540530954,0.0,0.0,0.0,False,NONE
573,411,438,65.14208658,9.10722134683339,2999.0,36.573170731707314,0.0,0.0,0.0,1.890831025367659,False,True,153,PV+/PNN-,65.14208658,9.10722134683339,0.0,0.0,0.0,False,NONE
574,413,1522,81.03040038,10.157318055940708,4472.0,43.84313725490196,0.0,0.0,0.0,1.7208136753671006,False,True,154,PV+/PNN-,81.03040038,10.157318055940708,0.0,0.0,0.0,False,NONE
575,414,1824,135.84508299,13.151552441468574,4816.0,28.16374269005848,0.0,0.0,0.0,1.8213778617249783,False,True,155,PV+/PNN-,135.84508299,13.151552441468574,0.0,0.0,0.0,False,NONE
576,414,1867,179.53794594000001,15.119352253034252,5780.0,25.575221238938052,0.0,0.0,0.0,1.8459544466130848,False,True,156,PV+/PNN-,179.53794594000001,15.119352253034252,0.0,0.0,0.0,False,NONE
577,417,331,136.63949868,13.189951216443678,8932.0,51.93023255813954,0.0,0.0,0.0,2.0972743541392433,False,True,158,PV+/PNN-,136.63949868,13.189951216443678,0.0,0.0,0.0,False,NONE
578,415,409,74.67507486,9.75085936304132,3257.0,34.648936170212764,0.0,0.0,0.0,1.9183310160892695,False,True,159,PV+/PNN-,74.67507486,9.75085936304132,0.0,0.0,0.0,False,NONE
579,416,22,87.3857259,10.548125988120718,3772.0,34.29090909090909,0.0,0.0,0.0,2.329390797238986,False,True,160,PV+/PNN-,87.3857259,10.548125988120718,0.0,0.0,0.0,False,NONE
580,418,956,94.53546711,10.971157418634661,3948.0,33.1764705882353,0.0,0.0,0.0,1.6873778682326688,False,True,162,PV+/PNN-,94.53546711,10.971157418634661,0.0,0.0,0.0,False,NONE
581,419,515,63.5532552,8.995472067506276,2546.0,31.825,0.0,0.0,0.0,1.7288930038526096,False,True,163,PV+/PNN-,63.5532552,8.995472067506276,0.0,0.0,0.0,False,NONE
582,416,979,28.59896484,6.034346109793383,1132.0,31.444444444444443,0.0,0.0,0.0,1.9304319917436998,False,True,164,PV+/PNN-,28.59896484,6.034346109793383,0.0,0.0,0.0,False,NONE
583,419,1170,86.59131021,10.500070494515816,4491.0,41.20183486238532,0.0,0.0,0.0,1.7502104186601601,False,True,166,PV+/PNN-,86.59131021,10.500070494515816,0.0,0.0,0.0,False,NONE
584,424,1072,159.67755369,14.258603569939103,9530.0,47.41293532338308,0.0,0.0,0.0,2.0821022496798447,False,True,167,PV+/PNN-,159.67755369,14.258603569939103,0.0,0.0,0.0,False,NONE
585,422,1991,131.87300454,12.957851838301272,3695.0,22.259036144578314,0.0,0.0,0.0,1.925882707290302,False,True,168,PV+/PNN-,131.87300454,12.957851838301272,0.0,0.0,0.0,False,NONE
586,422,547,80.23598469,10.107404643036364,4913.0,48.64356435643565,0.0,0.0,0.0,1.6924284057466856,False,True,169,PV+/PNN-,80.23598469,10.107404643036364,0.0,0.0,0.0,False,NONE
587,421,1454,55.6090983,8.414493627225879,2928.0,41.82857142857143,0.0,0.0,0.0,1.8241672058901173,False,True,170,PV+/PNN-,55.6090983,8.414493627225879,0.0,0.0,0.0,False,NONE
588,426,2043,88.18014159,10.595963539609496,2747.0,24.74774774774775,0.0,0.0,0.0,1.7140827775761645,False,True,171,PV+/PNN-,88.18014159,10.595963539609496,0.0,0.0,0.0,False,NONE
589,425,645,48.45935709,7.854958291387057,3008.0,49.31147540983606,0.0,0.0,0.0,2.1497130957799997,False,True,172,PV+/PNN-,48.45935709,7.854958291387057,0.0,0.0,0.0,False,NONE
590,426,1937,62.75883951,8.93907356753593,2088.0,26.430379746835442,0.0,0.0,0.0,1.7448629358074572,False,True,173,PV+/PNN-,62.75883951,8.93907356753593,0.0,0.0,0.0,False,NONE
591,426,927,37.33753743,6.894898778002857,1520.0,32.340425531914896,0.0,0.0,0.0,1.5925084807299377,False,True,174,PV+/PNN-,37.33753743,6.894898778002857,0.0,0.0,0.0,False,NONE
592,431,1046,118.36793781,12.276430232296539,8366.0,56.147651006711406,0.0,0.0,0.0,1.944338223088369,False,True,175,PV+/PNN-,118.36793781,12.276430232296539,0.0,0.0,0.0,False,NONE
593,430,2027,107.24611815,11.68546099424064,3566.0,26.414814814814815,0.0,0.0,0.0,1.9021126960212984,False,True,176,PV+/PNN-,107.24611815,11.68546099424064,0.0,0.0,0.0,False,NONE
594,431,629,90.56338866,10.738197602350779,4148.0,36.3859649122807,0.0,0.0,0.0,1.886586766348929,False,True,177,PV+/PNN-,90.56338866,10.738197602350779,0.0,0.0,0.0,False,NONE
595,431,967,100.09637694,11.289227848029503,4773.0,37.88095238095238,0.0,0.0,0.0,1.721745753027432,False,True,178,PV+/PNN-,100.09637694,11.289227848029503,0.0,0.0,0.0,False,NONE
596,431,720,66.73091796,9.217615939230159,2615.0,31.13095238095238,0.0,0.0,0.0,1.71281168949596,False,True,179,PV+/PNN-,66.73091796,9.217615939230159,0.0,0.0,0.0,False,NONE
597,433,945,133.46183592,13.035677474005707,5751.0,34.232142857142854,0.0,0.0,0.0,1.8164805399083224,False,True,180,PV+/PNN-,133.46183592,13.035677474005707,0.0,0.0,0.0,False,NONE
598,435,1587,92.94663573,10.878572156378345,3584.0,30.632478632478634,0.0,0.0,0.0,1.61819360300953,False,True,181,PV+/PNN-,92.94663573,10.878572156378345,0.0,0.0,0.0,False,NONE
599,433,1603,57.19792968,8.533854108523126,2073.0,28.791666666666668,0.0,0.0,0.0,1.4254045513608737,False,True,183,PV+/PNN-,57.19792968,8.533854108523126,0.0,0.0,0.0,False,NONE
600,435,1899,136.63949868,13.189951216443678,6344.0,36.883720930232556,0.0,0.0,0.0,1.7184214503180473,False,True,184,PV+/PNN-,136.63949868,13.189951216443678,0.0,0.0,0.0,False,NONE
601,436,27,77.85273762,9.956163126610313,3677.0,37.52040816326531,0.0,0.0,0.0,1.7958190129271827,False,True,185,PV+/PNN-,77.85273762,9.956163126610313,0.0,0.0,0.0,False,NONE
602,436,1175,113.60144367,12.026714032504808,5371.0,37.55944055944056,0.0,0.0,0.0,1.8063947967264684,False,True,186,PV+/PNN-,113.60144367,12.026714032504808,0.0,0.0,0.0,False,NONE
603,437,1827,115.19027505,12.11052490037406,3479.0,23.99310344827586,0.0,0.0,0.0,1.7369493552219135,False,True,187,PV+/PNN-,115.19027505,12.11052490037406,0.0,0.0,0.0,False,NONE
604,440,1111,130.28417316,12.879555944225542,8070.0,49.207317073170735,0.0,0.0,0.0,1.9330509510025806,False,True,188,PV+/PNN-,130.28417316,12.879555944225542,0.0,0.0,0.0,False,NONE
605,438,905,70.70299641,9.487984557348323,3523.0,39.58426966292135,0.0,0.0,0.0,1.6294731842069428,False,True,189,PV+/PNN-,70.70299641,9.487984557348323,0.0,0.0,0.0,False,NONE
606,440,2055,136.63949868,13.189951216443678,4424.0,25.72093023255814,0.0,0.0,0.0,1.7888080719536672,False,True,190,PV+/PNN-,136.63949868,13.189951216443678,0.0,0.0,0.0,False,NONE
607,440,370,92.15222004,10.83198276817611,4693.0,40.456896551724135,0.0,0.0,0.0,1.636537921337226,False,True,191,PV+/PNN-,92.15222004,10.83198276817611,0.0,0.0,0.0,False,NONE
608,440,852,87.3857259,10.548125988120718,8309.0,75.53636363636363,0.0,0.0,0.0,2.436360500626784,False,True,192,PV+/PNN-,87.3857259,10.548125988120718,0.0,0.0,0.0,False,NONE
609,439,598,27.80454915,5.949945504062407,1152.0,32.91428571428571,0.0,0.0,0.0,1.8290219422996719,False,True,193,PV+/PNN-,27.80454915,5.949945504062407,0.0,0.0,0.0,False,NONE
610,441,922,71.4974121,9.54113894836179,2433.0,27.033333333333335,0.0,0.0,0.0,1.6934938841996077,False,True,194,PV+/PNN-,71.4974121,9.54113894836179,0.0,0.0,0.0,False,NONE
611,444,172,92.15222004,10.83198276817611,8894.0,76.67241379310344,0.0,0.0,0.0,2.6201451839713252,False,True,195,PV+/PNN-,92.15222004,10.83198276817611,0.0,0.0,0.0,False,NONE
612,446,1000,111.2181966,11.899891008124815,5836.0,41.68571428571428,0.0,0.0,0.0,1.7859361566648753,False,True,196,PV+/PNN-,111.2181966,11.899891008124815,0.0,0.0,0.0,False,NONE
613,447,448,133.46183592,13.035677474005707,5386.0,32.05952380952381,0.0,0.0,0.0,1.927734915960614,False,True,197,PV+/PNN-,133.46183592,13.035677474005707,0.0,0.0,0.0,False,NONE
614,446,482,79.441569,10.057243516322302,2707.0,27.07,0.0,0.0,0.0,1.7080783214966444,False,True,198,PV+/PNN-,79.441569,10.057243516322302,0.0,0.0,0.0,False,NONE
615,448,232,101.68520832,11.378472144697502,5375.0,41.9921875,0.0,0.0,0.0,1.9032557925934266,False,True,199,PV+/PNN-,101.68520832,11.378472144697502,0.0,0.0,0.0,False,NONE
616,449,960,102.47962401,11.422832828117684,5056.0,39.1937984496124,0.0,0.0,0.0,1.8252773975496666,False,True,200,PV+/PNN-,102.47962401,11.422832828117684,0.0,0.0,0.0,False,NONE
617,452,161,100.89079263,11.333937836259333,9110.0,71.73228346456693,0.0,0.0,0.0,2.8915784825215827,False,True,201,PV+/PNN-,100.89079263,11.333937836259333,0.0,0.0,0.0,False,NONE
618,452,583,81.03040038,10.157318055940708,3109.0,30.480392156862745,0.0,0.0,0.0,1.669589066928051,False,True,202,PV+/PNN-,81.03040038,10.157318055940708,0.0,0.0,0.0,False,NONE
619,456,1392,166.03287921,14.539588286344586,9941.0,47.56459330143541,0.0,0.0,0.0,1.9680555536843067,False,True,204,PV+/PNN-,166.03287921,14.539588286344586,0.0,0.0,0.0,False,NONE
620,455,2204,158.08872231,14.187487896796528,4470.0,22.462311557788944,0.0,0.0,0.0,2.08872594455049,False,True,205,PV+/PNN-,158.08872231,14.187487896796528,0.0,0.0,0.0,False,NONE
621,453,464,71.4974121,9.54113894836179,2550.0,28.333333333333332,0.0,0.0,0.0,1.7510764521684905,False,True,206,PV+/PNN-,71.4974121,9.54113894836179,0.0,0.0,0.0,False,NONE
622,454,2169,138.22833006,13.266415342325757,4336.0,24.919540229885058,0.0,0.0,0.0,2.059496368225679,False,True,207,PV+/PNN-,138.22833006,13.266415342325757,0.0,0.0,0.0,False,NONE
623,455,736,79.441569,10.057243516322302,9088.0,90.88,0.0,0.0,0.0,2.510930355226726,False,True,208,PV+/PNN-,79.441569,10.057243516322302,0.0,0.0,0.0,False,NONE
624,455,826,47.664941400000004,7.7903073294937615,2323.0,38.71666666666667,0.0,0.0,0.0,1.8365063275977351,False,True,209,PV+/PNN-,47.664941400000004,7.7903073294937615,0.0,0.0,0.0,False,NONE
625,460,1934,146.17248696000001,13.642308849668991,4858.0,26.402173913043477,0.0,0.0,0.0,1.8205921146754724,False,True,210,PV+/PNN-,146.17248696000001,13.642308849668991,0.0,0.0,0.0,False,NONE
626,458,133,66.73091796,9.217615939230159,4140.0,49.285714285714285,0.0,0.0,0.0,1.850868256142667,False,True,211,PV+/PNN-,66.73091796,9.217615939230159,0.0,0.0,0.0,False,NONE
627,463,614,105.65728677,11.598579038183399,4088.0,30.736842105263158,0.0,0.0,0.0,1.8875981697675863,False,True,213,PV+/PNN-,105.65728677,11.598579038183399,0.0,0.0,0.0,False,NONE
628,460,1118,71.4974121,9.54113894836179,4571.0,50.78888888888889,0.0,0.0,0.0,1.7052935907506084,False,True,214,PV+/PNN-,71.4974121,9.54113894836179,0.0,0.0,0.0,False,NONE
629,462,1916,113.60144367,12.026714032504808,4324.0,30.237762237762237,0.0,0.0,0.0,1.7181692985143713,False,True,215,PV+/PNN-,113.60144367,12.026714032504808,0.0,0.0,0.0,False,NONE
630,460,2437,75.46949055,9.802588422925686,2552.0,26.86315789473684,0.0,0.0,0.0,1.9947217613310464,False,True,216,PV+/PNN-,75.46949055,9.802588422925686,0.0,0.0,0.0,False,NONE
631,463,549,92.94663573,10.878572156378345,3271.0,27.957264957264957,0.0,0.0,0.0,1.8269576419887716,False,True,217,PV+/PNN-,92.94663573,10.878572156378345,0.0,0.0,0.0,False,NONE
632,463,982,102.47962401,11.422832828117684,5165.0,40.03875968992248,0.0,0.0,0.0,1.8236309268681317,False,True,218,PV+/PNN-,102.47962401,11.422832828117684,0.0,0.0,0.0,False,NONE
633,464,460,82.61923176,10.256416188536388,3249.0,31.240384615384617,0.0,0.0,0.0,1.74163668692769,False,True,219,PV+/PNN-,82.61923176,10.256416188536388,0.0,0.0,0.0,False,NONE
634,466,695,76.26390624,9.854045933561641,3129.0,32.59375,0.0,0.0,0.0,1.6349968389730223,False,True,220,PV+/PNN-,76.26390624,9.854045933561641,0.0,0.0,0.0,False,NONE
635,467,860,116.77910643,12.193759728054031,7687.0,52.29251700680272,0.0,0.0,0.0,1.8936361721316002,False,True,221,PV+/PNN-,116.77910643,12.193759728054031,0.0,0.0,0.0,False,NONE
636,467,1040,121.54560057,12.440123196106569,7758.0,50.705882352941174,0.0,0.0,0.0,1.96541465116549,False,True,222,PV+/PNN-,121.54560057,12.440123196106569,0.0,0.0,0.0,False,NONE
637,469,1773,185.89327146,15.384624282804584,5899.0,25.20940170940171,0.0,0.0,0.0,1.4834954143811843,False,True,223,PV+/PNN-,185.89327146,15.384624282804584,0.0,0.0,0.0,False,NONE
638,468,2082,183.51002439,15.285686766012908,6464.0,27.982683982683984,0.0,0.0,0.0,2.037518159767586,False,True,224,PV+/PNN-,183.51002439,15.285686766012908,0.0,0.0,0.0,False,NONE
639,466,2196,109.62936522,11.814586030086609,3404.0,24.666666666666668,0.0,0.0,0.0,2.1655026674684166,False,True,225,PV+/PNN-,109.62936522,11.814586030086609,0.0,0.0,0.0,False,NONE
640,467,187,104.86287108,11.554893086200376,5494.0,41.621212121212125,0.0,0.0,0.0,2.076319272737889,False,True,226,PV+/PNN-,104.86287108,11.554893086200376,0.0,0.0,0.0,False,NONE
641,467,964,99.30196125,11.244340084382843,6578.0,52.624,0.0,0.0,0.0,1.8123216490508043,False,True,227,PV+/PNN-,99.30196125,11.244340084382843,0.0,0.0,0.0,False,NONE
642,468,1681,73.08624348000001,9.646569098642193,2956.0,32.130434782608695,0.0,0.0,0.0,1.643288697978698,False,True,228,PV+/PNN-,73.08624348000001,9.646569098642193,0.0,0.0,0.0,False,NONE
643,469,909,91.35780435,10.78519212710641,7751.0,67.4,0.0,0.0,0.0,2.441985182879949,False,True,230,PV+/PNN-,91.35780435,10.78519212710641,0.0,0.0,0.0,False,NONE
644,470,251,75.46949055,9.802588422925686,4264.0,44.88421052631579,0.0,0.0,0.0,1.6106226819803697,False,True,231,PV+/PNN-,75.46949055,9.802588422925686,0.0,0.0,0.0,False,NONE
645,471,1178,104.86287108,11.554893086200376,5879.0,44.53787878787879,0.0,0.0,0.0,1.8632809344625512,False,True,232,PV+/PNN-,104.86287108,11.554893086200376,0.0,0.0,0.0,False,NONE
646,473,2206,139.02274575,13.304482609502793,4285.0,24.485714285714284,0.0,0.0,0.0,2.1622995968155907,False,True,233,PV+/PNN-,139.02274575,13.304482609502793,0.0,0.0,0.0,False,NONE
647,472,619,68.31974934,9.326703948667076,2264.0,26.325581395348838,0.0,0.0,0.0,1.9891012303623958,False,True,234,PV+/PNN-,68.31974934,9.326703948667076,0.0,0.0,0.0,False,NONE
648,470,721,35.74870605,6.746604050629706,2233.0,49.62222222222222,0.0,0.0,0.0,1.659510729332726,False,True,235,PV+/PNN-,35.74870605,6.746604050629706,0.0,0.0,0.0,False,NONE
649,472,1569,55.6090983,8.414493627225879,3427.0,48.957142857142856,0.0,0.0,0.0,1.7307135300061922,False,True,236,PV+/PNN-,55.6090983,8.414493627225879,0.0,0.0,0.0,False,NONE
650,474,554,67.52533365000001,9.272320371655413,2837.0,33.37647058823529,0.0,0.0,0.0,1.800107703389825,False,True,237,PV+/PNN-,67.52533365000001,9.272320371655413,0.0,0.0,0.0,False,NONE
651,473,755,42.89844726,7.390534450171232,2396.0,44.370370370370374,0.0,0.0,0.0,1.7864755718214924,False,True,238,PV+/PNN-,42.89844726,7.390534450171232,0.0,0.0,0.0,False,NONE
652,474,835,57.19792968,8.533854108523126,4746.0,65.91666666666667,0.0,0.0,0.0,1.6259995627278843,False,True,239,PV+/PNN-,57.19792968,8.533854108523126,0.0,0.0,0.0,False,NONE
653,477,1002,119.95676919,12.358547737957586,9079.0,60.12582781456954,0.0,0.0,0.0,1.788616710626111,False,True,240,PV+/PNN-,119.95676919,12.358547737957586,0.0,0.0,0.0,False,NONE
654,477,1045,100.09637694,11.289227848029503,7771.0,61.67460317460318,0.0,0.0,0.0,1.8677249797869537,False,True,241,PV+/PNN-,100.09637694,11.289227848029503,0.0,0.0,0.0,False,NONE
655,475,2295,65.14208658,9.10722134683339,1338.0,16.317073170731707,0.0,0.0,0.0,1.7929222407664296,False,True,242,PV+/PNN-,65.14208658,9.10722134683339,0.0,0.0,0.0,False,NONE
656,479,1832,112.01261229,11.942314996545514,4166.0,29.54609929078014,0.0,0.0,0.0,1.8386453382320866,False,True,243,PV+/PNN-,112.01261229,11.942314996545514,0.0,0.0,0.0,False,NONE
657,478,1418,83.41364745,10.305607915302103,6374.0,60.7047619047619,0.0,0.0,0.0,1.7950387874327902,False,True,244,PV+/PNN-,83.41364745,10.305607915302103,0.0,0.0,0.0,False,NONE
658,478,926,66.73091796,9.217615939230159,4149.0,49.392857142857146,0.0,0.0,0.0,1.6819638852269156,False,True,245,PV+/PNN-,66.73091796,9.217615939230159,0.0,0.0,0.0,False,NONE
659,484,1887,146.96690265,13.679330108642857,5513.0,29.8,0.0,0.0,0.0,1.8353199787228778,False,True,246,PV+/PNN-,146.96690265,13.679330108642857,0.0,0.0,0.0,False,NONE
660,483,1775,85.00247883,10.403293586497956,3219.0,30.08411214953271,0.0,0.0,0.0,1.6352408282323125,False,True,247,PV+/PNN-,85.00247883,10.403293586497956,0.0,0.0,0.0,False,NONE
661,485,1009,89.76897297000001,10.690996505268625,6900.0,61.06194690265487,0.0,0.0,0.0,1.8190761770004518,False,True,248,PV+/PNN-,89.76897297000001,10.690996505268625,0.0,0.0,0.0,False,NONE
662,485,721,80.23598469,10.107404643036364,6150.0,60.89108910891089,0.0,0.0,0.0,2.9516557036605966,False,True,249,PV+/PNN-,80.23598469,10.107404643036364,0.0,0.0,0.0,False,NONE
663,490,912,129.48975747,12.84022896403991,5947.0,36.484662576687114,0.0,0.0,0.0,1.9178070296425067,False,True,250,PV+/PNN-,129.48975747,12.84022896403991,0.0,0.0,0.0,False,NONE
664,486,944,110.42378091,11.857315232959936,6072.0,43.68345323741007,0.0,0.0,0.0,1.930805507634523,False,True,251,PV+/PNN-,110.42378091,11.857315232959936,0.0,0.0,0.0,False,NONE
665,485,1194,105.65728677,11.598579038183399,9311.0,70.00751879699249,0.0,0.0,0.0,1.8112638275384065,False,True,252,PV+/PNN-,105.65728677,11.598579038183399,0.0,0.0,0.0,False,NONE
666,487,661,88.18014159,10.595963539609496,3710.0,33.42342342342342,0.0,0.0,0.0,1.996893041614741,False,True,254,PV+/PNN-,88.18014159,10.595963539609496,0.0,0.0,0.0,False,NONE
667,487,1175,88.97455728,10.643586087602236,5195.0,46.38392857142857,0.0,0.0,0.0,1.8102856939690473,False,True,255,PV+/PNN-,88.97455728,10.643586087602236,0.0,0.0,0.0,False,NONE
668,490,612,109.62936522,11.814586030086609,3798.0,27.52173913043478,0.0,0.0,0.0,1.943565578165683,False,True,257,PV+/PNN-,109.62936522,11.814586030086609,0.0,0.0,0.0,False,NONE
669,488,2347,64.34767089,9.051519164690074,1493.0,18.432098765432098,0.0,0.0,0.0,2.042135880426506,False,True,258,PV+/PNN-,64.34767089,9.051519164690074,0.0,0.0,0.0,False,NONE
670,487,2498,60.37559244,8.767701627645716,1752.0,23.05263157894737,0.0,0.0,0.0,1.8612484491236228,False,True,259,PV+/PNN-,60.37559244,8.767701627645716,0.0,0.0,0.0,False,NONE
671,491,36,78.64715331000001,10.006830950662698,4692.0,47.39393939393939,0.0,0.0,0.0,2.0205388417695227,False,True,261,PV+/PNN-,78.64715331000001,10.006830950662698,0.0,0.0,0.0,False,NONE
672,492,2290,104.86287108,11.554893086200376,2887.0,21.87121212121212,0.0,0.0,0.0,3.440794430271778,False,True,264,PV+/PNN-,104.86287108,11.554893086200376,0.0,0.0,0.0,False,NONE
673,490,835,46.07611002,7.659368469073156,2622.0,45.206896551724135,0.0,0.0,0.0,1.6640027555507617,False,True,265,PV+/PNN-,46.07611002,7.659368469073156,0.0,0.0,0.0,False,NONE
674,494,1876,147.76131834,13.716251444643651,5386.0,28.956989247311828,0.0,0.0,0.0,1.7747519924095305,False,True,266,PV+/PNN-,147.76131834,13.716251444643651,0.0,0.0,0.0,False,NONE
675,495,1324,91.35780435,10.78519212710641,8011.0,69.6608695652174,0.0,0.0,0.0,1.8225313707955935,False,True,268,PV+/PNN-,91.35780435,10.78519212710641,0.0,0.0,0.0,False,NONE
676,497,578,96.91871418,11.108588547554572,4375.0,35.86065573770492,0.0,0.0,0.0,1.8293800785921799,False,True,269,PV+/PNN-,96.91871418,11.108588547554572,0.0,0.0,0.0,False,NONE
677,495,669,55.6090983,8.414493627225879,3183.0,45.47142857142857,0.0,0.0,0.0,1.8957745679310465,False,True,270,PV+/PNN-,55.6090983,8.414493627225879,0.0,0.0,0.0,False,NONE
678,498,2168,107.24611815,11.68546099424064,3128.0,23.17037037037037,0.0,0.0,0.0,1.8508233048796157,False,True,271,PV+/PNN-,107.24611815,11.68546099424064,0.0,0.0,0.0,False,NONE
679,496,454,39.7207845,7.111545090435939,2034.0,40.68,0.0,0.0,0.0,1.6949098489857277,False,True,272,PV+/PNN-,39.7207845,7.111545090435939,0.0,0.0,0.0,False,NONE
680,499,2030,112.01261229,11.942314996545514,3145.0,22.30496453900709,0.0,0.0,0.0,1.6114884342460154,False,True,273,PV+/PNN-,112.01261229,11.942314996545514,0.0,0.0,0.0,False,NONE
681,499,2373,108.83494953,11.77170172875832,2798.0,20.423357664233578,0.0,0.0,0.0,2.3344815054083283,False,True,274,PV+/PNN-,108.83494953,11.77170172875832,0.0,0.0,0.0,False,NONE
682,499,767,32.57104329,6.439777972112771,1450.0,35.36585365853659,0.0,0.0,0.0,1.9996185638134691,False,True,275,PV+/PNN-,32.57104329,6.439777972112771,0.0,0.0,0.0,False,NONE
683,501,2355,138.22833006,13.266415342325757,3548.0,20.39080459770115,0.0,0.0,0.0,2.175703133431395,False,True,276,PV+/PNN-,138.22833006,13.266415342325757,0.0,0.0,0.0,False,NONE
684,502,2341,102.47962401,11.422832828117684,2725.0,21.124031007751938,0.0,0.0,0.0,1.9369081097577374,False,True,277,PV+/PNN-,102.47962401,11.422832828117684,0.0,0.0,0.0,False,NONE
685,501,892,73.88065917,9.698854408967303,3373.0,36.26881720430107,0.0,0.0,0.0,1.619681010187671,False,True,279,PV+/PNN-,73.88065917,9.698854408967303,0.0,0.0,0.0,False,NONE
686,503,959,108.04053384,11.728660627684029,5804.0,42.6764705882353,0.0,0.0,0.0,1.7978588181412811,False,True,280,PV+/PNN-,108.04053384,11.728660627684029,0.0,0.0,0.0,False,NONE
687,505,143,108.83494953,11.77170172875832,10921.0,79.71532846715328,0.0,0.0,0.0,2.967014679937879,False,True,282,PV+/PNN-,108.83494953,11.77170172875832,0.0,0.0,0.0,False,NONE
688,502,712,21.44922363,5.2258970263088695,1342.0,49.7037037037037,0.0,0.0,0.0,2.103494354491709,False,True,283,PV+/PNN-,21.44922363,5.2258970263088695,0.0,0.0,0.0,False,NONE
689,506,1126,70.70299641,9.487984557348323,9672.0,108.67415730337079,0.0,0.0,0.0,1.8576185216559524,False,True,284,PV+/PNN-,70.70299641,9.487984557348323,0.0,0.0,0.0,False,NONE
690,506,1974,73.08624348000001,9.646569098642193,3469.0,37.70652173913044,0.0,0.0,0.0,1.8727673388596795,False,True,285,PV+/PNN-,73.08624348000001,9.646569098642193,0.0,0.0,0.0,False,NONE
691,508,2316,142.20040851,13.455674765407588,3952.0,22.078212290502794,0.0,0.0,0.0,1.9191464623496703,False,True,286,PV+/PNN-,142.20040851,13.455674765407588,0.0,0.0,0.0,False,NONE
692,505,924,50.04818847,7.982689565701676,2511.0,39.857142857142854,0.0,0.0,0.0,1.7382653421988326,False,True,288,PV+/PNN-,50.04818847,7.982689565701676,0.0,0.0,0.0,False,NONE
693,508,2306,57.99234537,8.592912627102823,1706.0,23.36986301369863,0.0,0.0,0.0,2.1640985094166654,False,True,290,PV+/PNN-,57.99234537,8.592912627102823,0.0,0.0,0.0,False,NONE
694,510,829,119.95676919,12.358547737957586,5268.0,34.88741721854305,0.0,0.0,0.0,1.739667464377457,False,True,291,PV+/PNN-,119.95676919,12.358547737957586,0.0,0.0,0.0,False,NONE
695,509,873,107.24611815,11.68546099424064,6359.0,47.1037037037037,0.0,0.0,0.0,1.8454741045764955,False,True,292,PV+/PNN-,107.24611815,11.68546099424064,0.0,0.0,0.0,False,NONE
696,509,581,85.00247883,10.403293586497956,3407.0,31.8411214953271,0.0,0.0,0.0,1.8948784834068533,False,True,293,PV+/PNN-,85.00247883,10.403293586497956,0.0,0.0,0.0,False,NONE
697,509,2005,100.89079263,11.333937836259333,3564.0,28.062992125984252,0.0,0.0,0.0,2.0015275464903586,False,True,294,PV+/PNN-,100.89079263,11.333937836259333,0.0,0.0,0.0,False,NONE
698,511,2366,99.30196125,11.244340084382843,2501.0,20.008,0.0,0.0,0.0,2.0029671478540108,False,True,295,PV+/PNN-,99.30196125,11.244340084382843,0.0,0.0,0.0,False,NONE
699,512,647,108.04053384,11.728660627684029,3188.0,23.441176470588236,0.0,0.0,0.0,1.7428860676213256,False,True,296,PV+/PNN-,108.04053384,11.728660627684029,0.0,0.0,0.0,False,NONE
700,512,1046,126.31209471,12.681701540530954,12067.0,75.89308176100629,0.0,0.0,0.0,1.9377344516469606,False,True,297,PV+/PNN-,126.31209471,12.681701540530954,0.0,0.0,0.0,False,NONE
701,510,1556,73.08624348000001,9.646569098642193,7993.0,86.8804347826087,0.0,0.0,0.0,1.6400566044451632,False,True,298,PV+/PNN-,73.08624348000001,9.646569098642193,0.0,0.0,0.0,False,NONE
702,513,217,160.47196938,14.294028726574819,22073.0,109.27227722772277,0.0,0.0,0.0,3.1669945067774705,False,True,299,PV+/PNN-,160.47196938,14.294028726574819,0.0,0.0,0.0,False,NONE
703,513,2023,109.62936522,11.814586030086609,3188.0,23.10144927536232,0.0,0.0,0.0,1.720397215135889,False,True,300,PV+/PNN-,109.62936522,11.814586030086609,0.0,0.0,0.0,False,NONE
704,513,2469,123.92884764,12.56149312576761,4013.0,25.724358974358974,0.0,0.0,0.0,2.015299111937435,False,True,301,PV+/PNN-,123.92884764,12.56149312576761,0.0,0.0,0.0,False,NONE
705,517,2548,108.04053384,11.728660627684029,3264.0,24.0,0.0,0.0,0.0,1.9712103893831874,False,True,302,PV+/PNN-,108.04053384,11.728660627684029,0.0,0.0,0.0,False,NONE
706,517,1945,92.94663573,10.878572156378345,3401.0,29.068376068376068,0.0,0.0,0.0,1.8832331655396974,False,True,303,PV+/PNN-,92.94663573,10.878572156378345,0.0,0.0,0.0,False,NONE
707,519,717,92.94663573,10.878572156378345,3604.0,30.803418803418804,0.0,0.0,0.0,1.9351518743641003,False,True,304,PV+/PNN-,92.94663573,10.878572156378345,0.0,0.0,0.0,False,NONE
708,515,481,15.8883138,4.497736033753138,520.0,26.0,0.0,0.0,0.0,3.5491157364099637,False,True,305,PV+/PNN-,15.8883138,4.497736033753138,0.0,0.0,0.0,False,NONE
709,522,993,92.15222004,10.83198276817611,20848.0,179.72413793103448,0.0,0.0,0.0,1.753721213981646,False,True,306,PV+/PNN-,92.15222004,10.83198276817611,0.0,0.0,0.0,False,NONE
710,522,2338,91.35780435,10.78519212710641,2597.0,22.582608695652173,0.0,0.0,0.0,2.1158207725815075,False,True,307,PV+/PNN-,91.35780435,10.78519212710641,0.0,0.0,0.0,False,NONE
711,522,566,54.81468261,8.354173898786094,2166.0,31.391304347826086,0.0,0.0,0.0,1.5797241918191776,False,True,308,PV+/PNN-,54.81468261,8.354173898786094,0.0,0.0,0.0,False,NONE
712,524,1890,113.60144367,12.026714032504808,5926.0,41.44055944055944,0.0,0.0,0.0,1.83105040733793,False,True,309,PV+/PNN-,113.60144367,12.026714032504808,0.0,0.0,0.0,False,NONE
713,527,948,177.94911456,15.052303797372671,8119.0,36.245535714285715,0.0,0.0,0.0,1.8895544369063049,False,True,310,PV+/PNN-,177.94911456,15.052303797372671,0.0,0.0,0.0,False,NONE
714,527,1679,183.51002439,15.285686766012908,10719.0,46.4025974025974,0.0,0.0,0.0,1.4705805707275619,False,True,312,PV+/PNN-,183.51002439,15.285686766012908,0.0,0.0,0.0,False,NONE
715,526,2048,123.92884764,12.56149312576761,4217.0,27.03205128205128,0.0,0.0,0.0,1.7394582795644284,False,True,313,PV+/PNN-,123.92884764,12.56149312576761,0.0,0.0,0.0,False,NONE
716,525,2390,103.2740397,11.467021901548332,2265.0,17.423076923076923,0.0,0.0,0.0,2.1115302572095183,False,True,314,PV+/PNN-,103.2740397,11.467021901548332,0.0,0.0,0.0,False,NONE
717,527,211,137.43391437,13.228238528376714,8530.0,49.30635838150289,0.0,0.0,0.0,1.7973749539420123,False,True,315,PV+/PNN-,137.43391437,13.228238528376714,0.0,0.0,0.0,False,NONE
718,527,839,161.26638507,14.329366305165495,8971.0,44.19211822660098,0.0,0.0,0.0,1.712131607886863,False,True,316,PV+/PNN-,161.26638507,14.329366305165495,0.0,0.0,0.0,False,NONE
719,527,881,98.50754556,11.199272407696524,4937.0,39.814516129032256,0.0,0.0,0.0,1.5919326680080599,False,True,317,PV+/PNN-,98.50754556,11.199272407696524,0.0,0.0,0.0,False,NONE
720,528,2470,139.81716144,13.342441267550265,4586.0,26.056818181818183,0.0,0.0,0.0,2.234488975551075,False,True,318,PV+/PNN-,139.81716144,13.342441267550265,0.0,0.0,0.0,False,NONE
721,527,2450,92.15222004,10.83198276817611,2339.0,20.163793103448278,0.0,0.0,0.0,1.8950735607339773,False,True,319,PV+/PNN-,92.15222004,10.83198276817611,0.0,0.0,0.0,False,NONE
722,528,678,61.17000813,8.825195369105852,1630.0,21.16883116883117,0.0,0.0,0.0,1.6826075055842429,False,True,320,PV+/PNN-,61.17000813,8.825195369105852,0.0,0.0,0.0,False,NONE
723,529,959,63.5532552,8.995472067506276,3499.0,43.7375,0.0,0.0,0.0,1.8834101611379623,False,True,321,PV+/PNN-,63.5532552,8.995472067506276,0.0,0.0,0.0,False,NONE
724,529,819,69.11416503,9.380772250595795,2904.0,33.37931034482759,0.0,0.0,0.0,1.720153083276213,False,True,322,PV+/PNN-,69.11416503,9.380772250595795,0.0,0.0,0.0,False,NONE
725,531,1070,115.98469074,12.152213577535832,8545.0,58.52739726027397,0.0,0.0,0.0,1.7992451172670958,False,True,323,PV+/PNN-,115.98469074,12.152213577535832,0.0,0.0,0.0,False,NONE
726,532,512,85.00247883,10.403293586497956,3643.0,34.046728971962615,0.0,0.0,0.0,1.7479886784915932,False,True,325,PV+/PNN-,85.00247883,10.403293586497956,0.0,0.0,0.0,False,NONE
727,530,1966,46.87052571,7.72511532706782,2093.0,35.47457627118644,0.0,0.0,0.0,1.7596362392936233,False,True,326,PV+/PNN-,46.87052571,7.72511532706782,0.0,0.0,0.0,False,NONE
728,539,2496,230.3805501,17.126868561566074,6574.0,22.66896551724138,0.0,0.0,0.0,2.218133250643062,False,True,327,PV+/PNN-,230.3805501,17.126868561566074,0.0,0.0,0.0,False,NONE
729,534,1819,90.56338866,10.738197602350779,2904.0,25.473684210526315,0.0,0.0,0.0,1.6328309717837266,False,True,328,PV+/PNN-,90.56338866,10.738197602350779,0.0,0.0,0.0,False,NONE
730,532,2022,69.11416503,9.380772250595795,2575.0,29.597701149425287,0.0,0.0,0.0,1.6898807326764045,False,True,329,PV+/PNN-,69.11416503,9.380772250595795,0.0,0.0,0.0,False,NONE
731,535,1428,157.29430662000001,14.151796046802042,13377.0,67.56060606060606,0.0,0.0,0.0,1.7193245145403435,False,True,330,PV+/PNN-,157.29430662000001,14.151796046802042,0.0,0.0,0.0,False,NONE
732,535,2349,118.36793781,12.276430232296539,3874.0,26.0,0.0,0.0,0.0,2.2223044646589205,False,True,331,PV+/PNN-,118.36793781,12.276430232296539,0.0,0.0,0.0,False,NONE
733,537,1179,118.36793781,12.276430232296539,7163.0,48.07382550335571,0.0,0.0,0.0,1.724245978480712,False,True,332,PV+/PNN-,118.36793781,12.276430232296539,0.0,0.0,0.0,False,NONE
734,538,1095,106.45170246,11.642101063659146,6363.0,47.485074626865675,0.0,0.0,0.0,1.8487850670117016,False,True,333,PV+/PNN-,106.45170246,11.642101063659146,0.0,0.0,0.0,False,NONE
735,538,1991,92.15222004,10.83198276817611,4151.0,35.78448275862069,0.0,0.0,0.0,1.9269327684216788,False,True,334,PV+/PNN-,92.15222004,10.83198276817611,0.0,0.0,0.0,False,NONE
736,538,1869,114.39585936,12.068692219586765,4275.0,29.6875,0.0,0.0,0.0,1.678803249543612,False,True,335,PV+/PNN-,114.39585936,12.068692219586765,0.0,0.0,0.0,False,NONE
737,540,2113,135.84508299,13.151552441468574,4855.0,28.391812865497077,0.0,0.0,0.0,1.7721917165229126,False,True,336,PV+/PNN-,135.84508299,13.151552441468574,0.0,0.0,0.0,False,NONE
738,540,2472,99.30196125,11.244340084382843,4215.0,33.72,0.0,0.0,0.0,2.6027698312544736,False,True,337,PV+/PNN-,99.30196125,11.244340084382843,0.0,0.0,0.0,False,NONE
739,540,835,88.18014159,10.595963539609496,4470.0,40.270270270270274,0.0,0.0,0.0,1.6895904137081414,False,True,338,PV+/PNN-,88.18014159,10.595963539609496,0.0,0.0,0.0,False,NONE
740,540,980,142.20040851,13.455674765407588,9518.0,53.1731843575419,0.0,0.0,0.0,1.766317190462297,False,True,339,PV+/PNN-,142.20040851,13.455674765407588,0.0,0.0,0.0,False,NONE
741,542,1844,179.53794594000001,15.119352253034252,6600.0,29.20353982300885,0.0,0.0,0.0,1.6408901658621557,False,True,340,PV+/PNN-,179.53794594000001,15.119352253034252,0.0,0.0,0.0,False,NONE
742,542,1398,109.62936522,11.814586030086609,13900.0,100.72463768115942,0.0,0.0,0.0,1.7284004943617852,False,True,341,PV+/PNN-,109.62936522,11.814586030086609,0.0,0.0,0.0,False,NONE
743,542,2317,94.53546711,10.971157418634661,3119.0,26.210084033613445,0.0,0.0,0.0,2.0800403719466387,False,True,342,PV+/PNN-,94.53546711,10.971157418634661,0.0,0.0,0.0,False,NONE
744,544,2398,105.65728677,11.598579038183399,3238.0,24.345864661654137,0.0,0.0,0.0,2.129696209138793,False,True,343,PV+/PNN-,105.65728677,11.598579038183399,0.0,0.0,0.0,False,NONE
745,543,2416,134.25625161,13.074416571218995,4204.0,24.875739644970412,0.0,0.0,0.0,2.073927594723679,False,True,344,PV+/PNN-,134.25625161,13.074416571218995,0.0,0.0,0.0,False,NONE
746,542,805,19.06597656,4.927022966780821,886.0,36.916666666666664,0.0,0.0,0.0,2.1204072672148095,False,True,345,PV+/PNN-,19.06597656,4.927022966780821,0.0,0.0,0.0,False,NONE
747,545,1063,100.89079263,11.333937836259333,9664.0,76.09448818897638,0.0,0.0,0.0,1.7740812343891814,False,True,346,PV+/PNN-,100.89079263,11.333937836259333,0.0,0.0,0.0,False,NONE
748,545,2069,84.20806314000001,10.354565948189398,3376.0,31.849056603773583,0.0,0.0,0.0,1.6927458273314686,False,True,347,PV+/PNN-,84.20806314000001,10.354565948189398,0.0,0.0,0.0,False,NONE
749,547,2526,104.06845539,11.51104134134072,2856.0,21.801526717557252,0.0,0.0,0.0,2.1495642520282363,False,True,348,PV+/PNN-,104.06845539,11.51104134134072,0.0,0.0,0.0,False,NONE
750,548,1047,104.06845539,11.51104134134072,8908.0,68.0,0.0,0.0,0.0,1.7299630841108222,False,True,349,PV+/PNN-,104.06845539,11.51104134134072,0.0,0.0,0.0,False,NONE
751,553,958,102.47962401,11.422832828117684,8467.0,65.63565891472868,0.0,0.0,0.0,1.7656751588781006,False,True,350,PV+/PNN-,102.47962401,11.422832828117684,0.0,0.0,0.0,False,NONE
752,552,2439,116.77910643,12.193759728054031,3045.0,20.714285714285715,0.0,0.0,0.0,2.013848692749141,False,True,351,PV+/PNN-,116.77910643,12.193759728054031,0.0,0.0,0.0,False,NONE
753,554,2508,139.02274575,13.304482609502793,3542.0,20.24,0.0,0.0,0.0,2.05452444852348,False,True,352,PV+/PNN-,139.02274575,13.304482609502793,0.0,0.0,0.0,False,NONE
754,553,1466,108.04053384,11.728660627684029,11585.0,85.18382352941177,0.0,0.0,0.0,1.6007690137203034,False,True,353,PV+/PNN-,108.04053384,11.728660627684029,0.0,0.0,0.0,False,NONE
755,555,2229,135.05066730000001,13.113041224263421,4717.0,27.74705882352941,0.0,0.0,0.0,2.2731232340001717,False,True,355,PV+/PNN-,135.05066730000001,13.113041224263421,0.0,0.0,0.0,False,NONE
756,556,884,85.79689452,10.451794052617739,4590.0,42.5,0.0,0.0,0.0,1.6291461511414844,False,True,357,PV+/PNN-,85.79689452,10.451794052617739,0.0,0.0,0.0,False,NONE
757,555,2007,97.71312987,11.154022637162193,5422.0,44.08130081300813,0.0,0.0,0.0,1.878743521095902,False,True,358,PV+/PNN-,97.71312987,11.154022637162193,0.0,0.0,0.0,False,NONE
758,554,2458,62.75883951,8.93907356753593,1735.0,21.962025316455698,0.0,0.0,0.0,1.9819922284703508,False,True,359,PV+/PNN-,62.75883951,8.93907356753593,0.0,0.0,0.0,False,NONE
759,557,902,85.79689452,10.451794052617739,3318.0,30.72222222222222,0.0,0.0,0.0,1.6098732971081833,False,True,360,PV+/PNN-,85.79689452,10.451794052617739,0.0,0.0,0.0,False,NONE
760,560,1313,155.70547524,14.080140922851225,18116.0,92.42857142857143,0.0,0.0,0.0,1.850868256142667,False,True,361,PV+/PNN-,155.70547524,14.080140922851225,0.0,0.0,0.0,False,NONE
761,559,1797,144.58365558,13.56796328882212,5621.0,30.884615384615383,0.0,0.0,0.0,1.6039302214643643,False,True,362,PV+/PNN-,144.58365558,13.56796328882212,0.0,0.0,0.0,False,NONE
762,557,2410,84.20806314000001,10.354565948189398,2320.0,21.88679245283019,0.0,0.0,0.0,2.0546183372936646,False,True,363,PV+/PNN-,84.20806314000001,10.354565948189398,0.0,0.0,0.0,False,NONE
763,557,981,92.94663573,10.878572156378345,7659.0,65.46153846153847,0.0,0.0,0.0,1.6897179781032874,False,True,364,PV+/PNN-,92.94663573,10.878572156378345,0.0,0.0,0.0,False,NONE
764,559,1032,88.97455728,10.643586087602236,5058.0,45.160714285714285,0.0,0.0,0.0,1.7564284619255515,False,True,365,PV+/PNN-,88.97455728,10.643586087602236,0.0,0.0,0.0,False,NONE
765,560,2421,125.51767902,12.64175907426016,3146.0,19.911392405063292,0.0,0.0,0.0,2.118838951787145,False,True,366,PV+/PNN-,125.51767902,12.64175907426016,0.0,0.0,0.0,False,NONE
766,559,805,47.664941400000004,7.7903073294937615,1969.0,32.81666666666667,0.0,0.0,0.0,1.755088352395831,False,True,368,PV+/PNN-,47.664941400000004,7.7903073294937615,0.0,0.0,0.0,False,NONE
767,562,1108,121.54560057,12.440123196106569,5975.0,39.052287581699346,0.0,0.0,0.0,1.7882802328234104,False,True,369,PV+/PNN-,121.54560057,12.440123196106569,0.0,0.0,0.0,False,NONE
768,562,440,57.19792968,8.533854108523126,3505.0,48.68055555555556,0.0,0.0,0.0,2.0519689692190064,False,True,371,PV+/PNN-,57.19792968,8.533854108523126,0.0,0.0,0.0,False,NONE
769,566,2118,155.70547524,14.080140922851225,9524.0,48.59183673469388,0.0,0.0,0.0,2.3894405765776234,False,True,372,PV+/PNN-,155.70547524,14.080140922851225,0.0,0.0,0.0,False,NONE
770,564,858,67.52533365000001,9.272320371655413,2814.0,33.10588235294118,0.0,0.0,0.0,1.4997565846398846,False,True,374,PV+/PNN-,67.52533365000001,9.272320371655413,0.0,0.0,0.0,False,NONE
771,567,2448,113.60144367,12.026714032504808,3032.0,21.202797202797203,0.0,0.0,0.0,2.07166540246183,False,True,375,PV+/PNN-,113.60144367,12.026714032504808,0.0,0.0,0.0,False,NONE
772,566,179,54.02026692,8.293415464071046,3640.0,53.529411764705884,0.0,0.0,0.0,2.166426122763712,False,True,376,PV+/PNN-,54.02026692,8.293415464071046,0.0,0.0,0.0,False,NONE
773,566,977,62.75883951,8.93907356753593,5067.0,64.13924050632912,0.0,0.0,0.0,1.6529148427340905,False,True,377,PV+/PNN-,62.75883951,8.93907356753593,0.0,0.0,0.0,False,NONE
774,569,1966,117.57352212,12.235164803834003,5255.0,35.50675675675676,0.0,0.0,0.0,1.9830204136426188,False,True,378,PV+/PNN-,117.57352212,12.235164803834003,0.0,0.0,0.0,False,NONE
775,570,2363,54.81468261,8.354173898786094,1741.0,25.231884057971016,0.0,0.0,0.0,2.2556934679756298,False,True,379,PV+/PNN-,54.81468261,8.354173898786094,0.0,0.0,0.0,False,NONE
776,571,1897,121.54560057,12.440123196106569,4423.0,28.908496732026144,0.0,0.0,0.0,1.692216739490558,False,True,380,PV+/PNN-,121.54560057,12.440123196106569,0.0,0.0,0.0,False,NONE
777,570,1926,134.25625161,13.074416571218995,5559.0,32.89349112426036,0.0,0.0,0.0,1.6901089742966933,False,True,381,PV+/PNN-,134.25625161,13.074416571218995,0.0,0.0,0.0,False,NONE
778,572,2221,124.72326333,12.60169000650996,4173.0,26.579617834394906,0.0,0.0,0.0,1.808737183798603,False,True,382,PV+/PNN-,124.72326333,12.60169000650996,0.0,0.0,0.0,False,NONE
779,572,230,98.50754556,11.199272407696524,10135.0,81.73387096774194,0.0,0.0,0.0,2.4476778379422393,False,True,383,PV+/PNN-,98.50754556,11.199272407696524,0.0,0.0,0.0,False,NONE
780,571,2479,85.79689452,10.451794052617739,2764.0,25.59259259259259,0.0,0.0,0.0,1.9445916396049006,False,True,384,PV+/PNN-,85.79689452,10.451794052617739,0.0,0.0,0.0,False,NONE
781,572,605,73.08624348000001,9.646569098642193,2782.0,30.23913043478261,0.0,0.0,0.0,1.5948072949756738,False,True,385,PV+/PNN-,73.08624348000001,9.646569098642193,0.0,0.0,0.0,False,NONE
782,572,1013,87.3857259,10.548125988120718,7130.0,64.81818181818181,0.0,0.0,0.0,1.7196248707070962,False,True,386,PV+/PNN-,87.3857259,10.548125988120718,0.0,0.0,0.0,False,NONE
783,573,1104,81.03040038,10.157318055940708,3146.0,30.84313725490196,0.0,0.0,0.0,1.7970258976788578,False,True,387,PV+/PNN-,81.03040038,10.157318055940708,0.0,0.0,0.0,False,NONE
784,573,1218,97.71312987,11.154022637162193,6621.0,53.829268292682926,0.0,0.0,0.0,1.8110534971740644,False,True,388,PV+/PNN-,97.71312987,11.154022637162193,0.0,0.0,0.0,False,NONE
785,573,1472,100.89079263,11.333937836259333,16889.0,132.98425196850394,0.0,0.0,0.0,2.9935948430963757,False,True,389,PV+/PNN-,100.89079263,11.333937836259333,0.0,0.0,0.0,False,NONE
786,572,2098,49.25377278,7.919081463837606,2575.0,41.53225806451613,0.0,0.0,0.0,1.8875724124649043,False,True,390,PV+/PNN-,49.25377278,7.919081463837606,0.0,0.0,0.0,False,NONE
787,576,2382,84.20806314000001,10.354565948189398,2825.0,26.650943396226417,0.0,0.0,0.0,1.9961096036785144,False,True,392,PV+/PNN-,84.20806314000001,10.354565948189398,0.0,0.0,0.0,False,NONE
788,576,802,52.43143554,8.17054325713784,2410.0,36.515151515151516,0.0,0.0,0.0,1.7673815012207825,False,True,393,PV+/PNN-,52.43143554,8.17054325713784,0.0,0.0,0.0,False,NONE
789,576,1514,70.70299641,9.487984557348323,7866.0,88.38202247191012,0.0,0.0,0.0,1.899142882237676,False,True,394,PV+/PNN-,70.70299641,9.487984557348323,0.0,0.0,0.0,False,NONE
790,577,2414,81.82481607,10.206987389088184,2533.0,24.59223300970874,0.0,0.0,0.0,1.992798596077338,False,True,395,PV+/PNN-,81.82481607,10.206987389088184,0.0,0.0,0.0,False,NONE
791,579,2542,117.57352212,12.235164803834003,3799.0,25.66891891891892,0.0,0.0,0.0,1.9023678248115903,False,True,396,PV+/PNN-,117.57352212,12.235164803834003,0.0,0.0,0.0,False,NONE
792,583,272,185.09885577,15.351715957885437,17430.0,74.8068669527897,0.0,0.0,0.0,1.8079986417106568,False,True,397,PV+/PNN-,185.09885577,15.351715957885437,0.0,0.0,0.0,False,NONE
793,577,1074,59.58117675,8.70982837718145,6326.0,84.34666666666666,0.0,0.0,0.0,1.7875139459979805,False,True,398,PV+/PNN-,59.58117675,8.70982837718145,0.0,0.0,0.0,False,NONE
794,580,531,99.30196125,11.244340084382843,4128.0,33.024,0.0,0.0,0.0,1.7351798875029825,False,True,399,PV+/PNN-,99.30196125,11.244340084382843,0.0,0.0,0.0,False,NONE
795,580,2016,81.82481607,10.206987389088184,2662.0,25.844660194174757,0.0,0.0,0.0,1.7610202825435084,False,True,400,PV+/PNN-,81.82481607,10.206987389088184,0.0,0.0,0.0,False,NONE
796,580,979,60.37559244,8.767701627645716,4052.0,53.31578947368421,0.0,0.0,0.0,1.6242606586045787,False,True,402,PV+/PNN-,60.37559244,8.767701627645716,0.0,0.0,0.0,False,NONE
797,581,2082,111.2181966,11.899891008124815,4482.0,32.01428571428571,0.0,0.0,0.0,1.8344835207604204,False,True,403,PV+/PNN-,111.2181966,11.899891008124815,0.0,0.0,0.0,False,NONE
798,582,2307,93.74105142,10.924962866435578,2412.0,20.440677966101696,0.0,0.0,0.0,1.9011127208898577,False,True,404,PV+/PNN-,93.74105142,10.924962866435578,0.0,0.0,0.0,False,NONE
799,581,417,76.26390624,9.854045933561641,6190.0,64.47916666666667,0.0,0.0,0.0,2.195187907481776,False,True,405,PV+/PNN-,76.26390624,9.854045933561641,0.0,0.0,0.0,False,NONE
800,584,1963,158.08872231,14.187487896796528,7531.0,37.84422110552764,0.0,0.0,0.0,1.7715213708558526,False,True,406,PV+/PNN-,158.08872231,14.187487896796528,0.0,0.0,0.0,False,NONE
801,582,1469,64.34767089,9.051519164690074,6081.0,75.07407407407408,0.0,0.0,0.0,1.9257121091232998,False,True,408,PV+/PNN-,64.34767089,9.051519164690074,0.0,0.0,0.0,False,NONE
802,584,2578,115.19027505,12.11052490037406,3714.0,25.613793103448277,0.0,0.0,0.0,1.9223919158317078,False,True,409,PV+/PNN-,115.19027505,12.11052490037406,0.0,0.0,0.0,False,NONE
803,587,1704,155.70547524,14.080140922851225,13620.0,69.48979591836735,0.0,0.0,0.0,1.4507859609624139,False,True,410,PV+/PNN-,155.70547524,14.080140922851225,0.0,0.0,0.0,False,NONE
804,586,2286,106.45170246,11.642101063659146,3561.0,26.574626865671643,0.0,0.0,0.0,2.3591664040982656,False,True,411,PV+/PNN-,106.45170246,11.642101063659146,0.0,0.0,0.0,False,NONE
805,584,2493,104.06845539,11.51104134134072,3031.0,23.137404580152673,0.0,0.0,0.0,1.9478703366923544,False,True,412,PV+/PNN-,104.06845539,11.51104134134072,0.0,0.0,0.0,False,NONE
806,589,933,179.53794594000001,15.119352253034252,14371.0,63.58849557522124,0.0,0.0,0.0,2.5320081814809967,False,True,413,PV+/PNN-,179.53794594000001,15.119352253034252,0.0,0.0,0.0,False,NONE
807,584,967,56.40351399,8.474384017383858,3319.0,46.74647887323944,0.0,0.0,0.0,1.744029866847893,False,True,414,PV+/PNN-,56.40351399,8.474384017383858,0.0,0.0,0.0,False,NONE
808,587,2247,163.64963214,14.434859996619657,6155.0,29.87864077669903,0.0,0.0,0.0,1.9886744267973766,False,True,415,PV+/PNN-,163.64963214,14.434859996619657,0.0,0.0,0.0,False,NONE
809,589,10,166.03287921,14.539588286344586,17818.0,85.2535885167464,0.0,0.0,0.0,3.6745302442485364,False,True,416,PV+/PNN-,166.03287921,14.539588286344586,0.0,0.0,0.0,False,NONE
810,588,2390,135.84508299,13.151552441468574,4305.0,25.17543859649123,0.0,0.0,0.0,2.096373128081982,False,True,417,PV+/PNN-,135.84508299,13.151552441468574,0.0,0.0,0.0,False,NONE
811,594,703,100.09637694,11.289227848029503,4472.0,35.492063492063494,0.0,0.0,0.0,1.6917407849406016,False,True,418,PV+/PNN-,100.09637694,11.289227848029503,0.0,0.0,0.0,False,NONE
812,594,1983,115.19027505,12.11052490037406,7183.0,49.53793103448276,0.0,0.0,0.0,1.8500312326237784,False,True,419,PV+/PNN-,115.19027505,12.11052490037406,0.0,0.0,0.0,False,NONE
813,596,2193,144.58365558,13.56796328882212,5216.0,28.65934065934066,0.0,0.0,0.0,1.9811058963605244,False,True,420,PV+/PNN-,144.58365558,13.56796328882212,0.0,0.0,0.0,False,NONE
814,596,1325,118.36793781,12.276430232296539,12526.0,84.06711409395973,0.0,0.0,0.0,1.769860951456392,False,True,421,PV+/PNN-,118.36793781,12.276430232296539,0.0,0.0,0.0,False,NONE
815,594,1452,73.88065917,9.698854408967303,5892.0,63.354838709677416,0.0,0.0,0.0,1.884146691208162,False,True,422,PV+/PNN-,73.88065917,9.698854408967303,0.0,0.0,0.0,False,NONE
816,596,498,85.79689452,10.451794052617739,3695.0,34.21296296296296,0.0,0.0,0.0,1.8061417494064935,False,True,423,PV+/PNN-,85.79689452,10.451794052617739,0.0,0.0,0.0,False,NONE
817,596,1223,69.11416503,9.380772250595795,5897.0,67.7816091954023,0.0,0.0,0.0,1.8114583987949904,False,True,424,PV+/PNN-,69.11416503,9.380772250595795,0.0,0.0,0.0,False,NONE
818,600,2467,159.67755369,14.258603569939103,5425.0,26.99004975124378,0.0,0.0,0.0,1.9855207709847895,False,True,425,PV+/PNN-,159.67755369,14.258603569939103,0.0,0.0,0.0,False,NONE
819,598,1842,155.70547524,14.080140922851225,5275.0,26.913265306122447,0.0,0.0,0.0,1.7347013491997552,False,True,427,PV+/PNN-,155.70547524,14.080140922851225,0.0,0.0,0.0,False,NONE
820,599,366,104.06845539,11.51104134134072,4843.0,36.969465648854964,0.0,0.0,0.0,1.746824954846298,False,True,429,PV+/PNN-,104.06845539,11.51104134134072,0.0,0.0,0.0,False,NONE
821,598,858,65.93650227,9.1625849044734,2222.0,26.771084337349397,0.0,0.0,0.0,1.6080583221647964,False,True,430,PV+/PNN-,65.93650227,9.1625849044734,0.0,0.0,0.0,False,NONE
822,600,968,139.81716144,13.342441267550265,6514.0,37.01136363636363,0.0,0.0,0.0,1.9192759055500266,False,True,431,PV+/PNN-,139.81716144,13.342441267550265,0.0,0.0,0.0,False,NONE
823,598,2040,78.64715331000001,10.006830950662698,3268.0,33.01010101010101,0.0,0.0,0.0,1.777250346699801,False,True,432,PV+/PNN-,78.64715331000001,10.006830950662698,0.0,0.0,0.0,False,NONE
824,601,538,104.06845539,11.51104134134072,4433.0,33.83969465648855,0.0,0.0,0.0,1.683917206333177,False,True,433,PV+/PNN-,104.06845539,11.51104134134072,0.0,0.0,0.0,False,NONE
825,602,820,161.26638507,14.329366305165495,9153.0,45.08866995073892,0.0,0.0,0.0,1.6736285260179822,False,True,434,PV+/PNN-,161.26638507,14.329366305165495,0.0,0.0,0.0,False,NONE
826,604,219,169.21054197,14.678063680958497,13303.0,62.455399061032864,0.0,0.0,0.0,1.861295682937837,False,True,435,PV+/PNN-,169.21054197,14.678063680958497,0.0,0.0,0.0,False,NONE
827,602,2441,114.39585936,12.068692219586765,3523.0,24.46527777777778,0.0,0.0,0.0,2.0973978394403585,False,True,436,PV+/PNN-,114.39585936,12.068692219586765,0.0,0.0,0.0,False,NONE
828,602,2300,92.94663573,10.878572156378345,2903.0,24.811965811965813,0.0,0.0,0.0,1.91736154756413,False,True,437,PV+/PNN-,92.94663573,10.878572156378345,0.0,0.0,0.0,False,NONE
829,607,1112,148.55573403,13.753073662427433,6373.0,34.080213903743314,0.0,0.0,0.0,1.8827031252454278,False,True,439,PV+/PNN-,148.55573403,13.753073662427433,0.0,0.0,0.0,False,NONE
830,608,1334,129.48975747,12.84022896403991,19723.0,121.0,0.0,0.0,0.0,1.9016493946597866,False,True,440,PV+/PNN-,129.48975747,12.84022896403991,0.0,0.0,0.0,False,NONE
831,606,2391,130.28417316,12.879555944225542,4709.0,28.713414634146343,0.0,0.0,0.0,2.2430954355731405,False,True,441,PV+/PNN-,130.28417316,12.879555944225542,0.0,0.0,0.0,False,NONE
832,607,992,108.04053384,11.728660627684029,4104.0,30.176470588235293,0.0,0.0,0.0,1.7728712042685741,False,True,442,PV+/PNN-,108.04053384,11.728660627684029,0.0,0.0,0.0,False,NONE
833,607,1044,158.883138,14.223090180871878,8325.0,41.625,0.0,0.0,0.0,1.8603653342438584,False,True,443,PV+/PNN-,158.883138,14.223090180871878,0.0,0.0,0.0,False,NONE
834,606,1978,84.20806314000001,10.354565948189398,4195.0,39.575471698113205,0.0,0.0,0.0,1.8987286292368604,False,True,444,PV+/PNN-,84.20806314000001,10.354565948189398,0.0,0.0,0.0,False,NONE
835,607,2066,85.00247883,10.403293586497956,3301.0,30.850467289719628,0.0,0.0,0.0,1.8123025930761123,False,True,445,PV+/PNN-,85.00247883,10.403293586497956,0.0,0.0,0.0,False,NONE
836,609,1154,112.80702798,11.984588810142046,4675.0,32.92253521126761,0.0,0.0,0.0,1.7775343857307342,False,True,446,PV+/PNN-,112.80702798,11.984588810142046,0.0,0.0,0.0,False,NONE
837,611,2276,152.52781248,13.93572540349032,5346.0,27.84375,0.0,0.0,0.0,2.0670873432374757,False,True,447,PV+/PNN-,152.52781248,13.93572540349032,0.0,0.0,0.0,False,NONE
838,611,2496,162.85521645,14.3997813056499,4834.0,23.58048780487805,0.0,0.0,0.0,1.948229402795258,False,True,448,PV+/PNN-,162.85521645,14.3997813056499,0.0,0.0,0.0,False,NONE
839,611,339,178.74353025,15.085865274483455,8167.0,36.297777777777775,0.0,0.0,0.0,1.8973928134008982,False,True,449,PV+/PNN-,178.74353025,15.085865274483455,0.0,0.0,0.0,False,NONE
840,610,1262,147.76131834,13.716251444643651,11049.0,59.403225806451616,0.0,0.0,0.0,2.5496501406845966,False,True,450,PV+/PNN-,147.76131834,13.716251444643651,0.0,0.0,0.0,False,NONE
841,613,2114,159.67755369,14.258603569939103,5940.0,29.55223880597015,0.0,0.0,0.0,2.0167987990960983,False,True,451,PV+/PNN-,159.67755369,14.258603569939103,0.0,0.0,0.0,False,NONE
842,608,2194,74.67507486,9.75085936304132,2639.0,28.074468085106382,0.0,0.0,0.0,1.9273690891921635,False,True,452,PV+/PNN-,74.67507486,9.75085936304132,0.0,0.0,0.0,False,NONE
843,611,498,76.26390624,9.854045933561641,4016.0,41.833333333333336,0.0,0.0,0.0,1.605350076263633,False,True,453,PV+/PNN-,76.26390624,9.854045933561641,0.0,0.0,0.0,False,NONE
844,614,2662,147.76131834,13.716251444643651,5594.0,30.0752688172043,0.0,0.0,0.0,2.004503698028368,False,True,454,PV+/PNN-,147.76131834,13.716251444643651,0.0,0.0,0.0,False,NONE
845,613,2599,130.28417316,12.879555944225542,4053.0,24.713414634146343,0.0,0.0,0.0,2.000395617659511,False,True,455,PV+/PNN-,130.28417316,12.879555944225542,0.0,0.0,0.0,False,NONE
846,615,2561,114.39585936,12.068692219586765,3939.0,27.354166666666668,0.0,0.0,0.0,2.1227672085250098,False,True,456,PV+/PNN-,114.39585936,12.068692219586765,0.0,0.0,0.0,False,NONE
847,614,2351,54.02026692,8.293415464071046,1870.0,27.5,0.0,0.0,0.0,2.057105312070618,False,True,457,PV+/PNN-,54.02026692,8.293415464071046,0.0,0.0,0.0,False,NONE
848,617,2029,92.94663573,10.878572156378345,4248.0,36.30769230769231,0.0,0.0,0.0,1.9061064428539447,False,True,458,PV+/PNN-,92.94663573,10.878572156378345,0.0,0.0,0.0,False,NONE
849,617,2127,121.54560057,12.440123196106569,4546.0,29.712418300653596,0.0,0.0,0.0,1.8657418358288025,False,True,459,PV+/PNN-,121.54560057,12.440123196106569,0.0,0.0,0.0,False,NONE
850,618,2529,117.57352212,12.235164803834003,3725.0,25.16891891891892,0.0,0.0,0.0,1.9643641208525233,False,True,460,PV+/PNN-,117.57352212,12.235164803834003,0.0,0.0,0.0,False,NONE
851,619,768,103.2740397,11.467021901548332,5132.0,39.47692307692308,0.0,0.0,0.0,1.8762622619772602,False,True,461,PV+/PNN-,103.2740397,11.467021901548332,0.0,0.0,0.0,False,NONE
852,621,1177,190.65976560000001,15.580614658987523,9683.0,40.34583333333333,0.0,0.0,0.0,1.8400462395630353,False,True,462,PV+/PNN-,190.65976560000001,15.580614658987523,0.0,0.0,0.0,False,NONE
853,620,270,196.22067543,15.806198893222852,51940.0,210.2834008097166,0.0,0.0,0.0,2.862083316268453,False,True,463,PV+/PNN-,196.22067543,15.806198893222852,0.0,0.0,0.0,False,NONE
854,618,1420,116.77910643,12.193759728054031,23726.0,161.40136054421768,0.0,0.0,0.0,1.882077275918375,False,True,464,PV+/PNN-,116.77910643,12.193759728054031,0.0,0.0,0.0,False,NONE
855,621,362,135.05066730000001,13.113041224263421,7312.0,43.01176470588236,0.0,0.0,0.0,1.8375891241988855,False,True,465,PV+/PNN-,135.05066730000001,13.113041224263421,0.0,0.0,0.0,False,NONE
856,621,2515,113.60144367,12.026714032504808,3809.0,26.636363636363637,0.0,0.0,0.0,1.9258111276398113,False,True,466,PV+/PNN-,113.60144367,12.026714032504808,0.0,0.0,0.0,False,NONE
857,619,2627,93.74105142,10.924962866435578,2870.0,24.322033898305083,0.0,0.0,0.0,1.920192246397747,False,True,467,PV+/PNN-,93.74105142,10.924962866435578,0.0,0.0,0.0,False,NONE
858,620,2681,109.62936522,11.814586030086609,4050.0,29.347826086956523,0.0,0.0,0.0,1.9731161476151458,False,True,468,PV+/PNN-,109.62936522,11.814586030086609,0.0,0.0,0.0,False,NONE
859,618,2431,48.45935709,7.854958291387057,2123.0,34.80327868852459,0.0,0.0,0.0,2.7562567000638936,False,True,469,PV+/PNN-,48.45935709,7.854958291387057,0.0,0.0,0.0,False,NONE
860,621,1281,111.2181966,11.899891008124815,5908.0,42.2,0.0,0.0,0.0,1.8132440489686195,False,True,470,PV+/PNN-,111.2181966,11.899891008124815,0.0,0.0,0.0,False,NONE
861,623,2297,76.26390624,9.854045933561641,3493.0,36.385416666666664,0.0,0.0,0.0,1.9916429694770155,False,True,472,PV+/PNN-,76.26390624,9.854045933561641,0.0,0.0,0.0,False,NONE
862,625,2614,166.8272949,14.574330482319752,5118.0,24.37142857142857,0.0,0.0,0.0,2.3177320741948284,False,True,473,PV+/PNN-,166.8272949,14.574330482319752,0.0,0.0,0.0,False,NONE
863,623,1871,148.55573403,13.753073662427433,7442.0,39.79679144385027,0.0,0.0,0.0,1.8695278379307276,False,True,474,PV+/PNN-,148.55573403,13.753073662427433,0.0,0.0,0.0,False,NONE
864,623,2049,92.94663573,10.878572156378345,4015.0,34.31623931623932,0.0,0.0,0.0,1.772860525801107,False,True,475,PV+/PNN-,92.94663573,10.878572156378345,0.0,0.0,0.0,False,NONE
865,625,2596,123.13443195,12.521167201073583,3396.0,21.90967741935484,0.0,0.0,0.0,2.0357005996064332,False,True,476,PV+/PNN-,123.13443195,12.521167201073583,0.0,0.0,0.0,False,NONE
866,625,1491,73.88065917,9.698854408967303,10367.0,111.47311827956989,0.0,0.0,0.0,1.8754681973577485,False,True,478,PV+/PNN-,73.88065917,9.698854408967303,0.0,0.0,0.0,False,NONE
867,626,1802,130.28417316,12.879555944225542,7016.0,42.78048780487805,0.0,0.0,0.0,1.3660606613409634,False,True,479,PV+/PNN-,130.28417316,12.879555944225542,0.0,0.0,0.0,False,NONE
868,627,650,69.90858072,9.434530697868027,5109.0,58.05681818181818,0.0,0.0,0.0,1.7160527777239298,False,True,481,PV+/PNN-,69.90858072,9.434530697868027,0.0,0.0,0.0,False,NONE
869,628,2583,145.37807127,13.6051868520168,4597.0,25.120218579234972,0.0,0.0,0.0,2.0178658829084912,False,True,482,PV+/PNN-,145.37807127,13.6051868520168,0.0,0.0,0.0,False,NONE
870,627,1144,77.05832193,9.90523612702942,3874.0,39.93814432989691,0.0,0.0,0.0,1.7381332689001765,False,True,483,PV+/PNN-,77.05832193,9.90523612702942,0.0,0.0,0.0,False,NONE
871,629,2398,146.96690265,13.679330108642857,6131.0,33.14054054054054,0.0,0.0,0.0,3.064224335800926,False,True,484,PV+/PNN-,146.96690265,13.679330108642857,0.0,0.0,0.0,False,NONE
872,630,2178,159.67755369,14.258603569939103,5040.0,25.074626865671643,0.0,0.0,0.0,2.098163939791058,False,True,485,PV+/PNN-,159.67755369,14.258603569939103,0.0,0.0,0.0,False,NONE
873,631,630,98.50754556,11.199272407696524,10755.0,86.73387096774194,0.0,0.0,0.0,1.8300202953516365,False,True,487,PV+/PNN-,98.50754556,11.199272407696524,0.0,0.0,0.0,False,NONE
874,633,2341,174.7714518,14.917302830020427,6606.0,30.027272727272727,0.0,0.0,0.0,2.1075348600682635,False,True,489,PV+/PNN-,174.7714518,14.917302830020427,0.0,0.0,0.0,False,NONE
875,631,2415,110.42378091,11.857315232959936,4274.0,30.74820143884892,0.0,0.0,0.0,1.9622827104338827,False,True,490,PV+/PNN-,110.42378091,11.857315232959936,0.0,0.0,0.0,False,NONE
876,633,1976,133.46183592,13.035677474005707,7081.0,42.148809523809526,0.0,0.0,0.0,1.8372143099907952,False,True,491,PV+/PNN-,133.46183592,13.035677474005707,0.0,0.0,0.0,False,NONE
877,634,340,142.9948242,13.493208101259413,9879.0,54.88333333333333,0.0,0.0,0.0,1.9596952639901815,False,True,492,PV+/PNN-,142.9948242,13.493208101259413,0.0,0.0,0.0,False,NONE
878,632,472,74.67507486,9.75085936304132,11105.0,118.13829787234043,0.0,0.0,0.0,2.255451142827219,False,True,493,PV+/PNN-,74.67507486,9.75085936304132,0.0,0.0,0.0,False,NONE
879,632,2478,85.79689452,10.451794052617739,3433.0,31.787037037037038,0.0,0.0,0.0,2.0000502603946035,False,True,494,PV+/PNN-,85.79689452,10.451794052617739,0.0,0.0,0.0,False,NONE
880,636,1085,187.48210284,15.45023065413564,10716.0,45.40677966101695,0.0,0.0,0.0,1.7880755320317976,False,True,496,PV+/PNN-,187.48210284,15.45023065413564,0.0,0.0,0.0,False,NONE
881,636,2207,154.11664386,14.008119269352957,6410.0,33.04123711340206,0.0,0.0,0.0,2.061980472818463,False,True,497,PV+/PNN-,154.11664386,14.008119269352957,0.0,0.0,0.0,False,NONE
882,635,1527,108.83494953,11.77170172875832,12805.0,93.46715328467154,0.0,0.0,0.0,2.004572045751739,False,True,498,PV+/PNN-,108.83494953,11.77170172875832,0.0,0.0,0.0,False,NONE
883,636,1941,138.22833006,13.266415342325757,11475.0,65.94827586206897,0.0,0.0,0.0,2.316567216464375,False,True,499,PV+/PNN-,138.22833006,13.266415342325757,0.0,0.0,0.0,False,NONE
884,638,371,138.22833006,13.266415342325757,8987.0,51.64942528735632,0.0,0.0,0.0,1.8243973873578117,False,True,500,PV+/PNN-,138.22833006,13.266415342325757,0.0,0.0,0.0,False,NONE
885,639,2122,127.90092609,12.761211420003875,5046.0,31.341614906832298,0.0,0.0,0.0,1.8463829018512308,False,True,501,PV+/PNN-,127.90092609,12.761211420003875,0.0,0.0,0.0,False,NONE
886,639,311,106.45170246,11.642101063659146,5401.0,40.30597014925373,0.0,0.0,0.0,1.9591035175123999,False,True,503,PV+/PNN-,106.45170246,11.642101063659146,0.0,0.0,0.0,False,NONE
887,641,1173,146.96690265,13.679330108642857,7187.0,38.84864864864865,0.0,0.0,0.0,1.8203949444908012,False,True,504,PV+/PNN-,146.96690265,13.679330108642857,0.0,0.0,0.0,False,NONE
888,638,2509,69.11416503,9.380772250595795,2405.0,27.64367816091954,0.0,0.0,0.0,1.8817683743816422,False,True,505,PV+/PNN-,69.11416503,9.380772250595795,0.0,0.0,0.0,False,NONE
889,640,2690,135.05066730000001,13.113041224263421,5331.0,31.358823529411765,0.0,0.0,0.0,1.9230467636435442,False,True,506,PV+/PNN-,135.05066730000001,13.113041224263421,0.0,0.0,0.0,False,NONE
890,639,593,92.94663573,10.878572156378345,4057.0,34.675213675213676,0.0,0.0,0.0,1.8189701483234786,False,True,507,PV+/PNN-,92.94663573,10.878572156378345,0.0,0.0,0.0,False,NONE
891,642,2282,188.27651853,15.482929591568213,5267.0,22.223628691983123,0.0,0.0,0.0,2.028055893031472,False,True,508,PV+/PNN-,188.27651853,15.482929591568213,0.0,0.0,0.0,False,NONE
892,642,2267,112.80702798,11.984588810142046,4723.0,33.26056338028169,0.0,0.0,0.0,1.9235183608631137,False,True,509,PV+/PNN-,112.80702798,11.984588810142046,0.0,0.0,0.0,False,NONE
893,644,567,150.9389811,13.862953494062992,14145.0,74.44736842105263,0.0,0.0,0.0,2.1044962944865655,False,True,513,PV+/PNN-,150.9389811,13.862953494062992,0.0,0.0,0.0,False,NONE
894,642,2648,59.58117675,8.70982837718145,1759.0,23.453333333333333,0.0,0.0,0.0,1.8588785712184321,False,True,514,PV+/PNN-,59.58117675,8.70982837718145,0.0,0.0,0.0,False,NONE
895,650,2428,165.23846352,14.504762875171126,7906.0,38.00961538461539,0.0,0.0,0.0,2.0873907806153755,False,True,515,PV+/PNN-,165.23846352,14.504762875171126,0.0,0.0,0.0,False,NONE
896,648,2668,147.76131834,13.716251444643651,5476.0,29.440860215053764,0.0,0.0,0.0,1.906984832919776,False,True,516,PV+/PNN-,147.76131834,13.716251444643651,0.0,0.0,0.0,False,NONE
897,648,2701,155.70547524,14.080140922851225,5386.0,27.479591836734695,0.0,0.0,0.0,1.961183471877634,False,True,517,PV+/PNN-,155.70547524,14.080140922851225,0.0,0.0,0.0,False,NONE
898,650,2479,156.49989093,14.116013951495509,6362.0,32.29441624365482,0.0,0.0,0.0,2.196614204498252,False,True,518,PV+/PNN-,156.49989093,14.116013951495509,0.0,0.0,0.0,False,NONE
899,650,2608,100.09637694,11.289227848029503,3737.0,29.658730158730158,0.0,0.0,0.0,1.992127600281789,False,True,519,PV+/PNN-,100.09637694,11.289227848029503,0.0,0.0,0.0,False,NONE
900,652,1017,142.20040851,13.455674765407588,6998.0,39.09497206703911,0.0,0.0,0.0,2.169511185705538,False,True,520,PV+/PNN-,142.20040851,13.455674765407588,0.0,0.0,0.0,False,NONE
901,651,1906,61.96442382,8.88231697105848,6577.0,84.32051282051282,0.0,0.0,0.0,1.7149511967277347,False,True,521,PV+/PNN-,61.96442382,8.88231697105848,0.0,0.0,0.0,False,NONE
902,654,2567,102.47962401,11.422832828117684,3926.0,30.434108527131784,0.0,0.0,0.0,2.1078117665010674,False,True,522,PV+/PNN-,102.47962401,11.422832828117684,0.0,0.0,0.0,False,NONE
903,653,2581,103.2740397,11.467021901548332,2949.0,22.684615384615384,0.0,0.0,0.0,2.055327347237368,False,True,523,PV+/PNN-,103.2740397,11.467021901548332,0.0,0.0,0.0,False,NONE
904,651,2597,58.78676106,8.651568001725998,2111.0,28.527027027027028,0.0,0.0,0.0,1.9149966999310397,False,True,524,PV+/PNN-,58.78676106,8.651568001725998,0.0,0.0,0.0,False,NONE
905,654,2744,85.00247883,10.403293586497956,2894.0,27.046728971962615,0.0,0.0,0.0,1.9310054354265522,False,True,525,PV+/PNN-,85.00247883,10.403293586497956,0.0,0.0,0.0,False,NONE
906,658,2291,123.13443195,12.521167201073583,3998.0,25.793548387096774,0.0,0.0,0.0,1.9364917120111815,False,True,526,PV+/PNN-,123.13443195,12.521167201073583,0.0,0.0,0.0,False,NONE
907,659,2636,120.75118488,12.39940255265723,5112.0,33.63157894736842,0.0,0.0,0.0,2.0197060873598227,False,True,527,PV+/PNN-,120.75118488,12.39940255265723,0.0,0.0,0.0,False,NONE
908,662,344,154.11664386,14.008119269352957,13765.0,70.95360824742268,0.0,0.0,0.0,2.79550862232912,False,True,528,PV+/PNN-,154.11664386,14.008119269352957,0.0,0.0,0.0,False,NONE
909,660,2362,120.75118488,12.39940255265723,4884.0,32.13157894736842,0.0,0.0,0.0,1.994274614556482,False,True,529,PV+/PNN-,120.75118488,12.39940255265723,0.0,0.0,0.0,False,NONE
910,666,2383,194.63184405,15.74207611813598,8206.0,33.49387755102041,0.0,0.0,0.0,2.074532897868573,False,True,531,PV+/PNN-,194.63184405,15.74207611813598,0.0,0.0,0.0,False,NONE
911,665,247,146.17248696000001,13.642308849668991,10164.0,55.23913043478261,0.0,0.0,0.0,1.8965463127135438,False,True,532,PV+/PNN-,146.17248696000001,13.642308849668991,0.0,0.0,0.0,False,NONE
912,663,2128,54.81468261,8.354173898786094,2133.0,30.91304347826087,0.0,0.0,0.0,1.8462949537278694,False,True,534,PV+/PNN-,54.81468261,8.354173898786094,0.0,0.0,0.0,False,NONE
913,667,2770,111.2181966,11.899891008124815,3036.0,21.685714285714287,0.0,0.0,0.0,1.8460135197331127,False,True,535,PV+/PNN-,111.2181966,11.899891008124815,0.0,0.0,0.0,False,NONE
914,666,2650,137.43391437,13.228238528376714,4790.0,27.6878612716763,0.0,0.0,0.0,1.9577145502431232,False,True,537,PV+/PNN-,137.43391437,13.228238528376714,0.0,0.0,0.0,False,NONE
915,671,2749,133.46183592,13.035677474005707,4048.0,24.095238095238095,0.0,0.0,0.0,1.8746362364811113,False,True,538,PV+/PNN-,133.46183592,13.035677474005707,0.0,0.0,0.0,False,NONE
916,669,2216,139.81716144,13.342441267550265,7239.0,41.13068181818182,0.0,0.0,0.0,2.0945015478323854,False,True,539,PV+/PNN-,139.81716144,13.342441267550265,0.0,0.0,0.0,False,NONE
917,670,2282,184.30444008,15.318736938146312,6765.0,29.15948275862069,0.0,0.0,0.0,2.209088165242071,False,True,540,PV+/PNN-,184.30444008,15.318736938146312,0.0,0.0,0.0,False,NONE
918,674,2318,254.2130208,17.99094413501255,10091.0,31.534375,0.0,0.0,0.0,1.9809789846815486,False,True,541,PV+/PNN-,254.2130208,17.99094413501255,0.0,0.0,0.0,False,NONE
919,669,2696,119.1623535,12.317557416952052,4445.0,29.633333333333333,0.0,0.0,0.0,2.0185993990927766,False,True,542,PV+/PNN-,119.1623535,12.317557416952052,0.0,0.0,0.0,False,NONE
920,670,1069,142.9948242,13.493208101259413,10780.0,59.888888888888886,0.0,0.0,0.0,2.4526870036909867,False,True,543,PV+/PNN-,142.9948242,13.493208101259413,0.0,0.0,0.0,False,NONE
921,669,2392,68.31974934,9.326703948667076,4169.0,48.47674418604651,0.0,0.0,0.0,3.0910840575137506,False,True,544,PV+/PNN-,68.31974934,9.326703948667076,0.0,0.0,0.0,False,NONE
922,670,2541,50.04818847,7.982689565701676,2394.0,38.0,0.0,0.0,0.0,2.163729046980626,False,True,545,PV+/PNN-,50.04818847,7.982689565701676,0.0,0.0,0.0,False,NONE
923,676,1424,137.43391437,13.228238528376714,6997.0,40.445086705202314,0.0,0.0,0.0,1.670429209244195,False,True,546,PV+/PNN-,137.43391437,13.228238528376714,0.0,0.0,0.0,False,NONE
924,676,2052,110.42378091,11.857315232959936,4850.0,34.89208633093525,0.0,0.0,0.0,1.9460857031681928,False,True,547,PV+/PNN-,110.42378091,11.857315232959936,0.0,0.0,0.0,False,NONE
925,676,2814,132.66742023,12.996822909266468,4806.0,28.778443113772454,0.0,0.0,0.0,1.8471981335575998,False,True,548,PV+/PNN-,132.66742023,12.996822909266468,0.0,0.0,0.0,False,NONE
926,677,2621,127.1065104,12.72151859781572,7105.0,44.40625,0.0,0.0,0.0,2.0554498826515513,False,True,549,PV+/PNN-,127.1065104,12.72151859781572,0.0,0.0,0.0,False,NONE
927,678,2261,153.32222817,13.97196922387648,6058.0,31.38860103626943,0.0,0.0,0.0,1.9463279694807993,False,True,550,PV+/PNN-,153.32222817,13.97196922387648,0.0,0.0,0.0,False,NONE
928,679,2353,142.9948242,13.493208101259413,4797.0,26.65,0.0,0.0,0.0,2.065656628818167,False,True,551,PV+/PNN-,142.9948242,13.493208101259413,0.0,0.0,0.0,False,NONE
929,681,2397,160.47196938,14.294028726574819,9010.0,44.603960396039604,0.0,0.0,0.0,2.0528685508075477,False,True,552,PV+/PNN-,160.47196938,14.294028726574819,0.0,0.0,0.0,False,NONE
930,679,2722,138.22833006,13.266415342325757,4252.0,24.436781609195403,0.0,0.0,0.0,2.0272709627484637,False,True,553,PV+/PNN-,138.22833006,13.266415342325757,0.0,0.0,0.0,False,NONE
931,680,2513,96.91871418,11.108588547554572,4198.0,34.40983606557377,0.0,0.0,0.0,1.9192125986296338,False,True,555,PV+/PNN-,96.91871418,11.108588547554572,0.0,0.0,0.0,False,NONE
932,680,2680,92.94663573,10.878572156378345,4216.0,36.034188034188034,0.0,0.0,0.0,1.9021126960212984,False,True,556,PV+/PNN-,92.94663573,10.878572156378345,0.0,0.0,0.0,False,NONE
933,681,2449,64.34767089,9.051519164690074,3743.0,46.20987654320987,0.0,0.0,0.0,1.8937217935850312,False,True,557,PV+/PNN-,64.34767089,9.051519164690074,0.0,0.0,0.0,False,NONE
934,683,2595,145.37807127,13.6051868520168,7080.0,38.68852459016394,0.0,0.0,0.0,2.0225083904039667,False,True,558,PV+/PNN-,145.37807127,13.6051868520168,0.0,0.0,0.0,False,NONE
935,685,2298,134.25625161,13.074416571218995,5946.0,35.18343195266272,0.0,0.0,0.0,2.00882672852159,False,True,559,PV+/PNN-,134.25625161,13.074416571218995,0.0,0.0,0.0,False,NONE
936,683,2692,110.42378091,11.857315232959936,5230.0,37.62589928057554,0.0,0.0,0.0,2.580213817815492,False,True,560,PV+/PNN-,110.42378091,11.857315232959936,0.0,0.0,0.0,False,NONE
937,683,2823,80.23598469,10.107404643036364,2364.0,23.405940594059405,0.0,0.0,0.0,1.7450013557263913,False,True,561,PV+/PNN-,80.23598469,10.107404643036364,0.0,0.0,0.0,False,NONE
938,685,2340,87.3857259,10.548125988120718,3022.0,27.472727272727273,0.0,0.0,0.0,1.9710229822791419,False,True,562,PV+/PNN-,87.3857259,10.548125988120718,0.0,0.0,0.0,False,NONE
939,686,1348,100.09637694,11.289227848029503,7291.0,57.86507936507937,0.0,0.0,0.0,1.7527621245329192,False,True,563,PV+/PNN-,100.09637694,11.289227848029503,0.0,0.0,0.0,False,NONE
940,689,2466,140.61157713,13.380292240810528,8507.0,48.06214689265537,0.0,0.0,0.0,2.0869880983220606,False,True,564,PV+/PNN-,140.61157713,13.380292240810528,0.0,0.0,0.0,False,NONE
941,691,2133,146.96690265,13.679330108642857,5650.0,30.54054054054054,0.0,0.0,0.0,1.9306105818969044,False,True,565,PV+/PNN-,146.96690265,13.679330108642857,0.0,0.0,0.0,False,NONE
942,694,1155,242.29678545000002,17.56422069996706,14711.0,48.2327868852459,0.0,0.0,0.0,1.6983220919949022,False,True,566,PV+/PNN-,242.29678545000002,17.56422069996706,0.0,0.0,0.0,False,NONE
943,690,2213,128.69534178,12.800781162784691,7511.0,46.364197530864196,0.0,0.0,0.0,3.329352757290106,False,True,567,PV+/PNN-,128.69534178,12.800781162784691,0.0,0.0,0.0,False,NONE
944,689,1683,88.97455728,10.643586087602236,13105.0,117.00892857142857,0.0,0.0,0.0,1.7606005010275125,False,True,568,PV+/PNN-,88.97455728,10.643586087602236,0.0,0.0,0.0,False,NONE
945,690,2801,110.42378091,11.857315232959936,4012.0,28.863309352517987,0.0,0.0,0.0,1.600142076285907,False,True,569,PV+/PNN-,110.42378091,11.857315232959936,0.0,0.0,0.0,False,NONE
946,693,2085,128.69534178,12.800781162784691,6866.0,42.382716049382715,0.0,0.0,0.0,1.8415408690594954,False,True,570,PV+/PNN-,128.69534178,12.800781162784691,0.0,0.0,0.0,False,NONE
947,691,2676,78.64715331000001,10.006830950662698,3364.0,33.97979797979798,0.0,0.0,0.0,1.8909566098276251,False,True,571,PV+/PNN-,78.64715331000001,10.006830950662698,0.0,0.0,0.0,False,NONE
948,696,1875,193.83742836,15.709916582774113,12872.0,52.75409836065574,0.0,0.0,0.0,1.7566087736005989,False,True,572,PV+/PNN-,193.83742836,15.709916582774113,0.0,0.0,0.0,False,NONE
949,694,2609,106.45170246,11.642101063659146,6116.0,45.64179104477612,0.0,0.0,0.0,1.9286708415122071,False,True,573,PV+/PNN-,106.45170246,11.642101063659146,0.0,0.0,0.0,False,NONE
950,696,621,141.40599282,13.418036440588484,8438.0,47.40449438202247,0.0,0.0,0.0,1.657156091261425,False,True,574,PV+/PNN-,141.40599282,13.418036440588484,0.0,0.0,0.0,False,NONE
951,695,1018,131.07858885,12.91876320674319,12070.0,73.15151515151516,0.0,0.0,0.0,2.1283237976099354,False,True,575,PV+/PNN-,131.07858885,12.91876320674319,0.0,0.0,0.0,False,NONE
952,696,2742,132.66742023,12.996822909266468,4926.0,29.49700598802395,0.0,0.0,0.0,1.828375128616363,False,True,576,PV+/PNN-,132.66742023,12.996822909266468,0.0,0.0,0.0,False,NONE
953,699,1182,127.90092609,12.761211420003875,6972.0,43.30434782608695,0.0,0.0,0.0,1.260912244633757,False,True,577,PV+/PNN-,127.90092609,12.761211420003875,0.0,0.0,0.0,False,NONE
954,698,1138,177.94911456,15.052303797372671,10592.0,47.285714285714285,0.0,0.0,0.0,1.4560416465843646,False,True,578,PV+/PNN-,177.94911456,15.052303797372671,0.0,0.0,0.0,False,NONE
955,698,2561,114.39585936,12.068692219586765,8168.0,56.72222222222222,0.0,0.0,0.0,2.0009352383859285,False,True,579,PV+/PNN-,114.39585936,12.068692219586765,0.0,0.0,0.0,False,NONE
956,699,2040,106.45170246,11.642101063659146,5363.0,40.02238805970149,0.0,0.0,0.0,1.8776327078035508,False,True,580,PV+/PNN-,106.45170246,11.642101063659146,0.0,0.0,0.0,False,NONE
957,699,2218,91.35780435,10.78519212710641,4394.0,38.208695652173915,0.0,0.0,0.0,1.994663437838712,False,True,581,PV+/PNN-,91.35780435,10.78519212710641,0.0,0.0,0.0,False,NONE
958,699,2519,125.51767902,12.64175907426016,5993.0,37.93037974683544,0.0,0.0,0.0,1.9045622553559365,False,True,582,PV+/PNN-,125.51767902,12.64175907426016,0.0,0.0,0.0,False,NONE
959,702,8,163.64963214,14.434859996619657,42758.0,207.5631067961165,0.0,0.0,0.0,3.1042622170269296,False,True,583,PV+/PNN-,163.64963214,14.434859996619657,0.0,0.0,0.0,False,NONE
960,702,2401,154.11664386,14.008119269352957,7991.0,41.19072164948454,0.0,0.0,0.0,2.0751182904216394,False,True,584,PV+/PNN-,154.11664386,14.008119269352957,0.0,0.0,0.0,False,NONE
961,700,2805,114.39585936,12.068692219586765,4426.0,30.73611111111111,0.0,0.0,0.0,1.6717234256130113,False,True,585,PV+/PNN-,114.39585936,12.068692219586765,0.0,0.0,0.0,False,NONE
962,703,334,94.53546711,10.971157418634661,5883.0,49.436974789915965,0.0,0.0,0.0,1.9294007568854612,False,True,586,PV+/PNN-,94.53546711,10.971157418634661,0.0,0.0,0.0,False,NONE
963,704,2316,168.41612628000001,14.643567596416075,9697.0,45.740566037735846,0.0,0.0,0.0,2.0584254124261574,False,True,587,PV+/PNN-,168.41612628000001,14.643567596416075,0.0,0.0,0.0,False,NONE
964,704,2756,110.42378091,11.857315232959936,3205.0,23.057553956834532,0.0,0.0,0.0,1.7501935964265454,False,True,588,PV+/PNN-,110.42378091,11.857315232959936,0.0,0.0,0.0,False,NONE
965,705,1306,118.36793781,12.276430232296539,6065.0,40.70469798657718,0.0,0.0,0.0,1.2030949122335657,False,True,589,PV+/PNN-,118.36793781,12.276430232296539,0.0,0.0,0.0,False,NONE
966,707,2537,149.35014972,13.789797556005714,8810.0,46.861702127659576,0.0,0.0,0.0,1.8534828415760045,False,True,590,PV+/PNN-,149.35014972,13.789797556005714,0.0,0.0,0.0,False,NONE
967,705,2342,68.31974934,9.326703948667076,2984.0,34.69767441860465,0.0,0.0,0.0,2.1545715338566604,False,True,591,PV+/PNN-,68.31974934,9.326703948667076,0.0,0.0,0.0,False,NONE
968,706,806,84.20806314000001,10.354565948189398,3893.0,36.72641509433962,0.0,0.0,0.0,1.6626899710223162,False,True,592,PV+/PNN-,84.20806314000001,10.354565948189398,0.0,0.0,0.0,False,NONE
969,708,2859,108.83494953,11.77170172875832,3615.0,26.386861313868614,0.0,0.0,0.0,1.8380669895152835,False,True,593,PV+/PNN-,108.83494953,11.77170172875832,0.0,0.0,0.0,False,NONE
970,710,2622,133.46183592,13.035677474005707,8900.0,52.976190476190474,0.0,0.0,0.0,3.1555786662104492,False,True,594,PV+/PNN-,133.46183592,13.035677474005707,0.0,0.0,0.0,False,NONE
971,713,2276,141.40599282,13.418036440588484,5389.0,30.275280898876403,0.0,0.0,0.0,1.8485499831381047,False,True,595,PV+/PNN-,141.40599282,13.418036440588484,0.0,0.0,0.0,False,NONE
972,713,1464,119.1623535,12.317557416952052,6047.0,40.31333333333333,0.0,0.0,0.0,1.6518645194876773,False,True,596,PV+/PNN-,119.1623535,12.317557416952052,0.0,0.0,0.0,False,NONE
973,714,389,128.69534178,12.800781162784691,6301.0,38.89506172839506,0.0,0.0,0.0,1.8598959681388294,False,True,597,PV+/PNN-,128.69534178,12.800781162784691,0.0,0.0,0.0,False,NONE
974,715,2657,131.87300454,12.957851838301272,5572.0,33.566265060240966,0.0,0.0,0.0,1.9839713831546255,False,True,598,PV+/PNN-,131.87300454,12.957851838301272,0.0,0.0,0.0,False,NONE
975,716,2795,119.1623535,12.317557416952052,3117.0,20.78,0.0,0.0,0.0,2.6121718374343113,False,True,599,PV+/PNN-,119.1623535,12.317557416952052,0.0,0.0,0.0,False,NONE
976,715,2761,93.74105142,10.924962866435578,3631.0,30.771186440677965,0.0,0.0,0.0,1.5720809036405998,False,True,600,PV+/PNN-,93.74105142,10.924962866435578,0.0,0.0,0.0,False,NONE
977,715,1915,46.07611002,7.659368469073156,9440.0,162.75862068965517,0.0,0.0,0.0,1.9518342181086183,False,True,601,PV+/PNN-,46.07611002,7.659368469073156,0.0,0.0,0.0,False,NONE
978,715,2175,65.93650227,9.1625849044734,8687.0,104.66265060240964,0.0,0.0,0.0,2.408504921740144,False,True,602,PV+/PNN-,65.93650227,9.1625849044734,0.0,0.0,0.0,False,NONE
979,717,2814,94.53546711,10.971157418634661,3151.0,26.478991596638654,0.0,0.0,0.0,1.5431636395959019,False,True,603,PV+/PNN-,94.53546711,10.971157418634661,0.0,0.0,0.0,False,NONE
980,717,2514,85.79689452,10.451794052617739,4189.0,38.78703703703704,0.0,0.0,0.0,1.9186322851926991,False,True,604,PV+/PNN-,85.79689452,10.451794052617739,0.0,0.0,0.0,False,NONE
981,720,201,127.1065104,12.72151859781572,18803.0,117.51875,0.0,0.0,0.0,3.1548580412746556,False,True,605,PV+/PNN-,127.1065104,12.72151859781572,0.0,0.0,0.0,False,NONE
982,721,537,121.54560057,12.440123196106569,8219.0,53.71895424836601,0.0,0.0,0.0,2.825543848694899,False,True,606,PV+/PNN-,121.54560057,12.440123196106569,0.0,0.0,0.0,False,NONE
983,721,287,105.65728677,11.598579038183399,11959.0,89.9172932330827,0.0,0.0,0.0,2.2932241724079985,False,True,607,PV+/PNN-,105.65728677,11.598579038183399,0.0,0.0,0.0,False,NONE
984,723,604,172.38820473,14.815244827816286,7507.0,34.59447004608295,0.0,0.0,0.0,1.7612122369662164,False,True,608,PV+/PNN-,172.38820473,14.815244827816286,0.0,0.0,0.0,False,NONE
985,726,1269,199.39833819,15.933670303416713,22650.0,90.2390438247012,0.0,0.0,0.0,1.3806502858766005,False,True,609,PV+/PNN-,199.39833819,15.933670303416713,0.0,0.0,0.0,False,NONE
986,719,2075,60.37559244,8.767701627645716,6689.0,88.01315789473684,0.0,0.0,0.0,1.9434116689498007,False,True,610,PV+/PNN-,60.37559244,8.767701627645716,0.0,0.0,0.0,False,NONE
987,720,2322,42.89844726,7.390534450171232,2052.0,38.0,0.0,0.0,0.0,1.9854972889817026,False,True,611,PV+/PNN-,42.89844726,7.390534450171232,0.0,0.0,0.0,False,NONE
988,721,1024,61.17000813,8.825195369105852,4021.0,52.22077922077922,0.0,0.0,0.0,1.6770907596642948,False,True,612,PV+/PNN-,61.17000813,8.825195369105852,0.0,0.0,0.0,False,NONE
989,724,2552,104.86287108,11.554893086200376,10709.0,81.12878787878788,0.0,0.0,0.0,2.102707707388309,False,True,613,PV+/PNN-,104.86287108,11.554893086200376,0.0,0.0,0.0,False,NONE
990,726,139,110.42378091,11.857315232959936,11939.0,85.89208633093526,0.0,0.0,0.0,2.535595646857176,False,True,614,PV+/PNN-,110.42378091,11.857315232959936,0.0,0.0,0.0,False,NONE
991,728,424,139.02274575,13.304482609502793,6881.0,39.32,0.0,0.0,0.0,1.890191621060059,False,True,616,PV+/PNN-,139.02274575,13.304482609502793,0.0,0.0,0.0,False,NONE
992,728,1585,61.17000813,8.825195369105852,3242.0,42.103896103896105,0.0,0.0,0.0,1.689227600688181,False,True,617,PV+/PNN-,61.17000813,8.825195369105852,0.0,0.0,0.0,False,NONE
993,733,700,148.55573403,13.753073662427433,15603.0,83.43850267379679,0.0,0.0,0.0,1.6407775909323994,False,True,618,PV+/PNN-,148.55573403,13.753073662427433,0.0,0.0,0.0,False,NONE
994,735,769,137.43391437,13.228238528376714,9382.0,54.23121387283237,0.0,0.0,0.0,2.4642698139019172,False,True,619,PV+/PNN-,137.43391437,13.228238528376714,0.0,0.0,0.0,False,NONE
995,733,2639,87.3857259,10.548125988120718,4018.0,36.527272727272724,0.0,0.0,0.0,1.8238913685941198,False,True,620,PV+/PNN-,87.3857259,10.548125988120718,0.0,0.0,0.0,False,NONE
996,738,2209,108.04053384,11.728660627684029,5786.0,42.544117647058826,0.0,0.0,0.0,1.9037438319268778,False,True,621,PV+/PNN-,108.04053384,11.728660627684029,0.0,0.0,0.0,False,NONE
997,734,2574,73.88065917,9.698854408967303,3481.0,37.43010752688172,0.0,0.0,0.0,1.8836899283739297,False,True,622,PV+/PNN-,73.88065917,9.698854408967303,0.0,0.0,0.0,False,NONE
998,735,591,78.64715331000001,10.006830950662698,3850.0,38.888888888888886,0.0,0.0,0.0,1.7742467850322736,False,True,623,PV+/PNN-,78.64715331000001,10.006830950662698,0.0,0.0,0.0,False,NONE
999,736,2315,89.76897297000001,10.690996505268625,3826.0,33.85840707964602,0.0,0.0,0.0,1.9690681990345869,False,True,624,PV+/PNN-,89.76897297000001,10.690996505268625,0.0,0.0,0.0,False,NONE
1000,736,2442,126.31209471,12.681701540530954,7937.0,49.918238993710695,0.0,0.0,0.0,1.8607914594955302,False,True,626,PV+/PNN-,126.31209471,12.681701540530954,0.0,0.0,0.0,False,NONE
1001,741,1300,132.66742023,12.996822909266468,9689.0,58.01796407185629,0.0,0.0,0.0,1.2405377716001673,False,True,627,PV+/PNN-,132.66742023,12.996822909266468,0.0,0.0,0.0,False,NONE
1002,737,2032,65.14208658,9.10722134683339,4717.0,57.52439024390244,0.0,0.0,0.0,1.707964353599225,False,True,628,PV+/PNN-,65.14208658,9.10722134683339,0.0,0.0,0.0,False,NONE
1003,737,2610,85.00247883,10.403293586497956,3217.0,30.065420560747665,0.0,0.0,0.0,1.9206834491352096,False,True,629,PV+/PNN-,85.00247883,10.403293586497956,0.0,0.0,0.0,False,NONE
1004,743,2402,115.19027505,12.11052490037406,7383.0,50.91724137931035,0.0,0.0,0.0,1.8096029966614537,False,True,630,PV+/PNN-,115.19027505,12.11052490037406,0.0,0.0,0.0,False,NONE
1005,742,2261,94.53546711,10.971157418634661,6673.0,56.075630252100844,0.0,0.0,0.0,2.6383350590454104,False,True,631,PV+/PNN-,94.53546711,10.971157418634661,0.0,0.0,0.0,False,NONE
1006,743,2697,124.72326333,12.60169000650996,5469.0,34.8343949044586,0.0,0.0,0.0,1.8947773370443708,False,True,632,PV+/PNN-,124.72326333,12.60169000650996,0.0,0.0,0.0,False,NONE
1007,745,2499,119.95676919,12.358547737957586,6761.0,44.77483443708609,0.0,0.0,0.0,2.015077303902931,False,True,633,PV+/PNN-,119.95676919,12.358547737957586,0.0,0.0,0.0,False,NONE
1008,745,2648,123.92884764,12.56149312576761,5284.0,33.87179487179487,0.0,0.0,0.0,1.8519185596928112,False,True,634,PV+/PNN-,123.92884764,12.56149312576761,0.0,0.0,0.0,False,NONE
1009,746,320,139.81716144,13.342441267550265,6770.0,38.46590909090909,0.0,0.0,0.0,1.9325505754199022,False,True,635,PV+/PNN-,139.81716144,13.342441267550265,0.0,0.0,0.0,False,NONE
1010,749,1271,204.16483233,16.12298787963261,34522.0,134.32684824902725,0.0,0.0,0.0,1.3099051669262545,False,True,636,PV+/PNN-,204.16483233,16.12298787963261,0.0,0.0,0.0,False,NONE
1011,743,2681,38.92636881,7.040070461425612,1786.0,36.44897959183673,0.0,0.0,0.0,1.7823817960793087,False,True,637,PV+/PNN-,38.92636881,7.040070461425612,0.0,0.0,0.0,False,NONE
1012,749,403,183.51002439,15.285686766012908,8257.0,35.74458874458875,0.0,0.0,0.0,1.9433656960671344,False,True,638,PV+/PNN-,183.51002439,15.285686766012908,0.0,0.0,0.0,False,NONE
1013,750,1419,143.78923989,13.53063732184699,22108.0,122.14364640883979,0.0,0.0,0.0,1.2480829943513618,False,True,639,PV+/PNN-,143.78923989,13.53063732184699,0.0,0.0,0.0,False,NONE
1014,750,265,130.28417316,12.879555944225542,11923.0,72.70121951219512,0.0,0.0,0.0,2.6023533303929955,False,True,640,PV+/PNN-,130.28417316,12.879555944225542,0.0,0.0,0.0,False,NONE
1015,751,1124,160.47196938,14.294028726574819,18771.0,92.92574257425743,0.0,0.0,0.0,2.2707308555234484,False,True,641,PV+/PNN-,160.47196938,14.294028726574819,0.0,0.0,0.0,False,NONE
1016,751,1408,125.51767902,12.64175907426016,14939.0,94.5506329113924,0.0,0.0,0.0,1.235115612804231,False,True,643,PV+/PNN-,125.51767902,12.64175907426016,0.0,0.0,0.0,False,NONE
1017,753,2468,134.25625161,13.074416571218995,10360.0,61.30177514792899,0.0,0.0,0.0,2.0027942158233274,False,True,644,PV+/PNN-,134.25625161,13.074416571218995,0.0,0.0,0.0,False,NONE
1018,754,2728,34.95429036,6.671220633775133,2085.0,47.38636363636363,0.0,0.0,0.0,1.739705825855708,False,True,648,PV+/PNN-,34.95429036,6.671220633775133,0.0,0.0,0.0,False,NONE
1019,759,791,116.77910643,12.193759728054031,8646.0,58.816326530612244,0.0,0.0,0.0,2.4935428855979818,False,True,649,PV+/PNN-,116.77910643,12.193759728054031,0.0,0.0,0.0,False,NONE
1020,762,602,98.50754556,11.199272407696524,3086.0,24.887096774193548,0.0,0.0,0.0,1.6333838952146393,False,True,650,PV+/PNN-,98.50754556,11.199272407696524,0.0,0.0,0.0,False,NONE
1021,762,2233,100.89079263,11.333937836259333,7622.0,60.01574803149607,0.0,0.0,0.0,1.861046000780808,False,True,651,PV+/PNN-,100.89079263,11.333937836259333,0.0,0.0,0.0,False,NONE
1022,766,1142,158.08872231,14.187487896796528,10136.0,50.93467336683417,0.0,0.0,0.0,1.482493784864911,False,True,652,PV+/PNN-,158.08872231,14.187487896796528,0.0,0.0,0.0,False,NONE
1023,767,1288,105.65728677,11.598579038183399,8691.0,65.34586466165413,0.0,0.0,0.0,1.8821685303621634,False,True,653,PV+/PNN-,105.65728677,11.598579038183399,0.0,0.0,0.0,False,NONE
1024,770,1344,139.02274575,13.304482609502793,10378.0,59.30285714285714,0.0,0.0,0.0,1.3367516703708417,False,True,654,PV+/PNN-,139.02274575,13.304482609502793,0.0,0.0,0.0,False,NONE
1025,767,1379,110.42378091,11.857315232959936,10143.0,72.97122302158273,0.0,0.0,0.0,1.396609871777425,False,True,655,PV+/PNN-,110.42378091,11.857315232959936,0.0,0.0,0.0,False,NONE
1026,770,2345,125.51767902,12.64175907426016,7502.0,47.48101265822785,0.0,0.0,0.0,2.000543159529012,False,True,656,PV+/PNN-,125.51767902,12.64175907426016,0.0,0.0,0.0,False,NONE
1027,770,2319,124.72326333,12.60169000650996,7426.0,47.29936305732484,0.0,0.0,0.0,1.9843348550454685,False,True,657,PV+/PNN-,124.72326333,12.60169000650996,0.0,0.0,0.0,False,NONE
1028,774,20,174.7714518,14.917302830020427,14273.0,64.87727272727273,0.0,0.0,0.0,1.9383914301626477,False,True,658,PV+/PNN-,174.7714518,14.917302830020427,0.0,0.0,0.0,False,NONE
1029,773,457,126.31209471,12.681701540530954,17233.0,108.38364779874213,0.0,0.0,0.0,2.4747324177038186,False,True,659,PV+/PNN-,126.31209471,12.681701540530954,0.0,0.0,0.0,False,NONE
1030,774,2451,135.84508299,13.151552441468574,7241.0,42.345029239766085,0.0,0.0,0.0,1.919501737254352,False,True,660,PV+/PNN-,135.84508299,13.151552441468574,0.0,0.0,0.0,False,NONE
1031,777,2564,168.41612628000001,14.643567596416075,9399.0,44.33490566037736,0.0,0.0,0.0,1.916762143022352,False,True,661,PV+/PNN-,168.41612628000001,14.643567596416075,0.0,0.0,0.0,False,NONE
1032,780,1387,181.92119301,15.21937110940298,23004.0,100.45414847161572,0.0,0.0,0.0,1.8299335303591078,False,True,662,PV+/PNN-,181.92119301,15.21937110940298,0.0,0.0,0.0,False,NONE
1033,777,2299,45.28169433,7.593052342343362,2974.0,52.175438596491226,0.0,0.0,0.0,1.8191421278521573,False,True,664,PV+/PNN-,45.28169433,7.593052342343362,0.0,0.0,0.0,False,NONE
1034,780,583,115.98469074,12.152213577535832,4482.0,30.698630136986303,0.0,0.0,0.0,1.7372724119019778,False,True,665,PV+/PNN-,115.98469074,12.152213577535832,0.0,0.0,0.0,False,NONE
1035,780,2622,95.32988280000001,11.017158280424603,6046.0,50.38333333333333,0.0,0.0,0.0,1.911906452458629,False,True,666,PV+/PNN-,95.32988280000001,11.017158280424603,0.0,0.0,0.0,False,NONE
1036,784,170,158.08872231,14.187487896796528,16135.0,81.08040201005025,0.0,0.0,0.0,1.8107983840185802,False,True,667,PV+/PNN-,158.08872231,14.187487896796528,0.0,0.0,0.0,False,NONE
1037,782,1675,92.15222004,10.83198276817611,5485.0,47.28448275862069,0.0,0.0,0.0,1.4472136641585853,False,True,668,PV+/PNN-,92.15222004,10.83198276817611,0.0,0.0,0.0,False,NONE
1038,791,736,255.00743649,18.01903305786991,10633.0,33.124610591900314,0.0,0.0,0.0,1.6590607965969493,False,True,670,PV+/PNN-,255.00743649,18.01903305786991,0.0,0.0,0.0,False,NONE
1039,794,443,181.92119301,15.21937110940298,10247.0,44.7467248908297,0.0,0.0,0.0,1.6724460932303817,False,True,671,PV+/PNN-,181.92119301,15.21937110940298,0.0,0.0,0.0,False,NONE
1040,794,645,108.83494953,11.77170172875832,6282.0,45.85401459854015,0.0,0.0,0.0,2.0151142653272314,False,True,672,PV+/PNN-,108.83494953,11.77170172875832,0.0,0.0,0.0,False,NONE
1041,799,714,61.96442382,8.88231697105848,2192.0,28.102564102564102,0.0,0.0,0.0,1.4900306364709694,False,True,675,PV+/PNN-,61.96442382,8.88231697105848,0.0,0.0,0.0,False,NONE
1042,809,4,70.70299641,9.487984557348323,3712.0,41.70786516853933,0.0,0.0,0.0,1.7163402373779044,False,True,676,PV+/PNN-,70.70299641,9.487984557348323,0.0,0.0,0.0,False,NONE
1043,810,204,134.25625161,13.074416571218995,13432.0,79.47928994082841,0.0,0.0,0.0,2.324025517005834,False,True,677,PV+/PNN-,134.25625161,13.074416571218995,0.0,0.0,0.0,False,NONE
1044,826,125,240.70795407,17.50653837439656,19631.0,64.7887788778878,0.0,0.0,0.0,1.9048231236646966,False,True,679,PV+/PNN-,240.70795407,17.50653837439656,0.0,0.0,0.0,False,NONE
1045,829,752,154.11664386,14.008119269352957,4656.0,24.0,0.0,0.0,0.0,1.600843074946988,False,True,681,PV+/PNN-,154.11664386,14.008119269352957,0.0,0.0,0.0,False,NONE
1046,842,207,180.33236163,15.152765226941183,11270.0,49.647577092511014,0.0,0.0,0.0,1.8456820289210065,False,True,682,PV+/PNN-,180.33236163,15.152765226941183,0.0,0.0,0.0,False,NONE
1047,847,143,144.58365558,13.56796328882212,11888.0,65.31868131868131,0.0,0.0,0.0,2.0772670213959317,False,True,683,PV+/PNN-,144.58365558,13.56796328882212,0.0,0.0,0.0,False,NONE
1048,850,394,118.36793781,12.276430232296539,7443.0,49.95302013422819,0.0,0.0,0.0,1.9967954420104015,False,True,684,PV+/PNN-,118.36793781,12.276430232296539,0.0,0.0,0.0,False,NONE
1049,858,292,84.20806314000001,10.354565948189398,5195.0,49.009433962264154,0.0,0.0,0.0,1.9828850269024874,False,True,686,PV+/PNN-,84.20806314000001,10.354565948189398,0.0,0.0,0.0,False,NONE
1050,861,338,119.1623535,12.317557416952052,9209.0,61.39333333333333,0.0,0.0,0.0,2.844390062358003,False,True,687,PV+/PNN-,119.1623535,12.317557416952052,0.0,0.0,0.0,False,NONE
1051,863,469,54.02026692,8.293415464071046,1716.0,25.235294117647058,0.0,0.0,0.0,1.8515821879676015,False,True,688,PV+/PNN-,54.02026692,8.293415464071046,0.0,0.0,0.0,False,NONE
1052,866,411,54.81468261,8.354173898786094,3969.0,57.52173913043478,0.0,0.0,0.0,1.766262161468909,False,True,689,PV+/PNN-,54.81468261,8.354173898786094,0.0,0.0,0.0,False,NONE
1053,872,171,132.66742023,12.996822909266468,16590.0,99.34131736526946,0.0,0.0,0.0,2.3551649020393577,False,True,690,PV+/PNN-,132.66742023,12.996822909266468,0.0,0.0,0.0,False,NONE
1054,877,17,126.31209471,12.681701540530954,13244.0,83.29559748427673,0.0,0.0,0.0,1.9564358733504332,False,True,691,PV+/PNN-,126.31209471,12.681701540530954,0.0,0.0,0.0,False,NONE
1055,887,382,190.65976560000001,15.580614658987523,10076.0,41.983333333333334,0.0,0.0,0.0,2.7420158083215216,False,True,692,PV+/PNN-,190.65976560000001,15.580614658987523,0.0,0.0,0.0,False,NONE
1056,891,605,115.19027505,12.11052490037406,5825.0,40.172413793103445,0.0,0.0,0.0,1.7082394485240304,False,True,693,PV+/PNN-,115.19027505,12.11052490037406,0.0,0.0,0.0,False,NONE
1057,894,366,120.75118488,12.39940255265723,4048.0,26.63157894736842,0.0,0.0,0.0,1.7732164278812892,False,True,694,PV+/PNN-,120.75118488,12.39940255265723,0.0,0.0,0.0,False,NONE
1058,909,234,112.80702798,11.984588810142046,7220.0,50.84507042253521,0.0,0.0,0.0,1.6919782035834792,False,True,695,PV+/PNN-,112.80702798,11.984588810142046,0.0,0.0,0.0,False,NONE
1059,910,799,118.36793781,12.276430232296539,5536.0,37.15436241610738,0.0,0.0,0.0,1.5309525304962672,False,True,696,PV+/PNN-,118.36793781,12.276430232296539,0.0,0.0,0.0,False,NONE
1060,926,375,78.64715331000001,10.006830950662698,2392.0,24.161616161616163,0.0,0.0,0.0,1.5133660001956055,False,True,698,PV+/PNN-,78.64715331000001,10.006830950662698,0.0,0.0,0.0,False,NONE
1061,939,1205,174.7714518,14.917302830020427,9511.0,43.231818181818184,0.0,0.0,0.0,1.3276600730947667,False,True,699,PV+/PNN-,174.7714518,14.917302830020427,0.0,0.0,0.0,False,NONE
1062,938,61,171.59378904,14.781068900342463,11359.0,52.58796296296296,0.0,0.0,0.0,2.167016108091262,False,True,700,PV+/PNN-,171.59378904,14.781068900342463,0.0,0.0,0.0,False,NONE
1063,940,225,220.84756182,16.76877601578504,17411.0,62.6294964028777,0.0,0.0,0.0,1.6629436799292903,False,True,701,PV+/PNN-,220.84756182,16.76877601578504,0.0,0.0,0.0,False,NONE
1064,949,202,95.32988280000001,11.017158280424603,15168.0,126.4,0.0,0.0,0.0,1.5582692471251405,False,True,702,PV+/PNN-,95.32988280000001,11.017158280424603,0.0,0.0,0.0,False,NONE
1065,961,563,92.94663573,10.878572156378345,1942.0,16.5982905982906,0.0,0.0,0.0,1.4736925812465071,False,True,703,PV+/PNN-,92.94663573,10.878572156378345,0.0,0.0,0.0,False,NONE
1066,984,333,107.24611815,11.68546099424064,3112.0,23.05185185185185,0.0,0.0,0.0,1.314329980360788,False,True,705,PV+/PNN-,107.24611815,11.68546099424064,0.0,0.0,0.0,False,NONE
1067,993,550,152.52781248,13.93572540349032,4424.0,23.041666666666668,0.0,0.0,0.0,1.5099936976983594,False,True,706,PV+/PNN-,152.52781248,13.93572540349032,0.0,0.0,0.0,False,NONE
1068,988,569,146.17248696000001,13.642308849668991,7777.0,42.266304347826086,0.0,0.0,0.0,2.326414752673692,False,True,707,PV+/PNN-,146.17248696000001,13.642308849668991,0.0,0.0,0.0,False,NONE
1069,992,291,203.37041664,16.091589626115685,8751.0,34.18359375,0.0,0.0,0.0,1.5516429744150944,False,True,708,PV+/PNN-,203.37041664,16.091589626115685,0.0,0.0,0.0,False,NONE
1070,998,455,165.23846352,14.504762875171126,3732.0,17.942307692307693,0.0,0.0,0.0,1.4289671550695413,False,True,709,PV+/PNN-,165.23846352,14.504762875171126,0.0,0.0,0.0,False,NONE
1071,1001,508,141.40599282,13.418036440588484,3529.0,19.825842696629213,0.0,0.0,0.0,1.4803195901633956,False,True,710,PV+/PNN-,141.40599282,13.418036440588484,0.0,0.0,0.0,False,NONE
1072,1010,478,146.17248696000001,13.642308849668991,3438.0,18.684782608695652,0.0,0.0,0.0,1.4371273033039331,False,True,712,PV+/PNN-,146.17248696000001,13.642308849668991,0.0,0.0,0.0,False,NONE
1073,1007,488,60.37559244,8.767701627645716,1734.0,22.81578947368421,0.0,0.0,0.0,1.4414894145014483,False,True,713,PV+/PNN-,60.37559244,8.767701627645716,0.0,0.0,0.0,False,NONE
1074,1014,649,123.92884764,12.56149312576761,2128.0,13.64102564102564,0.0,0.0,0.0,1.277908219473366,False,True,714,PV+/PNN-,123.92884764,12.56149312576761,0.0,0.0,0.0,False,NONE
1075,1022,183,122.34001626,12.48071098158173,21002.0,136.37662337662337,0.0,0.0,0.0,1.7921149120952173,False,True,717,PV+/PNN-,122.34001626,12.48071098158173,0.0,0.0,0.0,False,NONE
1076,1027,1153,239.91353838,17.477625822254954,9501.0,31.460264900662253,0.0,0.0,0.0,1.2835111264912915,False,True,718,PV+/PNN-,239.91353838,17.477625822254954,0.0,0.0,0.0,False,NONE
1077,1031,392,145.37807127,13.6051868520168,7842.0,42.85245901639344,0.0,0.0,0.0,1.4094652756264074,False,True,719,PV+/PNN-,145.37807127,13.6051868520168,0.0,0.0,0.0,False,NONE
1078,1036,235,104.06845539,11.51104134134072,13213.0,100.86259541984732,0.0,0.0,0.0,1.7970863003078121,False,True,722,PV+/PNN-,104.06845539,11.51104134134072,0.0,0.0,0.0,False,NONE
1079,1036,438,79.441569,10.057243516322302,1669.0,16.69,0.0,0.0,0.0,1.429416451588214,False,True,723,PV+/PNN-,79.441569,10.057243516322302,0.0,0.0,0.0,False,NONE
1080,1040,1105,179.53794594000001,15.119352253034252,6626.0,29.31858407079646,0.0,0.0,0.0,1.2677897100504285,False,True,724,PV+/PNN-,179.53794594000001,15.119352253034252,0.0,0.0,0.0,False,NONE
1081,1041,474,147.76131834,13.716251444643651,3720.0,20.0,0.0,0.0,0.0,1.3673195442743353,False,True,725,PV+/PNN-,147.76131834,13.716251444643651,0.0,0.0,0.0,False,NONE
1082,1041,496,101.68520832,11.378472144697502,2734.0,21.359375,0.0,0.0,0.0,1.3716052643049053,False,True,726,PV+/PNN-,101.68520832,11.378472144697502,0.0,0.0,0.0,False,NONE
1083,1043,225,94.53546711,10.971157418634661,7429.0,62.42857142857143,0.0,0.0,0.0,1.8651468926413568,False,True,727,PV+/PNN-,94.53546711,10.971157418634661,0.0,0.0,0.0,False,NONE
1084,1047,643,113.60144367,12.026714032504808,2479.0,17.335664335664337,0.0,0.0,0.0,1.3426910839012725,False,True,728,PV+/PNN-,113.60144367,12.026714032504808,0.0,0.0,0.0,False,NONE
1085,1049,426,113.60144367,12.026714032504808,3622.0,25.32867132867133,0.0,0.0,0.0,1.345661639396629,False,True,729,PV+/PNN-,113.60144367,12.026714032504808,0.0,0.0,0.0,False,NONE
1086,1056,567,150.14456541,13.82642390884524,4774.0,25.25925925925926,0.0,0.0,0.0,1.2649285422672656,False,True,730,PV+/PNN-,150.14456541,13.82642390884524,0.0,0.0,0.0,False,NONE
1087,1058,539,115.98469074,12.152213577535832,2425.0,16.60958904109589,0.0,0.0,0.0,1.2182146355105643,False,True,731,PV+/PNN-,115.98469074,12.152213577535832,0.0,0.0,0.0,False,NONE
1088,1061,657,126.31209471,12.681701540530954,2904.0,18.264150943396228,0.0,0.0,0.0,1.12208530220836,False,True,732,PV+/PNN-,126.31209471,12.681701540530954,0.0,0.0,0.0,False,NONE
1089,1059,785,63.5532552,8.995472067506276,1705.0,21.3125,0.0,0.0,0.0,1.3094134359645377,False,True,733,PV+/PNN-,63.5532552,8.995472067506276,0.0,0.0,0.0,False,NONE
1090,1063,2576,46.87052571,7.72511532706782,2861.0,48.49152542372882,0.0,0.0,0.0,0.971255845665752,False,True,734,PV+/PNN-,46.87052571,7.72511532706782,0.0,0.0,0.0,False,NONE
1091,1063,2550,38.13195312,6.96786270174516,2753.0,57.354166666666664,0.0,0.0,0.0,0.9345367588392484,False,True,735,PV+/PNN-,38.13195312,6.96786270174516,0.0,0.0,0.0,False,NONE
1092,1071,458,162.85521645,14.3997813056499,3449.0,16.82439024390244,0.0,0.0,0.0,1.4453201536371967,False,True,736,PV+/PNN-,162.85521645,14.3997813056499,0.0,0.0,0.0,False,NONE
1093,1078,329,165.23846352,14.504762875171126,5719.0,27.495192307692307,0.0,0.0,0.0,1.2502696760519838,False,True,737,PV+/PNN-,165.23846352,14.504762875171126,0.0,0.0,0.0,False,NONE
1094,1079,29,146.96690265,13.679330108642857,7094.0,38.34594594594594,0.0,0.0,0.0,1.5588624215625693,False,True,739,PV+/PNN-,146.96690265,13.679330108642857,0.0,0.0,0.0,False,NONE
1095,1083,599,146.17248696000001,13.642308849668991,3071.0,16.690217391304348,0.0,0.0,0.0,1.2198844450856197,False,True,740,PV+/PNN-,146.17248696000001,13.642308849668991,0.0,0.0,0.0,False,NONE
1096,1086,39,125.51767902,12.64175907426016,5677.0,35.93037974683544,0.0,0.0,0.0,1.5402649860155504,False,True,741,PV+/PNN-,125.51767902,12.64175907426016,0.0,0.0,0.0,False,NONE
1097,1092,1081,170.00495766,14.712478883374446,7576.0,35.401869158878505,0.0,0.0,0.0,1.2836977951175486,False,True,742,PV+/PNN-,170.00495766,14.712478883374446,0.0,0.0,0.0,False,NONE
1098,1096,13,155.70547524,14.080140922851225,7818.0,39.88775510204081,0.0,0.0,0.0,1.5320594499616527,False,True,744,PV+/PNN-,155.70547524,14.080140922851225,0.0,0.0,0.0,False,NONE
1099,1101,438,127.90092609,12.761211420003875,2900.0,18.012422360248447,0.0,0.0,0.0,1.284658237941361,False,True,745,PV+/PNN-,127.90092609,12.761211420003875,0.0,0.0,0.0,False,NONE
1100,1112,542,115.19027505,12.11052490037406,2963.0,20.43448275862069,0.0,0.0,0.0,1.463326366897193,False,True,746,PV+/PNN-,115.19027505,12.11052490037406,0.0,0.0,0.0,False,NONE
1101,1113,602,122.34001626,12.48071098158173,2302.0,14.948051948051948,0.0,0.0,0.0,1.2865051485319523,False,True,747,PV+/PNN-,122.34001626,12.48071098158173,0.0,0.0,0.0,False,NONE
1102,1115,614,140.61157713,13.380292240810528,2900.0,16.384180790960453,0.0,0.0,0.0,1.3142073167446646,False,True,748,PV+/PNN-,140.61157713,13.380292240810528,0.0,0.0,0.0,False,NONE
1103,1117,425,84.20806314000001,10.354565948189398,1889.0,17.82075471698113,0.0,0.0,0.0,1.3304725726184838,False,True,749,PV+/PNN-,84.20806314000001,10.354565948189398,0.0,0.0,0.0,False,NONE
1104,1127,638,84.20806314000001,10.354565948189398,1649.0,15.556603773584905,0.0,0.0,0.0,1.3304725726184838,False,True,750,PV+/PNN-,84.20806314000001,10.354565948189398,0.0,0.0,0.0,False,NONE
1105,1129,545,105.65728677,11.598579038183399,2423.0,18.218045112781954,0.0,0.0,0.0,1.3404821520329204,False,True,751,PV+/PNN-,105.65728677,11.598579038183399,0.0,0.0,0.0,False,NONE
1106,1143,51,164.44404783,14.469853647963289,9338.0,45.111111111111114,0.0,0.0,0.0,1.612763370161979,False,True,752,PV+/PNN-,164.44404783,14.469853647963289,0.0,0.0,0.0,False,NONE
1107,1147,217,119.95676919,12.358547737957586,13989.0,92.64238410596026,0.0,0.0,0.0,2.0128267638455215,False,True,753,PV+/PNN-,119.95676919,12.358547737957586,0.0,0.0,0.0,False,NONE
1108,1150,190,120.75118488,12.39940255265723,12516.0,82.34210526315789,0.0,0.0,0.0,1.7863513643841136,False,True,754,PV+/PNN-,120.75118488,12.39940255265723,0.0,0.0,0.0,False,NONE
1109,1151,83,154.11664386,14.008119269352957,9126.0,47.04123711340206,0.0,0.0,0.0,1.713828306334301,False,True,755,PV+/PNN-,154.11664386,14.008119269352957,0.0,0.0,0.0,False,NONE
1110,1148,618,55.6090983,8.414493627225879,1092.0,15.6,0.0,0.0,0.0,1.3532577741633272,False,True,756,PV+/PNN-,55.6090983,8.414493627225879,0.0,0.0,0.0,False,NONE
1111,1163,288,92.94663573,10.878572156378345,5031.0,43.0,0.0,0.0,0.0,1.6505066455645776,False,True,757,PV+/PNN-,92.94663573,10.878572156378345,0.0,0.0,0.0,False,NONE
1112,1166,245,177.15469887,15.0186673222671,13425.0,60.2017937219731,0.0,0.0,0.0,1.7214449020852602,False,True,758,PV+/PNN-,177.15469887,15.0186673222671,0.0,0.0,0.0,False,NONE
1113,1203,4,101.68520832,11.378472144697502,6696.0,52.3125,0.0,0.0,0.0,2.2752784156966928,False,True,760,PV+/PNN-,101.68520832,11.378472144697502,0.0,0.0,0.0,False,NONE
1114,1218,18,166.03287921,14.539588286344586,15019.0,71.86124401913875,0.0,0.0,0.0,1.5544447872123905,False,True,762,PV+/PNN-,166.03287921,14.539588286344586,0.0,0.0,0.0,False,NONE
1115,1219,759,57.99234537,8.592912627102823,1030.0,14.10958904109589,0.0,0.0,0.0,1.4122793983205826,False,True,763,PV+/PNN-,57.99234537,8.592912627102823,0.0,0.0,0.0,False,NONE
1116,1227,740,94.53546711,10.971157418634661,1447.0,12.159663865546218,0.0,0.0,0.0,1.2832924553197471,False,True,765,PV+/PNN-,94.53546711,10.971157418634661,0.0,0.0,0.0,False,NONE
1117,1242,679,60.37559244,8.767701627645716,967.0,12.723684210526315,0.0,0.0,0.0,1.2643075050803707,False,True,767,PV+/PNN-,60.37559244,8.767701627645716,0.0,0.0,0.0,False,NONE
1118,1278,152,86.59131021,10.500070494515816,11076.0,101.61467889908256,0.0,0.0,0.0,1.4509092381812017,False,True,771,PV+/PNN-,86.59131021,10.500070494515816,0.0,0.0,0.0,False,NONE
1119,1284,253,108.83494953,11.77170172875832,6643.0,48.48905109489051,0.0,0.0,0.0,1.6979174822175593,False,True,772,PV+/PNN-,108.83494953,11.77170172875832,0.0,0.0,0.0,False,NONE
1120,1282,704,52.43143554,8.17054325713784,1035.0,15.681818181818182,0.0,0.0,0.0,1.284666233225303,False,True,773,PV+/PNN-,52.43143554,8.17054325713784,0.0,0.0,0.0,False,NONE
1121,1295,167,136.63949868,13.189951216443678,41798.0,243.01162790697674,0.0,0.0,0.0,1.567275441753137,False,True,775,PV+/PNN-,136.63949868,13.189951216443678,0.0,0.0,0.0,False,NONE
1122,1301,42,146.96690265,13.679330108642857,14580.0,78.8108108108108,0.0,0.0,0.0,2.418774009241435,False,True,776,PV+/PNN-,146.96690265,13.679330108642857,0.0,0.0,0.0,False,NONE
1123,1319,176,185.89327146,15.384624282804584,24927.0,106.52564102564102,0.0,0.0,0.0,1.6307194453482843,False,True,777,PV+/PNN-,185.89327146,15.384624282804584,0.0,0.0,0.0,False,NONE
1124,1319,200,143.78923989,13.53063732184699,35654.0,196.98342541436463,0.0,0.0,0.0,2.0286629189870573,False,True,778,PV+/PNN-,143.78923989,13.53063732184699,0.0,0.0,0.0,False,NONE
1125,1320,108,54.02026692,8.293415464071046,7976.0,117.29411764705883,0.0,0.0,0.0,1.9465351206838888,False,True,780,PV+/PNN-,54.02026692,8.293415464071046,0.0,0.0,0.0,False,NONE
1126,1323,267,140.61157713,13.380292240810528,10755.0,60.76271186440678,0.0,0.0,0.0,1.9374718166690428,False,True,781,PV+/PNN-,140.61157713,13.380292240810528,0.0,0.0,0.0,False,NONE
1127,1328,190,163.64963214,14.434859996619657,46096.0,223.76699029126215,0.0,0.0,0.0,1.9447520239657878,False,True,782,PV+/PNN-,163.64963214,14.434859996619657,0.0,0.0,0.0,False,NONE
1128,1348,38,108.83494953,11.77170172875832,4665.0,34.051094890510946,0.0,0.0,0.0,1.643345992650304,False,True,783,PV+/PNN-,108.83494953,11.77170172875832,0.0,0.0,0.0,False,NONE
1129,1360,325,173.18262042,14.84934209921784,6253.0,28.68348623853211,0.0,0.0,0.0,1.6652525314929558,False,True,784,PV+/PNN-,173.18262042,14.84934209921784,0.0,0.0,0.0,False,NONE
1130,1380,2711,54.02026692,8.293415464071046,5508.0,81.0,0.0,0.0,0.0,1.0557266861218781,False,True,785,PV+/PNN-,54.02026692,8.293415464071046,0.0,0.0,0.0,False,NONE
1131,1385,36,158.08872231,14.187487896796528,10004.0,50.2713567839196,0.0,0.0,0.0,1.7491078579097308,False,True,786,PV+/PNN-,158.08872231,14.187487896796528,0.0,0.0,0.0,False,NONE
1132,1385,2790,57.19792968,8.533854108523126,4851.0,67.375,0.0,0.0,0.0,1.0312943525574534,False,True,787,PV+/PNN-,57.19792968,8.533854108523126,0.0,0.0,0.0,False,NONE
1133,1391,2812,81.82481607,10.206987389088184,6312.0,61.28155339805825,0.0,0.0,0.0,0.9827895394147965,False,True,788,PV+/PNN-,81.82481607,10.206987389088184,0.0,0.0,0.0,False,NONE
1134,1399,2834,127.1065104,12.72151859781572,12156.0,75.975,0.0,0.0,0.0,1.0141847780585025,False,True,790,PV+/PNN-,127.1065104,12.72151859781572,0.0,0.0,0.0,False,NONE
1135,1401,2861,73.08624348000001,9.646569098642193,5653.0,61.44565217391305,0.0,0.0,0.0,0.9917909871475818,False,True,791,PV+/PNN-,73.08624348000001,9.646569098642193,0.0,0.0,0.0,False,NONE
1136,1402,281,144.58365558,13.56796328882212,8208.0,45.0989010989011,0.0,0.0,0.0,1.5871253646620602,False,True,792,PV+/PNN-,144.58365558,13.56796328882212,0.0,0.0,0.0,False,NONE
1137,1401,2817,85.00247883,10.403293586497956,8014.0,74.89719626168224,0.0,0.0,0.0,0.9714577098044354,False,True,793,PV+/PNN-,85.00247883,10.403293586497956,0.0,0.0,0.0,False,NONE
1138,1401,2780,77.85273762,9.956163126610313,7945.0,81.07142857142857,0.0,0.0,0.0,1.0372664489342864,False,True,794,PV+/PNN-,77.85273762,9.956163126610313,0.0,0.0,0.0,False,NONE
1139,1402,2720,57.19792968,8.533854108523126,4950.0,68.75,0.0,0.0,0.0,0.9439765240800488,False,True,795,PV+/PNN-,57.19792968,8.533854108523126,0.0,0.0,0.0,False,NONE
1140,1413,139,261.36276201,18.242187481558705,26603.0,80.86018237082067,0.0,0.0,0.0,1.9294994921378457,False,True,796,PV+/PNN-,261.36276201,18.242187481558705,0.0,0.0,0.0,False,NONE
1141,1419,2365,224.81964027,16.918902341017805,29538.0,104.37455830388693,0.0,0.0,0.0,1.450588377356649,False,True,797,PV+/PNN-,224.81964027,16.918902341017805,0.0,0.0,0.0,False,NONE
1142,1427,279,277.25107581,18.788481405948126,13426.0,38.46991404011462,0.0,0.0,0.0,1.945632989065562,False,True,799,PV+/PNN-,277.25107581,18.788481405948126,0.0,0.0,0.0,False,NONE
1143,1432,2829,79.441569,10.057243516322302,7751.0,77.51,0.0,0.0,0.0,1.0118484361614044,False,True,801,PV+/PNN-,79.441569,10.057243516322302,0.0,0.0,0.0,False,NONE
1144,1436,2852,62.75883951,8.93907356753593,8361.0,105.83544303797468,0.0,0.0,0.0,1.0098158993671509,False,True,802,PV+/PNN-,62.75883951,8.93907356753593,0.0,0.0,0.0,False,NONE
1145,1446,2831,64.34767089,9.051519164690074,5436.0,67.11111111111111,0.0,0.0,0.0,1.0074327237543188,False,True,803,PV+/PNN-,64.34767089,9.051519164690074,0.0,0.0,0.0,False,NONE
1146,1450,3,71.4974121,9.54113894836179,6705.0,74.5,0.0,0.0,0.0,1.7270050508044494,False,True,804,PV+/PNN-,71.4974121,9.54113894836179,0.0,0.0,0.0,False,NONE
1147,1467,2842,105.65728677,11.598579038183399,11040.0,83.00751879699249,0.0,0.0,0.0,0.9782932646358912,False,True,805,PV+/PNN-,105.65728677,11.598579038183399,0.0,0.0,0.0,False,NONE
1148,1492,166,168.41612628000001,14.643567596416075,45000.0,212.26415094339623,0.0,0.0,0.0,2.3734107865460756,False,True,807,PV+/PNN-,168.41612628000001,14.643567596416075,0.0,0.0,0.0,False,NONE
1149,1490,2720,40.51520019,7.182308476024235,3194.0,62.627450980392155,0.0,0.0,0.0,0.9445318043883312,False,True,808,PV+/PNN-,40.51520019,7.182308476024235,0.0,0.0,0.0,False,NONE
1150,1498,2778,48.45935709,7.854958291387057,3978.0,65.21311475409836,0.0,0.0,0.0,1.0250656550010235,False,True,809,PV+/PNN-,48.45935709,7.854958291387057,0.0,0.0,0.0,False,NONE
1151,1502,2755,132.66742023,12.996822909266468,11114.0,66.55089820359281,0.0,0.0,0.0,1.0441680443753714,False,True,810,PV+/PNN-,132.66742023,12.996822909266468,0.0,0.0,0.0,False,NONE
1152,1507,79,203.37041664,16.091589626115685,22020.0,86.015625,0.0,0.0,0.0,1.6714468699907223,False,True,811,PV+/PNN-,203.37041664,16.091589626115685,0.0,0.0,0.0,False,NONE
1153,1505,2859,53.22585123,8.232208609372499,5189.0,77.44776119402985,0.0,0.0,0.0,0.9034700687557184,False,True,812,PV+/PNN-,53.22585123,8.232208609372499,0.0,0.0,0.0,False,NONE
1154,1513,2373,162.06080076,14.36461695204847,9993.0,48.98529411764706,0.0,0.0,0.0,1.552771972073145,False,True,813,PV+/PNN-,162.06080076,14.36461695204847,0.0,0.0,0.0,False,NONE
1155,1515,2786,41.30961588,7.252381437585563,5325.0,102.40384615384616,0.0,0.0,0.0,0.8601986075679445,False,True,814,PV+/PNN-,41.30961588,7.252381437585563,0.0,0.0,0.0,False,NONE
1156,1562,187,159.67755369,14.258603569939103,23595.0,117.38805970149254,0.0,0.0,0.0,2.2509613338753582,False,True,816,PV+/PNN-,159.67755369,14.258603569939103,0.0,0.0,0.0,False,NONE
1157,1574,102,129.48975747,12.84022896403991,23793.0,145.96932515337423,0.0,0.0,0.0,1.974358752082026,False,True,818,PV+/PNN-,129.48975747,12.84022896403991,0.0,0.0,0.0,False,NONE
1158,1611,93,305.85004065,19.733736760037036,53249.0,138.3090909090909,0.0,0.0,0.0,1.9674922648903752,False,True,820,PV+/PNN-,305.85004065,19.733736760037036,0.0,0.0,0.0,False,NONE
1159,1699,1642,127.90092609,12.761211420003875,1132.0,7.031055900621118,0.0,0.0,0.0,10.83213061381856,False,True,821,PV+/PNN-,127.90092609,12.761211420003875,0.0,0.0,0.0,False,NONE
1160,1764,960,123.13443195,12.521167201073583,1264.0,8.154838709677419,0.0,0.0,0.0,0.5609961130040884,False,True,822,PV+/PNN-,123.13443195,12.521167201073583,0.0,0.0,0.0,False,NONE
1161,1778,944,166.03287921,14.539588286344586,3003.0,14.368421052631579,0.0,0.0,0.0,0.6156398091613926,False,True,823,PV+/PNN-,166.03287921,14.539588286344586,0.0,0.0,0.0,False,NONE
1162,1781,473,225.61405596,16.948768034767717,9789.0,34.46830985915493,0.0,0.0,0.0,1.8373638837358077,False,True,824,PV+/PNN-,225.61405596,16.948768034767717,0.0,0.0,0.0,False,NONE
1163,1796,968,185.09885577,15.351715957885437,2176.0,9.339055793991417,0.0,0.0,0.0,0.5881419399171703,False,True,825,PV+/PNN-,185.09885577,15.351715957885437,0.0,0.0,0.0,False,NONE
1164,1839,982,173.18262042,14.84934209921784,1466.0,6.724770642201835,0.0,0.0,0.0,0.6122423887141197,False,True,827,PV+/PNN-,173.18262042,14.84934209921784,0.0,0.0,0.0,False,NONE
1165,1843,2626,122.34001626,12.48071098158173,2754.0,17.883116883116884,0.0,0.0,0.0,2.019404843997089,False,True,828,PV+/PNN-,122.34001626,12.48071098158173,0.0,0.0,0.0,False,NONE
1166,1853,695,178.74353025,15.085865274483455,4975.0,22.11111111111111,0.0,0.0,0.0,1.8282937318382386,False,True,829,PV+/PNN-,178.74353025,15.085865274483455,0.0,0.0,0.0,False,NONE
1167,1872,313,211.31457354,16.40286778005525,10476.0,39.38345864661654,0.0,0.0,0.0,2.6929414498130972,False,True,830,PV+/PNN-,211.31457354,16.40286778005525,0.0,0.0,0.0,False,NONE
1168,1870,2656,145.37807127,13.6051868520168,3741.0,20.442622950819672,0.0,0.0,0.0,2.081236110221734,False,True,831,PV+/PNN-,145.37807127,13.6051868520168,0.0,0.0,0.0,False,NONE
1169,1900,224,205.75366371,16.185601660417575,10988.0,42.424710424710426,0.0,0.0,0.0,3.2897399629339494,False,True,832,PV+/PNN-,205.75366371,16.185601660417575,0.0,0.0,0.0,False,NONE
1170,1899,1007,141.40599282,13.418036440588484,1994.0,11.202247191011235,0.0,0.0,0.0,0.5152361752640289,False,True,833,PV+/PNN-,141.40599282,13.418036440588484,0.0,0.0,0.0,False,NONE
1171,1931,568,368.60888016,21.66396553635222,15308.0,32.991379310344826,0.0,0.0,0.0,1.4930799372951902,False,True,834,PV+/PNN-,368.60888016,21.66396553635222,0.0,0.0,0.0,False,NONE
1172,1927,2836,124.72326333,12.60169000650996,5287.0,33.67515923566879,0.0,0.0,0.0,1.622046285246466,False,True,835,PV+/PNN-,124.72326333,12.60169000650996,0.0,0.0,0.0,False,NONE
1173,1935,422,203.37041664,16.091589626115685,8334.0,32.5546875,0.0,0.0,0.0,1.69252040840915,False,True,836,PV+/PNN-,203.37041664,16.091589626115685,0.0,0.0,0.0,False,NONE
