label,centroid_y,centroid_x,area_um2,diameter_um,wfa_sum_intensity,wfa_mean_intensity,wfa_pericellular_intensity,wfa_intensity_norm,wfa_pericellular_norm,pv_intensity_norm,is_pnn_plus,is_pv_plus,pv_label,cell_type,pv_area_um2,pv_diameter_um,pnn_area_um2,pnn_diameter_um,score,is_in_roi,roi_region
1,545,922,296.31705237,19.42376350908454,51468.0,137.98391420911528,111.37903225806451,3.9802335482243874,3.212798849077939,1.5470231956442257,True,False,-1,PV-/PNN+,0.0,0.0,296.31705237,19.42376350908454,2.475212335586548,False,NONE
2,565,726,296.31705237,19.42376350908454,32969.0,88.3887399463807,61.153225806451616,2.5496292813283947,1.7640035965938754,1.6551724006331632,True,True,118,PV+/PNN+,96.91871418,11.10858854755457,296.31705237,19.42376350908454,2.3872194290161133,False,NONE
3,407,1019,296.31705237,19.42376350908454,14090.0,37.77479892761394,30.733870967741936,1.089638041005705,0.8865380069391083,1.480264427132536,True,True,38,PV+/PNN+,135.05066730000001,13.113041224263421,296.31705237,19.42376350908454,0.7504827976226807,False,NONE
4,556,1135,296.31705237,19.42376350908454,73017.0,195.75603217158178,154.2016129032258,5.646706943939926,4.448043356253658,1.665186215909917,True,False,-1,PV-/PNN+,0.0,0.0,296.31705237,19.42376350908454,1.6437898874282837,False,NONE
5,441,1128,296.31705237,19.42376350908454,16014.0,42.93297587131367,39.04032258064516,1.23842892751351,1.126142873679408,1.8434321278361288,True,True,55,PV+/PNN+,227.99730303,17.038051012682235,296.31705237,19.42376350908454,0.3577611446380615,False,NONE
6,438,859,296.31705237,19.42376350908454,13584.0,36.41823056300268,28.677419354838708,1.0505069658638393,0.8272183554645681,1.9602599727315861,True,True,51,PV+/PNN+,163.64963214,14.434859996619657,296.31705237,19.42376350908454,0.4017474353313446,False,NONE
7,414,892,296.31705237,19.42376350908454,9357.0,25.0857908847185,24.693548387096776,0.7236155535621278,0.71230106986291,1.0216316874572269,True,False,-1,PV-/PNN+,0.0,0.0,296.31705237,19.42376350908454,-0.937356173992157,False,NONE
8,447,935,296.31705237,19.42376350908454,11462.0,30.72922252010724,28.822580645161292,0.8864039195179126,0.8314056249804181,1.1729515627503904,True,False,-1,PV-/PNN+,0.0,0.0,296.31705237,19.42376350908454,-0.8622573018074036,False,NONE
9,462,790,296.31705237,19.42376350908454,9894.0,26.525469168900806,21.983870967741936,0.7651439870624872,0.6341387055670452,1.2299190452136992,True,True,69,PV+/PNN+,94.53546711,10.971157418634661,296.31705237,19.42376350908454,-1.803608775138855,False,NONE
10,320,1597,296.31705237,19.42376350908454,22693.0,60.839142091152816,54.806451612903224,1.754943652558017,1.5809268683175492,1.6346997116229118,True,False,-1,PV-/PNN+,0.0,0.0,296.31705237,19.42376350908454,1.1957443952560425,False,NONE
11,322,1298,296.31705237,19.42376350908454,15746.0,42.21447721179624,39.03225806451613,1.2177033778336286,1.125910247595194,2.3783923928431365,True,True,18,PV+/PNN+,228.79171872,17.067708217046253,296.31705237,19.42376350908454,0.7657155394554138,False,NONE
12,359,1270,296.31705237,19.42376350908454,18109.0,48.54959785522788,38.935483870967744,1.4004439520633292,1.1231187345846274,1.529443386602814,True,True,25,PV+/PNN+,186.68768715,15.417462365594622,296.31705237,19.42376350908454,0.8537780046463013,False,NONE
13,267,1683,296.31705237,19.42376350908454,16896.0,45.297587131367294,38.5,1.306637639519687,1.1105569260370778,1.5074129929939564,True,True,5,PV+/PNN+,173.97703611,14.883361255142246,296.31705237,19.42376350908454,0.41235220432281494,False,NONE
14,481,1524,296.31705237,19.42376350908454,56660.0,151.9034852546917,129.7983870967742,4.381752406201792,3.744116825422448,1.8122780358640067,True,False,-1,PV-/PNN+,0.0,0.0,296.31705237,19.42376350908454,1.8721650838851929,False,NONE
15,454,1696,296.31705237,19.42376350908454,35671.0,95.63270777479893,82.29032258064517,2.7585861292203337,2.373716563318463,2.124486543270343,True,True,63,PV+/PNN+,204.95924802,16.154325106244645,296.31705237,19.42376350908454,2.0516083240509033,False,NONE
16,510,1693,296.31705237,19.42376350908454,79079.0,212.00804289544237,197.44354838709677,6.115506504236348,5.695384419808499,2.3857358573794225,True,True,92,PV+/PNN+,170.00495766,14.712478883374446,296.31705237,19.42376350908454,2.6687521934509277,False,NONE
17,462,1239,296.31705237,19.42376350908454,22868.0,61.30831099195711,49.274193548387096,1.7684771271624173,1.4213453745468254,1.5470231956442257,True,False,-1,PV-/PNN+,0.0,0.0,296.31705237,19.42376350908454,1.4777188301086426,False,NONE
18,527,1495,296.31705237,19.42376350908454,63875.0,171.2466487935657,118.69354838709677,4.939718230606061,3.4237907074599305,1.6609581605708432,True,False,-1,PV-/PNN+,0.0,0.0,296.31705237,19.42376350908454,1.573041319847107,False,NONE
19,499,1429,296.31705237,19.42376350908454,41251.0,110.59249329758713,119.14516129032258,3.190110633749207,3.4368177681759082,2.743340327373708,True,True,85,PV+/PNN+,170.79937335,14.746813769937054,296.31705237,19.42376350908454,2.352954864501953,False,NONE
20,515,1565,296.31705237,19.42376350908454,65552.0,175.7426273458445,145.1451612903226,5.069407584386513,4.186804263681467,1.588858690578218,True,False,-1,PV-/PNN+,0.0,0.0,296.31705237,19.42376350908454,0.8944768309593201,False,NONE
21,571,1622,296.31705237,19.42376350908454,80596.0,216.07506702412869,174.91935483870967,6.232822395521348,5.045659766599123,1.7802338269783957,True,True,125,PV+/PNN+,102.47962401,11.422832828117684,296.31705237,19.42376350908454,1.0786480903625488,False,NONE
22,375,1615,296.31705237,19.42376350908454,20424.0,54.75603217158177,45.33064516129032,1.5794724875443944,1.3075912193662367,1.608218733446608,True,True,30,PV+/PNN+,139.81716144,13.342441267550267,296.31705237,19.42376350908454,0.3934731185436249,False,NONE
23,441,1446,296.31705237,19.42376350908454,20219.0,54.206434316353885,43.564516129032256,1.563618988722097,1.2566461069233963,1.7504149103765074,True,False,-1,PV-/PNN+,0.0,0.0,296.31705237,19.42376350908454,0.10539455711841583,False,NONE
24,508,1650,296.31705237,19.42376350908454,49137.0,131.73458445040214,105.12903225806451,3.799967666493777,3.0325136338121794,1.5080805806790736,True,False,-1,PV-/PNN+,0.0,0.0,296.31705237,19.42376350908454,0.42022472620010376,False,NONE
25,558,1654,296.31705237,19.42376350908454,47736.0,127.97855227882037,104.50806451612904,3.6916225355179795,3.0146014253277107,1.9894113016483572,True,True,115,PV+/PNN+,139.81716144,13.342441267550267,296.31705237,19.42376350908454,0.5496435165405273,False,NONE
26,549,1395,296.31705237,19.42376350908454,43157.0,115.7024128686327,101.96774193548387,3.3375095057262745,2.9413242088003373,2.1474070537926897,True,True,113,PV+/PNN+,159.67755369,14.258603569939101,296.31705237,19.42376350908454,0.41083046793937683,False,NONE
27,549,1318,296.31705237,19.42376350908454,82993.0,222.50134048257374,215.71774193548387,6.418192330531332,6.222515126637158,3.10450526502195,True,True,110,PV+/PNN+,194.63184405,15.742076118135982,296.31705237,19.42376350908454,1.6123615503311157,False,NONE
28,544,1440,296.31705237,19.42376350908454,43560.0,116.7828418230563,107.2741935483871,3.3686751643866932,3.0943921722130727,1.8033768667291148,True,True,111,PV+/PNN+,129.48975747,12.84022896403991,296.31705237,19.42376350908454,-0.39725688099861145,False,NONE
29,567,2281,296.31705237,19.42376350908454,72731.0,194.98927613941018,169.5241935483871,5.624589379729306,4.890032916260036,1.52031968823955,True,True,122,PV+/PNN+,135.05066730000001,13.113041224263421,296.31705237,19.42376350908454,2.0983989238739014,False,NONE
30,438,2206,296.31705237,19.42376350908454,48266.0,129.39946380697052,92.25,3.7326096300341627,2.6610097773226085,1.6309167147405828,True,True,52,PV+/PNN+,146.17248696000001,13.642308849668993,296.31705237,19.42376350908454,1.9868282079696655,False,NONE
31,487,2023,296.31705237,19.42376350908454,49490.0,132.6809651474531,104.91129032258064,3.8272666181243675,3.0262327295384046,1.5499160756130659,True,True,78,PV+/PNN+,173.97703611,14.883361255142246,296.31705237,19.42376350908454,2.0212581157684326,False,NONE
32,308,2144,296.31705237,19.42376350908454,20643.0,55.343163538873995,43.29032258064516,1.5964086643350437,1.2487368200601243,1.0721458222977387,True,False,-1,PV-/PNN+,0.0,0.0,296.31705237,19.42376350908454,2.108006715774536,False,NONE
33,395,1825,296.31705237,19.42376350908454,31150.0,83.51206434316354,69.13709677419355,2.4089584795832297,1.9943034199656196,1.7695524240165252,True,True,36,PV+/PNN+,132.66742023,12.996822909266468,296.31705237,19.42376350908454,1.637769341468811,False,NONE
34,456,2292,296.31705237,19.42376350908454,34280.0,91.90348525469169,83.0,2.6510143396505015,2.3941876587292845,2.355916940777534,True,True,65,PV+/PNN+,258.97951494,18.158825944921077,296.31705237,19.42376350908454,0.7654244303703308,False,NONE
35,503,1881,296.31705237,19.42376350908454,38649.0,103.61662198391421,74.34677419354838,2.988887199916926,2.144579870367788,1.6849913172350515,True,True,88,PV+/PNN+,116.77910643,12.19375972805403,296.31705237,19.42376350908454,1.8141334056854248,False,NONE
36,422,1943,296.31705237,19.42376350908454,36558.0,98.0107238605898,72.69354838709677,2.827181511929493,2.096891523103942,1.6487190530103668,True,True,42,PV+/PNN+,172.38820473,14.815244827816286,296.31705237,19.42376350908454,1.6858469247817993,False,NONE
37,442,2039,296.31705237,19.42376350908454,36762.0,98.55764075067025,68.24193548387096,2.842957676611194,1.9684819246178782,1.4922810054646403,True,True,59,PV+/PNN+,130.28417316,12.879555944225542,296.31705237,19.42376350908454,1.3942642211914062,False,NONE
38,477,1963,296.31705237,19.42376350908454,35629.0,95.5201072386059,70.33870967741936,2.7553380953152775,2.0289647065134884,1.330057197981234,True,False,-1,PV-/PNN+,0.0,0.0,296.31705237,19.42376350908454,1.091179609298706,False,NONE
39,439,1906,296.31705237,19.42376350908454,27486.0,73.68900804289544,73.66935483870968,2.1256061884373882,2.125039279293822,2.649210463772225,True,True,50,PV+/PNN+,168.41612628000001,14.643567596416077,296.31705237,19.42376350908454,1.5181021690368652,False,NONE
40,385,2037,296.31705237,19.42376350908454,14375.0,38.53887399463807,32.86290322580645,1.111678271075728,0.9479512931715733,1.4751462548799732,True,True,34,PV+/PNN+,115.19027505,12.110524900374061,296.31705237,19.42376350908454,0.030028145760297775,False,NONE
41,439,2072,296.31705237,19.42376350908454,23403.0,62.742627345844504,49.82258064516129,1.8098508923815835,1.4371639482733696,1.4807094855892806,True,True,53,PV+/PNN+,149.35014972,13.789797556005714,296.31705237,19.42376350908454,-0.11144645512104034,False,NONE
42,472,2054,296.31705237,19.42376350908454,33242.0,89.12064343163539,67.64516129032258,2.570741501711259,1.951267594386051,1.8505530631440423,True,True,74,PV+/PNN+,169.21054197,14.678063680958498,296.31705237,19.42376350908454,-0.14894111454486847,False,NONE
43,372,1939,296.31705237,19.42376350908454,14840.0,39.78552278820376,34.12096774193548,1.1476386464531343,0.9842409623089391,1.4143957755343355,True,False,-1,PV-/PNN+,0.0,0.0,296.31705237,19.42376350908454,0.06394267082214355,False,NONE
44,274,1820,296.31705237,19.42376350908454,11400.0,30.56300268096515,29.846774193548388,0.8816092028009253,0.8609491376755812,0.9041362548766527,True,True,7,PV+/PNN+,62.75883951,8.93907356753593,296.31705237,19.42376350908454,-1.7851698398590088,False,NONE
45,529,1969,296.31705237,19.42376350908454,37660.0,100.9651474530831,61.91935483870968,2.912403734866916,1.7861030745941942,2.381507802040349,True,True,106,PV+/PNN+,162.85521645,14.399781305649903,296.31705237,19.42376350908454,0.38339459896087646,False,NONE
46,504,2098,296.31705237,19.42376350908454,16120.0,43.2171581769437,39.58870967741935,1.2466263464167469,1.1419614474059518,1.6344771823945397,True,True,90,PV+/PNN+,138.22833006,13.266415342325756,296.31705237,19.42376350908454,0.11061301827430725,False,NONE
47,563,2119,296.31705237,19.42376350908454,12242.0,32.820375335120644,39.814516129032256,0.9467245491832391,1.1484749777639407,1.2374850389783572,True,False,-1,PV-/PNN+,0.0,0.0,296.31705237,19.42376350908454,-0.24399811029434204,False,NONE
48,452,2008,296.31705237,19.42376350908454,20866.0,55.94101876675603,55.943548387096776,1.6136541776880793,1.6137271461917069,1.7281619875392777,True,True,64,PV+/PNN+,160.47196938,14.29402872657482,296.31705237,19.42376350908454,-0.9602653980255127,False,NONE
49,531,2780,296.31705237,19.42376350908454,73136.0,196.07506702412869,156.40322580645162,5.655909706670918,4.511550277244048,1.6048807950210238,True,False,-1,PV-/PNN+,0.0,0.0,296.31705237,19.42376350908454,2.2744104862213135,False,NONE
50,386,2571,296.31705237,19.42376350908454,27711.0,74.29222520107238,63.28225806451613,2.143006370071617,1.8254168828263404,1.6382601792768685,True,True,33,PV+/PNN+,148.55573403,13.753073662427433,296.31705237,19.42376350908454,1.007999300956726,False,NONE
51,387,2466,296.31705237,19.42376350908454,25527.0,68.43699731903486,55.75806451612903,1.9741086070087035,1.6083767462547875,2.708403238519257,True,True,35,PV+/PNN+,167.62171059,14.608990056788347,296.31705237,19.42376350908454,1.5438635349273682,False,NONE
52,493,2613,296.31705237,19.42376350908454,23108.0,61.951742627345844,47.556451612903224,1.7870373209055948,1.3717960186092684,1.6800956742108608,True,True,84,PV+/PNN+,150.14456541,13.82642390884524,296.31705237,19.42376350908454,0.9997938871383667,False,NONE
53,513,2558,296.31705237,19.42376350908454,31885.0,85.48257372654156,75.4758064516129,2.4657990729217105,2.1771475221577314,1.8254072603379725,True,True,98,PV+/PNN+,131.87300454,12.957851838301272,296.31705237,19.42376350908454,1.5987411737442017,False,NONE
54,488,2702,296.31705237,19.42376350908454,21387.0,57.33780160857909,53.45161290322581,1.6539452649388937,1.541845686169617,1.6186776071801063,True,True,81,PV+/PNN+,106.45170246,11.642101063659146,296.31705237,19.42376350908454,-0.140922412276268,False,NONE
55,290,2490,296.31705237,19.42376350908454,11116.0,29.801608579088473,25.717741935483872,0.8596463068714987,0.7418445825580731,1.0258597427963005,True,True,11,PV+/PNN+,96.91871418,11.10858854755457,296.31705237,19.42376350908454,-0.5589337348937988,False,NONE
56,494,2440,296.31705237,19.42376350908454,14529.0,38.951742627345844,37.516129032258064,1.1235877287276002,1.082176543762984,1.8423194816942672,True,True,83,PV+/PNN+,139.81716144,13.342441267550267,296.31705237,19.42376350908454,-1.2194157838821411,False,NONE
57,539,2413,296.31705237,19.42376350908454,15676.0,42.02680965147453,41.20967741935484,1.2122899879918687,1.1887192903329424,1.4916134177795233,True,True,108,PV+/PNN+,137.43391437,13.228238528376714,296.31705237,19.42376350908454,-1.966974139213562,False,NONE
58,881,165,296.31705237,19.42376350908454,34138.0,91.52278820375335,77.15322580645162,2.640032891685788,2.2255337476742194,1.692112252542965,True,False,-1,PV-/PNN+,0.0,0.0,296.31705237,19.42376350908454,1.4772926568984985,False,NONE
59,1114,497,296.31705237,19.42376350908454,60904.0,163.28150134048258,138.43548387096774,4.709958498893645,3.9932593616155168,2.5713252338419204,True,True,458,PV+/PNN+,170.00495766,14.712478883374446,296.31705237,19.42376350908454,2.5532193183898926,False,NONE
60,1057,323,296.31705237,19.42376350908454,71486.0,191.6514745308311,194.06451612903226,5.528308374686573,5.597914090522882,2.906454251770603,True,True,424,PV+/PNN+,205.75366371,16.185601660417575,296.31705237,19.42376350908454,3.271273612976074,False,NONE
61,777,510,296.31705237,19.42376350908454,28776.0,77.14745308310992,67.74193548387096,2.225367229806967,1.9540591073966176,2.435359875306445,True,True,238,PV+/PNN+,161.26638507,14.329366305165497,296.31705237,19.42376350908454,2.2904555797576904,False,NONE
62,1115,31,296.31705237,19.42376350908454,68452.0,183.51742627345845,151.8790322580645,5.293676592116573,4.381047044000059,1.7452967381239446,True,False,-1,PV-/PNN+,0.0,0.0,296.31705237,19.42376350908454,1.758125901222229,False,NONE
63,822,397,296.31705237,19.42376350908454,27143.0,72.76943699731903,59.153225806451616,2.099080578212764,1.7063123277088323,1.8000389283035303,True,False,-1,PV-/PNN+,0.0,0.0,296.31705237,19.42376350908454,1.9572149515151978,False,NONE
64,646,532,296.31705237,19.42376350908454,17833.0,47.80965147453083,43.064516129032256,1.3790997292586753,1.2422232897021355,1.5824053429554212,True,True,163,PV+/PNN+,154.11664386,14.008119269352957,296.31705237,19.42376350908454,0.5360366106033325,False,NONE
65,1010,495,296.31705237,19.42376350908454,59488.0,159.48525469168902,141.13709677419354,4.600453355808899,4.071189099827167,3.0470927241018964,True,True,402,PV+/PNN+,200.19275388,15.965379131403353,296.31705237,19.42376350908454,1.735855221748352,False,NONE
66,1129,299,296.31705237,19.42376350908454,60795.0,162.98927613941018,133.8548387096774,4.701529077568618,3.8611277457820306,2.675246383491784,True,True,474,PV+/PNN+,161.26638507,14.329366305165497,296.31705237,19.42376350908454,2.049722194671631,False,NONE
67,869,219,296.31705237,19.42376350908454,39725.0,106.50134048257372,94.30645161290323,3.072098735198838,2.7203294287971485,1.5087481683641903,True,False,-1,PV-/PNN+,0.0,0.0,296.31705237,19.42376350908454,1.504489541053772,False,NONE
68,760,212,296.31705237,19.42376350908454,19351.0,51.879356568364614,40.395161290322584,1.4964929546842722,1.1652240558273403,1.294452521441666,True,False,-1,PV-/PNN+,0.0,0.0,296.31705237,19.42376350908454,0.9659479260444641,False,NONE
69,881,303,296.31705237,19.42376350908454,31901.0,85.5254691689008,67.38709677419355,2.4670364191712553,1.943823559691207,1.6974529540239,True,False,-1,PV-/PNN+,0.0,0.0,296.31705237,19.42376350908454,0.7490131855010986,False,NONE
70,974,181,296.31705237,19.42376350908454,22361.0,59.94906166219839,52.78225806451613,1.729268717879955,1.5225377211798645,2.7275407521592747,True,True,379,PV+/PNN+,162.85521645,14.399781305649903,296.31705237,19.42376350908454,1.7553719282150269,False,NONE
71,1019,60,296.31705237,19.42376350908454,29542.0,79.20107238605898,79.39516129032258,2.284605181503941,2.2902037990856785,3.4868104793655603,True,True,405,PV+/PNN+,258.97951494,18.158825944921077,296.31705237,19.42376350908454,1.9049497842788696,False,NONE
72,825,319,296.31705237,19.42376350908454,19215.0,51.51474530831099,45.056451612903224,1.4859755115631383,1.2996819325029647,2.9996939984585964,True,True,274,PV+/PNN+,179.53794594000001,15.11935225303425,296.31705237,19.42376350908454,1.9439399242401123,False,NONE
73,795,446,296.31705237,19.42376350908454,19549.0,52.41018766756032,44.524193548387096,1.5118051145223936,1.2843286109448484,3.0388591426521216,True,True,251,PV+/PNN+,204.95924802,16.154325106244645,296.31705237,19.42376350908454,0.7787910103797913,False,NONE
74,1047,388,296.31705237,19.42376350908454,75856.0,203.36729222520108,190.31451612903226,5.8662585690935956,5.489742961363426,2.042150728772592,True,True,417,PV+/PNN+,161.26638507,14.329366305165497,296.31705237,19.42376350908454,2.1823227405548096,False,NONE
75,724,547,296.31705237,19.42376350908454,19779.0,53.02680965147453,44.685483870967744,1.5295919668596052,1.288981132629126,2.2784767693039742,True,True,204,PV+/PNN+,145.37807127,13.605186852016802,296.31705237,19.42376350908454,0.6269384026527405,False,NONE
76,868,252,296.31705237,19.42376350908454,26402.0,70.7828418230563,77.04838709677419,2.041775980030704,2.222509608579439,2.5179182190325684,True,True,302,PV+/PNN+,191.45418129,15.61304053102159,296.31705237,19.42376350908454,0.7176296710968018,False,NONE
77,984,558,296.31705237,19.42376350908454,49608.0,132.99731903485255,132.06451612903226,3.836392046714763,3.8094847550865487,1.734392805933702,True,True,387,PV+/PNN+,85.79689452,10.45179405261774,296.31705237,19.42376350908454,0.9967461228370667,False,NONE
78,1004,102,296.31705237,19.42376350908454,27859.0,74.68900804289544,61.596774193548384,2.15445182287991,1.7767980312256388,2.1930255456090113,True,True,400,PV+/PNN+,191.45418129,15.61304053102159,296.31705237,19.42376350908454,1.2114086151123047,False,NONE
79,947,307,296.31705237,19.42376350908454,43228.0,115.89276139410188,87.85483870967742,3.343000229708631,2.5342285614260422,1.8311930202756521,True,True,361,PV+/PNN+,111.2181966,11.899891008124815,296.31705237,19.42376350908454,1.6703698635101318,False,NONE
80,826,554,296.31705237,19.42376350908454,30619.0,82.08847184986595,84.08870967741936,2.36789405092645,2.4255921800981586,2.6794744388308573,True,True,273,PV+/PNN+,234.35262855,17.273883005349166,296.31705237,19.42376350908454,0.6837852001190186,False,NONE
81,1150,519,296.31705237,19.42376350908454,27113.0,72.68900804289544,78.69354838709677,2.096760553994867,2.2699653297590707,2.110467201882888,True,True,484,PV+/PNN+,181.12677732,15.186104684686722,296.31705237,19.42376350908454,0.04416322335600853,False,NONE
82,1100,214,296.31705237,19.42376350908454,44633.0,119.65951742627345,110.74193548387096,3.451654697246815,3.194421388425042,2.0247934489595525,True,True,450,PV+/PNN+,100.89079263,11.333937836259334,296.31705237,19.42376350908454,1.21711266040802,False,NONE
83,950,460,296.31705237,19.42376350908454,59275.0,158.9142091152815,106.5241935483871,4.583981183861828,3.0727579463811816,1.564157946228893,True,False,-1,PV-/PNN+,0.0,0.0,296.31705237,19.42376350908454,1.1931620836257935,False,NONE
84,986,372,296.31705237,19.42376350908454,49172.0,131.82841823056302,90.2258064516129,3.802674361414658,2.6026206301849233,1.8029318082723704,True,True,388,PV+/PNN+,123.13443195,12.521167201073585,296.31705237,19.42376350908454,1.310947299003601,False,NONE
85,1136,204,296.31705237,19.42376350908454,49891.0,133.75603217158178,120.4274193548387,3.858277608503593,3.4738053155659157,2.051496956364229,True,True,478,PV+/PNN+,142.9948242,13.493208101259413,296.31705237,19.42376350908454,0.9553297758102417,False,NONE
86,823,360,296.31705237,19.42376350908454,18548.0,49.72654155495979,37.29032258064516,1.4343936397852246,1.0756630134049951,1.7132525292383334,True,True,275,PV+/PNN+,96.12429849,11.062967867954534,296.31705237,19.42376350908454,-0.28816747665405273,False,NONE
87,1115,410,296.31705237,19.42376350908454,35968.0,96.42895442359249,75.38709677419355,2.7815543689775155,2.174588635231379,2.6227294855959213,True,True,459,PV+/PNN+,173.18262042,14.849342099217841,296.31705237,19.42376350908454,1.6244438886642456,False,NONE
88,916,386,296.31705237,19.42376350908454,26059.0,69.8632707774799,58.37096774193548,2.01525036980608,1.6837475975400855,2.5388359664995646,True,True,335,PV+/PNN+,146.96690265,13.679330108642857,296.31705237,19.42376350908454,-0.03187379613518715,False,NONE
89,716,311,296.31705237,19.42376350908454,14529.0,38.951742627345844,34.70161290322581,1.1235877287276002,1.0009900403723389,1.518984512869316,True,True,198,PV+/PNN+,162.06080076,14.364616952048472,296.31705237,19.42376350908454,-0.9498013854026794,False,NONE
90,907,281,296.31705237,19.42376350908454,22431.0,60.13672922252011,49.37096774193548,1.7346821077217152,1.424136887557392,1.7059090647020476,True,False,-1,PV-/PNN+,0.0,0.0,296.31705237,19.42376350908454,0.001294013112783432,False,NONE
91,1037,420,296.31705237,19.42376350908454,40918.0,109.69973190348526,86.11290322580645,3.164358364930549,2.4839813272358433,2.152747755273625,True,True,413,PV+/PNN+,132.66742023,12.996822909266468,296.31705237,19.42376350908454,0.4328327178955078,False,NONE
92,776,302,296.31705237,19.42376350908454,17034.0,45.66756032171582,41.314516129032256,1.317309750922014,1.191743429427723,2.9854521278427693,True,True,240,PV+/PNN+,177.15469887,15.0186673222671,296.31705237,19.42376350908454,-0.6116375923156738,False,NONE
93,708,507,296.31705237,19.42376350908454,19943.0,53.466487935656836,47.21774193548387,1.5422747659174432,1.3620257230722854,1.6829885541797007,True,True,197,PV+/PNN+,73.08624348000001,9.646569098642193,296.31705237,19.42376350908454,0.4219091534614563,False,NONE
94,958,428,296.31705237,19.42376350908454,29949.0,80.29222520107238,81.43548387096774,2.3160801767267465,2.3490581983917913,1.8196215004002925,True,True,370,PV+/PNN+,118.36793781,12.276430232296539,296.31705237,19.42376350908454,0.330577552318573,False,NONE
95,874,556,296.31705237,19.42376350908454,46685.0,125.16085790884719,123.04032258064517,3.610344353750982,3.549176166851214,2.6153860210596354,True,True,306,PV+/PNN+,177.15469887,15.0186673222671,296.31705237,19.42376350908454,0.34441062808036804,False,NONE
96,983,292,296.31705237,19.42376350908454,22857.0,61.27882037533512,59.54032258064516,1.767626451615855,1.7174783797510986,1.8096076851235392,True,True,384,PV+/PNN+,146.96690265,13.679330108642857,296.31705237,19.42376350908454,-0.22535419464111328,False,NONE
97,1067,68,296.31705237,19.42376350908454,23440.0,62.84182305630027,56.564516129032256,1.8127122555836568,1.6316393546761758,3.4423046336911,True,True,433,PV+/PNN+,220.84756182,16.76877601578504,296.31705237,19.42376350908454,-1.0234733819961548,False,NONE
98,955,127,296.31705237,19.42376350908454,20097.0,53.879356568364614,43.975806451612904,1.5541842235693153,1.2685100372183042,1.9486884528562265,True,True,367,PV+/PNN+,127.1065104,12.721518597815718,296.31705237,19.42376350908454,-0.2887744903564453,False,NONE
99,1016,562,296.31705237,19.42376350908454,28982.0,77.69973190348526,63.024193548387096,2.241298062769861,1.817972848131496,1.4589016212087953,True,False,-1,PV-/PNN+,0.0,0.0,296.31705237,19.42376350908454,0.22496914863586426,False,NONE
100,1033,363,296.31705237,19.42376350908454,44222.0,118.55764075067025,131.09677419354838,3.419870365461624,3.781569624980883,1.4715857872260163,True,False,-1,PV-/PNN+,0.0,0.0,296.31705237,19.42376350908454,0.11433346569538116,False,NONE
101,1142,945,296.31705237,19.42376350908454,46718.0,125.24932975871313,127.84677419354838,3.6128963803906684,3.6878213130426882,1.7452967381239446,True,False,-1,PV-/PNN+,0.0,0.0,296.31705237,19.42376350908454,2.2676870822906494,False,NONE
102,641,785,296.31705237,19.42376350908454,64338.0,172.48793565683647,127.62903225806451,4.975523937702274,3.6815404087689134,1.7132525292383334,True,False,-1,PV-/PNN+,0.0,0.0,296.31705237,19.42376350908454,2.763937473297119,False,NONE
103,969,1117,296.31705237,19.42376350908454,52307.0,140.23324396782843,118.29032258064517,4.045116892184912,3.412159403249237,2.350576239296599,True,True,376,PV+/PNN+,219.25873044,16.708347797572188,296.31705237,19.42376350908454,2.7394919395446777,False,NONE
104,1062,1086,296.31705237,19.42376350908454,66509.0,178.30831099195711,167.03225806451613,5.143416356937433,4.8181514562379455,2.282037236957931,True,True,430,PV+/PNN+,181.12677732,15.186104684686722,296.31705237,19.42376350908454,3.198227643966675,False,NONE
105,1113,834,296.31705237,19.42376350908454,42987.0,115.24664879356568,94.79032258064517,3.324362701824857,2.734286993849982,2.143846586138733,True,True,464,PV+/PNN+,109.62936522,11.81458603008661,296.31705237,19.42376350908454,2.7320992946624756,False,NONE
106,706,925,296.31705237,19.42376350908454,62951.0,168.76943699731905,139.67741935483872,4.868261484694829,4.029083778584455,1.7446291504388278,True,False,-1,PV-/PNN+,0.0,0.0,296.31705237,19.42376350908454,3.0518958568573,False,NONE
107,1136,892,296.31705237,19.42376350908454,40584.0,108.80428954423593,105.20161290322581,3.1385287619712936,3.0346072685701047,1.8173962081165698,True,False,-1,PV-/PNN+,0.0,0.0,296.31705237,19.42376350908454,2.245297431945801,False,NONE
108,855,666,296.31705237,19.42376350908454,69045.0,185.10723860589812,150.29032258064515,5.3395357374903405,4.335219705409925,1.65873286828712,True,False,-1,PV-/PNN+,0.0,0.0,296.31705237,19.42376350908454,1.4042601585388184,False,NONE
109,817,896,296.31705237,19.42376350908454,70205.0,188.2171581769437,176.16129032258064,5.429243340582365,5.081484183568062,1.5674958846544773,True,False,-1,PV-/PNN+,0.0,0.0,296.31705237,19.42376350908454,1.9478493928909302,False,NONE
110,992,831,296.31705237,19.42376350908454,30077.0,80.63538873994638,85.0,2.3259789467231076,2.4518789276143274,1.6725296804462026,True,False,-1,PV-/PNN+,0.0,0.0,296.31705237,19.42376350908454,1.6444799900054932,False,NONE
111,1117,1058,296.31705237,19.42376350908454,28911.0,77.50938337801608,72.87096774193549,2.235807338787504,2.1020092969566475,2.2499930280723195,True,True,463,PV+/PNN+,231.17496579000002,17.156372232981727,296.31705237,19.42376350908454,1.6196900606155396,False,NONE
112,820,710,296.31705237,19.42376350908454,61147.0,163.9329758713137,136.8709677419355,4.728750695058612,3.9481299012780235,1.7733354208988543,True,True,269,PV+/PNN+,139.81716144,13.342441267550267,296.31705237,19.42376350908454,1.8264883756637573,False,NONE
113,799,1099,296.31705237,19.42376350908454,51483.0,138.0241286863271,107.37903225806451,3.9813935603333364,3.0974163113078528,2.7255379891039238,True,True,255,PV+/PNN+,177.94911456,15.05230379737267,296.31705237,19.42376350908454,1.7887470722198486,False,NONE
114,1057,1130,296.31705237,19.42376350908454,35284.0,94.59517426273459,78.63709677419355,2.72865781680946,2.268336947169574,1.5788448753014646,True,False,-1,PV-/PNN+,0.0,0.0,296.31705237,19.42376350908454,1.928482174873352,False,NONE
115,779,704,296.31705237,19.42376350908454,57645.0,154.54423592493296,122.36290322580645,4.457926534689415,3.5296355757772475,2.7716015393769897,True,True,241,PV+/PNN+,189.86534991,15.548121162390997,296.31705237,19.42376350908454,1.8595267534255981,False,NONE
116,897,698,296.31705237,19.42376350908454,81083.0,217.38069705093835,170.6209677419355,6.270484121991879,4.921670063713124,2.0385902611186353,True,True,325,PV+/PNN+,127.1065104,12.721518597815718,296.31705237,19.42376350908454,1.0521502494812012,False,NONE
117,875,762,296.31705237,19.42376350908454,47314.0,126.84718498659518,110.64516129032258,3.658987528186226,3.1916298754144754,1.9215398869948057,True,True,310,PV+/PNN+,122.34001626,12.48071098158173,296.31705237,19.42376350908454,1.5611578226089478,False,NONE
118,666,1150,296.31705237,19.42376350908454,78084.0,209.34048257372655,171.9758064516129,6.038559034342758,4.960751245861056,1.8712482813826663,True,False,-1,PV-/PNN+,0.0,0.0,296.31705237,19.42376350908454,1.051710844039917,False,NONE
119,1048,1047,296.31705237,19.42376350908454,30382.0,81.45308310991958,84.58870967741936,2.3495658596050624,2.4400149973194196,2.653661048339671,True,True,416,PV+/PNN+,240.70795407,17.506538374396555,296.31705237,19.42376350908454,0.9505872130393982,False,NONE
120,812,822,296.31705237,19.42376350908454,59771.0,160.24396782841822,124.7258064516129,4.622338917597728,3.597795018451915,1.938007049894356,True,True,265,PV+/PNN+,158.08872231,14.187487896796528,296.31705237,19.42376350908454,1.8485424518585205,False,NONE
121,644,657,296.31705237,19.42376350908454,22000.0,58.98123324396783,47.5,1.7013510931245925,1.3701676360197712,1.761986430251867,True,True,160,PV+/PNN+,133.46183592,13.035677474005706,296.31705237,19.42376350908454,0.8256131410598755,False,NONE
122,874,852,296.31705237,19.42376350908454,62660.0,167.98927613941018,131.0483870967742,4.845757249781226,3.7801738684756,2.2851526461551432,True,True,304,PV+/PNN+,190.65976560000001,15.580614658987523,296.31705237,19.42376350908454,2.2714054584503174,False,NONE
123,789,962,296.31705237,19.42376350908454,68223.0,182.9034852546917,130.16129032258064,5.275967073919958,3.7545849992120726,1.6171199025815002,True,False,-1,PV-/PNN+,0.0,0.0,296.31705237,19.42376350908454,1.100225806236267,False,NONE
124,738,1115,296.31705237,19.42376350908454,73445.0,196.9034852546917,204.1048387096774,5.679805956115259,5.887533565369166,3.1659233320527043,True,True,216,PV+/PNN+,244.68003252,17.65039073821171,296.31705237,19.42376350908454,0.10094356536865234,False,NONE
125,763,1064,296.31705237,19.42376350908454,77091.0,206.67828418230562,174.90322580645162,5.961766232730361,5.045194514430696,1.796255931421201,True,False,-1,PV-/PNN+,0.0,0.0,296.31705237,19.42376350908454,0.766295313835144,False,NONE
126,1137,712,296.31705237,19.42376350908454,27560.0,73.88739946380697,60.61290322580645,2.131328914841535,1.748417648951545,1.985628304766028,True,True,479,PV+/PNN+,115.98469074,12.152213577535832,296.31705237,19.42376350908454,0.9363201260566711,False,NONE
127,770,794,296.31705237,19.42376350908454,42060.0,112.76139410187668,95.12903225806451,3.2526739534918345,2.7440572893869644,1.8363111925282152,True,True,232,PV+/PNN+,177.15469887,15.0186673222671,296.31705237,19.42376350908454,0.9231983423233032,False,NONE
128,854,913,296.31705237,19.42376350908454,29801.0,79.89544235924933,64.16935483870968,2.3046347239184537,1.8510057520898675,1.5272180943190912,True,True,293,PV+/PNN+,140.61157713,13.380292240810528,296.31705237,19.42376350908454,0.589574933052063,False,NONE
129,773,877,296.31705237,19.42376350908454,46320.0,124.1823056300268,124.05645161290323,3.582117392433233,3.578487053462163,2.9267044115524827,True,True,233,PV+/PNN+,221.64197751,16.798908611544785,296.31705237,19.42376350908454,-0.0007402338087558746,False,NONE
130,650,692,296.31705237,19.42376350908454,26981.0,72.33512064343164,64.37096774193549,2.0865524474361195,1.8568214041952147,2.15808845675456,True,True,164,PV+/PNN+,227.99730303,17.038051012682235,296.31705237,19.42376350908454,0.7252587080001831,False,NONE
131,672,870,296.31705237,19.42376350908454,35647.0,95.56836461126005,72.2258064516129,2.7567301098460155,2.0833992102195364,1.6511668745224621,True,False,-1,PV-/PNN+,0.0,0.0,296.31705237,19.42376350908454,1.5050820112228394,False,NONE
132,694,1112,296.31705237,19.42376350908454,71626.0,192.02680965147454,183.46774193548387,5.5391351543700935,5.29224341586584,2.4055409587045573,True,True,187,PV+/PNN+,200.19275388,15.965379131403353,296.31705237,19.42376350908454,-0.0058599598705768585,False,NONE
133,921,649,296.31705237,19.42376350908454,27563.0,73.89544235924933,92.33870967741936,2.1315609172633248,2.6635686642489613,1.3572057638426542,True,False,-1,PV-/PNN+,0.0,0.0,296.31705237,19.42376350908454,-0.18363645672798157,False,NONE
134,844,792,296.31705237,19.42376350908454,80850.0,216.75603217158178,185.78225806451613,6.2524652672328775,5.359007102035224,2.9373858145143528,True,True,284,PV+/PNN+,217.66989906,16.647700237020825,296.31705237,19.42376350908454,0.2760568857192993,False,NONE
135,667,972,296.31705237,19.42376350908454,38321.0,102.7372654155496,94.90322580645162,2.9635216018012502,2.7375437590289757,3.3813316251170904,True,True,173,PV+/PNN+,170.00495766,14.712478883374446,296.31705237,19.42376350908454,1.6682353019714355,False,NONE
136,717,1080,296.31705237,19.42376350908454,70843.0,189.92761394101876,193.03225806451613,5.478582522282977,5.568137951743505,1.8768115120919737,True,False,-1,PV-/PNN+,0.0,0.0,296.31705237,19.42376350908454,-0.797141969203949,False,NONE
137,820,955,296.31705237,19.42376350908454,37303.0,100.00804289544236,80.24193548387096,2.8847954466739396,2.3146295379281363,1.4132831293924737,True,False,-1,PV-/PNN+,0.0,0.0,296.31705237,19.42376350908454,-0.2544444501399994,False,NONE
138,987,1141,296.31705237,19.42376350908454,32009.0,85.81501340482573,83.81451612903226,2.4753885063556855,2.4176828932348866,1.6373700623633793,True,True,385,PV+/PNN+,171.59378904,14.781068900342463,296.31705237,19.42376350908454,0.10349246859550476,False,NONE
139,1040,1016,296.31705237,19.42376350908454,19131.0,51.289544235924936,58.57258064516129,1.4794794437530263,1.6895632496454327,1.669636800477363,True,False,-1,PV-/PNN+,0.0,0.0,296.31705237,19.42376350908454,-0.39243465662002563,False,NONE
140,831,684,296.31705237,19.42376350908454,41038.0,110.02144772117963,99.63709677419355,3.1736384618021374,2.8740952704625253,1.6720846219894583,True,True,281,PV+/PNN+,97.71312987,11.154022637162193,296.31705237,19.42376350908454,0.9705870747566223,False,NONE
141,734,800,296.31705237,19.42376350908454,49075.0,131.56836461126005,106.25806451612904,3.7951729497767897,3.0650812856021235,2.0746399961149478,True,True,212,PV+/PNN+,165.23846352,14.504762875171128,296.31705237,19.42376350908454,1.628628134727478,False,NONE
142,828,1004,296.31705237,19.42376350908454,21067.0,56.479892761394105,46.604838709677416,1.6291983399479906,1.34434614067203,1.4715857872260163,True,False,-1,PV-/PNN+,0.0,0.0,296.31705237,19.42376350908454,-0.1619991958141327,False,NONE
143,660,1086,296.31705237,19.42376350908454,62331.0,167.10723860589812,157.75,4.820314317524953,4.550398833307766,2.5795588152916955,True,False,-1,PV-/PNN+,0.0,0.0,296.31705237,19.42376350908454,-0.08721113204956055,False,NONE
144,826,1555,296.31705237,19.42376350908454,80058.0,214.63270777479892,228.13709677419354,6.191216627880392,6.580759296326538,1.9451279852022696,True,False,-1,PV-/PNN+,0.0,0.0,296.31705237,19.42376350908454,2.1836981773376465,False,NONE
145,1002,1401,296.31705237,19.42376350908454,77507.0,207.7935656836461,189.6290322580645,5.993937235218536,5.469969744205246,1.752195144203486,True,False,-1,PV-/PNN+,0.0,0.0,296.31705237,19.42376350908454,2.0781545639038086,False,NONE
146,1146,1314,296.31705237,19.42376350908454,76414.0,204.8632707774799,204.59677419354838,5.909411019546482,5.901723756506213,2.0659613562084282,True,True,482,PV+/PNN+,309.8221191,19.86146454498679,296.31705237,19.42376350908454,2.5335426330566406,False,NONE
147,1080,1497,296.31705237,19.42376350908454,59575.0,159.71849865951742,131.28225806451613,4.6071814260408,3.7869200249178023,1.8231819680542494,True,True,437,PV+/PNN+,127.90092609,12.761211420003875,296.31705237,19.42376350908454,2.16865611076355,False,NONE
148,1055,1445,296.31705237,19.42376350908454,62365.0,167.19839142091152,156.8548387096774,4.822943678305236,4.524577337960025,1.6972304247955279,True,False,-1,PV-/PNN+,0.0,0.0,296.31705237,19.42376350908454,2.6577184200286865,False,NONE
149,978,1526,296.31705237,19.42376350908454,49462.0,132.6058981233244,112.55645161290323,3.8251012621876637,3.246762257373166,2.13093989089314,True,True,380,PV+/PNN+,174.7714518,14.917302830020427,296.31705237,19.42376350908454,2.7648775577545166,False,NONE
150,1111,1585,296.31705237,19.42376350908454,80195.0,215.0,213.34677419354838,6.201811405142123,6.154123057878277,1.9515813328250662,True,True,455,PV+/PNN+,216.08106768,16.586830928142092,296.31705237,19.42376350908454,2.5627853870391846,False,NONE
151,801,1678,296.31705237,19.42376350908454,47475.0,127.27882037533512,117.33064516129032,3.6714383248222737,3.3844768992277845,2.0459337256549213,True,True,256,PV+/PNN+,188.27651853,15.482929591568213,296.31705237,19.42376350908454,1.8962081670761108,False,NONE
152,1140,1260,296.31705237,19.42376350908454,48361.0,129.65415549597856,109.9758064516129,3.739956373390837,3.172321910424723,1.8957264965036191,True,True,480,PV+/PNN+,137.43391437,13.228238528376714,296.31705237,19.42376350908454,2.1180455684661865,False,NONE
153,914,1546,296.31705237,19.42376350908454,68053.0,182.44772117962466,136.91935483870967,5.2628202700185405,3.9495256577833064,1.753975378030464,True,True,336,PV+/PNN+,142.20040851,13.455674765407588,296.31705237,19.42376350908454,1.8132413625717163,False,NONE
154,1100,1549,296.31705237,19.42376350908454,56646.0,151.86595174262735,136.58870967741936,4.380669728233439,3.9399879883305373,2.2646799571448915,True,True,449,PV+/PNN+,204.16483233,16.12298787963261,296.31705237,19.42376350908454,2.6606552600860596,False,NONE
155,759,1638,296.31705237,19.42376350908454,66523.0,178.34584450402144,157.42741935483872,5.144499034905785,4.541093789939212,1.9110810132613079,True,False,-1,PV-/PNN+,0.0,0.0,296.31705237,19.42376350908454,1.8312022686004639,False,NONE
156,745,1418,296.31705237,19.42376350908454,77100.0,206.7024128686327,173.3951612903226,5.962462239995731,5.0016934366827,1.8276325526216954,True,True,220,PV+/PNN+,159.67755369,14.258603569939101,296.31705237,19.42376350908454,1.6888694763183594,False,NONE
157,720,1567,296.31705237,19.42376350908454,46448.0,124.5254691689008,108.70967741935483,3.592016162429594,3.1357996152031435,2.2528859080411596,True,True,199,PV+/PNN+,257.39068356,18.103038329380148,296.31705237,19.42376350908454,1.691920518875122,False,NONE
158,1128,1669,296.31705237,19.42376350908454,36692.0,98.36997319034853,104.2741935483871,2.8375442867694343,3.0078552688855082,2.620949251768943,True,True,473,PV+/PNN+,210.52015785,16.372006289349777,296.31705237,19.42376350908454,2.4765713214874268,False,NONE
159,1088,1646,296.31705237,19.42376350908454,44541.0,119.41286863270777,115.2741935483871,3.4445399563119303,3.3251572477532445,1.9582572096762354,True,True,441,PV+/PNN+,196.22067543,15.806198893222852,296.31705237,19.42376350908454,1.4872201681137085,False,NONE
160,942,1591,296.31705237,19.42376350908454,44450.0,119.16890080428955,127.54032258064517,3.437502549517643,3.6789815218425606,1.7370631566741694,True,True,362,PV+/PNN+,110.42378091,11.857315232959937,296.31705237,19.42376350908454,1.817776083946228,False,NONE
161,1010,1297,296.31705237,19.42376350908454,44726.0,119.9088471849866,105.25806451612904,3.4588467723222966,3.036235651159602,1.6420431761591978,True,False,-1,PV-/PNN+,0.0,0.0,296.31705237,19.42376350908454,1.2394025325775146,False,NONE
162,763,1523,296.31705237,19.42376350908454,36968.0,99.10991957104558,115.87096774193549,2.858888509574088,3.342371577985072,2.128937127837789,True,False,-1,PV-/PNN+,0.0,0.0,296.31705237,19.42376350908454,1.3889657258987427,False,NONE
163,889,1438,296.31705237,19.42376350908454,39372.0,105.55495978552278,114.29838709677419,3.044799783568248,3.2970094915633648,2.3441228916738024,True,True,320,PV+/PNN+,227.99730303,17.038051012682235,296.31705237,19.42376350908454,1.798200011253357,False,NONE
164,781,1414,296.31705237,19.42376350908454,56075.0,150.33512064343162,106.20161290322581,4.336511933952796,3.063452903012626,1.928215763845975,True,True,248,PV+/PNN+,141.40599282,13.418036440588484,296.31705237,19.42376350908454,1.480270504951477,False,NONE
165,820,1464,296.31705237,19.42376350908454,72151.0,193.4343163538874,177.3951612903226,5.5797355781832945,5.117075974452786,2.2711333047676883,True,False,-1,PV-/PNN+,0.0,0.0,296.31705237,19.42376350908454,1.780769944190979,False,NONE
166,1095,1449,296.31705237,19.42376350908454,35467.0,95.08579088471849,93.0725806451613,2.7428099645386324,2.6847376379124244,1.7179256430341519,True,True,448,PV+/PNN+,88.97455728,10.643586087602236,296.31705237,19.42376350908454,0.9589751362800598,False,NONE
167,731,1669,296.31705237,19.42376350908454,29554.0,79.23324396782841,97.16935483870968,2.2855331911911003,2.802911688693077,1.8180637958016865,True,False,-1,PV-/PNN+,0.0,0.0,296.31705237,19.42376350908454,0.008704941719770432,False,NONE
168,807,1440,296.31705237,19.42376350908454,47574.0,127.54423592493298,112.12903225806451,3.6790944047413348,3.23443307490983,2.764035545612331,True,True,260,PV+/PNN+,214.4922363,16.525737420636904,296.31705237,19.42376350908454,1.5991722345352173,False,NONE
169,1122,1474,296.31705237,19.42376350908454,31947.0,85.64879356568365,81.08064516129032,2.470593789638698,2.3388226506863803,1.8133906820058683,True,True,469,PV+/PNN+,123.13443195,12.521167201073585,296.31705237,19.42376350908454,-0.4056139588356018,False,NONE
170,796,1644,296.31705237,19.42376350908454,36097.0,96.77479892761394,112.66935483870968,2.791530473114473,3.25001902255216,1.7786761223797896,True,False,-1,PV-/PNN+,0.0,0.0,296.31705237,19.42376350908454,0.6127052307128906,False,NONE
171,674,1241,296.31705237,19.42376350908454,76023.0,203.81501340482575,223.66129032258064,5.8791733705732225,6.451651819587832,2.7297660444429974,True,True,177,PV+/PNN+,171.59378904,14.781068900342463,296.31705237,19.42376350908454,-0.5646648406982422,False,NONE
172,1103,1392,296.31705237,19.42376350908454,31341.0,84.02412868632707,86.08870967741936,2.423729300437175,2.483283448983202,2.527932034309322,True,True,451,PV+/PNN+,269.30691891,18.517349130666563,296.31705237,19.42376350908454,0.25032854080200195,False,NONE
173,923,1311,296.31705237,19.42376350908454,88010.0,235.95174262734585,231.08870967741936,6.806177713904336,6.66590044314882,1.7088019446708875,True,False,-1,PV-/PNN+,0.0,0.0,296.31705237,19.42376350908454,0.29537180066108704,False,NONE
174,723,1505,296.31705237,19.42376350908454,26483.0,71.0,87.54838709677419,2.0480400454190266,2.5253887702259146,1.7250465783420654,True,False,-1,PV-/PNN+,0.0,0.0,296.31705237,19.42376350908454,-0.11130774021148682,False,NONE
175,980,1259,296.31705237,19.42376350908454,57373.0,153.81501340482575,126.09677419354838,4.436891648447148,3.6373414527682755,2.3187545596393604,True,True,382,PV+/PNN+,193.04301267,15.67769107892661,296.31705237,19.42376350908454,0.565765917301178,False,NONE
176,791,1603,296.31705237,19.42376350908454,22138.0,59.35120643431635,80.11290322580645,1.7120232045269195,2.3109075205807144,1.7461868550374338,True,True,249,PV+/PNN+,344.77640946,20.951920165375643,296.31705237,19.42376350908454,-0.5746674537658691,False,NONE
177,687,1293,296.31705237,19.42376350908454,59522.0,159.57640750670242,162.61290322580646,4.6030827165891814,4.690672362088739,1.9798425448283483,True,False,-1,PV-/PNN+,0.0,0.0,296.31705237,19.42376350908454,0.24180905520915985,False,NONE
178,896,1296,296.31705237,19.42376350908454,53734.0,144.05898123324397,149.31451612903226,4.155472710816221,4.307071949220044,1.6551724006331632,True,False,-1,PV-/PNN+,0.0,0.0,296.31705237,19.42376350908454,0.14085516333580017,False,NONE
179,640,1403,296.31705237,19.42376350908454,67692.0,181.4798927613941,147.16935483870967,5.234902645263178,4.245193410819152,1.7806788854351403,True,False,-1,PV-/PNN+,0.0,0.0,296.31705237,19.42376350908454,0.6739766597747803,False,NONE
180,727,1294,296.31705237,19.42376350908454,45307.0,121.46648793565684,98.85483870967742,3.5037779080089053,2.8515305402937785,2.522813862056759,True,True,210,PV+/PNN+,227.20288734,17.008342095551114,296.31705237,19.42376350908454,0.18515507876873016,False,NONE
181,852,1345,296.31705237,19.42376350908454,66903.0,179.3646112600536,175.8709677419355,5.173886008332482,5.073109644536362,2.253776024954649,True,False,-1,PV-/PNN+,0.0,0.0,296.31705237,19.42376350908454,0.5584204792976379,False,NONE
182,968,1457,296.31705237,19.42376350908454,33250.0,89.14209115281501,93.28225806451613,2.5713601748360317,2.6907859161019854,2.7420051520034736,True,True,374,PV+/PNN+,259.77393063,18.186655579556263,296.31705237,19.42376350908454,1.1773971319198608,False,NONE
183,673,1510,296.31705237,19.42376350908454,29083.0,77.97050938337802,78.75,2.2491088109701147,2.271593712348568,2.0668514731219174,True,True,179,PV+/PNN+,191.45418129,15.61304053102159,296.31705237,19.42376350908454,0.7654882669448853,False,NONE
184,866,1248,296.31705237,19.42376350908454,27849.0,74.66219839142092,96.21774193548387,2.1536784814739445,2.775461810755839,1.5321137373432818,True,False,-1,PV-/PNN+,0.0,0.0,296.31705237,19.42376350908454,-0.65873122215271,False,NONE
185,987,1587,296.31705237,19.42376350908454,17509.0,46.94101876675603,57.395161290322584,1.3540434677053859,1.6555998413502058,1.2888892907323584,True,False,-1,PV-/PNN+,0.0,0.0,296.31705237,19.42376350908454,0.5629369020462036,False,NONE
186,920,2181,296.31705237,19.42376350908454,53096.0,142.3485254691689,155.53225806451613,4.106133529115607,4.486426660148949,1.8783692166905799,True,True,337,PV+/PNN+,247.85769528,17.76463394211696,296.31705237,19.42376350908454,3.0501129627227783,False,NONE
187,1126,2031,296.31705237,19.42376350908454,34859.0,93.45576407506702,90.01612903225806,2.695790807055917,2.5965723519953627,2.5559707170842314,True,True,470,PV+/PNN+,243.88561683,17.621714211168094,296.31705237,19.42376350908454,3.410785436630249,False,NONE
188,715,1976,296.31705237,19.42376350908454,52852.0,141.69436997319036,112.20161290322581,4.087263998810044,3.2365267096677552,1.9831804832539328,True,False,-1,PV-/PNN+,0.0,0.0,296.31705237,19.42376350908454,1.8634921312332153,False,NONE
189,1104,1968,296.31705237,19.42376350908454,30834.0,82.66487935656836,70.49193548387096,2.384520891154713,2.0333846021135518,1.9860733632227725,True,True,453,PV+/PNN+,197.01509112,15.83816292767521,296.31705237,19.42376350908454,2.359806776046753,False,NONE
190,732,2201,296.31705237,19.42376350908454,49798.0,133.50670241286863,136.88709677419354,3.8510855334281118,3.9485951534464507,1.6952276617401774,True,False,-1,PV-/PNN+,0.0,0.0,296.31705237,19.42376350908454,2.284169912338257,False,NONE
191,669,1813,296.31705237,19.42376350908454,37682.0,101.02412868632707,87.55645161290323,2.9141050859600406,2.5256213963101284,1.9048501948668835,True,True,174,PV+/PNN+,198.6039225,15.90189824726965,296.31705237,19.42376350908454,1.8517463207244873,False,NONE
192,818,1997,296.31705237,19.42376350908454,36472.0,97.78016085790885,73.15322580645162,2.820530775838188,2.1101512099041333,3.0092627552786055,True,True,268,PV+/PNN+,189.86534991,15.548121162390997,296.31705237,19.42376350908454,2.26203989982605,False,NONE
193,887,1823,296.31705237,19.42376350908454,33796.0,90.6058981233244,95.16935483870968,2.61358461560176,2.745220419808034,1.9787298986864867,True,True,319,PV+/PNN+,231.96938148,17.185825254205643,296.31705237,19.42376350908454,2.1813395023345947,False,NONE
194,1058,2172,296.31705237,19.42376350908454,17047.0,45.702412868632706,36.21774193548387,1.3183150947497695,1.044723744204549,1.8145033281477296,True,True,426,PV+/PNN+,231.17496579000002,17.156372232981727,296.31705237,19.42376350908454,0.3159511089324951,False,NONE
195,866,1914,296.31705237,19.42376350908454,30309.0,81.25737265415549,69.6774193548387,2.3439204673415124,2.0098893676079497,1.5067454053088396,True,False,-1,PV-/PNN+,0.0,0.0,296.31705237,19.42376350908454,2.0473406314849854,False,NONE
196,725,1797,296.31705237,19.42376350908454,38573.0,103.41286863270777,94.6774193548387,2.9830098052315863,2.731030228670987,2.3797275682133705,True,True,206,PV+/PNN+,173.18262042,14.849342099217841,296.31705237,19.42376350908454,0.8289591073989868,False,NONE
197,939,2094,296.31705237,19.42376350908454,30901.0,82.84450402144772,76.23387096774194,2.389702278574683,2.1990143740738364,2.4974455300223166,True,True,352,PV+/PNN+,247.06327959,17.736142129165177,296.31705237,19.42376350908454,2.1778557300567627,False,NONE
198,654,2107,296.31705237,19.42376350908454,25601.0,68.63538873994638,59.064516129032256,1.9798313334128494,1.7037534407824795,2.279811944674208,True,True,169,PV+/PNN+,146.17248696000001,13.642308849668993,296.31705237,19.42376350908454,2.406639337539673,False,NONE
199,744,2026,296.31705237,19.42376350908454,23713.0,63.57372654155496,63.814516129032256,1.833824475966521,1.8407702043844567,2.401090374137111,True,True,218,PV+/PNN+,184.30444008,15.318736938146314,296.31705237,19.42376350908454,1.5784591436386108,False,NONE
200,974,2272,296.31705237,19.42376350908454,17312.0,46.41286863270778,39.37096774193548,1.338808642007861,1.135680543132177,2.1525252260452525,True,True,377,PV+/PNN+,227.20288734,17.008342095551114,296.31705237,19.42376350908454,1.4980531930923462,False,NONE
201,717,2162,296.31705237,19.42376350908454,28541.0,76.51742627345844,63.145161290322584,2.2071937067667724,1.8214622393947044,1.7457417965806892,True,False,-1,PV-/PNN+,0.0,0.0,296.31705237,19.42376350908454,1.0820032358169556,False,NONE
202,820,2217,296.31705237,19.42376350908454,25040.0,67.1313672922252,65.7258064516129,1.9364468805381727,1.8959025863431467,2.268017895570476,True,True,270,PV+/PNN+,213.69782061,16.495105814282397,296.31705237,19.42376350908454,1.4664705991744995,False,NONE
203,704,2233,296.31705237,19.42376350908454,25622.0,68.6916890080429,57.45967741935484,1.9814553503653778,1.6574608500239167,2.3723841036770845,True,True,192,PV+/PNN+,200.98716957,15.99702510721652,296.31705237,19.42376350908454,0.599242091178894,False,NONE
204,657,2067,296.31705237,19.42376350908454,17460.0,46.80965147453083,50.36290322580645,1.3502540948161539,1.4527498959156997,1.6609581605708432,True,False,-1,PV-/PNN+,0.0,0.0,296.31705237,19.42376350908454,-0.03589167073369026,False,NONE
205,1029,2266,296.31705237,19.42376350908454,15083.0,40.43699731903485,33.54838709677419,1.1664308426181011,0.9677245103297535,1.7659919563625686,True,True,408,PV+/PNN+,191.45418129,15.61304053102159,296.31705237,19.42376350908454,0.17302094399929047,False,NONE
206,987,1887,296.31705237,19.42376350908454,18923.0,50.73190348525469,44.12096774193548,1.4633939425089393,1.272697306734154,2.3579197038328847,True,True,386,PV+/PNN+,189.86534991,15.548121162390997,296.31705237,19.42376350908454,-0.763847827911377,False,NONE
207,904,2082,296.31705237,19.42376350908454,34267.0,91.8686327077748,72.78225806451613,2.6500089958227457,2.0994504100302946,2.7001696570694813,True,True,328,PV+/PNN+,247.85769528,17.76463394211696,296.31705237,19.42376350908454,1.0033961534500122,False,NONE
208,1130,1933,296.31705237,19.42376350908454,14928.0,40.02144772117963,36.403225806451616,1.1544440508256326,1.0500741441414683,2.1227063094433647,True,True,472,PV+/PNN+,200.19275388,15.965379131403353,296.31705237,19.42376350908454,-1.2093501091003418,False,NONE
209,1090,2006,296.31705237,19.42376350908454,16827.0,45.11260053619303,43.45967741935484,1.3013015838185236,1.2536219678286158,2.00610099377628,True,True,444,PV+/PNN+,175.56586749,14.951167352217066,296.31705237,19.42376350908454,-1.1769689321517944,False,NONE
210,943,2209,296.31705237,19.42376350908454,17319.0,46.43163538873995,38.24193548387097,1.3393499809920373,1.1031128913422334,2.6937163094466845,True,True,356,PV+/PNN+,262.1571777,18.269890136062752,296.31705237,19.42376350908454,0.17826732993125916,False,NONE
211,847,1810,296.31705237,19.42376350908454,24577.0,65.89008042895442,56.846774193548384,1.9006411734419595,1.6397812676236616,1.8995094933859482,True,True,286,PV+/PNN+,222.4363932,16.828987254451757,296.31705237,19.42376350908454,-0.46403688192367554,False,NONE
212,697,1944,296.31705237,19.42376350908454,23271.0,62.388739946380696,54.62096774193548,1.7996427858228359,1.57557646838063,2.434247229164584,True,True,190,PV+/PNN+,152.52781248,13.935725403490322,296.31705237,19.42376350908454,-0.5800940990447998,False,NONE
213,1006,1813,296.31705237,19.42376350908454,19588.0,52.51474530831099,44.233870967741936,1.51482114600566,1.2759540719131486,2.044376021056315,True,True,401,PV+/PNN+,135.05066730000001,13.113041224263421,296.31705237,19.42376350908454,-0.8206955194473267,False,NONE
214,839,2169,296.31705237,19.42376350908454,28205.0,75.61662198391421,64.08064516129032,2.1812094355263243,1.8484468651635146,2.4740799610432256,True,True,285,PV+/PNN+,228.79171872,17.067708217046253,296.31705237,19.42376350908454,-0.877238392829895,False,NONE
215,733,1885,296.31705237,19.42376350908454,16056.0,43.0455764075067,52.596774193548384,1.241676961418566,1.5171873212429452,1.6291364809136042,True,False,-1,PV-/PNN+,0.0,0.0,296.31705237,19.42376350908454,-1.2162928581237793,False,NONE
216,652,2143,296.31705237,19.42376350908454,22850.0,61.26005361930295,54.443548387096776,1.7670851126316791,1.5704586945279246,1.685436375691796,True,False,-1,PV-/PNN+,0.0,0.0,296.31705237,19.42376350908454,-0.06847621500492096,False,NONE
217,1068,1890,296.31705237,19.42376350908454,14582.0,39.09383378016086,40.596774193548384,1.1276864381792184,1.1710397079326873,1.666076332823406,True,True,434,PV+/PNN+,127.90092609,12.761211420003875,296.31705237,19.42376350908454,-0.17901477217674255,False,NONE
218,914,2048,296.31705237,19.42376350908454,39838.0,106.80428954423593,78.05645161290323,3.0808374930862508,2.2515878691061744,2.0746399961149478,True,True,331,PV+/PNN+,231.17496579000002,17.156372232981727,296.31705237,19.42376350908454,0.9198225736618042,False,NONE
219,850,1991,296.31705237,19.42376350908454,21945.0,58.833780160857906,52.314516129032256,1.6970977153917808,1.5090454082954594,1.81161044817889,True,True,289,PV+/PNN+,154.91105955,14.044176264056347,296.31705237,19.42376350908454,-0.10948288440704346,False,NONE
220,992,2586,296.31705237,19.42376350908454,47309.0,126.83378016085791,139.93548387096774,3.658600857483243,4.0365278132792985,3.2507069680625507,True,True,390,PV+/PNN+,266.12925615,18.407778055515923,296.31705237,19.42376350908454,2.5334794521331787,False,NONE
221,921,2450,296.31705237,19.42376350908454,63998.0,171.57640750670242,160.7016129032258,4.949230329899439,4.635539980130047,2.142956469225244,True,True,341,PV+/PNN+,189.07093422,15.515559616363333,296.31705237,19.42376350908454,2.763484239578247,False,NONE
222,846,2396,296.31705237,19.42376350908454,32326.0,86.66487935656836,68.41935483870968,2.499903428924799,1.973599698470584,2.9080119563692093,True,True,287,PV+/PNN+,212.10898923,16.4336713147562,296.31705237,19.42376350908454,2.0593979358673096,False,NONE
223,664,2445,296.31705237,19.42376350908454,60575.0,162.39946380697052,158.44354838709677,4.684515566637373,4.570404676550161,1.8728059859812722,True,False,-1,PV-/PNN+,0.0,0.0,296.31705237,19.42376350908454,2.851760149002075,False,NONE
224,757,2611,296.31705237,19.42376350908454,48192.0,129.20107238605897,127.45967741935483,3.726886903630016,3.6766552610004215,2.3447904793589194,True,True,225,PV+/PNN+,224.81964027,16.91890234101781,296.31705237,19.42376350908454,2.267385959625244,False,NONE
225,698,2743,296.31705237,19.42376350908454,53668.0,143.88203753351206,123.33064516129032,4.150368657536847,3.5575507058829134,2.867066578348706,True,True,191,PV+/PNN+,220.05314613000002,16.73858917579679,296.31705237,19.42376350908454,2.0831925868988037,False,NONE
226,915,2620,296.31705237,19.42376350908454,45494.0,121.96782841823057,110.74193548387096,3.518239392300464,3.194421388425042,2.0045432891776733,True,True,338,PV+/PNN+,124.72326333,12.60169000650996,296.31705237,19.42376350908454,2.125351667404175,False,NONE
227,1103,2775,296.31705237,19.42376350908454,66383.0,177.97050938337802,139.41129032258064,5.1336722552222644,4.0214071178053965,1.8676878137287094,True,True,454,PV+/PNN+,151.73339679,13.899387074616614,296.31705237,19.42376350908454,2.565063714981079,False,NONE
228,859,2636,296.31705237,19.42376350908454,43287.0,116.05093833780161,96.55645161290323,3.347562944003829,2.7852321062928223,2.4251235308013195,True,True,295,PV+/PNN+,143.78923989,13.53063732184699,296.31705237,19.42376350908454,0.8822165727615356,False,NONE
229,991,2815,296.31705237,19.42376350908454,74417.0,199.50938337801608,184.79032258064515,5.754974740775127,5.330394093676916,2.6556638113950215,True,True,392,PV+/PNN+,200.19275388,15.965379131403353,296.31705237,19.42376350908454,2.5516717433929443,False,NONE
230,968,2561,296.31705237,19.42376350908454,46690.0,125.17426273458445,128.76612903225808,3.6107310244539645,3.7143406866430713,2.520811099001408,True,True,373,PV+/PNN+,227.20288734,17.008342095551114,296.31705237,19.42376350908454,1.0139985084533691,False,NONE
231,990,2637,296.31705237,19.42376350908454,50081.0,134.26541554959786,103.33870967741936,3.8729710952169416,2.9808706431166976,2.586902279827981,True,True,391,PV+/PNN+,135.05066730000001,13.113041224263421,296.31705237,19.42376350908454,2.4214279651641846,False,NONE
232,688,2480,296.31705237,19.42376350908454,37466.0,100.44504021447722,92.98387096774194,2.897400911591181,2.6821787509860715,2.9384984606562146,True,True,182,PV+/PNN+,218.46431475,16.67805158443783,296.31705237,19.42376350908454,0.8150395154953003,False,NONE
233,657,2707,296.31705237,19.42376350908454,35516.0,95.2171581769437,74.0725806451613,2.7465993374278646,2.136670583504516,1.6124467887856817,True,False,-1,PV-/PNN+,0.0,0.0,296.31705237,19.42376350908454,1.9728087186813354,False,NONE
234,1090,2579,296.31705237,19.42376350908454,56866.0,152.45576407506704,125.13709677419355,4.397683239164685,3.6096589487468234,2.1264893063256936,True,True,446,PV+/PNN+,152.52781248,13.935725403490322,296.31705237,19.42376350908454,1.6412622928619385,False,NONE
235,727,2483,296.31705237,19.42376350908454,35947.0,96.37265415549598,102.80645161290323,2.7799303520249876,2.9655173215585813,2.4019804910506,True,True,209,PV+/PNN+,174.7714518,14.917302830020427,296.31705237,19.42376350908454,0.9916750192642212,False,NONE
236,1041,2687,296.31705237,19.42376350908454,61467.0,164.79088471849866,150.11290322580646,4.753497620049515,4.33010193155722,1.8966166134171085,True,True,415,PV+/PNN+,100.09637694,11.289227848029503,296.31705237,19.42376350908454,2.482572317123413,False,NONE
237,1139,2681,296.31705237,19.42376350908454,57433.0,153.9758713136729,128.98387096774192,4.441531696882941,3.720621590916845,1.831860607960769,True,False,-1,PV-/PNN+,0.0,0.0,296.31705237,19.42376350908454,1.697658896446228,False,NONE
238,873,2839,296.31705237,19.42376350908454,48509.0,130.0509383378016,110.88709677419355,3.7514018261991295,3.198608657940892,2.429129056912021,True,True,312,PV+/PNN+,127.90092609,12.761211420003875,296.31705237,19.42376350908454,2.718510389328003,False,NONE
239,828,2750,296.31705237,19.42376350908454,48393.0,129.73994638069706,116.9758064516129,3.7424310658899276,3.3742413515223735,1.8716933398394109,True,False,-1,PV-/PNN+,0.0,0.0,296.31705237,19.42376350908454,1.3811568021774292,False,NONE
240,736,2779,296.31705237,19.42376350908454,41655.0,111.67560321715818,100.65322580645162,3.221353626550223,2.9034061570734746,1.7530852611169752,True,True,215,PV+/PNN+,165.23846352,14.504762875171128,296.31705237,19.42376350908454,1.5582185983657837,False,NONE
241,1056,2581,296.31705237,19.42376350908454,40818.0,109.43163538873995,89.81451612903226,3.1566249508708917,2.5907566998900156,2.3921892050022193,True,True,427,PV+/PNN+,176.36028318,14.984955344126575,296.31705237,19.42376350908454,1.7366960048675537,False,NONE
242,714,2548,296.31705237,19.42376350908454,25433.0,68.18498659517427,87.53225806451613,1.9668391977926256,2.5249235180574865,1.973611726433924,True,True,200,PV+/PNN+,162.85521645,14.399781305649903,296.31705237,19.42376350908454,0.22396817803382874,False,NONE
243,1090,2819,296.31705237,19.42376350908454,34719.0,93.0804289544236,92.23387096774194,2.6849640273723967,2.6605445251541804,1.8983968472440866,True,True,447,PV+/PNN+,146.96690265,13.679330108642857,296.31705237,19.42376350908454,1.0814305543899536,False,NONE
244,902,2478,296.31705237,19.42376350908454,26042.0,69.8176943699732,81.63709677419355,2.013935689415938,2.3548738504971385,1.6075511457614913,True,False,-1,PV-/PNN+,0.0,0.0,296.31705237,19.42376350908454,0.6604548692703247,False,NONE
245,1119,2533,296.31705237,19.42376350908454,36238.0,97.15281501340482,112.4758064516129,2.80243458693859,3.2444359965310268,1.5748393491907633,True,False,-1,PV-/PNN+,0.0,0.0,296.31705237,19.42376350908454,0.38131290674209595,False,NONE
246,980,2686,296.31705237,19.42376350908454,23275.0,62.39946380697051,75.83064516129032,1.7999521223852222,2.1873830698631425,1.6411530592457086,True,False,-1,PV-/PNN+,0.0,0.0,296.31705237,19.42376350908454,0.15536463260650635,False,NONE
247,804,2441,296.31705237,19.42376350908454,21109.0,56.59249329758713,52.32258064516129,1.6324463738530466,1.5092780343796732,1.9553643297073953,True,True,259,PV+/PNN+,172.38820473,14.815244827816286,296.31705237,19.42376350908454,0.16354401409626007,False,NONE
248,794,2745,296.31705237,19.42376350908454,33000.0,88.47184986595174,94.79032258064517,2.5520266396868885,2.734286993849982,1.5603749493465637,True,False,-1,PV-/PNN+,0.0,0.0,296.31705237,19.42376350908454,-0.4388742446899414,False,NONE
249,743,2370,296.31705237,19.42376350908454,17084.0,45.80160857908847,41.63709677419355,1.3211764579518426,1.2010484727962782,2.4471539244101774,True,True,219,PV+/PNN+,158.08872231,14.187487896796528,296.31705237,19.42376350908454,0.624212920665741,False,NONE
250,1085,2739,296.31705237,19.42376350908454,26701.0,71.58445040214477,66.6774193548387,2.064898888069079,1.923352464280385,2.1006759158345067,True,True,440,PV+/PNN+,138.22833006,13.266415342325756,296.31705237,19.42376350908454,0.03173961862921715,False,NONE
251,1112,2636,296.31705237,19.42376350908454,46135.0,123.68632707774799,148.8790322580645,3.567810576422867,4.294510140672495,2.036810027291657,True,False,-1,PV-/PNN+,0.0,0.0,296.31705237,19.42376350908454,0.7967389822006226,False,NONE
252,769,2765,296.31705237,19.42376350908454,42160.0,113.02949061662198,81.78225806451613,3.2604073675514917,2.359061120012988,2.0817609314228616,True,True,236,PV+/PNN+,133.46183592,13.035677474005706,296.31705237,19.42376350908454,-0.03410928323864937,False,NONE
253,688,2575,296.31705237,19.42376350908454,22171.0,59.43967828418231,75.69354838709677,1.7145752311666063,2.1834284264315063,1.5111959898762857,True,False,-1,PV-/PNN+,0.0,0.0,296.31705237,19.42376350908454,-0.5171807408332825,False,NONE
254,775,2516,296.31705237,19.42376350908454,18845.0,50.52278820375335,54.03225806451613,1.4573618795424066,1.5585947642330165,1.8505530631440423,True,True,239,PV+/PNN+,152.52781248,13.935725403490322,296.31705237,19.42376350908454,-0.08310626447200775,False,NONE
255,735,2707,296.31705237,19.42376350908454,23098.0,61.924932975871315,76.94354838709677,1.786263979499629,2.219485469484658,1.5766195830177416,True,False,-1,PV-/PNN+,0.0,0.0,296.31705237,19.42376350908454,-0.9153612852096558,False,NONE
256,895,2666,296.31705237,19.42376350908454,25736.0,68.99731903485255,84.5241935483871,1.990271442393387,2.4381539886457086,1.6044357365642792,True,False,-1,PV-/PNN+,0.0,0.0,296.31705237,19.42376350908454,-0.8029245138168335,False,NONE
257,1070,2664,296.31705237,19.42376350908454,37655.0,100.95174262734585,117.31451612903226,2.9120170641639334,3.384011647059357,1.729274633681139,True,False,-1,PV-/PNN+,0.0,0.0,296.31705237,19.42376350908454,-0.11682596802711487,False,NONE
258,962,2505,296.31705237,19.42376350908454,22804.0,61.13672922252011,58.87096774193548,1.7635277421642368,1.6981704147613463,2.322092498064945,True,True,369,PV+/PNN+,208.13691078,16.279070781961433,296.31705237,19.42376350908454,-0.5101423263549805,False,NONE
259,910,2700,296.31705237,19.42376350908454,31834.0,85.34584450402144,87.54032258064517,2.461855031751285,2.5251561441417008,1.525660389720485,True,False,-1,PV-/PNN+,0.0,0.0,296.31705237,19.42376350908454,0.3082251250743866,False,NONE
260,1711,446,296.31705237,19.42376350908454,53331.0,142.9785522788204,131.03225806451613,4.124307052155802,3.779708616307172,2.2012591270587865,True,True,695,PV+/PNN+,277.25107581,18.788481405948126,296.31705237,19.42376350908454,3.4062209129333496,False,NONE
261,1449,525,296.31705237,19.42376350908454,74952.0,200.94369973190348,214.99193548387098,5.796348505994293,6.201578779057908,1.9533615666520447,True,False,-1,PV-/PNN+,0.0,0.0,296.31705237,19.42376350908454,2.670119524002075,False,NONE
262,1414,417,296.31705237,19.42376350908454,68490.0,183.61930294906165,180.50806451612902,5.296615289459242,5.206869642959345,3.3343779579305353,True,True,615,PV+/PNN+,179.53794594000001,15.11935225303425,296.31705237,19.42376350908454,3.6750125885009766,False,NONE
263,1561,116,296.31705237,19.42376350908454,74139.0,198.76407506702412,221.66935483870967,5.73347584968928,6.394193176787003,4.062938651621443,True,True,656,PV+/PNN+,281.22315426,18.922590755469738,296.31705237,19.42376350908454,2.104170322418213,False,NONE
264,1341,139,296.31705237,19.42376350908454,54984.0,147.4101876675603,177.96774193548387,4.252140386561935,5.133592426431972,5.17068915045875,True,True,585,PV+/PNN+,366.22563309000003,21.59381759545677,296.31705237,19.42376350908454,3.006553888320923,False,NONE
265,1493,418,296.31705237,19.42376350908454,71766.0,192.40214477211796,209.2741935483871,5.549961934053614,6.036646885350265,2.3761671005594134,True,False,-1,PV-/PNN+,0.0,0.0,296.31705237,19.42376350908454,3.107381820678711,False,NONE
266,1333,296,296.31705237,19.42376350908454,59686.0,160.01608579088472,136.46774193548387,4.615765515647019,3.936498597067329,1.889718207337567,True,False,-1,PV-/PNN+,0.0,0.0,296.31705237,19.42376350908454,2.725797414779663,False,NONE
267,1582,303,296.31705237,19.42376350908454,48210.0,129.24932975871315,134.59677419354838,3.728278918160755,3.8825293455297083,2.877302922853832,True,True,660,PV+/PNN+,216.08106768,16.586830928142092,296.31705237,19.42376350908454,2.53031325340271,False,NONE
268,1546,453,296.31705237,19.42376350908454,52028.0,139.48525469168902,111.14516129032258,4.023540666958469,3.206052692635736,2.380840214355232,True,True,651,PV+/PNN+,151.73339679,13.899387074616614,296.31705237,19.42376350908454,2.608229637145996,False,NONE
269,1654,444,296.31705237,19.42376350908454,34363.0,92.1260053619303,93.5,2.657433073320017,2.69706682037576,3.1530166368071106,True,True,680,PV+/PNN+,267.71808753,18.462644877808422,296.31705237,19.42376350908454,1.735738754272461,False,NONE
270,1494,245,296.31705237,19.42376350908454,59499.0,159.51474530831098,136.66129032258064,4.60130403135546,3.942081623088462,1.9206497700813168,True,False,-1,PV-/PNN+,0.0,0.0,296.31705237,19.42376350908454,1.359920859336853,False,NONE
271,1407,175,296.31705237,19.42376350908454,63289.0,169.67560321715817,140.48387096774192,4.894400424216469,4.0523463870058425,2.002540526122323,True,False,-1,PV-/PNN+,0.0,0.0,296.31705237,19.42376350908454,1.5792244672775269,False,NONE
272,1588,27,296.31705237,19.42376350908454,54344.0,145.69436997319036,137.44354838709677,4.20264653658013,3.964646353257209,3.8056948636230654,True,True,662,PV+/PNN+,209.72574216,16.34108651427568,296.31705237,19.42376350908454,0.47766509652137756,False,NONE
273,1303,424,296.31705237,19.42376350908454,44452.0,119.17426273458445,99.96774193548387,3.4376572177988356,2.8836329399152945,2.1142501987652174,True,True,566,PV+/PNN+,123.13443195,12.521167201073585,296.31705237,19.42376350908454,1.9216301441192627,False,NONE
274,1579,479,296.31705237,19.42376350908454,29141.0,78.1260053619303,75.62096774193549,2.2535941911247157,2.1813347916735815,3.0121556352474457,True,True,659,PV+/PNN+,217.66989906,16.647700237020825,296.31705237,19.42376350908454,0.6037150621414185,False,NONE
275,1670,45,296.31705237,19.42376350908454,54900.0,147.18498659517425,162.46774193548387,4.245644318751824,4.686485092572888,1.9337789945552823,True,False,-1,PV-/PNN+,0.0,0.0,296.31705237,19.42376350908454,1.7176965475082397,False,NONE
276,1322,197,296.31705237,19.42376350908454,48020.0,128.73994638069706,121.20967741935483,3.7135854314474064,3.496370045734662,2.805203452861207,True,True,574,PV+/PNN+,255.80185218,18.047078262479904,296.31705237,19.42376350908454,1.9295982122421265,False,NONE
277,1541,25,296.31705237,19.42376350908454,53141.0,142.46916890080428,132.49193548387098,4.109613565442452,3.821813937549885,2.019007689021873,True,False,-1,PV-/PNN+,0.0,0.0,296.31705237,19.42376350908454,1.09609854221344,False,NONE
278,1521,284,296.31705237,19.42376350908454,46358.0,124.28418230563003,113.34677419354838,3.5850560897759025,3.2695596136261265,2.2949439322035246,True,False,-1,PV-/PNN+,0.0,0.0,296.31705237,19.42376350908454,1.4147199392318726,False,NONE
279,1514,132,296.31705237,19.42376350908454,46802.0,125.4745308310992,133.46774193548387,3.619392448200781,3.8499616937397647,2.103791325031719,True,False,-1,PV-/PNN+,0.0,0.0,296.31705237,19.42376350908454,1.3354077339172363,False,NONE
280,1415,281,296.31705237,19.42376350908454,69437.0,186.15817694369974,188.99193548387098,5.369850720604197,5.451592283552349,3.3101222720379546,True,True,613,PV+/PNN+,189.86534991,15.548121162390997,296.31705237,19.42376350908454,1.2551289796829224,False,NONE
281,1600,139,296.31705237,19.42376350908454,56900.0,152.54691689008044,116.36290322580645,4.400312599944969,3.3565617691221186,2.5828967537172796,True,False,-1,PV-/PNN+,0.0,0.0,296.31705237,19.42376350908454,1.6768079996109009,False,NONE
282,1539,176,296.31705237,19.42376350908454,74303.0,199.20375335120644,165.0241935483871,5.746158648747119,4.760227561268689,2.0401479657172414,True,False,-1,PV-/PNN+,0.0,0.0,296.31705237,19.42376350908454,1.4423364400863647,False,NONE
283,1306,27,296.31705237,19.42376350908454,84339.0,226.10991957104557,219.66129032258064,6.522284083774318,6.336269281817747,1.972944138748807,True,False,-1,PV-/PNN+,0.0,0.0,296.31705237,19.42376350908454,0.8174327611923218,False,NONE
284,1331,345,296.31705237,19.42376350908454,32889.0,88.17426273458445,89.34677419354838,2.543442550080669,2.5772643870056102,2.664787509758286,True,True,582,PV+/PNN+,229.58613441,17.097313977747916,296.31705237,19.42376350908454,1.2800928354263306,False,NONE
285,1273,388,296.31705237,19.42376350908454,42833.0,114.83378016085791,94.31451612903226,3.312453244172985,2.7205620548813623,2.492327357769754,True,True,556,PV+/PNN+,154.91105955,14.044176264056347,296.31705237,19.42376350908454,0.9343119263648987,False,NONE
286,1638,188,296.31705237,19.42376350908454,41294.0,110.70777479892762,105.7741935483871,3.19343600179486,3.0511237205492905,2.1093545557410263,True,False,-1,PV-/PNN+,0.0,0.0,296.31705237,19.42376350908454,0.8219624757766724,False,NONE
287,1458,307,296.31705237,19.42376350908454,51438.0,137.9034852546917,127.78225806451613,3.9779135240064907,3.6859603043689773,2.749793674996504,True,True,629,PV+/PNN+,173.18262042,14.849342099217841,296.31705237,19.42376350908454,0.6886395215988159,False,NONE
288,1269,163,296.31705237,19.42376350908454,76705.0,205.64343163538874,202.76612903225808,5.931915254460085,5.848917635389662,2.7415600935467292,True,True,555,PV+/PNN+,220.84756182,16.76877601578504,296.31705237,19.42376350908454,1.076503872871399,False,NONE
289,1419,41,296.31705237,19.42376350908454,36778.0,98.60053619302948,72.58870967741936,2.844195022860739,2.0938673840091617,1.6662988620517782,True,False,-1,PV-/PNN+,0.0,0.0,296.31705237,19.42376350908454,1.092584490776062,False,NONE
290,1698,170,296.31705237,19.42376350908454,28597.0,76.66756032171581,67.86290322580645,2.21152441864018,1.957548498659826,2.070189411547502,True,False,-1,PV-/PNN+,0.0,0.0,296.31705237,19.42376350908454,1.075782299041748,False,NONE
291,1261,104,296.31705237,19.42376350908454,61336.0,164.4396782841823,145.45967741935485,4.743366847631363,4.195876680965809,2.504121406873486,True,True,550,PV+/PNN+,158.883138,14.223090180871878,296.31705237,19.42376350908454,0.7836126089096069,False,NONE
292,1388,29,296.31705237,19.42376350908454,39412.0,105.66219839142092,100.50806451612904,3.047893149192111,2.8992188875576246,2.0833186360214673,True,True,602,PV+/PNN+,104.06845539,11.511041341340722,296.31705237,19.42376350908454,-0.2184736430644989,False,NONE
293,1325,404,296.31705237,19.42376350908454,34107.0,91.4396782841823,96.35483870967742,2.6376355333272943,2.779416454187475,2.025683565873042,True,False,-1,PV-/PNN+,0.0,0.0,296.31705237,19.42376350908454,1.1442886590957642,False,NONE
294,1643,21,296.31705237,19.42376350908454,39853.0,106.84450402144772,90.96774193548387,3.0819975051951993,2.624022229932601,2.5448442556656166,True,False,-1,PV-/PNN+,0.0,0.0,296.31705237,19.42376350908454,-0.6966724395751953,False,NONE
295,1228,117,296.31705237,19.42376350908454,75061.0,201.23592493297588,214.6209677419355,5.80477792731932,6.19087797918407,2.223289520667644,True,False,-1,PV-/PNN+,0.0,0.0,296.31705237,19.42376350908454,0.22745268046855927,False,NONE
296,1521,439,296.31705237,19.42376350908454,26409.0,70.80160857908847,82.03225806451613,2.04231731901488,2.3662725286236186,1.7791211808365341,True,False,-1,PV-/PNN+,0.0,0.0,296.31705237,19.42376350908454,0.2756112813949585,False,NONE
297,1363,277,296.31705237,19.42376350908454,32661.0,87.56300268096514,89.84677419354838,2.5258103660246505,2.5916872042268713,1.9170893024273599,True,False,-1,PV-/PNN+,0.0,0.0,296.31705237,19.42376350908454,-0.06356009840965271,False,NONE
298,1234,161,296.31705237,19.42376350908454,67840.0,181.87667560321717,205.3790322580645,5.246348098071471,5.92428848667496,1.850998121600787,True,False,-1,PV-/PNN+,0.0,0.0,296.31705237,19.42376350908454,-0.11578866839408875,False,NONE
299,1368,100,296.31705237,19.42376350908454,36252.0,97.19034852546918,77.39516129032258,2.8035172649069424,2.2325125302006357,1.5399022603363122,True,False,-1,PV-/PNN+,0.0,0.0,296.31705237,19.42376350908454,-0.30078524351119995,False,NONE
300,1254,139,296.31705237,19.42376350908454,69884.0,187.35656836461126,191.41129032258064,5.404419081450865,5.521380108816515,1.7234888737434595,True,False,-1,PV-/PNN+,0.0,0.0,296.31705237,19.42376350908454,0.5237614512443542,False,NONE
301,1310,89,296.31705237,19.42376350908454,69115.0,185.29490616621985,149.61290322580646,5.3449491273321,4.315679114335959,2.9565233281543706,True,True,568,PV+/PNN+,197.01509112,15.83816292767521,296.31705237,19.42376350908454,-0.9260185956954956,False,NONE
302,1344,19,296.31705237,19.42376350908454,38724.0,103.8176943699732,93.0725806451613,2.994687260461669,2.6847376379124244,1.77289036244211,True,False,-1,PV-/PNN+,0.0,0.0,296.31705237,19.42376350908454,-0.6732255816459656,False,NONE
303,1666,263,296.31705237,19.42376350908454,35068.0,94.01608579088472,94.25806451612904,2.7119536424406,2.7189336722918656,2.0299116212121158,True,False,-1,PV-/PNN+,0.0,0.0,296.31705237,19.42376350908454,0.16673314571380615,False,NONE
304,1343,56,296.31705237,19.42376350908454,46395.0,124.38337801608579,95.06451612903226,3.5879174529779756,2.7421962807132534,2.0296890919837436,True,True,588,PV+/PNN+,102.47962401,11.422832828117684,296.31705237,19.42376350908454,-0.5313712954521179,False,NONE
305,1612,479,296.31705237,19.42376350908454,25164.0,67.46380697050938,56.91935483870968,1.9460363139721475,1.6418749023815866,2.3134138581584254,True,True,671,PV+/PNN+,174.7714518,14.917302830020427,296.31705237,19.42376350908454,0.528162956237793,False,NONE
306,1536,538,296.31705237,19.42376350908454,31285.0,83.8739946380697,75.3225806451613,2.419398588563767,2.172727626557668,2.835689957148212,True,True,648,PV+/PNN+,270.89575029,18.571892250654752,296.31705237,19.42376350908454,-0.670608639717102,False,NONE
307,1265,1071,296.31705237,19.42376350908454,54587.0,146.34584450402144,154.81451612903226,4.221438732745097,4.465722938653913,2.0325819719525833,True,True,548,PV+/PNN+,274.07341305,18.680500733540153,296.31705237,19.42376350908454,2.9413583278656006,False,NONE
308,1450,821,296.31705237,19.42376350908454,35046.0,93.95710455764075,104.06451612903226,2.7102522913474756,3.001806990695947,3.3050040997853913,True,True,626,PV+/PNN+,347.15965653,21.02420992643178,296.31705237,19.42376350908454,2.5715456008911133,False,NONE
309,1365,909,296.31705237,19.42376350908454,53991.0,144.7479892761394,147.66935483870967,4.17534758494954,4.259616228040413,1.961150089645075,True,True,596,PV+/PNN+,234.35262855,17.273883005349166,296.31705237,19.42376350908454,3.4703781604766846,False,NONE
310,1355,787,296.31705237,19.42376350908454,50562.0,135.55495978552278,151.67741935483872,3.9101688168438926,4.3752313918947126,2.034584735007934,True,False,-1,PV-/PNN+,0.0,0.0,296.31705237,19.42376350908454,3.068943977355957,False,NONE
311,1321,1104,296.31705237,19.42376350908454,50381.0,135.0697050938338,134.84677419354838,3.8961713373959137,3.8897407541403384,2.4852064224618404,True,True,572,PV+/PNN+,262.95159339,18.297550848549903,296.31705237,19.42376350908454,3.06671404838562,False,NONE
312,1691,651,296.31705237,19.42376350908454,12892.0,34.56300268096515,32.33064516129032,0.9969917405710113,0.9325979716134571,1.705464006245303,True,True,690,PV+/PNN+,289.96172685,19.21433675891821,296.31705237,19.42376350908454,1.17837393283844,False,NONE
313,1239,754,296.31705237,19.42376350908454,40151.0,107.64343163538874,99.12096774193549,3.1050430790929777,2.8592072010728367,2.658111632907117,True,True,536,PV+/PNN+,244.68003252,17.65039073821171,296.31705237,19.42376350908454,1.0263742208480835,False,NONE
314,1242,689,296.31705237,19.42376350908454,44168.0,118.41286863270777,91.41935483870968,3.415694321869409,2.6370492906485783,2.0305792088972328,True,True,540,PV+/PNN+,139.81716144,13.342441267550267,296.31705237,19.42376350908454,2.051462411880493,False,NONE
315,1338,706,296.31705237,19.42376350908454,47452.0,127.2171581769437,115.75,3.6696596395885526,3.3388821867218637,3.044422373361429,True,True,586,PV+/PNN+,229.58613441,17.097313977747916,296.31705237,19.42376350908454,2.4831535816192627,False,NONE
316,1369,1118,296.31705237,19.42376350908454,29315.0,78.59249329758713,61.233870967741936,2.267050331588519,1.766329857436014,2.4978905884790614,True,True,597,PV+/PNN+,256.59626787,18.075079952341586,296.31705237,19.42376350908454,1.7553092241287231,False,NONE
317,1330,1056,296.31705237,19.42376350908454,36645.0,98.24396782841823,74.33064516129032,2.8339095821613953,2.1441146181993602,2.3254304364905294,True,True,580,PV+/PNN+,228.79171872,17.067708217046253,296.31705237,19.42376350908454,2.1289432048797607,False,NONE
318,1323,818,296.31705237,19.42376350908454,44548.0,119.43163538873995,95.95967741935483,3.4450812952961067,2.7680177760609945,2.657889103678745,True,True,576,PV+/PNN+,218.46431475,16.67805158443783,296.31705237,19.42376350908454,1.8334861993789673,False,NONE
319,1396,900,296.31705237,19.42376350908454,37397.0,100.26005361930295,88.54838709677419,2.8920648558900175,2.5542344046684358,2.5426189633818934,True,True,604,PV+/PNN+,250.24094235,17.849836512187224,296.31705237,19.42376350908454,0.596775233745575,False,NONE
320,1482,928,296.31705237,19.42376350908454,15001.0,40.2171581769437,33.00806451612903,1.1600894430891824,0.9521385626874234,1.8327507248742583,True,True,633,PV+/PNN+,227.99730303,17.038051012682235,296.31705237,19.42376350908454,-0.22814559936523438,False,NONE
321,1302,875,296.31705237,19.42376350908454,20797.0,55.75603217158177,62.443548387096776,1.608318121986916,1.8012237700680966,1.5505836632981826,True,False,-1,PV-/PNN+,0.0,0.0,296.31705237,19.42376350908454,0.23604094982147217,False,NONE
322,1445,1002,296.31705237,19.42376350908454,15239.0,40.85522788203753,35.20967741935484,1.1784949685511665,1.0156454836778135,2.2844850584700263,True,True,624,PV+/PNN+,293.9338053,19.345494163821353,296.31705237,19.42376350908454,-0.2714594006538391,False,NONE
323,1277,1017,296.31705237,19.42376350908454,40152.0,107.6461126005362,104.85483870967742,3.1051204132335744,3.0246043469489075,1.6725296804462026,True,False,-1,PV-/PNN+,0.0,0.0,296.31705237,19.42376350908454,0.7743632197380066,False,NONE
324,1310,1019,296.31705237,19.42376350908454,19490.0,52.25201072386059,55.153225806451616,1.5072424002271958,1.5909297899387462,1.3258291426421602,True,False,-1,PV-/PNN+,0.0,0.0,296.31705237,19.42376350908454,-0.35283640027046204,False,NONE
325,1317,1611,296.31705237,19.42376350908454,75349.0,202.00804289544237,179.13709677419354,5.827050159811133,5.167323208642984,2.58868251365496,True,True,573,PV+/PNN+,295.52263668,19.39770881793461,296.31705237,19.42376350908454,2.4346113204956055,False,NONE
326,1228,1258,296.31705237,19.42376350908454,52127.0,139.75067024128685,125.68548387096774,4.031196746877528,3.6254775224733677,3.0248398012646667,True,True,528,PV+/PNN+,286.78406409,19.10876268101238,296.31705237,19.42376350908454,1.342326045036316,False,NONE
327,1284,1271,296.31705237,19.42376350908454,27371.0,73.38069705093834,69.19354838709677,2.116712762268783,1.9959318025551165,2.5581960093679545,True,True,559,PV+/PNN+,255.80185218,18.047078262479904,296.31705237,19.42376350908454,0.8331124782562256,False,NONE
328,1315,1353,296.31705237,19.42376350908454,31659.0,84.87667560321715,73.91935483870968,2.448321557146885,2.132250687904452,2.236863803598354,True,True,570,PV+/PNN+,270.89575029,18.571892250654752,296.31705237,19.42376350908454,1.4256014823913574,False,NONE
329,1278,1360,296.31705237,19.42376350908454,19381.0,51.9597855227882,50.12096774193548,1.4988129789021694,1.4457711133892832,1.9644880280706596,True,True,558,PV+/PNN+,219.25873044,16.708347797572188,296.31705237,19.42376350908454,0.5540629029273987,False,NONE
330,1262,1294,296.31705237,19.42376350908454,18783.0,50.35656836461126,59.854838709677416,1.452567162825419,1.72655079703544,2.5203660405446637,True,True,549,PV+/PNN+,202.57600095,16.06012998776311,296.31705237,19.42376350908454,-0.46696737408638,False,NONE
331,1261,1481,296.31705237,19.42376350908454,25344.0,67.94638069705094,61.38709677419355,1.9599564592795307,1.7707497530360778,2.2259598714081115,True,True,551,PV+/PNN+,190.65976560000001,15.580614658987523,296.31705237,19.42376350908454,0.42801427841186523,False,NONE
332,1418,2233,296.31705237,19.42376350908454,21179.0,56.78016085790885,52.74193548387097,1.6378597636948065,1.5213745907587952,1.9048501948668835,True,True,616,PV+/PNN+,275.66224443,18.73456886610221,296.31705237,19.42376350908454,2.8135244846343994,False,NONE
333,1220,1795,296.31705237,19.42376350908454,39936.0,107.06702412868633,93.61290322580645,3.0884162388647147,2.7003235855547545,2.7729367147472233,True,True,527,PV+/PNN+,316.97186031,20.08932818973701,296.31705237,19.42376350908454,2.7700116634368896,False,NONE
334,1253,1950,296.31705237,19.42376350908454,12506.0,33.52815013404826,31.475806451612904,0.9671407623007343,0.9079396066867856,1.8004839867602749,True,True,543,PV+/PNN+,265.33484046,18.380283226045986,296.31705237,19.42376350908454,-0.027209628373384476,False,NONE
335,1309,1934,296.31705237,19.42376350908454,8473.0,22.715817694369974,21.782258064516128,0.6552521732747578,0.6283230534616981,1.3816839789636073,True,True,569,PV+/PNN+,223.23080889,16.859012233282403,296.31705237,19.42376350908454,-0.4648708999156952,False,NONE
336,1469,2510,296.31705237,19.42376350908454,63152.0,169.30831099195711,210.6209677419355,4.883805646954739,6.075495441413984,3.646141406880127,True,True,632,PV+/PNN+,355.10381343,21.263400897912202,296.31705237,19.42376350908454,2.7842519283294678,False,NONE
337,1241,2572,296.31705237,19.42376350908454,62104.0,166.49865951742626,176.58064516129033,4.802759467609531,5.093580739947184,3.0680104715688925,True,True,539,PV+/PNN+,226.40847165,16.97858119419376,296.31705237,19.42376350908454,2.5648746490478516,False,NONE
338,1655,2664,296.31705237,19.42376350908454,53094.0,142.343163538874,163.54032258064515,4.105978860834414,4.717424361773334,3.9774874279264805,True,True,681,PV+/PNN+,285.9896484,19.08227789672358,296.31705237,19.42376350908454,2.381812810897827,False,NONE
339,1362,2715,296.31705237,19.42376350908454,61915.0,165.99195710455763,149.19354838709677,4.788143315036779,4.303582557956837,3.0958266251154303,True,True,594,PV+/PNN+,176.36028318,14.984955344126575,296.31705237,19.42376350908454,2.528437614440918,False,NONE
340,1307,2702,296.31705237,19.42376350908454,50117.0,134.36193029490616,107.38709677419355,3.875755124278418,3.097648937392067,2.0065460522330243,True,True,571,PV+/PNN+,105.65728677,11.598579038183399,296.31705237,19.42376350908454,2.0947444438934326,False,NONE
341,1414,2707,296.31705237,19.42376350908454,59117.0,158.49061662198392,135.08064516129033,4.57176238964757,3.8964869105825417,2.933825346860396,True,True,612,PV+/PNN+,205.75366371,16.185601660417575,296.31705237,19.42376350908454,2.616462469100952,False,NONE
342,1395,2601,296.31705237,19.42376350908454,79009.0,211.82037533512064,208.19354838709677,6.110093114394587,6.005474990065605,2.7771647700862974,True,True,606,PV+/PNN+,217.66989906,16.647700237020825,296.31705237,19.42376350908454,1.0440348386764526,False,NONE
343,1233,2638,296.31705237,19.42376350908454,63180.0,169.3833780160858,156.03225806451613,4.885971002891443,4.50084947737021,2.547959664862829,True,False,-1,PV-/PNN+,0.0,0.0,296.31705237,19.42376350908454,1.9093854427337646,False,NONE
344,1445,2633,296.31705237,19.42376350908454,80292.0,215.26005361930294,211.18548387096774,6.209312816779989,6.091779267308956,2.2646799571448915,True,True,625,PV+/PNN+,183.51002439,15.28568676601291,296.31705237,19.42376350908454,1.9036056995391846,False,NONE
345,1491,2696,296.31705237,19.42376350908454,58843.0,157.75603217158178,162.21774193548387,4.550572835124109,4.679273683962258,2.7767197116295526,True,True,634,PV+/PNN+,159.67755369,14.258603569939101,296.31705237,19.42376350908454,1.1256380081176758,False,NONE
346,1355,2652,296.31705237,19.42376350908454,62154.0,166.63270777479892,160.25,4.8066261746393595,4.622512919414071,2.2862652922970046,True,True,590,PV+/PNN+,175.56586749,14.951167352217066,296.31705237,19.42376350908454,1.759482741355896,False,NONE
347,1524,2524,296.31705237,19.42376350908454,34273.0,91.88471849865952,112.34677419354838,2.6504730006663255,3.240713979183605,3.3837794466291853,True,True,646,PV+/PNN+,289.96172685,19.21433675891821,296.31705237,19.42376350908454,0.909845232963562,False,NONE
348,1225,2480,296.31705237,19.42376350908454,33043.0,88.58713136729223,75.8225806451613,2.5553520077325413,2.1871504437789286,2.1803413795917903,True,True,529,PV+/PNN+,136.63949868,13.18995121644368,296.31705237,19.42376350908454,1.647666335105896,False,NONE
349,1375,2746,296.31705237,19.42376350908454,43198.0,115.81233243967829,86.4274193548387,3.340680205490734,2.493053744520185,2.0009828215237166,True,True,600,PV+/PNN+,136.63949868,13.18995121644368,296.31705237,19.42376350908454,1.1722877025604248,False,NONE
350,1398,2556,296.31705237,19.42376350908454,57209.0,153.37533512064343,148.23387096774192,4.424208849389309,4.275900053935384,2.1140276695368447,True,True,608,PV+/PNN+,212.90340492,16.464417218744998,296.31705237,19.42376350908454,1.1683392524719238,False,NONE
351,1356,2571,296.31705237,19.42376350908454,56647.0,151.8686327077748,138.75,4.380747062374036,4.002331778899858,2.877302922853832,True,True,591,PV+/PNN+,170.79937335,14.746813769937054,296.31705237,19.42376350908454,1.0762674808502197,False,NONE
352,1508,2742,296.31705237,19.42376350908454,51743.0,138.72117962466487,118.2258064516129,4.001500436888445,3.4102983945755256,1.9562544466208847,True,True,642,PV+/PNN+,154.91105955,14.044176264056347,296.31705237,19.42376350908454,1.2116621732711792,False,NONE
353,1536,2657,296.31705237,19.42376350908454,61513.0,164.9142091152815,168.45967741935485,4.757054990516957,4.859326273143804,2.044153491827943,True,True,647,PV+/PNN+,200.19275388,15.965379131403353,296.31705237,19.42376350908454,-0.672857403755188,False,NONE
354,1495,2550,296.31705237,19.42376350908454,55290.0,148.23056300268095,180.7741935483871,4.275804633584487,5.214546303738403,1.614004493384288,True,False,-1,PV-/PNN+,0.0,0.0,296.31705237,19.42376350908454,0.1192074865102768,False,NONE
355,1478,2663,296.31705237,19.42376350908454,40999.0,109.91689008042896,135.1451612903226,3.170622430318871,3.8983479192562527,1.5167592205855933,True,False,-1,PV-/PNN+,0.0,0.0,296.31705237,19.42376350908454,0.02799968048930168,False,NONE
356,1436,2535,296.31705237,19.42376350908454,55038.0,147.55495978552278,143.32258064516128,4.2563164301541505,4.13423076864913,2.1055715588586974,True,True,622,PV+/PNN+,259.77393063,18.186655579556263,296.31705237,19.42376350908454,0.31711623072624207,False,NONE
357,1360,2615,296.31705237,19.42376350908454,60075.0,161.05898123324397,158.58064516129033,4.645848496339086,4.574359319981797,2.276251477020251,True,True,593,PV+/PNN+,125.51767902,12.64175907426016,296.31705237,19.42376350908454,-0.6800132989883423,False,NONE
358,1633,2683,296.31705237,19.42376350908454,40843.0,109.49865951742628,145.41935483870967,3.158558304385806,4.194713550544739,1.671417034304341,True,False,-1,PV-/PNN+,0.0,0.0,296.31705237,19.42376350908454,0.5536277294158936,False,NONE
359,1625,2715,296.31705237,19.42376350908454,52947.0,141.9490616621984,153.25,4.094610742166719,4.42059347831642,2.070189411547502,True,False,-1,PV-/PNN+,0.0,0.0,296.31705237,19.42376350908454,0.6118850111961365,False,NONE
360,1608,2839,296.31705237,19.42376350908454,56850.0,152.41286863270778,143.1451612903226,4.39644589291514,4.129112994796425,2.5245940958837374,True,True,669,PV+/PNN+,208.93132647000002,16.3101081233564,296.31705237,19.42376350908454,1.7171247005462646,False,NONE
361,1569,2674,296.31705237,19.42376350908454,35354.0,94.7828418230563,123.09677419354838,2.7340712066512203,3.550804549440711,2.0608431839558654,True,True,657,PV+/PNN+,166.8272949,14.574330482319754,296.31705237,19.42376350908454,-0.5840502977371216,False,NONE
362,1499,2603,296.31705237,19.42376350908454,77686.0,208.2734584450402,213.75,6.007780046385322,6.16575436208897,2.1609813367234003,True,False,-1,PV-/PNN+,0.0,0.0,296.31705237,19.42376350908454,-0.6330980062484741,False,NONE
363,1524,2586,296.31705237,19.42376350908454,68412.0,183.4101876675603,206.07258064516128,5.29058322649271,5.944294329917353,2.028798975070254,True,False,-1,PV-/PNN+,0.0,0.0,296.31705237,19.42376350908454,-0.7182025909423828,False,NONE
364,1564,2643,296.31705237,19.42376350908454,45257.0,121.33243967828419,122.38709677419355,3.4999112009790765,3.5303334540298894,1.5503611340698105,True,False,-1,PV-/PNN+,0.0,0.0,296.31705237,19.42376350908454,-0.4322022795677185,False,NONE
365,1510,2644,296.31705237,19.42376350908454,57261.0,153.51474530831098,158.61290322580646,4.428230224700331,4.575289824318652,2.1736655027406213,True,True,644,PV+/PNN+,148.55573403,13.753073662427433,296.31705237,19.42376350908454,0.024932052940130234,False,NONE
366,1230,2732,296.31705237,19.42376350908454,34278.0,91.89812332439678,79.95967741935483,2.6508596713693082,2.3064876249806505,1.741068682784871,True,False,-1,PV-/PNN+,0.0,0.0,296.31705237,19.42376350908454,0.2637143135070801,False,NONE
367,1280,2514,296.31705237,19.42376350908454,49106.0,131.6514745308311,128.2258064516129,3.797570308135284,3.6987547390007403,1.6538372252629296,True,False,-1,PV-/PNN+,0.0,0.0,296.31705237,19.42376350908454,0.5152648687362671,False,NONE
368,1477,2585,296.31705237,19.42376350908454,33117.0,88.78552278820375,115.59677419354838,2.5610747341366875,3.3344622911218,1.261740724870938,True,False,-1,PV-/PNN+,0.0,0.0,296.31705237,19.42376350908454,-0.8933823108673096,False,NONE
369,1503,2502,296.31705237,19.42376350908454,23243.0,62.31367292225201,76.25,1.797477429886132,2.1994796262422645,1.3507524162198579,True,False,-1,PV-/PNN+,0.0,0.0,296.31705237,19.42376350908454,-0.32510703802108765,False,NONE
370,1524,2619,296.31705237,19.42376350908454,55499.0,148.79088471849866,173.66129032258064,4.291967468969171,5.009370097461757,1.8710257521542937,True,False,-1,PV-/PNN+,0.0,0.0,296.31705237,19.42376350908454,-1.9057432413101196,False,NONE
371,1452,2720,296.31705237,19.42376350908454,18979.0,50.88203753351206,71.33870967741936,1.4677246543823472,2.0578103409560096,1.4773715471636961,True,False,-1,PV-/PNN+,0.0,0.0,296.31705237,19.42376350908454,-1.3509153127670288,False,NONE
372,1259,2784,296.31705237,19.42376350908454,25055.0,67.171581769437,63.306451612903224,1.937606892647121,1.826114761078982,1.4426569875376174,True,False,-1,PV-/PNN+,0.0,0.0,296.31705237,19.42376350908454,0.37431222200393677,False,NONE
373,1230,2689,296.31705237,19.42376350908454,36928.0,99.00268096514745,86.19354838709677,2.8557951439502247,2.486307588077982,2.407543721759908,True,True,531,PV+/PNN+,143.78923989,13.53063732184699,296.31705237,19.42376350908454,0.3776314854621887,False,NONE
374,1902,152,296.31705237,19.42376350908454,45362.0,121.61394101876675,132.58064516129033,3.5080312857417164,3.824372824476238,3.240470623557425,True,False,-1,PV-/PNN+,0.0,0.0,296.31705237,19.42376350908454,3.3880693912506104,False,NONE
375,1897,36,296.31705237,19.42376350908454,76800.0,205.89812332439678,215.36290322580646,5.939261997816759,6.2122795789317475,2.43001917382551,True,False,-1,PV-/PNN+,0.0,0.0,296.31705237,19.42376350908454,2.363722562789917,False,NONE
376,1877,16,296.31705237,19.42376350908454,47270.0,126.72922252010724,138.2741935483871,3.6555848259999766,3.988606839931239,1.8917209703929176,True,False,-1,PV-/PNN+,0.0,0.0,296.31705237,19.42376350908454,1.3145983219146729,False,NONE
377,1920,2435,296.31705237,19.42376350908454,28796.0,77.20107238605898,72.2258064516129,2.2269139126188984,2.0833992102195364,1.78646464537282,True,True,726,PV+/PNN+,225.61405596,16.948768034767717,296.31705237,19.42376350908454,1.4905602931976318,False,NONE
378,1881,2571,296.31705237,19.42376350908454,24738.0,66.32171581769437,60.516129032258064,1.9130919700780076,1.7456261359409784,1.4548960950980938,True,True,720,PV+/PNN+,200.98716957,15.99702510721652,296.31705237,19.42376350908454,-0.6009261608123779,False,NONE
379,1753,262,296.31705237,19.42376350908454,47362.0,126.97587131367293,114.50806451612904,3.662699566934861,3.3030577697529258,2.057060187073536,True,True,699,PV+/PNN+,291.55055823,19.266906861975738,296.31705237,19.42376350908454,3.545931577682495,False,NONE
380,1120,1773,296.31705237,19.42376350908454,64213.0,172.15281501340482,164.31451612903226,4.965857170127702,4.739756465857868,2.5728829384405265,True,True,467,PV+/PNN+,173.18262042,14.849342099217841,296.31705237,19.42376350908454,3.249831438064575,False,NONE
381,1794,2357,296.31705237,19.42376350908454,41479.0,111.20375335120643,114.51612903225806,3.207742817805226,3.3032903958371396,2.8396954832589136,True,True,712,PV+/PNN+,299.49471513,19.52763464280066,296.31705237,19.42376350908454,3.3101513385772705,False,NONE
382,1753,395,296.31705237,19.42376350908454,34631.0,92.84450402144772,87.12096774193549,2.678158622999898,2.5130595877625788,1.990078889333474,True,True,700,PV+/PNN+,279.63432288,18.869061395736058,296.31705237,19.42376350908454,3.3529140949249268,False,NONE
383,1063,2362,296.31705237,19.42376350908454,27232.0,73.00804289544236,68.45161290322581,2.1059633167258593,1.9745302028074394,1.8425420109226394,True,True,431,PV+/PNN+,254.2130208,17.990944135012548,296.31705237,19.42376350908454,2.8090195655822754,False,NONE
384,1201,2416,296.31705237,19.42376350908454,45407.0,121.73458445040214,109.75806451612904,3.511511322068562,3.1660410061509485,3.465670202670192,True,True,517,PV+/PNN+,235.94145993,17.332339629300566,296.31705237,19.42376350908454,2.5106041431427,False,NONE
385,868,1729,296.31705237,19.42376350908454,63869.0,171.23056300268095,165.33870967741936,4.939254225762482,4.769299978553031,2.4162223616664273,True,True,301,PV+/PNN+,224.02522458,16.888983834246268,296.31705237,19.42376350908454,2.408494234085083,False,NONE
386,1186,473,296.31705237,19.42376350908454,59364.0,159.15281501340482,152.9516129032258,4.590863922374923,4.411986313200506,1.77289036244211,True,False,-1,PV-/PNN+,0.0,0.0,296.31705237,19.42376350908454,2.1586601734161377,False,NONE
387,1538,601,296.31705237,19.42376350908454,33420.0,89.59785522788204,82.39516129032258,2.584506978737449,2.376740702413243,2.8688468121756845,True,True,649,PV+/PNN+,264.54042477,18.352747205751005,296.31705237,19.42376350908454,1.4234580993652344,False,NONE
388,1248,1176,296.31705237,19.42376350908454,29050.0,77.88203753351206,77.96774193548387,2.2465567843304277,2.2490289821798215,2.0036531722641846,True,True,541,PV+/PNN+,231.96938148,17.185825254205643,296.31705237,19.42376350908454,2.881261110305786,False,NONE
389,1153,2554,296.31705237,19.42376350908454,68525.0,183.71313672922253,171.13709677419354,5.299321984380123,4.936558133102812,2.0606206547274932,True,False,-1,PV-/PNN+,0.0,0.0,296.31705237,19.42376350908454,1.3577851057052612,False,NONE
390,795,2305,296.31705237,19.42376350908454,48007.0,128.70509383378015,107.65322580645162,3.71258008761965,3.105325598171125,2.3125237412449358,True,True,253,PV+/PNN+,223.23080889,16.859012233282403,296.31705237,19.42376350908454,2.749835729598999,False,NONE
391,602,1033,296.31705237,19.42376350908454,65707.0,176.15817694369974,146.21774193548387,5.081394376178982,4.217743532881914,2.858165409213814,True,True,140,PV+/PNN+,202.57600095,16.06012998776311,296.31705237,19.42376350908454,1.9465420246124268,False,NONE
392,283,2330,296.31705237,19.42376350908454,14887.0,39.911528150134046,34.53225806451613,1.151273351061173,0.9961048926038473,1.1142038464601034,True,False,-1,PV-/PNN+,0.0,0.0,296.31705237,19.42376350908454,0.576391339302063,False,NONE
393,515,1778,296.31705237,19.42376350908454,90103.0,241.56300268096516,225.83870967741936,6.968038070172962,6.514460862325581,1.9115260717180524,True,True,96,PV+/PNN+,249.44652666,17.82148091602788,296.31705237,19.42376350908454,1.6077522039413452,False,NONE
394,1166,168,296.31705237,19.42376350908454,78200.0,209.6514745308311,208.66129032258064,6.047529794651961,6.01896730295001,2.2542210834113936,True,True,493,PV+/PNN+,139.02274575,13.304482609502795,296.31705237,19.42376350908454,1.4207028150558472,False,NONE
395,961,587,296.31705237,19.42376350908454,62354.0,167.16890080428954,151.74193548387098,4.822093002758674,4.377092400568424,2.097783035865667,True,True,372,PV+/PNN+,158.883138,14.223090180871878,296.31705237,19.42376350908454,1.7069648504257202,False,NONE
396,1198,1219,296.31705237,19.42376350908454,36484.0,97.81233243967829,101.74193548387096,2.821458785525347,2.9348106784423487,2.3970848480264095,True,True,516,PV+/PNN+,204.95924802,16.154325106244645,296.31705237,19.42376350908454,1.3715037107467651,False,NONE
397,627,1839,296.31705237,19.42376350908454,37258.0,99.88739946380697,95.63709677419355,2.881315410347094,2.758712732692439,1.5884136321214735,True,True,155,PV+/PNN+,100.09637694,11.289227848029503,296.31705237,19.42376350908454,1.5988298654556274,False,NONE
398,829,1161,296.31705237,19.42376350908454,59460.0,159.4101876675603,136.25806451612902,4.598287999872194,3.9304503188777677,2.3316612548849536,True,True,277,PV+/PNN+,199.39833819,15.933670303416712,296.31705237,19.42376350908454,2.0285377502441406,False,NONE
399,1201,1572,296.31705237,19.42376350908454,29864.0,80.06434316353888,69.3225806451613,2.309506774776038,1.9996538199025389,1.8939462626766406,True,True,519,PV+/PNN+,206.5480794,16.216817893198968,296.31705237,19.42376350908454,2.2320191860198975,False,NONE
400,1183,1280,296.31705237,19.42376350908454,44335.0,118.86058981233244,106.79032258064517,3.4286091233490366,3.0804346071602398,2.6013666796721804,True,True,500,PV+/PNN+,231.96938148,17.185825254205643,296.31705237,19.42376350908454,1.517016053199768,False,NONE
401,593,891,296.31705237,19.42376350908454,25944.0,69.55495978552278,56.935483870967744,2.0063569436374737,1.6423401545500145,1.6442684684429207,True,False,-1,PV-/PNN+,0.0,0.0,296.31705237,19.42376350908454,1.2975265979766846,False,NONE
402,592,1226,296.31705237,19.42376350908454,57729.0,154.76943699731905,147.63709677419354,4.4644226024995275,4.2586857237035565,2.9473996297911067,True,True,135,PV+/PNN+,213.69782061,16.495105814282397,296.31705237,19.42376350908454,1.3929250240325928,False,NONE
403,1206,2548,296.31705237,19.42376350908454,69892.0,187.37801608579088,161.36290322580646,5.405037754575637,4.654615319035586,2.148964758391296,True,True,524,PV+/PNN+,99.30196125,11.244340084382843,296.31705237,19.42376350908454,1.9562182426452637,False,NONE
404,612,1594,296.31705237,19.42376350908454,51782.0,138.82573726541554,108.6774193548387,4.004516468371711,3.134869110866288,1.5592623032047024,True,False,-1,PV-/PNN+,0.0,0.0,296.31705237,19.42376350908454,1.2331914901733398,False,NONE
405,588,2492,296.31705237,19.42376350908454,23494.0,62.98659517426273,60.70161290322581,1.8168882991758715,1.750976535877898,2.877302922853832,True,True,127,PV+/PNN+,203.37041664,16.091589626115688,296.31705237,19.42376350908454,0.7491737604141235,False,NONE
406,1188,190,296.31705237,19.42376350908454,78202.0,209.656836461126,209.49193548387098,6.047684462933153,6.0429277896240405,2.4102140725003753,True,True,513,PV+/PNN+,179.53794594000001,15.11935225303425,296.31705237,19.42376350908454,0.716344952583313,False,NONE
407,621,715,296.31705237,19.42376350908454,35840.0,96.08579088471849,81.7741935483871,2.771655598981154,2.3588284939287743,1.727716929082533,True,True,147,PV+/PNN+,163.64963214,14.434859996619657,296.31705237,19.42376350908454,0.8186878561973572,False,NONE
408,526,1171,296.31705237,19.42376350908454,40501.0,108.58176943699732,88.03225806451613,3.132110028301778,2.5393463352787475,1.8173962081165698,True,False,-1,PV-/PNN+,0.0,0.0,296.31705237,19.42376350908454,0.6214178800582886,False,NONE
409,1180,1343,296.31705237,19.42376350908454,41514.0,111.2975871313673,89.73387096774194,3.210449512726106,2.588430439047877,2.7132988815434476,True,True,501,PV+/PNN+,204.16483233,16.12298787963261,296.31705237,19.42376350908454,0.6264309883117676,False,NONE
410,1162,316,296.31705237,19.42376350908454,42749.0,114.60857908847186,85.83870967741936,3.305957176362873,2.4760720403725713,1.9210948285380613,True,True,491,PV+/PNN+,133.46183592,13.035677474005706,296.31705237,19.42376350908454,1.3743259906768799,False,NONE
411,978,617,296.31705237,19.42376350908454,43925.0,117.76139410187668,108.9758064516129,3.396902125704442,3.1434762759822017,1.4933936516065018,True,False,-1,PV-/PNN+,0.0,0.0,296.31705237,19.42376350908454,1.4419643878936768,False,NONE
412,632,1925,296.31705237,19.42376350908454,17824.0,47.78552278820376,42.096774193548384,1.3784037219933063,1.2143081595964695,1.5314461496581648,True,False,-1,PV-/PNN+,0.0,0.0,296.31705237,19.42376350908454,-0.17453838884830475,False,NONE
413,576,2718,296.31705237,19.42376350908454,26017.0,69.75067024128687,54.95161290322581,2.0120023359010237,1.5851141378333993,1.5877460444363567,True,True,128,PV+/PNN+,69.90858072,9.434530697868029,296.31705237,19.42376350908454,0.42783474922180176,False,NONE
414,590,1770,296.31705237,19.42376350908454,31072.0,83.3029490616622,67.44354838709677,2.4029264166166975,1.945451942280704,1.8739186321231338,True,True,136,PV+/PNN+,193.83742836,15.709916582774115,296.31705237,19.42376350908454,0.8211393356323242,False,NONE
415,1176,267,296.31705237,19.42376350908454,50106.0,134.33243967828417,104.34677419354838,3.8749044487318556,3.009948903643433,1.947798335942737,True,True,496,PV+/PNN+,158.883138,14.223090180871878,296.31705237,19.42376350908454,1.67335045337677,False,NONE
416,585,1447,296.31705237,19.42376350908454,72762.0,195.07238605898124,184.03225806451613,5.6269867380878,5.308527241760811,3.2353524513048617,True,True,133,PV+/PNN+,209.72574216,16.34108651427568,296.31705237,19.42376350908454,1.484233021736145,False,NONE
417,906,1789,296.31705237,19.42376350908454,24052.0,64.48257372654156,63.57258064516129,1.8600407496287592,1.83379142185804,2.539948612641426,True,True,329,PV+/PNN+,215.28665199,16.556312354123577,296.31705237,19.42376350908454,2.0873806476593018,False,NONE
418,1328,1215,296.31705237,19.42376350908454,16737.0,44.871313672922255,39.975806451612904,1.2943415111648322,1.1531274994482184,2.183011730332258,True,True,581,PV+/PNN+,181.92119301,15.21937110940298,296.31705237,19.42376350908454,0.9063234925270081,False,NONE
419,1370,598,296.31705237,19.42376350908454,24346.0,65.27077747989276,61.71774193548387,1.882776986964151,1.7802874224888472,2.184346905702492,True,True,599,PV+/PNN+,170.79937335,14.746813769937054,296.31705237,19.42376350908454,0.1731027066707611,False,NONE
420,926,1158,296.31705237,19.42376350908454,43619.0,116.94101876675603,121.93548387096774,3.373237878681891,3.5173063933139117,2.4019804910506,True,True,344,PV+/PNN+,228.79171872,17.067708217046253,296.31705237,19.42376350908454,1.487861156463623,False,NONE
421,1165,642,296.31705237,19.42376350908454,36386.0,97.54959785522789,101.65322580645162,2.813880039746883,2.9322517915159962,2.5230363912851312,True,True,489,PV+/PNN+,212.10898923,16.4336713147562,296.31705237,19.42376350908454,0.07246047258377075,False,NONE
422,642,1207,296.31705237,19.42376350908454,72744.0,195.0241286863271,176.26612903225808,5.625594723557062,5.084508322662843,2.0136669875409376,True,False,-1,PV-/PNN+,0.0,0.0,296.31705237,19.42376350908454,0.8793936967849731,False,NONE
423,633,2008,296.31705237,19.42376350908454,13346.0,35.78016085790885,41.556451612903224,1.032101440401855,1.1987222119541394,1.6166748441247556,True,False,-1,PV-/PNN+,0.0,0.0,296.31705237,19.42376350908454,0.4644126892089844,False,NONE
424,613,1393,296.31705237,19.42376350908454,39472.0,105.82305630026809,114.3225806451613,3.052533197627905,3.297707369816006,1.4922810054646403,True,False,-1,PV-/PNN+,0.0,0.0,296.31705237,19.42376350908454,-0.9967461824417114,False,NONE
425,598,1070,296.31705237,19.42376350908454,36444.0,97.70509383378015,75.8225806451613,2.818365419901484,2.1871504437789286,1.6772027942420211,True,False,-1,PV-/PNN+,0.0,0.0,296.31705237,19.42376350908454,0.0008606128394603729,False,NONE
426,879,1186,296.31705237,19.42376350908454,39497.0,105.89008042895442,106.49193548387096,3.0544665511428195,3.0718274420443255,1.7726678332137376,True,False,-1,PV-/PNN+,0.0,0.0,296.31705237,19.42376350908454,0.3664126992225647,False,NONE
427,1765,2276,296.31705237,19.42376350908454,16321.0,43.75603217158177,44.49193548387097,1.262170508676658,1.283398106607993,1.7466319134941783,True,True,704,PV+/PNN+,351.13173498,21.144143642815212,296.31705237,19.42376350908454,0.20795628428459167,False,NONE
428,1168,1308,296.31705237,19.42376350908454,41287.0,110.68900804289544,103.68548387096774,3.192894662810684,2.9908735647378943,1.4918359470078957,True,False,-1,PV-/PNN+,0.0,0.0,296.31705237,19.42376350908454,-0.2547573149204254,False,NONE
429,693,1191,296.31705237,19.42376350908454,57060.0,152.9758713136729,144.08064516129033,4.41268606244042,4.156097620565235,1.720373464546247,True,False,-1,PV-/PNN+,0.0,0.0,296.31705237,19.42376350908454,0.18280911445617676,False,NONE
430,598,1806,296.31705237,19.42376350908454,24401.0,65.41823056300268,55.604838709677416,1.8870303646969628,1.6039568506547237,1.6282463640001152,True,True,134,PV+/PNN+,212.10898923,16.4336713147562,296.31705237,19.42376350908454,-0.34366461634635925,False,NONE
431,789,1728,296.31705237,19.42376350908454,22073.0,59.1769436997319,72.65322580645162,1.706996485388142,2.0957283926828727,1.775338183954205,True,False,-1,PV-/PNN+,0.0,0.0,296.31705237,19.42376350908454,0.815272331237793,False,NONE
432,979,1187,296.31705237,19.42376350908454,52613.0,141.05361930294907,130.33870967741936,4.068781139207463,3.7597027730647783,2.4889894193441693,True,True,381,PV+/PNN+,247.06327959,17.736142129165177,296.31705237,19.42376350908454,0.33058375120162964,False,NONE
433,437,2326,296.31705237,19.42376350908454,11607.0,31.117962466487935,33.00806451612903,0.8976173699044157,0.9521385626874234,1.3560931177007929,True,True,58,PV+/PNN+,133.46183592,13.035677474005706,296.31705237,19.42376350908454,-1.1378308534622192,False,NONE
434,1153,688,296.31705237,19.42376350908454,24944.0,66.8739946380697,59.306451612903224,1.9290228030409016,1.710732223308896,1.7773409470095556,True,True,487,PV+/PNN+,112.80702798,11.984588810142046,296.31705237,19.42376350908454,0.5495608448982239,False,NONE
435,623,1322,296.31705237,19.42376350908454,72511.0,194.39946380697052,172.44354838709677,5.607575868798061,4.974243558745461,1.9615951481018197,True,True,148,PV+/PNN+,84.20806314000001,10.3545659481894,296.31705237,19.42376350908454,0.1419783979654312,False,NONE
436,1212,211,296.31705237,19.42376350908454,67893.0,182.01876675603216,159.8790322580645,5.250446807523089,4.6118121195402315,1.9449054559738972,True,False,-1,PV-/PNN+,0.0,0.0,296.31705237,19.42376350908454,0.791087806224823,False,NONE
437,1194,2631,296.31705237,19.42376350908454,41933.0,112.42091152815013,137.79032258064515,3.2428525176360696,3.9746492748784057,1.9887437139632402,True,False,-1,PV-/PNN+,0.0,0.0,296.31705237,19.42376350908454,0.5295544862747192,False,NONE
438,1783,85,296.31705237,19.42376350908454,28693.0,76.92493297587131,83.14516129032258,2.2189484961374513,2.398374928245134,1.9464631605725031,True,False,-1,PV-/PNN+,0.0,0.0,296.31705237,19.42376350908454,0.2196628600358963,False,NONE
439,1776,2346,296.31705237,19.42376350908454,18977.0,50.87667560321716,58.70161290322581,1.4675699861011542,1.6932852669928549,0.8407154247905474,True,False,-1,PV-/PNN+,0.0,0.0,296.31705237,19.42376350908454,0.9266418218612671,False,NONE
440,1752,130,296.31705237,19.42376350908454,25627.0,68.70509383378015,68.29838709677419,1.9818420210683603,1.9701103072073756,2.409991543272003,True,False,-1,PV-/PNN+,0.0,0.0,296.31705237,19.42376350908454,-0.0531521774828434,False,NONE
441,659,1751,296.31705237,19.42376350908454,27842.0,74.64343163538874,73.99193548387096,2.153137142489768,2.134344322662377,1.2550648480197688,True,False,-1,PV-/PNN+,0.0,0.0,296.31705237,19.42376350908454,1.1655539274215698,False,NONE
442,629,1358,296.31705237,19.42376350908454,44420.0,119.08847184986595,149.49193548387098,3.435182525299745,4.31218972307275,1.6360348869931456,True,False,-1,PV-/PNN+,0.0,0.0,296.31705237,19.42376350908454,0.5395927429199219,False,NONE
443,622,2433,296.31705237,19.42376350908454,20788.0,55.73190348525469,54.064516129032256,1.6076221147215466,1.559525268569872,1.4593466796655399,True,False,-1,PV-/PNN+,0.0,0.0,296.31705237,19.42376350908454,0.17211337387561798,False,NONE
444,1030,1783,296.31705237,19.42376350908454,21453.0,57.51474530831099,51.016129032258064,1.6590493182182673,1.4715926087370241,1.9704963172367118,True,True,410,PV+/PNN+,133.46183592,13.035677474005706,296.31705237,19.42376350908454,0.07539832592010498,False,NONE
445,1189,661,296.31705237,19.42376350908454,30526.0,81.83914209115281,79.69354838709677,2.3607019758509686,2.2988109642015924,1.9838480709390498,True,False,-1,PV-/PNN+,0.0,0.0,296.31705237,19.42376350908454,0.14866577088832855,False,NONE
446,584,1356,296.31705237,19.42376350908454,67358.0,180.58445040214477,205.0,5.209073042303922,5.913355060716907,1.5296659158311865,True,False,-1,PV-/PNN+,0.0,0.0,296.31705237,19.42376350908454,-0.08269228041172028,False,NONE
447,1337,595,296.31705237,19.42376350908454,22348.0,59.9142091152815,54.21774193548387,1.7282633740521995,1.5639451641699358,1.7294971629095113,True,False,-1,PV-/PNN+,0.0,0.0,296.31705237,19.42376350908454,-1.4557899236679077,False,NONE
448,621,1197,296.31705237,19.42376350908454,40217.0,107.82037533512064,99.43548387096774,3.1101471323723517,2.868279618357178,1.5990950350833437,True,False,-1,PV-/PNN+,0.0,0.0,296.31705237,19.42376350908454,-0.43129077553749084,False,NONE
449,1200,1247,296.31705237,19.42376350908454,24044.0,64.46112600536193,61.87096774193548,1.8594220765039864,1.7847073180889108,1.4095001325101448,True,False,-1,PV-/PNN+,0.0,0.0,296.31705237,19.42376350908454,-0.25995683670043945,False,NONE
450,1170,714,296.31705237,19.42376350908454,21513.0,57.67560321715818,55.54032258064516,1.6636893666540618,1.6020958419810125,1.937339462209239,True,False,-1,PV-/PNN+,0.0,0.0,296.31705237,19.42376350908454,-0.7309461832046509,False,NONE
451,624,784,296.31705237,19.42376350908454,24864.0,66.65951742627345,72.65322580645162,1.9228360717931756,2.0957283926828727,1.5120861067897746,True,False,-1,PV-/PNN+,0.0,0.0,296.31705237,19.42376350908454,1.514809489250183,False,NONE
452,594,1415,296.31705237,19.42376350908454,87147.0,233.63806970509384,216.96774193548387,6.739438350569494,6.25857216969031,1.8323056664175137,True,False,-1,PV-/PNN+,0.0,0.0,296.31705237,19.42376350908454,0.34290969371795654,False,NONE
453,930,593,296.31705237,19.42376350908454,42051.0,112.7372654155496,100.2258064516129,3.2519779462264653,2.8910769746101384,1.365884403749174,True,False,-1,PV-/PNN+,0.0,0.0,296.31705237,19.42376350908454,0.013909619301557541,False,NONE
454,1159,1039,296.31705237,19.42376350908454,20984.0,56.257372654155496,59.854838709677416,1.622779606278475,1.72655079703544,1.7971460483346904,True,True,488,PV+/PNN+,155.70547524,14.080140922851225,296.31705237,19.42376350908454,-0.2195984125137329,False,NONE
455,1174,2021,296.31705237,19.42376350908454,9377.0,25.13941018766756,25.35483870967742,0.7251622363740593,0.7313764087684483,0.9815764263502129,True,False,-1,PV-/PNN+,0.0,0.0,296.31705237,19.42376350908454,-1.6787092685699463,False,NONE
456,1168,521,296.31705237,19.42376350908454,20501.0,54.96246648793566,60.45967741935484,1.5854272163703305,1.7439977533514814,1.4782616640771853,True,False,-1,PV-/PNN+,0.0,0.0,296.31705237,19.42376350908454,-0.320652574300766,False,NONE
457,1186,989,296.31705237,19.42376350908454,25855.0,69.31635388739946,64.75806451612904,1.9994742051243788,1.8679874562374812,1.967603437267872,True,True,508,PV+/PNN+,181.92119301,15.21937110940298,296.31705237,19.42376350908454,0.019865628331899643,False,NONE
458,569,1168,296.31705237,19.42376350908454,18635.0,49.9597855227882,57.37903225806452,1.4411217100171263,1.6551345891817781,1.29000193687422,True,False,-1,PV-/PNN+,0.0,0.0,296.31705237,19.42376350908454,-1.2585150003433228,False,NONE
459,619,1055,296.31705237,19.42376350908454,28323.0,75.93297587131367,71.58064516129032,2.1903348641167195,2.064789123482426,1.111756024948008,True,False,-1,PV-/PNN+,0.0,0.0,296.31705237,19.42376350908454,0.20879130065441132,False,NONE
460,886,1158,296.31705237,19.42376350908454,33452.0,89.68364611260054,78.91935483870968,2.5869816712365394,2.27647886011706,1.6578427513736311,True,False,-1,PV-/PNN+,0.0,0.0,296.31705237,19.42376350908454,-0.5664567351341248,False,NONE
461,1171,1649,296.31705237,19.42376350908454,13006.0,34.8686327077748,30.306451612903224,1.0058078325990205,0.8742088244757725,1.3278319056975108,True,False,-1,PV-/PNN+,0.0,0.0,296.31705237,19.42376350908454,-0.575308084487915,False,NONE
462,1196,796,296.31705237,19.42376350908454,22452.0,60.193029490616624,56.895161290322584,1.7363061246742433,1.6411770241289452,2.0541673071046964,True,True,505,PV+/PNN+,204.16483233,16.12298787963261,296.31705237,19.42376350908454,-0.5561139583587646,False,NONE
463,597,2339,296.31705237,19.42376350908454,12973.0,34.78016085790885,43.096774193548384,1.0032558059593335,1.243153794038991,1.2466087373416215,True,False,-1,PV-/PNN+,0.0,0.0,296.31705237,19.42376350908454,-1.1193820238113403,False,NONE
464,1204,2816,296.31705237,19.42376350908454,34782.0,93.24932975871313,64.66129032258064,2.6898360782299804,1.8651959432269143,2.0717471161461076,True,True,522,PV+/PNN+,174.7714518,14.917302830020427,296.31705237,19.42376350908454,0.7056117057800293,False,NONE
465,595,2259,296.31705237,19.42376350908454,17622.0,47.24396782841823,41.54838709677419,1.3627822255927984,1.1984895858699254,1.2348146882378896,True,False,-1,PV-/PNN+,0.0,0.0,296.31705237,19.42376350908454,-1.2144591808319092,False,NONE
466,1214,907,296.31705237,19.42376350908454,23686.0,63.501340482573724,68.87096774193549,1.8317364541704135,1.9866267591865614,1.698788129394134,True,False,-1,PV-/PNN+,0.0,0.0,296.31705237,19.42376350908454,0.04407918080687523,False,NONE
467,840,622,296.31705237,19.42376350908454,22623.0,60.6514745308311,54.82258064516129,1.7495302627162572,1.5813921204859769,1.5539216017237671,True,False,-1,PV-/PNN+,0.0,0.0,296.31705237,19.42376350908454,-0.1451459378004074,False,NONE
468,1221,1777,296.31705237,19.42376350908454,11114.0,29.796246648793566,38.08064516129032,0.8594916385903055,1.0984603696579558,1.2795430631407219,True,False,-1,PV-/PNN+,0.0,0.0,296.31705237,19.42376350908454,0.4765397310256958,False,NONE
469,616,2847,296.31705237,19.42376350908454,28758.0,77.09919571045576,67.31451612903226,2.2239752152762287,1.9417299249332818,1.2819908846528172,True,False,-1,PV-/PNN+,0.0,0.0,296.31705237,19.42376350908454,0.38610199093818665,False,NONE
470,1170,2586,296.31705237,19.42376350908454,36085.0,96.74262734584451,88.15322580645162,2.7906024634273146,2.5428357265419557,1.5096382852776797,True,False,-1,PV-/PNN+,0.0,0.0,296.31705237,19.42376350908454,-0.2746436297893524,False,NONE
471,559,1197,296.31705237,19.42376350908454,22320.0,59.839142091152816,63.20967741935484,1.7260980181154957,1.8233232480684154,1.8420969524658948,True,False,-1,PV-/PNN+,0.0,0.0,296.31705237,19.42376350908454,-1.1362615823745728,False,NONE
472,1199,112,296.31705237,19.42376350908454,48343.0,129.6058981233244,114.5,3.738564358860099,3.3028251436687115,1.7835717654039802,True,False,-1,PV-/PNN+,0.0,0.0,296.31705237,19.42376350908454,0.3696953356266022,False,NONE
473,619,1172,296.31705237,19.42376350908454,23488.0,62.970509383378015,68.46774193548387,1.8164242943322921,1.9749954549758673,1.6918897233145926,True,False,-1,PV-/PNN+,0.0,0.0,296.31705237,19.42376350908454,-1.2464133501052856,False,NONE
474,1212,725,296.31705237,19.42376350908454,27602.0,74.0,73.81451612903226,2.134576948746591,2.1292265488096715,1.6578427513736311,True,False,-1,PV-/PNN+,0.0,0.0,296.31705237,19.42376350908454,-0.30162546038627625,False,NONE
475,929,1744,296.31705237,19.42376350908454,15363.0,41.187667560321714,45.435483870967744,1.1880844019851415,1.3106153584610172,1.3356204286905413,True,False,-1,PV-/PNN+,0.0,0.0,296.31705237,19.42376350908454,-0.48785942792892456,False,NONE
476,576,2574,296.31705237,19.42376350908454,22792.0,61.10455764075067,60.11290322580645,1.7625997324770777,1.7339948317302842,1.998089941554877,True,True,123,PV+/PNN+,180.33236163,15.152765226941185,296.31705237,19.42376350908454,0.29448020458221436,False,NONE
477,599,2530,296.31705237,19.42376350908454,18410.0,49.35656836461126,58.766129032258064,1.4237215283828977,1.6951462756665658,2.5900176890251934,True,True,142,PV+/PNN+,213.69782061,16.495105814282397,296.31705237,19.42376350908454,-0.6807928085327148,False,NONE
478,1170,624,296.31705237,19.42376350908454,20844.0,55.88203753351206,63.604838709677416,1.6119528265949548,1.8347219261948957,1.3736729267422048,True,False,-1,PV-/PNN+,0.0,0.0,296.31705237,19.42376350908454,-0.6076355576515198,False,NONE
479,1199,1199,296.31705237,19.42376350908454,22565.0,60.49597855227882,65.64516129032258,1.7450448825616558,1.893576325501008,1.4092776032817727,True,False,-1,PV-/PNN+,0.0,0.0,296.31705237,19.42376350908454,-1.0032594203948975,False,NONE
480,634,1454,296.31705237,19.42376350908454,23484.0,62.9597855227882,80.12096774193549,1.8161149577699058,2.311140146664928,1.5123086360181472,True,False,-1,PV-/PNN+,0.0,0.0,296.31705237,19.42376350908454,-1.2171908617019653,False,NONE
481,1302,592,296.31705237,19.42376350908454,19526.0,52.3485254691689,53.58870967741935,1.5100264292886723,1.5458003296012528,1.603768148879162,True,False,-1,PV-/PNN+,0.0,0.0,296.31705237,19.42376350908454,-1.5855860710144043,False,NONE
482,601,1256,296.31705237,19.42376350908454,60821.0,163.05898123324397,117.11290322580645,4.703539765224129,3.3781959949540097,2.2424270343076618,True,True,141,PV+/PNN+,169.21054197,14.678063680958498,296.31705237,19.42376350908454,0.10764862596988678,False,NONE
483,1200,1796,296.31705237,19.42376350908454,11945.0,32.024128686327074,39.903225806451616,0.923756309426057,1.1510338646902936,1.264633604839778,True,False,-1,PV-/PNN+,0.0,0.0,296.31705237,19.42376350908454,0.951309323310852,False,NONE
484,694,592,296.31705237,19.42376350908454,15502.0,41.56032171581769,37.17741935483871,1.198833847528065,1.072406248226001,1.9546967420222785,True,True,188,PV+/PNN+,112.01261229,11.942314996545516,296.31705237,19.42376350908454,-1.0847808122634888,False,NONE
485,591,1622,296.31705237,19.42376350908454,34589.0,92.73190348525469,103.70967741935483,2.6749105890948424,2.991571442990536,1.3451891855105502,True,False,-1,PV-/PNN+,0.0,0.0,296.31705237,19.42376350908454,0.22943036258220673,False,NONE
486,622,652,296.31705237,19.42376350908454,11855.0,31.7828418230563,32.943548387096776,0.9167962367723657,0.9502775540137124,1.3970384957212958,True,False,-1,PV-/PNN+,0.0,0.0,296.31705237,19.42376350908454,0.12231823801994324,False,NONE
487,624,2574,296.31705237,19.42376350908454,19671.0,52.7372654155496,56.346774193548384,1.5212398796751754,1.6253584504024008,1.5325587958000264,True,False,-1,PV-/PNN+,0.0,0.0,296.31705237,19.42376350908454,-0.7351862192153931,False,NONE
488,337,1190,296.31705237,19.42376350908454,10503.0,28.158176943699733,29.95967741935484,0.8122404786857997,0.8642059028545755,1.3527551792752086,True,False,-1,PV-/PNN+,0.0,0.0,296.31705237,19.42376350908454,-1.9256587028503418,False,NONE
489,1196,595,296.31705237,19.42376350908454,18050.0,48.39142091152815,42.91129032258065,1.3958812377681316,1.2378033941020719,2.120926075616386,True,False,-1,PV-/PNN+,0.0,0.0,296.31705237,19.42376350908454,-1.86911940574646,False,NONE
490,665,1167,296.31705237,19.42376350908454,42923.0,115.07506702412869,122.35483870967742,3.3194133168266764,3.5294029496930337,1.5267730358623466,True,False,-1,PV-/PNN+,0.0,0.0,296.31705237,19.42376350908454,-0.6266875863075256,False,NONE
491,1167,1378,296.31705237,19.42376350908454,16310.0,43.72654155495979,46.5,1.2613198331300957,1.3413220015772498,1.3031311613481855,True,False,-1,PV-/PNN+,0.0,0.0,296.31705237,19.42376350908454,-1.5528039932250977,False,NONE
492,588,1306,296.31705237,19.42376350908454,43505.0,116.63538873994638,106.29838709677419,3.3644217866538817,3.0662444160231925,0.9475294544092511,True,False,-1,PV-/PNN+,0.0,0.0,296.31705237,19.42376350908454,-0.5547459125518799,False,NONE
493,1168,2613,296.31705237,19.42376350908454,30326.0,81.3029490616622,98.59677419354838,2.345235147731654,2.844086505598934,1.990078889333474,True,False,-1,PV-/PNN+,0.0,0.0,296.31705237,19.42376350908454,-1.1468571424484253,False,NONE
494,237,1969,139.02274575,13.304482609502793,3474.0,19.85142857142857,0.0,0.0,0.0,21.165867556631262,False,True,1,PV+/PNN-,139.02274575,13.304482609502793,0.0,0.0,0.0,False,NONE
495,254,1695,112.80702798,11.984588810142046,4493.0,31.640845070422536,0.0,0.0,0.0,1.7056614617578025,False,True,2,PV+/PNN-,112.80702798,11.984588810142046,0.0,0.0,0.0,False,NONE
496,259,1199,54.81468261,8.354173898786094,1667.0,24.159420289855074,0.0,0.0,0.0,0.7722925246579865,False,True,3,PV+/PNN-,54.81468261,8.354173898786094,0.0,0.0,0.0,False,NONE
497,258,2439,29.39338053,6.1175824019170015,850.0,22.972972972972972,0.0,0.0,0.0,1.8148581720524315,False,True,4,PV+/PNN-,29.39338053,6.1175824019170015,0.0,0.0,0.0,False,NONE
498,269,1869,136.63949868,13.189951216443678,3412.0,19.837209302325583,0.0,0.0,0.0,1.5447319208567412,False,True,6,PV+/PNN-,136.63949868,13.189951216443678,0.0,0.0,0.0,False,NONE
499,278,2194,71.4974121,9.54113894836179,1954.0,21.711111111111112,0.0,0.0,0.0,1.7845731469316555,False,True,8,PV+/PNN-,71.4974121,9.54113894836179,0.0,0.0,0.0,False,NONE
500,281,1132,77.05832193,9.90523612702942,1997.0,20.587628865979383,0.0,0.0,0.0,0.8120642131086747,False,True,9,PV+/PNN-,77.05832193,9.90523612702942,0.0,0.0,0.0,False,NONE
501,287,1416,135.84508299,13.151552441468574,4381.0,25.619883040935672,0.0,0.0,0.0,1.8644214490315487,False,True,10,PV+/PNN-,135.84508299,13.151552441468574,0.0,0.0,0.0,False,NONE
502,290,1481,131.87300454,12.957851838301272,4398.0,26.49397590361446,0.0,0.0,0.0,1.6635681871228967,False,True,12,PV+/PNN-,131.87300454,12.957851838301272,0.0,0.0,0.0,False,NONE
503,291,1750,162.06080076,14.36461695204847,3936.0,19.294117647058822,0.0,0.0,0.0,2.0242251267635627,False,True,13,PV+/PNN-,162.06080076,14.36461695204847,0.0,0.0,0.0,False,NONE
504,309,1684,135.84508299,13.151552441468574,6035.0,35.292397660818715,0.0,0.0,0.0,2.8774512756727466,False,True,14,PV+/PNN-,135.84508299,13.151552441468574,0.0,0.0,0.0,False,NONE
505,308,1772,108.83494953,11.77170172875832,3578.0,26.116788321167885,0.0,0.0,0.0,2.413157305798263,False,True,15,PV+/PNN-,108.83494953,11.77170172875832,0.0,0.0,0.0,False,NONE
506,319,1349,154.91105955,14.044176264056345,4903.0,25.143589743589743,0.0,0.0,0.0,2.285360340101624,False,True,16,PV+/PNN-,154.91105955,14.044176264056345,0.0,0.0,0.0,False,NONE
507,317,2077,126.31209471,12.681701540530954,3665.0,23.050314465408807,0.0,0.0,0.0,2.2170782960417554,False,True,17,PV+/PNN-,126.31209471,12.681701540530954,0.0,0.0,0.0,False,NONE
508,322,1438,158.883138,14.223090180871878,6275.0,31.375,0.0,0.0,0.0,1.8605212599289793,False,True,19,PV+/PNN-,158.883138,14.223090180871878,0.0,0.0,0.0,False,NONE
509,321,1859,203.37041664,16.091589626115685,4702.0,18.3671875,0.0,0.0,0.0,1.6753069495268649,False,True,20,PV+/PNN-,203.37041664,16.091589626115685,0.0,0.0,0.0,False,NONE
510,320,2605,86.59131021,10.500070494515816,2532.0,23.229357798165136,0.0,0.0,0.0,2.311911275478774,False,True,21,PV+/PNN-,86.59131021,10.500070494515816,0.0,0.0,0.0,False,NONE
511,330,1602,135.84508299,13.151552441468574,9533.0,55.748538011695906,0.0,0.0,0.0,2.146924256460958,False,True,22,PV+/PNN-,135.84508299,13.151552441468574,0.0,0.0,0.0,False,NONE
512,352,1123,87.3857259,10.548125988120718,5493.0,49.93636363636364,0.0,0.0,0.0,2.0652755615864447,False,True,24,PV+/PNN-,87.3857259,10.548125988120718,0.0,0.0,0.0,False,NONE
513,359,1832,123.13443195,12.521167201073583,5293.0,34.148387096774194,0.0,0.0,0.0,3.0480991304831155,False,True,26,PV+/PNN-,123.13443195,12.521167201073583,0.0,0.0,0.0,False,NONE
514,357,1178,75.46949055,9.802588422925686,2241.0,23.589473684210525,0.0,0.0,0.0,1.6583206036113989,False,True,27,PV+/PNN-,75.46949055,9.802588422925686,0.0,0.0,0.0,False,NONE
515,363,2174,131.87300454,12.957851838301272,4103.0,24.716867469879517,0.0,0.0,0.0,1.815074397131384,False,True,28,PV+/PNN-,131.87300454,12.957851838301272,0.0,0.0,0.0,False,NONE
516,373,1651,169.21054197,14.678063680958497,8921.0,41.882629107981224,0.0,0.0,0.0,2.349424937842767,False,True,29,PV+/PNN-,169.21054197,14.678063680958497,0.0,0.0,0.0,False,NONE
517,375,1978,95.32988280000001,11.017158280424603,3913.0,32.608333333333334,0.0,0.0,0.0,1.8053239974773725,False,True,31,PV+/PNN-,95.32988280000001,11.017158280424603,0.0,0.0,0.0,False,NONE
518,380,1191,107.24611815,11.68546099424064,2228.0,16.503703703703703,0.0,0.0,0.0,1.4608598784184716,False,True,32,PV+/PNN-,107.24611815,11.68546099424064,0.0,0.0,0.0,False,NONE
519,396,1903,236.73587562,17.36149413204085,13028.0,43.718120805369125,0.0,0.0,0.0,2.380359312264387,False,True,37,PV+/PNN-,236.73587562,17.36149413204085,0.0,0.0,0.0,False,NONE
520,407,2477,136.63949868,13.189951216443678,11794.0,68.56976744186046,0.0,0.0,0.0,3.4147213595696035,False,True,39,PV+/PNN-,136.63949868,13.189951216443678,0.0,0.0,0.0,False,NONE
521,409,1267,198.6039225,15.90189824726965,8306.0,33.224,0.0,0.0,0.0,2.6899742579423767,False,True,40,PV+/PNN-,198.6039225,15.90189824726965,0.0,0.0,0.0,False,NONE
522,410,2570,99.30196125,11.244340084382843,6664.0,53.312,0.0,0.0,0.0,2.1414877763179865,False,True,41,PV+/PNN-,99.30196125,11.244340084382843,0.0,0.0,0.0,False,NONE
523,421,2165,114.39585936,12.068692219586765,6330.0,43.958333333333336,0.0,0.0,0.0,2.2958510478775143,False,True,43,PV+/PNN-,114.39585936,12.068692219586765,0.0,0.0,0.0,False,NONE
524,424,1716,229.58613441,17.097313977747916,14907.0,51.581314878892734,0.0,0.0,0.0,1.5934355547077854,False,True,44,PV+/PNN-,229.58613441,17.097313977747916,0.0,0.0,0.0,False,NONE
525,423,2226,154.11664386,14.008119269352957,7009.0,36.128865979381445,0.0,0.0,0.0,1.9510078038859626,False,True,45,PV+/PNN-,154.11664386,14.008119269352957,0.0,0.0,0.0,False,NONE
526,425,2044,163.64963214,14.434859996619657,9133.0,44.33495145631068,0.0,0.0,0.0,2.510651451463343,False,True,46,PV+/PNN-,163.64963214,14.434859996619657,0.0,0.0,0.0,False,NONE
527,430,2174,165.23846352,14.504762875171126,6997.0,33.63942307692308,0.0,0.0,0.0,2.953803764219167,False,True,47,PV+/PNN-,165.23846352,14.504762875171126,0.0,0.0,0.0,False,NONE
528,431,1345,83.41364745,10.305607915302103,5668.0,53.98095238095238,0.0,0.0,0.0,2.549390209902365,False,True,48,PV+/PNN-,83.41364745,10.305607915302103,0.0,0.0,0.0,False,NONE
529,437,1889,138.22833006,13.266415342325757,8799.0,50.56896551724138,0.0,0.0,0.0,3.104518054058063,False,True,49,PV+/PNN-,138.22833006,13.266415342325757,0.0,0.0,0.0,False,NONE
530,437,2297,106.45170246,11.642101063659146,11497.0,85.79850746268657,0.0,0.0,0.0,1.7337800202227365,False,True,54,PV+/PNN-,106.45170246,11.642101063659146,0.0,0.0,0.0,False,NONE
531,445,1962,175.56586749,14.951167352217068,22269.0,100.76470588235294,0.0,0.0,0.0,2.122408261246088,False,True,57,PV+/PNN-,175.56586749,14.951167352217068,0.0,0.0,0.0,False,NONE
532,443,2757,168.41612628000001,14.643567596416075,11702.0,55.198113207547166,0.0,0.0,0.0,2.42197663161896,False,True,60,PV+/PNN-,168.41612628000001,14.643567596416075,0.0,0.0,0.0,False,NONE
533,444,2414,118.36793781,12.276430232296539,5991.0,40.20805369127517,0.0,0.0,0.0,2.7708652513931806,False,True,61,PV+/PNN-,118.36793781,12.276430232296539,0.0,0.0,0.0,False,NONE
534,450,986,95.32988280000001,11.017158280424603,3147.0,26.225,0.0,0.0,0.0,1.77765619674975,False,True,62,PV+/PNN-,95.32988280000001,11.017158280424603,0.0,0.0,0.0,False,NONE
535,456,2363,166.03287921,14.539588286344586,4857.0,23.239234449760765,0.0,0.0,0.0,1.5667388593847515,False,True,66,PV+/PNN-,166.03287921,14.539588286344586,0.0,0.0,0.0,False,NONE
536,463,1834,212.10898923,16.433671314756197,23662.0,88.62172284644194,0.0,0.0,0.0,2.9066734472277638,False,True,67,PV+/PNN-,212.10898923,16.433671314756197,0.0,0.0,0.0,False,NONE
537,463,1846,134.25625161,13.074416571218995,13012.0,76.99408284023669,0.0,0.0,0.0,2.4694740010382175,False,True,68,PV+/PNN-,134.25625161,13.074416571218995,0.0,0.0,0.0,False,NONE
538,465,2744,127.90092609,12.761211420003875,5385.0,33.4472049689441,0.0,0.0,0.0,1.305370275323112,False,True,70,PV+/PNN-,127.90092609,12.761211420003875,0.0,0.0,0.0,False,NONE
539,470,2168,190.65976560000001,15.580614658987523,11934.0,49.725,0.0,0.0,0.0,2.206161260518804,False,True,71,PV+/PNN-,190.65976560000001,15.580614658987523,0.0,0.0,0.0,False,NONE
540,469,2819,135.84508299,13.151552441468574,4389.0,25.666666666666668,0.0,0.0,0.0,1.1319528297686987,False,True,72,PV+/PNN-,135.84508299,13.151552441468574,0.0,0.0,0.0,False,NONE
541,469,1064,181.92119301,15.21937110940298,7570.0,33.056768558951966,0.0,0.0,0.0,2.0156415700389836,False,True,73,PV+/PNN-,181.92119301,15.21937110940298,0.0,0.0,0.0,False,NONE
542,479,1607,243.88561683,17.621714211168094,36687.0,119.50162866449512,0.0,0.0,0.0,2.9962335602297716,False,True,75,PV+/PNN-,243.88561683,17.621714211168094,0.0,0.0,0.0,False,NONE
543,481,918,63.5532552,8.995472067506276,2513.0,31.4125,0.0,0.0,0.0,3.455016615861868,False,True,76,PV+/PNN-,63.5532552,8.995472067506276,0.0,0.0,0.0,False,NONE
544,485,831,172.38820473,14.815244827816286,6233.0,28.723502304147466,0.0,0.0,0.0,2.9617296917140306,False,True,77,PV+/PNN-,172.38820473,14.815244827816286,0.0,0.0,0.0,False,NONE
545,488,1214,196.22067543,15.806198893222852,14403.0,58.311740890688256,0.0,0.0,0.0,2.6093984532387355,False,True,79,PV+/PNN-,196.22067543,15.806198893222852,0.0,0.0,0.0,False,NONE
546,490,1358,171.59378904,14.781068900342463,14074.0,65.1574074074074,0.0,0.0,0.0,2.72643119670114,False,True,80,PV+/PNN-,171.59378904,14.781068900342463,0.0,0.0,0.0,False,NONE
547,490,2204,154.91105955,14.044176264056345,10357.0,53.11282051282051,0.0,0.0,0.0,3.3239670135693022,False,True,82,PV+/PNN-,154.91105955,14.044176264056345,0.0,0.0,0.0,False,NONE
548,499,1139,241.50236976,17.53540325529143,17455.0,57.41776315789474,0.0,0.0,0.0,3.253514935562669,False,True,86,PV+/PNN-,241.50236976,17.53540325529143,0.0,0.0,0.0,False,NONE
549,502,1406,161.26638507,14.329366305165495,19722.0,97.15270935960591,0.0,0.0,0.0,4.323945704846433,False,True,87,PV+/PNN-,161.26638507,14.329366305165495,0.0,0.0,0.0,False,NONE
550,502,1869,102.47962401,11.422832828117684,11839.0,91.7751937984496,0.0,0.0,0.0,2.087953799096168,False,True,89,PV+/PNN-,102.47962401,11.422832828117684,0.0,0.0,0.0,False,NONE
551,501,1015,33.36545898,6.517838737002854,1615.0,38.45238095238095,0.0,0.0,0.0,2.6600614128128557,False,True,91,PV+/PNN-,33.36545898,6.517838737002854,0.0,0.0,0.0,False,NONE
552,505,2789,123.13443195,12.521167201073583,12628.0,81.47096774193548,0.0,0.0,0.0,2.9736638214288025,False,True,93,PV+/PNN-,123.13443195,12.521167201073583,0.0,0.0,0.0,False,NONE
553,507,2227,137.43391437,13.228238528376714,5064.0,29.271676300578033,0.0,0.0,0.0,1.7737779067633634,False,True,94,PV+/PNN-,137.43391437,13.228238528376714,0.0,0.0,0.0,False,NONE
554,509,1328,158.883138,14.223090180871878,15998.0,79.99,0.0,0.0,0.0,2.8432815417741333,False,True,95,PV+/PNN-,158.883138,14.223090180871878,0.0,0.0,0.0,False,NONE
555,510,1351,130.28417316,12.879555944225542,18004.0,109.78048780487805,0.0,0.0,0.0,2.6804025485394347,False,True,97,PV+/PNN-,130.28417316,12.879555944225542,0.0,0.0,0.0,False,NONE
556,517,2160,238.324707,17.4196567543629,7919.0,26.39666666666667,0.0,0.0,0.0,7.63105611868558,False,True,100,PV+/PNN-,238.324707,17.4196567543629,0.0,0.0,0.0,False,NONE
557,518,2006,177.94911456,15.052303797372671,7064.0,31.535714285714285,0.0,0.0,0.0,2.002086526759081,False,True,102,PV+/PNN-,177.94911456,15.052303797372671,0.0,0.0,0.0,False,NONE
558,518,667,90.56338866,10.738197602350779,2817.0,24.710526315789473,0.0,0.0,0.0,2.0969280551461313,False,True,103,PV+/PNN-,90.56338866,10.738197602350779,0.0,0.0,0.0,False,NONE
559,524,2482,149.35014972,13.789797556005714,7308.0,38.87234042553192,0.0,0.0,0.0,2.0622813382775265,False,True,104,PV+/PNN-,149.35014972,13.789797556005714,0.0,0.0,0.0,False,NONE
560,529,1953,133.46183592,13.035677474005707,7109.0,42.31547619047619,0.0,0.0,0.0,1.7608578891651219,False,True,105,PV+/PNN-,133.46183592,13.035677474005707,0.0,0.0,0.0,False,NONE
561,530,2184,132.66742023,12.996822909266468,13977.0,83.69461077844312,0.0,0.0,0.0,2.973211687771944,False,True,107,PV+/PNN-,132.66742023,12.996822909266468,0.0,0.0,0.0,False,NONE
562,539,1344,199.39833819,15.933670303416713,34173.0,136.14741035856574,0.0,0.0,0.0,3.709028521446391,False,True,109,PV+/PNN-,199.39833819,15.933670303416713,0.0,0.0,0.0,False,NONE
563,543,2682,121.54560057,12.440123196106569,8541.0,55.8235294117647,0.0,0.0,0.0,2.9105441353665698,False,True,112,PV+/PNN-,121.54560057,12.440123196106569,0.0,0.0,0.0,False,NONE
564,548,1664,157.29430662000001,14.151796046802042,23332.0,117.83838383838383,0.0,0.0,0.0,1.9128511321233603,False,True,114,PV+/PNN-,157.29430662000001,14.151796046802042,0.0,0.0,0.0,False,NONE
565,562,2047,146.96690265,13.679330108642857,7125.0,38.513513513513516,0.0,0.0,0.0,2.685720894414303,False,True,116,PV+/PNN-,146.96690265,13.679330108642857,0.0,0.0,0.0,False,NONE
566,564,2423,162.06080076,14.36461695204847,7551.0,37.01470588235294,0.0,0.0,0.0,2.1743636336531615,False,True,117,PV+/PNN-,162.06080076,14.36461695204847,0.0,0.0,0.0,False,NONE
567,565,984,165.23846352,14.504762875171126,10815.0,51.99519230769231,0.0,0.0,0.0,3.253892987495689,False,True,119,PV+/PNN-,165.23846352,14.504762875171126,0.0,0.0,0.0,False,NONE
568,566,1104,219.25873044,16.708347797572188,16551.0,59.96739130434783,0.0,0.0,0.0,3.4548662473796528,False,True,120,PV+/PNN-,219.25873044,16.708347797572188,0.0,0.0,0.0,False,NONE
569,570,1206,217.66989906,16.647700237020825,24142.0,88.1094890510949,0.0,0.0,0.0,2.589463802405668,False,True,121,PV+/PNN-,217.66989906,16.647700237020825,0.0,0.0,0.0,False,NONE
570,574,928,222.4363932,16.828987254451757,11756.0,41.98571428571429,0.0,0.0,0.0,3.069940117877778,False,True,124,PV+/PNN-,222.4363932,16.828987254451757,0.0,0.0,0.0,False,NONE
571,572,1688,123.92884764,12.56149312576761,11401.0,73.08333333333333,0.0,0.0,0.0,1.985696775297835,False,True,126,PV+/PNN-,123.92884764,12.56149312576761,0.0,0.0,0.0,False,NONE
572,580,790,199.39833819,15.933670303416713,12917.0,51.462151394422314,0.0,0.0,0.0,3.427279921208131,False,True,129,PV+/PNN-,199.39833819,15.933670303416713,0.0,0.0,0.0,False,NONE
573,576,2821,67.52533365000001,9.272320371655413,5332.0,62.72941176470588,0.0,0.0,0.0,2.3758503236578483,False,True,130,PV+/PNN-,67.52533365000001,9.272320371655413,0.0,0.0,0.0,False,NONE
574,583,669,128.69534178,12.800781162784691,5896.0,36.39506172839506,0.0,0.0,0.0,2.9056314430805106,False,True,131,PV+/PNN-,128.69534178,12.800781162784691,0.0,0.0,0.0,False,NONE
575,579,2185,65.93650227,9.1625849044734,5405.0,65.12048192771084,0.0,0.0,0.0,2.5111029262792868,False,True,132,PV+/PNN-,65.93650227,9.1625849044734,0.0,0.0,0.0,False,NONE
576,595,1524,89.76897297000001,10.690996505268625,11208.0,99.1858407079646,0.0,0.0,0.0,2.2234628177658453,False,True,137,PV+/PNN-,89.76897297000001,10.690996505268625,0.0,0.0,0.0,False,NONE
577,595,2556,77.85273762,9.956163126610313,5181.0,52.86734693877551,0.0,0.0,0.0,2.167405165162841,False,True,138,PV+/PNN-,77.85273762,9.956163126610313,0.0,0.0,0.0,False,NONE
578,603,776,201.78158526,16.028608603131524,13302.0,52.37007874015748,0.0,0.0,0.0,3.19432384384855,False,True,139,PV+/PNN-,201.78158526,16.028608603131524,0.0,0.0,0.0,False,NONE
579,605,1362,161.26638507,14.329366305165495,50024.0,246.42364532019704,0.0,0.0,0.0,2.547345791129388,False,True,143,PV+/PNN-,161.26638507,14.329366305165495,0.0,0.0,0.0,False,NONE
580,601,486,96.91871418,11.108588547554572,2236.0,18.327868852459016,0.0,0.0,0.0,1.7682446087973207,False,True,144,PV+/PNN-,96.91871418,11.108588547554572,0.0,0.0,0.0,False,NONE
581,604,2427,125.51767902,12.64175907426016,7614.0,48.18987341772152,0.0,0.0,0.0,3.0023066042727145,False,True,145,PV+/PNN-,125.51767902,12.64175907426016,0.0,0.0,0.0,False,NONE
582,607,2516,131.07858885,12.91876320674319,10137.0,61.43636363636364,0.0,0.0,0.0,3.4614933964867434,False,True,146,PV+/PNN-,131.07858885,12.91876320674319,0.0,0.0,0.0,False,NONE
583,623,1373,179.53794594000001,15.119352253034252,43004.0,190.28318584070797,0.0,0.0,0.0,3.5728190107740576,False,True,149,PV+/PNN-,179.53794594000001,15.119352253034252,0.0,0.0,0.0,False,NONE
584,627,1578,126.31209471,12.681701540530954,10973.0,69.0125786163522,0.0,0.0,0.0,2.2849427129208295,False,True,150,PV+/PNN-,126.31209471,12.681701540530954,0.0,0.0,0.0,False,NONE
585,630,1169,154.11664386,14.008119269352957,25411.0,130.98453608247422,0.0,0.0,0.0,3.16782056578326,False,True,151,PV+/PNN-,154.11664386,14.008119269352957,0.0,0.0,0.0,False,NONE
586,629,1467,87.3857259,10.548125988120718,8398.0,76.34545454545454,0.0,0.0,0.0,2.3580511983769235,False,True,152,PV+/PNN-,87.3857259,10.548125988120718,0.0,0.0,0.0,False,NONE
587,630,1131,89.76897297000001,10.690996505268625,13445.0,118.98230088495575,0.0,0.0,0.0,2.8603119300892637,False,True,153,PV+/PNN-,89.76897297000001,10.690996505268625,0.0,0.0,0.0,False,NONE
588,635,576,208.13691078,16.279070781961433,9418.0,35.94656488549618,0.0,0.0,0.0,3.3651226640703076,False,True,154,PV+/PNN-,208.13691078,16.279070781961433,0.0,0.0,0.0,False,NONE
589,632,2428,117.57352212,12.235164803834003,8695.0,58.75,0.0,0.0,0.0,2.1205125922528567,False,True,157,PV+/PNN-,117.57352212,12.235164803834003,0.0,0.0,0.0,False,NONE
590,639,396,42.89844726,7.390534450171232,1153.0,21.35185185185185,0.0,0.0,0.0,1.6093437423233792,False,True,161,PV+/PNN-,42.89844726,7.390534450171232,0.0,0.0,0.0,False,NONE
591,644,2452,181.12677732,15.186104684686724,24754.0,108.5701754385965,0.0,0.0,0.0,4.061341906807334,False,True,162,PV+/PNN-,181.12677732,15.186104684686724,0.0,0.0,0.0,False,NONE
592,646,1352,123.13443195,12.521167201073583,26015.0,167.83870967741936,0.0,0.0,0.0,3.2392747084139786,False,True,165,PV+/PNN-,123.13443195,12.521167201073583,0.0,0.0,0.0,False,NONE
593,649,2117,122.34001626,12.48071098158173,7326.0,47.57142857142857,0.0,0.0,0.0,2.6690444649971483,False,True,166,PV+/PNN-,122.34001626,12.48071098158173,0.0,0.0,0.0,False,NONE
594,652,2625,284.40081702,19.029197744120825,16129.0,45.05307262569833,0.0,0.0,0.0,1.8374356488805208,False,True,167,PV+/PNN-,284.40081702,19.029197744120825,0.0,0.0,0.0,False,NONE
595,652,776,139.81716144,13.342441267550265,15473.0,87.91477272727273,0.0,0.0,0.0,3.1786530154120927,False,True,168,PV+/PNN-,139.81716144,13.342441267550265,0.0,0.0,0.0,False,NONE
596,661,547,115.19027505,12.11052490037406,3503.0,24.158620689655173,0.0,0.0,0.0,2.3343991317360997,False,True,171,PV+/PNN-,115.19027505,12.11052490037406,0.0,0.0,0.0,False,NONE
597,672,1257,211.31457354,16.40286778005525,65159.0,244.95864661654136,0.0,0.0,0.0,3.0043487075813915,False,True,175,PV+/PNN-,211.31457354,16.40286778005525,0.0,0.0,0.0,False,NONE
598,670,2758,75.46949055,9.802588422925686,5699.0,59.98947368421052,0.0,0.0,0.0,2.3468119817177118,False,True,176,PV+/PNN-,75.46949055,9.802588422925686,0.0,0.0,0.0,False,NONE
599,672,2832,65.93650227,9.1625849044734,13581.0,163.6265060240964,0.0,0.0,0.0,2.0370834969458014,False,True,178,PV+/PNN-,65.93650227,9.1625849044734,0.0,0.0,0.0,False,NONE
600,677,2364,112.01261229,11.942314996545514,4647.0,32.95744680851064,0.0,0.0,0.0,2.694372849581457,False,True,180,PV+/PNN-,112.01261229,11.942314996545514,0.0,0.0,0.0,False,NONE
601,681,1714,91.35780435,10.78519212710641,6241.0,54.2695652173913,0.0,0.0,0.0,2.081580973003395,False,True,181,PV+/PNN-,91.35780435,10.78519212710641,0.0,0.0,0.0,False,NONE
602,689,1305,231.17496579000002,17.156372232981727,41265.0,141.8041237113402,0.0,0.0,0.0,2.5508571330631815,False,True,183,PV+/PNN-,231.17496579000002,17.156372232981727,0.0,0.0,0.0,False,NONE
603,688,851,83.41364745,10.305607915302103,2991.0,28.485714285714284,0.0,0.0,0.0,2.267178642480615,False,True,185,PV+/PNN-,83.41364745,10.305607915302103,0.0,0.0,0.0,False,NONE
604,687,1428,97.71312987,11.154022637162193,8496.0,69.07317073170732,0.0,0.0,0.0,2.254588347097244,False,True,186,PV+/PNN-,97.71312987,11.154022637162193,0.0,0.0,0.0,False,NONE
605,697,1780,312.20536617,19.937708451227927,20638.0,52.51399491094148,0.0,0.0,0.0,1.8438160332224809,False,True,189,PV+/PNN-,312.20536617,19.937708451227927,0.0,0.0,0.0,False,NONE
606,707,869,156.49989093,14.116013951495509,13459.0,68.31979695431473,0.0,0.0,0.0,2.403727966767818,False,True,194,PV+/PNN-,156.49989093,14.116013951495509,0.0,0.0,0.0,False,NONE
607,706,1079,167.62171059,14.608990056788349,38346.0,181.7345971563981,0.0,0.0,0.0,2.820148768952505,False,True,195,PV+/PNN-,167.62171059,14.608990056788349,0.0,0.0,0.0,False,NONE
608,708,432,116.77910643,12.193759728054031,4977.0,33.857142857142854,0.0,0.0,0.0,3.1812324346821534,False,True,196,PV+/PNN-,116.77910643,12.193759728054031,0.0,0.0,0.0,False,NONE
609,718,2864,61.17000813,8.825195369105852,12416.0,161.24675324675326,0.0,0.0,0.0,2.3704478103912474,False,True,202,PV+/PNN-,61.17000813,8.825195369105852,0.0,0.0,0.0,False,NONE
610,719,2843,118.36793781,12.276430232296539,10087.0,67.69798657718121,0.0,0.0,0.0,2.43885164266171,False,True,203,PV+/PNN-,118.36793781,12.276430232296539,0.0,0.0,0.0,False,NONE
611,722,1519,121.54560057,12.440123196106569,15265.0,99.77124183006536,0.0,0.0,0.0,2.470029347311089,False,True,205,PV+/PNN-,121.54560057,12.440123196106569,0.0,0.0,0.0,False,NONE
612,723,2059,105.65728677,11.598579038183399,6088.0,45.774436090225564,0.0,0.0,0.0,2.438927035568774,False,True,207,PV+/PNN-,105.65728677,11.598579038183399,0.0,0.0,0.0,False,NONE
613,725,2399,162.85521645,14.3997813056499,9592.0,46.79024390243902,0.0,0.0,0.0,1.946328557527049,False,True,208,PV+/PNN-,162.85521645,14.3997813056499,0.0,0.0,0.0,False,NONE
614,726,1340,154.91105955,14.044176264056345,15379.0,78.86666666666666,0.0,0.0,0.0,2.01379023449819,False,True,211,PV+/PNN-,154.91105955,14.044176264056345,0.0,0.0,0.0,False,NONE
615,729,2498,104.86287108,11.554893086200376,8820.0,66.81818181818181,0.0,0.0,0.0,1.9612697833966997,False,True,213,PV+/PNN-,104.86287108,11.554893086200376,0.0,0.0,0.0,False,NONE
616,738,1065,166.8272949,14.574330482319752,47162.0,224.58095238095237,0.0,0.0,0.0,2.7940526191937707,False,True,214,PV+/PNN-,166.8272949,14.574330482319752,0.0,0.0,0.0,False,NONE
617,737,488,105.65728677,11.598579038183399,3273.0,24.60902255639098,0.0,0.0,0.0,2.2379714302839364,False,True,217,PV+/PNN-,105.65728677,11.598579038183399,0.0,0.0,0.0,False,NONE
618,744,2192,138.22833006,13.266415342325757,10141.0,58.2816091954023,0.0,0.0,0.0,2.522540176683933,False,True,221,PV+/PNN-,138.22833006,13.266415342325757,0.0,0.0,0.0,False,NONE
619,745,2470,143.78923989,13.53063732184699,20204.0,111.62430939226519,0.0,0.0,0.0,3.355905509249866,False,True,222,PV+/PNN-,143.78923989,13.53063732184699,0.0,0.0,0.0,False,NONE
620,753,2306,135.84508299,13.151552441468574,6343.0,37.09356725146199,0.0,0.0,0.0,2.1697380570609277,False,True,223,PV+/PNN-,135.84508299,13.151552441468574,0.0,0.0,0.0,False,NONE
621,752,2799,134.25625161,13.074416571218995,11211.0,66.33727810650888,0.0,0.0,0.0,2.4365673268000396,False,True,224,PV+/PNN-,134.25625161,13.074416571218995,0.0,0.0,0.0,False,NONE
622,753,2652,94.53546711,10.971157418634661,7812.0,65.6470588235294,0.0,0.0,0.0,2.4482516106039127,False,True,226,PV+/PNN-,94.53546711,10.971157418634661,0.0,0.0,0.0,False,NONE
623,757,696,156.49989093,14.116013951495509,14133.0,71.74111675126903,0.0,0.0,0.0,2.198115478111781,False,True,227,PV+/PNN-,156.49989093,14.116013951495509,0.0,0.0,0.0,False,NONE
624,759,720,230.3805501,17.126868561566074,25826.0,89.0551724137931,0.0,0.0,0.0,3.596909500800339,False,True,228,PV+/PNN-,230.3805501,17.126868561566074,0.0,0.0,0.0,False,NONE
625,762,1046,123.13443195,12.521167201073583,20515.0,132.3548387096774,0.0,0.0,0.0,2.4049566400210245,False,True,229,PV+/PNN-,123.13443195,12.521167201073583,0.0,0.0,0.0,False,NONE
626,766,1247,166.8272949,14.574330482319752,11305.0,53.833333333333336,0.0,0.0,0.0,2.6711285331039045,False,True,230,PV+/PNN-,166.8272949,14.574330482319752,0.0,0.0,0.0,False,NONE
627,768,2419,159.67755369,14.258603569939103,7539.0,37.507462686567166,0.0,0.0,0.0,2.637526018616796,False,True,231,PV+/PNN-,159.67755369,14.258603569939103,0.0,0.0,0.0,False,NONE
628,769,1538,178.74353025,15.085865274483455,26097.0,115.98666666666666,0.0,0.0,0.0,2.8711799075078193,False,True,234,PV+/PNN-,178.74353025,15.085865274483455,0.0,0.0,0.0,False,NONE
629,769,2010,112.80702798,11.984588810142046,11409.0,80.34507042253522,0.0,0.0,0.0,2.829714577234243,False,True,235,PV+/PNN-,112.80702798,11.984588810142046,0.0,0.0,0.0,False,NONE
630,770,1350,87.3857259,10.548125988120718,10388.0,94.43636363636364,0.0,0.0,0.0,2.0871582767073824,False,True,237,PV+/PNN-,87.3857259,10.548125988120718,0.0,0.0,0.0,False,NONE
631,775,845,104.86287108,11.554893086200376,10622.0,80.46969696969697,0.0,0.0,0.0,2.0247799623396516,False,True,242,PV+/PNN-,104.86287108,11.554893086200376,0.0,0.0,0.0,False,NONE
632,776,1025,52.43143554,8.17054325713784,7560.0,114.54545454545455,0.0,0.0,0.0,2.775583463902864,False,True,243,PV+/PNN-,52.43143554,8.17054325713784,0.0,0.0,0.0,False,NONE
633,781,885,123.92884764,12.56149312576761,23078.0,147.93589743589743,0.0,0.0,0.0,2.8487193287632926,False,True,244,PV+/PNN-,123.92884764,12.56149312576761,0.0,0.0,0.0,False,NONE
634,780,2307,166.8272949,14.574330482319752,20268.0,96.51428571428572,0.0,0.0,0.0,2.218562364059221,False,True,245,PV+/PNN-,166.8272949,14.574330482319752,0.0,0.0,0.0,False,NONE
635,781,2278,179.53794594000001,15.119352253034252,13397.0,59.2787610619469,0.0,0.0,0.0,2.409302293449611,False,True,246,PV+/PNN-,179.53794594000001,15.119352253034252,0.0,0.0,0.0,False,NONE
636,779,1168,89.76897297000001,10.690996505268625,10101.0,89.38938053097345,0.0,0.0,0.0,2.3130771103880563,False,True,247,PV+/PNN-,89.76897297000001,10.690996505268625,0.0,0.0,0.0,False,NONE
637,789,662,142.9948242,13.493208101259413,13334.0,74.07777777777778,0.0,0.0,0.0,2.714672381391901,False,True,250,PV+/PNN-,142.9948242,13.493208101259413,0.0,0.0,0.0,False,NONE
638,797,2002,371.78654292,21.75714431275669,12285.0,26.25,0.0,0.0,0.0,1.6150191886264813,False,True,252,PV+/PNN-,371.78654292,21.75714431275669,0.0,0.0,0.0,False,NONE
639,796,841,88.97455728,10.643586087602236,10293.0,91.90178571428571,0.0,0.0,0.0,2.0128325029345415,False,True,254,PV+/PNN-,88.97455728,10.643586087602236,0.0,0.0,0.0,False,NONE
640,799,2689,112.01261229,11.942314996545514,14500.0,102.83687943262412,0.0,0.0,0.0,3.6209498356511998,False,True,257,PV+/PNN-,112.01261229,11.942314996545514,0.0,0.0,0.0,False,NONE
641,799,1274,91.35780435,10.78519212710641,5902.0,51.321739130434786,0.0,0.0,0.0,2.4273081873129048,False,True,258,PV+/PNN-,91.35780435,10.78519212710641,0.0,0.0,0.0,False,NONE
642,805,2831,86.59131021,10.500070494515816,7120.0,65.3211009174312,0.0,0.0,0.0,2.8769436096043504,False,True,261,PV+/PNN-,86.59131021,10.500070494515816,0.0,0.0,0.0,False,NONE
643,808,1528,98.50754556,11.199272407696524,16691.0,134.6048387096774,0.0,0.0,0.0,2.9071272232273744,False,True,262,PV+/PNN-,98.50754556,11.199272407696524,0.0,0.0,0.0,False,NONE
644,809,1604,158.883138,14.223090180871878,13601.0,68.005,0.0,0.0,0.0,2.8524119160142485,False,True,263,PV+/PNN-,158.883138,14.223090180871878,0.0,0.0,0.0,False,NONE
645,807,2862,41.30961588,7.252381437585563,3581.0,68.86538461538461,0.0,0.0,0.0,3.25628731640481,False,True,264,PV+/PNN-,41.30961588,7.252381437585563,0.0,0.0,0.0,False,NONE
646,813,2593,132.66742023,12.996822909266468,10421.0,62.40119760479042,0.0,0.0,0.0,3.3325617463241195,False,True,266,PV+/PNN-,132.66742023,12.996822909266468,0.0,0.0,0.0,False,NONE
647,815,1345,171.59378904,14.781068900342463,33228.0,153.83333333333334,0.0,0.0,0.0,2.2775979848974854,False,True,267,PV+/PNN-,171.59378904,14.781068900342463,0.0,0.0,0.0,False,NONE
648,821,2171,144.58365558,13.56796328882212,14055.0,77.22527472527473,0.0,0.0,0.0,2.4248851066280634,False,True,271,PV+/PNN-,144.58365558,13.56796328882212,0.0,0.0,0.0,False,NONE
649,824,1222,211.31457354,16.40286778005525,23483.0,88.28195488721805,0.0,0.0,0.0,2.91916100534108,False,True,272,PV+/PNN-,211.31457354,16.40286778005525,0.0,0.0,0.0,False,NONE
650,834,1342,347.15965653,21.024209926431784,109959.0,251.62242562929063,0.0,0.0,0.0,3.671333548724599,False,True,276,PV+/PNN-,347.15965653,21.024209926431784,0.0,0.0,0.0,False,NONE
651,830,2395,225.61405596,16.948768034767717,16839.0,59.29225352112676,0.0,0.0,0.0,2.2650576299902276,False,True,278,PV+/PNN-,225.61405596,16.948768034767717,0.0,0.0,0.0,False,NONE
652,830,1321,139.81716144,13.342441267550265,18909.0,107.4375,0.0,0.0,0.0,2.484914352849602,False,True,279,PV+/PNN-,139.81716144,13.342441267550265,0.0,0.0,0.0,False,NONE
653,831,269,144.58365558,13.56796328882212,6403.0,35.18131868131868,0.0,0.0,0.0,3.503473272355987,False,True,280,PV+/PNN-,144.58365558,13.56796328882212,0.0,0.0,0.0,False,NONE
654,832,1114,112.80702798,11.984588810142046,7413.0,52.20422535211268,0.0,0.0,0.0,2.872969871329541,False,True,282,PV+/PNN-,112.80702798,11.984588810142046,0.0,0.0,0.0,False,NONE
655,834,1180,142.9948242,13.493208101259413,14166.0,78.7,0.0,0.0,0.0,2.330551081290074,False,True,283,PV+/PNN-,142.9948242,13.493208101259413,0.0,0.0,0.0,False,NONE
656,847,1139,103.2740397,11.467021901548332,8626.0,66.35384615384615,0.0,0.0,0.0,2.068700177480703,False,True,288,PV+/PNN-,103.2740397,11.467021901548332,0.0,0.0,0.0,False,NONE
657,851,1721,214.4922363,16.525737420636904,29394.0,108.86666666666666,0.0,0.0,0.0,3.3204435073227927,False,True,290,PV+/PNN-,214.4922363,16.525737420636904,0.0,0.0,0.0,False,NONE
658,852,1159,138.22833006,13.266415342325757,18523.0,106.45402298850574,0.0,0.0,0.0,2.2916571499223934,False,True,291,PV+/PNN-,138.22833006,13.266415342325757,0.0,0.0,0.0,False,NONE
659,853,861,153.32222817,13.97196922387648,23418.0,121.33678756476684,0.0,0.0,0.0,2.5111754681127696,False,True,292,PV+/PNN-,153.32222817,13.97196922387648,0.0,0.0,0.0,False,NONE
660,858,1776,210.52015785,16.372006289349773,12318.0,46.48301886792453,0.0,0.0,0.0,2.5940912335038124,False,True,294,PV+/PNN-,210.52015785,16.372006289349773,0.0,0.0,0.0,False,NONE
661,857,964,89.76897297000001,10.690996505268625,3353.0,29.672566371681416,0.0,0.0,0.0,2.0780232281002897,False,True,296,PV+/PNN-,89.76897297000001,10.690996505268625,0.0,0.0,0.0,False,NONE
662,860,2285,123.13443195,12.521167201073583,4701.0,30.329032258064515,0.0,0.0,0.0,1.8582051972551672,False,True,297,PV+/PNN-,123.13443195,12.521167201073583,0.0,0.0,0.0,False,NONE
663,864,2421,180.33236163,15.152765226941183,9283.0,40.8942731277533,0.0,0.0,0.0,2.368339365367551,False,True,298,PV+/PNN-,180.33236163,15.152765226941183,0.0,0.0,0.0,False,NONE
664,860,163,56.40351399,8.474384017383858,2461.0,34.66197183098591,0.0,0.0,0.0,2.817439426207199,False,True,299,PV+/PNN-,56.40351399,8.474384017383858,0.0,0.0,0.0,False,NONE
665,866,1386,243.09120114,17.592990941526043,40497.0,132.34313725490196,0.0,0.0,0.0,3.074652169094135,False,True,300,PV+/PNN-,243.09120114,17.592990941526043,0.0,0.0,0.0,False,NONE
666,866,2566,122.34001626,12.48071098158173,4517.0,29.33116883116883,0.0,0.0,0.0,3.0587292687517804,False,True,303,PV+/PNN-,122.34001626,12.48071098158173,0.0,0.0,0.0,False,NONE
667,870,2049,220.84756182,16.76877601578504,7666.0,27.575539568345324,0.0,0.0,0.0,1.7233656021565193,False,True,305,PV+/PNN-,220.84756182,16.76877601578504,0.0,0.0,0.0,False,NONE
668,874,1491,280.42873857,18.895845030787132,25977.0,73.58923512747876,0.0,0.0,0.0,3.1762321719155153,False,True,307,PV+/PNN-,280.42873857,18.895845030787132,0.0,0.0,0.0,False,NONE
669,871,2735,82.61923176,10.256416188536388,8952.0,86.07692307692308,0.0,0.0,0.0,3.056759907311378,False,True,308,PV+/PNN-,82.61923176,10.256416188536388,0.0,0.0,0.0,False,NONE
670,876,568,131.07858885,12.91876320674319,17156.0,103.97575757575757,0.0,0.0,0.0,2.6083190322313277,False,True,309,PV+/PNN-,131.07858885,12.91876320674319,0.0,0.0,0.0,False,NONE
671,874,1354,139.02274575,13.304482609502793,19124.0,109.28,0.0,0.0,0.0,2.4948451170393375,False,True,311,PV+/PNN-,139.02274575,13.304482609502793,0.0,0.0,0.0,False,NONE
672,879,478,222.4363932,16.828987254451757,17012.0,60.75714285714286,0.0,0.0,0.0,2.5470186841257116,False,True,313,PV+/PNN-,222.4363932,16.828987254451757,0.0,0.0,0.0,False,NONE
673,875,489,77.05832193,9.90523612702942,5040.0,51.95876288659794,0.0,0.0,0.0,3.063424534171818,False,True,314,PV+/PNN-,77.05832193,9.90523612702942,0.0,0.0,0.0,False,NONE
674,887,872,290.75614254,19.240639764742276,31684.0,86.56830601092896,0.0,0.0,0.0,3.195177413536675,False,True,315,PV+/PNN-,290.75614254,19.240639764742276,0.0,0.0,0.0,False,NONE
675,879,815,80.23598469,10.107404643036364,13553.0,134.1881188118812,0.0,0.0,0.0,3.0029151641207776,False,True,316,PV+/PNN-,80.23598469,10.107404643036364,0.0,0.0,0.0,False,NONE
676,884,958,131.07858885,12.91876320674319,7734.0,46.872727272727275,0.0,0.0,0.0,2.582160384270666,False,True,317,PV+/PNN-,131.07858885,12.91876320674319,0.0,0.0,0.0,False,NONE
677,885,2143,119.1623535,12.317557416952052,8336.0,55.57333333333333,0.0,0.0,0.0,2.365043606197177,False,True,318,PV+/PNN-,119.1623535,12.317557416952052,0.0,0.0,0.0,False,NONE
678,890,355,154.11664386,14.008119269352957,7965.0,41.05670103092783,0.0,0.0,0.0,3.5430472859604505,False,True,321,PV+/PNN-,154.11664386,14.008119269352957,0.0,0.0,0.0,False,NONE
679,891,1047,119.1623535,12.317557416952052,7809.0,52.06,0.0,0.0,0.0,2.5891527920909194,False,True,322,PV+/PNN-,119.1623535,12.317557416952052,0.0,0.0,0.0,False,NONE
680,891,1223,101.68520832,11.378472144697502,25871.0,202.1171875,0.0,0.0,0.0,2.7553238740234756,False,True,323,PV+/PNN-,101.68520832,11.378472144697502,0.0,0.0,0.0,False,NONE
681,895,477,124.72326333,12.60169000650996,15730.0,100.19108280254777,0.0,0.0,0.0,3.010855894467717,False,True,324,PV+/PNN-,124.72326333,12.60169000650996,0.0,0.0,0.0,False,NONE
682,900,1597,148.55573403,13.753073662427433,10206.0,54.57754010695187,0.0,0.0,0.0,2.008948653901921,False,True,326,PV+/PNN-,148.55573403,13.753073662427433,0.0,0.0,0.0,False,NONE
683,902,1988,166.8272949,14.574330482319752,7400.0,35.23809523809524,0.0,0.0,0.0,2.5517617356790185,False,True,327,PV+/PNN-,166.8272949,14.574330482319752,0.0,0.0,0.0,False,NONE
684,912,1812,199.39833819,15.933670303416713,20402.0,81.28286852589642,0.0,0.0,0.0,1.861128077630197,False,True,330,PV+/PNN-,199.39833819,15.933670303416713,0.0,0.0,0.0,False,NONE
685,913,1063,182.7156087,15.252564978953412,10631.0,46.221739130434784,0.0,0.0,0.0,2.070393557926574,False,True,332,PV+/PNN-,182.7156087,15.252564978953412,0.0,0.0,0.0,False,NONE
686,913,1660,205.75366371,16.185601660417575,14475.0,55.88803088803089,0.0,0.0,0.0,2.371846253109667,False,True,333,PV+/PNN-,205.75366371,16.185601660417575,0.0,0.0,0.0,False,NONE
687,916,2030,316.17744462,20.064137799653786,21095.0,53.00251256281407,0.0,0.0,0.0,1.7666377384197796,False,True,334,PV+/PNN-,316.17744462,20.064137799653786,0.0,0.0,0.0,False,NONE
688,915,212,131.87300454,12.957851838301272,6695.0,40.33132530120482,0.0,0.0,0.0,3.55314563802083,False,True,339,PV+/PNN-,131.87300454,12.957851838301272,0.0,0.0,0.0,False,NONE
689,916,1234,104.86287108,11.554893086200376,17453.0,132.21969696969697,0.0,0.0,0.0,2.4894732518331306,False,True,340,PV+/PNN-,104.86287108,11.554893086200376,0.0,0.0,0.0,False,NONE
690,920,1123,158.08872231,14.187487896796528,9938.0,49.93969849246231,0.0,0.0,0.0,2.5835330307571986,False,True,342,PV+/PNN-,158.08872231,14.187487896796528,0.0,0.0,0.0,False,NONE
691,924,2315,142.20040851,13.455674765407588,3796.0,21.206703910614525,0.0,0.0,0.0,1.7973250662614257,False,True,343,PV+/PNN-,142.20040851,13.455674765407588,0.0,0.0,0.0,False,NONE
692,923,1243,64.34767089,9.051519164690074,10211.0,126.06172839506173,0.0,0.0,0.0,2.6181937355213205,False,True,345,PV+/PNN-,64.34767089,9.051519164690074,0.0,0.0,0.0,False,NONE
693,928,2016,181.92119301,15.21937110940298,6286.0,27.449781659388645,0.0,0.0,0.0,1.531757107531873,False,True,346,PV+/PNN-,181.92119301,15.21937110940298,0.0,0.0,0.0,False,NONE
694,929,1580,235.94145993,17.332339629300563,42085.0,141.7003367003367,0.0,0.0,0.0,2.686850870660236,False,True,347,PV+/PNN-,235.94145993,17.332339629300563,0.0,0.0,0.0,False,NONE
695,929,1728,175.56586749,14.951167352217068,13545.0,61.289592760180994,0.0,0.0,0.0,2.3886951940408987,False,True,348,PV+/PNN-,175.56586749,14.951167352217068,0.0,0.0,0.0,False,NONE
696,931,2458,193.83742836,15.709916582774113,20834.0,85.38524590163935,0.0,0.0,0.0,2.9251895711904887,False,True,349,PV+/PNN-,193.83742836,15.709916582774113,0.0,0.0,0.0,False,NONE
697,929,264,139.81716144,13.342441267550265,6123.0,34.78977272727273,0.0,0.0,0.0,3.051789860939414,False,True,350,PV+/PNN-,139.81716144,13.342441267550265,0.0,0.0,0.0,False,NONE
698,933,824,147.76131834,13.716251444643651,9598.0,51.60215053763441,0.0,0.0,0.0,1.8863192528332353,False,True,351,PV+/PNN-,147.76131834,13.716251444643651,0.0,0.0,0.0,False,NONE
699,937,2380,177.15469887,15.0186673222671,4768.0,21.381165919282513,0.0,0.0,0.0,2.3092067584865976,False,True,353,PV+/PNN-,177.15469887,15.0186673222671,0.0,0.0,0.0,False,NONE
700,936,647,144.58365558,13.56796328882212,24449.0,134.33516483516485,0.0,0.0,0.0,2.7208697660603773,False,True,354,PV+/PNN-,144.58365558,13.56796328882212,0.0,0.0,0.0,False,NONE
701,936,878,123.13443195,12.521167201073583,7815.0,50.41935483870968,0.0,0.0,0.0,1.633828258451157,False,True,355,PV+/PNN-,123.13443195,12.521167201073583,0.0,0.0,0.0,False,NONE
702,936,965,73.08624348000001,9.646569098642193,3780.0,41.08695652173913,0.0,0.0,0.0,1.4769192323190699,False,True,357,PV+/PNN-,73.08624348000001,9.646569098642193,0.0,0.0,0.0,False,NONE
703,937,437,34.95429036,6.671220633775133,2816.0,64.0,0.0,0.0,0.0,2.6183800506777355,False,True,358,PV+/PNN-,34.95429036,6.671220633775133,0.0,0.0,0.0,False,NONE
704,942,890,144.58365558,13.56796328882212,8625.0,47.39010989010989,0.0,0.0,0.0,2.44312761260232,False,True,359,PV+/PNN-,144.58365558,13.56796328882212,0.0,0.0,0.0,False,NONE
705,949,1157,179.53794594000001,15.119352253034252,18773.0,83.06637168141593,0.0,0.0,0.0,2.567596392302779,False,True,360,PV+/PNN-,179.53794594000001,15.119352253034252,0.0,0.0,0.0,False,NONE
706,946,1143,57.99234537,8.592912627102823,4786.0,65.56164383561644,0.0,0.0,0.0,2.1194293379296627,False,True,363,PV+/PNN-,57.99234537,8.592912627102823,0.0,0.0,0.0,False,NONE
707,949,2594,189.86534991,15.548121162390995,20868.0,87.31380753138075,0.0,0.0,0.0,3.2676946072744864,False,True,364,PV+/PNN-,189.86534991,15.548121162390995,0.0,0.0,0.0,False,NONE
708,949,522,114.39585936,12.068692219586765,17999.0,124.99305555555556,0.0,0.0,0.0,2.11485751811765,False,True,365,PV+/PNN-,114.39585936,12.068692219586765,0.0,0.0,0.0,False,NONE
709,952,1494,199.39833819,15.933670303416713,15087.0,60.10756972111554,0.0,0.0,0.0,2.467945778847576,False,True,366,PV+/PNN-,199.39833819,15.933670303416713,0.0,0.0,0.0,False,NONE
710,958,2260,150.14456541,13.82642390884524,3808.0,20.14814814814815,0.0,0.0,0.0,1.7395580743192538,False,True,368,PV+/PNN-,150.14456541,13.82642390884524,0.0,0.0,0.0,False,NONE
711,960,609,150.14456541,13.82642390884524,18615.0,98.4920634920635,0.0,0.0,0.0,2.379430862575541,False,True,371,PV+/PNN-,150.14456541,13.82642390884524,0.0,0.0,0.0,False,NONE
712,967,71,156.49989093,14.116013951495509,8319.0,42.22842639593909,0.0,0.0,0.0,2.7070906549488574,False,True,375,PV+/PNN-,156.49989093,14.116013951495509,0.0,0.0,0.0,False,NONE
713,968,2754,147.76131834,13.716251444643651,13462.0,72.3763440860215,0.0,0.0,0.0,3.0474743736924923,False,True,378,PV+/PNN-,147.76131834,13.716251444643651,0.0,0.0,0.0,False,NONE
714,977,276,76.26390624,9.854045933561641,5877.0,61.21875,0.0,0.0,0.0,2.161546931845513,False,True,383,PV+/PNN-,76.26390624,9.854045933561641,0.0,0.0,0.0,False,NONE
715,985,1746,85.79689452,10.451794052617739,3973.0,36.78703703703704,0.0,0.0,0.0,1.987470352267554,False,True,389,PV+/PNN-,85.79689452,10.451794052617739,0.0,0.0,0.0,False,NONE
716,992,2275,195.42625974,15.774170088491289,6326.0,25.715447154471544,0.0,0.0,0.0,1.7481326289001526,False,True,393,PV+/PNN-,195.42625974,15.774170088491289,0.0,0.0,0.0,False,NONE
717,994,618,173.97703611,14.883361255142246,15276.0,69.75342465753425,0.0,0.0,0.0,3.607426401719337,False,True,394,PV+/PNN-,173.97703611,14.883361255142246,0.0,0.0,0.0,False,NONE
718,994,920,150.14456541,13.82642390884524,8937.0,47.285714285714285,0.0,0.0,0.0,2.8897480759961347,False,True,395,PV+/PNN-,150.14456541,13.82642390884524,0.0,0.0,0.0,False,NONE
719,995,1688,128.69534178,12.800781162784691,7747.0,47.82098765432099,0.0,0.0,0.0,2.4429643309130444,False,True,396,PV+/PNN-,128.69534178,12.800781162784691,0.0,0.0,0.0,False,NONE
720,998,1110,150.9389811,13.862953494062992,9799.0,51.57368421052632,0.0,0.0,0.0,2.3821976426483027,False,True,397,PV+/PNN-,150.9389811,13.862953494062992,0.0,0.0,0.0,False,NONE
721,1001,2858,186.68768715,15.41746236559462,25590.0,108.8936170212766,0.0,0.0,0.0,3.0460482571278766,False,True,398,PV+/PNN-,186.68768715,15.41746236559462,0.0,0.0,0.0,False,NONE
722,1005,768,214.4922363,16.525737420636904,13185.0,48.833333333333336,0.0,0.0,0.0,2.584480007968032,False,True,399,PV+/PNN-,214.4922363,16.525737420636904,0.0,0.0,0.0,False,NONE
723,1011,605,96.91871418,11.108588547554572,4640.0,38.032786885245905,0.0,0.0,0.0,2.2676257334057217,False,True,403,PV+/PNN-,96.91871418,11.108588547554572,0.0,0.0,0.0,False,NONE
724,1015,2540,189.07093422,15.515559616363333,7826.0,32.88235294117647,0.0,0.0,0.0,1.7514415368166452,False,True,404,PV+/PNN-,189.07093422,15.515559616363333,0.0,0.0,0.0,False,NONE
725,1019,225,115.19027505,12.11052490037406,5241.0,36.144827586206894,0.0,0.0,0.0,2.039593944672811,False,True,406,PV+/PNN-,115.19027505,12.11052490037406,0.0,0.0,0.0,False,NONE
726,1018,1521,78.64715331000001,10.006830950662698,8346.0,84.3030303030303,0.0,0.0,0.0,2.6586241244633686,False,True,407,PV+/PNN-,78.64715331000001,10.006830950662698,0.0,0.0,0.0,False,NONE
727,1025,1493,138.22833006,13.266415342325757,8326.0,47.85057471264368,0.0,0.0,0.0,2.6594480871809623,False,True,409,PV+/PNN-,138.22833006,13.266415342325757,0.0,0.0,0.0,False,NONE
728,1035,847,183.51002439,15.285686766012908,17126.0,74.13852813852814,0.0,0.0,0.0,2.931349588778505,False,True,411,PV+/PNN-,183.51002439,15.285686766012908,0.0,0.0,0.0,False,NONE
729,1036,723,123.92884764,12.56149312576761,6479.0,41.532051282051285,0.0,0.0,0.0,2.146382848754412,False,True,412,PV+/PNN-,123.92884764,12.56149312576761,0.0,0.0,0.0,False,NONE
730,1044,335,127.90092609,12.761211420003875,30452.0,189.14285714285714,0.0,0.0,0.0,3.267550080962829,False,True,414,PV+/PNN-,127.90092609,12.761211420003875,0.0,0.0,0.0,False,NONE
731,1047,1230,150.9389811,13.862953494062992,14070.0,74.05263157894737,0.0,0.0,0.0,2.8701702754812675,False,True,418,PV+/PNN-,150.9389811,13.862953494062992,0.0,0.0,0.0,False,NONE
732,1049,2266,187.48210284,15.45023065413564,7930.0,33.601694915254235,0.0,0.0,0.0,2.5323071852400316,False,True,419,PV+/PNN-,187.48210284,15.45023065413564,0.0,0.0,0.0,False,NONE
733,1049,2525,139.02274575,13.304482609502793,9130.0,52.17142857142857,0.0,0.0,0.0,2.1718433062591496,False,True,420,PV+/PNN-,139.02274575,13.304482609502793,0.0,0.0,0.0,False,NONE
734,1049,2661,74.67507486,9.75085936304132,14616.0,155.48936170212767,0.0,0.0,0.0,3.025209105090476,False,True,421,PV+/PNN-,74.67507486,9.75085936304132,0.0,0.0,0.0,False,NONE
735,1053,2627,239.91353838,17.477625822254954,30818.0,102.04635761589404,0.0,0.0,0.0,3.3643862454320645,False,True,422,PV+/PNN-,239.91353838,17.477625822254954,0.0,0.0,0.0,False,NONE
736,1056,916,235.14704424,17.303136003451996,10972.0,37.067567567567565,0.0,0.0,0.0,2.51225500052808,False,True,423,PV+/PNN-,235.14704424,17.303136003451996,0.0,0.0,0.0,False,NONE
737,1057,637,170.79937335,14.746813769937052,12026.0,55.93488372093023,0.0,0.0,0.0,2.0866669246437204,False,True,425,PV+/PNN-,170.79937335,14.746813769937052,0.0,0.0,0.0,False,NONE
738,1057,2009,127.1065104,12.72151859781572,8398.0,52.4875,0.0,0.0,0.0,2.463125959776599,False,True,428,PV+/PNN-,127.1065104,12.72151859781572,0.0,0.0,0.0,False,NONE
739,1059,437,140.61157713,13.380292240810528,12085.0,68.2768361581921,0.0,0.0,0.0,2.4488348372821194,False,True,429,PV+/PNN-,140.61157713,13.380292240810528,0.0,0.0,0.0,False,NONE
740,1065,722,210.52015785,16.372006289349773,16348.0,61.69056603773585,0.0,0.0,0.0,2.4243257845109283,False,True,432,PV+/PNN-,210.52015785,16.372006289349773,0.0,0.0,0.0,False,NONE
741,1068,2725,128.69534178,12.800781162784691,13175.0,81.32716049382717,0.0,0.0,0.0,2.832363007820325,False,True,435,PV+/PNN-,128.69534178,12.800781162784691,0.0,0.0,0.0,False,NONE
742,1083,412,123.13443195,12.521167201073583,11433.0,73.76129032258065,0.0,0.0,0.0,2.7305441789060803,False,True,436,PV+/PNN-,123.13443195,12.521167201073583,0.0,0.0,0.0,False,NONE
743,1086,848,227.20288734,17.008342095551114,18851.0,65.91258741258741,0.0,0.0,0.0,3.4138776918778766,False,True,438,PV+/PNN-,227.20288734,17.008342095551114,0.0,0.0,0.0,False,NONE
744,1086,27,212.90340492,16.464417218744998,22541.0,84.10820895522389,0.0,0.0,0.0,4.339095763365584,False,True,439,PV+/PNN-,212.90340492,16.464417218744998,0.0,0.0,0.0,False,NONE
745,1088,670,162.85521645,14.3997813056499,9149.0,44.62926829268293,0.0,0.0,0.0,2.589706148105472,False,True,442,PV+/PNN-,162.85521645,14.3997813056499,0.0,0.0,0.0,False,NONE
746,1086,2808,97.71312987,11.154022637162193,16317.0,132.65853658536585,0.0,0.0,0.0,2.5481369645732395,False,True,443,PV+/PNN-,97.71312987,11.154022637162193,0.0,0.0,0.0,False,NONE
747,1089,516,150.9389811,13.862953494062992,7539.0,39.67894736842105,0.0,0.0,0.0,2.9833170184568605,False,True,445,PV+/PNN-,150.9389811,13.862953494062992,0.0,0.0,0.0,False,NONE
748,1099,2263,208.13691078,16.279070781961433,5604.0,21.389312977099237,0.0,0.0,0.0,1.3724073979243623,False,True,452,PV+/PNN-,208.13691078,16.279070781961433,0.0,0.0,0.0,False,NONE
749,1111,618,130.28417316,12.879555944225542,8384.0,51.1219512195122,0.0,0.0,0.0,2.401025243631246,False,True,456,PV+/PNN-,130.28417316,12.879555944225542,0.0,0.0,0.0,False,NONE
750,1113,2060,211.31457354,16.40286778005525,8413.0,31.627819548872182,0.0,0.0,0.0,2.1037929981838124,False,True,457,PV+/PNN-,211.31457354,16.40286778005525,0.0,0.0,0.0,False,NONE
751,1114,897,88.97455728,10.643586087602236,7430.0,66.33928571428571,0.0,0.0,0.0,3.0185076525966084,False,True,461,PV+/PNN-,88.97455728,10.643586087602236,0.0,0.0,0.0,False,NONE
752,1116,907,137.43391437,13.228238528376714,8022.0,46.369942196531795,0.0,0.0,0.0,3.383468162968688,False,True,462,PV+/PNN-,137.43391437,13.228238528376714,0.0,0.0,0.0,False,NONE
753,1118,485,110.42378091,11.857315232959936,12556.0,90.33093525179856,0.0,0.0,0.0,2.739709418812928,False,True,465,PV+/PNN-,110.42378091,11.857315232959936,0.0,0.0,0.0,False,NONE
754,1118,339,109.62936522,11.814586030086609,11457.0,83.02173913043478,0.0,0.0,0.0,2.543633245154692,False,True,466,PV+/PNN-,109.62936522,11.814586030086609,0.0,0.0,0.0,False,NONE
755,1121,1966,178.74353025,15.085865274483455,15795.0,70.2,0.0,0.0,0.0,3.0821930010571537,False,True,468,PV+/PNN-,178.74353025,15.085865274483455,0.0,0.0,0.0,False,NONE
756,1130,1411,243.09120114,17.592990941526043,26836.0,87.69934640522875,0.0,0.0,0.0,2.6759103350783984,False,True,471,PV+/PNN-,243.09120114,17.592990941526043,0.0,0.0,0.0,False,NONE
757,1131,224,115.19027505,12.11052490037406,16110.0,111.10344827586206,0.0,0.0,0.0,2.8690555292450544,False,True,475,PV+/PNN-,115.19027505,12.11052490037406,0.0,0.0,0.0,False,NONE
758,1135,2454,162.85521645,14.3997813056499,7369.0,35.94634146341463,0.0,0.0,0.0,2.3411008362016634,False,True,476,PV+/PNN-,162.85521645,14.3997813056499,0.0,0.0,0.0,False,NONE
759,1134,1967,129.48975747,12.84022896403991,5639.0,34.59509202453988,0.0,0.0,0.0,1.8769971806506154,False,True,477,PV+/PNN-,129.48975747,12.84022896403991,0.0,0.0,0.0,False,NONE
760,1145,968,172.38820473,14.815244827816286,18746.0,86.38709677419355,0.0,0.0,0.0,2.6063833293735508,False,True,481,PV+/PNN-,172.38820473,14.815244827816286,0.0,0.0,0.0,False,NONE
761,1145,1541,164.44404783,14.469853647963289,13281.0,64.15942028985508,0.0,0.0,0.0,2.0153386443047974,False,True,483,PV+/PNN-,164.44404783,14.469853647963289,0.0,0.0,0.0,False,NONE
762,1151,9,217.66989906,16.647700237020825,23048.0,84.11678832116789,0.0,0.0,0.0,3.179575581428392,False,True,485,PV+/PNN-,217.66989906,16.647700237020825,0.0,0.0,0.0,False,NONE
763,1148,323,88.97455728,10.643586087602236,9591.0,85.63392857142857,0.0,0.0,0.0,2.1758749000794606,False,True,486,PV+/PNN-,88.97455728,10.643586087602236,0.0,0.0,0.0,False,NONE
764,1156,26,76.26390624,9.854045933561641,7347.0,76.53125,0.0,0.0,0.0,2.7503523160802303,False,True,490,PV+/PNN-,76.26390624,9.854045933561641,0.0,0.0,0.0,False,NONE
765,1170,485,154.11664386,14.008119269352957,11647.0,60.0360824742268,0.0,0.0,0.0,2.545722902000324,False,True,494,PV+/PNN-,154.11664386,14.008119269352957,0.0,0.0,0.0,False,NONE
766,1177,322,226.40847165,16.97858119419376,20975.0,73.59649122807018,0.0,0.0,0.0,2.6229075089786194,False,True,495,PV+/PNN-,226.40847165,16.97858119419376,0.0,0.0,0.0,False,NONE
767,1176,150,142.9948242,13.493208101259413,26850.0,149.16666666666666,0.0,0.0,0.0,2.853472515042141,False,True,497,PV+/PNN-,142.9948242,13.493208101259413,0.0,0.0,0.0,False,NONE
768,1178,640,78.64715331000001,10.006830950662698,12663.0,127.9090909090909,0.0,0.0,0.0,2.595742759173317,False,True,498,PV+/PNN-,78.64715331000001,10.006830950662698,0.0,0.0,0.0,False,NONE
769,1182,884,182.7156087,15.252564978953412,14239.0,61.90869565217391,0.0,0.0,0.0,2.6091939034005804,False,True,499,PV+/PNN-,182.7156087,15.252564978953412,0.0,0.0,0.0,False,NONE
770,1183,946,185.09885577,15.351715957885437,15185.0,65.1716738197425,0.0,0.0,0.0,2.2898964344698434,False,True,502,PV+/PNN-,185.09885577,15.351715957885437,0.0,0.0,0.0,False,NONE
771,1183,537,208.13691078,16.279070781961433,10538.0,40.221374045801525,0.0,0.0,0.0,2.718519824928198,False,True,503,PV+/PNN-,208.13691078,16.279070781961433,0.0,0.0,0.0,False,NONE
772,1182,2639,119.1623535,12.317557416952052,26435.0,176.23333333333332,0.0,0.0,0.0,3.164089691210916,False,True,504,PV+/PNN-,119.1623535,12.317557416952052,0.0,0.0,0.0,False,NONE
773,1189,1357,274.86782874,18.707554333136663,21289.0,61.528901734104046,0.0,0.0,0.0,2.988602267035161,False,True,506,PV+/PNN-,274.86782874,18.707554333136663,0.0,0.0,0.0,False,NONE
774,1184,387,155.70547524,14.080140922851225,9949.0,50.76020408163265,0.0,0.0,0.0,2.9809232039041107,False,True,507,PV+/PNN-,155.70547524,14.080140922851225,0.0,0.0,0.0,False,NONE
775,1188,756,238.324707,17.4196567543629,21791.0,72.63666666666667,0.0,0.0,0.0,2.7230649476126128,False,True,509,PV+/PNN-,238.324707,17.4196567543629,0.0,0.0,0.0,False,NONE
776,1190,2574,157.29430662000001,14.151796046802042,15796.0,79.77777777777777,0.0,0.0,0.0,2.5177698662136536,False,True,510,PV+/PNN-,157.29430662000001,14.151796046802042,0.0,0.0,0.0,False,NONE
777,1189,604,116.77910643,12.193759728054031,4161.0,28.306122448979593,0.0,0.0,0.0,2.2343160710041325,False,True,511,PV+/PNN-,116.77910643,12.193759728054031,0.0,0.0,0.0,False,NONE
778,1194,514,128.69534178,12.800781162784691,9009.0,55.611111111111114,0.0,0.0,0.0,2.5925754015142624,False,True,514,PV+/PNN-,128.69534178,12.800781162784691,0.0,0.0,0.0,False,NONE
779,1197,502,146.17248696000001,13.642308849668991,15493.0,84.20108695652173,0.0,0.0,0.0,2.243798491617304,False,True,515,PV+/PNN-,146.17248696000001,13.642308849668991,0.0,0.0,0.0,False,NONE
780,1202,1868,227.20288734,17.008342095551114,7413.0,25.91958041958042,0.0,0.0,0.0,2.0187820474966007,False,True,518,PV+/PNN-,227.20288734,17.008342095551114,0.0,0.0,0.0,False,NONE
781,1204,1896,177.94911456,15.052303797372671,5117.0,22.84375,0.0,0.0,0.0,2.120292264689147,False,True,520,PV+/PNN-,177.94911456,15.052303797372671,0.0,0.0,0.0,False,NONE
782,1205,1370,207.34249509,16.247974152264163,16925.0,64.84674329501915,0.0,0.0,0.0,2.65992511822799,False,True,521,PV+/PNN-,207.34249509,16.247974152264163,0.0,0.0,0.0,False,NONE
783,1205,1458,103.2740397,11.467021901548332,7540.0,58.0,0.0,0.0,0.0,1.984419799879637,False,True,523,PV+/PNN-,103.2740397,11.467021901548332,0.0,0.0,0.0,False,NONE
784,1214,1450,274.07341305,18.680500733540153,31220.0,90.4927536231884,0.0,0.0,0.0,2.879616581816648,False,True,525,PV+/PNN-,274.07341305,18.680500733540153,0.0,0.0,0.0,False,NONE
785,1225,1058,204.95924802,16.154325106244645,28570.0,110.73643410852713,0.0,0.0,0.0,2.630371380802815,False,True,530,PV+/PNN-,204.95924802,16.154325106244645,0.0,0.0,0.0,False,NONE
786,1233,393,162.06080076,14.36461695204847,12506.0,61.30392156862745,0.0,0.0,0.0,2.363562565099404,False,True,532,PV+/PNN-,162.06080076,14.36461695204847,0.0,0.0,0.0,False,NONE
787,1233,175,95.32988280000001,11.017158280424603,27683.0,230.69166666666666,0.0,0.0,0.0,2.7633215976713035,False,True,533,PV+/PNN-,95.32988280000001,11.017158280424603,0.0,0.0,0.0,False,NONE
788,1239,1221,212.10898923,16.433671314756197,23927.0,89.61423220973782,0.0,0.0,0.0,2.5072001445873706,False,True,535,PV+/PNN-,212.10898923,16.433671314756197,0.0,0.0,0.0,False,NONE
789,1238,414,133.46183592,13.035677474005707,10218.0,60.82142857142857,0.0,0.0,0.0,2.6990927745536086,False,True,537,PV+/PNN-,133.46183592,13.035677474005707,0.0,0.0,0.0,False,NONE
790,1245,586,112.01261229,11.942314996545514,8676.0,61.53191489361702,0.0,0.0,0.0,1.3904541557158405,False,True,542,PV+/PNN-,112.01261229,11.942314996545514,0.0,0.0,0.0,False,NONE
791,1248,2804,160.47196938,14.294028726574819,12731.0,63.024752475247524,0.0,0.0,0.0,2.4025786760555814,False,True,544,PV+/PNN-,160.47196938,14.294028726574819,0.0,0.0,0.0,False,NONE
792,1251,231,142.20040851,13.455674765407588,31811.0,177.7150837988827,0.0,0.0,0.0,2.3857681800606385,False,True,545,PV+/PNN-,142.20040851,13.455674765407588,0.0,0.0,0.0,False,NONE
793,1255,484,182.7156087,15.252564978953412,28568.0,124.20869565217392,0.0,0.0,0.0,2.9596126143552084,False,True,546,PV+/PNN-,182.7156087,15.252564978953412,0.0,0.0,0.0,False,NONE
794,1258,1087,183.51002439,15.285686766012908,16057.0,69.5108225108225,0.0,0.0,0.0,2.2069562606371145,False,True,547,PV+/PNN-,183.51002439,15.285686766012908,0.0,0.0,0.0,False,NONE
795,1267,2484,119.1623535,12.317557416952052,9660.0,64.4,0.0,0.0,0.0,2.741879052107396,False,True,552,PV+/PNN-,119.1623535,12.317557416952052,0.0,0.0,0.0,False,NONE
796,1267,801,131.07858885,12.91876320674319,13197.0,79.98181818181818,0.0,0.0,0.0,2.8140668594603753,False,True,553,PV+/PNN-,131.07858885,12.91876320674319,0.0,0.0,0.0,False,NONE
797,1269,663,127.90092609,12.761211420003875,11163.0,69.33540372670808,0.0,0.0,0.0,2.3457483225593045,False,True,554,PV+/PNN-,127.90092609,12.761211420003875,0.0,0.0,0.0,False,NONE
798,1278,803,106.45170246,11.642101063659146,8902.0,66.43283582089552,0.0,0.0,0.0,2.5718666109199004,False,True,560,PV+/PNN-,106.45170246,11.642101063659146,0.0,0.0,0.0,False,NONE
799,1278,2567,92.15222004,10.83198276817611,17062.0,147.08620689655172,0.0,0.0,0.0,2.885799318995736,False,True,561,PV+/PNN-,92.15222004,10.83198276817611,0.0,0.0,0.0,False,NONE
800,1289,330,168.41612628000001,14.643567596416075,12301.0,58.02358490566038,0.0,0.0,0.0,2.961107220325606,False,True,562,PV+/PNN-,168.41612628000001,14.643567596416075,0.0,0.0,0.0,False,NONE
801,1288,2569,104.86287108,11.554893086200376,17698.0,134.07575757575756,0.0,0.0,0.0,3.230844548602835,False,True,563,PV+/PNN-,104.86287108,11.554893086200376,0.0,0.0,0.0,False,NONE
802,1291,413,91.35780435,10.78519212710641,7823.0,68.02608695652174,0.0,0.0,0.0,2.2851197505300793,False,True,564,PV+/PNN-,91.35780435,10.78519212710641,0.0,0.0,0.0,False,NONE
803,1293,2539,193.83742836,15.709916582774113,26423.0,108.29098360655738,0.0,0.0,0.0,2.9493422005141925,False,True,565,PV+/PNN-,193.83742836,15.709916582774113,0.0,0.0,0.0,False,NONE
804,1307,994,289.16731116,19.187997696832507,21972.0,60.362637362637365,0.0,0.0,0.0,2.6837006601378297,False,True,567,PV+/PNN-,289.16731116,19.187997696832507,0.0,0.0,0.0,False,NONE
805,1317,478,189.86534991,15.548121162390995,28615.0,119.72803347280335,0.0,0.0,0.0,3.2131693598154474,False,True,575,PV+/PNN-,189.86534991,15.548121162390995,0.0,0.0,0.0,False,NONE
806,1323,727,148.55573403,13.753073662427433,14717.0,78.70053475935829,0.0,0.0,0.0,2.7613056950781814,False,True,577,PV+/PNN-,148.55573403,13.753073662427433,0.0,0.0,0.0,False,NONE
807,1324,714,154.11664386,14.008119269352957,21253.0,109.55154639175258,0.0,0.0,0.0,2.885437857326081,False,True,578,PV+/PNN-,154.11664386,14.008119269352957,0.0,0.0,0.0,False,NONE
808,1324,513,141.40599282,13.418036440588484,22951.0,128.93820224719101,0.0,0.0,0.0,3.1466683029774787,False,True,579,PV+/PNN-,141.40599282,13.418036440588484,0.0,0.0,0.0,False,NONE
809,1328,2863,39.7207845,7.111545090435939,4501.0,90.02,0.0,0.0,0.0,2.330735533294925,False,True,583,PV+/PNN-,39.7207845,7.111545090435939,0.0,0.0,0.0,False,NONE
810,1336,1224,144.58365558,13.56796328882212,5400.0,29.67032967032967,0.0,0.0,0.0,2.719045515462952,False,True,584,PV+/PNN-,144.58365558,13.56796328882212,0.0,0.0,0.0,False,NONE
811,1345,287,112.80702798,11.984588810142046,13451.0,94.72535211267606,0.0,0.0,0.0,3.0623579157467877,False,True,587,PV+/PNN-,112.80702798,11.984588810142046,0.0,0.0,0.0,False,NONE
812,1347,1214,184.30444008,15.318736938146312,5708.0,24.603448275862068,0.0,0.0,0.0,2.141630885632095,False,True,589,PV+/PNN-,184.30444008,15.318736938146312,0.0,0.0,0.0,False,NONE
813,1359,222,123.92884764,12.56149312576761,10801.0,69.23717948717949,0.0,0.0,0.0,2.735919833489139,False,True,592,PV+/PNN-,123.92884764,12.56149312576761,0.0,0.0,0.0,False,NONE
814,1365,428,203.37041664,16.091589626115685,37865.0,147.91015625,0.0,0.0,0.0,3.5308869131696454,False,True,595,PV+/PNN-,203.37041664,16.091589626115685,0.0,0.0,0.0,False,NONE
815,1366,2561,95.32988280000001,11.017158280424603,15491.0,129.09166666666667,0.0,0.0,0.0,2.2950440703562918,False,True,598,PV+/PNN-,95.32988280000001,11.017158280424603,0.0,0.0,0.0,False,NONE
816,1390,829,243.88561683,17.621714211168094,20090.0,65.43973941368078,0.0,0.0,0.0,2.915122743764428,False,True,601,PV+/PNN-,243.88561683,17.621714211168094,0.0,0.0,0.0,False,NONE
817,1392,47,88.97455728,10.643586087602236,9501.0,84.83035714285714,0.0,0.0,0.0,2.5842219947469616,False,True,603,PV+/PNN-,88.97455728,10.643586087602236,0.0,0.0,0.0,False,NONE
818,1396,949,213.69782061,16.495105814282393,14374.0,53.43494423791822,0.0,0.0,0.0,2.299718797282204,False,True,605,PV+/PNN-,213.69782061,16.495105814282393,0.0,0.0,0.0,False,NONE
819,1396,2620,278.83990719,18.842239688651414,59912.0,170.6894586894587,0.0,0.0,0.0,2.4655084648392553,False,True,607,PV+/PNN-,278.83990719,18.842239688651414,0.0,0.0,0.0,False,NONE
820,1405,189,158.08872231,14.187487896796528,18840.0,94.67336683417085,0.0,0.0,0.0,3.0682061631013804,False,True,609,PV+/PNN-,158.08872231,14.187487896796528,0.0,0.0,0.0,False,NONE
821,1410,2731,171.59378904,14.781068900342463,10515.0,48.68055555555556,0.0,0.0,0.0,2.145791656431172,False,True,610,PV+/PNN-,171.59378904,14.781068900342463,0.0,0.0,0.0,False,NONE
822,1414,869,247.85769528,17.76463394211696,15164.0,48.6025641025641,0.0,0.0,0.0,2.5728394311234406,False,True,611,PV+/PNN-,247.85769528,17.76463394211696,0.0,0.0,0.0,False,NONE
823,1412,309,122.34001626,12.48071098158173,36307.0,235.75974025974025,0.0,0.0,0.0,3.3993666075801725,False,True,614,PV+/PNN-,122.34001626,12.48071098158173,0.0,0.0,0.0,False,NONE
824,1415,250,116.77910643,12.193759728054031,8048.0,54.74829931972789,0.0,0.0,0.0,2.853171368911772,False,True,617,PV+/PNN-,116.77910643,12.193759728054031,0.0,0.0,0.0,False,NONE
825,1416,555,83.41364745,10.305607915302103,4661.0,44.39047619047619,0.0,0.0,0.0,3.0134187535342063,False,True,618,PV+/PNN-,83.41364745,10.305607915302103,0.0,0.0,0.0,False,NONE
826,1422,1502,154.91105955,14.044176264056345,2843.0,14.57948717948718,0.0,0.0,0.0,1.225896401470046,False,True,619,PV+/PNN-,154.91105955,14.044176264056345,0.0,0.0,0.0,False,NONE
827,1426,2623,154.91105955,14.044176264056345,24351.0,124.87692307692308,0.0,0.0,0.0,2.6275897521786784,False,True,620,PV+/PNN-,154.91105955,14.044176264056345,0.0,0.0,0.0,False,NONE
828,1430,1569,177.15469887,15.0186673222671,3747.0,16.80269058295964,0.0,0.0,0.0,1.1333872629902788,False,True,621,PV+/PNN-,177.15469887,15.0186673222671,0.0,0.0,0.0,False,NONE
829,1436,1476,134.25625161,13.074416571218995,2492.0,14.745562130177515,0.0,0.0,0.0,1.3064440816948406,False,True,623,PV+/PNN-,134.25625161,13.074416571218995,0.0,0.0,0.0,False,NONE
830,1450,1291,197.80950681,15.870062583211556,4995.0,20.06024096385542,0.0,0.0,0.0,1.549396840746864,False,True,627,PV+/PNN-,197.80950681,15.870062583211556,0.0,0.0,0.0,False,NONE
831,1450,2521,140.61157713,13.380292240810528,12643.0,71.42937853107344,0.0,0.0,0.0,2.273449117415495,False,True,628,PV+/PNN-,140.61157713,13.380292240810528,0.0,0.0,0.0,False,NONE
832,1459,426,140.61157713,13.380292240810528,22990.0,129.8870056497175,0.0,0.0,0.0,3.8580168912906925,False,True,630,PV+/PNN-,140.61157713,13.380292240810528,0.0,0.0,0.0,False,NONE
833,1466,493,130.28417316,12.879555944225542,21141.0,128.90853658536585,0.0,0.0,0.0,3.915837333468582,False,True,631,PV+/PNN-,130.28417316,12.879555944225542,0.0,0.0,0.0,False,NONE
834,1491,2826,82.61923176,10.256416188536388,25888.0,248.92307692307693,0.0,0.0,0.0,2.557143274941424,False,True,635,PV+/PNN-,82.61923176,10.256416188536388,0.0,0.0,0.0,False,NONE
835,1494,456,114.39585936,12.068692219586765,11886.0,82.54166666666667,0.0,0.0,0.0,3.721319197865235,False,True,636,PV+/PNN-,114.39585936,12.068692219586765,0.0,0.0,0.0,False,NONE
836,1497,2574,207.34249509,16.247974152264163,56251.0,215.52107279693487,0.0,0.0,0.0,2.9569564501774095,False,True,637,PV+/PNN-,207.34249509,16.247974152264163,0.0,0.0,0.0,False,NONE
837,1495,2644,116.77910643,12.193759728054031,29889.0,203.3265306122449,0.0,0.0,0.0,2.602467215379845,False,True,638,PV+/PNN-,116.77910643,12.193759728054031,0.0,0.0,0.0,False,NONE
838,1499,2669,198.6039225,15.90189824726965,63682.0,254.728,0.0,0.0,0.0,2.610623005455555,False,True,639,PV+/PNN-,198.6039225,15.90189824726965,0.0,0.0,0.0,False,NONE
839,1511,2584,349.5429036,21.096251976241437,107049.0,243.2931818181818,0.0,0.0,0.0,3.144885722251335,False,True,640,PV+/PNN-,349.5429036,21.096251976241437,0.0,0.0,0.0,False,NONE
840,1507,1585,166.8272949,14.574330482319752,5919.0,28.185714285714287,0.0,0.0,0.0,0.7932753722905498,False,True,641,PV+/PNN-,166.8272949,14.574330482319752,0.0,0.0,0.0,False,NONE
841,1511,193,151.73339679,13.899387074616612,12030.0,62.98429319371728,0.0,0.0,0.0,2.69000554718299,False,True,643,PV+/PNN-,151.73339679,13.899387074616612,0.0,0.0,0.0,False,NONE
842,1515,2545,149.35014972,13.789797556005714,18453.0,98.15425531914893,0.0,0.0,0.0,2.235352261977974,False,True,645,PV+/PNN-,149.35014972,13.789797556005714,0.0,0.0,0.0,False,NONE
843,1542,619,148.55573403,13.753073662427433,19377.0,103.62032085561498,0.0,0.0,0.0,3.00809655932243,False,True,650,PV+/PNN-,148.55573403,13.753073662427433,0.0,0.0,0.0,False,NONE
844,1547,85,137.43391437,13.228238528376714,23669.0,136.8150289017341,0.0,0.0,0.0,4.09211570646057,False,True,652,PV+/PNN-,137.43391437,13.228238528376714,0.0,0.0,0.0,False,NONE
845,1548,698,157.29430662000001,14.151796046802042,4190.0,21.161616161616163,0.0,0.0,0.0,1.6378499612548691,False,True,653,PV+/PNN-,157.29430662000001,14.151796046802042,0.0,0.0,0.0,False,NONE
846,1552,51,137.43391437,13.228238528376714,14810.0,85.60693641618496,0.0,0.0,0.0,2.3951039520050608,False,True,654,PV+/PNN-,137.43391437,13.228238528376714,0.0,0.0,0.0,False,NONE
847,1549,2745,108.04053384,11.728660627684029,18461.0,135.74264705882354,0.0,0.0,0.0,2.4681305766729187,False,True,655,PV+/PNN-,108.04053384,11.728660627684029,0.0,0.0,0.0,False,NONE
848,1570,2540,246.2688639,17.707604472499426,23314.0,75.20645161290322,0.0,0.0,0.0,2.3870171950331147,False,True,658,PV+/PNN-,246.2688639,17.707604472499426,0.0,0.0,0.0,False,NONE
849,1581,2639,107.24611815,11.68546099424064,15822.0,117.2,0.0,0.0,0.0,2.2195724583714993,False,True,661,PV+/PNN-,107.24611815,11.68546099424064,0.0,0.0,0.0,False,NONE
850,1589,140,112.01261229,11.942314996545514,16843.0,119.45390070921985,0.0,0.0,0.0,4.344433390847969,False,True,663,PV+/PNN-,112.01261229,11.942314996545514,0.0,0.0,0.0,False,NONE
851,1595,363,147.76131834,13.716251444643651,11350.0,61.02150537634409,0.0,0.0,0.0,2.6614639280571124,False,True,664,PV+/PNN-,147.76131834,13.716251444643651,0.0,0.0,0.0,False,NONE
852,1596,2859,174.7714518,14.917302830020427,51803.0,235.46818181818182,0.0,0.0,0.0,2.254674233840079,False,True,665,PV+/PNN-,174.7714518,14.917302830020427,0.0,0.0,0.0,False,NONE
853,1597,840,193.04301267,15.677691078926612,4389.0,18.061728395061728,0.0,0.0,0.0,1.7198441563404891,False,True,666,PV+/PNN-,193.04301267,15.677691078926612,0.0,0.0,0.0,False,NONE
854,1605,67,150.9389811,13.862953494062992,26971.0,141.95263157894738,0.0,0.0,0.0,3.610647994954745,False,True,667,PV+/PNN-,150.9389811,13.862953494062992,0.0,0.0,0.0,False,NONE
855,1603,198,117.57352212,12.235164803834003,18150.0,122.63513513513513,0.0,0.0,0.0,3.235450183736241,False,True,668,PV+/PNN-,117.57352212,12.235164803834003,0.0,0.0,0.0,False,NONE
856,1610,7,85.00247883,10.403293586497956,9375.0,87.61682242990655,0.0,0.0,0.0,3.3992608258441708,False,True,670,PV+/PNN-,85.00247883,10.403293586497956,0.0,0.0,0.0,False,NONE
857,1618,2594,212.90340492,16.464417218744998,16895.0,63.041044776119406,0.0,0.0,0.0,2.6260665936885643,False,True,672,PV+/PNN-,212.90340492,16.464417218744998,0.0,0.0,0.0,False,NONE
858,1623,536,235.94145993,17.332339629300563,13726.0,46.215488215488215,0.0,0.0,0.0,3.155526646622085,False,True,673,PV+/PNN-,235.94145993,17.332339629300563,0.0,0.0,0.0,False,NONE
859,1621,288,174.7714518,14.917302830020427,24648.0,112.03636363636363,0.0,0.0,0.0,3.0232102804150855,False,True,674,PV+/PNN-,174.7714518,14.917302830020427,0.0,0.0,0.0,False,NONE
860,1627,2789,39.7207845,7.111545090435939,4493.0,89.86,0.0,0.0,0.0,3.0512050642422164,False,True,675,PV+/PNN-,39.7207845,7.111545090435939,0.0,0.0,0.0,False,NONE
861,1634,2699,187.48210284,15.45023065413564,38363.0,162.5550847457627,0.0,0.0,0.0,4.032347483163466,False,True,676,PV+/PNN-,187.48210284,15.45023065413564,0.0,0.0,0.0,False,NONE
862,1635,673,234.35262855,17.273883005349163,6371.0,21.596610169491527,0.0,0.0,0.0,1.8705309074973033,False,True,677,PV+/PNN-,234.35262855,17.273883005349163,0.0,0.0,0.0,False,NONE
863,1643,1156,54.02026692,8.293415464071046,1054.0,15.5,0.0,0.0,0.0,1.1608269922927525,False,True,679,PV+/PNN-,54.02026692,8.293415464071046,0.0,0.0,0.0,False,NONE
864,1655,2862,114.39585936,12.068692219586765,20835.0,144.6875,0.0,0.0,0.0,2.439954176667215,False,True,682,PV+/PNN-,114.39585936,12.068692219586765,0.0,0.0,0.0,False,NONE
865,1656,237,83.41364745,10.305607915302103,7578.0,72.17142857142858,0.0,0.0,0.0,2.4094701890798165,False,True,683,PV+/PNN-,83.41364745,10.305607915302103,0.0,0.0,0.0,False,NONE
866,1659,460,153.32222817,13.97196922387648,9806.0,50.80829015544042,0.0,0.0,0.0,2.3787140801732707,False,True,684,PV+/PNN-,153.32222817,13.97196922387648,0.0,0.0,0.0,False,NONE
867,1668,924,162.85521645,14.3997813056499,5915.0,28.853658536585368,0.0,0.0,0.0,1.4487130390746372,False,True,685,PV+/PNN-,162.85521645,14.3997813056499,0.0,0.0,0.0,False,NONE
868,1663,2291,46.07611002,7.659368469073156,1887.0,32.53448275862069,0.0,0.0,0.0,0.5667128838692346,False,True,686,PV+/PNN-,46.07611002,7.659368469073156,0.0,0.0,0.0,False,NONE
869,1667,2506,59.58117675,8.70982837718145,2064.0,27.52,0.0,0.0,0.0,0.8090064932756837,False,True,687,PV+/PNN-,59.58117675,8.70982837718145,0.0,0.0,0.0,False,NONE
870,1678,200,135.84508299,13.151552441468574,6306.0,36.87719298245614,0.0,0.0,0.0,3.0619032805235635,False,True,688,PV+/PNN-,135.84508299,13.151552441468574,0.0,0.0,0.0,False,NONE
871,1681,271,174.7714518,14.917302830020427,19013.0,86.42272727272727,0.0,0.0,0.0,3.7249663170520577,False,True,689,PV+/PNN-,174.7714518,14.917302830020427,0.0,0.0,0.0,False,NONE
872,1693,1115,42.89844726,7.390534450171232,1845.0,34.166666666666664,0.0,0.0,0.0,0.6471191170182834,False,True,691,PV+/PNN-,42.89844726,7.390534450171232,0.0,0.0,0.0,False,NONE
873,1696,363,124.72326333,12.60169000650996,8070.0,51.40127388535032,0.0,0.0,0.0,2.5487859995134086,False,True,692,PV+/PNN-,124.72326333,12.60169000650996,0.0,0.0,0.0,False,NONE
874,1703,261,177.94911456,15.052303797372671,11205.0,50.02232142857143,0.0,0.0,0.0,2.1536418459233353,False,True,693,PV+/PNN-,177.94911456,15.052303797372671,0.0,0.0,0.0,False,NONE
875,1703,401,174.7714518,14.917302830020427,6110.0,27.772727272727273,0.0,0.0,0.0,2.2663701677840287,False,True,694,PV+/PNN-,174.7714518,14.917302830020427,0.0,0.0,0.0,False,NONE
876,1714,307,201.78158526,16.028608603131524,9296.0,36.59842519685039,0.0,0.0,0.0,2.2669078777265876,False,True,696,PV+/PNN-,201.78158526,16.028608603131524,0.0,0.0,0.0,False,NONE
877,1730,697,115.19027505,12.11052490037406,2390.0,16.482758620689655,0.0,0.0,0.0,1.774555494944068,False,True,697,PV+/PNN-,115.19027505,12.11052490037406,0.0,0.0,0.0,False,NONE
878,1746,280,215.28665199,16.556312354123577,18082.0,66.72324723247233,0.0,0.0,0.0,2.5228746264955024,False,True,698,PV+/PNN-,215.28665199,16.556312354123577,0.0,0.0,0.0,False,NONE
879,1757,2574,60.37559244,8.767701627645716,1945.0,25.592105263157894,0.0,0.0,0.0,0.444505061689831,False,True,702,PV+/PNN-,60.37559244,8.767701627645716,0.0,0.0,0.0,False,NONE
880,1764,216,145.37807127,13.6051868520168,14185.0,77.51366120218579,0.0,0.0,0.0,3.157757846978825,False,True,703,PV+/PNN-,145.37807127,13.6051868520168,0.0,0.0,0.0,False,NONE
881,1772,2563,58.78676106,8.651568001725998,2239.0,30.256756756756758,0.0,0.0,0.0,0.36566363664344415,False,True,705,PV+/PNN-,58.78676106,8.651568001725998,0.0,0.0,0.0,False,NONE
882,1779,536,239.11912269,17.448665361891926,7525.0,25.0,0.0,0.0,0.0,1.9573360421727406,False,True,706,PV+/PNN-,239.11912269,17.448665361891926,0.0,0.0,0.0,False,NONE
883,1780,424,247.85769528,17.76463394211696,9244.0,29.628205128205128,0.0,0.0,0.0,2.552088580577724,False,True,707,PV+/PNN-,247.85769528,17.76463394211696,0.0,0.0,0.0,False,NONE
884,1775,2656,61.96442382,8.88231697105848,1668.0,21.384615384615383,0.0,0.0,0.0,0.44055651927829775,False,True,708,PV+/PNN-,61.96442382,8.88231697105848,0.0,0.0,0.0,False,NONE
885,1781,2675,64.34767089,9.051519164690074,2195.0,27.098765432098766,0.0,0.0,0.0,0.4765010125312775,False,True,709,PV+/PNN-,64.34767089,9.051519164690074,0.0,0.0,0.0,False,NONE
886,1783,2816,46.07611002,7.659368469073156,1140.0,19.655172413793103,0.0,0.0,0.0,0.5953347466909131,False,True,710,PV+/PNN-,46.07611002,7.659368469073156,0.0,0.0,0.0,False,NONE
887,1794,237,255.00743649,18.01903305786991,22855.0,71.19937694704049,0.0,0.0,0.0,2.7903106322595805,False,True,711,PV+/PNN-,255.00743649,18.01903305786991,0.0,0.0,0.0,False,NONE
888,1787,2710,77.85273762,9.956163126610313,3063.0,31.255102040816325,0.0,0.0,0.0,0.4158639844060004,False,True,713,PV+/PNN-,77.85273762,9.956163126610313,0.0,0.0,0.0,False,NONE
889,1794,2786,48.45935709,7.854958291387057,1768.0,28.983606557377048,0.0,0.0,0.0,0.4000491842911984,False,True,714,PV+/PNN-,48.45935709,7.854958291387057,0.0,0.0,0.0,False,NONE
890,1824,358,189.86534991,15.548121162390995,5070.0,21.213389121338913,0.0,0.0,0.0,1.9879141175511912,False,True,715,PV+/PNN-,189.86534991,15.548121162390995,0.0,0.0,0.0,False,NONE
891,1830,286,238.324707,17.4196567543629,11338.0,37.79333333333334,0.0,0.0,0.0,2.2513289452066485,False,True,716,PV+/PNN-,238.324707,17.4196567543629,0.0,0.0,0.0,False,NONE
892,1827,2843,65.93650227,9.1625849044734,2435.0,29.337349397590362,0.0,0.0,0.0,0.4520185275500747,False,True,717,PV+/PNN-,65.93650227,9.1625849044734,0.0,0.0,0.0,False,NONE
893,1843,345,247.85769528,17.76463394211696,8813.0,28.246794871794872,0.0,0.0,0.0,2.3392593442113965,False,True,718,PV+/PNN-,247.85769528,17.76463394211696,0.0,0.0,0.0,False,NONE
894,1838,2766,95.32988280000001,11.017158280424603,3642.0,30.35,0.0,0.0,0.0,0.4336927764054837,False,True,719,PV+/PNN-,95.32988280000001,11.017158280424603,0.0,0.0,0.0,False,NONE
895,1887,2736,95.32988280000001,11.017158280424603,2879.0,23.991666666666667,0.0,0.0,0.0,0.8065163912101978,False,True,721,PV+/PNN-,95.32988280000001,11.017158280424603,0.0,0.0,0.0,False,NONE
896,1901,2692,48.45935709,7.854958291387057,2497.0,40.9344262295082,0.0,0.0,0.0,0.7497520426681984,False,True,722,PV+/PNN-,48.45935709,7.854958291387057,0.0,0.0,0.0,False,NONE
897,1907,2797,85.79689452,10.451794052617739,3003.0,27.805555555555557,0.0,0.0,0.0,0.7239741190394571,False,True,723,PV+/PNN-,85.79689452,10.451794052617739,0.0,0.0,0.0,False,NONE
898,1913,372,142.20040851,13.455674765407588,2881.0,16.094972067039105,0.0,0.0,0.0,1.7778494076486857,False,True,724,PV+/PNN-,142.20040851,13.455674765407588,0.0,0.0,0.0,False,NONE
899,1923,2570,191.45418129,15.613040531021587,8382.0,34.780082987551864,0.0,0.0,0.0,1.296024076407183,False,True,725,PV+/PNN-,191.45418129,15.613040531021587,0.0,0.0,0.0,False,NONE
900,1925,2490,179.53794594000001,15.119352253034252,7706.0,34.097345132743364,0.0,0.0,0.0,1.1815130301871035,False,True,727,PV+/PNN-,179.53794594000001,15.119352253034252,0.0,0.0,0.0,False,NONE
901,1930,215,131.87300454,12.957851838301272,5000.0,30.120481927710845,0.0,0.0,0.0,2.064084603679987,False,True,728,PV+/PNN-,131.87300454,12.957851838301272,0.0,0.0,0.0,False,NONE
902,1927,2820,76.26390624,9.854045933561641,3369.0,35.09375,0.0,0.0,0.0,0.859431060101776,False,True,729,PV+/PNN-,76.26390624,9.854045933561641,0.0,0.0,0.0,False,NONE
903,1930,2845,53.22585123,8.232208609372499,2733.0,40.791044776119406,0.0,0.0,0.0,0.7011929199328825,False,True,730,PV+/PNN-,53.22585123,8.232208609372499,0.0,0.0,0.0,False,NONE
904,1933,801,54.02026692,8.293415464071046,1687.0,24.808823529411764,0.0,0.0,0.0,0.7836497676676627,False,True,731,PV+/PNN-,54.02026692,8.293415464071046,0.0,0.0,0.0,False,NONE
